"soort_id","euring_code","soort_naam","n_getelde_cellen","n_positieve_cellen","n_jaren_geteld","pre_model_gelukt","post_model_gelukt","pre_model","post_model","pre_model_overdispersion","post_model_overdispersion","pre_model_serial_correlation","post_model_serial_correlation","pre_model_aic","post_model_aic","pre_model_fallback_reden","post_model_fallback_reden","pre_fout","post_fout","pre_waarschuwingen","post_waarschuwingen","pre_modelpogingen","post_modelpogingen","pre_positieve_jaren","post_positieve_jaren","pre_actieve_plots","post_actieve_plots","n_actieve_plots","modelselectie_methode","analyse_categorie"
1,70,"Dodaars",1197,825,68,TRUE,TRUE,"model3_overdisp","model3_overdisp",TRUE,TRUE,FALSE,FALSE,NA,NA,"voorkeursmodel_gekozen","voorkeursmodel_gekozen",NA,NA,"Overdispersion 0.4 <1; consider setting overdisp=FALSE",NA,"model3_overdisp:ok:aic=NA || model3_overdisp_serialcor:ok:aic=NA || model3_basis:ok:aic=NA || model2_basis:ok:aic=NA","model3_overdisp:ok:aic=NA || model3_overdisp_serialcor:ok:aic=NA || model3_basis:ok:aic=NA || model2_basis:ok:aic=NA",26,42,20,29,31,"vaste_voorkeurhierarchie_eerste_werkende_model","brugbare_tijdreeks"
2,90,"Fuut",930,731,62,TRUE,TRUE,"model3_overdisp","model3_overdisp",TRUE,TRUE,FALSE,FALSE,NA,NA,"voorkeursmodel_gekozen","voorkeursmodel_gekozen",NA,NA,"Overdispersion 0.7 <1; consider setting overdisp=FALSE","Overdispersion 0.6 <1; consider setting overdisp=FALSE","model3_overdisp:ok:aic=NA || model3_overdisp_serialcor:ok:aic=NA || model3_basis:ok:aic=NA || model2_basis:ok:aic=NA","model3_overdisp:ok:aic=NA || model3_overdisp_serialcor:ok:aic=NA || model3_basis:ok:aic=NA || model2_basis:ok:aic=NA",20,42,16,24,24,"vaste_voorkeurhierarchie_eerste_werkende_model","brugbare_tijdreeks"
4,120,"Geoorde Fuut",684,204,61,TRUE,TRUE,"model2_basis","model2_basis",FALSE,FALSE,FALSE,FALSE,NA,NA,"model3_varianten_mislukt_fallback_naar_model2","model3_varianten_mislukt_fallback_naar_model2",NA,NA,NA,NA,"model3_overdisp:fout:system is computationally singular: reciprocal condition number = 8.74322e-18 || model3_overdisp_serialcor:fout:system is computationally singular: reciprocal condition number = 8.74322e-18 || model3_basis:fout:system is computationally singular: reciprocal condition number = 8.74322e-18 || model2_basis:ok:aic=NA","model3_overdisp:fout:Found zero or less counts for year 35, 36, 38, 40, 41 || model3_overdisp_serialcor:fout:Found zero or less counts for year 35, 36, 38, 40, 41 || model3_basis:fout:Found zero or less counts for year 35, 36, 38, 40, 41 || model2_basis:ok:aic=NA",19,37,11,17,18,"vaste_voorkeurhierarchie_eerste_werkende_model","brugbare_tijdreeks"
5,720,"Aalscholver",792,118,42,FALSE,TRUE,NA,"model2_basis",FALSE,FALSE,FALSE,FALSE,NA,NA,"geen_model","model3_varianten_mislukt_fallback_naar_model2","te_weinig_data_pre",NA,NA,NA,NA,"model3_overdisp:fout:Found zero or less counts for year 2, 7, 8, 9, 14, 15 || model3_overdisp_serialcor:fout:Found zero or less counts for year 2, 7, 8, 9, 14, 15 || model3_basis:fout:Found zero or less counts for year 2, 7, 8, 9, 14, 15 || model2_basis:ok:aic=NA",0,32,0,13,13,"vaste_voorkeurhierarchie_eerste_werkende_model","alleen_post_bruikbaar"
7,950,"Roerdomp",764,104,43,FALSE,TRUE,NA,"model2_basis",FALSE,FALSE,FALSE,FALSE,NA,NA,"geen_model","model3_varianten_mislukt_fallback_naar_model2","te_weinig_data_pre",NA,NA,NA,NA,"model3_overdisp:fout:Found zero or less counts for year 3, 4, 7, 8, 9, 10, 11, 12, 14, 15, 16, 17, 18, 19, 20, 21, 22 || model3_overdisp_serialcor:fout:Found zero or less counts for year 3, 4, 7, 8, 9, 10, 11, 12, 14, 15, 16, 17, 18, 19, 20, 21, 22 || model3_basis:fout:Found zero or less counts for year 3, 4, 7, 8, 9, 10, 11, 12, 14, 15, 16, 17, 18, 19, 20, 21, 22 || model2_basis:ok:aic=NA",1,25,2,15,16,"vaste_voorkeurhierarchie_eerste_werkende_model","alleen_post_bruikbaar"
8,980,"Woudaap",202,7,42,FALSE,TRUE,NA,"model2_basis",FALSE,FALSE,FALSE,FALSE,NA,NA,"geen_model","model3_varianten_mislukt_fallback_naar_model2","te_weinig_data_pre",NA,NA,"Data ends with 1 years without positive observations.",NA,"model3_overdisp:fout:Found zero or less counts for year 2, 3, 4, 5, 6, 7, 8, 9, 10, 11, 12, 13, 14, 15, 17, 20, 21, 22, 24, 26, 27, 28, 29, 30, 31, 32, 33, 35 || model3_overdisp_serialcor:fout:Found zero or less counts for year 2, 3, 4, 5, 6, 7, 8, 9, 10, 11, 12, 13, 14, 15, 17, 20, 21, 22, 24, 26, 27, 28, 29, 30, 31, 32, 33, 35 || model3_basis:fout:Found zero or less counts for year 2, 3, 4, 5, 6, 7, 8, 9, 10, 11, 12, 13, 14, 15, 17, 20, 21, 22, 24, 26, 27, 28, 29, 30, 31, 32, 33, 35 || model2_basis:ok:aic=NA",0,7,0,6,6,"vaste_voorkeurhierarchie_eerste_werkende_model","alleen_post_bruikbaar"
11,1220,"Blauwe Reiger",1012,11,43,FALSE,TRUE,NA,"model2_basis",FALSE,FALSE,FALSE,FALSE,NA,NA,"geen_model","model3_varianten_mislukt_fallback_naar_model2","te_weinig_data_pre",NA,NA,"Data ends with 15 years without positive observations.",NA,"model3_overdisp:fout:Found zero or less counts for year 9, 10, 11, 12, 13, 14, 16, 17, 18, 19, 20, 22, 23, 24, 25, 26, 27, 28, 29, 30, 31, 32, 33, 34, 35, 36 || model3_overdisp_serialcor:fout:Found zero or less counts for year 9, 10, 11, 12, 13, 14, 16, 17, 18, 19, 20, 22, 23, 24, 25, 26, 27, 28, 29, 30, 31, 32, 33, 34, 35, 36 || model3_basis:fout:Found zero or less counts for year 9, 10, 11, 12, 13, 14, 16, 17, 18, 19, 20, 22, 23, 24, 25, 26, 27, 28, 29, 30, 31, 32, 33, 34, 35, 36 || model2_basis:ok:aic=NA",1,10,1,3,4,"vaste_voorkeurhierarchie_eerste_werkende_model","alleen_post_bruikbaar"
17,1520,"Knobbelzwaan",943,424,50,TRUE,TRUE,"model3_basis","model3_overdisp",FALSE,TRUE,FALSE,FALSE,NA,NA,"overdisp_varianten_mislukt_fallback_naar_basis","voorkeursmodel_gekozen",NA,NA,NA,"Overdispersion 0.7 <1; consider setting overdisp=FALSE","model3_overdisp:fout:Overdispersion apparently 0; consider setting overdisp=FALSE || model3_overdisp_serialcor:fout:Overdispersion apparently 0; consider setting overdisp=FALSE || model3_basis:ok:aic=NA || model2_basis:ok:aic=NA","model3_overdisp:ok:aic=NA || model3_overdisp_serialcor:ok:aic=NA || model3_basis:ok:aic=NA || model2_basis:ok:aic=NA",8,42,8,25,26,"vaste_voorkeurhierarchie_eerste_werkende_model","brugbare_tijdreeks"
21,1610,"Grauwe Gans",1057,449,42,FALSE,TRUE,NA,"model3_overdisp",FALSE,TRUE,FALSE,FALSE,NA,NA,"geen_model","voorkeursmodel_gekozen","te_weinig_data_pre",NA,NA,NA,NA,"model3_overdisp:ok:aic=NA || model3_overdisp_serialcor:ok:aic=NA || model3_basis:ok:aic=NA || model2_basis:ok:aic=NA",0,30,0,31,31,"vaste_voorkeurhierarchie_eerste_werkende_model","alleen_post_bruikbaar"
22,1619,"Soepgans",298,11,42,FALSE,TRUE,NA,"model2_basis",FALSE,FALSE,FALSE,FALSE,NA,NA,"geen_model","model3_varianten_mislukt_fallback_naar_model2","te_weinig_data_pre",NA,NA,"Data ends with 5 years without positive observations.",NA,"model3_overdisp:fout:Found zero or less counts for year 4, 5, 6, 7, 9, 10, 11, 12, 16, 18, 19, 20, 21, 22 || model3_overdisp_serialcor:fout:Found zero or less counts for year 4, 5, 6, 7, 9, 10, 11, 12, 16, 18, 19, 20, 21, 22 || model3_basis:fout:Found zero or less counts for year 4, 5, 6, 7, 9, 10, 11, 12, 16, 18, 19, 20, 21, 22 || model2_basis:ok:aic=NA",0,8,0,8,8,"vaste_voorkeurhierarchie_eerste_werkende_model","alleen_post_bruikbaar"
25,1661,"Grote Canadese Gans",925,285,42,FALSE,TRUE,NA,"model3_overdisp",FALSE,TRUE,FALSE,FALSE,NA,NA,"geen_model","voorkeursmodel_gekozen","te_weinig_data_pre",NA,NA,"Overdispersion 0.6 <1; consider setting overdisp=FALSE",NA,"model3_overdisp:ok:aic=NA || model3_overdisp_serialcor:ok:aic=NA || model3_basis:ok:aic=NA || model2_basis:ok:aic=NA",0,27,0,27,27,"vaste_voorkeurhierarchie_eerste_werkende_model","alleen_post_bruikbaar"
27,1700,"Nijlgans",1195,414,49,TRUE,TRUE,"model3_overdisp","model3_overdisp",TRUE,TRUE,FALSE,FALSE,NA,NA,"voorkeursmodel_gekozen","voorkeursmodel_gekozen",NA,NA,"Overdispersion 0.3 <1; consider setting overdisp=FALSE","Overdispersion 0.7 <1; consider setting overdisp=FALSE","model3_overdisp:ok:aic=NA || model3_overdisp_serialcor:ok:aic=NA || model3_basis:ok:aic=NA || model2_basis:ok:aic=NA","model3_overdisp:ok:aic=NA || model3_overdisp_serialcor:ok:aic=NA || model3_basis:ok:aic=NA || model2_basis:ok:aic=NA",7,42,14,32,33,"vaste_voorkeurhierarchie_eerste_werkende_model","brugbare_tijdreeks"
28,1710,"Casarca",23,4,23,FALSE,FALSE,NA,NA,FALSE,FALSE,FALSE,FALSE,NA,NA,"geen_model","geen_model","te_weinig_data_pre","te_weinig_data_post",NA,NA,NA,NA,0,4,0,1,1,"vaste_voorkeurhierarchie_eerste_werkende_model","lokaal_incidenteel"
29,1730,"Bergeend",1230,432,68,TRUE,TRUE,"model3_overdisp","model2_basis",TRUE,FALSE,FALSE,FALSE,NA,NA,"voorkeursmodel_gekozen","model3_varianten_mislukt_fallback_naar_model2",NA,NA,"Overdispersion 0.4 <1; consider setting overdisp=FALSE","Data ends with 1 years without positive observations.","model3_overdisp:ok:aic=NA || model3_overdisp_serialcor:ok:aic=NA || model3_basis:ok:aic=NA || model2_basis:ok:aic=NA","model3_overdisp:fout:Found zero or less counts for year 19, 21, 22, 23, 24, 25, 30, 31, 32, 33, 39, 40, 42 || model3_overdisp_serialcor:fout:Found zero or less counts for year 19, 21, 22, 23, 24, 25, 30, 31, 32, 33, 39, 40, 42 || model3_basis:fout:Found zero or less counts for year 19, 21, 22, 23, 24, 25, 30, 31, 32, 33, 39, 40, 42 || model2_basis:ok:aic=NA",26,29,26,27,34,"vaste_voorkeurhierarchie_eerste_werkende_model","brugbare_tijdreeks"
30,1750,"Muskuseend",22,1,22,FALSE,FALSE,NA,NA,FALSE,FALSE,FALSE,FALSE,NA,NA,"geen_model","geen_model","te_weinig_data_pre","te_weinig_data_post",NA,NA,NA,NA,0,1,0,1,1,"vaste_voorkeurhierarchie_eerste_werkende_model","te_zeldzaam"
34,1820,"Krakeend",1157,807,56,TRUE,TRUE,"model3_overdisp","model3_overdisp",TRUE,TRUE,FALSE,FALSE,NA,NA,"voorkeursmodel_gekozen","voorkeursmodel_gekozen",NA,NA,"Overdispersion 0.9 <1; consider setting overdisp=FALSE",NA,"model3_overdisp:ok:aic=NA || model3_overdisp_serialcor:ok:aic=NA || model3_basis:ok:aic=NA || model2_basis:ok:aic=NA","model3_overdisp:ok:aic=NA || model3_overdisp_serialcor:ok:aic=NA || model3_basis:ok:aic=NA || model2_basis:ok:aic=NA",14,42,26,29,33,"vaste_voorkeurhierarchie_eerste_werkende_model","brugbare_tijdreeks"
35,1840,"Wintertaling",950,206,68,TRUE,TRUE,"model3_overdisp","model2_basis",TRUE,FALSE,FALSE,FALSE,NA,NA,"voorkeursmodel_gekozen","model3_varianten_mislukt_fallback_naar_model2",NA,NA,"Overdispersion 0.5 <1; consider setting overdisp=FALSE",NA,"model3_overdisp:ok:aic=NA || model3_overdisp_serialcor:ok:aic=NA || model3_basis:ok:aic=NA || model2_basis:ok:aic=NA","model3_overdisp:fout:Found zero or less counts for year 2, 3, 4, 5, 6, 11, 17, 18, 19, 21, 23, 26, 28, 29, 32, 33, 34, 35, 36, 37, 39, 41 || model3_overdisp_serialcor:fout:Found zero or less counts for year 2, 3, 4, 5, 6, 11, 17, 18, 19, 21, 23, 26, 28, 29, 32, 33, 34, 35, 36, 37, 39, 41 || model3_basis:fout:Found zero or less counts for year 2, 3, 4, 5, 6, 11, 17, 18, 19, 21, 23, 26, 28, 29, 32, 33, 34, 35, 36, 37, 39, 41 || model2_basis:ok:aic=NA",26,20,20,9,22,"vaste_voorkeurhierarchie_eerste_werkende_model","brugbare_tijdreeks"
36,1860,"Wilde Eend",1613,1293,68,TRUE,TRUE,"model3_overdisp","model3_overdisp",TRUE,TRUE,FALSE,FALSE,NA,NA,"voorkeursmodel_gekozen","voorkeursmodel_gekozen",NA,NA,NA,NA,"model3_overdisp:ok:aic=NA || model3_overdisp_serialcor:ok:aic=NA || model3_basis:ok:aic=NA || model2_basis:ok:aic=NA","model3_overdisp:ok:aic=NA || model3_overdisp_serialcor:ok:aic=NA || model3_basis:ok:aic=NA || model2_basis:ok:aic=NA",26,42,40,36,46,"vaste_voorkeurhierarchie_eerste_werkende_model","brugbare_tijdreeks"
37,1869,"Soepeend",899,109,42,FALSE,TRUE,NA,"model3_overdisp",FALSE,TRUE,FALSE,FALSE,NA,NA,"geen_model","voorkeursmodel_gekozen","te_weinig_data_pre",NA,NA,NA,NA,"model3_overdisp:ok:aic=NA || model3_overdisp_serialcor:ok:aic=NA || model3_basis:ok:aic=NA || model2_basis:ok:aic=NA",0,33,0,21,21,"vaste_voorkeurhierarchie_eerste_werkende_model","alleen_post_bruikbaar"
38,1890,"Pijlstaart",295,1,42,FALSE,FALSE,NA,NA,FALSE,FALSE,FALSE,FALSE,NA,NA,"geen_model","geen_model","te_weinig_data_pre","te_weinig_data_post",NA,NA,NA,NA,0,1,0,1,1,"vaste_voorkeurhierarchie_eerste_werkende_model","te_zeldzaam"
39,1910,"Zomertaling",488,38,55,TRUE,TRUE,"model3_overdisp","model2_basis",TRUE,FALSE,FALSE,FALSE,NA,NA,"voorkeursmodel_gekozen","model3_varianten_mislukt_fallback_naar_model2",NA,NA,"Overdispersion 0.0 <1; consider setting overdisp=FALSE","Data ends with 13 years without positive observations.","model3_overdisp:ok:aic=NA || model3_overdisp_serialcor:ok:aic=NA || model3_basis:ok:aic=NA || model2_basis:ok:aic=NA","model3_overdisp:fout:Found zero or less counts for year 2, 4, 5, 6, 7, 8, 10, 11, 12, 13, 14, 15, 17, 18, 19, 20, 21, 23, 24, 26, 27, 28, 29, 30, 31, 32, 33, 34, 35, 36, 37, 38 || model3_overdisp_serialcor:fout:Found zero or less counts for year 2, 4, 5, 6, 7, 8, 10, 11, 12, 13, 14, 15, 17, 18, 19, 20, 21, 23, 24, 26, 27, 28, 29, 30, 31, 32, 33, 34, 35, 36, 37, 38 || model3_basis:fout:Found zero or less counts for year 2, 4, 5, 6, 7, 8, 10, 11, 12, 13, 14, 15, 17, 18, 19, 20, 21, 23, 24, 26, 27, 28, 29, 30, 31, 32, 33, 34, 35, 36, 37, 38 || model2_basis:ok:aic=NA",13,6,9,4,10,"vaste_voorkeurhierarchie_eerste_werkende_model","brugbare_tijdreeks"
40,1940,"Slobeend",1088,467,68,TRUE,TRUE,"model3_overdisp","model2_basis",TRUE,FALSE,FALSE,FALSE,NA,NA,"voorkeursmodel_gekozen","model3_varianten_mislukt_fallback_naar_model2",NA,NA,NA,"Data ends with 1 years without positive observations.","model3_overdisp:ok:aic=NA || model3_overdisp_serialcor:ok:aic=NA || model3_basis:ok:aic=NA || model2_basis:ok:aic=NA","model3_overdisp:fout:Found zero or less counts for year 22, 23, 24, 28, 42 || model3_overdisp_serialcor:fout:Found zero or less counts for year 22, 23, 24, 28, 42 || model3_basis:fout:Found zero or less counts for year 22, 23, 24, 28, 42 || model2_basis:ok:aic=NA",26,37,27,20,29,"vaste_voorkeurhierarchie_eerste_werkende_model","brugbare_tijdreeks"
41,1960,"Krooneend",820,297,42,FALSE,TRUE,NA,"model2_basis",FALSE,FALSE,FALSE,FALSE,NA,NA,"geen_model","model3_varianten_mislukt_fallback_naar_model2","te_weinig_data_pre",NA,NA,NA,NA,"model3_overdisp:fout:Found zero or less counts for year 2, 4, 5, 6, 7, 8, 9, 10, 11, 14, 18 || model3_overdisp_serialcor:fout:Found zero or less counts for year 2, 4, 5, 6, 7, 8, 9, 10, 11, 14, 18 || model3_basis:fout:Found zero or less counts for year 2, 4, 5, 6, 7, 8, 9, 10, 11, 14, 18 || model2_basis:ok:aic=NA",0,28,0,24,24,"vaste_voorkeurhierarchie_eerste_werkende_model","alleen_post_bruikbaar"
42,1980,"Tafeleend",1223,867,67,TRUE,TRUE,"model3_overdisp","model3_overdisp",TRUE,TRUE,FALSE,FALSE,NA,NA,"voorkeursmodel_gekozen","voorkeursmodel_gekozen",NA,NA,NA,NA,"model3_overdisp:ok:aic=NA || model3_overdisp_serialcor:ok:aic=NA || model3_basis:ok:aic=NA || model2_basis:ok:aic=NA","model3_overdisp:ok:aic=NA || model3_overdisp_serialcor:ok:aic=NA || model3_basis:ok:aic=NA || model2_basis:ok:aic=NA",25,42,22,27,28,"vaste_voorkeurhierarchie_eerste_werkende_model","brugbare_tijdreeks"
44,2030,"Kuifeend",1291,1021,68,TRUE,TRUE,"model3_overdisp","model3_overdisp",TRUE,TRUE,FALSE,FALSE,NA,NA,"voorkeursmodel_gekozen","voorkeursmodel_gekozen",NA,NA,NA,NA,"model3_overdisp:ok:aic=NA || model3_overdisp_serialcor:ok:aic=NA || model3_basis:ok:aic=NA || model2_basis:ok:aic=NA","model3_overdisp:ok:aic=NA || model3_overdisp_serialcor:ok:aic=NA || model3_basis:ok:aic=NA || model2_basis:ok:aic=NA",26,42,27,28,30,"vaste_voorkeurhierarchie_eerste_werkende_model","brugbare_tijdreeks"
53,2310,"Wespendief",219,4,42,FALSE,FALSE,NA,NA,FALSE,FALSE,FALSE,FALSE,NA,NA,"geen_model","geen_model","te_weinig_data_pre","Years don't have a constant interval",NA,NA,NA,"model3_overdisp:fout:Found zero or less counts for year 3, 5, 6, 7, 8, 9, 10, 11, 12, 13, 14, 15, 16, 17, 18, 20 || model3_overdisp_serialcor:fout:Found zero or less counts for year 3, 5, 6, 7, 8, 9, 10, 11, 12, 13, 14, 15, 16, 17, 18, 20 || model3_basis:fout:Found zero or less counts for year 3, 5, 6, 7, 8, 9, 10, 11, 12, 13, 14, 15, 16, 17, 18, 20 || model2_basis:fout:Years don't have a constant interval",0,4,0,2,2,"vaste_voorkeurhierarchie_eerste_werkende_model","te_weinig_data"
57,2600,"Bruine Kiekendief",317,4,43,FALSE,FALSE,NA,NA,FALSE,FALSE,FALSE,FALSE,NA,NA,"geen_model","geen_model","te_weinig_data_pre","te_weinig_data_post",NA,NA,NA,NA,1,2,1,2,3,"vaste_voorkeurhierarchie_eerste_werkende_model","te_zeldzaam"
60,2670,"Havik",1201,128,42,FALSE,TRUE,NA,"model3_overdisp",FALSE,TRUE,FALSE,FALSE,NA,NA,"geen_model","voorkeursmodel_gekozen","te_weinig_data_pre",NA,NA,"Overdispersion 0.8 <1; consider setting overdisp=FALSE",NA,"model3_overdisp:ok:aic=NA || model3_overdisp_serialcor:ok:aic=NA || model3_basis:ok:aic=NA || model2_basis:ok:aic=NA",0,33,0,22,22,"vaste_voorkeurhierarchie_eerste_werkende_model","alleen_post_bruikbaar"
61,2690,"Sperwer",1043,51,42,FALSE,TRUE,NA,"model2_basis",FALSE,FALSE,FALSE,FALSE,NA,NA,"geen_model","model3_varianten_mislukt_fallback_naar_model2","te_weinig_data_pre",NA,NA,NA,NA,"model3_overdisp:fout:Found zero or less counts for year 2, 3, 4, 5, 7, 9, 28 || model3_overdisp_serialcor:fout:Found zero or less counts for year 2, 3, 4, 5, 7, 9, 28 || model3_basis:fout:Found zero or less counts for year 2, 3, 4, 5, 7, 9, 28 || model2_basis:ok:aic=NA",0,33,0,18,18,"vaste_voorkeurhierarchie_eerste_werkende_model","alleen_post_bruikbaar"
62,2870,"Buizerd",1412,361,42,FALSE,TRUE,NA,"model2_basis",FALSE,FALSE,FALSE,FALSE,NA,NA,"geen_model","model3_varianten_mislukt_fallback_naar_model2","te_weinig_data_pre",NA,NA,NA,NA,"model3_overdisp:fout:Found zero or less counts for year 3, 4, 5, 6, 7 || model3_overdisp_serialcor:fout:Found zero or less counts for year 3, 4, 5, 6, 7 || model3_basis:fout:Found zero or less counts for year 3, 4, 5, 6, 7 || model2_basis:ok:aic=NA",0,36,0,43,43,"vaste_voorkeurhierarchie_eerste_werkende_model","alleen_post_bruikbaar"
64,3040,"Torenvalk",1334,144,56,TRUE,TRUE,"model3_overdisp","model2_basis",TRUE,FALSE,FALSE,FALSE,NA,NA,"voorkeursmodel_gekozen","model3_varianten_mislukt_fallback_naar_model2",NA,NA,"Overdispersion 0.0 <1; consider setting overdisp=FALSE","Data ends with 1 years without positive observations.","model3_overdisp:ok:aic=NA || model3_overdisp_serialcor:ok:aic=NA || model3_basis:ok:aic=NA || model2_basis:ok:aic=NA","model3_overdisp:fout:Found zero or less counts for year 24, 25, 26, 27, 28, 29, 30, 31, 32, 33, 35, 40, 42 || model3_overdisp_serialcor:fout:Found zero or less counts for year 24, 25, 26, 27, 28, 29, 30, 31, 32, 33, 35, 40, 42 || model3_basis:fout:Found zero or less counts for year 24, 25, 26, 27, 28, 29, 30, 31, 32, 33, 35, 40, 42 || model2_basis:ok:aic=NA",14,29,16,27,30,"vaste_voorkeurhierarchie_eerste_werkende_model","brugbare_tijdreeks"
66,3100,"Boomvalk",993,96,54,TRUE,TRUE,"model2_basis","model2_basis",FALSE,FALSE,FALSE,FALSE,NA,NA,"model3_varianten_mislukt_fallback_naar_model2","model3_varianten_mislukt_fallback_naar_model2",NA,NA,NA,NA,"model3_overdisp:fout:Lapack routine dgesv: system is exactly singular: U[1,1] = 0 || model3_overdisp_serialcor:fout:Lapack routine dgesv: system is exactly singular: U[1,1] = 0 || model3_basis:fout:Lapack routine dgesv: system is exactly singular: U[1,1] = 0 || model2_basis:ok:aic=NA","model3_overdisp:fout:Found zero or less counts for year 25, 26, 27, 28, 29, 30, 31, 34, 35, 36, 37, 38, 39, 40 || model3_overdisp_serialcor:fout:Found zero or less counts for year 25, 26, 27, 28, 29, 30, 31, 34, 35, 36, 37, 38, 39, 40 || model3_basis:fout:Found zero or less counts for year 25, 26, 27, 28, 29, 30, 31, 34, 35, 36, 37, 38, 39, 40 || model2_basis:ok:aic=NA",12,27,7,20,22,"vaste_voorkeurhierarchie_eerste_werkende_model","brugbare_tijdreeks"
67,3200,"Slechtvalk",250,8,42,FALSE,TRUE,NA,"model3_basis",FALSE,FALSE,FALSE,FALSE,NA,NA,"geen_model","overdisp_varianten_mislukt_fallback_naar_basis","te_weinig_data_pre",NA,NA,NA,NA,"model3_overdisp:fout:Overdispersion apparently 0; consider setting overdisp=FALSE || model3_overdisp_serialcor:fout:Overdispersion apparently 0; consider setting overdisp=FALSE || model3_basis:ok:aic=NA || model2_basis:ok:aic=NA",0,6,0,2,2,"vaste_voorkeurhierarchie_eerste_werkende_model","alleen_post_bruikbaar"
69,3670,"Patrijs",67,19,42,TRUE,FALSE,"model2_basis",NA,FALSE,FALSE,FALSE,FALSE,NA,NA,"model3_varianten_mislukt_fallback_naar_model2","geen_model",NA,"te_weinig_data_post",NA,NA,"model3_overdisp:fout:system is computationally singular: reciprocal condition number = 2.87059e-17 || model3_overdisp_serialcor:fout:system is computationally singular: reciprocal condition number = 2.87059e-17 || model3_basis:fout:system is computationally singular: reciprocal condition number = 2.87059e-17 || model2_basis:ok:aic=NA",NA,11,1,7,1,8,"vaste_voorkeurhierarchie_eerste_werkende_model","alleen_pre_bruikbaar"
70,3700,"Kwartel",245,5,42,FALSE,TRUE,NA,"model2_basis",FALSE,FALSE,FALSE,FALSE,NA,NA,"geen_model","model3_varianten_mislukt_fallback_naar_model2","te_weinig_data_pre",NA,NA,"Data ends with 1 years without positive observations.",NA,"model3_overdisp:fout:Found zero or less counts for year 3, 4, 5, 6, 7, 8, 9, 10, 11, 12, 13, 15, 16, 17, 19 || model3_overdisp_serialcor:fout:Found zero or less counts for year 3, 4, 5, 6, 7, 8, 9, 10, 11, 12, 13, 15, 16, 17, 19 || model3_basis:fout:Found zero or less counts for year 3, 4, 5, 6, 7, 8, 9, 10, 11, 12, 13, 15, 16, 17, 19 || model2_basis:ok:aic=NA",0,4,0,4,4,"vaste_voorkeurhierarchie_eerste_werkende_model","alleen_post_bruikbaar"
71,3940,"Gewone Fazant",1434,564,42,FALSE,TRUE,NA,"model2_basis",FALSE,FALSE,FALSE,FALSE,NA,NA,"geen_model","model3_varianten_mislukt_fallback_naar_model2","te_weinig_data_pre",NA,NA,"Data ends with 4 years without positive observations.",NA,"model3_overdisp:fout:Found zero or less counts for year 30, 31, 32, 34, 36, 37, 39, 40, 41, 42 || model3_overdisp_serialcor:fout:Found zero or less counts for year 30, 31, 32, 34, 36, 37, 39, 40, 41, 42 || model3_basis:fout:Found zero or less counts for year 30, 31, 32, 34, 36, 37, 39, 40, 41, 42 || model2_basis:ok:aic=NA",0,32,0,51,51,"vaste_voorkeurhierarchie_eerste_werkende_model","alleen_post_bruikbaar"
72,4070,"Waterral",948,269,59,TRUE,TRUE,"model3_overdisp","model2_basis",TRUE,FALSE,FALSE,FALSE,NA,NA,"voorkeursmodel_gekozen","model3_varianten_mislukt_fallback_naar_model2",NA,NA,"Overdispersion 0.1 <1; consider setting overdisp=FALSE",NA,"model3_overdisp:ok:aic=NA || model3_overdisp_serialcor:ok:aic=NA || model3_basis:ok:aic=NA || model2_basis:ok:aic=NA","model3_overdisp:fout:Found zero or less counts for year 8 || model3_overdisp_serialcor:fout:Found zero or less counts for year 8 || model3_basis:fout:Found zero or less counts for year 8 || model2_basis:ok:aic=NA",17,41,9,24,24,"vaste_voorkeurhierarchie_eerste_werkende_model","brugbare_tijdreeks"
73,4080,"Porseleinhoen",79,4,42,FALSE,FALSE,NA,NA,FALSE,FALSE,FALSE,FALSE,NA,NA,"geen_model","geen_model","te_weinig_data_pre","te_weinig_data_post",NA,NA,NA,NA,0,4,0,1,1,"vaste_voorkeurhierarchie_eerste_werkende_model","lokaal_incidenteel"
76,4210,"Kwartelkoning",37,1,37,FALSE,FALSE,NA,NA,FALSE,FALSE,FALSE,FALSE,NA,NA,"geen_model","geen_model","te_weinig_data_pre","te_weinig_data_post",NA,NA,NA,NA,0,1,0,1,1,"vaste_voorkeurhierarchie_eerste_werkende_model","te_zeldzaam"
77,4240,"Waterhoen",1342,782,68,TRUE,TRUE,"model3_overdisp","model3_overdisp",TRUE,TRUE,FALSE,FALSE,NA,NA,"voorkeursmodel_gekozen","voorkeursmodel_gekozen",NA,NA,"Overdispersion 0.8 <1; consider setting overdisp=FALSE","Overdispersion 1.0 <1; consider setting overdisp=FALSE","model3_overdisp:ok:aic=NA || model3_overdisp_serialcor:ok:aic=NA || model3_basis:ok:aic=NA || model2_basis:ok:aic=NA","model3_overdisp:ok:aic=NA || model3_overdisp_serialcor:ok:aic=NA || model3_basis:ok:aic=NA || model2_basis:ok:aic=NA",26,42,28,34,39,"vaste_voorkeurhierarchie_eerste_werkende_model","brugbare_tijdreeks"
78,4290,"Meerkoet",1393,1278,68,TRUE,TRUE,"model3_overdisp","model3_overdisp",TRUE,TRUE,FALSE,FALSE,NA,NA,"voorkeursmodel_gekozen","voorkeursmodel_gekozen",NA,NA,NA,NA,"model3_overdisp:ok:aic=NA || model3_overdisp_serialcor:ok:aic=NA || model3_basis:ok:aic=NA || model2_basis:ok:aic=NA","model3_overdisp:ok:aic=NA || model3_overdisp_serialcor:ok:aic=NA || model3_basis:ok:aic=NA || model2_basis:ok:aic=NA",26,42,28,34,37,"vaste_voorkeurhierarchie_eerste_werkende_model","brugbare_tijdreeks"
80,4500,"Scholekster",1225,397,68,TRUE,TRUE,"model3_overdisp","model2_basis",TRUE,FALSE,FALSE,FALSE,NA,NA,"voorkeursmodel_gekozen","model3_varianten_mislukt_fallback_naar_model2",NA,NA,"Overdispersion 0.3 <1; consider setting overdisp=FALSE","Data ends with 4 years without positive observations.","model3_overdisp:ok:aic=NA || model3_overdisp_serialcor:ok:aic=NA || model3_basis:ok:aic=NA || model2_basis:ok:aic=NA","model3_overdisp:fout:Found zero or less counts for year 23, 24, 27, 28, 29, 30, 32, 39, 40, 41, 42 || model3_overdisp_serialcor:fout:Found zero or less counts for year 23, 24, 27, 28, 29, 30, 32, 39, 40, 41, 42 || model3_basis:fout:Found zero or less counts for year 23, 24, 27, 28, 29, 30, 32, 39, 40, 41, 42 || model2_basis:ok:aic=NA",26,31,34,32,41,"vaste_voorkeurhierarchie_eerste_werkende_model","brugbare_tijdreeks"
82,4560,"Kluut",66,2,39,FALSE,FALSE,NA,NA,FALSE,FALSE,FALSE,FALSE,NA,NA,"geen_model","geen_model","te_weinig_data_pre","te_weinig_data_post",NA,NA,NA,NA,1,1,1,1,2,"vaste_voorkeurhierarchie_eerste_werkende_model","te_zeldzaam"
84,4690,"Kleine Plevier",638,89,50,TRUE,TRUE,"model2_basis","model2_basis",FALSE,FALSE,FALSE,FALSE,NA,NA,"model3_varianten_mislukt_fallback_naar_model2","model3_varianten_mislukt_fallback_naar_model2",NA,NA,NA,NA,"model3_overdisp:fout:Lapack routine dgesv: system is exactly singular: U[5,5] = 0 || model3_overdisp_serialcor:fout:Lapack routine dgesv: system is exactly singular: U[5,5] = 0 || model3_basis:fout:Lapack routine dgesv: system is exactly singular: U[5,5] = 0 || model2_basis:ok:aic=NA","model3_overdisp:fout:Found zero or less counts for year 7, 9, 11, 12 || model3_overdisp_serialcor:fout:Found zero or less counts for year 7, 9, 11, 12 || model3_basis:fout:Found zero or less counts for year 7, 9, 11, 12 || model2_basis:ok:aic=NA",8,26,5,15,19,"vaste_voorkeurhierarchie_eerste_werkende_model","brugbare_tijdreeks"
85,4700,"Bontbekplevier",139,1,41,FALSE,FALSE,NA,NA,FALSE,FALSE,FALSE,FALSE,NA,NA,"geen_model","geen_model","te_weinig_data_pre","te_weinig_data_post",NA,NA,NA,NA,1,0,1,0,1,"vaste_voorkeurhierarchie_eerste_werkende_model","te_zeldzaam"
88,4930,"Kievit",1182,575,68,TRUE,TRUE,"model3_overdisp","model3_overdisp",TRUE,TRUE,FALSE,FALSE,NA,NA,"voorkeursmodel_gekozen","voorkeursmodel_gekozen",NA,NA,"Overdispersion 1.0 <1; consider setting overdisp=FALSE",NA,"model3_overdisp:ok:aic=NA || model3_overdisp_serialcor:ok:aic=NA || model3_basis:ok:aic=NA || model2_basis:ok:aic=NA","model3_overdisp:ok:aic=NA || model3_overdisp_serialcor:ok:aic=NA || model3_basis:ok:aic=NA || model2_basis:ok:aic=NA",26,42,32,26,36,"vaste_voorkeurhierarchie_eerste_werkende_model","brugbare_tijdreeks"
93,5190,"Watersnip",933,4,42,FALSE,TRUE,NA,"model2_basis",FALSE,FALSE,FALSE,FALSE,NA,NA,"geen_model","model3_varianten_mislukt_fallback_naar_model2","te_weinig_data_pre",NA,NA,NA,NA,"model3_overdisp:fout:Found zero or less counts for year 2, 3, 5, 6, 7, 8, 9, 10, 11, 12, 13, 14, 15 || model3_overdisp_serialcor:fout:Found zero or less counts for year 2, 3, 5, 6, 7, 8, 9, 10, 11, 12, 13, 14, 15 || model3_basis:fout:Found zero or less counts for year 2, 3, 5, 6, 7, 8, 9, 10, 11, 12, 13, 14, 15 || model2_basis:ok:aic=NA",0,3,0,3,3,"vaste_voorkeurhierarchie_eerste_werkende_model","alleen_post_bruikbaar"
94,5290,"Houtsnip",1378,245,59,TRUE,TRUE,"model3_overdisp","model2_basis",TRUE,FALSE,FALSE,FALSE,NA,NA,"voorkeursmodel_gekozen","model3_varianten_mislukt_fallback_naar_model2",NA,NA,"Overdispersion 0.2 <1; consider setting overdisp=FALSE",NA,"model3_overdisp:ok:aic=NA || model3_overdisp_serialcor:ok:aic=NA || model3_basis:ok:aic=NA || model2_basis:ok:aic=NA","model3_overdisp:fout:Found zero or less counts for year 30 || model3_overdisp_serialcor:fout:Found zero or less counts for year 30 || model3_basis:fout:Found zero or less counts for year 30 || model2_basis:ok:aic=NA",17,41,22,31,33,"vaste_voorkeurhierarchie_eerste_werkende_model","brugbare_tijdreeks"
97,5410,"Wulp",1149,389,68,TRUE,TRUE,"model3_overdisp","model2_basis",TRUE,FALSE,FALSE,FALSE,NA,NA,"voorkeursmodel_gekozen","model3_varianten_mislukt_fallback_naar_model2",NA,NA,"Overdispersion 0.4 <1; consider setting overdisp=FALSE","Data ends with 14 years without positive observations.","model3_overdisp:ok:aic=NA || model3_overdisp_serialcor:ok:aic=NA || model3_basis:ok:aic=NA || model2_basis:ok:aic=NA","model3_overdisp:fout:Found zero or less counts for year 16, 17, 18, 19, 20, 21, 22, 23, 24, 25, 26, 27, 29, 30, 31, 32, 33, 34, 35, 36, 37, 38, 39, 40, 41, 42 || model3_overdisp_serialcor:fout:Found zero or less counts for year 16, 17, 18, 19, 20, 21, 22, 23, 24, 25, 26, 27, 29, 30, 31, 32, 33, 34, 35, 36, 37, 38, 39, 40, 41, 42 || model3_basis:fout:Found zero or less counts for year 16, 17, 18, 19, 20, 21, 22, 23, 24, 25, 26, 27, 29, 30, 31, 32, 33, 34, 35, 36, 37, 38, 39, 40, 41, 42 || model2_basis:ok:aic=NA",26,16,28,22,34,"vaste_voorkeurhierarchie_eerste_werkende_model","brugbare_tijdreeks"
98,5460,"Tureluur",508,28,50,TRUE,TRUE,"model2_basis","model2_basis",FALSE,FALSE,FALSE,FALSE,NA,NA,"model3_varianten_mislukt_fallback_naar_model2","model3_varianten_mislukt_fallback_naar_model2",NA,NA,NA,NA,"model3_overdisp:fout:Not enough positive observations (10) to specify 11 parameters (4 alpha + 7 beta) || model3_overdisp_serialcor:fout:Not enough positive observations (10) to specify 11 parameters (4 alpha + 7 beta) || model3_basis:fout:Not enough positive observations (10) to specify 11 parameters (4 alpha + 7 beta) || model2_basis:ok:aic=NA","model3_overdisp:fout:Found zero or less counts for year 8, 9, 10, 11, 12, 15, 19, 20, 21, 22, 24, 26, 28, 29 || model3_overdisp_serialcor:fout:Found zero or less counts for year 8, 9, 10, 11, 12, 15, 19, 20, 21, 22, 24, 26, 28, 29 || model3_basis:fout:Found zero or less counts for year 8, 9, 10, 11, 12, 15, 19, 20, 21, 22, 24, 26, 28, 29 || model2_basis:ok:aic=NA",8,16,4,5,8,"vaste_voorkeurhierarchie_eerste_werkende_model","brugbare_tijdreeks"
102,5560,"Oeverloper",479,2,42,FALSE,FALSE,NA,NA,FALSE,FALSE,FALSE,FALSE,NA,NA,"geen_model","geen_model","te_weinig_data_pre","te_weinig_data_post",NA,NA,NA,NA,0,2,0,1,1,"vaste_voorkeurhierarchie_eerste_werkende_model","te_zeldzaam"
105,5820,"Kokmeeuw",130,17,52,TRUE,FALSE,"model3_overdisp",NA,TRUE,FALSE,FALSE,FALSE,NA,NA,"voorkeursmodel_gekozen","geen_model",NA,"Years don't have a constant interval",NA,NA,"model3_overdisp:ok:aic=NA || model3_overdisp_serialcor:ok:aic=NA || model3_basis:ok:aic=NA || model2_basis:ok:aic=NA","model3_overdisp:fout:Found zero or less counts for year 2, 3, 4, 9, 10, 14, 15, 16, 17, 18, 19, 20, 21, 22, 23, 24, 25, 27, 28, 29, 30, 31, 32, 33, 34, 35, 36, 37, 38, 39, 40, 41, 42 || model3_overdisp_serialcor:fout:Found zero or less counts for year 2, 3, 4, 9, 10, 14, 15, 16, 17, 18, 19, 20, 21, 22, 23, 24, 25, 27, 28, 29, 30, 31, 32, 33, 34, 35, 36, 37, 38, 39, 40, 41, 42 || model3_basis:fout:Found zero or less counts for year 2, 3, 4, 9, 10, 14, 15, 16, 17, 18, 19, 20, 21, 22, 23, 24, 25, 27, 28, 29, 30, 31, 32, 33, 34, 35, 36, 37, 38, 39, 40, 41, 42 || model2_basis:fout:Years don't have a constant interval",10,5,2,2,3,"vaste_voorkeurhierarchie_eerste_werkende_model","alleen_pre_bruikbaar"
106,5900,"Stormmeeuw",619,290,68,TRUE,TRUE,"model3_overdisp","model2_basis",TRUE,FALSE,FALSE,FALSE,NA,NA,"voorkeursmodel_gekozen","model3_varianten_mislukt_fallback_naar_model2",NA,NA,NA,"Data ends with 1 years without positive observations.","model3_overdisp:ok:aic=NA || model3_overdisp_serialcor:ok:aic=NA || model3_basis:ok:aic=NA || model2_basis:ok:aic=NA","model3_overdisp:fout:Found zero or less counts for year 30, 31, 32, 33, 34, 35, 36, 37, 38, 39, 40, 42 || model3_overdisp_serialcor:fout:Found zero or less counts for year 30, 31, 32, 33, 34, 35, 36, 37, 38, 39, 40, 42 || model3_basis:fout:Found zero or less counts for year 30, 31, 32, 33, 34, 35, 36, 37, 38, 39, 40, 42 || model2_basis:ok:aic=NA",26,30,13,17,20,"vaste_voorkeurhierarchie_eerste_werkende_model","brugbare_tijdreeks"
107,5910,"Kleine Mantelmeeuw",708,196,67,TRUE,TRUE,"model3_overdisp","model2_basis",TRUE,FALSE,FALSE,FALSE,NA,NA,"voorkeursmodel_gekozen","model3_varianten_mislukt_fallback_naar_model2",NA,NA,NA,NA,"model3_overdisp:ok:aic=NA || model3_overdisp_serialcor:ok:aic=NA || model3_basis:ok:aic=NA || model2_basis:ok:aic=NA","model3_overdisp:fout:Found zero or less counts for year 9, 12, 13, 14, 15, 16, 17, 18, 19, 20, 21, 22, 23, 24, 25, 26, 27, 28, 29, 30, 31, 32, 33, 35, 37, 38, 41 || model3_overdisp_serialcor:fout:Found zero or less counts for year 9, 12, 13, 14, 15, 16, 17, 18, 19, 20, 21, 22, 23, 24, 25, 26, 27, 28, 29, 30, 31, 32, 33, 35, 37, 38, 41 || model3_basis:fout:Found zero or less counts for year 9, 12, 13, 14, 15, 16, 17, 18, 19, 20, 21, 22, 23, 24, 25, 26, 27, 28, 29, 30, 31, 32, 33, 35, 37, 38, 41 || model2_basis:ok:aic=NA",25,15,15,15,18,"vaste_voorkeurhierarchie_eerste_werkende_model","brugbare_tijdreeks"
108,5920,"Zilvermeeuw",680,217,53,TRUE,TRUE,"model3_overdisp","model2_basis",TRUE,FALSE,FALSE,FALSE,NA,NA,"voorkeursmodel_gekozen","model3_varianten_mislukt_fallback_naar_model2",NA,NA,NA,NA,"model3_overdisp:ok:aic=NA || model3_overdisp_serialcor:ok:aic=NA || model3_basis:ok:aic=NA || model2_basis:ok:aic=NA","model3_overdisp:fout:Found zero or less counts for year 9, 11, 12, 13, 14, 15, 16, 17, 18, 19, 20, 21, 22, 23, 24, 25, 26, 27, 28, 29, 30, 31, 32, 33, 36, 37, 38, 40 || model3_overdisp_serialcor:fout:Found zero or less counts for year 9, 11, 12, 13, 14, 15, 16, 17, 18, 19, 20, 21, 22, 23, 24, 25, 26, 27, 28, 29, 30, 31, 32, 33, 36, 37, 38, 40 || model3_basis:fout:Found zero or less counts for year 9, 11, 12, 13, 14, 15, 16, 17, 18, 19, 20, 21, 22, 23, 24, 25, 26, 27, 28, 29, 30, 31, 32, 33, 36, 37, 38, 40 || model2_basis:ok:aic=NA",11,14,20,19,24,"vaste_voorkeurhierarchie_eerste_werkende_model","brugbare_tijdreeks"
116,6150,"Visdief",477,8,42,FALSE,TRUE,NA,"model2_basis",FALSE,FALSE,FALSE,FALSE,NA,NA,"geen_model","model3_varianten_mislukt_fallback_naar_model2","te_weinig_data_pre",NA,NA,"Data ends with 1 years without positive observations.",NA,"model3_overdisp:fout:Found zero or less counts for year 3, 5, 6, 7, 9, 11, 12, 14, 15, 17, 18, 19, 20, 21, 22, 23, 24, 25, 26, 27, 28, 29, 30, 32 || model3_overdisp_serialcor:fout:Found zero or less counts for year 3, 5, 6, 7, 9, 11, 12, 14, 15, 17, 18, 19, 20, 21, 22, 23, 24, 25, 26, 27, 28, 29, 30, 32 || model3_basis:fout:Found zero or less counts for year 3, 5, 6, 7, 9, 11, 12, 14, 15, 17, 18, 19, 20, 21, 22, 23, 24, 25, 26, 27, 28, 29, 30, 32 || model2_basis:ok:aic=NA",0,8,0,5,5,"vaste_voorkeurhierarchie_eerste_werkende_model","alleen_post_bruikbaar"
122,6680,"Holenduif",1175,230,45,TRUE,TRUE,"model2_basis","model3_overdisp",FALSE,TRUE,FALSE,FALSE,NA,NA,"model3_varianten_mislukt_fallback_naar_model2","voorkeursmodel_gekozen",NA,NA,NA,NA,"model3_overdisp:fout:Not enough positive observations (4) to specify 5 parameters (3 alpha + 2 beta) || model3_overdisp_serialcor:fout:Not enough positive observations (4) to specify 5 parameters (3 alpha + 2 beta) || model3_basis:fout:Not enough positive observations (4) to specify 5 parameters (3 alpha + 2 beta) || model2_basis:ok:aic=NA","model3_overdisp:ok:aic=NA || model3_overdisp_serialcor:ok:aic=NA || model3_basis:ok:aic=NA || model2_basis:ok:aic=NA",3,42,3,40,40,"vaste_voorkeurhierarchie_eerste_werkende_model","brugbare_tijdreeks"
123,6700,"Houtduif",1963,1627,68,TRUE,TRUE,"model3_overdisp","model3_overdisp",TRUE,TRUE,FALSE,FALSE,NA,NA,"voorkeursmodel_gekozen","voorkeursmodel_gekozen",NA,NA,NA,NA,"model3_overdisp:ok:aic=NA || model3_overdisp_serialcor:ok:aic=NA || model3_basis:ok:aic=NA || model2_basis:ok:aic=NA","model3_overdisp:ok:aic=NA || model3_overdisp_serialcor:ok:aic=NA || model3_basis:ok:aic=NA || model2_basis:ok:aic=NA",26,42,43,52,52,"vaste_voorkeurhierarchie_eerste_werkende_model","brugbare_tijdreeks"
124,6840,"Turkse Tortel",834,68,54,TRUE,TRUE,"model2_basis","model2_basis",FALSE,FALSE,FALSE,FALSE,NA,NA,"model3_varianten_mislukt_fallback_naar_model2","model3_varianten_mislukt_fallback_naar_model2",NA,NA,NA,NA,"model3_overdisp:fout:Lapack routine dgesv: system is exactly singular: U[1,1] = 0 || model3_overdisp_serialcor:fout:Lapack routine dgesv: system is exactly singular: U[1,1] = 0 || model3_basis:fout:Lapack routine dgesv: system is exactly singular: U[1,1] = 0 || model2_basis:ok:aic=NA","model3_overdisp:fout:Found zero or less counts for year 2, 5, 6, 9, 10, 13, 15, 22, 23, 29, 32, 33, 34, 41 || model3_overdisp_serialcor:fout:Found zero or less counts for year 2, 5, 6, 9, 10, 13, 15, 22, 23, 29, 32, 33, 34, 41 || model3_basis:fout:Found zero or less counts for year 2, 5, 6, 9, 10, 13, 15, 22, 23, 29, 32, 33, 34, 41 || model2_basis:ok:aic=NA",12,28,10,21,27,"vaste_voorkeurhierarchie_eerste_werkende_model","brugbare_tijdreeks"
125,6870,"Tortelduif",1620,743,68,TRUE,TRUE,"model3_overdisp","model2_basis",TRUE,FALSE,FALSE,FALSE,NA,NA,"voorkeursmodel_gekozen","model3_varianten_mislukt_fallback_naar_model2",NA,NA,"Overdispersion 0.7 <1; consider setting overdisp=FALSE","Data ends with 2 years without positive observations.","model3_overdisp:ok:aic=NA || model3_overdisp_serialcor:ok:aic=NA || model3_basis:ok:aic=NA || model2_basis:ok:aic=NA","model3_overdisp:fout:Found zero or less counts for year 29, 31, 32, 33, 34, 35, 37, 38, 39, 41, 42 || model3_overdisp_serialcor:fout:Found zero or less counts for year 29, 31, 32, 33, 34, 35, 37, 38, 39, 41, 42 || model3_basis:fout:Found zero or less counts for year 29, 31, 32, 33, 34, 35, 37, 38, 39, 41, 42 || model2_basis:ok:aic=NA",26,31,39,43,47,"vaste_voorkeurhierarchie_eerste_werkende_model","brugbare_tijdreeks"
126,7120,"Halsbandparkiet",514,62,42,FALSE,TRUE,NA,"model3_overdisp",FALSE,TRUE,FALSE,FALSE,NA,NA,"geen_model","voorkeursmodel_gekozen","te_weinig_data_pre",NA,NA,NA,NA,"model3_overdisp:ok:aic=NA || model3_overdisp_serialcor:ok:aic=NA || model3_basis:ok:aic=NA || model2_basis:ok:aic=NA",0,27,0,12,12,"vaste_voorkeurhierarchie_eerste_werkende_model","alleen_post_bruikbaar"
127,7240,"Koekoek",1575,1093,62,TRUE,TRUE,"model2_basis","model3_overdisp",FALSE,TRUE,FALSE,FALSE,NA,NA,"model3_varianten_mislukt_fallback_naar_model2","voorkeursmodel_gekozen",NA,NA,NA,"Overdispersion 0.6 <1; consider setting overdisp=FALSE","model3_overdisp:fout:Lapack routine dgesv: system is exactly singular: U[1,1] = 0 || model3_overdisp_serialcor:fout:Lapack routine dgesv: system is exactly singular: U[1,1] = 0 || model3_basis:fout:Lapack routine dgesv: system is exactly singular: U[1,1] = 0 || model2_basis:ok:aic=NA","model3_overdisp:ok:aic=NA || model3_overdisp_serialcor:ok:aic=NA || model3_basis:ok:aic=NA || model2_basis:ok:aic=NA",20,42,31,50,50,"vaste_voorkeurhierarchie_eerste_werkende_model","brugbare_tijdreeks"
128,7350,"Kerkuil",224,8,42,FALSE,TRUE,NA,"model2_basis",FALSE,FALSE,FALSE,FALSE,NA,NA,"geen_model","model3_varianten_mislukt_fallback_naar_model2","te_weinig_data_pre",NA,NA,NA,NA,"model3_overdisp:fout:Found zero or less counts for year 3, 5, 6, 7 || model3_overdisp_serialcor:fout:Found zero or less counts for year 3, 5, 6, 7 || model3_basis:fout:Found zero or less counts for year 3, 5, 6, 7 || model2_basis:ok:aic=NA",0,6,0,4,4,"vaste_voorkeurhierarchie_eerste_werkende_model","alleen_post_bruikbaar"
130,7570,"Steenuil",45,1,37,FALSE,FALSE,NA,NA,FALSE,FALSE,FALSE,FALSE,NA,NA,"geen_model","geen_model","te_weinig_data_pre","te_weinig_data_post",NA,NA,NA,NA,0,1,0,1,1,"vaste_voorkeurhierarchie_eerste_werkende_model","te_zeldzaam"
131,7610,"Bosuil",1053,319,50,TRUE,TRUE,"model3_overdisp","model3_overdisp",TRUE,TRUE,FALSE,FALSE,NA,NA,"voorkeursmodel_gekozen","voorkeursmodel_gekozen",NA,NA,"Overdispersion 0.1 <1; consider setting overdisp=FALSE","Overdispersion 0.8 <1; consider setting overdisp=FALSE","model3_overdisp:ok:aic=NA || model3_overdisp_serialcor:ok:aic=NA || model3_basis:ok:aic=NA || model2_basis:ok:aic=NA","model3_overdisp:ok:aic=NA || model3_overdisp_serialcor:ok:aic=NA || model3_basis:ok:aic=NA || model2_basis:ok:aic=NA",8,42,9,32,32,"vaste_voorkeurhierarchie_eerste_werkende_model","brugbare_tijdreeks"
132,7670,"Ransuil",627,104,64,TRUE,TRUE,"model3_overdisp","model2_basis",TRUE,FALSE,FALSE,FALSE,NA,NA,"voorkeursmodel_gekozen","model3_varianten_mislukt_fallback_naar_model2",NA,NA,"Overdispersion 0.1 <1; consider setting overdisp=FALSE","Data ends with 1 years without positive observations.","model3_overdisp:ok:aic=NA || model3_overdisp_serialcor:ok:aic=NA || model3_basis:ok:aic=NA || model2_basis:ok:aic=NA","model3_overdisp:fout:Found zero or less counts for year 2, 4, 5, 12, 15, 16, 17, 18, 19, 20, 21, 23, 24, 25, 26, 27, 29, 30, 31, 35, 36, 39, 42 || model3_overdisp_serialcor:fout:Found zero or less counts for year 2, 4, 5, 12, 15, 16, 17, 18, 19, 20, 21, 23, 24, 25, 26, 27, 29, 30, 31, 35, 36, 39, 42 || model3_basis:fout:Found zero or less counts for year 2, 4, 5, 12, 15, 16, 17, 18, 19, 20, 21, 23, 24, 25, 26, 27, 29, 30, 31, 35, 36, 39, 42 || model2_basis:ok:aic=NA",22,19,17,17,28,"vaste_voorkeurhierarchie_eerste_werkende_model","brugbare_tijdreeks"
133,7680,"Velduil",185,3,41,FALSE,FALSE,NA,NA,FALSE,FALSE,FALSE,FALSE,NA,NA,"geen_model","geen_model","te_weinig_data_pre","te_weinig_data_post",NA,NA,NA,NA,1,2,1,2,3,"vaste_voorkeurhierarchie_eerste_werkende_model","te_zeldzaam"
135,7780,"Nachtzwaluw",281,11,43,FALSE,TRUE,NA,"model2_basis",FALSE,FALSE,FALSE,FALSE,NA,NA,"geen_model","model3_varianten_mislukt_fallback_naar_model2","te_weinig_data_pre",NA,NA,NA,NA,"model3_overdisp:fout:Found zero or less counts for year 2, 3, 4, 5, 6, 7, 8, 9, 10, 11, 12, 13, 14, 15, 16, 17, 18, 22, 23, 24, 26, 27, 28, 29, 30, 31, 32, 33, 34, 35, 36, 37, 38, 40 || model3_overdisp_serialcor:fout:Found zero or less counts for year 2, 3, 4, 5, 6, 7, 8, 9, 10, 11, 12, 13, 14, 15, 16, 17, 18, 22, 23, 24, 26, 27, 28, 29, 30, 31, 32, 33, 34, 35, 36, 37, 38, 40 || model3_basis:fout:Found zero or less counts for year 2, 3, 4, 5, 6, 7, 8, 9, 10, 11, 12, 13, 14, 15, 16, 17, 18, 22, 23, 24, 26, 27, 28, 29, 30, 31, 32, 33, 34, 35, 36, 37, 38, 40 || model2_basis:ok:aic=NA",1,8,1,7,7,"vaste_voorkeurhierarchie_eerste_werkende_model","alleen_post_bruikbaar"
136,7950,"Gierzwaluw",617,2,42,FALSE,FALSE,NA,NA,FALSE,FALSE,FALSE,FALSE,NA,NA,"geen_model","geen_model","te_weinig_data_pre","te_weinig_data_post",NA,NA,NA,NA,0,2,0,2,2,"vaste_voorkeurhierarchie_eerste_werkende_model","te_zeldzaam"
137,8310,"IJsvogel",893,33,42,FALSE,TRUE,NA,"model2_basis",FALSE,FALSE,FALSE,FALSE,NA,NA,"geen_model","model3_varianten_mislukt_fallback_naar_model2","te_weinig_data_pre",NA,NA,NA,NA,"model3_overdisp:fout:Found zero or less counts for year 5, 6, 7, 16, 17 || model3_overdisp_serialcor:fout:Found zero or less counts for year 5, 6, 7, 16, 17 || model3_basis:fout:Found zero or less counts for year 5, 6, 7, 16, 17 || model2_basis:ok:aic=NA",0,14,0,13,13,"vaste_voorkeurhierarchie_eerste_werkende_model","alleen_post_bruikbaar"
138,8400,"Bijeneter",357,2,42,FALSE,FALSE,NA,NA,FALSE,FALSE,FALSE,FALSE,NA,NA,"geen_model","geen_model","te_weinig_data_pre","te_weinig_data_post",NA,NA,NA,NA,0,1,0,2,2,"vaste_voorkeurhierarchie_eerste_werkende_model","te_zeldzaam"
141,8480,"Draaihals",143,8,45,TRUE,FALSE,"model3_overdisp",NA,TRUE,FALSE,FALSE,FALSE,NA,NA,"voorkeursmodel_gekozen","geen_model",NA,"te_weinig_data_post",NA,NA,"model3_overdisp:ok:aic=NA || model3_overdisp_serialcor:ok:aic=NA || model3_basis:ok:aic=NA || model2_basis:ok:aic=NA",NA,3,2,4,2,5,"vaste_voorkeurhierarchie_eerste_werkende_model","alleen_pre_bruikbaar"
142,8560,"Groene Specht",1396,796,60,TRUE,TRUE,"model3_overdisp","model3_overdisp",TRUE,TRUE,FALSE,FALSE,NA,NA,"voorkeursmodel_gekozen","voorkeursmodel_gekozen",NA,NA,"Overdispersion 0.1 <1; consider setting overdisp=FALSE","Overdispersion 0.6 <1; consider setting overdisp=FALSE","model3_overdisp:ok:aic=NA || model3_overdisp_serialcor:ok:aic=NA || model3_basis:ok:aic=NA || model2_basis:ok:aic=NA","model3_overdisp:ok:aic=NA || model3_overdisp_serialcor:ok:aic=NA || model3_basis:ok:aic=NA || model2_basis:ok:aic=NA",18,42,25,43,44,"vaste_voorkeurhierarchie_eerste_werkende_model","brugbare_tijdreeks"
143,8630,"Zwarte Specht",367,34,43,FALSE,TRUE,NA,"model2_basis",FALSE,FALSE,FALSE,FALSE,NA,NA,"geen_model","model3_varianten_mislukt_fallback_naar_model2","te_weinig_data_pre",NA,NA,"Data ends with 21 years without positive observations.",NA,"model3_overdisp:fout:Found zero or less counts for year 11, 13, 14, 15, 16, 17, 18, 19, 20, 22, 23, 24, 25, 26, 27, 28, 29, 30, 31, 32, 33, 34, 35, 36, 37, 38, 39, 40, 41, 42 || model3_overdisp_serialcor:fout:Found zero or less counts for year 11, 13, 14, 15, 16, 17, 18, 19, 20, 22, 23, 24, 25, 26, 27, 28, 29, 30, 31, 32, 33, 34, 35, 36, 37, 38, 39, 40, 41, 42 || model3_basis:fout:Found zero or less counts for year 11, 13, 14, 15, 16, 17, 18, 19, 20, 22, 23, 24, 25, 26, 27, 28, 29, 30, 31, 32, 33, 34, 35, 36, 37, 38, 39, 40, 41, 42 || model2_basis:ok:aic=NA",1,12,1,11,11,"vaste_voorkeurhierarchie_eerste_werkende_model","alleen_post_bruikbaar"
144,8760,"Grote Bonte Specht",1471,1012,53,TRUE,TRUE,"model3_overdisp","model3_overdisp",TRUE,TRUE,FALSE,FALSE,NA,NA,"voorkeursmodel_gekozen","voorkeursmodel_gekozen",NA,NA,"Overdispersion 0.1 <1; consider setting overdisp=FALSE","Overdispersion 0.6 <1; consider setting overdisp=FALSE","model3_overdisp:ok:aic=NA || model3_overdisp_serialcor:ok:aic=NA || model3_basis:ok:aic=NA || model2_basis:ok:aic=NA","model3_overdisp:ok:aic=NA || model3_overdisp_serialcor:ok:aic=NA || model3_basis:ok:aic=NA || model2_basis:ok:aic=NA",11,42,12,47,47,"vaste_voorkeurhierarchie_eerste_werkende_model","brugbare_tijdreeks"
146,8870,"Kleine Bonte Specht",1132,176,47,TRUE,TRUE,"model2_basis","model2_basis",FALSE,FALSE,FALSE,FALSE,NA,NA,"model3_varianten_mislukt_fallback_naar_model2","model3_varianten_mislukt_fallback_naar_model2",NA,NA,NA,NA,"model3_overdisp:fout:Not enough positive observations (5) to specify 7 parameters (3 alpha + 4 beta) || model3_overdisp_serialcor:fout:Not enough positive observations (5) to specify 7 parameters (3 alpha + 4 beta) || model3_basis:fout:Not enough positive observations (5) to specify 7 parameters (3 alpha + 4 beta) || model2_basis:ok:aic=NA","model3_overdisp:fout:Found zero or less counts for year 2, 4, 5, 14, 15, 16, 17, 18, 19, 23 || model3_overdisp_serialcor:fout:Found zero or less counts for year 2, 4, 5, 14, 15, 16, 17, 18, 19, 23 || model3_basis:fout:Found zero or less counts for year 2, 4, 5, 14, 15, 16, 17, 18, 19, 23 || model2_basis:ok:aic=NA",5,31,3,37,37,"vaste_voorkeurhierarchie_eerste_werkende_model","brugbare_tijdreeks"
147,9720,"Kuifleeuwerik",78,13,46,TRUE,TRUE,"model2_basis","model2_basis",FALSE,FALSE,FALSE,FALSE,NA,NA,"model3_varianten_mislukt_fallback_naar_model2","model3_varianten_mislukt_fallback_naar_model2",NA,NA,NA,"Data ends with 21 years without positive observations.","model3_overdisp:fout:Not enough positive observations (7) to specify 11 parameters (5 alpha + 6 beta) || model3_overdisp_serialcor:fout:Not enough positive observations (7) to specify 11 parameters (5 alpha + 6 beta) || model3_basis:fout:Not enough positive observations (7) to specify 11 parameters (5 alpha + 6 beta) || model2_basis:ok:aic=NA","model3_overdisp:fout:Found zero or less counts for year 5, 6, 7, 8, 9, 10, 11, 12, 13, 16, 17, 18, 19, 20, 21, 22, 23, 24, 25, 26, 27, 28, 29, 30, 31, 32, 33, 34, 35, 36 || model3_overdisp_serialcor:fout:Found zero or less counts for year 5, 6, 7, 8, 9, 10, 11, 12, 13, 16, 17, 18, 19, 20, 21, 22, 23, 24, 25, 26, 27, 28, 29, 30, 31, 32, 33, 34, 35, 36 || model3_basis:fout:Found zero or less counts for year 5, 6, 7, 8, 9, 10, 11, 12, 13, 16, 17, 18, 19, 20, 21, 22, 23, 24, 25, 26, 27, 28, 29, 30, 31, 32, 33, 34, 35, 36 || model2_basis:ok:aic=NA",7,6,5,2,7,"vaste_voorkeurhierarchie_eerste_werkende_model","brugbare_tijdreeks"
148,9740,"Boomleeuwerik",1561,900,65,TRUE,TRUE,"model3_overdisp","model2_basis",TRUE,FALSE,FALSE,FALSE,NA,NA,"voorkeursmodel_gekozen","model3_varianten_mislukt_fallback_naar_model2",NA,NA,"Overdispersion 0.2 <1; consider setting overdisp=FALSE",NA,"model3_overdisp:ok:aic=NA || model3_overdisp_serialcor:ok:aic=NA || model3_basis:ok:aic=NA || model2_basis:ok:aic=NA","model3_overdisp:fout:Found zero or less counts for year 5, 6, 7, 11 || model3_overdisp_serialcor:fout:Found zero or less counts for year 5, 6, 7, 11 || model3_basis:fout:Found zero or less counts for year 5, 6, 7, 11 || model2_basis:ok:aic=NA",23,38,24,50,50,"vaste_voorkeurhierarchie_eerste_werkende_model","brugbare_tijdreeks"
150,9760,"Veldleeuwerik",854,189,67,TRUE,TRUE,"model3_overdisp","model2_basis",TRUE,FALSE,FALSE,FALSE,NA,NA,"voorkeursmodel_gekozen","model3_varianten_mislukt_fallback_naar_model2",NA,NA,"Overdispersion 0.6 <1; consider setting overdisp=FALSE",NA,"model3_overdisp:ok:aic=NA || model3_overdisp_serialcor:ok:aic=NA || model3_basis:ok:aic=NA || model2_basis:ok:aic=NA","model3_overdisp:fout:Found zero or less counts for year 2, 8, 9, 10, 12, 13, 14, 15, 18, 22, 23, 24, 25, 27, 28, 29, 30, 31, 32, 33, 34, 35, 36, 37, 38 || model3_overdisp_serialcor:fout:Found zero or less counts for year 2, 8, 9, 10, 12, 13, 14, 15, 18, 22, 23, 24, 25, 27, 28, 29, 30, 31, 32, 33, 34, 35, 36, 37, 38 || model3_basis:fout:Found zero or less counts for year 2, 8, 9, 10, 12, 13, 14, 15, 18, 22, 23, 24, 25, 27, 28, 29, 30, 31, 32, 33, 34, 35, 36, 37, 38 || model2_basis:ok:aic=NA",25,17,23,18,29,"vaste_voorkeurhierarchie_eerste_werkende_model","brugbare_tijdreeks"
151,9810,"Oeverzwaluw",329,17,47,TRUE,TRUE,"model2_basis","model2_basis",FALSE,FALSE,FALSE,FALSE,NA,NA,"model3_varianten_mislukt_fallback_naar_model2","model3_varianten_mislukt_fallback_naar_model2",NA,NA,NA,NA,"model3_overdisp:fout:Not enough positive observations (5) to specify 7 parameters (3 alpha + 4 beta) || model3_overdisp_serialcor:fout:Not enough positive observations (5) to specify 7 parameters (3 alpha + 4 beta) || model3_basis:fout:Not enough positive observations (5) to specify 7 parameters (3 alpha + 4 beta) || model2_basis:ok:aic=NA","model3_overdisp:fout:Found zero or less counts for year 3, 4, 9, 10 || model3_overdisp_serialcor:fout:Found zero or less counts for year 3, 4, 9, 10 || model3_basis:fout:Found zero or less counts for year 3, 4, 9, 10 || model2_basis:ok:aic=NA",5,7,3,6,9,"vaste_voorkeurhierarchie_eerste_werkende_model","brugbare_tijdreeks"
152,9920,"Boerenzwaluw",643,24,48,TRUE,FALSE,"model2_basis",NA,FALSE,FALSE,FALSE,FALSE,NA,NA,"model3_varianten_mislukt_fallback_naar_model2","geen_model",NA,"Years don't have a constant interval",NA,NA,"model3_overdisp:fout:Not enough positive observations (6) to specify 8 parameters (3 alpha + 5 beta) || model3_overdisp_serialcor:fout:Not enough positive observations (6) to specify 8 parameters (3 alpha + 5 beta) || model3_basis:fout:Not enough positive observations (6) to specify 8 parameters (3 alpha + 5 beta) || model2_basis:ok:aic=NA","model3_overdisp:fout:Found zero or less counts for year 10, 11, 26, 27, 28, 32, 34, 40 || model3_overdisp_serialcor:fout:Found zero or less counts for year 10, 11, 26, 27, 28, 32, 34, 40 || model3_basis:fout:Found zero or less counts for year 10, 11, 26, 27, 28, 32, 34, 40 || model2_basis:fout:Years don't have a constant interval",6,18,3,2,4,"vaste_voorkeurhierarchie_eerste_werkende_model","alleen_pre_bruikbaar"
154,10050,"Duinpieper",32,1,32,FALSE,FALSE,NA,NA,FALSE,FALSE,FALSE,FALSE,NA,NA,"geen_model","geen_model","te_weinig_data_pre","te_weinig_data_post",NA,NA,NA,NA,0,1,0,1,1,"vaste_voorkeurhierarchie_eerste_werkende_model","te_zeldzaam"
155,10090,"Boompieper",1725,1101,68,TRUE,TRUE,"model3_overdisp","model3_overdisp",TRUE,TRUE,FALSE,FALSE,NA,NA,"voorkeursmodel_gekozen","voorkeursmodel_gekozen",NA,NA,"Overdispersion 0.6 <1; consider setting overdisp=FALSE",NA,"model3_overdisp:ok:aic=NA || model3_overdisp_serialcor:ok:aic=NA || model3_basis:ok:aic=NA || model2_basis:ok:aic=NA","model3_overdisp:ok:aic=NA || model3_overdisp_serialcor:ok:aic=NA || model3_basis:ok:aic=NA || model2_basis:ok:aic=NA",26,42,40,47,52,"vaste_voorkeurhierarchie_eerste_werkende_model","brugbare_tijdreeks"
156,10110,"Graspieper",1286,575,65,TRUE,TRUE,"model3_overdisp","model3_overdisp",TRUE,TRUE,FALSE,FALSE,NA,NA,"voorkeursmodel_gekozen","voorkeursmodel_gekozen",NA,NA,"Overdispersion 0.5 <1; consider setting overdisp=FALSE","Overdispersion 1.0 <1; consider setting overdisp=FALSE","model3_overdisp:ok:aic=NA || model3_overdisp_serialcor:ok:aic=NA || model3_basis:ok:aic=NA || model2_basis:ok:aic=NA","model3_overdisp:ok:aic=NA || model3_overdisp_serialcor:ok:aic=NA || model3_basis:ok:aic=NA || model2_basis:ok:aic=NA",23,42,23,35,40,"vaste_voorkeurhierarchie_eerste_werkende_model","brugbare_tijdreeks"
158,10171,"Gele Kwikstaart",477,13,47,TRUE,TRUE,"model3_overdisp","model2_basis",TRUE,FALSE,FALSE,FALSE,NA,NA,"voorkeursmodel_gekozen","model3_varianten_mislukt_fallback_naar_model2",NA,NA,NA,NA,"model3_overdisp:ok:aic=NA || model3_overdisp_serialcor:ok:aic=NA || model3_basis:ok:aic=NA || model2_basis:ok:aic=NA","model3_overdisp:fout:Found zero or less counts for year 2, 3, 4, 6, 8, 9, 10, 11, 12, 13, 14, 15, 16, 17, 18, 19, 20, 21, 22, 23, 24, 25, 27, 28, 30, 31, 32, 33, 34, 35, 36, 38, 39, 40, 41 || model3_overdisp_serialcor:fout:Found zero or less counts for year 2, 3, 4, 6, 8, 9, 10, 11, 12, 13, 14, 15, 16, 17, 18, 19, 20, 21, 22, 23, 24, 25, 27, 28, 30, 31, 32, 33, 34, 35, 36, 38, 39, 40, 41 || model3_basis:fout:Found zero or less counts for year 2, 3, 4, 6, 8, 9, 10, 11, 12, 13, 14, 15, 16, 17, 18, 19, 20, 21, 22, 23, 24, 25, 27, 28, 30, 31, 32, 33, 34, 35, 36, 38, 39, 40, 41 || model2_basis:ok:aic=NA",5,7,2,5,6,"vaste_voorkeurhierarchie_eerste_werkende_model","brugbare_tijdreeks"
159,10172,"Engelse Kwikstaart",121,6,44,FALSE,FALSE,NA,NA,FALSE,FALSE,FALSE,FALSE,NA,NA,"geen_model","geen_model","te_weinig_data_pre","te_weinig_data_post",NA,NA,NA,NA,2,4,1,1,1,"vaste_voorkeurhierarchie_eerste_werkende_model","lokaal_incidenteel"
162,10201,"Witte Kwikstaart",1284,207,66,TRUE,TRUE,"model3_overdisp","model2_basis",TRUE,FALSE,FALSE,FALSE,NA,NA,"voorkeursmodel_gekozen","model3_varianten_mislukt_fallback_naar_model2",NA,NA,"Overdispersion 0.1 <1; consider setting overdisp=FALSE",NA,"model3_overdisp:ok:aic=NA || model3_overdisp_serialcor:ok:aic=NA || model3_basis:ok:aic=NA || model2_basis:ok:aic=NA","model3_overdisp:fout:Found zero or less counts for year 21, 24 || model3_overdisp_serialcor:fout:Found zero or less counts for year 21, 24 || model3_basis:fout:Found zero or less counts for year 21, 24 || model2_basis:ok:aic=NA",24,40,18,35,37,"vaste_voorkeurhierarchie_eerste_werkende_model","brugbare_tijdreeks"
163,10202,"Rouwkwikstaart",88,2,42,FALSE,FALSE,NA,NA,FALSE,FALSE,FALSE,FALSE,NA,NA,"geen_model","geen_model","te_weinig_data_pre","te_weinig_data_post",NA,NA,NA,NA,0,2,0,2,2,"vaste_voorkeurhierarchie_eerste_werkende_model","te_zeldzaam"
164,10660,"Winterkoning",1906,1844,68,TRUE,TRUE,"model3_overdisp","model3_overdisp",TRUE,TRUE,FALSE,FALSE,NA,NA,"voorkeursmodel_gekozen","voorkeursmodel_gekozen",NA,NA,"Overdispersion 0.9 <1; consider setting overdisp=FALSE",NA,"model3_overdisp:ok:aic=NA || model3_overdisp_serialcor:ok:aic=NA || model3_basis:ok:aic=NA || model2_basis:ok:aic=NA","model3_overdisp:ok:aic=NA || model3_overdisp_serialcor:ok:aic=NA || model3_basis:ok:aic=NA || model2_basis:ok:aic=NA",26,42,45,52,52,"vaste_voorkeurhierarchie_eerste_werkende_model","brugbare_tijdreeks"
165,10840,"Heggenmus",2037,1989,68,TRUE,TRUE,"model3_overdisp","model3_overdisp",TRUE,TRUE,FALSE,FALSE,NA,NA,"voorkeursmodel_gekozen","voorkeursmodel_gekozen",NA,NA,NA,NA,"model3_overdisp:ok:aic=NA || model3_overdisp_serialcor:ok:aic=NA || model3_basis:ok:aic=NA || model2_basis:ok:aic=NA","model3_overdisp:ok:aic=NA || model3_overdisp_serialcor:ok:aic=NA || model3_basis:ok:aic=NA || model2_basis:ok:aic=NA",26,42,45,52,52,"vaste_voorkeurhierarchie_eerste_werkende_model","brugbare_tijdreeks"
166,10990,"Roodborst",1725,1402,65,TRUE,TRUE,"model3_overdisp","model3_overdisp",TRUE,TRUE,FALSE,FALSE,NA,NA,"voorkeursmodel_gekozen","voorkeursmodel_gekozen",NA,NA,"Overdispersion 0.9 <1; consider setting overdisp=FALSE",NA,"model3_overdisp:ok:aic=NA || model3_overdisp_serialcor:ok:aic=NA || model3_basis:ok:aic=NA || model2_basis:ok:aic=NA","model3_overdisp:ok:aic=NA || model3_overdisp_serialcor:ok:aic=NA || model3_basis:ok:aic=NA || model2_basis:ok:aic=NA",23,42,34,52,52,"vaste_voorkeurhierarchie_eerste_werkende_model","brugbare_tijdreeks"
167,11040,"Nachtegaal",1985,1930,68,TRUE,TRUE,"model3_overdisp","model3_overdisp",TRUE,TRUE,FALSE,FALSE,NA,NA,"voorkeursmodel_gekozen","voorkeursmodel_gekozen",NA,NA,NA,NA,"model3_overdisp:ok:aic=NA || model3_overdisp_serialcor:ok:aic=NA || model3_basis:ok:aic=NA || model2_basis:ok:aic=NA","model3_overdisp:ok:aic=NA || model3_overdisp_serialcor:ok:aic=NA || model3_basis:ok:aic=NA || model2_basis:ok:aic=NA",26,42,42,52,52,"vaste_voorkeurhierarchie_eerste_werkende_model","brugbare_tijdreeks"
168,11060,"Blauwborst",714,247,42,FALSE,TRUE,NA,"model2_basis",FALSE,FALSE,FALSE,FALSE,NA,NA,"geen_model","model3_varianten_mislukt_fallback_naar_model2","te_weinig_data_pre",NA,NA,NA,NA,"model3_overdisp:fout:Found zero or less counts for year 3 || model3_overdisp_serialcor:fout:Found zero or less counts for year 3 || model3_basis:fout:Found zero or less counts for year 3 || model2_basis:ok:aic=NA",0,37,0,23,23,"vaste_voorkeurhierarchie_eerste_werkende_model","alleen_post_bruikbaar"
169,11210,"Zwarte Roodstaart",337,24,54,TRUE,TRUE,"model2_basis","model2_basis",FALSE,FALSE,FALSE,FALSE,NA,NA,"model3_varianten_mislukt_fallback_naar_model2","model3_varianten_mislukt_fallback_naar_model2",NA,NA,NA,NA,"model3_overdisp:fout:Not enough positive observations (12) to specify 14 parameters (3 alpha + 11 beta) || model3_overdisp_serialcor:fout:Not enough positive observations (12) to specify 14 parameters (3 alpha + 11 beta) || model3_basis:fout:Not enough positive observations (12) to specify 14 parameters (3 alpha + 11 beta) || model2_basis:ok:aic=NA","model3_overdisp:fout:Found zero or less counts for year 2, 3, 4, 5, 6, 8, 9, 10, 11, 13, 14, 15, 16, 17, 18, 19, 20, 21, 22, 23, 24, 25, 26, 27, 28, 29, 30, 31, 32, 34, 35, 36, 38, 39 || model3_overdisp_serialcor:fout:Found zero or less counts for year 2, 3, 4, 5, 6, 8, 9, 10, 11, 13, 14, 15, 16, 17, 18, 19, 20, 21, 22, 23, 24, 25, 26, 27, 28, 29, 30, 31, 32, 34, 35, 36, 38, 39 || model3_basis:fout:Found zero or less counts for year 2, 3, 4, 5, 6, 8, 9, 10, 11, 13, 14, 15, 16, 17, 18, 19, 20, 21, 22, 23, 24, 25, 26, 27, 28, 29, 30, 31, 32, 34, 35, 36, 38, 39 || model2_basis:ok:aic=NA",12,8,3,6,7,"vaste_voorkeurhierarchie_eerste_werkende_model","brugbare_tijdreeks"
170,11220,"Gekraagde Roodstaart",1723,1252,68,TRUE,TRUE,"model3_overdisp","model3_overdisp",TRUE,TRUE,FALSE,FALSE,NA,NA,"voorkeursmodel_gekozen","voorkeursmodel_gekozen",NA,NA,"Overdispersion 0.5 <1; consider setting overdisp=FALSE","Overdispersion 0.9 <1; consider setting overdisp=FALSE","model3_overdisp:ok:aic=NA || model3_overdisp_serialcor:ok:aic=NA || model3_basis:ok:aic=NA || model2_basis:ok:aic=NA","model3_overdisp:ok:aic=NA || model3_overdisp_serialcor:ok:aic=NA || model3_basis:ok:aic=NA || model2_basis:ok:aic=NA",26,42,33,49,49,"vaste_voorkeurhierarchie_eerste_werkende_model","brugbare_tijdreeks"
171,11370,"Paapje",619,96,62,TRUE,TRUE,"model2_basis","model2_basis",FALSE,FALSE,FALSE,FALSE,NA,NA,"model3_varianten_mislukt_fallback_naar_model2","model3_varianten_mislukt_fallback_naar_model2",NA,NA,NA,"Data ends with 25 years without positive observations.","model3_overdisp:fout:Lapack routine dgesv: system is exactly singular: U[17,17] = 0 || model3_overdisp_serialcor:fout:Lapack routine dgesv: system is exactly singular: U[17,17] = 0 || model3_basis:fout:Lapack routine dgesv: system is exactly singular: U[17,17] = 0 || model2_basis:ok:aic=NA","model3_overdisp:fout:Found zero or less counts for year 2, 3, 6, 7, 12, 13, 14, 15, 17, 18, 19, 20, 21, 22, 23, 24, 25, 26, 27, 28, 29, 30, 31, 32, 33, 34, 35, 36, 37, 38, 39, 40, 41 || model3_overdisp_serialcor:fout:Found zero or less counts for year 2, 3, 6, 7, 12, 13, 14, 15, 17, 18, 19, 20, 21, 22, 23, 24, 25, 26, 27, 28, 29, 30, 31, 32, 33, 34, 35, 36, 37, 38, 39, 40, 41 || model3_basis:fout:Found zero or less counts for year 2, 3, 6, 7, 12, 13, 14, 15, 17, 18, 19, 20, 21, 22, 23, 24, 25, 26, 27, 28, 29, 30, 31, 32, 33, 34, 35, 36, 37, 38, 39, 40, 41 || model2_basis:ok:aic=NA",20,8,18,9,23,"vaste_voorkeurhierarchie_eerste_werkende_model","brugbare_tijdreeks"
172,11390,"Roodborsttapuit",1522,918,68,TRUE,TRUE,"model3_overdisp","model3_overdisp",TRUE,TRUE,FALSE,FALSE,NA,NA,"voorkeursmodel_gekozen","voorkeursmodel_gekozen",NA,NA,"Overdispersion 0.5 <1; consider setting overdisp=FALSE","Overdispersion 1.0 <1; consider setting overdisp=FALSE","model3_overdisp:ok:aic=NA || model3_overdisp_serialcor:ok:aic=NA || model3_basis:ok:aic=NA || model2_basis:ok:aic=NA","model3_overdisp:ok:aic=NA || model3_overdisp_serialcor:ok:aic=NA || model3_basis:ok:aic=NA || model2_basis:ok:aic=NA",26,42,27,45,45,"vaste_voorkeurhierarchie_eerste_werkende_model","brugbare_tijdreeks"
173,11460,"Tapuit",1579,544,68,TRUE,TRUE,"model3_overdisp","model2_basis",TRUE,FALSE,FALSE,FALSE,NA,NA,"voorkeursmodel_gekozen","model3_varianten_mislukt_fallback_naar_model2",NA,NA,"Overdispersion 0.9 <1; consider setting overdisp=FALSE",NA,"model3_overdisp:ok:aic=NA || model3_overdisp_serialcor:ok:aic=NA || model3_basis:ok:aic=NA || model2_basis:ok:aic=NA","model3_overdisp:fout:Found zero or less counts for year 16, 17, 23, 24, 25, 26, 27, 29, 30, 31, 32, 33, 34, 35, 36, 37, 38, 39, 40, 41 || model3_overdisp_serialcor:fout:Found zero or less counts for year 16, 17, 23, 24, 25, 26, 27, 29, 30, 31, 32, 33, 34, 35, 36, 37, 38, 39, 40, 41 || model3_basis:fout:Found zero or less counts for year 16, 17, 23, 24, 25, 26, 27, 29, 30, 31, 32, 33, 34, 35, 36, 37, 38, 39, 40, 41 || model2_basis:ok:aic=NA",26,22,37,33,40,"vaste_voorkeurhierarchie_eerste_werkende_model","brugbare_tijdreeks"
174,11860,"Beflijster",801,2,42,FALSE,FALSE,NA,NA,FALSE,FALSE,FALSE,FALSE,NA,NA,"geen_model","geen_model","te_weinig_data_pre","te_weinig_data_post",NA,NA,NA,NA,0,2,0,2,2,"vaste_voorkeurhierarchie_eerste_werkende_model","te_zeldzaam"
175,11870,"Merel",2014,1968,68,TRUE,TRUE,"model3_overdisp","model3_overdisp",TRUE,TRUE,FALSE,FALSE,NA,NA,"voorkeursmodel_gekozen","voorkeursmodel_gekozen",NA,NA,NA,NA,"model3_overdisp:ok:aic=NA || model3_overdisp_serialcor:ok:aic=NA || model3_basis:ok:aic=NA || model2_basis:ok:aic=NA","model3_overdisp:ok:aic=NA || model3_overdisp_serialcor:ok:aic=NA || model3_basis:ok:aic=NA || model2_basis:ok:aic=NA",26,42,45,52,52,"vaste_voorkeurhierarchie_eerste_werkende_model","brugbare_tijdreeks"
176,11980,"Kramsvogel",722,5,42,FALSE,TRUE,NA,"model2_basis",FALSE,FALSE,FALSE,FALSE,NA,NA,"geen_model","model3_varianten_mislukt_fallback_naar_model2","te_weinig_data_pre",NA,NA,"Data ends with 23 years without positive observations.",NA,"model3_overdisp:fout:Found zero or less counts for year 3, 4, 5, 6, 7, 8, 9, 10, 11, 12, 15, 16, 17, 19, 20, 21, 22, 23, 24, 25, 26, 27, 28, 29, 30, 31, 32, 33, 34, 35, 36, 37, 38, 39, 40, 41 || model3_overdisp_serialcor:fout:Found zero or less counts for year 3, 4, 5, 6, 7, 8, 9, 10, 11, 12, 15, 16, 17, 19, 20, 21, 22, 23, 24, 25, 26, 27, 28, 29, 30, 31, 32, 33, 34, 35, 36, 37, 38, 39, 40, 41 || model3_basis:fout:Found zero or less counts for year 3, 4, 5, 6, 7, 8, 9, 10, 11, 12, 15, 16, 17, 19, 20, 21, 22, 23, 24, 25, 26, 27, 28, 29, 30, 31, 32, 33, 34, 35, 36, 37, 38, 39, 40, 41 || model2_basis:ok:aic=NA",0,5,0,2,2,"vaste_voorkeurhierarchie_eerste_werkende_model","alleen_post_bruikbaar"
177,12000,"Zanglijster",1623,1121,66,TRUE,TRUE,"model3_overdisp","model3_overdisp",TRUE,TRUE,FALSE,FALSE,NA,NA,"voorkeursmodel_gekozen","voorkeursmodel_gekozen",NA,NA,"Overdispersion 0.5 <1; consider setting overdisp=FALSE","Overdispersion 1.0 <1; consider setting overdisp=FALSE","model3_overdisp:ok:aic=NA || model3_overdisp_serialcor:ok:aic=NA || model3_basis:ok:aic=NA || model2_basis:ok:aic=NA","model3_overdisp:ok:aic=NA || model3_overdisp_serialcor:ok:aic=NA || model3_basis:ok:aic=NA || model2_basis:ok:aic=NA",24,42,34,52,52,"vaste_voorkeurhierarchie_eerste_werkende_model","brugbare_tijdreeks"
179,12020,"Grote Lijster",1095,153,56,TRUE,TRUE,"model2_basis","model2_basis",FALSE,FALSE,FALSE,FALSE,NA,NA,"model3_varianten_mislukt_fallback_naar_model2","model3_varianten_mislukt_fallback_naar_model2",NA,NA,NA,NA,"model3_overdisp:fout:Lapack routine dgesv: system is exactly singular: U[4,4] = 0 || model3_overdisp_serialcor:fout:Lapack routine dgesv: system is exactly singular: U[4,4] = 0 || model3_basis:fout:Lapack routine dgesv: system is exactly singular: U[4,4] = 0 || model2_basis:ok:aic=NA","model3_overdisp:fout:Found zero or less counts for year 2, 12 || model3_overdisp_serialcor:fout:Found zero or less counts for year 2, 12 || model3_basis:fout:Found zero or less counts for year 2, 12 || model2_basis:ok:aic=NA",14,36,11,37,39,"vaste_voorkeurhierarchie_eerste_werkende_model","brugbare_tijdreeks"
180,12200,"Cetti's Zanger",810,85,42,FALSE,TRUE,NA,"model2_basis",FALSE,FALSE,FALSE,FALSE,NA,NA,"geen_model","model3_varianten_mislukt_fallback_naar_model2","te_weinig_data_pre",NA,NA,NA,NA,"model3_overdisp:fout:Found zero or less counts for year 2, 3, 4, 5, 6, 7, 8 || model3_overdisp_serialcor:fout:Found zero or less counts for year 2, 3, 4, 5, 6, 7, 8 || model3_basis:fout:Found zero or less counts for year 2, 3, 4, 5, 6, 7, 8 || model2_basis:ok:aic=NA",0,8,0,20,20,"vaste_voorkeurhierarchie_eerste_werkende_model","alleen_post_bruikbaar"
182,12360,"Sprinkhaanrietzanger",1670,1145,68,TRUE,TRUE,"model3_overdisp","model3_overdisp",TRUE,TRUE,FALSE,FALSE,NA,NA,"voorkeursmodel_gekozen","voorkeursmodel_gekozen",NA,NA,"Overdispersion 0.6 <1; consider setting overdisp=FALSE",NA,"model3_overdisp:ok:aic=NA || model3_overdisp_serialcor:ok:aic=NA || model3_basis:ok:aic=NA || model2_basis:ok:aic=NA","model3_overdisp:ok:aic=NA || model3_overdisp_serialcor:ok:aic=NA || model3_basis:ok:aic=NA || model2_basis:ok:aic=NA",26,42,31,47,47,"vaste_voorkeurhierarchie_eerste_werkende_model","brugbare_tijdreeks"
184,12380,"Snor",162,8,44,FALSE,TRUE,NA,"model2_basis",FALSE,FALSE,FALSE,FALSE,NA,NA,"geen_model","model3_varianten_mislukt_fallback_naar_model2","te_weinig_data_pre",NA,NA,"Data ends with 25 years without positive observations.",NA,"model3_overdisp:fout:Found zero or less counts for year 2, 3, 4, 5, 7, 8, 10, 12, 13, 14, 16, 17, 18, 19, 20, 21, 22, 23, 24, 25, 26, 27, 28, 29, 30, 31, 32, 33, 34, 35, 36, 37, 38, 39, 40 || model3_overdisp_serialcor:fout:Found zero or less counts for year 2, 3, 4, 5, 7, 8, 10, 12, 13, 14, 16, 17, 18, 19, 20, 21, 22, 23, 24, 25, 26, 27, 28, 29, 30, 31, 32, 33, 34, 35, 36, 37, 38, 39, 40 || model3_basis:fout:Found zero or less counts for year 2, 3, 4, 5, 7, 8, 10, 12, 13, 14, 16, 17, 18, 19, 20, 21, 22, 23, 24, 25, 26, 27, 28, 29, 30, 31, 32, 33, 34, 35, 36, 37, 38, 39, 40 || model2_basis:ok:aic=NA",2,5,1,4,5,"vaste_voorkeurhierarchie_eerste_werkende_model","alleen_post_bruikbaar"
186,12430,"Rietzanger",1033,347,65,TRUE,TRUE,"model3_overdisp","model3_overdisp",TRUE,TRUE,FALSE,FALSE,NA,NA,"voorkeursmodel_gekozen","voorkeursmodel_gekozen",NA,NA,"Overdispersion 0.6 <1; consider setting overdisp=FALSE",NA,"model3_overdisp:ok:aic=NA || model3_overdisp_serialcor:ok:aic=NA || model3_basis:ok:aic=NA || model2_basis:ok:aic=NA","model3_overdisp:ok:aic=NA || model3_overdisp_serialcor:ok:aic=NA || model3_basis:ok:aic=NA || model2_basis:ok:aic=NA",23,42,13,29,29,"vaste_voorkeurhierarchie_eerste_werkende_model","brugbare_tijdreeks"
187,12500,"Bosrietzanger",1305,660,62,TRUE,TRUE,"model3_overdisp","model3_overdisp",TRUE,TRUE,FALSE,FALSE,NA,NA,"voorkeursmodel_gekozen","voorkeursmodel_gekozen",NA,NA,"Overdispersion 0.8 <1; consider setting overdisp=FALSE",NA,"model3_overdisp:ok:aic=NA || model3_overdisp_serialcor:ok:aic=NA || model3_basis:ok:aic=NA || model2_basis:ok:aic=NA","model3_overdisp:ok:aic=NA || model3_overdisp_serialcor:ok:aic=NA || model3_basis:ok:aic=NA || model2_basis:ok:aic=NA",20,42,27,39,41,"vaste_voorkeurhierarchie_eerste_werkende_model","brugbare_tijdreeks"
188,12510,"Kleine Karekiet",1338,951,62,TRUE,TRUE,"model3_overdisp","model3_overdisp",TRUE,TRUE,FALSE,FALSE,NA,NA,"voorkeursmodel_gekozen","voorkeursmodel_gekozen",NA,NA,NA,NA,"model3_overdisp:ok:aic=NA || model3_overdisp_serialcor:ok:aic=NA || model3_basis:ok:aic=NA || model2_basis:ok:aic=NA","model3_overdisp:ok:aic=NA || model3_overdisp_serialcor:ok:aic=NA || model3_basis:ok:aic=NA || model2_basis:ok:aic=NA",20,42,21,38,38,"vaste_voorkeurhierarchie_eerste_werkende_model","brugbare_tijdreeks"
189,12530,"Grote Karekiet",310,10,43,FALSE,TRUE,NA,"model2_basis",FALSE,FALSE,FALSE,FALSE,NA,NA,"geen_model","model3_varianten_mislukt_fallback_naar_model2","te_weinig_data_pre",NA,NA,"Data ends with 14 years without positive observations.",NA,"model3_overdisp:fout:Found zero or less counts for year 2, 4, 7, 8, 10, 11, 13, 14, 15, 17, 18, 19, 20, 21, 22, 23, 24, 25, 27, 28, 29, 30, 31, 32, 33, 34, 35, 36, 37, 38, 39, 40 || model3_overdisp_serialcor:fout:Found zero or less counts for year 2, 4, 7, 8, 10, 11, 13, 14, 15, 17, 18, 19, 20, 21, 22, 23, 24, 25, 27, 28, 29, 30, 31, 32, 33, 34, 35, 36, 37, 38, 39, 40 || model3_basis:fout:Found zero or less counts for year 2, 4, 7, 8, 10, 11, 13, 14, 15, 17, 18, 19, 20, 21, 22, 23, 24, 25, 27, 28, 29, 30, 31, 32, 33, 34, 35, 36, 37, 38, 39, 40 || model2_basis:ok:aic=NA",1,8,1,6,7,"vaste_voorkeurhierarchie_eerste_werkende_model","alleen_post_bruikbaar"
190,12590,"Spotvogel",977,78,54,TRUE,TRUE,"model2_basis","model2_basis",FALSE,FALSE,FALSE,FALSE,NA,NA,"model3_varianten_mislukt_fallback_naar_model2","model3_varianten_mislukt_fallback_naar_model2",NA,NA,NA,"Data ends with 1 years without positive observations.","model3_overdisp:fout:Lapack routine dgesv: system is exactly singular: U[10,10] = 0 || model3_overdisp_serialcor:fout:Lapack routine dgesv: system is exactly singular: U[10,10] = 0 || model3_basis:fout:Lapack routine dgesv: system is exactly singular: U[10,10] = 0 || model2_basis:ok:aic=NA","model3_overdisp:fout:Found zero or less counts for year 2, 3, 4, 5, 6, 7, 26, 32, 34, 39, 42 || model3_overdisp_serialcor:fout:Found zero or less counts for year 2, 3, 4, 5, 6, 7, 26, 32, 34, 39, 42 || model3_basis:fout:Found zero or less counts for year 2, 3, 4, 5, 6, 7, 26, 32, 34, 39, 42 || model2_basis:ok:aic=NA",12,31,6,26,28,"vaste_voorkeurhierarchie_eerste_werkende_model","brugbare_tijdreeks"
192,12740,"Braamsluiper",1773,1543,68,TRUE,TRUE,"model3_overdisp","model3_overdisp",TRUE,TRUE,FALSE,FALSE,NA,NA,"voorkeursmodel_gekozen","voorkeursmodel_gekozen",NA,NA,"Overdispersion 0.5 <1; consider setting overdisp=FALSE","Overdispersion 0.9 <1; consider setting overdisp=FALSE","model3_overdisp:ok:aic=NA || model3_overdisp_serialcor:ok:aic=NA || model3_basis:ok:aic=NA || model2_basis:ok:aic=NA","model3_overdisp:ok:aic=NA || model3_overdisp_serialcor:ok:aic=NA || model3_basis:ok:aic=NA || model2_basis:ok:aic=NA",26,42,36,52,52,"vaste_voorkeurhierarchie_eerste_werkende_model","brugbare_tijdreeks"
193,12750,"Grasmus",1981,1934,68,TRUE,TRUE,"model3_overdisp","model3_overdisp",TRUE,TRUE,FALSE,FALSE,NA,NA,"voorkeursmodel_gekozen","voorkeursmodel_gekozen",NA,NA,NA,NA,"model3_overdisp:ok:aic=NA || model3_overdisp_serialcor:ok:aic=NA || model3_basis:ok:aic=NA || model2_basis:ok:aic=NA","model3_overdisp:ok:aic=NA || model3_overdisp_serialcor:ok:aic=NA || model3_basis:ok:aic=NA || model2_basis:ok:aic=NA",26,42,41,52,52,"vaste_voorkeurhierarchie_eerste_werkende_model","brugbare_tijdreeks"
194,12760,"Tuinfluiter",1565,1214,65,TRUE,TRUE,"model3_overdisp","model3_overdisp",TRUE,TRUE,FALSE,FALSE,NA,NA,"voorkeursmodel_gekozen","voorkeursmodel_gekozen",NA,NA,"Overdispersion 0.4 <1; consider setting overdisp=FALSE",NA,"model3_overdisp:ok:aic=NA || model3_overdisp_serialcor:ok:aic=NA || model3_basis:ok:aic=NA || model2_basis:ok:aic=NA","model3_overdisp:ok:aic=NA || model3_overdisp_serialcor:ok:aic=NA || model3_basis:ok:aic=NA || model2_basis:ok:aic=NA",23,42,26,52,52,"vaste_voorkeurhierarchie_eerste_werkende_model","brugbare_tijdreeks"
195,12770,"Zwartkop",1664,1552,64,TRUE,TRUE,"model3_overdisp","model3_overdisp",TRUE,TRUE,FALSE,FALSE,NA,NA,"voorkeursmodel_gekozen","voorkeursmodel_gekozen",NA,NA,"Overdispersion 0.5 <1; consider setting overdisp=FALSE",NA,"model3_overdisp:ok:aic=NA || model3_overdisp_serialcor:ok:aic=NA || model3_basis:ok:aic=NA || model2_basis:ok:aic=NA","model3_overdisp:ok:aic=NA || model3_overdisp_serialcor:ok:aic=NA || model3_basis:ok:aic=NA || model2_basis:ok:aic=NA",22,42,32,52,52,"vaste_voorkeurhierarchie_eerste_werkende_model","brugbare_tijdreeks"
197,13080,"Fluiter",388,33,42,FALSE,TRUE,NA,"model2_basis",FALSE,FALSE,FALSE,FALSE,NA,NA,"geen_model","model3_varianten_mislukt_fallback_naar_model2","te_weinig_data_pre",NA,NA,"Data ends with 1 years without positive observations.",NA,"model3_overdisp:fout:Found zero or less counts for year 2, 3, 14, 15, 16, 18, 20, 21, 22, 23, 24, 25, 27, 30, 31, 33, 35, 36, 39 || model3_overdisp_serialcor:fout:Found zero or less counts for year 2, 3, 14, 15, 16, 18, 20, 21, 22, 23, 24, 25, 27, 30, 31, 33, 35, 36, 39 || model3_basis:fout:Found zero or less counts for year 2, 3, 14, 15, 16, 18, 20, 21, 22, 23, 24, 25, 27, 30, 31, 33, 35, 36, 39 || model2_basis:ok:aic=NA",0,20,0,11,11,"vaste_voorkeurhierarchie_eerste_werkende_model","alleen_post_bruikbaar"
198,13110,"Tjiftjaf",1586,1504,61,TRUE,TRUE,"model3_overdisp","model3_overdisp",TRUE,TRUE,FALSE,FALSE,NA,NA,"voorkeursmodel_gekozen","voorkeursmodel_gekozen",NA,NA,"Overdispersion 0.3 <1; consider setting overdisp=FALSE",NA,"model3_overdisp:ok:aic=NA || model3_overdisp_serialcor:ok:aic=NA || model3_basis:ok:aic=NA || model2_basis:ok:aic=NA","model3_overdisp:ok:aic=NA || model3_overdisp_serialcor:ok:aic=NA || model3_basis:ok:aic=NA || model2_basis:ok:aic=NA",19,42,28,52,52,"vaste_voorkeurhierarchie_eerste_werkende_model","brugbare_tijdreeks"
200,13120,"Fitis",2054,2019,68,TRUE,TRUE,"model3_overdisp","model3_overdisp",TRUE,TRUE,FALSE,FALSE,NA,NA,"voorkeursmodel_gekozen","voorkeursmodel_gekozen",NA,NA,NA,NA,"model3_overdisp:ok:aic=NA || model3_overdisp_serialcor:ok:aic=NA || model3_basis:ok:aic=NA || model2_basis:ok:aic=NA","model3_overdisp:ok:aic=NA || model3_overdisp_serialcor:ok:aic=NA || model3_basis:ok:aic=NA || model2_basis:ok:aic=NA",26,42,45,52,52,"vaste_voorkeurhierarchie_eerste_werkende_model","brugbare_tijdreeks"
201,13140,"Goudhaan",1231,152,44,FALSE,TRUE,NA,"model2_basis",FALSE,FALSE,FALSE,FALSE,NA,NA,"geen_model","model3_varianten_mislukt_fallback_naar_model2","te_weinig_data_pre",NA,NA,NA,NA,"model3_overdisp:fout:Found zero or less counts for year 3, 4, 5, 6, 8, 12 || model3_overdisp_serialcor:fout:Found zero or less counts for year 3, 4, 5, 6, 8, 12 || model3_basis:fout:Found zero or less counts for year 3, 4, 5, 6, 8, 12 || model2_basis:ok:aic=NA",2,36,2,31,31,"vaste_voorkeurhierarchie_eerste_werkende_model","alleen_post_bruikbaar"
202,13150,"Vuurgoudhaan",682,3,42,FALSE,TRUE,NA,"model2_basis",FALSE,FALSE,FALSE,FALSE,NA,NA,"geen_model","model3_varianten_mislukt_fallback_naar_model2","te_weinig_data_pre",NA,NA,"Data ends with 5 years without positive observations.",NA,"model3_overdisp:fout:Found zero or less counts for year 2, 3, 4, 5, 6, 7, 8, 9, 10, 11, 12, 13, 14, 15, 16, 17, 18, 19, 20, 22, 24, 25, 26, 27, 28 || model3_overdisp_serialcor:fout:Found zero or less counts for year 2, 3, 4, 5, 6, 7, 8, 9, 10, 11, 12, 13, 14, 15, 16, 17, 18, 19, 20, 22, 24, 25, 26, 27, 28 || model3_basis:fout:Found zero or less counts for year 2, 3, 4, 5, 6, 7, 8, 9, 10, 11, 12, 13, 14, 15, 16, 17, 18, 19, 20, 22, 24, 25, 26, 27, 28 || model2_basis:ok:aic=NA",0,3,0,3,3,"vaste_voorkeurhierarchie_eerste_werkende_model","alleen_post_bruikbaar"
203,13350,"Grauwe Vliegenvanger",920,137,53,TRUE,TRUE,"model2_basis","model2_basis",FALSE,FALSE,FALSE,FALSE,NA,NA,"model3_varianten_mislukt_fallback_naar_model2","model3_varianten_mislukt_fallback_naar_model2",NA,NA,NA,NA,"model3_overdisp:fout:Not enough positive observations (16) to specify 18 parameters (8 alpha + 10 beta) || model3_overdisp_serialcor:fout:Not enough positive observations (16) to specify 18 parameters (8 alpha + 10 beta) || model3_basis:fout:Not enough positive observations (16) to specify 18 parameters (8 alpha + 10 beta) || model2_basis:ok:aic=NA","model3_overdisp:fout:Found zero or less counts for year 2, 4, 5, 20, 23, 25 || model3_overdisp_serialcor:fout:Found zero or less counts for year 2, 4, 5, 20, 23, 25 || model3_basis:fout:Found zero or less counts for year 2, 4, 5, 20, 23, 25 || model2_basis:ok:aic=NA",11,35,8,28,32,"vaste_voorkeurhierarchie_eerste_werkende_model","brugbare_tijdreeks"
205,13490,"Bonte Vliegenvanger",448,22,48,TRUE,TRUE,"model2_basis","model2_basis",FALSE,FALSE,FALSE,FALSE,NA,NA,"model3_varianten_mislukt_fallback_naar_model2","model3_varianten_mislukt_fallback_naar_model2",NA,NA,NA,NA,"model3_overdisp:fout:Not enough positive observations (8) to specify 9 parameters (4 alpha + 5 beta) || model3_overdisp_serialcor:fout:Not enough positive observations (8) to specify 9 parameters (4 alpha + 5 beta) || model3_basis:fout:Not enough positive observations (8) to specify 9 parameters (4 alpha + 5 beta) || model2_basis:ok:aic=NA","model3_overdisp:fout:Found zero or less counts for year 2, 3, 4, 5, 6, 15, 16, 17, 18, 19, 21, 22, 24, 25, 26, 27, 28, 29, 30, 31, 32, 33, 34, 35, 36, 37, 38, 40, 41 || model3_overdisp_serialcor:fout:Found zero or less counts for year 2, 3, 4, 5, 6, 15, 16, 17, 18, 19, 21, 22, 24, 25, 26, 27, 28, 29, 30, 31, 32, 33, 34, 35, 36, 37, 38, 40, 41 || model3_basis:fout:Found zero or less counts for year 2, 3, 4, 5, 6, 15, 16, 17, 18, 19, 21, 22, 24, 25, 26, 27, 28, 29, 30, 31, 32, 33, 34, 35, 36, 37, 38, 40, 41 || model2_basis:ok:aic=NA",6,13,4,7,9,"vaste_voorkeurhierarchie_eerste_werkende_model","brugbare_tijdreeks"
206,13640,"Baardmannetje",168,3,43,FALSE,FALSE,NA,NA,FALSE,FALSE,FALSE,FALSE,NA,NA,"geen_model","geen_model","te_weinig_data_pre","te_weinig_data_post",NA,NA,NA,NA,1,2,1,2,3,"vaste_voorkeurhierarchie_eerste_werkende_model","te_zeldzaam"
207,14370,"Staartmees",1631,1310,67,TRUE,TRUE,"model3_overdisp","model3_overdisp",TRUE,TRUE,FALSE,FALSE,NA,NA,"voorkeursmodel_gekozen","voorkeursmodel_gekozen",NA,NA,"Overdispersion 0.5 <1; consider setting overdisp=FALSE","Overdispersion 0.7 <1; consider setting overdisp=FALSE","model3_overdisp:ok:aic=NA || model3_overdisp_serialcor:ok:aic=NA || model3_basis:ok:aic=NA || model2_basis:ok:aic=NA","model3_overdisp:ok:aic=NA || model3_overdisp_serialcor:ok:aic=NA || model3_basis:ok:aic=NA || model2_basis:ok:aic=NA",25,42,35,51,52,"vaste_voorkeurhierarchie_eerste_werkende_model","brugbare_tijdreeks"
208,14400,"Glanskop",1438,829,58,TRUE,TRUE,"model3_overdisp","model3_overdisp",TRUE,TRUE,FALSE,FALSE,NA,NA,"voorkeursmodel_gekozen","voorkeursmodel_gekozen",NA,NA,"Overdispersion 0.3 <1; consider setting overdisp=FALSE","Overdispersion 1.0 <1; consider setting overdisp=FALSE","model3_overdisp:ok:aic=NA || model3_overdisp_serialcor:ok:aic=NA || model3_basis:ok:aic=NA || model2_basis:ok:aic=NA","model3_overdisp:ok:aic=NA || model3_overdisp_serialcor:ok:aic=NA || model3_basis:ok:aic=NA || model2_basis:ok:aic=NA",16,42,16,46,46,"vaste_voorkeurhierarchie_eerste_werkende_model","brugbare_tijdreeks"
209,14420,"Matkop",815,140,54,TRUE,TRUE,"model2_basis","model2_basis",FALSE,FALSE,FALSE,FALSE,NA,NA,"model3_varianten_mislukt_fallback_naar_model2","model3_varianten_mislukt_fallback_naar_model2",NA,NA,NA,NA,"model3_overdisp:fout:system is computationally singular: reciprocal condition number = 1.61636e-17 || model3_overdisp_serialcor:fout:system is computationally singular: reciprocal condition number = 1.61636e-17 || model3_basis:fout:system is computationally singular: reciprocal condition number = 1.61636e-17 || model2_basis:ok:aic=NA","model3_overdisp:fout:Found zero or less counts for year 17, 18, 25, 26, 27, 28, 29, 30, 31, 32, 33, 34, 35, 36, 37, 38, 39, 40, 41 || model3_overdisp_serialcor:fout:Found zero or less counts for year 17, 18, 25, 26, 27, 28, 29, 30, 31, 32, 33, 34, 35, 36, 37, 38, 39, 40, 41 || model3_basis:fout:Found zero or less counts for year 17, 18, 25, 26, 27, 28, 29, 30, 31, 32, 33, 34, 35, 36, 37, 38, 39, 40, 41 || model2_basis:ok:aic=NA",12,23,10,25,27,"vaste_voorkeurhierarchie_eerste_werkende_model","brugbare_tijdreeks"
210,14540,"Kuifmees",513,154,52,TRUE,TRUE,"model2_basis","model3_overdisp",FALSE,TRUE,FALSE,FALSE,NA,NA,"model3_varianten_mislukt_fallback_naar_model2","voorkeursmodel_gekozen",NA,NA,NA,"Overdispersion 0.8 <1; consider setting overdisp=FALSE","model3_overdisp:fout:Not enough positive observations (10) to specify 11 parameters (2 alpha + 9 beta) || model3_overdisp_serialcor:fout:Not enough positive observations (10) to specify 11 parameters (2 alpha + 9 beta) || model3_basis:fout:Not enough positive observations (10) to specify 11 parameters (2 alpha + 9 beta) || model2_basis:ok:aic=NA","model3_overdisp:ok:aic=NA || model3_overdisp_serialcor:ok:aic=NA || model3_basis:ok:aic=NA || model2_basis:ok:aic=NA",10,42,2,16,16,"vaste_voorkeurhierarchie_eerste_werkende_model","brugbare_tijdreeks"
212,14610,"Zwarte Mees",466,76,48,TRUE,TRUE,"model2_basis","model2_basis",FALSE,FALSE,FALSE,FALSE,NA,NA,"model3_varianten_mislukt_fallback_naar_model2","model3_varianten_mislukt_fallback_naar_model2",NA,NA,NA,NA,"model3_overdisp:fout:Not enough positive observations (6) to specify 7 parameters (2 alpha + 5 beta) || model3_overdisp_serialcor:fout:Not enough positive observations (6) to specify 7 parameters (2 alpha + 5 beta) || model3_basis:fout:Not enough positive observations (6) to specify 7 parameters (2 alpha + 5 beta) || model2_basis:ok:aic=NA","model3_overdisp:fout:Found zero or less counts for year 5, 8, 16, 27, 28, 32, 38, 39 || model3_overdisp_serialcor:fout:Found zero or less counts for year 5, 8, 16, 27, 28, 32, 38, 39 || model3_basis:fout:Found zero or less counts for year 5, 8, 16, 27, 28, 32, 38, 39 || model2_basis:ok:aic=NA",6,34,2,13,13,"vaste_voorkeurhierarchie_eerste_werkende_model","brugbare_tijdreeks"
213,14620,"Pimpelmees",1617,1477,61,TRUE,TRUE,"model3_overdisp","model3_overdisp",TRUE,TRUE,FALSE,FALSE,NA,NA,"voorkeursmodel_gekozen","voorkeursmodel_gekozen",NA,NA,"Overdispersion 0.7 <1; consider setting overdisp=FALSE",NA,"model3_overdisp:ok:aic=NA || model3_overdisp_serialcor:ok:aic=NA || model3_basis:ok:aic=NA || model2_basis:ok:aic=NA","model3_overdisp:ok:aic=NA || model3_overdisp_serialcor:ok:aic=NA || model3_basis:ok:aic=NA || model2_basis:ok:aic=NA",19,42,29,52,52,"vaste_voorkeurhierarchie_eerste_werkende_model","brugbare_tijdreeks"
214,14640,"Koolmees",1890,1866,68,TRUE,TRUE,"model3_overdisp","model3_overdisp",TRUE,TRUE,FALSE,FALSE,NA,NA,"voorkeursmodel_gekozen","voorkeursmodel_gekozen",NA,NA,"Overdispersion 0.9 <1; consider setting overdisp=FALSE",NA,"model3_overdisp:ok:aic=NA || model3_overdisp_serialcor:ok:aic=NA || model3_basis:ok:aic=NA || model2_basis:ok:aic=NA","model3_overdisp:ok:aic=NA || model3_overdisp_serialcor:ok:aic=NA || model3_basis:ok:aic=NA || model2_basis:ok:aic=NA",26,42,40,52,52,"vaste_voorkeurhierarchie_eerste_werkende_model","brugbare_tijdreeks"
215,14790,"Boomklever",917,145,48,TRUE,TRUE,"model2_basis","model2_basis",FALSE,FALSE,FALSE,FALSE,NA,NA,"model3_varianten_mislukt_fallback_naar_model2","model3_varianten_mislukt_fallback_naar_model2",NA,NA,NA,NA,"model3_overdisp:fout:Not enough positive observations (8) to specify 10 parameters (5 alpha + 5 beta) || model3_overdisp_serialcor:fout:Not enough positive observations (8) to specify 10 parameters (5 alpha + 5 beta) || model3_basis:fout:Not enough positive observations (8) to specify 10 parameters (5 alpha + 5 beta) || model2_basis:ok:aic=NA","model3_overdisp:fout:Found zero or less counts for year 2 || model3_overdisp_serialcor:fout:Found zero or less counts for year 2 || model3_basis:fout:Found zero or less counts for year 2 || model2_basis:ok:aic=NA",6,37,5,20,22,"vaste_voorkeurhierarchie_eerste_werkende_model","brugbare_tijdreeks"
217,14870,"Boomkruiper",1273,694,51,TRUE,TRUE,"model2_basis","model3_overdisp",FALSE,TRUE,FALSE,FALSE,NA,NA,"model3_varianten_mislukt_fallback_naar_model2","voorkeursmodel_gekozen",NA,NA,NA,"Overdispersion 1.0 <1; consider setting overdisp=FALSE","model3_overdisp:fout:Lapack routine dgesv: system is exactly singular: U[1,1] = 0 || model3_overdisp_serialcor:fout:Lapack routine dgesv: system is exactly singular: U[1,1] = 0 || model3_basis:fout:Lapack routine dgesv: system is exactly singular: U[1,1] = 0 || model2_basis:ok:aic=NA","model3_overdisp:ok:aic=NA || model3_overdisp_serialcor:ok:aic=NA || model3_basis:ok:aic=NA || model2_basis:ok:aic=NA",9,42,11,44,44,"vaste_voorkeurhierarchie_eerste_werkende_model","brugbare_tijdreeks"
218,15080,"Wielewaal",1122,181,53,TRUE,TRUE,"model3_basis","model2_basis",FALSE,FALSE,FALSE,FALSE,NA,NA,"overdisp_varianten_mislukt_fallback_naar_basis","model3_varianten_mislukt_fallback_naar_model2",NA,NA,NA,NA,"model3_overdisp:fout:Overdispersion apparently 0; consider setting overdisp=FALSE || model3_overdisp_serialcor:fout:Overdispersion apparently 0; consider setting overdisp=FALSE || model3_basis:ok:aic=NA || model2_basis:ok:aic=NA","model3_overdisp:fout:Found zero or less counts for year 27 || model3_overdisp_serialcor:fout:Found zero or less counts for year 27 || model3_basis:fout:Found zero or less counts for year 27 || model2_basis:ok:aic=NA",11,41,3,37,37,"vaste_voorkeurhierarchie_eerste_werkende_model","brugbare_tijdreeks"
219,15150,"Grauwe Klauwier",576,52,61,TRUE,TRUE,"model3_overdisp","model2_basis",TRUE,FALSE,FALSE,FALSE,NA,NA,"voorkeursmodel_gekozen","model3_varianten_mislukt_fallback_naar_model2",NA,NA,"Overdispersion 0.3 <1; consider setting overdisp=FALSE",NA,"model3_overdisp:ok:aic=NA || model3_overdisp_serialcor:ok:aic=NA || model3_basis:ok:aic=NA || model2_basis:ok:aic=NA","model3_overdisp:fout:Found zero or less counts for year 2, 3, 4, 5, 6, 7, 8, 9, 10, 11, 12, 13, 14, 15, 16, 17, 18, 19, 20, 21, 22, 23, 25, 26, 27, 28, 29, 30, 31, 32, 33, 34, 35, 36, 37, 38, 39, 40 || model3_overdisp_serialcor:fout:Found zero or less counts for year 2, 3, 4, 5, 6, 7, 8, 9, 10, 11, 12, 13, 14, 15, 16, 17, 18, 19, 20, 21, 22, 23, 25, 26, 27, 28, 29, 30, 31, 32, 33, 34, 35, 36, 37, 38, 39, 40 || model3_basis:fout:Found zero or less counts for year 2, 3, 4, 5, 6, 7, 8, 9, 10, 11, 12, 13, 14, 15, 16, 17, 18, 19, 20, 21, 22, 23, 25, 26, 27, 28, 29, 30, 31, 32, 33, 34, 35, 36, 37, 38, 39, 40 || model2_basis:ok:aic=NA",19,4,12,9,17,"vaste_voorkeurhierarchie_eerste_werkende_model","brugbare_tijdreeks"
222,15390,"Gaai",1683,1466,67,TRUE,TRUE,"model3_overdisp","model3_overdisp",TRUE,TRUE,FALSE,FALSE,NA,NA,"voorkeursmodel_gekozen","voorkeursmodel_gekozen",NA,NA,"Overdispersion 0.4 <1; consider setting overdisp=FALSE","Overdispersion 0.6 <1; consider setting overdisp=FALSE","model3_overdisp:ok:aic=NA || model3_overdisp_serialcor:ok:aic=NA || model3_basis:ok:aic=NA || model2_basis:ok:aic=NA","model3_overdisp:ok:aic=NA || model3_overdisp_serialcor:ok:aic=NA || model3_basis:ok:aic=NA || model2_basis:ok:aic=NA",25,42,34,51,51,"vaste_voorkeurhierarchie_eerste_werkende_model","brugbare_tijdreeks"
223,15490,"Ekster",1721,1130,68,TRUE,TRUE,"model3_overdisp","model3_overdisp",TRUE,TRUE,FALSE,FALSE,NA,NA,"voorkeursmodel_gekozen","voorkeursmodel_gekozen",NA,NA,"Overdispersion 0.6 <1; consider setting overdisp=FALSE",NA,"model3_overdisp:ok:aic=NA || model3_overdisp_serialcor:ok:aic=NA || model3_basis:ok:aic=NA || model2_basis:ok:aic=NA","model3_overdisp:ok:aic=NA || model3_overdisp_serialcor:ok:aic=NA || model3_basis:ok:aic=NA || model2_basis:ok:aic=NA",26,42,37,50,51,"vaste_voorkeurhierarchie_eerste_werkende_model","brugbare_tijdreeks"
224,15600,"Kauw",1178,430,59,TRUE,TRUE,"model2_basis","model3_overdisp",FALSE,TRUE,FALSE,FALSE,NA,NA,"model3_varianten_mislukt_fallback_naar_model2","voorkeursmodel_gekozen",NA,NA,NA,NA,"model3_overdisp:fout:system is computationally singular: reciprocal condition number = 1.31681e-18 || model3_overdisp_serialcor:fout:system is computationally singular: reciprocal condition number = 1.31681e-18 || model3_basis:fout:system is computationally singular: reciprocal condition number = 1.31681e-18 || model2_basis:ok:aic=NA","model3_overdisp:ok:aic=NA || model3_overdisp_serialcor:ok:aic=NA || model3_basis:ok:aic=NA || model2_basis:ok:aic=NA",17,42,21,37,38,"vaste_voorkeurhierarchie_eerste_werkende_model","brugbare_tijdreeks"
225,15630,"Roek",37,8,28,FALSE,FALSE,NA,NA,FALSE,FALSE,FALSE,FALSE,NA,NA,"geen_model","geen_model","te_weinig_data_pre","te_weinig_data_post",NA,NA,NA,NA,0,8,0,1,1,"vaste_voorkeurhierarchie_eerste_werkende_model","lokaal_incidenteel"
226,15671,"Zwarte Kraai",1571,1231,61,TRUE,TRUE,"model3_overdisp","model3_overdisp",TRUE,TRUE,FALSE,FALSE,NA,NA,"voorkeursmodel_gekozen","voorkeursmodel_gekozen",NA,NA,"Overdispersion 0.1 <1; consider setting overdisp=FALSE","Overdispersion 0.6 <1; consider setting overdisp=FALSE","model3_overdisp:ok:aic=NA || model3_overdisp_serialcor:ok:aic=NA || model3_basis:ok:aic=NA || model2_basis:ok:aic=NA","model3_overdisp:ok:aic=NA || model3_overdisp_serialcor:ok:aic=NA || model3_basis:ok:aic=NA || model2_basis:ok:aic=NA",19,42,26,52,52,"vaste_voorkeurhierarchie_eerste_werkende_model","brugbare_tijdreeks"
227,15673,"Bonte Kraai",45,1,33,FALSE,FALSE,NA,NA,FALSE,FALSE,FALSE,FALSE,NA,NA,"geen_model","geen_model","te_weinig_data_pre","te_weinig_data_post",NA,NA,NA,NA,0,1,0,1,1,"vaste_voorkeurhierarchie_eerste_werkende_model","te_zeldzaam"
229,15820,"Spreeuw",1340,437,59,TRUE,TRUE,"model3_overdisp","model3_overdisp",TRUE,TRUE,FALSE,FALSE,NA,NA,"voorkeursmodel_gekozen","voorkeursmodel_gekozen",NA,NA,"Overdispersion 0.7 <1; consider setting overdisp=FALSE",NA,"model3_overdisp:ok:aic=NA || model3_overdisp_serialcor:ok:aic=NA || model3_basis:ok:aic=NA || model2_basis:ok:aic=NA","model3_overdisp:ok:aic=NA || model3_overdisp_serialcor:ok:aic=NA || model3_basis:ok:aic=NA || model2_basis:ok:aic=NA",17,42,31,31,41,"vaste_voorkeurhierarchie_eerste_werkende_model","brugbare_tijdreeks"
231,15910,"Huismus",377,70,54,TRUE,TRUE,"model2_basis","model2_basis",FALSE,FALSE,FALSE,FALSE,NA,NA,"model3_varianten_mislukt_fallback_naar_model2","model3_varianten_mislukt_fallback_naar_model2",NA,NA,NA,NA,"model3_overdisp:fout:system is computationally singular: reciprocal condition number = 1.65469e-17 || model3_overdisp_serialcor:fout:system is computationally singular: reciprocal condition number = 1.65469e-17 || model3_basis:fout:system is computationally singular: reciprocal condition number = 1.65469e-17 || model2_basis:ok:aic=NA","model3_overdisp:fout:Found zero or less counts for year 7, 18, 19, 20, 22, 24, 25, 27, 29, 30 || model3_overdisp_serialcor:fout:Found zero or less counts for year 7, 18, 19, 20, 22, 24, 25, 27, 29, 30 || model3_basis:fout:Found zero or less counts for year 7, 18, 19, 20, 22, 24, 25, 27, 29, 30 || model2_basis:ok:aic=NA",12,31,9,11,18,"vaste_voorkeurhierarchie_eerste_werkende_model","brugbare_tijdreeks"
232,15980,"Ringmus",1034,260,58,TRUE,TRUE,"model3_overdisp","model2_basis",TRUE,FALSE,FALSE,FALSE,NA,NA,"voorkeursmodel_gekozen","model3_varianten_mislukt_fallback_naar_model2",NA,NA,NA,"Data ends with 22 years without positive observations.","model3_overdisp:ok:aic=NA || model3_overdisp_serialcor:ok:aic=NA || model3_basis:ok:aic=NA || model2_basis:ok:aic=NA","model3_overdisp:fout:Found zero or less counts for year 17, 18, 21, 22, 23, 24, 25, 26, 27, 28, 29, 30, 31, 32, 33, 34, 35, 36, 37, 38, 39, 40, 41, 42 || model3_overdisp_serialcor:fout:Found zero or less counts for year 17, 18, 21, 22, 23, 24, 25, 26, 27, 28, 29, 30, 31, 32, 33, 34, 35, 36, 37, 38, 39, 40, 41, 42 || model3_basis:fout:Found zero or less counts for year 17, 18, 21, 22, 23, 24, 25, 26, 27, 28, 29, 30, 31, 32, 33, 34, 35, 36, 37, 38, 39, 40, 41, 42 || model2_basis:ok:aic=NA",16,18,30,28,34,"vaste_voorkeurhierarchie_eerste_werkende_model","brugbare_tijdreeks"
233,16360,"Vink",1442,1066,52,TRUE,TRUE,"model2_basis","model3_overdisp",FALSE,TRUE,FALSE,FALSE,NA,NA,"model3_varianten_mislukt_fallback_naar_model2","voorkeursmodel_gekozen",NA,NA,NA,NA,"model3_overdisp:fout:Not enough positive observations (11) to specify 13 parameters (4 alpha + 9 beta) || model3_overdisp_serialcor:fout:Not enough positive observations (11) to specify 13 parameters (4 alpha + 9 beta) || model3_basis:fout:Not enough positive observations (11) to specify 13 parameters (4 alpha + 9 beta) || model2_basis:ok:aic=NA","model3_overdisp:ok:aic=NA || model3_overdisp_serialcor:fout:Model can't be estimated due to excessive low beta value at year #5 (5).
 || model3_basis:ok:aic=NA || model2_basis:ok:aic=NA",10,42,4,52,52,"vaste_voorkeurhierarchie_eerste_werkende_model","brugbare_tijdreeks"
236,16490,"Groenling",1538,413,62,TRUE,TRUE,"model3_overdisp","model2_basis",TRUE,FALSE,FALSE,FALSE,NA,NA,"voorkeursmodel_gekozen","model3_varianten_mislukt_fallback_naar_model2",NA,NA,"Overdispersion 0.4 <1; consider setting overdisp=FALSE",NA,"model3_overdisp:ok:aic=NA || model3_overdisp_serialcor:ok:aic=NA || model3_basis:ok:aic=NA || model2_basis:ok:aic=NA","model3_overdisp:fout:Found zero or less counts for year 24, 26 || model3_overdisp_serialcor:fout:Found zero or less counts for year 24, 26 || model3_basis:fout:Found zero or less counts for year 24, 26 || model2_basis:ok:aic=NA",20,40,28,46,47,"vaste_voorkeurhierarchie_eerste_werkende_model","brugbare_tijdreeks"
237,16530,"Putter",1216,163,48,TRUE,TRUE,"model2_basis","model2_basis",FALSE,FALSE,FALSE,FALSE,NA,NA,"model3_varianten_mislukt_fallback_naar_model2","model3_varianten_mislukt_fallback_naar_model2",NA,NA,NA,NA,"model3_overdisp:fout:Not enough positive observations (7) to specify 8 parameters (3 alpha + 5 beta) || model3_overdisp_serialcor:fout:Not enough positive observations (7) to specify 8 parameters (3 alpha + 5 beta) || model3_basis:fout:Not enough positive observations (7) to specify 8 parameters (3 alpha + 5 beta) || model2_basis:ok:aic=NA","model3_overdisp:fout:Found zero or less counts for year 9, 13, 18, 19, 21, 23, 24, 26 || model3_overdisp_serialcor:fout:Found zero or less counts for year 9, 13, 18, 19, 21, 23, 24, 26 || model3_basis:fout:Found zero or less counts for year 9, 13, 18, 19, 21, 23, 24, 26 || model2_basis:ok:aic=NA",6,32,3,37,37,"vaste_voorkeurhierarchie_eerste_werkende_model","brugbare_tijdreeks"
238,16540,"Sijs",806,11,42,FALSE,TRUE,NA,"model2_basis",FALSE,FALSE,FALSE,FALSE,NA,NA,"geen_model","model3_varianten_mislukt_fallback_naar_model2","te_weinig_data_pre",NA,NA,"Data ends with 1 years without positive observations.",NA,"model3_overdisp:fout:Found zero or less counts for year 2, 3, 5, 6, 7, 8, 9, 10, 11, 12, 14, 15, 17, 18, 19, 20, 21, 22, 23, 24, 25, 26, 28, 29, 30, 31, 32, 33, 34, 37, 38, 40 || model3_overdisp_serialcor:fout:Found zero or less counts for year 2, 3, 5, 6, 7, 8, 9, 10, 11, 12, 14, 15, 17, 18, 19, 20, 21, 22, 23, 24, 25, 26, 28, 29, 30, 31, 32, 33, 34, 37, 38, 40 || model3_basis:fout:Found zero or less counts for year 2, 3, 5, 6, 7, 8, 9, 10, 11, 12, 14, 15, 17, 18, 19, 20, 21, 22, 23, 24, 25, 26, 28, 29, 30, 31, 32, 33, 34, 37, 38, 40 || model2_basis:ok:aic=NA",0,8,0,7,7,"vaste_voorkeurhierarchie_eerste_werkende_model","alleen_post_bruikbaar"
239,16600,"Kneu",1853,1199,68,TRUE,TRUE,"model3_overdisp","model3_overdisp",TRUE,TRUE,FALSE,FALSE,NA,NA,"voorkeursmodel_gekozen","voorkeursmodel_gekozen",NA,NA,NA,NA,"model3_overdisp:ok:aic=NA || model3_overdisp_serialcor:ok:aic=NA || model3_basis:ok:aic=NA || model2_basis:ok:aic=NA","model3_overdisp:ok:aic=NA || model3_overdisp_serialcor:ok:aic=NA || model3_basis:ok:aic=NA || model2_basis:ok:aic=NA",26,42,41,49,49,"vaste_voorkeurhierarchie_eerste_werkende_model","brugbare_tijdreeks"
240,16630,"Barmsijs",483,129,55,TRUE,FALSE,"model3_overdisp",NA,TRUE,FALSE,FALSE,FALSE,NA,NA,"voorkeursmodel_gekozen","geen_model",NA,"Not enough positive observations (3) to specify 4 parameters (3 alpha + 1 beta)","Overdispersion 0.8 <1; consider setting overdisp=FALSE",NA,"model3_overdisp:ok:aic=NA || model3_overdisp_serialcor:ok:aic=NA || model3_basis:ok:aic=NA || model2_basis:ok:aic=NA","model3_overdisp:fout:Not enough positive observations (3) to specify 5 parameters (3 alpha + 2 beta) || model3_overdisp_serialcor:fout:Not enough positive observations (3) to specify 5 parameters (3 alpha + 2 beta) || model3_basis:fout:Not enough positive observations (3) to specify 5 parameters (3 alpha + 2 beta) || model2_basis:fout:Not enough positive observations (3) to specify 4 parameters (3 alpha + 1 beta)",13,3,26,3,27,"vaste_voorkeurhierarchie_eerste_werkende_model","alleen_pre_bruikbaar"
242,16634,"Kleine Barmsijs",1004,124,42,FALSE,TRUE,NA,"model2_basis",FALSE,FALSE,FALSE,FALSE,NA,NA,"geen_model","model3_varianten_mislukt_fallback_naar_model2","te_weinig_data_pre",NA,NA,"Data ends with 5 years without positive observations.",NA,"model3_overdisp:fout:Found zero or less counts for year 12, 15, 20, 22, 23, 24, 25, 26, 27, 28, 29, 30, 31, 32, 33, 34, 35, 36, 38, 39, 40, 41, 42 || model3_overdisp_serialcor:fout:Found zero or less counts for year 12, 15, 20, 22, 23, 24, 25, 26, 27, 28, 29, 30, 31, 32, 33, 34, 35, 36, 38, 39, 40, 41, 42 || model3_basis:fout:Found zero or less counts for year 12, 15, 20, 22, 23, 24, 25, 26, 27, 28, 29, 30, 31, 32, 33, 34, 35, 36, 38, 39, 40, 41, 42 || model2_basis:ok:aic=NA",0,19,0,29,29,"vaste_voorkeurhierarchie_eerste_werkende_model","alleen_post_bruikbaar"
243,16660,"Kruisbek",390,6,42,FALSE,TRUE,NA,"model2_basis",FALSE,FALSE,FALSE,FALSE,NA,NA,"geen_model","model3_varianten_mislukt_fallback_naar_model2","te_weinig_data_pre",NA,NA,"Data ends with 22 years without positive observations.",NA,"model3_overdisp:fout:Found zero or less counts for year 2, 4, 5, 7, 8, 9, 11, 13, 14, 16, 17, 18, 19, 20, 21, 22, 23, 24, 25, 26, 27, 28, 29, 30, 31, 32, 33, 34, 35, 36, 37 || model3_overdisp_serialcor:fout:Found zero or less counts for year 2, 4, 5, 7, 8, 9, 11, 13, 14, 16, 17, 18, 19, 20, 21, 22, 23, 24, 25, 26, 27, 28, 29, 30, 31, 32, 33, 34, 35, 36, 37 || model3_basis:fout:Found zero or less counts for year 2, 4, 5, 7, 8, 9, 11, 13, 14, 16, 17, 18, 19, 20, 21, 22, 23, 24, 25, 26, 27, 28, 29, 30, 31, 32, 33, 34, 35, 36, 37 || model2_basis:ok:aic=NA",0,6,0,3,3,"vaste_voorkeurhierarchie_eerste_werkende_model","alleen_post_bruikbaar"
245,16790,"Roodmus",281,4,43,FALSE,TRUE,NA,"model2_basis",FALSE,FALSE,FALSE,FALSE,NA,NA,"geen_model","model3_varianten_mislukt_fallback_naar_model2","te_weinig_data_pre",NA,NA,"Data ends with 28 years without positive observations.",NA,"model3_overdisp:fout:Found zero or less counts for year 2, 3, 4, 7, 8, 9, 10, 11, 12, 13, 14, 15, 16, 17, 18, 19, 20, 21, 22, 23, 24, 25, 26, 27, 28, 29, 30, 31, 32, 33, 34 || model3_overdisp_serialcor:fout:Found zero or less counts for year 2, 3, 4, 7, 8, 9, 10, 11, 12, 13, 14, 15, 16, 17, 18, 19, 20, 21, 22, 23, 24, 25, 26, 27, 28, 29, 30, 31, 32, 33, 34 || model3_basis:fout:Found zero or less counts for year 2, 3, 4, 7, 8, 9, 10, 11, 12, 13, 14, 15, 16, 17, 18, 19, 20, 21, 22, 23, 24, 25, 26, 27, 28, 29, 30, 31, 32, 33, 34 || model2_basis:ok:aic=NA",1,3,1,2,3,"vaste_voorkeurhierarchie_eerste_werkende_model","alleen_post_bruikbaar"
246,17100,"Goudvink",1501,861,59,TRUE,TRUE,"model3_overdisp","model3_overdisp",TRUE,TRUE,FALSE,FALSE,NA,NA,"voorkeursmodel_gekozen","voorkeursmodel_gekozen",NA,NA,"Overdispersion 0.4 <1; consider setting overdisp=FALSE","Overdispersion 0.8 <1; consider setting overdisp=FALSE","model3_overdisp:ok:aic=NA || model3_overdisp_serialcor:ok:aic=NA || model3_basis:ok:aic=NA || model2_basis:ok:aic=NA","model3_overdisp:ok:aic=NA || model3_overdisp_serialcor:ok:aic=NA || model3_basis:ok:aic=NA || model2_basis:ok:aic=NA",17,42,27,48,48,"vaste_voorkeurhierarchie_eerste_werkende_model","brugbare_tijdreeks"
248,17170,"Appelvink",894,87,42,FALSE,TRUE,NA,"model2_basis",FALSE,FALSE,FALSE,FALSE,NA,NA,"geen_model","model3_varianten_mislukt_fallback_naar_model2","te_weinig_data_pre",NA,NA,NA,NA,"model3_overdisp:fout:Found zero or less counts for year 2, 3, 10, 11, 12, 15, 16, 18, 20, 22 || model3_overdisp_serialcor:fout:Found zero or less counts for year 2, 3, 10, 11, 12, 15, 16, 18, 20, 22 || model3_basis:fout:Found zero or less counts for year 2, 3, 10, 11, 12, 15, 16, 18, 20, 22 || model2_basis:ok:aic=NA",0,27,0,27,27,"vaste_voorkeurhierarchie_eerste_werkende_model","alleen_post_bruikbaar"
249,18570,"Geelgors",29,9,28,TRUE,FALSE,"model2_basis",NA,FALSE,FALSE,FALSE,FALSE,NA,NA,"model3_varianten_mislukt_fallback_naar_model2","geen_model",NA,"te_weinig_data_post",NA,NA,"model3_overdisp:fout:Not enough positive observations (8) to specify 9 parameters (3 alpha + 6 beta) || model3_overdisp_serialcor:fout:Not enough positive observations (8) to specify 9 parameters (3 alpha + 6 beta) || model3_basis:fout:Not enough positive observations (8) to specify 9 parameters (3 alpha + 6 beta) || model2_basis:ok:aic=NA",NA,7,1,3,1,4,"vaste_voorkeurhierarchie_eerste_werkende_model","alleen_pre_bruikbaar"
251,18770,"Rietgors",1369,896,68,TRUE,TRUE,"model3_overdisp","model3_overdisp",TRUE,TRUE,FALSE,FALSE,NA,NA,"voorkeursmodel_gekozen","voorkeursmodel_gekozen",NA,NA,"Overdispersion 0.8 <1; consider setting overdisp=FALSE","Overdispersion 0.8 <1; consider setting overdisp=FALSE","model3_overdisp:ok:aic=NA || model3_overdisp_serialcor:ok:aic=NA || model3_basis:ok:aic=NA || model2_basis:ok:aic=NA","model3_overdisp:ok:aic=NA || model3_overdisp_serialcor:ok:aic=NA || model3_basis:ok:aic=NA || model2_basis:ok:aic=NA",26,42,30,31,34,"vaste_voorkeurhierarchie_eerste_werkende_model","brugbare_tijdreeks"
