"soort_id","euring_code","soort_naam","analyse_categorie","basisjaar_index_gebrugged","basisjaar_toelichting","eerste_jaar","laatste_jaar","n_jaren_index","brugfactor","brugmethode","trend_contract","overall_trend_formaliteit","overall_periode","overall_eerste_jaar","overall_laatste_jaar","overall_n_kalenderjaren","overall_n_modeltijdpunten","overall_trend_pct_per_jaar","overall_trend_methode","overall_trend_status","trend_pre_formaliteit","trend_pre_periode","trend_pre_eerste_jaar","trend_pre_laatste_jaar","trend_pre_n_kalenderjaren","trend_pre_n_modeltijdpunten","trend_pre_pct_per_jaar","trend_pre_se_pct","trend_pre_ci95_laag_pct","trend_pre_ci95_hoog_pct","trend_pre_p","trend_pre_methode","trend_pre_status","trend_pre_klasse","trend_pre_duiding_type","trend_pre_model","trend_pre_model_fallback_reden","trend_post_formaliteit","trend_post_periode","trend_post_eerste_jaar","trend_post_laatste_jaar","trend_post_n_kalenderjaren","trend_post_n_modeltijdpunten","trend_post_pct_per_jaar","trend_post_se_pct","trend_post_ci95_laag_pct","trend_post_ci95_hoog_pct","trend_post_p","trend_post_methode","trend_post_status","trend_post_klasse","trend_post_duiding_type","trend_post_model","trend_post_model_fallback_reden"
1,70,"Dodaars","brugbare_tijdreeks",1958,"index_gebrugged = 100 in het eerste analysejaar vanaf eerste positieve jaar",1958,2025,68,1.96263066006555,"1981_1983_naar_1984_1986","trim-trend-v2","beschrijvend","1958-2025",1958,2025,68,68,1.60285117783148,"loglineaire samenvatting van geschatte indices; geen formele inferentie","gebrugde_reeks_zonder_bootstrap","formeel","1958-1983",1958,1983,26,26,-0.836423912492024,0.416805195018599,-1.69294701614574,0.0275618482633355,0.0571316462081342,"rtrim::overall(imputed); volledige variantie-covariantiematrix","beschikbaar","stabiel","rtrim_overall_classificatie","model3_overdisp","voorkeursmodel_gekozen","formeel","1984-2025",1984,2025,42,42,1.17904089683576,0.309717890342175,0.555010023436653,1.80694442193929,0.000443141099857404,"rtrim::overall(imputed); volledige variantie-covariantiematrix","beschikbaar","matige_toename_p_kleiner_dan_0_01","rtrim_overall_classificatie","model3_overdisp","voorkeursmodel_gekozen"
2,90,"Fuut","brugbare_tijdreeks",1964,"index_gebrugged = 100 in het eerste analysejaar vanaf eerste positieve jaar",1964,2025,62,11.2520138776567,"1981_1983_naar_1984_1986","trim-trend-v2","beschrijvend","1958-2025",1964,2025,62,62,-0.0412948051702777,"loglineaire samenvatting van geschatte indices; geen formele inferentie","gebrugde_reeks_zonder_bootstrap","formeel","1958-1983",1964,1983,20,20,11.4096219497797,1.68057050092669,7.9342354712026,14.9969127849563,1.14028860189823e-06,"rtrim::overall(imputed); volledige variantie-covariantiematrix","beschikbaar","sterke_toename_p_kleiner_dan_0_01","rtrim_overall_classificatie","model3_overdisp","voorkeursmodel_gekozen","formeel","1984-2025",1984,2025,42,42,-2.79882954278887,0.174971205507277,-3.15181704460021,-2.44455548946325,9.15028683542235e-19,"rtrim::overall(imputed); volledige variantie-covariantiematrix","beschikbaar","matige_afname_p_kleiner_dan_0_01","rtrim_overall_classificatie","model3_overdisp","voorkeursmodel_gekozen"
4,120,"Geoorde Fuut","brugbare_tijdreeks",1960,"index_gebrugged = 100 in het eerste analysejaar vanaf eerste positieve jaar",1960,2025,61,8.0855148320283,"1981_1983_naar_1984_1986","trim-trend-v2","beschrijvend","1958-2025",1960,2025,66,61,-3.3399221792922,"loglineaire samenvatting van geschatte indices; geen formele inferentie","gebrugde_reeks_zonder_bootstrap","niet_formeel","1958-1983",1960,1983,24,19,NA,NA,NA,NA,NA,NA,"kalenderjaargaten",NA,NA,"model2_basis","model3_varianten_mislukt_fallback_naar_model2","formeel","1984-2025",1984,2025,42,42,-9.85422652359502,47.8647670547613,-69.1759203280929,163.633515165922,0.846083026744732,"rtrim::overall(imputed); volledige variantie-covariantiematrix","beschikbaar","onzeker","rtrim_overall_classificatie","model2_basis","model3_varianten_mislukt_fallback_naar_model2"
5,720,"Aalscholver","alleen_post_bruikbaar",1988,"index_gebrugged = 100 in het eerste analysejaar vanaf eerste positieve jaar",1988,2025,38,1,"alleen_post","trim-trend-v2","beschrijvend","1958-2025",1988,2025,38,38,15.102168659157,"loglineaire samenvatting van geschatte indices; geen formele inferentie","onvolledige_langetermijnreeks","niet_beschikbaar","1958-1983",1958,1983,26,0,NA,NA,NA,NA,NA,NA,"geen_model",NA,NA,NA,"geen_model","formeel","1984-2025",1988,2025,38,38,15.1021686591569,3.23286974054282,8.72884982495852,21.8490699696506,1.46762482868543e-05,"rtrim::overall(imputed); volledige variantie-covariantiematrix","beschikbaar","sterke_toename_p_kleiner_dan_0_05","rtrim_overall_classificatie","model2_basis","model3_varianten_mislukt_fallback_naar_model2"
7,950,"Roerdomp","alleen_post_bruikbaar",1984,"index_gebrugged = 100 in het eerste analysejaar vanaf eerste positieve jaar",1984,2025,42,1,"alleen_post","trim-trend-v2","beschrijvend","1958-2025",1984,2025,42,42,13.226017918349,"loglineaire samenvatting van geschatte indices; geen formele inferentie","onvolledige_langetermijnreeks","niet_beschikbaar","1958-1983",1958,1983,26,0,NA,NA,NA,NA,NA,NA,"geen_model",NA,NA,NA,"geen_model","formeel","1984-2025",1984,2025,42,42,13.2260179183488,14.0594568890949,-11.9041174839137,45.5247483479751,0.323151771009043,"rtrim::overall(imputed); volledige variantie-covariantiematrix","beschikbaar","onzeker","rtrim_overall_classificatie","model2_basis","model3_varianten_mislukt_fallback_naar_model2"
8,980,"Woudaap","alleen_post_bruikbaar",1991,"index_gebrugged = 100 in het eerste analysejaar vanaf eerste positieve jaar",1991,2025,35,1,"alleen_post","trim-trend-v2","beschrijvend","1958-2025",1991,2025,35,35,5.02539804699058,"loglineaire samenvatting van geschatte indices; geen formele inferentie","onvolledige_langetermijnreeks","niet_beschikbaar","1958-1983",1958,1983,26,0,NA,NA,NA,NA,NA,NA,"geen_model",NA,NA,NA,"geen_model","formeel","1984-2025",1991,2025,35,35,8.09051995715289,11.4981841730817,-12.9444499070322,34.2081061130581,0.469720840740331,"rtrim::overall(imputed); volledige variantie-covariantiematrix","beschikbaar","onzeker","rtrim_overall_classificatie","model2_basis","model3_varianten_mislukt_fallback_naar_model2"
11,1220,"Blauwe Reiger","alleen_post_bruikbaar",1990,"index_gebrugged = 100 in het eerste analysejaar vanaf eerste positieve jaar",1990,2025,36,1,"alleen_post","trim-trend-v2","beschrijvend","1958-2025",1990,2025,36,36,-23.9098561383617,"loglineaire samenvatting van geschatte indices; geen formele inferentie","onvolledige_langetermijnreeks","niet_beschikbaar","1958-1983",1958,1983,26,0,NA,NA,NA,NA,NA,NA,"geen_model",NA,NA,NA,"geen_model","formeel","1984-2025",1990,2025,36,36,-14.1732176056823,1.65152602326774,-17.4647443425748,-10.7504239553552,2.97640406513145e-09,"rtrim::overall(imputed); volledige variantie-covariantiematrix","beschikbaar","sterke_afname_p_kleiner_dan_0_01","rtrim_overall_classificatie","model2_basis","model3_varianten_mislukt_fallback_naar_model2"
17,1520,"Knobbelzwaan","brugbare_tijdreeks",1975,"index_gebrugged = 100 in het eerste analysejaar vanaf eerste positieve jaar",1975,2025,50,0.769895838582961,"1981_1983_naar_1984_1986","trim-trend-v2","beschrijvend","1958-2025",1975,2025,51,50,-0.222866139986266,"loglineaire samenvatting van geschatte indices; geen formele inferentie","gebrugde_reeks_zonder_bootstrap","niet_formeel","1958-1983",1975,1983,9,8,NA,NA,NA,NA,NA,NA,"kalenderjaargaten",NA,NA,"model3_basis","overdisp_varianten_mislukt_fallback_naar_basis","formeel","1984-2025",1984,2025,42,42,-0.0776313289553077,0.3487256908375,-0.779952423281549,0.629661088521671,0.825035352748358,"rtrim::overall(imputed); volledige variantie-covariantiematrix","beschikbaar","stabiel","rtrim_overall_classificatie","model3_overdisp","voorkeursmodel_gekozen"
21,1610,"Grauwe Gans","alleen_post_bruikbaar",1996,"index_gebrugged = 100 in het eerste analysejaar vanaf eerste positieve jaar",1996,2025,30,1,"alleen_post","trim-trend-v2","beschrijvend","1958-2025",1996,2025,30,30,9.75354481348272,"loglineaire samenvatting van geschatte indices; geen formele inferentie","onvolledige_langetermijnreeks","niet_beschikbaar","1958-1983",1958,1983,26,0,NA,NA,NA,NA,NA,NA,"geen_model",NA,NA,NA,"geen_model","formeel","1984-2025",1996,2025,30,30,9.75354481348274,0.756453017975579,8.21490800617619,11.3140584884817,8.7660889684364e-14,"rtrim::overall(imputed); volledige variantie-covariantiematrix","beschikbaar","sterke_toename_p_kleiner_dan_0_01","rtrim_overall_classificatie","model3_overdisp","voorkeursmodel_gekozen"
22,1619,"Soepgans","alleen_post_bruikbaar",2004,"index_gebrugged = 100 in het eerste analysejaar vanaf eerste positieve jaar",2004,2025,22,1,"alleen_post","trim-trend-v2","beschrijvend","1958-2025",2004,2025,22,22,-2.37946607027976,"loglineaire samenvatting van geschatte indices; geen formele inferentie","onvolledige_langetermijnreeks","niet_beschikbaar","1958-1983",1958,1983,26,0,NA,NA,NA,NA,NA,NA,"geen_model",NA,NA,NA,"geen_model","formeel","1984-2025",2004,2025,22,22,-2.37946607027975,6.59413087723575,-15.2094634600038,12.3918898688466,0.725185931711506,"rtrim::overall(imputed); volledige variantie-covariantiematrix","beschikbaar","onzeker","rtrim_overall_classificatie","model2_basis","model3_varianten_mislukt_fallback_naar_model2"
25,1661,"Grote Canadese Gans","alleen_post_bruikbaar",1999,"index_gebrugged = 100 in het eerste analysejaar vanaf eerste positieve jaar",1999,2025,27,1,"alleen_post","trim-trend-v2","beschrijvend","1958-2025",1999,2025,27,27,6.10944010721519,"loglineaire samenvatting van geschatte indices; geen formele inferentie","onvolledige_langetermijnreeks","niet_beschikbaar","1958-1983",1958,1983,26,0,NA,NA,NA,NA,NA,NA,"geen_model",NA,NA,NA,"geen_model","formeel","1984-2025",1999,2025,27,27,6.10944010721519,0.712563043256947,4.65199093642039,7.58718662798339,3.7053687409488e-09,"rtrim::overall(imputed); volledige variantie-covariantiematrix","beschikbaar","matige_toename_p_kleiner_dan_0_01","rtrim_overall_classificatie","model3_overdisp","voorkeursmodel_gekozen"
27,1700,"Nijlgans","brugbare_tijdreeks",1973,"index_gebrugged = 100 in het eerste analysejaar vanaf eerste positieve jaar",1973,2025,49,0.802705182898192,"1981_1983_naar_1984_1986","trim-trend-v2","beschrijvend","1958-2025",1973,2025,53,49,-0.490538824032849,"loglineaire samenvatting van geschatte indices; geen formele inferentie","gebrugde_reeks_zonder_bootstrap","niet_formeel","1958-1983",1973,1983,11,7,NA,NA,NA,NA,NA,NA,"kalenderjaargaten",NA,NA,"model3_overdisp","voorkeursmodel_gekozen","formeel","1984-2025",1984,2025,42,42,-0.17171126553821,0.391003085419587,-0.958838395882777,0.621671537794133,0.663183013182373,"rtrim::overall(imputed); volledige variantie-covariantiematrix","beschikbaar","stabiel","rtrim_overall_classificatie","model3_overdisp","voorkeursmodel_gekozen"
29,1730,"Bergeend","brugbare_tijdreeks",1958,"index_gebrugged = 100 in het eerste analysejaar vanaf eerste positieve jaar",1958,2025,68,0.537083093063721,"1981_1983_naar_1984_1986","trim-trend-v2","beschrijvend","1958-2025",1958,2025,68,68,-10.2584380352018,"loglineaire samenvatting van geschatte indices; geen formele inferentie","gebrugde_reeks_zonder_bootstrap","formeel","1958-1983",1958,1983,26,26,-0.750839148259608,0.525226973671568,-1.82895594410218,0.339117552482193,0.167270004319566,"rtrim::overall(imputed); volledige variantie-covariantiematrix","beschikbaar","stabiel","rtrim_overall_classificatie","model3_overdisp","voorkeursmodel_gekozen","formeel","1984-2025",1984,2025,42,42,-15.5654036740207,35.857040116406,-64.2095051523373,99.1925813564615,0.692448045419709,"rtrim::overall(imputed); volledige variantie-covariantiematrix","beschikbaar","onzeker","rtrim_overall_classificatie","model2_basis","model3_varianten_mislukt_fallback_naar_model2"
34,1820,"Krakeend","brugbare_tijdreeks",1970,"index_gebrugged = 100 in het eerste analysejaar vanaf eerste positieve jaar",1970,2025,56,3.17614117686489,"1981_1983_naar_1984_1986","trim-trend-v2","beschrijvend","1958-2025",1970,2025,56,56,-0.493416095003563,"loglineaire samenvatting van geschatte indices; geen formele inferentie","gebrugde_reeks_zonder_bootstrap","formeel","1958-1983",1970,1983,14,14,8.9775972822369,1.49222601034025,5.77433737011956,12.2778644110355,4.0762082621058e-05,"rtrim::overall(imputed); volledige variantie-covariantiematrix","beschikbaar","sterke_toename_p_kleiner_dan_0_05","rtrim_overall_classificatie","model3_overdisp","voorkeursmodel_gekozen","formeel","1984-2025",1984,2025,42,42,-1.58375071778728,0.224324078695,-2.03608390709695,-1.12932895012844,1.85218975972852e-08,"rtrim::overall(imputed); volledige variantie-covariantiematrix","beschikbaar","matige_afname_p_kleiner_dan_0_01","rtrim_overall_classificatie","model3_overdisp","voorkeursmodel_gekozen"
35,1840,"Wintertaling","brugbare_tijdreeks",1958,"index_gebrugged = 100 in het eerste analysejaar vanaf eerste positieve jaar",1958,2025,68,1.72581976947372,"1981_1983_naar_1984_1986","trim-trend-v2","beschrijvend","1958-2025",1958,2025,68,68,-4.92550683119678,"loglineaire samenvatting van geschatte indices; geen formele inferentie","gebrugde_reeks_zonder_bootstrap","formeel","1958-1983",1958,1983,26,26,-3.05226602634964,0.946042363404714,-4.98527072245344,-1.07993577321306,0.00406425816106347,"rtrim::overall(imputed); volledige variantie-covariantiematrix","beschikbaar","matige_afname_p_kleiner_dan_0_05","rtrim_overall_classificatie","model3_overdisp","voorkeursmodel_gekozen","formeel","1984-2025",1984,2025,42,42,-2.47628904758272,3.13529797363014,-8.61148489695662,4.07078162071928,0.440011746920391,"rtrim::overall(imputed); volledige variantie-covariantiematrix","beschikbaar","onzeker","rtrim_overall_classificatie","model2_basis","model3_varianten_mislukt_fallback_naar_model2"
36,1860,"Wilde Eend","brugbare_tijdreeks",1958,"index_gebrugged = 100 in het eerste analysejaar vanaf eerste positieve jaar",1958,2025,68,0.549241449415765,"1981_1983_naar_1984_1986","trim-trend-v2","beschrijvend","1958-2025",1958,2025,68,68,-2.5204960890886,"loglineaire samenvatting van geschatte indices; geen formele inferentie","gebrugde_reeks_zonder_bootstrap","formeel","1958-1983",1958,1983,26,26,-5.04138012231078,0.401770660728679,-5.86698402503205,-4.20853517034521,8.483480649526e-12,"rtrim::overall(imputed); volledige variantie-covariantiematrix","beschikbaar","matige_afname_p_kleiner_dan_0_01","rtrim_overall_classificatie","model3_overdisp","voorkeursmodel_gekozen","formeel","1984-2025",1984,2025,42,42,-2.02703809905129,0.165446063505259,-2.3608471020211,-1.69208786894917,5.61218420201246e-15,"rtrim::overall(imputed); volledige variantie-covariantiematrix","beschikbaar","matige_afname_p_kleiner_dan_0_01","rtrim_overall_classificatie","model3_overdisp","voorkeursmodel_gekozen"
37,1869,"Soepeend","alleen_post_bruikbaar",1993,"index_gebrugged = 100 in het eerste analysejaar vanaf eerste positieve jaar",1993,2025,33,1,"alleen_post","trim-trend-v2","beschrijvend","1958-2025",1993,2025,33,33,-4.52354762279713,"loglineaire samenvatting van geschatte indices; geen formele inferentie","onvolledige_langetermijnreeks","niet_beschikbaar","1958-1983",1958,1983,26,0,NA,NA,NA,NA,NA,NA,"geen_model",NA,NA,NA,"geen_model","formeel","1984-2025",1993,2025,33,33,-4.52354762279692,1.06768515781514,-6.67646148050417,-2.32096743061243,0.000247540798027085,"rtrim::overall(imputed); volledige variantie-covariantiematrix","beschikbaar","matige_afname_p_kleiner_dan_0_01","rtrim_overall_classificatie","model3_overdisp","voorkeursmodel_gekozen"
39,1910,"Zomertaling","brugbare_tijdreeks",1958,"index_gebrugged = 100 in het eerste analysejaar vanaf eerste positieve jaar",1958,2025,51,1.05447805274497,"1981_1983_naar_1984_1986","trim-trend-v2","beschrijvend","1958-2025",1958,2025,68,51,-2.59242442017722,"loglineaire samenvatting van geschatte indices; geen formele inferentie","gebrugde_reeks_zonder_bootstrap","niet_formeel","1958-1983",1958,1976,19,13,NA,NA,NA,NA,NA,NA,"kalenderjaargaten",NA,NA,"model3_overdisp","voorkeursmodel_gekozen","formeel","1984-2025",1988,2025,38,38,2.49687099398184,2.24043259155659,-1.94769264725519,7.14290002134119,0.266674087113656,"rtrim::overall(imputed); volledige variantie-covariantiematrix","beschikbaar","onzeker","rtrim_overall_classificatie","model2_basis","model3_varianten_mislukt_fallback_naar_model2"
40,1940,"Slobeend","brugbare_tijdreeks",1958,"index_gebrugged = 100 in het eerste analysejaar vanaf eerste positieve jaar",1958,2025,68,0.718382893106656,"1981_1983_naar_1984_1986","trim-trend-v2","beschrijvend","1958-2025",1958,2025,68,68,-5.985942533884,"loglineaire samenvatting van geschatte indices; geen formele inferentie","gebrugde_reeks_zonder_bootstrap","formeel","1958-1983",1958,1983,26,26,-4.33226226860571,0.542565308229115,-5.44553384356108,-3.20588318376761,4.8246569010402e-08,"rtrim::overall(imputed); volledige variantie-covariantiematrix","beschikbaar","matige_afname_p_kleiner_dan_0_01","rtrim_overall_classificatie","model3_overdisp","voorkeursmodel_gekozen","formeel","1984-2025",1984,2025,42,42,-6.66954228500953,0.976624857228128,-8.62264896568086,-4.67468974868684,6.87323251275129e-08,"rtrim::overall(imputed); volledige variantie-covariantiematrix","beschikbaar","matige_afname_p_kleiner_dan_0_01","rtrim_overall_classificatie","model2_basis","model3_varianten_mislukt_fallback_naar_model2"
41,1960,"Krooneend","alleen_post_bruikbaar",1987,"index_gebrugged = 100 in het eerste analysejaar vanaf eerste positieve jaar",1987,2025,39,1,"alleen_post","trim-trend-v2","beschrijvend","1958-2025",1987,2025,39,39,15.971409223375,"loglineaire samenvatting van geschatte indices; geen formele inferentie","onvolledige_langetermijnreeks","niet_beschikbaar","1958-1983",1958,1983,26,0,NA,NA,NA,NA,NA,NA,"geen_model",NA,NA,NA,"geen_model","formeel","1984-2025",1987,2025,39,39,15.9714092233743,2.27811303357782,11.446168009636,20.6803966206579,5.42438103285136e-09,"rtrim::overall(imputed); volledige variantie-covariantiematrix","beschikbaar","sterke_toename_p_kleiner_dan_0_01","rtrim_overall_classificatie","model2_basis","model3_varianten_mislukt_fallback_naar_model2"
42,1980,"Tafeleend","brugbare_tijdreeks",1959,"index_gebrugged = 100 in het eerste analysejaar vanaf eerste positieve jaar",1959,2025,67,1.96224440868767,"1981_1983_naar_1984_1986","trim-trend-v2","beschrijvend","1958-2025",1959,2025,67,67,-0.394835086567469,"loglineaire samenvatting van geschatte indices; geen formele inferentie","gebrugde_reeks_zonder_bootstrap","formeel","1958-1983",1959,1983,25,25,6.90886705566218,1.06824713438625,4.72171193277482,9.14170179401119,8.05250397338045e-07,"rtrim::overall(imputed); volledige variantie-covariantiematrix","beschikbaar","matige_toename_p_kleiner_dan_0_01","rtrim_overall_classificatie","model3_overdisp","voorkeursmodel_gekozen","formeel","1984-2025",1984,2025,42,42,-3.10602589247797,0.215909156277585,-3.54141343999479,-2.66867312524052,3.58354930610999e-17,"rtrim::overall(imputed); volledige variantie-covariantiematrix","beschikbaar","matige_afname_p_kleiner_dan_0_01","rtrim_overall_classificatie","model3_overdisp","voorkeursmodel_gekozen"
44,2030,"Kuifeend","brugbare_tijdreeks",1958,"index_gebrugged = 100 in het eerste analysejaar vanaf eerste positieve jaar",1958,2025,68,7.72762142963522,"1981_1983_naar_1984_1986","trim-trend-v2","beschrijvend","1958-2025",1958,2025,68,68,-2.35890528192099,"loglineaire samenvatting van geschatte indices; geen formele inferentie","gebrugde_reeks_zonder_bootstrap","formeel","1958-1983",1958,1983,26,26,4.15249012677474,1.10540861745523,1.89584491218908,6.45911233138294,0.000801749729203345,"rtrim::overall(imputed); volledige variantie-covariantiematrix","beschikbaar","matige_toename_p_kleiner_dan_0_01","rtrim_overall_classificatie","model3_overdisp","voorkeursmodel_gekozen","formeel","1984-2025",1984,2025,42,42,-3.60064866379941,0.198609752236018,-4.00121938265721,-3.19840649766098,1.30440113342642e-20,"rtrim::overall(imputed); volledige variantie-covariantiematrix","beschikbaar","matige_afname_p_kleiner_dan_0_01","rtrim_overall_classificatie","model3_overdisp","voorkeursmodel_gekozen"
60,2670,"Havik","alleen_post_bruikbaar",1993,"index_gebrugged = 100 in het eerste analysejaar vanaf eerste positieve jaar",1993,2025,33,1,"alleen_post","trim-trend-v2","beschrijvend","1958-2025",1993,2025,33,33,4.192207961431,"loglineaire samenvatting van geschatte indices; geen formele inferentie","onvolledige_langetermijnreeks","niet_beschikbaar","1958-1983",1958,1983,26,0,NA,NA,NA,NA,NA,NA,"geen_model",NA,NA,NA,"geen_model","formeel","1984-2025",1993,2025,33,33,4.19220796143098,1.15973041699488,1.85356755962405,6.58454544091529,0.000858640251471295,"rtrim::overall(imputed); volledige variantie-covariantiematrix","beschikbaar","matige_toename_p_kleiner_dan_0_01","rtrim_overall_classificatie","model3_overdisp","voorkeursmodel_gekozen"
61,2690,"Sperwer","alleen_post_bruikbaar",1986,"index_gebrugged = 100 in het eerste analysejaar vanaf eerste positieve jaar",1986,2025,40,1,"alleen_post","trim-trend-v2","beschrijvend","1958-2025",1986,2025,40,40,1.88672883081831,"loglineaire samenvatting van geschatte indices; geen formele inferentie","onvolledige_langetermijnreeks","niet_beschikbaar","1958-1983",1958,1983,26,0,NA,NA,NA,NA,NA,NA,"geen_model",NA,NA,NA,"geen_model","formeel","1984-2025",1986,2025,40,40,1.88672883081831,1.89867654913569,-1.88534297400168,5.80382000513928,0.322194246582061,"rtrim::overall(imputed); volledige variantie-covariantiematrix","beschikbaar","onzeker","rtrim_overall_classificatie","model2_basis","model3_varianten_mislukt_fallback_naar_model2"
62,2870,"Buizerd","alleen_post_bruikbaar",1985,"index_gebrugged = 100 in het eerste analysejaar vanaf eerste positieve jaar",1985,2025,41,1,"alleen_post","trim-trend-v2","beschrijvend","1958-2025",1985,2025,41,41,6.22608932774371,"loglineaire samenvatting van geschatte indices; geen formele inferentie","onvolledige_langetermijnreeks","niet_beschikbaar","1958-1983",1958,1983,26,0,NA,NA,NA,NA,NA,NA,"geen_model",NA,NA,NA,"geen_model","formeel","1984-2025",1985,2025,41,41,6.22608932774371,0.91379951649421,4.39374298629651,8.0905974924858,2.00396243642908e-08,"rtrim::overall(imputed); volledige variantie-covariantiematrix","beschikbaar","matige_toename_p_kleiner_dan_0_01","rtrim_overall_classificatie","model2_basis","model3_varianten_mislukt_fallback_naar_model2"
64,3040,"Torenvalk","brugbare_tijdreeks",1958,"index_gebrugged = 100 in het eerste analysejaar vanaf eerste positieve jaar",1958,2025,56,1.18918781358591,"1981_1983_naar_1984_1986","trim-trend-v2","beschrijvend","1958-2025",1958,2025,68,56,-7.66234046445646,"loglineaire samenvatting van geschatte indices; geen formele inferentie","gebrugde_reeks_zonder_bootstrap","niet_formeel","1958-1983",1958,1983,26,14,NA,NA,NA,NA,NA,NA,"kalenderjaargaten",NA,NA,"model3_overdisp","voorkeursmodel_gekozen","formeel","1984-2025",1984,2025,42,42,-12.0880213296482,47.8425597360285,-70.733396571106,164.072871063209,0.814069714816775,"rtrim::overall(imputed); volledige variantie-covariantiematrix","beschikbaar","onzeker","rtrim_overall_classificatie","model2_basis","model3_varianten_mislukt_fallback_naar_model2"
66,3100,"Boomvalk","brugbare_tijdreeks",1959,"index_gebrugged = 100 in het eerste analysejaar vanaf eerste positieve jaar",1959,2025,53,0.922965830901441,"1981_1983_naar_1984_1986","trim-trend-v2","beschrijvend","1958-2025",1959,2025,67,53,-6.32962896733886,"loglineaire samenvatting van geschatte indices; geen formele inferentie","gebrugde_reeks_zonder_bootstrap","niet_formeel","1958-1983",1959,1983,25,12,NA,NA,NA,NA,NA,NA,"kalenderjaargaten",NA,NA,"model2_basis","model3_varianten_mislukt_fallback_naar_model2","formeel","1984-2025",1985,2025,41,41,-9.53088915857372,3.50586366974607,-16.3513697549743,-2.15428522303884,0.0136037616733632,"rtrim::overall(imputed); volledige variantie-covariantiematrix","beschikbaar","matige_afname_p_kleiner_dan_0_05","rtrim_overall_classificatie","model2_basis","model3_varianten_mislukt_fallback_naar_model2"
67,3200,"Slechtvalk","alleen_post_bruikbaar",2020,"index_gebrugged = 100 in het eerste analysejaar vanaf eerste positieve jaar",2020,2025,6,1,"alleen_post","trim-trend-v2","beschrijvend","1958-2025",2020,2025,6,6,0,"loglineaire samenvatting van geschatte indices; geen formele inferentie","onvolledige_langetermijnreeks","niet_beschikbaar","1958-1983",1958,1983,26,0,NA,NA,NA,NA,NA,NA,"geen_model",NA,NA,NA,"geen_model","formeel","1984-2025",2020,2025,6,6,0,23.7332110369088,-48.260029331931,93.2741721898858,1,"rtrim::overall(imputed); volledige variantie-covariantiematrix","beschikbaar","onzeker","rtrim_overall_classificatie","model3_basis","overdisp_varianten_mislukt_fallback_naar_basis"
69,3670,"Patrijs","alleen_pre_bruikbaar",1958,"index_gebrugged = 100 in het eerste analysejaar vanaf eerste positieve jaar",1958,1983,11,1,"alleen_pre","trim-trend-v2","beschrijvend","1958-2025",1958,1983,26,11,-5.55957197896453,"loglineaire samenvatting van geschatte indices; geen formele inferentie","onvolledige_langetermijnreeks","niet_formeel","1958-1983",1958,1983,26,11,NA,NA,NA,NA,NA,NA,"kalenderjaargaten",NA,NA,"model2_basis","model3_varianten_mislukt_fallback_naar_model2","niet_beschikbaar","1984-2025",1984,2025,42,0,NA,NA,NA,NA,NA,NA,"geen_model",NA,NA,NA,"geen_model"
70,3700,"Kwartel","alleen_post_bruikbaar",2007,"index_gebrugged = 100 in het eerste analysejaar vanaf eerste positieve jaar",2007,2025,19,1,"alleen_post","trim-trend-v2","beschrijvend","1958-2025",2007,2025,19,19,10.2099182259902,"loglineaire samenvatting van geschatte indices; geen formele inferentie","onvolledige_langetermijnreeks","niet_beschikbaar","1958-1983",1958,1983,26,0,NA,NA,NA,NA,NA,NA,"geen_model",NA,NA,NA,"geen_model","formeel","1984-2025",2007,2025,19,19,12.8617949129757,16.3067672178675,-16.7932390013967,53.0859343412299,0.413976056079748,"rtrim::overall(imputed); volledige variantie-covariantiematrix","beschikbaar","onzeker","rtrim_overall_classificatie","model2_basis","model3_varianten_mislukt_fallback_naar_model2"
71,3940,"Gewone Fazant","alleen_post_bruikbaar",1984,"index_gebrugged = 100 in het eerste analysejaar vanaf eerste positieve jaar",1984,2025,42,1,"alleen_post","trim-trend-v2","beschrijvend","1958-2025",1984,2025,42,42,-15.1314790764087,"loglineaire samenvatting van geschatte indices; geen formele inferentie","onvolledige_langetermijnreeks","niet_beschikbaar","1958-1983",1958,1983,26,0,NA,NA,NA,NA,NA,NA,"geen_model",NA,NA,NA,"geen_model","formeel","1984-2025",1984,2025,42,42,-15.1314790764086,1.76245400786085,-18.6198142338714,-11.4936175685665,1.07925651622002e-09,"rtrim::overall(imputed); volledige variantie-covariantiematrix","beschikbaar","sterke_afname_p_kleiner_dan_0_01","rtrim_overall_classificatie","model2_basis","model3_varianten_mislukt_fallback_naar_model2"
72,4070,"Waterral","brugbare_tijdreeks",1960,"index_gebrugged = 100 in het eerste analysejaar vanaf eerste positieve jaar",1960,2025,59,2.06802470346672,"1981_1983_naar_1984_1986","trim-trend-v2","beschrijvend","1958-2025",1960,2025,66,59,0.704506851659459,"loglineaire samenvatting van geschatte indices; geen formele inferentie","gebrugde_reeks_zonder_bootstrap","niet_formeel","1958-1983",1960,1983,24,17,NA,NA,NA,NA,NA,NA,"kalenderjaargaten",NA,NA,"model3_overdisp","voorkeursmodel_gekozen","formeel","1984-2025",1984,2025,42,42,-0.299487066819126,0.74951034063622,-1.802854216657,1.22689615715392,0.692031512241274,"rtrim::overall(imputed); volledige variantie-covariantiematrix","beschikbaar","stabiel","rtrim_overall_classificatie","model2_basis","model3_varianten_mislukt_fallback_naar_model2"
77,4240,"Waterhoen","brugbare_tijdreeks",1958,"index_gebrugged = 100 in het eerste analysejaar vanaf eerste positieve jaar",1958,2025,68,1.73992842049086,"1981_1983_naar_1984_1986","trim-trend-v2","beschrijvend","1958-2025",1958,2025,68,68,-2.25042704894316,"loglineaire samenvatting van geschatte indices; geen formele inferentie","gebrugde_reeks_zonder_bootstrap","formeel","1958-1983",1958,1983,26,26,-1.3831292816093,0.440799959346508,-2.28871214191398,-0.469153528990385,0.00470364093330016,"rtrim::overall(imputed); volledige variantie-covariantiematrix","beschikbaar","matige_afname_p_kleiner_dan_0_05","rtrim_overall_classificatie","model3_overdisp","voorkeursmodel_gekozen","formeel","1984-2025",1984,2025,42,42,-4.19536606745702,0.290494080409347,-4.78068120703244,-3.60645298350476,3.80333191501552e-17,"rtrim::overall(imputed); volledige variantie-covariantiematrix","beschikbaar","matige_afname_p_kleiner_dan_0_01","rtrim_overall_classificatie","model3_overdisp","voorkeursmodel_gekozen"
78,4290,"Meerkoet","brugbare_tijdreeks",1958,"index_gebrugged = 100 in het eerste analysejaar vanaf eerste positieve jaar",1958,2025,68,3.13883805953848,"1981_1983_naar_1984_1986","trim-trend-v2","beschrijvend","1958-2025",1958,2025,68,68,-0.430336401324227,"loglineaire samenvatting van geschatte indices; geen formele inferentie","gebrugde_reeks_zonder_bootstrap","formeel","1958-1983",1958,1983,26,26,3.69586919415883,0.402586502539566,2.86829153940564,4.53010472924031,1.80392709448436e-09,"rtrim::overall(imputed); volledige variantie-covariantiematrix","beschikbaar","matige_toename_p_kleiner_dan_0_01","rtrim_overall_classificatie","model3_overdisp","voorkeursmodel_gekozen","formeel","1984-2025",1984,2025,42,42,-2.32728957230771,0.115313663069389,-2.56006934964907,-2.09395369415246,2.15351351344835e-22,"rtrim::overall(imputed); volledige variantie-covariantiematrix","beschikbaar","matige_afname_p_kleiner_dan_0_01","rtrim_overall_classificatie","model3_overdisp","voorkeursmodel_gekozen"
80,4500,"Scholekster","brugbare_tijdreeks",1958,"index_gebrugged = 100 in het eerste analysejaar vanaf eerste positieve jaar",1958,2025,68,1.00232092837987,"1981_1983_naar_1984_1986","trim-trend-v2","beschrijvend","1958-2025",1958,2025,68,68,-9.74422525656828,"loglineaire samenvatting van geschatte indices; geen formele inferentie","gebrugde_reeks_zonder_bootstrap","formeel","1958-1983",1958,1983,26,26,-0.0839073941085067,0.399803758601664,-0.905663898790032,0.744663665062761,0.835607401821498,"rtrim::overall(imputed); volledige variantie-covariantiematrix","beschikbaar","stabiel","rtrim_overall_classificatie","model3_overdisp","voorkeursmodel_gekozen","formeel","1984-2025",1984,2025,42,42,-15.3515384359585,8.24876468087905,-30.4838862040164,3.0748362341998,0.0949591205504803,"rtrim::overall(imputed); volledige variantie-covariantiematrix","beschikbaar","onzeker","rtrim_overall_classificatie","model2_basis","model3_varianten_mislukt_fallback_naar_model2"
84,4690,"Kleine Plevier","brugbare_tijdreeks",1958,"index_gebrugged = 100 in het eerste analysejaar vanaf eerste positieve jaar",1958,2025,38,1.00090949646862,"1981_1983_naar_1984_1986","trim-trend-v2","beschrijvend","1958-2025",1958,2025,68,38,-0.0584942683222622,"loglineaire samenvatting van geschatte indices; geen formele inferentie","gebrugde_reeks_zonder_bootstrap","niet_formeel","1958-1983",1958,1974,17,8,NA,NA,NA,NA,NA,NA,"kalenderjaargaten",NA,NA,"model2_basis","model3_varianten_mislukt_fallback_naar_model2","formeel","1984-2025",1996,2025,30,30,6.49098336026634,8.58548497356405,-9.72015494576415,25.6130815269321,0.441897529292746,"rtrim::overall(imputed); volledige variantie-covariantiematrix","beschikbaar","onzeker","rtrim_overall_classificatie","model2_basis","model3_varianten_mislukt_fallback_naar_model2"
88,4930,"Kievit","brugbare_tijdreeks",1958,"index_gebrugged = 100 in het eerste analysejaar vanaf eerste positieve jaar",1958,2025,68,0.760469978502799,"1981_1983_naar_1984_1986","trim-trend-v2","beschrijvend","1958-2025",1958,2025,68,68,-2.318573220867,"loglineaire samenvatting van geschatte indices; geen formele inferentie","gebrugde_reeks_zonder_bootstrap","formeel","1958-1983",1958,1983,26,26,-4.80554988109368,0.506460122522013,-5.8451142877527,-3.75450764035928,2.17266774694664e-09,"rtrim::overall(imputed); volledige variantie-covariantiematrix","beschikbaar","matige_afname_p_kleiner_dan_0_01","rtrim_overall_classificatie","model3_overdisp","voorkeursmodel_gekozen","formeel","1984-2025",1984,2025,42,42,0.212389689027925,0.573010631382039,-0.939041960998821,1.37720496536848,0.712558986891677,"rtrim::overall(imputed); volledige variantie-covariantiematrix","beschikbaar","stabiel","rtrim_overall_classificatie","model3_overdisp","voorkeursmodel_gekozen"
93,5190,"Watersnip","alleen_post_bruikbaar",2010,"index_gebrugged = 100 in het eerste analysejaar vanaf eerste positieve jaar",2010,2025,16,1,"alleen_post","trim-trend-v2","beschrijvend","1958-2025",2010,2025,16,16,-1.63680675558139,"loglineaire samenvatting van geschatte indices; geen formele inferentie","onvolledige_langetermijnreeks","niet_beschikbaar","1958-1983",1958,1983,26,0,NA,NA,NA,NA,NA,NA,"geen_model",NA,NA,NA,"geen_model","formeel","1984-2025",2010,2025,16,16,-0.913205399094041,2.72955598766046,-6.5979326536715,5.11751124176874,0.744046707397785,"rtrim::overall(imputed); volledige variantie-covariantiematrix","beschikbaar","onzeker","rtrim_overall_classificatie","model2_basis","model3_varianten_mislukt_fallback_naar_model2"
94,5290,"Houtsnip","brugbare_tijdreeks",1965,"index_gebrugged = 100 in het eerste analysejaar vanaf eerste positieve jaar",1965,2025,59,1.66612597635782,"1981_1983_naar_1984_1986","trim-trend-v2","beschrijvend","1958-2025",1965,2025,61,59,-3.49606951853673,"loglineaire samenvatting van geschatte indices; geen formele inferentie","gebrugde_reeks_zonder_bootstrap","niet_formeel","1958-1983",1965,1983,19,17,NA,NA,NA,NA,NA,NA,"kalenderjaargaten",NA,NA,"model3_overdisp","voorkeursmodel_gekozen","formeel","1984-2025",1984,2025,42,42,-3.02550363542601,0.68960540809771,-4.40928032282522,-1.62169531810439,0.000100139403488997,"rtrim::overall(imputed); volledige variantie-covariantiematrix","beschikbaar","matige_afname_p_kleiner_dan_0_01","rtrim_overall_classificatie","model2_basis","model3_varianten_mislukt_fallback_naar_model2"
97,5410,"Wulp","brugbare_tijdreeks",1958,"index_gebrugged = 100 in het eerste analysejaar vanaf eerste positieve jaar",1958,2025,68,0.757932871421142,"1981_1983_naar_1984_1986","trim-trend-v2","beschrijvend","1958-2025",1958,2025,68,68,-16.5888109831492,"loglineaire samenvatting van geschatte indices; geen formele inferentie","gebrugde_reeks_zonder_bootstrap","formeel","1958-1983",1958,1983,26,26,-0.409945009881751,0.423258026165233,-1.27968656314787,0.467459103835632,0.343404547730785,"rtrim::overall(imputed); volledige variantie-covariantiematrix","beschikbaar","stabiel","rtrim_overall_classificatie","model3_overdisp","voorkeursmodel_gekozen","formeel","1984-2025",1984,2025,42,42,-25.1258738106707,87.7825156435995,-92.997290353813,700.566502949065,0.806316646290736,"rtrim::overall(imputed); volledige variantie-covariantiematrix","beschikbaar","onzeker","rtrim_overall_classificatie","model2_basis","model3_varianten_mislukt_fallback_naar_model2"
98,5460,"Tureluur","brugbare_tijdreeks",1958,"index_gebrugged = 100 in het eerste analysejaar vanaf eerste positieve jaar",1958,2025,38,1.01105453502368,"1981_1983_naar_1984_1986","trim-trend-v2","beschrijvend","1958-2025",1958,2025,68,38,-1.05095132421323,"loglineaire samenvatting van geschatte indices; geen formele inferentie","gebrugde_reeks_zonder_bootstrap","niet_formeel","1958-1983",1958,1972,15,8,NA,NA,NA,NA,NA,NA,"kalenderjaargaten",NA,NA,"model2_basis","model3_varianten_mislukt_fallback_naar_model2","formeel","1984-2025",1996,2025,30,30,-0.554618509016458,4.69947376832927,-9.72980587042283,9.55314758370482,0.90715405886755,"rtrim::overall(imputed); volledige variantie-covariantiematrix","beschikbaar","onzeker","rtrim_overall_classificatie","model2_basis","model3_varianten_mislukt_fallback_naar_model2"
105,5820,"Kokmeeuw","alleen_pre_bruikbaar",1973,"index_gebrugged = 100 in het eerste analysejaar vanaf eerste positieve jaar",1973,1983,10,1,"alleen_pre","trim-trend-v2","beschrijvend","1958-2025",1973,1983,11,10,116.719031873205,"loglineaire samenvatting van geschatte indices; geen formele inferentie","onvolledige_langetermijnreeks","niet_formeel","1958-1983",1973,1983,11,10,NA,NA,NA,NA,NA,NA,"kalenderjaargaten",NA,NA,"model3_overdisp","voorkeursmodel_gekozen","niet_beschikbaar","1984-2025",1984,2025,42,0,NA,NA,NA,NA,NA,NA,"geen_model",NA,NA,NA,"geen_model"
106,5900,"Stormmeeuw","brugbare_tijdreeks",1958,"index_gebrugged = 100 in het eerste analysejaar vanaf eerste positieve jaar",1958,2025,68,6.63500677605885,"1981_1983_naar_1984_1986","trim-trend-v2","beschrijvend","1958-2025",1958,2025,68,68,-10.6708260033138,"loglineaire samenvatting van geschatte indices; geen formele inferentie","gebrugde_reeks_zonder_bootstrap","formeel","1958-1983",1958,1983,26,26,9.33737459433401,1.93683632258597,5.41213260258178,13.4087812097724,3.76273573277175e-05,"rtrim::overall(imputed); volledige variantie-covariantiematrix","beschikbaar","sterke_toename_p_kleiner_dan_0_05","rtrim_overall_classificatie","model3_overdisp","voorkeursmodel_gekozen","formeel","1984-2025",1984,2025,42,42,-20.6827502497803,3.45084747571534,-27.3593334857954,-13.392505743205,4.16975787562429e-06,"rtrim::overall(imputed); volledige variantie-covariantiematrix","beschikbaar","sterke_afname_p_kleiner_dan_0_01","rtrim_overall_classificatie","model2_basis","model3_varianten_mislukt_fallback_naar_model2"
107,5910,"Kleine Mantelmeeuw","brugbare_tijdreeks",1958,"index_gebrugged = 100 in het eerste analysejaar vanaf eerste positieve jaar",1958,2025,67,48.7581930989151,"1981_1983_naar_1984_1986","trim-trend-v2","beschrijvend","1958-2025",1958,2025,68,67,-16.5895149781079,"loglineaire samenvatting van geschatte indices; geen formele inferentie","gebrugde_reeks_zonder_bootstrap","niet_formeel","1958-1983",1958,1983,26,25,NA,NA,NA,NA,NA,NA,"kalenderjaargaten",NA,NA,"model3_overdisp","voorkeursmodel_gekozen","formeel","1984-2025",1984,2025,42,42,-26.1915324527894,275.301984546528,-99.9607199759403,138588.557659288,0.935513121249043,"rtrim::overall(imputed); volledige variantie-covariantiematrix","beschikbaar","onzeker","rtrim_overall_classificatie","model2_basis","model3_varianten_mislukt_fallback_naar_model2"
108,5920,"Zilvermeeuw","brugbare_tijdreeks",1973,"index_gebrugged = 100 in het eerste analysejaar vanaf eerste positieve jaar",1973,2025,53,3.68075974409951,"1981_1983_naar_1984_1986","trim-trend-v2","beschrijvend","1958-2025",1973,2025,53,53,-27.0309064473683,"loglineaire samenvatting van geschatte indices; geen formele inferentie","gebrugde_reeks_zonder_bootstrap","formeel","1958-1983",1973,1983,11,11,11.1515299280617,1.58841824971654,7.6157378002174,14.8034930382073,4.11132127614191e-05,"rtrim::overall(imputed); volledige variantie-covariantiematrix","beschikbaar","sterke_toename_p_kleiner_dan_0_05","rtrim_overall_classificatie","model3_overdisp","voorkeursmodel_gekozen","formeel","1984-2025",1984,2025,42,42,-31.1628242480188,0.39236441501447,-31.951272167289,-30.3652409614729,2.55394549944763e-42,"rtrim::overall(imputed); volledige variantie-covariantiematrix","beschikbaar","sterke_afname_p_kleiner_dan_0_01","rtrim_overall_classificatie","model2_basis","model3_varianten_mislukt_fallback_naar_model2"
116,6150,"Visdief","alleen_post_bruikbaar",1994,"index_gebrugged = 100 in het eerste analysejaar vanaf eerste positieve jaar",1994,2025,32,1,"alleen_post","trim-trend-v2","beschrijvend","1958-2025",1994,2025,32,32,-11.0480455085754,"loglineaire samenvatting van geschatte indices; geen formele inferentie","onvolledige_langetermijnreeks","niet_beschikbaar","1958-1983",1958,1983,26,0,NA,NA,NA,NA,NA,NA,"geen_model",NA,NA,NA,"geen_model","formeel","1984-2025",1994,2025,32,32,-2.67787320162131,9.34322402849601,-20.0051767537515,18.4026163218492,0.779318648441652,"rtrim::overall(imputed); volledige variantie-covariantiematrix","beschikbaar","onzeker","rtrim_overall_classificatie","model2_basis","model3_varianten_mislukt_fallback_naar_model2"
122,6680,"Holenduif","brugbare_tijdreeks",1977,"index_gebrugged = 100 in het eerste analysejaar vanaf eerste positieve jaar",1977,2025,45,0.731651101943475,"1981_1983_naar_1984_1986","trim-trend-v2","beschrijvend","1958-2025",1977,2025,49,45,-3.45971611556103,"loglineaire samenvatting van geschatte indices; geen formele inferentie","gebrugde_reeks_zonder_bootstrap","niet_formeel","1958-1983",1977,1983,7,3,NA,NA,NA,NA,NA,NA,"kalenderjaargaten",NA,NA,"model2_basis","model3_varianten_mislukt_fallback_naar_model2","formeel","1984-2025",1984,2025,42,42,-3.21686895664629,0.465897715260967,-4.15391764379218,-2.27065912049466,3.65290572030698e-08,"rtrim::overall(imputed); volledige variantie-covariantiematrix","beschikbaar","matige_afname_p_kleiner_dan_0_01","rtrim_overall_classificatie","model3_overdisp","voorkeursmodel_gekozen"
123,6700,"Houtduif","brugbare_tijdreeks",1958,"index_gebrugged = 100 in het eerste analysejaar vanaf eerste positieve jaar",1958,2025,68,9.63218702207036,"1981_1983_naar_1984_1986","trim-trend-v2","beschrijvend","1958-2025",1958,2025,68,68,-1.94277222768788,"loglineaire samenvatting van geschatte indices; geen formele inferentie","gebrugde_reeks_zonder_bootstrap","formeel","1958-1983",1958,1983,26,26,9.37266314631111,0.587098460917889,8.16763887982259,10.5911117927516,1.03892839037781e-14,"rtrim::overall(imputed); volledige variantie-covariantiematrix","beschikbaar","sterke_toename_p_kleiner_dan_0_01","rtrim_overall_classificatie","model3_overdisp","voorkeursmodel_gekozen","formeel","1984-2025",1984,2025,42,42,-7.61851758216407,0.176262762294401,-7.97407193052569,-7.26158950253683,1.61982184325504e-34,"rtrim::overall(imputed); volledige variantie-covariantiematrix","beschikbaar","sterke_afname_p_kleiner_dan_0_01","rtrim_overall_classificatie","model3_overdisp","voorkeursmodel_gekozen"
124,6840,"Turkse Tortel","brugbare_tijdreeks",1961,"index_gebrugged = 100 in het eerste analysejaar vanaf eerste positieve jaar",1961,2025,54,0.650070966035838,"1981_1983_naar_1984_1986","trim-trend-v2","beschrijvend","1958-2025",1961,2025,65,54,-0.952078572841775,"loglineaire samenvatting van geschatte indices; geen formele inferentie","gebrugde_reeks_zonder_bootstrap","niet_formeel","1958-1983",1961,1983,23,12,NA,NA,NA,NA,NA,NA,"kalenderjaargaten",NA,NA,"model2_basis","model3_varianten_mislukt_fallback_naar_model2","formeel","1984-2025",1984,2025,42,42,-0.314717198328951,1.51541260492053,-3.33090784208818,2.79558218066738,0.836788227656558,"rtrim::overall(imputed); volledige variantie-covariantiematrix","beschikbaar","stabiel","rtrim_overall_classificatie","model2_basis","model3_varianten_mislukt_fallback_naar_model2"
125,6870,"Tortelduif","brugbare_tijdreeks",1958,"index_gebrugged = 100 in het eerste analysejaar vanaf eerste positieve jaar",1958,2025,68,2.8324592362677,"1981_1983_naar_1984_1986","trim-trend-v2","beschrijvend","1958-2025",1958,2025,68,68,-7.68288216733697,"loglineaire samenvatting van geschatte indices; geen formele inferentie","gebrugde_reeks_zonder_bootstrap","formeel","1958-1983",1958,1983,26,26,6.54787516502928,0.640571822501229,5.23396841758255,7.87818679548999,1.71177022678162e-10,"rtrim::overall(imputed); volledige variantie-covariantiematrix","beschikbaar","sterke_toename_p_kleiner_dan_0_05","rtrim_overall_classificatie","model3_overdisp","voorkeursmodel_gekozen","formeel","1984-2025",1984,2025,42,42,-15.1126914399882,2.95440158423604,-20.878592587246,-8.92660545114247,2.99050680248051e-05,"rtrim::overall(imputed); volledige variantie-covariantiematrix","beschikbaar","sterke_afname_p_kleiner_dan_0_05","rtrim_overall_classificatie","model2_basis","model3_varianten_mislukt_fallback_naar_model2"
126,7120,"Halsbandparkiet","alleen_post_bruikbaar",1999,"index_gebrugged = 100 in het eerste analysejaar vanaf eerste positieve jaar",1999,2025,27,1,"alleen_post","trim-trend-v2","beschrijvend","1958-2025",1999,2025,27,27,1.83706645952326,"loglineaire samenvatting van geschatte indices; geen formele inferentie","onvolledige_langetermijnreeks","niet_beschikbaar","1958-1983",1958,1983,26,0,NA,NA,NA,NA,NA,NA,"geen_model",NA,NA,NA,"geen_model","formeel","1984-2025",1999,2025,27,27,1.83706645952331,2.13729563963481,-2.47099888401326,6.33542829735194,0.393985812603287,"rtrim::overall(imputed); volledige variantie-covariantiematrix","beschikbaar","onzeker","rtrim_overall_classificatie","model3_overdisp","voorkeursmodel_gekozen"
127,7240,"Koekoek","brugbare_tijdreeks",1959,"index_gebrugged = 100 in het eerste analysejaar vanaf eerste positieve jaar",1959,2025,62,1.73414051833406,"1981_1983_naar_1984_1986","trim-trend-v2","beschrijvend","1958-2025",1959,2025,67,62,-1.38722346603984,"loglineaire samenvatting van geschatte indices; geen formele inferentie","gebrugde_reeks_zonder_bootstrap","niet_formeel","1958-1983",1959,1983,25,20,NA,NA,NA,NA,NA,NA,"kalenderjaargaten",NA,NA,"model2_basis","model3_varianten_mislukt_fallback_naar_model2","formeel","1984-2025",1984,2025,42,42,-2.78961648309539,0.166622589409675,-3.12579067346586,-2.45227569650643,1.86943036533209e-19,"rtrim::overall(imputed); volledige variantie-covariantiematrix","beschikbaar","matige_afname_p_kleiner_dan_0_01","rtrim_overall_classificatie","model3_overdisp","voorkeursmodel_gekozen"
128,7350,"Kerkuil","alleen_post_bruikbaar",2016,"index_gebrugged = 100 in het eerste analysejaar vanaf eerste positieve jaar",2016,2025,10,1,"alleen_post","trim-trend-v2","beschrijvend","1958-2025",2016,2025,10,10,15.8397773816332,"loglineaire samenvatting van geschatte indices; geen formele inferentie","onvolledige_langetermijnreeks","niet_beschikbaar","1958-1983",1958,1983,26,0,NA,NA,NA,NA,NA,NA,"geen_model",NA,NA,NA,"geen_model","formeel","1984-2025",2016,2025,10,10,15.8397773816334,11.9753697760933,-8.73054146789542,47.0245823700841,0.192729991641412,"rtrim::overall(imputed); volledige variantie-covariantiematrix","beschikbaar","onzeker","rtrim_overall_classificatie","model2_basis","model3_varianten_mislukt_fallback_naar_model2"
131,7610,"Bosuil","brugbare_tijdreeks",1973,"index_gebrugged = 100 in het eerste analysejaar vanaf eerste positieve jaar",1973,2025,50,1.49691364612092,"1981_1983_naar_1984_1986","trim-trend-v2","beschrijvend","1958-2025",1973,2025,53,50,-2.64091286016548,"loglineaire samenvatting van geschatte indices; geen formele inferentie","gebrugde_reeks_zonder_bootstrap","niet_formeel","1958-1983",1973,1983,11,8,NA,NA,NA,NA,NA,NA,"kalenderjaargaten",NA,NA,"model3_overdisp","voorkeursmodel_gekozen","formeel","1984-2025",1984,2025,42,42,-2.79172517874673,0.436484921329931,-3.66990333381484,-1.9055412508337,1.75646621705502e-07,"rtrim::overall(imputed); volledige variantie-covariantiematrix","beschikbaar","matige_afname_p_kleiner_dan_0_01","rtrim_overall_classificatie","model3_overdisp","voorkeursmodel_gekozen"
132,7670,"Ransuil","brugbare_tijdreeks",1958,"index_gebrugged = 100 in het eerste analysejaar vanaf eerste positieve jaar",1958,2025,64,1.2317423696513,"1981_1983_naar_1984_1986","trim-trend-v2","beschrijvend","1958-2025",1958,2025,68,64,-2.98342200932816,"loglineaire samenvatting van geschatte indices; geen formele inferentie","gebrugde_reeks_zonder_bootstrap","niet_formeel","1958-1983",1958,1983,26,22,NA,NA,NA,NA,NA,NA,"kalenderjaargaten",NA,NA,"model3_overdisp","voorkeursmodel_gekozen","formeel","1984-2025",1984,2025,42,42,-2.42772746547344,3.28654698265492,-8.84903747131764,4.44594443592596,0.469857915284645,"rtrim::overall(imputed); volledige variantie-covariantiematrix","beschikbaar","onzeker","rtrim_overall_classificatie","model2_basis","model3_varianten_mislukt_fallback_naar_model2"
135,7780,"Nachtzwaluw","alleen_post_bruikbaar",1984,"index_gebrugged = 100 in het eerste analysejaar vanaf eerste positieve jaar",1984,2025,42,1,"alleen_post","trim-trend-v2","beschrijvend","1958-2025",1984,2025,42,42,5.49456265861228,"loglineaire samenvatting van geschatte indices; geen formele inferentie","onvolledige_langetermijnreeks","niet_beschikbaar","1958-1983",1958,1983,26,0,NA,NA,NA,NA,NA,NA,"geen_model",NA,NA,NA,"geen_model","formeel","1984-2025",1984,2025,42,42,6.13471890316719,10.6039759384057,-13.2715035734431,29.8832450784309,0.554583670533577,"rtrim::overall(imputed); volledige variantie-covariantiematrix","beschikbaar","onzeker","rtrim_overall_classificatie","model2_basis","model3_varianten_mislukt_fallback_naar_model2"
137,8310,"IJsvogel","alleen_post_bruikbaar",2007,"index_gebrugged = 100 in het eerste analysejaar vanaf eerste positieve jaar",2007,2025,19,1,"alleen_post","trim-trend-v2","beschrijvend","1958-2025",2007,2025,19,19,4.39279614731349,"loglineaire samenvatting van geschatte indices; geen formele inferentie","onvolledige_langetermijnreeks","niet_beschikbaar","1958-1983",1958,1983,26,0,NA,NA,NA,NA,NA,NA,"geen_model",NA,NA,NA,"geen_model","formeel","1984-2025",2007,2025,19,19,3.74341706304571,16.965530184885,-26.5286850361732,46.4884164549933,0.824870092124171,"rtrim::overall(imputed); volledige variantie-covariantiematrix","beschikbaar","onzeker","rtrim_overall_classificatie","model2_basis","model3_varianten_mislukt_fallback_naar_model2"
141,8480,"Draaihals","alleen_pre_bruikbaar",1974,"index_gebrugged = 100 in het eerste analysejaar vanaf eerste positieve jaar",1974,1977,3,1,"alleen_pre","trim-trend-v2","beschrijvend","1958-2025",1974,1977,4,3,-6.66133814775094e-14,"loglineaire samenvatting van geschatte indices; geen formele inferentie","onvolledige_langetermijnreeks","niet_formeel","1958-1983",1974,1977,4,3,NA,NA,NA,NA,NA,NA,"kalenderjaargaten",NA,NA,"model3_overdisp","voorkeursmodel_gekozen","niet_beschikbaar","1984-2025",1984,2025,42,0,NA,NA,NA,NA,NA,NA,"geen_model",NA,NA,NA,"geen_model"
142,8560,"Groene Specht","brugbare_tijdreeks",1962,"index_gebrugged = 100 in het eerste analysejaar vanaf eerste positieve jaar",1962,2025,60,0.804937966894074,"1981_1983_naar_1984_1986","trim-trend-v2","beschrijvend","1958-2025",1962,2025,64,60,-2.04952549649959,"loglineaire samenvatting van geschatte indices; geen formele inferentie","gebrugde_reeks_zonder_bootstrap","niet_formeel","1958-1983",1962,1983,22,18,NA,NA,NA,NA,NA,NA,"kalenderjaargaten",NA,NA,"model3_overdisp","voorkeursmodel_gekozen","formeel","1984-2025",1984,2025,42,42,-3.65616428809472,0.230425615283576,-4.12074806958392,-3.18932936169485,1.41122419687473e-18,"rtrim::overall(imputed); volledige variantie-covariantiematrix","beschikbaar","matige_afname_p_kleiner_dan_0_01","rtrim_overall_classificatie","model3_overdisp","voorkeursmodel_gekozen"
143,8630,"Zwarte Specht","alleen_post_bruikbaar",1984,"index_gebrugged = 100 in het eerste analysejaar vanaf eerste positieve jaar",1984,2025,42,1,"alleen_post","trim-trend-v2","beschrijvend","1958-2025",1984,2025,42,42,-22.4524235513131,"loglineaire samenvatting van geschatte indices; geen formele inferentie","onvolledige_langetermijnreeks","niet_beschikbaar","1958-1983",1958,1983,26,0,NA,NA,NA,NA,NA,NA,"geen_model",NA,NA,NA,"geen_model","formeel","1984-2025",1984,2025,42,42,-22.4524235513129,11.66867909383,-42.7871833360557,5.10978070504204,0.0988311731130671,"rtrim::overall(imputed); volledige variantie-covariantiematrix","beschikbaar","onzeker","rtrim_overall_classificatie","model2_basis","model3_varianten_mislukt_fallback_naar_model2"
144,8760,"Grote Bonte Specht","brugbare_tijdreeks",1973,"index_gebrugged = 100 in het eerste analysejaar vanaf eerste positieve jaar",1973,2025,53,1.90766879993509,"1981_1983_naar_1984_1986","trim-trend-v2","beschrijvend","1958-2025",1973,2025,53,53,4.71282198903213,"loglineaire samenvatting van geschatte indices; geen formele inferentie","gebrugde_reeks_zonder_bootstrap","formeel","1958-1983",1973,1983,11,11,7.22807159641781,1.96746196371247,2.8684662276236,11.7724387262123,0.00419483015783115,"rtrim::overall(imputed); volledige variantie-covariantiematrix","beschikbaar","matige_toename_p_kleiner_dan_0_05","rtrim_overall_classificatie","model3_overdisp","voorkeursmodel_gekozen","formeel","1984-2025",1984,2025,42,42,4.13948041338745,0.199610721488433,3.73683251355761,4.5436911653626,2.46773550082181e-23,"rtrim::overall(imputed); volledige variantie-covariantiematrix","beschikbaar","matige_toename_p_kleiner_dan_0_01","rtrim_overall_classificatie","model3_overdisp","voorkeursmodel_gekozen"
146,8870,"Kleine Bonte Specht","brugbare_tijdreeks",1974,"index_gebrugged = 100 in het eerste analysejaar vanaf eerste positieve jaar",1974,2025,46,1.49105424584879,"1981_1983_naar_1984_1986","trim-trend-v2","beschrijvend","1958-2025",1974,2025,52,46,8.16060728682642,"loglineaire samenvatting van geschatte indices; geen formele inferentie","gebrugde_reeks_zonder_bootstrap","niet_formeel","1958-1983",1974,1979,6,5,NA,NA,NA,NA,NA,NA,"kalenderjaargaten",NA,NA,"model2_basis","model3_varianten_mislukt_fallback_naar_model2","formeel","1984-2025",1985,2025,41,41,9.72289236757338,1.14619876970542,7.42880846472749,12.0659651871587,6.56532383426477e-11,"rtrim::overall(imputed); volledige variantie-covariantiematrix","beschikbaar","sterke_toename_p_kleiner_dan_0_01","rtrim_overall_classificatie","model2_basis","model3_varianten_mislukt_fallback_naar_model2"
147,9720,"Kuifleeuwerik","brugbare_tijdreeks",1967,"index_gebrugged = 100 in het eerste analysejaar vanaf eerste positieve jaar",1967,2025,43,1.5109469518811,"1981_1983_naar_1984_1986","trim-trend-v2","beschrijvend","1958-2025",1967,2025,59,43,-7.23052013954211,"loglineaire samenvatting van geschatte indices; geen formele inferentie","gebrugde_reeks_zonder_bootstrap","niet_formeel","1958-1983",1967,1983,17,7,NA,NA,NA,NA,NA,NA,"kalenderjaargaten",NA,NA,"model2_basis","model3_varianten_mislukt_fallback_naar_model2","niet_formeel","1984-2025",1987,2025,39,36,NA,NA,NA,NA,NA,NA,"kalenderjaargaten",NA,NA,"model2_basis","model3_varianten_mislukt_fallback_naar_model2"
148,9740,"Boomleeuwerik","brugbare_tijdreeks",1961,"index_gebrugged = 100 in het eerste analysejaar vanaf eerste positieve jaar",1961,2025,65,0.64342760666007,"1981_1983_naar_1984_1986","trim-trend-v2","beschrijvend","1958-2025",1961,2025,65,65,4.58295779513089,"loglineaire samenvatting van geschatte indices; geen formele inferentie","gebrugde_reeks_zonder_bootstrap","formeel","1958-1983",1961,1983,23,23,-0.881741981742634,0.858093722537821,-2.65027763110758,0.918922350344409,0.317941628468733,"rtrim::overall(imputed); volledige variantie-covariantiematrix","beschikbaar","stabiel","rtrim_overall_classificatie","model3_overdisp","voorkeursmodel_gekozen","formeel","1984-2025",1984,2025,42,42,10.5381270427876,0.512700037630135,9.50676326684929,11.5792044766461,1.15608926935212e-23,"rtrim::overall(imputed); volledige variantie-covariantiematrix","beschikbaar","sterke_toename_p_kleiner_dan_0_01","rtrim_overall_classificatie","model2_basis","model3_varianten_mislukt_fallback_naar_model2"
150,9760,"Veldleeuwerik","brugbare_tijdreeks",1958,"index_gebrugged = 100 in het eerste analysejaar vanaf eerste positieve jaar",1958,2025,67,3.76721270692287,"1981_1983_naar_1984_1986","trim-trend-v2","beschrijvend","1958-2025",1958,2025,68,67,-4.72196441160725,"loglineaire samenvatting van geschatte indices; geen formele inferentie","gebrugde_reeks_zonder_bootstrap","niet_formeel","1958-1983",1958,1983,26,25,NA,NA,NA,NA,NA,NA,"kalenderjaargaten",NA,NA,"model3_overdisp","voorkeursmodel_gekozen","formeel","1984-2025",1984,2025,42,42,-7.64698976058951,1.33577242699282,-10.3076089830611,-4.90744640010886,2.37980279987425e-06,"rtrim::overall(imputed); volledige variantie-covariantiematrix","beschikbaar","matige_afname_p_kleiner_dan_0_01","rtrim_overall_classificatie","model2_basis","model3_varianten_mislukt_fallback_naar_model2"
151,9810,"Oeverzwaluw","brugbare_tijdreeks",1966,"index_gebrugged = 100 in het eerste analysejaar vanaf eerste positieve jaar",1966,2025,16,1.6825071205974,"1981_1983_naar_1984_1986","trim-trend-v2","beschrijvend","1958-2025",1966,2025,60,16,0.427005004341385,"loglineaire samenvatting van geschatte indices; geen formele inferentie","gebrugde_reeks_zonder_bootstrap","niet_formeel","1958-1983",1966,1975,10,5,NA,NA,NA,NA,NA,NA,"kalenderjaargaten",NA,NA,"model2_basis","model3_varianten_mislukt_fallback_naar_model2","formeel","1984-2025",2015,2025,11,11,-13.4103547247361,14.1435844708927,-40.159741303213,25.2963612154071,0.400958748997499,"rtrim::overall(imputed); volledige variantie-covariantiematrix","beschikbaar","onzeker","rtrim_overall_classificatie","model2_basis","model3_varianten_mislukt_fallback_naar_model2"
152,9920,"Boerenzwaluw","alleen_pre_bruikbaar",1971,"index_gebrugged = 100 in het eerste analysejaar vanaf eerste positieve jaar",1971,1983,6,1,"alleen_pre","trim-trend-v2","beschrijvend","1958-2025",1971,1983,13,6,-6.7734458872408,"loglineaire samenvatting van geschatte indices; geen formele inferentie","onvolledige_langetermijnreeks","niet_formeel","1958-1983",1971,1983,13,6,NA,NA,NA,NA,NA,NA,"kalenderjaargaten",NA,NA,"model2_basis","model3_varianten_mislukt_fallback_naar_model2","niet_beschikbaar","1984-2025",1984,2025,42,0,NA,NA,NA,NA,NA,NA,"geen_model",NA,NA,NA,"geen_model"
155,10090,"Boompieper","brugbare_tijdreeks",1958,"index_gebrugged = 100 in het eerste analysejaar vanaf eerste positieve jaar",1958,2025,68,1.0416304072534,"1981_1983_naar_1984_1986","trim-trend-v2","beschrijvend","1958-2025",1958,2025,68,68,0.803744723773958,"loglineaire samenvatting van geschatte indices; geen formele inferentie","gebrugde_reeks_zonder_bootstrap","formeel","1958-1983",1958,1983,26,26,0.0319972302774474,0.451945213629377,-0.896436432796321,0.969128754817561,0.944135536572676,"rtrim::overall(imputed); volledige variantie-covariantiematrix","beschikbaar","stabiel","rtrim_overall_classificatie","model3_overdisp","voorkeursmodel_gekozen","formeel","1984-2025",1984,2025,42,42,3.06937794310604,0.244659928816642,2.57608601409562,3.56504212998552,1.17162120762405e-15,"rtrim::overall(imputed); volledige variantie-covariantiematrix","beschikbaar","matige_toename_p_kleiner_dan_0_01","rtrim_overall_classificatie","model3_overdisp","voorkeursmodel_gekozen"
156,10110,"Graspieper","brugbare_tijdreeks",1958,"index_gebrugged = 100 in het eerste analysejaar vanaf eerste positieve jaar",1958,2025,65,0.65368641871992,"1981_1983_naar_1984_1986","trim-trend-v2","beschrijvend","1958-2025",1958,2025,68,65,1.22538504496505,"loglineaire samenvatting van geschatte indices; geen formele inferentie","gebrugde_reeks_zonder_bootstrap","niet_formeel","1958-1983",1958,1983,26,23,NA,NA,NA,NA,NA,NA,"kalenderjaargaten",NA,NA,"model3_overdisp","voorkeursmodel_gekozen","formeel","1984-2025",1984,2025,42,42,1.22729767825469,0.306130234980186,0.610472366171955,1.84790463907314,0.000240304172839547,"rtrim::overall(imputed); volledige variantie-covariantiematrix","beschikbaar","matige_toename_p_kleiner_dan_0_01","rtrim_overall_classificatie","model3_overdisp","voorkeursmodel_gekozen"
158,10171,"Gele Kwikstaart","brugbare_tijdreeks",1975,"index_gebrugged = 100 in het eerste analysejaar vanaf eerste positieve jaar",1975,2025,47,1.59088967380857,"1981_1983_naar_1984_1986","trim-trend-v2","beschrijvend","1958-2025",1975,2025,51,47,-3.79261502608466,"loglineaire samenvatting van geschatte indices; geen formele inferentie","gebrugde_reeks_zonder_bootstrap","niet_formeel","1958-1983",1975,1982,8,5,NA,NA,NA,NA,NA,NA,"kalenderjaargaten",NA,NA,"model3_overdisp","voorkeursmodel_gekozen","formeel","1984-2025",1984,2025,42,42,0.581906205605454,3.32874104532004,-5.92566787410266,7.53964048784592,0.861712426854978,"rtrim::overall(imputed); volledige variantie-covariantiematrix","beschikbaar","onzeker","rtrim_overall_classificatie","model2_basis","model3_varianten_mislukt_fallback_naar_model2"
162,10201,"Witte Kwikstaart","brugbare_tijdreeks",1958,"index_gebrugged = 100 in het eerste analysejaar vanaf eerste positieve jaar",1958,2025,66,0.819779573467998,"1981_1983_naar_1984_1986","trim-trend-v2","beschrijvend","1958-2025",1958,2025,68,66,-0.141953766547387,"loglineaire samenvatting van geschatte indices; geen formele inferentie","gebrugde_reeks_zonder_bootstrap","niet_formeel","1958-1983",1958,1983,26,24,NA,NA,NA,NA,NA,NA,"kalenderjaargaten",NA,NA,"model3_overdisp","voorkeursmodel_gekozen","formeel","1984-2025",1984,2025,42,42,0.559261752735662,0.705853024642416,-0.857249015413164,1.99601104297871,0.431574867062998,"rtrim::overall(imputed); volledige variantie-covariantiematrix","beschikbaar","stabiel","rtrim_overall_classificatie","model2_basis","model3_varianten_mislukt_fallback_naar_model2"
164,10660,"Winterkoning","brugbare_tijdreeks",1958,"index_gebrugged = 100 in het eerste analysejaar vanaf eerste positieve jaar",1958,2025,68,8.29722203820735,"1981_1983_naar_1984_1986","trim-trend-v2","beschrijvend","1958-2025",1958,2025,68,68,2.71008423449082,"loglineaire samenvatting van geschatte indices; geen formele inferentie","gebrugde_reeks_zonder_bootstrap","formeel","1958-1983",1958,1983,26,26,6.65941735168118,0.975383478501141,4.66520341502821,8.69162757645463,2.74112323941667e-07,"rtrim::overall(imputed); volledige variantie-covariantiematrix","beschikbaar","matige_toename_p_kleiner_dan_0_01","rtrim_overall_classificatie","model3_overdisp","voorkeursmodel_gekozen","formeel","1984-2025",1984,2025,42,42,-0.151127252498884,0.112725785036778,-0.378694840840033,0.0769601745171489,0.187921324550688,"rtrim::overall(imputed); volledige variantie-covariantiematrix","beschikbaar","stabiel","rtrim_overall_classificatie","model3_overdisp","voorkeursmodel_gekozen"
165,10840,"Heggenmus","brugbare_tijdreeks",1958,"index_gebrugged = 100 in het eerste analysejaar vanaf eerste positieve jaar",1958,2025,68,11.142298119531,"1981_1983_naar_1984_1986","trim-trend-v2","beschrijvend","1958-2025",1958,2025,68,68,1.02246151882985,"loglineaire samenvatting van geschatte indices; geen formele inferentie","gebrugde_reeks_zonder_bootstrap","formeel","1958-1983",1958,1983,26,26,9.28066355085977,0.534433215140512,8.18319552846967,10.3892648740762,1.60607645955371e-15,"rtrim::overall(imputed); volledige variantie-covariantiematrix","beschikbaar","sterke_toename_p_kleiner_dan_0_01","rtrim_overall_classificatie","model3_overdisp","voorkeursmodel_gekozen","formeel","1984-2025",1984,2025,42,42,-2.43275895114818,0.0860037942000182,-2.60642436102243,-2.25878387326567,7.35826048303928e-28,"rtrim::overall(imputed); volledige variantie-covariantiematrix","beschikbaar","matige_afname_p_kleiner_dan_0_01","rtrim_overall_classificatie","model3_overdisp","voorkeursmodel_gekozen"
166,10990,"Roodborst","brugbare_tijdreeks",1960,"index_gebrugged = 100 in het eerste analysejaar vanaf eerste positieve jaar",1960,2025,65,2.28706948892892,"1981_1983_naar_1984_1986","trim-trend-v2","beschrijvend","1958-2025",1960,2025,66,65,1.20741202320724,"loglineaire samenvatting van geschatte indices; geen formele inferentie","gebrugde_reeks_zonder_bootstrap","niet_formeel","1958-1983",1960,1983,24,23,NA,NA,NA,NA,NA,NA,"kalenderjaargaten",NA,NA,"model3_overdisp","voorkeursmodel_gekozen","formeel","1984-2025",1984,2025,42,42,-0.380094684042298,0.119494110698238,-0.621308786985464,-0.138295101025399,0.00288360944801642,"rtrim::overall(imputed); volledige variantie-covariantiematrix","beschikbaar","matige_afname_p_kleiner_dan_0_05","rtrim_overall_classificatie","model3_overdisp","voorkeursmodel_gekozen"
167,11040,"Nachtegaal","brugbare_tijdreeks",1958,"index_gebrugged = 100 in het eerste analysejaar vanaf eerste positieve jaar",1958,2025,68,2.21865763445745,"1981_1983_naar_1984_1986","trim-trend-v2","beschrijvend","1958-2025",1958,2025,68,68,0.559831224779828,"loglineaire samenvatting van geschatte indices; geen formele inferentie","gebrugde_reeks_zonder_bootstrap","formeel","1958-1983",1958,1983,26,26,3.29374590810356,0.30765351093439,2.66072790178,3.93066717718904,9.22729218169883e-11,"rtrim::overall(imputed); volledige variantie-covariantiematrix","beschikbaar","matige_toename_p_kleiner_dan_0_01","rtrim_overall_classificatie","model3_overdisp","voorkeursmodel_gekozen","formeel","1984-2025",1984,2025,42,42,-1.34490690157959,0.0999852254463115,-1.54677776099331,-1.14262212129101,2.46712591795226e-16,"rtrim::overall(imputed); volledige variantie-covariantiematrix","beschikbaar","matige_afname_p_kleiner_dan_0_01","rtrim_overall_classificatie","model3_overdisp","voorkeursmodel_gekozen"
168,11060,"Blauwborst","alleen_post_bruikbaar",1988,"index_gebrugged = 100 in het eerste analysejaar vanaf eerste positieve jaar",1988,2025,38,1,"alleen_post","trim-trend-v2","beschrijvend","1958-2025",1988,2025,38,38,5.03285904857707,"loglineaire samenvatting van geschatte indices; geen formele inferentie","onvolledige_langetermijnreeks","niet_beschikbaar","1958-1983",1958,1983,26,0,NA,NA,NA,NA,NA,NA,"geen_model",NA,NA,NA,"geen_model","formeel","1984-2025",1988,2025,38,38,5.03285904857702,0.601288660756592,3.8204410506578,6.25943569759426,3.16827854022463e-10,"rtrim::overall(imputed); volledige variantie-covariantiematrix","beschikbaar","matige_toename_p_kleiner_dan_0_01","rtrim_overall_classificatie","model2_basis","model3_varianten_mislukt_fallback_naar_model2"
169,11210,"Zwarte Roodstaart","brugbare_tijdreeks",1960,"index_gebrugged = 100 in het eerste analysejaar vanaf eerste positieve jaar",1960,2025,54,1.68823353489548,"1981_1983_naar_1984_1986","trim-trend-v2","beschrijvend","1958-2025",1960,2025,66,54,0.486394598026973,"loglineaire samenvatting van geschatte indices; geen formele inferentie","gebrugde_reeks_zonder_bootstrap","niet_formeel","1958-1983",1960,1982,23,12,NA,NA,NA,NA,NA,NA,"kalenderjaargaten",NA,NA,"model2_basis","model3_varianten_mislukt_fallback_naar_model2","formeel","1984-2025",1984,2025,42,42,0.273001631246506,2.49183877780261,-4.63881242240225,5.43781082799779,0.913189744414825,"rtrim::overall(imputed); volledige variantie-covariantiematrix","beschikbaar","onzeker","rtrim_overall_classificatie","model2_basis","model3_varianten_mislukt_fallback_naar_model2"
170,11220,"Gekraagde Roodstaart","brugbare_tijdreeks",1958,"index_gebrugged = 100 in het eerste analysejaar vanaf eerste positieve jaar",1958,2025,68,0.853005816202764,"1981_1983_naar_1984_1986","trim-trend-v2","beschrijvend","1958-2025",1958,2025,68,68,0.140547341642239,"loglineaire samenvatting van geschatte indices; geen formele inferentie","gebrugde_reeks_zonder_bootstrap","formeel","1958-1983",1958,1983,26,26,-0.521418682423336,0.421344145115461,-1.38724036860051,0.352004932703576,0.22904806931955,"rtrim::overall(imputed); volledige variantie-covariantiematrix","beschikbaar","stabiel","rtrim_overall_classificatie","model3_overdisp","voorkeursmodel_gekozen","formeel","1984-2025",1984,2025,42,42,0.508280950519802,0.136043545034483,0.233702434574479,0.783611642226223,0.000567197052399716,"rtrim::overall(imputed); volledige variantie-covariantiematrix","beschikbaar","matige_toename_p_kleiner_dan_0_01","rtrim_overall_classificatie","model3_overdisp","voorkeursmodel_gekozen"
171,11370,"Paapje","brugbare_tijdreeks",1958,"index_gebrugged = 100 in het eerste analysejaar vanaf eerste positieve jaar",1958,2025,61,0.865480213920997,"1981_1983_naar_1984_1986","trim-trend-v2","beschrijvend","1958-2025",1958,2025,68,61,-18.5567071161141,"loglineaire samenvatting van geschatte indices; geen formele inferentie","gebrugde_reeks_zonder_bootstrap","formeel","1958-1983",1958,1977,20,20,-2.27939121762658,2.18611138305196,-6.76598052370015,2.42310086421964,0.316335230468561,"rtrim::overall(imputed); volledige variantie-covariantiematrix","beschikbaar","onzeker","rtrim_overall_classificatie","model2_basis","model3_varianten_mislukt_fallback_naar_model2","formeel","1984-2025",1985,2025,41,41,-27.9396191389002,54.7451991819732,-84.4999995224626,235.012795475202,0.668623503177006,"rtrim::overall(imputed); volledige variantie-covariantiematrix","beschikbaar","onzeker","rtrim_overall_classificatie","model2_basis","model3_varianten_mislukt_fallback_naar_model2"
172,11390,"Roodborsttapuit","brugbare_tijdreeks",1958,"index_gebrugged = 100 in het eerste analysejaar vanaf eerste positieve jaar",1958,2025,68,0.356576550010137,"1981_1983_naar_1984_1986","trim-trend-v2","beschrijvend","1958-2025",1958,2025,68,68,2.9289672083135,"loglineaire samenvatting van geschatte indices; geen formele inferentie","gebrugde_reeks_zonder_bootstrap","formeel","1958-1983",1958,1983,26,26,-3.7311518108857,0.809647433231548,-5.38776270217086,-2.0455345275787,0.000140294469740373,"rtrim::overall(imputed); volledige variantie-covariantiematrix","beschikbaar","matige_afname_p_kleiner_dan_0_01","rtrim_overall_classificatie","model3_overdisp","voorkeursmodel_gekozen","formeel","1984-2025",1984,2025,42,42,5.18899579121128,0.437826972090966,4.30782600117803,6.07760951166314,5.22952201674174e-15,"rtrim::overall(imputed); volledige variantie-covariantiematrix","beschikbaar","matige_toename_p_kleiner_dan_0_01","rtrim_overall_classificatie","model3_overdisp","voorkeursmodel_gekozen"
173,11460,"Tapuit","brugbare_tijdreeks",1958,"index_gebrugged = 100 in het eerste analysejaar vanaf eerste positieve jaar",1958,2025,68,2.22563626500737,"1981_1983_naar_1984_1986","trim-trend-v2","beschrijvend","1958-2025",1958,2025,68,68,-19.7011968048779,"loglineaire samenvatting van geschatte indices; geen formele inferentie","gebrugde_reeks_zonder_bootstrap","formeel","1958-1983",1958,1983,26,26,1.97770632991991,0.553002046805111,0.84272941060759,3.12545732441742,0.00139724806258835,"rtrim::overall(imputed); volledige variantie-covariantiematrix","beschikbaar","matige_toename_p_kleiner_dan_0_05","rtrim_overall_classificatie","model3_overdisp","voorkeursmodel_gekozen","formeel","1984-2025",1984,2025,42,42,-30.4888865583511,419.807601981366,-99.9996524699953,13903145.2634505,0.9522817362446,"rtrim::overall(imputed); volledige variantie-covariantiematrix","beschikbaar","onzeker","rtrim_overall_classificatie","model2_basis","model3_varianten_mislukt_fallback_naar_model2"
175,11870,"Merel","brugbare_tijdreeks",1958,"index_gebrugged = 100 in het eerste analysejaar vanaf eerste positieve jaar",1958,2025,68,5.33302602698145,"1981_1983_naar_1984_1986","trim-trend-v2","beschrijvend","1958-2025",1958,2025,68,68,1.31427057190654,"loglineaire samenvatting van geschatte indices; geen formele inferentie","gebrugde_reeks_zonder_bootstrap","formeel","1958-1983",1958,1983,26,26,5.26765801022058,0.499573645366675,4.24162176407492,6.30379339297396,1.03721176748844e-10,"rtrim::overall(imputed); volledige variantie-covariantiematrix","beschikbaar","matige_toename_p_kleiner_dan_0_01","rtrim_overall_classificatie","model3_overdisp","voorkeursmodel_gekozen","formeel","1984-2025",1984,2025,42,42,-0.216214214238075,0.108706692146166,-0.435676938792273,0.00373225676251199,0.0538221206579587,"rtrim::overall(imputed); volledige variantie-covariantiematrix","beschikbaar","stabiel","rtrim_overall_classificatie","model3_overdisp","voorkeursmodel_gekozen"
176,11980,"Kramsvogel","alleen_post_bruikbaar",1985,"index_gebrugged = 100 in het eerste analysejaar vanaf eerste positieve jaar",1985,2025,41,1,"alleen_post","trim-trend-v2","beschrijvend","1958-2025",1985,2025,41,41,-13.6911541801726,"loglineaire samenvatting van geschatte indices; geen formele inferentie","onvolledige_langetermijnreeks","niet_beschikbaar","1958-1983",1958,1983,26,0,NA,NA,NA,NA,NA,NA,"geen_model",NA,NA,NA,"geen_model","formeel","1984-2025",1985,2025,41,41,-1.50527823166778,5.32424487289952,-11.7067122064284,9.87483260225248,0.780513495534129,"rtrim::overall(imputed); volledige variantie-covariantiematrix","beschikbaar","onzeker","rtrim_overall_classificatie","model2_basis","model3_varianten_mislukt_fallback_naar_model2"
177,12000,"Zanglijster","brugbare_tijdreeks",1960,"index_gebrugged = 100 in het eerste analysejaar vanaf eerste positieve jaar",1960,2025,66,1.01022167321414,"1981_1983_naar_1984_1986","trim-trend-v2","beschrijvend","1958-2025",1960,2025,66,66,2.89274838663252,"loglineaire samenvatting van geschatte indices; geen formele inferentie","gebrugde_reeks_zonder_bootstrap","formeel","1958-1983",1960,1983,24,24,1.333093387119,1.51374453056869,-1.75809072775229,4.52154168692742,0.384934683507659,"rtrim::overall(imputed); volledige variantie-covariantiematrix","beschikbaar","stabiel","rtrim_overall_classificatie","model3_overdisp","voorkeursmodel_gekozen","formeel","1984-2025",1984,2025,42,42,4.83093853275436,0.283348839098236,4.25983050893377,5.40517493663544,2.61081703708145e-20,"rtrim::overall(imputed); volledige variantie-covariantiematrix","beschikbaar","matige_toename_p_kleiner_dan_0_01","rtrim_overall_classificatie","model3_overdisp","voorkeursmodel_gekozen"
179,12020,"Grote Lijster","brugbare_tijdreeks",1959,"index_gebrugged = 100 in het eerste analysejaar vanaf eerste positieve jaar",1959,2025,52,0.799048703702959,"1981_1983_naar_1984_1986","trim-trend-v2","beschrijvend","1958-2025",1959,2025,67,52,1.85326349436519,"loglineaire samenvatting van geschatte indices; geen formele inferentie","gebrugde_reeks_zonder_bootstrap","niet_formeel","1958-1983",1959,1983,25,14,NA,NA,NA,NA,NA,NA,"kalenderjaargaten",NA,NA,"model2_basis","model3_varianten_mislukt_fallback_naar_model2","formeel","1984-2025",1988,2025,38,38,3.42362946047199,0.821758711380649,1.77038182303269,5.1037339073458,0.000150229410364013,"rtrim::overall(imputed); volledige variantie-covariantiematrix","beschikbaar","matige_toename_p_kleiner_dan_0_01","rtrim_overall_classificatie","model2_basis","model3_varianten_mislukt_fallback_naar_model2"
180,12200,"Cetti's Zanger","alleen_post_bruikbaar",2011,"index_gebrugged = 100 in het eerste analysejaar vanaf eerste positieve jaar",2011,2025,15,1,"alleen_post","trim-trend-v2","beschrijvend","1958-2025",2011,2025,15,15,100.252057349328,"loglineaire samenvatting van geschatte indices; geen formele inferentie","onvolledige_langetermijnreeks","niet_beschikbaar","1958-1983",1958,1983,26,0,NA,NA,NA,NA,NA,NA,"geen_model",NA,NA,NA,"geen_model","formeel","1984-2025",2011,2025,15,15,99.8703285667249,518.979673360135,-99.2679491548219,54470.1825283076,0.793886642858314,"rtrim::overall(imputed); volledige variantie-covariantiematrix","beschikbaar","onzeker","rtrim_overall_classificatie","model2_basis","model3_varianten_mislukt_fallback_naar_model2"
182,12360,"Sprinkhaanrietzanger","brugbare_tijdreeks",1958,"index_gebrugged = 100 in het eerste analysejaar vanaf eerste positieve jaar",1958,2025,68,0.888706032665902,"1981_1983_naar_1984_1986","trim-trend-v2","beschrijvend","1958-2025",1958,2025,68,68,1.04959314868138,"loglineaire samenvatting van geschatte indices; geen formele inferentie","gebrugde_reeks_zonder_bootstrap","formeel","1958-1983",1958,1983,26,26,-1.53033858941478,0.550238415098527,-2.65945140108851,-0.388128504715202,0.0108974145495491,"rtrim::overall(imputed); volledige variantie-covariantiematrix","beschikbaar","matige_afname_p_kleiner_dan_0_05","rtrim_overall_classificatie","model3_overdisp","voorkeursmodel_gekozen","formeel","1984-2025",1984,2025,42,42,-0.38842251108826,0.252107180365681,-0.896649194436561,0.122410485362145,0.131993788350392,"rtrim::overall(imputed); volledige variantie-covariantiematrix","beschikbaar","stabiel","rtrim_overall_classificatie","model3_overdisp","voorkeursmodel_gekozen"
184,12380,"Snor","alleen_post_bruikbaar",1986,"index_gebrugged = 100 in het eerste analysejaar vanaf eerste positieve jaar",1986,2025,40,1,"alleen_post","trim-trend-v2","beschrijvend","1958-2025",1986,2025,40,40,-13.4813762784297,"loglineaire samenvatting van geschatte indices; geen formele inferentie","onvolledige_langetermijnreeks","niet_beschikbaar","1958-1983",1958,1983,26,0,NA,NA,NA,NA,NA,NA,"geen_model",NA,NA,NA,"geen_model","formeel","1984-2025",1986,2025,40,40,-13.4813762784297,6.58322567014787,-25.8327268672103,0.926890453052165,0.0646181501545942,"rtrim::overall(imputed); volledige variantie-covariantiematrix","beschikbaar","onzeker","rtrim_overall_classificatie","model2_basis","model3_varianten_mislukt_fallback_naar_model2"
186,12430,"Rietzanger","brugbare_tijdreeks",1959,"index_gebrugged = 100 in het eerste analysejaar vanaf eerste positieve jaar",1959,2025,65,7.00586266734377,"1981_1983_naar_1984_1986","trim-trend-v2","beschrijvend","1958-2025",1959,2025,67,65,0.975123575648995,"loglineaire samenvatting van geschatte indices; geen formele inferentie","gebrugde_reeks_zonder_bootstrap","niet_formeel","1958-1983",1959,1983,25,23,NA,NA,NA,NA,NA,NA,"kalenderjaargaten",NA,NA,"model3_overdisp","voorkeursmodel_gekozen","formeel","1984-2025",1984,2025,42,42,1.58461844693776,0.514780493164818,0.549517959189694,2.63037470948697,0.00351296112728303,"rtrim::overall(imputed); volledige variantie-covariantiematrix","beschikbaar","matige_toename_p_kleiner_dan_0_05","rtrim_overall_classificatie","model3_overdisp","voorkeursmodel_gekozen"
187,12500,"Bosrietzanger","brugbare_tijdreeks",1962,"index_gebrugged = 100 in het eerste analysejaar vanaf eerste positieve jaar",1962,2025,62,5.67755884248073,"1981_1983_naar_1984_1986","trim-trend-v2","beschrijvend","1958-2025",1962,2025,64,62,-0.646280009238287,"loglineaire samenvatting van geschatte indices; geen formele inferentie","gebrugde_reeks_zonder_bootstrap","niet_formeel","1958-1983",1962,1983,22,20,NA,NA,NA,NA,NA,NA,"kalenderjaargaten",NA,NA,"model3_overdisp","voorkeursmodel_gekozen","formeel","1984-2025",1984,2025,42,42,-3.32049580396266,0.265932404668018,-3.85647403281554,-2.78152961872985,3.80284157736866e-15,"rtrim::overall(imputed); volledige variantie-covariantiematrix","beschikbaar","matige_afname_p_kleiner_dan_0_01","rtrim_overall_classificatie","model3_overdisp","voorkeursmodel_gekozen"
188,12510,"Kleine Karekiet","brugbare_tijdreeks",1964,"index_gebrugged = 100 in het eerste analysejaar vanaf eerste positieve jaar",1964,2025,62,24.8189365777581,"1981_1983_naar_1984_1986","trim-trend-v2","beschrijvend","1958-2025",1964,2025,62,62,1.87144718716574,"loglineaire samenvatting van geschatte indices; geen formele inferentie","gebrugde_reeks_zonder_bootstrap","formeel","1958-1983",1964,1983,20,20,16.4465178673965,1.06458782557279,14.2312445859666,18.7047516867179,2.21092317050194e-12,"rtrim::overall(imputed); volledige variantie-covariantiematrix","beschikbaar","sterke_toename_p_kleiner_dan_0_01","rtrim_overall_classificatie","model3_overdisp","voorkeursmodel_gekozen","formeel","1984-2025",1984,2025,42,42,-3.69722144423014,0.133982592161926,-3.96763001171502,-3.42605145855494,2.42196096807963e-27,"rtrim::overall(imputed); volledige variantie-covariantiematrix","beschikbaar","matige_afname_p_kleiner_dan_0_01","rtrim_overall_classificatie","model3_overdisp","voorkeursmodel_gekozen"
189,12530,"Grote Karekiet","alleen_post_bruikbaar",1986,"index_gebrugged = 100 in het eerste analysejaar vanaf eerste positieve jaar",1986,2025,40,1,"alleen_post","trim-trend-v2","beschrijvend","1958-2025",1986,2025,40,40,-5.83547541136575,"loglineaire samenvatting van geschatte indices; geen formele inferentie","onvolledige_langetermijnreeks","niet_beschikbaar","1958-1983",1958,1983,26,0,NA,NA,NA,NA,NA,NA,"geen_model",NA,NA,NA,"geen_model","formeel","1984-2025",1986,2025,40,40,1.94886923866628,5.35394865914704,-8.33338135423609,13.384480551285,0.715262747347943,"rtrim::overall(imputed); volledige variantie-covariantiematrix","beschikbaar","onzeker","rtrim_overall_classificatie","model2_basis","model3_varianten_mislukt_fallback_naar_model2"
190,12590,"Spotvogel","brugbare_tijdreeks",1964,"index_gebrugged = 100 in het eerste analysejaar vanaf eerste positieve jaar",1964,2025,54,0.512560964495603,"1981_1983_naar_1984_1986","trim-trend-v2","beschrijvend","1958-2025",1964,2025,62,54,-0.438045967897827,"loglineaire samenvatting van geschatte indices; geen formele inferentie","gebrugde_reeks_zonder_bootstrap","niet_formeel","1958-1983",1964,1982,19,12,NA,NA,NA,NA,NA,NA,"kalenderjaargaten",NA,NA,"model2_basis","model3_varianten_mislukt_fallback_naar_model2","formeel","1984-2025",1984,2025,42,42,0.372393035807139,1.56527470517227,-2.741810601666,3.58631335889459,0.81282534929919,"rtrim::overall(imputed); volledige variantie-covariantiematrix","beschikbaar","stabiel","rtrim_overall_classificatie","model2_basis","model3_varianten_mislukt_fallback_naar_model2"
192,12740,"Braamsluiper","brugbare_tijdreeks",1958,"index_gebrugged = 100 in het eerste analysejaar vanaf eerste positieve jaar",1958,2025,68,8.65249624620652,"1981_1983_naar_1984_1986","trim-trend-v2","beschrijvend","1958-2025",1958,2025,68,68,1.9648583812973,"loglineaire samenvatting van geschatte indices; geen formele inferentie","gebrugde_reeks_zonder_bootstrap","formeel","1958-1983",1958,1983,26,26,6.4052517823963,0.802286240408047,4.76223154441542,8.07404004252237,1.88683639623464e-08,"rtrim::overall(imputed); volledige variantie-covariantiematrix","beschikbaar","matige_toename_p_kleiner_dan_0_01","rtrim_overall_classificatie","model3_overdisp","voorkeursmodel_gekozen","formeel","1984-2025",1984,2025,42,42,0.442122996035677,0.142758680334626,0.154010948190431,0.731063852945368,0.00350030245807349,"rtrim::overall(imputed); volledige variantie-covariantiematrix","beschikbaar","matige_toename_p_kleiner_dan_0_05","rtrim_overall_classificatie","model3_overdisp","voorkeursmodel_gekozen"
193,12750,"Grasmus","brugbare_tijdreeks",1958,"index_gebrugged = 100 in het eerste analysejaar vanaf eerste positieve jaar",1958,2025,68,0.394688797513678,"1981_1983_naar_1984_1986","trim-trend-v2","beschrijvend","1958-2025",1958,2025,68,68,0.818546801523512,"loglineaire samenvatting van geschatte indices; geen formele inferentie","gebrugde_reeks_zonder_bootstrap","formeel","1958-1983",1958,1983,26,26,-7.42559403761962,0.318917429370376,-8.08147281665563,-6.7650352774528,1.35226498873426e-17,"rtrim::overall(imputed); volledige variantie-covariantiematrix","beschikbaar","sterke_afname_p_kleiner_dan_0_01","rtrim_overall_classificatie","model3_overdisp","voorkeursmodel_gekozen","formeel","1984-2025",1984,2025,42,42,1.14437651708734,0.122064214748754,0.897976156012104,1.39137860616794,1.02452498197423e-11,"rtrim::overall(imputed); volledige variantie-covariantiematrix","beschikbaar","matige_toename_p_kleiner_dan_0_01","rtrim_overall_classificatie","model3_overdisp","voorkeursmodel_gekozen"
194,12760,"Tuinfluiter","brugbare_tijdreeks",1960,"index_gebrugged = 100 in het eerste analysejaar vanaf eerste positieve jaar",1960,2025,65,1.68417922593029,"1981_1983_naar_1984_1986","trim-trend-v2","beschrijvend","1958-2025",1960,2025,66,65,3.4850258723113,"loglineaire samenvatting van geschatte indices; geen formele inferentie","gebrugde_reeks_zonder_bootstrap","niet_formeel","1958-1983",1960,1983,24,23,NA,NA,NA,NA,NA,NA,"kalenderjaargaten",NA,NA,"model3_overdisp","voorkeursmodel_gekozen","formeel","1984-2025",1984,2025,42,42,3.79146189914907,0.215003041834225,3.35783289982878,4.22691015206411,9.37325938703984e-21,"rtrim::overall(imputed); volledige variantie-covariantiematrix","beschikbaar","matige_toename_p_kleiner_dan_0_01","rtrim_overall_classificatie","model3_overdisp","voorkeursmodel_gekozen"
195,12770,"Zwartkop","brugbare_tijdreeks",1959,"index_gebrugged = 100 in het eerste analysejaar vanaf eerste positieve jaar",1959,2025,64,1.25921529734845,"1981_1983_naar_1984_1986","trim-trend-v2","beschrijvend","1958-2025",1959,2025,67,64,3.31743807610585,"loglineaire samenvatting van geschatte indices; geen formele inferentie","gebrugde_reeks_zonder_bootstrap","niet_formeel","1958-1983",1959,1983,25,22,NA,NA,NA,NA,NA,NA,"kalenderjaargaten",NA,NA,"model3_overdisp","voorkeursmodel_gekozen","formeel","1984-2025",1984,2025,42,42,3.32677392893252,0.11775891246148,3.08904817907818,3.56504787991143,2.58864204976237e-28,"rtrim::overall(imputed); volledige variantie-covariantiematrix","beschikbaar","matige_toename_p_kleiner_dan_0_01","rtrim_overall_classificatie","model3_overdisp","voorkeursmodel_gekozen"
197,13080,"Fluiter","alleen_post_bruikbaar",1987,"index_gebrugged = 100 in het eerste analysejaar vanaf eerste positieve jaar",1987,2025,39,1,"alleen_post","trim-trend-v2","beschrijvend","1958-2025",1987,2025,39,39,-5.6615690039703,"loglineaire samenvatting van geschatte indices; geen formele inferentie","onvolledige_langetermijnreeks","niet_beschikbaar","1958-1983",1958,1983,26,0,NA,NA,NA,NA,NA,NA,"geen_model",NA,NA,NA,"geen_model","formeel","1984-2025",1987,2025,39,39,-5.66156900397016,2.51825755766004,-10.6285094541281,-0.418584176743719,0.0354295397190919,"rtrim::overall(imputed); volledige variantie-covariantiematrix","beschikbaar","matige_afname_p_kleiner_dan_0_05","rtrim_overall_classificatie","model2_basis","model3_varianten_mislukt_fallback_naar_model2"
198,13110,"Tjiftjaf","brugbare_tijdreeks",1958,"index_gebrugged = 100 in het eerste analysejaar vanaf eerste positieve jaar",1958,2025,61,1.85218877385828,"1981_1983_naar_1984_1986","trim-trend-v2","beschrijvend","1958-2025",1958,2025,68,61,5.88012429863409,"loglineaire samenvatting van geschatte indices; geen formele inferentie","gebrugde_reeks_zonder_bootstrap","niet_formeel","1958-1983",1958,1983,26,19,NA,NA,NA,NA,NA,NA,"kalenderjaargaten",NA,NA,"model3_overdisp","voorkeursmodel_gekozen","formeel","1984-2025",1984,2025,42,42,4.287885863584,0.165259335299287,3.95441856890473,4.62242286206376,5.53353679523637e-27,"rtrim::overall(imputed); volledige variantie-covariantiematrix","beschikbaar","matige_toename_p_kleiner_dan_0_01","rtrim_overall_classificatie","model3_overdisp","voorkeursmodel_gekozen"
200,13120,"Fitis","brugbare_tijdreeks",1958,"index_gebrugged = 100 in het eerste analysejaar vanaf eerste positieve jaar",1958,2025,68,4.16353329282104,"1981_1983_naar_1984_1986","trim-trend-v2","beschrijvend","1958-2025",1958,2025,68,68,-0.293587871097745,"loglineaire samenvatting van geschatte indices; geen formele inferentie","gebrugde_reeks_zonder_bootstrap","formeel","1958-1983",1958,1983,26,26,4.6851598219023,0.245456661318524,4.17978597309212,5.19298522813001,3.07798014023544e-16,"rtrim::overall(imputed); volledige variantie-covariantiematrix","beschikbaar","matige_toename_p_kleiner_dan_0_01","rtrim_overall_classificatie","model3_overdisp","voorkeursmodel_gekozen","formeel","1984-2025",1984,2025,42,42,-3.03376474255888,0.073002123915058,-3.18119534577718,-2.88610963974215,2.89498213549563e-34,"rtrim::overall(imputed); volledige variantie-covariantiematrix","beschikbaar","matige_afname_p_kleiner_dan_0_01","rtrim_overall_classificatie","model3_overdisp","voorkeursmodel_gekozen"
201,13140,"Goudhaan","alleen_post_bruikbaar",1984,"index_gebrugged = 100 in het eerste analysejaar vanaf eerste positieve jaar",1984,2025,42,1,"alleen_post","trim-trend-v2","beschrijvend","1958-2025",1984,2025,42,42,3.53276935383111,"loglineaire samenvatting van geschatte indices; geen formele inferentie","onvolledige_langetermijnreeks","niet_beschikbaar","1958-1983",1958,1983,26,0,NA,NA,NA,NA,NA,NA,"geen_model",NA,NA,NA,"geen_model","formeel","1984-2025",1984,2025,42,42,3.53276935383109,0.881628376773574,1.76617739473279,5.33002815362091,0.000210678219354086,"rtrim::overall(imputed); volledige variantie-covariantiematrix","beschikbaar","matige_toename_p_kleiner_dan_0_01","rtrim_overall_classificatie","model2_basis","model3_varianten_mislukt_fallback_naar_model2"
202,13150,"Vuurgoudhaan","alleen_post_bruikbaar",1998,"index_gebrugged = 100 in het eerste analysejaar vanaf eerste positieve jaar",1998,2025,28,1,"alleen_post","trim-trend-v2","beschrijvend","1958-2025",1998,2025,28,28,-9.42264326031155,"loglineaire samenvatting van geschatte indices; geen formele inferentie","onvolledige_langetermijnreeks","niet_beschikbaar","1958-1983",1958,1983,26,0,NA,NA,NA,NA,NA,NA,"geen_model",NA,NA,NA,"geen_model","formeel","1984-2025",1998,2025,28,28,-8.72864442327688,8.44733000976228,-24.5406568715273,10.3966719486236,0.332819662136369,"rtrim::overall(imputed); volledige variantie-covariantiematrix","beschikbaar","onzeker","rtrim_overall_classificatie","model2_basis","model3_varianten_mislukt_fallback_naar_model2"
203,13350,"Grauwe Vliegenvanger","brugbare_tijdreeks",1963,"index_gebrugged = 100 in het eerste analysejaar vanaf eerste positieve jaar",1963,2025,52,0.63898288107604,"1981_1983_naar_1984_1986","trim-trend-v2","beschrijvend","1958-2025",1963,2025,63,52,2.51484498136587,"loglineaire samenvatting van geschatte indices; geen formele inferentie","gebrugde_reeks_zonder_bootstrap","niet_formeel","1958-1983",1963,1983,21,11,NA,NA,NA,NA,NA,NA,"kalenderjaargaten",NA,NA,"model2_basis","model3_varianten_mislukt_fallback_naar_model2","formeel","1984-2025",1985,2025,41,41,3.8832514708921,0.753614126358482,2.37005211847137,5.41881842235943,5.64559120810988e-06,"rtrim::overall(imputed); volledige variantie-covariantiematrix","beschikbaar","matige_toename_p_kleiner_dan_0_01","rtrim_overall_classificatie","model2_basis","model3_varianten_mislukt_fallback_naar_model2"
205,13490,"Bonte Vliegenvanger","brugbare_tijdreeks",1974,"index_gebrugged = 100 in het eerste analysejaar vanaf eerste positieve jaar",1974,2025,48,1.11636758903444,"1981_1983_naar_1984_1986","trim-trend-v2","beschrijvend","1958-2025",1974,2025,52,48,-13.6689638007219,"loglineaire samenvatting van geschatte indices; geen formele inferentie","gebrugde_reeks_zonder_bootstrap","niet_formeel","1958-1983",1974,1981,8,6,NA,NA,NA,NA,NA,NA,"kalenderjaargaten",NA,NA,"model2_basis","model3_varianten_mislukt_fallback_naar_model2","formeel","1984-2025",1984,2025,42,42,-15.6025313762182,112.050466757311,-94.2324195805133,1134.99495317591,0.898971978615394,"rtrim::overall(imputed); volledige variantie-covariantiematrix","beschikbaar","onzeker","rtrim_overall_classificatie","model2_basis","model3_varianten_mislukt_fallback_naar_model2"
207,14370,"Staartmees","brugbare_tijdreeks",1959,"index_gebrugged = 100 in het eerste analysejaar vanaf eerste positieve jaar",1959,2025,67,2.82654204273113,"1981_1983_naar_1984_1986","trim-trend-v2","beschrijvend","1958-2025",1959,2025,67,67,1.72270345608549,"loglineaire samenvatting van geschatte indices; geen formele inferentie","gebrugde_reeks_zonder_bootstrap","formeel","1958-1983",1959,1983,25,25,6.54293202221101,1.2318386129865,4.02491224385482,9.12190281189158,1.42391093348559e-05,"rtrim::overall(imputed); volledige variantie-covariantiematrix","beschikbaar","matige_toename_p_kleiner_dan_0_01","rtrim_overall_classificatie","model3_overdisp","voorkeursmodel_gekozen","formeel","1984-2025",1984,2025,42,42,-0.866686328500699,0.163253410018851,-1.19608530109907,-0.536189183998115,4.74415738970515e-06,"rtrim::overall(imputed); volledige variantie-covariantiematrix","beschikbaar","matige_afname_p_kleiner_dan_0_01","rtrim_overall_classificatie","model3_overdisp","voorkeursmodel_gekozen"
208,14400,"Glanskop","brugbare_tijdreeks",1963,"index_gebrugged = 100 in het eerste analysejaar vanaf eerste positieve jaar",1963,2025,58,1.56761872824997,"1981_1983_naar_1984_1986","trim-trend-v2","beschrijvend","1958-2025",1963,2025,63,58,0.5191326488037,"loglineaire samenvatting van geschatte indices; geen formele inferentie","gebrugde_reeks_zonder_bootstrap","niet_formeel","1958-1983",1963,1983,21,16,NA,NA,NA,NA,NA,NA,"kalenderjaargaten",NA,NA,"model3_overdisp","voorkeursmodel_gekozen","formeel","1984-2025",1984,2025,42,42,-0.259183213160963,0.253812071419905,-0.77083967586784,0.255111509659933,0.313934439275407,"rtrim::overall(imputed); volledige variantie-covariantiematrix","beschikbaar","stabiel","rtrim_overall_classificatie","model3_overdisp","voorkeursmodel_gekozen"
209,14420,"Matkop","brugbare_tijdreeks",1965,"index_gebrugged = 100 in het eerste analysejaar vanaf eerste positieve jaar",1965,2025,54,0.553482438802684,"1981_1983_naar_1984_1986","trim-trend-v2","beschrijvend","1958-2025",1965,2025,61,54,-11.0436812447546,"loglineaire samenvatting van geschatte indices; geen formele inferentie","gebrugde_reeks_zonder_bootstrap","niet_formeel","1958-1983",1965,1983,19,12,NA,NA,NA,NA,NA,NA,"kalenderjaargaten",NA,NA,"model2_basis","model3_varianten_mislukt_fallback_naar_model2","formeel","1984-2025",1984,2025,42,42,-13.5888943904719,3.29955894003364,-20.0067232938813,-6.65616561635523,0.000448715761400806,"rtrim::overall(imputed); volledige variantie-covariantiematrix","beschikbaar","sterke_afname_p_kleiner_dan_0_05","rtrim_overall_classificatie","model2_basis","model3_varianten_mislukt_fallback_naar_model2"
210,14540,"Kuifmees","brugbare_tijdreeks",1973,"index_gebrugged = 100 in het eerste analysejaar vanaf eerste positieve jaar",1973,2025,52,0.0457200742515637,"1981_1983_naar_1984_1986","trim-trend-v2","beschrijvend","1958-2025",1973,2025,53,52,-1.36325527910629,"loglineaire samenvatting van geschatte indices; geen formele inferentie","gebrugde_reeks_zonder_bootstrap","niet_formeel","1958-1983",1973,1983,11,10,NA,NA,NA,NA,NA,NA,"kalenderjaargaten",NA,NA,"model2_basis","model3_varianten_mislukt_fallback_naar_model2","formeel","1984-2025",1984,2025,42,42,0.713249102759361,0.686738435399845,-0.665181016997995,2.11080715383531,0.303532021825338,"rtrim::overall(imputed); volledige variantie-covariantiematrix","beschikbaar","stabiel","rtrim_overall_classificatie","model3_overdisp","voorkeursmodel_gekozen"
212,14610,"Zwarte Mees","brugbare_tijdreeks",1975,"index_gebrugged = 100 in het eerste analysejaar vanaf eerste positieve jaar",1975,2025,48,0.909216399369844,"1981_1983_naar_1984_1986","trim-trend-v2","beschrijvend","1958-2025",1975,2025,51,48,-2.60792879093187,"loglineaire samenvatting van geschatte indices; geen formele inferentie","gebrugde_reeks_zonder_bootstrap","niet_formeel","1958-1983",1975,1983,9,6,NA,NA,NA,NA,NA,NA,"kalenderjaargaten",NA,NA,"model2_basis","model3_varianten_mislukt_fallback_naar_model2","formeel","1984-2025",1984,2025,42,42,-2.88066239724782,1.42589594926687,-5.7201686211239,0.0443636613321141,0.0533576218333848,"rtrim::overall(imputed); volledige variantie-covariantiematrix","beschikbaar","onzeker","rtrim_overall_classificatie","model2_basis","model3_varianten_mislukt_fallback_naar_model2"
213,14620,"Pimpelmees","brugbare_tijdreeks",1961,"index_gebrugged = 100 in het eerste analysejaar vanaf eerste positieve jaar",1961,2025,61,1.78977853966948,"1981_1983_naar_1984_1986","trim-trend-v2","beschrijvend","1958-2025",1961,2025,65,61,2.69143474469706,"loglineaire samenvatting van geschatte indices; geen formele inferentie","gebrugde_reeks_zonder_bootstrap","niet_formeel","1958-1983",1961,1983,23,19,NA,NA,NA,NA,NA,NA,"kalenderjaargaten",NA,NA,"model3_overdisp","voorkeursmodel_gekozen","formeel","1984-2025",1984,2025,42,42,1.28799833037418,0.124797862009367,1.03608622679281,1.54053852348575,6.39043631753551e-13,"rtrim::overall(imputed); volledige variantie-covariantiematrix","beschikbaar","matige_toename_p_kleiner_dan_0_01","rtrim_overall_classificatie","model3_overdisp","voorkeursmodel_gekozen"
214,14640,"Koolmees","brugbare_tijdreeks",1958,"index_gebrugged = 100 in het eerste analysejaar vanaf eerste positieve jaar",1958,2025,68,7.0846883990837,"1981_1983_naar_1984_1986","trim-trend-v2","beschrijvend","1958-2025",1958,2025,68,68,2.47122072298829,"loglineaire samenvatting van geschatte indices; geen formele inferentie","gebrugde_reeks_zonder_bootstrap","formeel","1958-1983",1958,1983,26,26,7.23412072941536,0.625876953661305,5.95012325408186,8.53367882389706,1.32381154555144e-11,"rtrim::overall(imputed); volledige variantie-covariantiematrix","beschikbaar","sterke_toename_p_kleiner_dan_0_05","rtrim_overall_classificatie","model3_overdisp","voorkeursmodel_gekozen","formeel","1984-2025",1984,2025,42,42,0.0540475686374942,0.0872636513635644,-0.122163499339278,0.230569519804824,0.539082459676055,"rtrim::overall(imputed); volledige variantie-covariantiematrix","beschikbaar","stabiel","rtrim_overall_classificatie","model3_overdisp","voorkeursmodel_gekozen"
215,14790,"Boomklever","brugbare_tijdreeks",1964,"index_gebrugged = 100 in het eerste analysejaar vanaf eerste positieve jaar",1964,2025,44,0.958288512962722,"1981_1983_naar_1984_1986","trim-trend-v2","beschrijvend","1958-2025",1964,2025,62,44,1.61617700273651,"loglineaire samenvatting van geschatte indices; geen formele inferentie","gebrugde_reeks_zonder_bootstrap","niet_formeel","1958-1983",1964,1983,20,6,NA,NA,NA,NA,NA,NA,"kalenderjaargaten",NA,NA,"model2_basis","model3_varianten_mislukt_fallback_naar_model2","formeel","1984-2025",1988,2025,38,38,2.00355444714666,0.517443450524372,0.95951031948216,3.05839526089908,0.000391078367268021,"rtrim::overall(imputed); volledige variantie-covariantiematrix","beschikbaar","matige_toename_p_kleiner_dan_0_01","rtrim_overall_classificatie","model2_basis","model3_varianten_mislukt_fallback_naar_model2"
217,14870,"Boomkruiper","brugbare_tijdreeks",1973,"index_gebrugged = 100 in het eerste analysejaar vanaf eerste positieve jaar",1973,2025,51,2.09426944896626,"1981_1983_naar_1984_1986","trim-trend-v2","beschrijvend","1958-2025",1973,2025,53,51,5.54736494293953,"loglineaire samenvatting van geschatte indices; geen formele inferentie","gebrugde_reeks_zonder_bootstrap","niet_formeel","1958-1983",1973,1983,11,9,NA,NA,NA,NA,NA,NA,"kalenderjaargaten",NA,NA,"model2_basis","model3_varianten_mislukt_fallback_naar_model2","formeel","1984-2025",1984,2025,42,42,4.80431134346866,0.308384775518716,4.18289207756923,5.42943718629576,6.21137886782923e-19,"rtrim::overall(imputed); volledige variantie-covariantiematrix","beschikbaar","matige_toename_p_kleiner_dan_0_01","rtrim_overall_classificatie","model3_overdisp","voorkeursmodel_gekozen"
218,15080,"Wielewaal","brugbare_tijdreeks",1959,"index_gebrugged = 100 in het eerste analysejaar vanaf eerste positieve jaar",1959,2025,53,0.882813953371157,"1981_1983_naar_1984_1986","trim-trend-v2","beschrijvend","1958-2025",1959,2025,67,53,-2.9933821746043,"loglineaire samenvatting van geschatte indices; geen formele inferentie","gebrugde_reeks_zonder_bootstrap","niet_formeel","1958-1983",1959,1983,25,11,NA,NA,NA,NA,NA,NA,"kalenderjaargaten",NA,NA,"model3_basis","overdisp_varianten_mislukt_fallback_naar_basis","formeel","1984-2025",1984,2025,42,42,-3.87549845415535,0.890142133233029,-5.65781209917369,-2.05951332027395,0.000117501239253802,"rtrim::overall(imputed); volledige variantie-covariantiematrix","beschikbaar","matige_afname_p_kleiner_dan_0_01","rtrim_overall_classificatie","model2_basis","model3_varianten_mislukt_fallback_naar_model2"
219,15150,"Grauwe Klauwier","brugbare_tijdreeks",1959,"index_gebrugged = 100 in het eerste analysejaar vanaf eerste positieve jaar",1959,2025,61,1.97562715091296,"1981_1983_naar_1984_1986","trim-trend-v2","beschrijvend","1958-2025",1959,2025,67,61,-4.55642764269537,"loglineaire samenvatting van geschatte indices; geen formele inferentie","gebrugde_reeks_zonder_bootstrap","niet_formeel","1958-1983",1959,1983,25,19,NA,NA,NA,NA,NA,NA,"kalenderjaargaten",NA,NA,"model3_overdisp","voorkeursmodel_gekozen","formeel","1984-2025",1984,2025,42,42,16.0750973371277,18.5631774330824,-15.9829967591418,60.3654939131586,0.356870192105624,"rtrim::overall(imputed); volledige variantie-covariantiematrix","beschikbaar","onzeker","rtrim_overall_classificatie","model2_basis","model3_varianten_mislukt_fallback_naar_model2"
222,15390,"Gaai","brugbare_tijdreeks",1959,"index_gebrugged = 100 in het eerste analysejaar vanaf eerste positieve jaar",1959,2025,67,2.02302740147936,"1981_1983_naar_1984_1986","trim-trend-v2","beschrijvend","1958-2025",1959,2025,67,67,1.26141284286518,"loglineaire samenvatting van geschatte indices; geen formele inferentie","gebrugde_reeks_zonder_bootstrap","formeel","1958-1983",1959,1983,25,25,4.13411354017201,0.721928194480772,2.65134911125655,5.6382960056812,5.91380134411535e-06,"rtrim::overall(imputed); volledige variantie-covariantiematrix","beschikbaar","matige_toename_p_kleiner_dan_0_01","rtrim_overall_classificatie","model3_overdisp","voorkeursmodel_gekozen","formeel","1984-2025",1984,2025,42,42,-0.631476590989244,0.131051369198926,-0.895988605944653,-0.366258584368395,2.2113213554863e-05,"rtrim::overall(imputed); volledige variantie-covariantiematrix","beschikbaar","matige_afname_p_kleiner_dan_0_01","rtrim_overall_classificatie","model3_overdisp","voorkeursmodel_gekozen"
223,15490,"Ekster","brugbare_tijdreeks",1958,"index_gebrugged = 100 in het eerste analysejaar vanaf eerste positieve jaar",1958,2025,68,1.72927399718983,"1981_1983_naar_1984_1986","trim-trend-v2","beschrijvend","1958-2025",1958,2025,68,68,-1.81108948796016,"loglineaire samenvatting van geschatte indices; geen formele inferentie","gebrugde_reeks_zonder_bootstrap","formeel","1958-1983",1958,1983,26,26,4.09026410465914,0.854854454569309,2.34079984485831,5.86963457196432,5.61733121541505e-05,"rtrim::overall(imputed); volledige variantie-covariantiematrix","beschikbaar","matige_toename_p_kleiner_dan_0_01","rtrim_overall_classificatie","model3_overdisp","voorkeursmodel_gekozen","formeel","1984-2025",1984,2025,42,42,-7.19575311400663,0.239941154502957,-7.67942748031447,-6.70954474161284,2.0706802138658e-28,"rtrim::overall(imputed); volledige variantie-covariantiematrix","beschikbaar","sterke_afname_p_kleiner_dan_0_01","rtrim_overall_classificatie","model3_overdisp","voorkeursmodel_gekozen"
224,15600,"Kauw","brugbare_tijdreeks",1960,"index_gebrugged = 100 in het eerste analysejaar vanaf eerste positieve jaar",1960,2025,59,4.41376218665096,"1981_1983_naar_1984_1986","trim-trend-v2","beschrijvend","1958-2025",1960,2025,66,59,-2.98105770695707,"loglineaire samenvatting van geschatte indices; geen formele inferentie","gebrugde_reeks_zonder_bootstrap","niet_formeel","1958-1983",1960,1983,24,17,NA,NA,NA,NA,NA,NA,"kalenderjaargaten",NA,NA,"model2_basis","model3_varianten_mislukt_fallback_naar_model2","formeel","1984-2025",1984,2025,42,42,-9.55387267005596,0.540988237691958,-10.6406684629753,-8.4538591742377,1.03242366126982e-19,"rtrim::overall(imputed); volledige variantie-covariantiematrix","beschikbaar","sterke_afname_p_kleiner_dan_0_01","rtrim_overall_classificatie","model3_overdisp","voorkeursmodel_gekozen"
226,15671,"Zwarte Kraai","brugbare_tijdreeks",1962,"index_gebrugged = 100 in het eerste analysejaar vanaf eerste positieve jaar",1962,2025,61,0.743312985038874,"1981_1983_naar_1984_1986","trim-trend-v2","beschrijvend","1958-2025",1962,2025,64,61,0.802387664151483,"loglineaire samenvatting van geschatte indices; geen formele inferentie","gebrugde_reeks_zonder_bootstrap","niet_formeel","1958-1983",1962,1983,22,19,NA,NA,NA,NA,NA,NA,"kalenderjaargaten",NA,NA,"model3_overdisp","voorkeursmodel_gekozen","formeel","1984-2025",1984,2025,42,42,-0.934562994527,0.181250037978935,-1.30020653851419,-0.567564886395644,7.7664355210635e-06,"rtrim::overall(imputed); volledige variantie-covariantiematrix","beschikbaar","matige_afname_p_kleiner_dan_0_01","rtrim_overall_classificatie","model3_overdisp","voorkeursmodel_gekozen"
229,15820,"Spreeuw","brugbare_tijdreeks",1967,"index_gebrugged = 100 in het eerste analysejaar vanaf eerste positieve jaar",1967,2025,59,1.5869274373858,"1981_1983_naar_1984_1986","trim-trend-v2","beschrijvend","1958-2025",1967,2025,59,59,-3.89747102641008,"loglineaire samenvatting van geschatte indices; geen formele inferentie","gebrugde_reeks_zonder_bootstrap","formeel","1958-1983",1967,1983,17,17,5.6479747537409,4.3532752197237,-3.23501740946625,15.3464225462381,0.2023049636467,"rtrim::overall(imputed); volledige variantie-covariantiematrix","beschikbaar","onzeker","rtrim_overall_classificatie","model3_overdisp","voorkeursmodel_gekozen","formeel","1984-2025",1984,2025,42,42,-6.92478306639426,0.603192327849791,-8.13593112531925,-5.69766707094516,9.42118977823679e-14,"rtrim::overall(imputed); volledige variantie-covariantiematrix","beschikbaar","sterke_afname_p_kleiner_dan_0_05","rtrim_overall_classificatie","model3_overdisp","voorkeursmodel_gekozen"
231,15910,"Huismus","brugbare_tijdreeks",1960,"index_gebrugged = 100 in het eerste analysejaar vanaf eerste positieve jaar",1960,2025,53,1.25928431687032,"1981_1983_naar_1984_1986","trim-trend-v2","beschrijvend","1958-2025",1960,2025,66,53,-2.42525692408945,"loglineaire samenvatting van geschatte indices; geen formele inferentie","gebrugde_reeks_zonder_bootstrap","niet_formeel","1958-1983",1960,1983,24,12,NA,NA,NA,NA,NA,NA,"kalenderjaargaten",NA,NA,"model2_basis","model3_varianten_mislukt_fallback_naar_model2","formeel","1984-2025",1985,2025,41,41,-2.47382741439521,0.553262777867355,-3.58651097056857,-1.3483026602874,7.75634254495146e-05,"rtrim::overall(imputed); volledige variantie-covariantiematrix","beschikbaar","matige_afname_p_kleiner_dan_0_01","rtrim_overall_classificatie","model2_basis","model3_varianten_mislukt_fallback_naar_model2"
232,15980,"Ringmus","brugbare_tijdreeks",1966,"index_gebrugged = 100 in het eerste analysejaar vanaf eerste positieve jaar",1966,2025,58,3.61713931136035,"1981_1983_naar_1984_1986","trim-trend-v2","beschrijvend","1958-2025",1966,2025,60,58,-17.7180989929351,"loglineaire samenvatting van geschatte indices; geen formele inferentie","gebrugde_reeks_zonder_bootstrap","niet_formeel","1958-1983",1966,1983,18,16,NA,NA,NA,NA,NA,NA,"kalenderjaargaten",NA,NA,"model3_overdisp","voorkeursmodel_gekozen","formeel","1984-2025",1984,2025,42,42,-23.7406592888727,13.9090001488976,-47.2526040579714,10.251642604068,0.145122479807589,"rtrim::overall(imputed); volledige variantie-covariantiematrix","beschikbaar","onzeker","rtrim_overall_classificatie","model2_basis","model3_varianten_mislukt_fallback_naar_model2"
233,16360,"Vink","brugbare_tijdreeks",1973,"index_gebrugged = 100 in het eerste analysejaar vanaf eerste positieve jaar",1973,2025,52,0.381873898169637,"1981_1983_naar_1984_1986","trim-trend-v2","beschrijvend","1958-2025",1973,2025,53,52,11.4886990885299,"loglineaire samenvatting van geschatte indices; geen formele inferentie","gebrugde_reeks_zonder_bootstrap","niet_formeel","1958-1983",1973,1983,11,10,NA,NA,NA,NA,NA,NA,"kalenderjaargaten",NA,NA,"model2_basis","model3_varianten_mislukt_fallback_naar_model2","formeel","1984-2025",1984,2025,42,42,12.0239914329405,0.626649264235312,10.7646184635163,13.2976832371886,1.13718363442619e-22,"rtrim::overall(imputed); volledige variantie-covariantiematrix","beschikbaar","sterke_toename_p_kleiner_dan_0_01","rtrim_overall_classificatie","model3_overdisp","voorkeursmodel_gekozen"
236,16490,"Groenling","brugbare_tijdreeks",1961,"index_gebrugged = 100 in het eerste analysejaar vanaf eerste positieve jaar",1961,2025,62,1.48592431805231,"1981_1983_naar_1984_1986","trim-trend-v2","beschrijvend","1958-2025",1961,2025,65,62,1.0008640914956,"loglineaire samenvatting van geschatte indices; geen formele inferentie","gebrugde_reeks_zonder_bootstrap","niet_formeel","1958-1983",1961,1983,23,20,NA,NA,NA,NA,NA,NA,"kalenderjaargaten",NA,NA,"model3_overdisp","voorkeursmodel_gekozen","formeel","1984-2025",1984,2025,42,42,2.04045894181761,0.397575787846923,1.24008376546743,2.84716165563212,6.5705280268569e-06,"rtrim::overall(imputed); volledige variantie-covariantiematrix","beschikbaar","matige_toename_p_kleiner_dan_0_01","rtrim_overall_classificatie","model2_basis","model3_varianten_mislukt_fallback_naar_model2"
237,16530,"Putter","brugbare_tijdreeks",1973,"index_gebrugged = 100 in het eerste analysejaar vanaf eerste positieve jaar",1973,2025,46,1,"1981_1983_naar_1984_1986","trim-trend-v2","beschrijvend","1958-2025",1973,2025,53,46,5.89633018672451,"loglineaire samenvatting van geschatte indices; geen formele inferentie","gebrugde_reeks_zonder_bootstrap","niet_formeel","1958-1983",1973,1983,11,6,NA,NA,NA,NA,NA,NA,"kalenderjaargaten",NA,NA,"model2_basis","model3_varianten_mislukt_fallback_naar_model2","formeel","1984-2025",1986,2025,40,40,7.10096530863726,0.715386341692327,5.66248886246723,8.55902500055954,1.61782684876586e-12,"rtrim::overall(imputed); volledige variantie-covariantiematrix","beschikbaar","sterke_toename_p_kleiner_dan_0_05","rtrim_overall_classificatie","model2_basis","model3_varianten_mislukt_fallback_naar_model2"
238,16540,"Sijs","alleen_post_bruikbaar",1986,"index_gebrugged = 100 in het eerste analysejaar vanaf eerste positieve jaar",1986,2025,40,1,"alleen_post","trim-trend-v2","beschrijvend","1958-2025",1986,2025,40,40,1.509675751345,"loglineaire samenvatting van geschatte indices; geen formele inferentie","onvolledige_langetermijnreeks","niet_beschikbaar","1958-1983",1958,1983,26,0,NA,NA,NA,NA,NA,NA,"geen_model",NA,NA,NA,"geen_model","formeel","1984-2025",1986,2025,40,40,1.7299995485542,10.1042321436408,-16.7996727402936,24.386443527378,0.863813277051033,"rtrim::overall(imputed); volledige variantie-covariantiematrix","beschikbaar","onzeker","rtrim_overall_classificatie","model2_basis","model3_varianten_mislukt_fallback_naar_model2"
239,16600,"Kneu","brugbare_tijdreeks",1958,"index_gebrugged = 100 in het eerste analysejaar vanaf eerste positieve jaar",1958,2025,68,0.988729584057807,"1981_1983_naar_1984_1986","trim-trend-v2","beschrijvend","1958-2025",1958,2025,68,68,-1.78947819171843,"loglineaire samenvatting van geschatte indices; geen formele inferentie","gebrugde_reeks_zonder_bootstrap","formeel","1958-1983",1958,1983,26,26,3.26398051898171,0.575378056601301,2.08326064793289,4.45835688380867,6.09887262031735e-06,"rtrim::overall(imputed); volledige variantie-covariantiematrix","beschikbaar","matige_toename_p_kleiner_dan_0_01","rtrim_overall_classificatie","model3_overdisp","voorkeursmodel_gekozen","formeel","1984-2025",1984,2025,42,42,-2.59947919145204,0.190198489886357,-2.98312711916021,-2.21431414895688,1.80361318819467e-16,"rtrim::overall(imputed); volledige variantie-covariantiematrix","beschikbaar","matige_afname_p_kleiner_dan_0_01","rtrim_overall_classificatie","model3_overdisp","voorkeursmodel_gekozen"
240,16630,"Barmsijs","alleen_pre_bruikbaar",1970,"index_gebrugged = 100 in het eerste analysejaar vanaf eerste positieve jaar",1970,1983,13,1,"alleen_pre","trim-trend-v2","beschrijvend","1958-2025",1970,1983,14,13,11.4155411943652,"loglineaire samenvatting van geschatte indices; geen formele inferentie","onvolledige_langetermijnreeks","niet_formeel","1958-1983",1970,1983,14,13,NA,NA,NA,NA,NA,NA,"kalenderjaargaten",NA,NA,"model3_overdisp","voorkeursmodel_gekozen","niet_beschikbaar","1984-2025",1984,2025,42,0,NA,NA,NA,NA,NA,NA,"geen_model",NA,NA,NA,"geen_model"
242,16634,"Kleine Barmsijs","alleen_post_bruikbaar",1984,"index_gebrugged = 100 in het eerste analysejaar vanaf eerste positieve jaar",1984,2025,42,1,"alleen_post","trim-trend-v2","beschrijvend","1958-2025",1984,2025,42,42,-24.8829284652737,"loglineaire samenvatting van geschatte indices; geen formele inferentie","onvolledige_langetermijnreeks","niet_beschikbaar","1958-1983",1958,1983,26,0,NA,NA,NA,NA,NA,NA,"geen_model",NA,NA,NA,"geen_model","formeel","1984-2025",1984,2025,42,42,-24.8829284652736,148.657363336535,-98.6238064511111,4000.1314390035,0.885769622727361,"rtrim::overall(imputed); volledige variantie-covariantiematrix","beschikbaar","onzeker","rtrim_overall_classificatie","model2_basis","model3_varianten_mislukt_fallback_naar_model2"
243,16660,"Kruisbek","alleen_post_bruikbaar",1989,"index_gebrugged = 100 in het eerste analysejaar vanaf eerste positieve jaar",1989,2025,37,1,"alleen_post","trim-trend-v2","beschrijvend","1958-2025",1989,2025,37,37,-20.5003258319884,"loglineaire samenvatting van geschatte indices; geen formele inferentie","onvolledige_langetermijnreeks","niet_beschikbaar","1958-1983",1958,1983,26,0,NA,NA,NA,NA,NA,NA,"geen_model",NA,NA,NA,"geen_model","formeel","1984-2025",1989,2025,37,37,-5.9436117008892,10.1320193740702,-24.4189547703051,17.0479205862766,0.57310545823667,"rtrim::overall(imputed); volledige variantie-covariantiematrix","beschikbaar","onzeker","rtrim_overall_classificatie","model2_basis","model3_varianten_mislukt_fallback_naar_model2"
245,16790,"Roodmus","alleen_post_bruikbaar",1992,"index_gebrugged = 100 in het eerste analysejaar vanaf eerste positieve jaar",1992,2025,34,1,"alleen_post","trim-trend-v2","beschrijvend","1958-2025",1992,2025,34,34,-26.1126405713399,"loglineaire samenvatting van geschatte indices; geen formele inferentie","onvolledige_langetermijnreeks","niet_beschikbaar","1958-1983",1958,1983,26,0,NA,NA,NA,NA,NA,NA,"geen_model",NA,NA,NA,"geen_model","formeel","1984-2025",1992,2025,34,34,3.92163317459915,2.69543285071271,-1.42626904793207,9.55967413800509,0.147835975060267,"rtrim::overall(imputed); volledige variantie-covariantiematrix","beschikbaar","onzeker","rtrim_overall_classificatie","model2_basis","model3_varianten_mislukt_fallback_naar_model2"
246,17100,"Goudvink","brugbare_tijdreeks",1967,"index_gebrugged = 100 in het eerste analysejaar vanaf eerste positieve jaar",1967,2025,59,2.96443093972459,"1981_1983_naar_1984_1986","trim-trend-v2","beschrijvend","1958-2025",1967,2025,59,59,-2.22798796415038,"loglineaire samenvatting van geschatte indices; geen formele inferentie","gebrugde_reeks_zonder_bootstrap","formeel","1958-1983",1967,1983,17,17,7.71442885638287,1.78982878879028,3.9662653772774,11.5977201042422,0.000447355880270128,"rtrim::overall(imputed); volledige variantie-covariantiematrix","beschikbaar","matige_toename_p_kleiner_dan_0_01","rtrim_overall_classificatie","model3_overdisp","voorkeursmodel_gekozen","formeel","1984-2025",1984,2025,42,42,-5.36032486087805,0.342147809918569,-6.04931119560391,-4.66628585250518,2.9745752159046e-18,"rtrim::overall(imputed); volledige variantie-covariantiematrix","beschikbaar","matige_afname_p_kleiner_dan_0_01","rtrim_overall_classificatie","model3_overdisp","voorkeursmodel_gekozen"
248,17170,"Appelvink","alleen_post_bruikbaar",1989,"index_gebrugged = 100 in het eerste analysejaar vanaf eerste positieve jaar",1989,2025,37,1,"alleen_post","trim-trend-v2","beschrijvend","1958-2025",1989,2025,37,37,9.30173500956937,"loglineaire samenvatting van geschatte indices; geen formele inferentie","onvolledige_langetermijnreeks","niet_beschikbaar","1958-1983",1958,1983,26,0,NA,NA,NA,NA,NA,NA,"geen_model",NA,NA,NA,"geen_model","formeel","1984-2025",1989,2025,37,37,9.30173500956932,1.1414671750872,7.00882527404423,11.6437755998795,4.74180093161112e-10,"rtrim::overall(imputed); volledige variantie-covariantiematrix","beschikbaar","sterke_toename_p_kleiner_dan_0_01","rtrim_overall_classificatie","model2_basis","model3_varianten_mislukt_fallback_naar_model2"
249,18570,"Geelgors","alleen_pre_bruikbaar",1973,"index_gebrugged = 100 in het eerste analysejaar vanaf eerste positieve jaar",1973,1979,7,1,"alleen_pre","trim-trend-v2","beschrijvend","1958-2025",1973,1979,7,7,3.91701585837785,"loglineaire samenvatting van geschatte indices; geen formele inferentie","onvolledige_langetermijnreeks","formeel","1958-1983",1973,1979,7,7,3.91701585837716,19.2509414627724,-35.4535837380172,67.3020255854324,0.843875964302219,"rtrim::overall(imputed); volledige variantie-covariantiematrix","beschikbaar","onzeker","rtrim_overall_classificatie","model2_basis","model3_varianten_mislukt_fallback_naar_model2","niet_beschikbaar","1984-2025",1984,2025,42,0,NA,NA,NA,NA,NA,NA,"geen_model",NA,NA,NA,"geen_model"
251,18770,"Rietgors","brugbare_tijdreeks",1958,"index_gebrugged = 100 in het eerste analysejaar vanaf eerste positieve jaar",1958,2025,68,7.23861221177686,"1981_1983_naar_1984_1986","trim-trend-v2","beschrijvend","1958-2025",1958,2025,68,68,-1.15009812957934,"loglineaire samenvatting van geschatte indices; geen formele inferentie","gebrugde_reeks_zonder_bootstrap","formeel","1958-1983",1958,1983,26,26,6.39356989966444,1.06249079302013,4.22314082434427,8.60919778912259,2.0580353850651e-06,"rtrim::overall(imputed); volledige variantie-covariantiematrix","beschikbaar","matige_toename_p_kleiner_dan_0_01","rtrim_overall_classificatie","model3_overdisp","voorkeursmodel_gekozen","formeel","1984-2025",1984,2025,42,42,-4.70225169413102,0.200521370234956,-5.10665998602516,-4.29611992968836,1.34830137700603e-24,"rtrim::overall(imputed); volledige variantie-covariantiematrix","beschikbaar","matige_afname_p_kleiner_dan_0_01","rtrim_overall_classificatie","model3_overdisp","voorkeursmodel_gekozen"
