"soort_id","euring_code","soort_naam","engelse_naam","jaar","basisjaar","basisjaar_toelichting","trim_index","trim_se","index_100","model_config","model_overdispersion","model_serial_correlation","model_warnings"
1,70,"Dodaars","little grebe",1997,1997,"index_100 = eerste analysejaar vanaf eerste positieve jaar",1,0,100,"model3_overdisp",TRUE,FALSE,NA
1,70,"Dodaars","little grebe",1998,1997,"index_100 = eerste analysejaar vanaf eerste positieve jaar",1.10526315789474,0.2597198125644,110.526315789474,"model3_overdisp",TRUE,FALSE,NA
1,70,"Dodaars","little grebe",1999,1997,"index_100 = eerste analysejaar vanaf eerste positieve jaar",1.23684210526316,0.283200381402313,123.684210526316,"model3_overdisp",TRUE,FALSE,NA
1,70,"Dodaars","little grebe",2000,1997,"index_100 = eerste analysejaar vanaf eerste positieve jaar",1.40148631882764,0.32652767068653,140.148631882764,"model3_overdisp",TRUE,FALSE,NA
1,70,"Dodaars","little grebe",2001,1997,"index_100 = eerste analysejaar vanaf eerste positieve jaar",1.07894736842105,0.255000431946214,107.894736842105,"model3_overdisp",TRUE,FALSE,NA
1,70,"Dodaars","little grebe",2002,1997,"index_100 = eerste analysejaar vanaf eerste positieve jaar",1.15789473684211,0.269134086993461,115.789473684211,"model3_overdisp",TRUE,FALSE,NA
1,70,"Dodaars","little grebe",2003,1997,"index_100 = eerste analysejaar vanaf eerste positieve jaar",1.07894736842105,0.255000431946214,107.894736842105,"model3_overdisp",TRUE,FALSE,NA
1,70,"Dodaars","little grebe",2004,1997,"index_100 = eerste analysejaar vanaf eerste positieve jaar",1.02631578947368,0.245534830631313,102.631578947368,"model3_overdisp",TRUE,FALSE,NA
1,70,"Dodaars","little grebe",2005,1997,"index_100 = eerste analysejaar vanaf eerste positieve jaar",0.81578947368421,0.207224373050344,81.578947368421,"model3_overdisp",TRUE,FALSE,NA
1,70,"Dodaars","little grebe",2006,1997,"index_100 = eerste analysejaar vanaf eerste positieve jaar",0.894736842105263,0.221687470905805,89.4736842105263,"model3_overdisp",TRUE,FALSE,NA
1,70,"Dodaars","little grebe",2007,1997,"index_100 = eerste analysejaar vanaf eerste positieve jaar",1.12799606415801,0.268399220324706,112.799606415801,"model3_overdisp",TRUE,FALSE,NA
1,70,"Dodaars","little grebe",2008,1997,"index_100 = eerste analysejaar vanaf eerste positieve jaar",1.14928560379831,0.275307410842642,114.928560379831,"model3_overdisp",TRUE,FALSE,NA
1,70,"Dodaars","little grebe",2009,1997,"index_100 = eerste analysejaar vanaf eerste positieve jaar",0.894736842105263,0.221687470905805,89.4736842105263,"model3_overdisp",TRUE,FALSE,NA
1,70,"Dodaars","little grebe",2010,1997,"index_100 = eerste analysejaar vanaf eerste positieve jaar",0.631578947368421,0.172837074899749,63.1578947368421,"model3_overdisp",TRUE,FALSE,NA
1,70,"Dodaars","little grebe",2011,1997,"index_100 = eerste analysejaar vanaf eerste positieve jaar",0.526315789473684,0.152603479728321,52.6315789473684,"model3_overdisp",TRUE,FALSE,NA
1,70,"Dodaars","little grebe",2012,1997,"index_100 = eerste analysejaar vanaf eerste positieve jaar",0.604274127319093,0.172564878044681,60.4274127319093,"model3_overdisp",TRUE,FALSE,NA
1,70,"Dodaars","little grebe",2013,1997,"index_100 = eerste analysejaar vanaf eerste positieve jaar",1.02631578947368,0.245534830631313,102.631578947368,"model3_overdisp",TRUE,FALSE,NA
1,70,"Dodaars","little grebe",2014,1997,"index_100 = eerste analysejaar vanaf eerste positieve jaar",0.894736842105263,0.221687470905805,89.4736842105263,"model3_overdisp",TRUE,FALSE,NA
1,70,"Dodaars","little grebe",2015,1997,"index_100 = eerste analysejaar vanaf eerste positieve jaar",0.921052631578947,0.226480541286331,92.1052631578947,"model3_overdisp",TRUE,FALSE,NA
1,70,"Dodaars","little grebe",2016,1997,"index_100 = eerste analysejaar vanaf eerste positieve jaar",0.868421052631579,0.21688103962578,86.8421052631579,"model3_overdisp",TRUE,FALSE,NA
1,70,"Dodaars","little grebe",2017,1997,"index_100 = eerste analysejaar vanaf eerste positieve jaar",0.947368421052632,0.23126108151475,94.7368421052632,"model3_overdisp",TRUE,FALSE,NA
1,70,"Dodaars","little grebe",2018,1997,"index_100 = eerste analysejaar vanaf eerste positieve jaar",0.736842105263158,0.192613368100887,73.6842105263158,"model3_overdisp",TRUE,FALSE,NA
1,70,"Dodaars","little grebe",2019,1997,"index_100 = eerste analysejaar vanaf eerste positieve jaar",1.23684210526316,0.283200381402313,123.684210526316,"model3_overdisp",TRUE,FALSE,NA
1,70,"Dodaars","little grebe",2020,1997,"index_100 = eerste analysejaar vanaf eerste positieve jaar",1.42105263157895,0.315810260339143,142.105263157895,"model3_overdisp",TRUE,FALSE,NA
1,70,"Dodaars","little grebe",2021,1997,"index_100 = eerste analysejaar vanaf eerste positieve jaar",0.973684210526316,0.236029852948052,97.3684210526316,"model3_overdisp",TRUE,FALSE,NA
1,70,"Dodaars","little grebe",2022,1997,"index_100 = eerste analysejaar vanaf eerste positieve jaar",1.40519263791653,0.313527735904431,140.519263791653,"model3_overdisp",TRUE,FALSE,NA
2,90,"Fuut","great crested grebe",1997,1997,"index_100 = eerste analysejaar vanaf eerste positieve jaar",1,0,100,"model3_overdisp",TRUE,FALSE,"Overdispersion 0.5 <1; consider setting overdisp=FALSE"
2,90,"Fuut","great crested grebe",1998,1997,"index_100 = eerste analysejaar vanaf eerste positieve jaar",1,0.159192806236984,100,"model3_overdisp",TRUE,FALSE,"Overdispersion 0.5 <1; consider setting overdisp=FALSE"
2,90,"Fuut","great crested grebe",1999,1997,"index_100 = eerste analysejaar vanaf eerste positieve jaar",1,0.159192806236984,100,"model3_overdisp",TRUE,FALSE,"Overdispersion 0.5 <1; consider setting overdisp=FALSE"
2,90,"Fuut","great crested grebe",2000,1997,"index_100 = eerste analysejaar vanaf eerste positieve jaar",1.05555218283545,0.174650154593165,105.555218283545,"model3_overdisp",TRUE,FALSE,"Overdispersion 0.5 <1; consider setting overdisp=FALSE"
2,90,"Fuut","great crested grebe",2001,1997,"index_100 = eerste analysejaar vanaf eerste positieve jaar",0.717948717948718,0.125014460399706,71.7948717948718,"model3_overdisp",TRUE,FALSE,"Overdispersion 0.5 <1; consider setting overdisp=FALSE"
2,90,"Fuut","great crested grebe",2002,1997,"index_100 = eerste analysejaar vanaf eerste positieve jaar",0.794871794871795,0.134453991823082,79.4871794871795,"model3_overdisp",TRUE,FALSE,"Overdispersion 0.5 <1; consider setting overdisp=FALSE"
2,90,"Fuut","great crested grebe",2003,1997,"index_100 = eerste analysejaar vanaf eerste positieve jaar",0.666666666666667,0.118655312091616,66.6666666666667,"model3_overdisp",TRUE,FALSE,"Overdispersion 0.5 <1; consider setting overdisp=FALSE"
2,90,"Fuut","great crested grebe",2004,1997,"index_100 = eerste analysejaar vanaf eerste positieve jaar",0.564102564102564,0.105735321847039,56.4102564102564,"model3_overdisp",TRUE,FALSE,"Overdispersion 0.5 <1; consider setting overdisp=FALSE"
2,90,"Fuut","great crested grebe",2005,1997,"index_100 = eerste analysejaar vanaf eerste positieve jaar",0.564102564102564,0.105735321847039,56.4102564102564,"model3_overdisp",TRUE,FALSE,"Overdispersion 0.5 <1; consider setting overdisp=FALSE"
2,90,"Fuut","great crested grebe",2006,1997,"index_100 = eerste analysejaar vanaf eerste positieve jaar",0.666666666666667,0.118655312091616,66.6666666666667,"model3_overdisp",TRUE,FALSE,"Overdispersion 0.5 <1; consider setting overdisp=FALSE"
2,90,"Fuut","great crested grebe",2007,1997,"index_100 = eerste analysejaar vanaf eerste positieve jaar",0.670847086216735,0.120894164753195,67.0847086216735,"model3_overdisp",TRUE,FALSE,"Overdispersion 0.5 <1; consider setting overdisp=FALSE"
2,90,"Fuut","great crested grebe",2008,1997,"index_100 = eerste analysejaar vanaf eerste positieve jaar",0.618660342692091,0.117910042805037,61.8660342692091,"model3_overdisp",TRUE,FALSE,"Overdispersion 0.5 <1; consider setting overdisp=FALSE"
2,90,"Fuut","great crested grebe",2009,1997,"index_100 = eerste analysejaar vanaf eerste positieve jaar",0.41025641025641,0.085621960895582,41.025641025641,"model3_overdisp",TRUE,FALSE,"Overdispersion 0.5 <1; consider setting overdisp=FALSE"
2,90,"Fuut","great crested grebe",2010,1997,"index_100 = eerste analysejaar vanaf eerste positieve jaar",0.487179487179487,0.0958152486366118,48.7179487179487,"model3_overdisp",TRUE,FALSE,"Overdispersion 0.5 <1; consider setting overdisp=FALSE"
2,90,"Fuut","great crested grebe",2011,1997,"index_100 = eerste analysejaar vanaf eerste positieve jaar",0.538461538461538,0.102454044223284,53.8461538461538,"model3_overdisp",TRUE,FALSE,"Overdispersion 0.5 <1; consider setting overdisp=FALSE"
2,90,"Fuut","great crested grebe",2012,1997,"index_100 = eerste analysejaar vanaf eerste positieve jaar",0.720092658126718,0.129881927743905,72.0092658126718,"model3_overdisp",TRUE,FALSE,"Overdispersion 0.5 <1; consider setting overdisp=FALSE"
2,90,"Fuut","great crested grebe",2013,1997,"index_100 = eerste analysejaar vanaf eerste positieve jaar",0.461538461538462,0.0924522561827203,46.1538461538462,"model3_overdisp",TRUE,FALSE,"Overdispersion 0.5 <1; consider setting overdisp=FALSE"
2,90,"Fuut","great crested grebe",2014,1997,"index_100 = eerste analysejaar vanaf eerste positieve jaar",0.692307692307692,0.121842186371959,69.2307692307692,"model3_overdisp",TRUE,FALSE,"Overdispersion 0.5 <1; consider setting overdisp=FALSE"
2,90,"Fuut","great crested grebe",2015,1997,"index_100 = eerste analysejaar vanaf eerste positieve jaar",0.846153846153846,0.140691238201007,84.6153846153846,"model3_overdisp",TRUE,FALSE,"Overdispersion 0.5 <1; consider setting overdisp=FALSE"
2,90,"Fuut","great crested grebe",2016,1997,"index_100 = eerste analysejaar vanaf eerste positieve jaar",0.666666666666667,0.118655312091616,66.6666666666667,"model3_overdisp",TRUE,FALSE,"Overdispersion 0.5 <1; consider setting overdisp=FALSE"
2,90,"Fuut","great crested grebe",2017,1997,"index_100 = eerste analysejaar vanaf eerste positieve jaar",0.512820512820513,0.0991482007204676,51.2820512820513,"model3_overdisp",TRUE,FALSE,"Overdispersion 0.5 <1; consider setting overdisp=FALSE"
2,90,"Fuut","great crested grebe",2018,1997,"index_100 = eerste analysejaar vanaf eerste positieve jaar",0.564102564102564,0.105735321847039,56.4102564102564,"model3_overdisp",TRUE,FALSE,"Overdispersion 0.5 <1; consider setting overdisp=FALSE"
2,90,"Fuut","great crested grebe",2019,1997,"index_100 = eerste analysejaar vanaf eerste positieve jaar",0.666666666666667,0.118655312091616,66.6666666666667,"model3_overdisp",TRUE,FALSE,"Overdispersion 0.5 <1; consider setting overdisp=FALSE"
2,90,"Fuut","great crested grebe",2020,1997,"index_100 = eerste analysejaar vanaf eerste positieve jaar",0.461538461538462,0.0924522561827203,46.1538461538462,"model3_overdisp",TRUE,FALSE,"Overdispersion 0.5 <1; consider setting overdisp=FALSE"
2,90,"Fuut","great crested grebe",2021,1997,"index_100 = eerste analysejaar vanaf eerste positieve jaar",0.487179487179487,0.0958152486366118,48.7179487179487,"model3_overdisp",TRUE,FALSE,"Overdispersion 0.5 <1; consider setting overdisp=FALSE"
2,90,"Fuut","great crested grebe",2022,1997,"index_100 = eerste analysejaar vanaf eerste positieve jaar",0.465795273993651,0.0933130251881144,46.5795273993651,"model3_overdisp",TRUE,FALSE,"Overdispersion 0.5 <1; consider setting overdisp=FALSE"
4,120,"Geoorde Fuut","black-necked grebe",1997,1997,"index_100 = eerste analysejaar vanaf eerste positieve jaar",1,0,100,"model2_basis",FALSE,FALSE,"Data ends with 2 years without positive observations."
4,120,"Geoorde Fuut","black-necked grebe",1998,1997,"index_100 = eerste analysejaar vanaf eerste positieve jaar",0.714285714285714,0.330311884692651,71.4285714285714,"model2_basis",FALSE,FALSE,"Data ends with 2 years without positive observations."
4,120,"Geoorde Fuut","black-necked grebe",1999,1997,"index_100 = eerste analysejaar vanaf eerste positieve jaar",0.571428571428571,0.299014490599253,57.1428571428571,"model2_basis",FALSE,FALSE,"Data ends with 2 years without positive observations."
4,120,"Geoorde Fuut","black-necked grebe",2000,1997,"index_100 = eerste analysejaar vanaf eerste positieve jaar",0.990771946451594,0.358886518248955,99.0771946451594,"model2_basis",FALSE,FALSE,"Data ends with 2 years without positive observations."
4,120,"Geoorde Fuut","black-necked grebe",2001,1997,"index_100 = eerste analysejaar vanaf eerste positieve jaar",0.857142857142857,0.332499265601297,85.7142857142857,"model2_basis",FALSE,FALSE,"Data ends with 2 years without positive observations."
4,120,"Geoorde Fuut","black-necked grebe",2002,1997,"index_100 = eerste analysejaar vanaf eerste positieve jaar",0.642857142857143,0.285679811203224,64.2857142857143,"model2_basis",FALSE,FALSE,"Data ends with 2 years without positive observations."
4,120,"Geoorde Fuut","black-necked grebe",2003,1997,"index_100 = eerste analysejaar vanaf eerste positieve jaar",0.857142857142857,0.319529307630366,85.7142857142857,"model2_basis",FALSE,FALSE,"Data ends with 2 years without positive observations."
4,120,"Geoorde Fuut","black-necked grebe",2004,1997,"index_100 = eerste analysejaar vanaf eerste positieve jaar",0.357142857142857,0.228101627417888,35.7142857142857,"model2_basis",FALSE,FALSE,"Data ends with 2 years without positive observations."
4,120,"Geoorde Fuut","black-necked grebe",2005,1997,"index_100 = eerste analysejaar vanaf eerste positieve jaar",0.285714285714286,0.21237656509425,28.5714285714286,"model2_basis",FALSE,FALSE,"Data ends with 2 years without positive observations."
4,120,"Geoorde Fuut","black-necked grebe",2006,1997,"index_100 = eerste analysejaar vanaf eerste positieve jaar",0.357142857142857,0.21322375352531,35.7142857142857,"model2_basis",FALSE,FALSE,"Data ends with 2 years without positive observations."
4,120,"Geoorde Fuut","black-necked grebe",2007,1997,"index_100 = eerste analysejaar vanaf eerste positieve jaar",0.788857384453601,0.283019355920206,78.8857384453601,"model2_basis",FALSE,FALSE,"Data ends with 2 years without positive observations."
4,120,"Geoorde Fuut","black-necked grebe",2008,1997,"index_100 = eerste analysejaar vanaf eerste positieve jaar",0.671643034161526,0.250009753032129,67.1643034161526,"model2_basis",FALSE,FALSE,"Data ends with 2 years without positive observations."
4,120,"Geoorde Fuut","black-necked grebe",2009,1997,"index_100 = eerste analysejaar vanaf eerste positieve jaar",0.5,0.216386987717109,50,"model2_basis",FALSE,FALSE,"Data ends with 2 years without positive observations."
4,120,"Geoorde Fuut","black-necked grebe",2010,1997,"index_100 = eerste analysejaar vanaf eerste positieve jaar",0.571428571428571,0.224546792103378,57.1428571428571,"model2_basis",FALSE,FALSE,"Data ends with 2 years without positive observations."
4,120,"Geoorde Fuut","black-necked grebe",2011,1997,"index_100 = eerste analysejaar vanaf eerste positieve jaar",0.357142857142857,0.182125552998971,35.7142857142857,"model2_basis",FALSE,FALSE,"Data ends with 2 years without positive observations."
4,120,"Geoorde Fuut","black-necked grebe",2012,1997,"index_100 = eerste analysejaar vanaf eerste positieve jaar",0.571428571428571,0.21555310712061,57.1428571428571,"model2_basis",FALSE,FALSE,"Data ends with 2 years without positive observations."
4,120,"Geoorde Fuut","black-necked grebe",2013,1997,"index_100 = eerste analysejaar vanaf eerste positieve jaar",0.928571428571428,0.292599524996142,92.8571428571428,"model2_basis",FALSE,FALSE,"Data ends with 2 years without positive observations."
4,120,"Geoorde Fuut","black-necked grebe",2014,1997,"index_100 = eerste analysejaar vanaf eerste positieve jaar",0.214285714285714,0.147305928188971,21.4285714285714,"model2_basis",FALSE,FALSE,"Data ends with 2 years without positive observations."
4,120,"Geoorde Fuut","black-necked grebe",2015,1997,"index_100 = eerste analysejaar vanaf eerste positieve jaar",0.214285714285714,0.14222247773583,21.4285714285714,"model2_basis",FALSE,FALSE,"Data ends with 2 years without positive observations."
4,120,"Geoorde Fuut","black-necked grebe",2016,1997,"index_100 = eerste analysejaar vanaf eerste positieve jaar",0.142857142857143,0.130104483356652,14.2857142857143,"model2_basis",FALSE,FALSE,"Data ends with 2 years without positive observations."
4,120,"Geoorde Fuut","black-necked grebe",2017,1997,"index_100 = eerste analysejaar vanaf eerste positieve jaar",0.0714285714285714,0.120480193429133,7.14285714285714,"model2_basis",FALSE,FALSE,"Data ends with 2 years without positive observations."
4,120,"Geoorde Fuut","black-necked grebe",2018,1997,"index_100 = eerste analysejaar vanaf eerste positieve jaar",0,0.113944205507014,0,"model2_basis",FALSE,FALSE,"Data ends with 2 years without positive observations."
4,120,"Geoorde Fuut","black-necked grebe",2019,1997,"index_100 = eerste analysejaar vanaf eerste positieve jaar",0,0.109238235080613,0,"model2_basis",FALSE,FALSE,"Data ends with 2 years without positive observations."
4,120,"Geoorde Fuut","black-necked grebe",2020,1997,"index_100 = eerste analysejaar vanaf eerste positieve jaar",0.0714285714285714,0.10656983142369,7.14285714285714,"model2_basis",FALSE,FALSE,"Data ends with 2 years without positive observations."
4,120,"Geoorde Fuut","black-necked grebe",2021,1997,"index_100 = eerste analysejaar vanaf eerste positieve jaar",0,0.10040134604228,0,"model2_basis",FALSE,FALSE,"Data ends with 2 years without positive observations."
4,120,"Geoorde Fuut","black-necked grebe",2022,1997,"index_100 = eerste analysejaar vanaf eerste positieve jaar",0,0.0962547045948849,0,"model2_basis",FALSE,FALSE,"Data ends with 2 years without positive observations."
5,720,"Aalscholver","Cormorant",1997,1997,"index_100 = eerste analysejaar vanaf eerste positieve jaar",1,0,100,"model2_basis",FALSE,FALSE,NA
5,720,"Aalscholver","Cormorant",1998,1997,"index_100 = eerste analysejaar vanaf eerste positieve jaar",1.275,0.178158232658535,127.5,"model2_basis",FALSE,FALSE,NA
5,720,"Aalscholver","Cormorant",1999,1997,"index_100 = eerste analysejaar vanaf eerste positieve jaar",2.40833333333333,0.285949137572654,240.833333333333,"model2_basis",FALSE,FALSE,NA
5,720,"Aalscholver","Cormorant",2000,1997,"index_100 = eerste analysejaar vanaf eerste positieve jaar",0.545577543122682,0.11704245561964,54.5577543122682,"model2_basis",FALSE,FALSE,NA
5,720,"Aalscholver","Cormorant",2001,1997,"index_100 = eerste analysejaar vanaf eerste positieve jaar",0,0.124582131182065,0,"model2_basis",FALSE,FALSE,NA
5,720,"Aalscholver","Cormorant",2002,1997,"index_100 = eerste analysejaar vanaf eerste positieve jaar",0,0.128968620526914,0,"model2_basis",FALSE,FALSE,NA
5,720,"Aalscholver","Cormorant",2003,1997,"index_100 = eerste analysejaar vanaf eerste positieve jaar",2.39166666666667,0.291780501044428,239.166666666667,"model2_basis",FALSE,FALSE,NA
5,720,"Aalscholver","Cormorant",2004,1997,"index_100 = eerste analysejaar vanaf eerste positieve jaar",2.575,0.311653898644347,257.5,"model2_basis",FALSE,FALSE,NA
5,720,"Aalscholver","Cormorant",2005,1997,"index_100 = eerste analysejaar vanaf eerste positieve jaar",3.375,0.393078119162626,337.5,"model2_basis",FALSE,FALSE,NA
5,720,"Aalscholver","Cormorant",2006,1997,"index_100 = eerste analysejaar vanaf eerste positieve jaar",3,0.357555024177529,300,"model2_basis",FALSE,FALSE,NA
5,720,"Aalscholver","Cormorant",2007,1997,"index_100 = eerste analysejaar vanaf eerste positieve jaar",3.39166666666667,0.398593144190502,339.166666666667,"model2_basis",FALSE,FALSE,NA
5,720,"Aalscholver","Cormorant",2008,1997,"index_100 = eerste analysejaar vanaf eerste positieve jaar",3.19293063283078,0.368449924254426,319.293063283078,"model2_basis",FALSE,FALSE,NA
5,720,"Aalscholver","Cormorant",2009,1997,"index_100 = eerste analysejaar vanaf eerste positieve jaar",4.79166666666667,0.545145136251928,479.166666666667,"model2_basis",FALSE,FALSE,NA
5,720,"Aalscholver","Cormorant",2010,1997,"index_100 = eerste analysejaar vanaf eerste positieve jaar",3,0.367209136777037,300,"model2_basis",FALSE,FALSE,NA
5,720,"Aalscholver","Cormorant",2011,1997,"index_100 = eerste analysejaar vanaf eerste positieve jaar",2.45833333333333,0.319568706864932,245.833333333333,"model2_basis",FALSE,FALSE,NA
5,720,"Aalscholver","Cormorant",2012,1997,"index_100 = eerste analysejaar vanaf eerste positieve jaar",4.73997303666616,0.537264281009708,473.997303666616,"model2_basis",FALSE,FALSE,NA
5,720,"Aalscholver","Cormorant",2013,1997,"index_100 = eerste analysejaar vanaf eerste positieve jaar",5.225,0.597387910722823,522.5,"model2_basis",FALSE,FALSE,NA
5,720,"Aalscholver","Cormorant",2014,1997,"index_100 = eerste analysejaar vanaf eerste positieve jaar",6.74166666666667,0.756966471515486,674.166666666667,"model2_basis",FALSE,FALSE,NA
5,720,"Aalscholver","Cormorant",2015,1997,"index_100 = eerste analysejaar vanaf eerste positieve jaar",6.35,0.717909596716515,635,"model2_basis",FALSE,FALSE,NA
5,720,"Aalscholver","Cormorant",2016,1997,"index_100 = eerste analysejaar vanaf eerste positieve jaar",7.10833333333333,0.799013844266422,710.833333333333,"model2_basis",FALSE,FALSE,NA
5,720,"Aalscholver","Cormorant",2017,1997,"index_100 = eerste analysejaar vanaf eerste positieve jaar",5.825,0.668018782626038,582.5,"model2_basis",FALSE,FALSE,NA
5,720,"Aalscholver","Cormorant",2018,1997,"index_100 = eerste analysejaar vanaf eerste positieve jaar",7.46666666666667,0.840468916567512,746.666666666667,"model2_basis",FALSE,FALSE,NA
5,720,"Aalscholver","Cormorant",2019,1997,"index_100 = eerste analysejaar vanaf eerste positieve jaar",7.21666666666667,0.816577222749309,721.666666666667,"model2_basis",FALSE,FALSE,NA
5,720,"Aalscholver","Cormorant",2020,1997,"index_100 = eerste analysejaar vanaf eerste positieve jaar",6.31666666666667,0.726178603707683,631.666666666667,"model2_basis",FALSE,FALSE,NA
5,720,"Aalscholver","Cormorant",2021,1997,"index_100 = eerste analysejaar vanaf eerste positieve jaar",5.48333333333333,0.644797503883677,548.333333333333,"model2_basis",FALSE,FALSE,NA
5,720,"Aalscholver","Cormorant",2022,1997,"index_100 = eerste analysejaar vanaf eerste positieve jaar",3.55833333333333,0.464097936089556,355.833333333333,"model2_basis",FALSE,FALSE,NA
7,950,"Roerdomp","bittern",2006,2006,"index_100 = eerste analysejaar vanaf eerste positieve jaar",1,0,100,"model3_overdisp",TRUE,FALSE,"Overdispersion 0.7 <1; consider setting overdisp=FALSE"
7,950,"Roerdomp","bittern",2007,2006,"index_100 = eerste analysejaar vanaf eerste positieve jaar",1,1.15750123859829,100,"model3_overdisp",TRUE,FALSE,"Overdispersion 0.7 <1; consider setting overdisp=FALSE"
7,950,"Roerdomp","bittern",2008,2006,"index_100 = eerste analysejaar vanaf eerste positieve jaar",1.21404761819616,1.40636627324424,121.404761819616,"model3_overdisp",TRUE,FALSE,"Overdispersion 0.7 <1; consider setting overdisp=FALSE"
7,950,"Roerdomp","bittern",2009,2006,"index_100 = eerste analysejaar vanaf eerste positieve jaar",2,2.00485095507615,200,"model3_overdisp",TRUE,FALSE,"Overdispersion 0.7 <1; consider setting overdisp=FALSE"
7,950,"Roerdomp","bittern",2010,2006,"index_100 = eerste analysejaar vanaf eerste positieve jaar",2,2.00485095507615,200,"model3_overdisp",TRUE,FALSE,"Overdispersion 0.7 <1; consider setting overdisp=FALSE"
7,950,"Roerdomp","bittern",2011,2006,"index_100 = eerste analysejaar vanaf eerste positieve jaar",4,3.66034030843662,400,"model3_overdisp",TRUE,FALSE,"Overdispersion 0.7 <1; consider setting overdisp=FALSE"
7,950,"Roerdomp","bittern",2012,2006,"index_100 = eerste analysejaar vanaf eerste positieve jaar",4.062291665813,3.71769756372797,406.2291665813,"model3_overdisp",TRUE,FALSE,"Overdispersion 0.7 <1; consider setting overdisp=FALSE"
7,950,"Roerdomp","bittern",2013,2006,"index_100 = eerste analysejaar vanaf eerste positieve jaar",2,2.00485095507615,200,"model3_overdisp",TRUE,FALSE,"Overdispersion 0.7 <1; consider setting overdisp=FALSE"
7,950,"Roerdomp","bittern",2014,2006,"index_100 = eerste analysejaar vanaf eerste positieve jaar",4,3.66034030843662,400,"model3_overdisp",TRUE,FALSE,"Overdispersion 0.7 <1; consider setting overdisp=FALSE"
7,950,"Roerdomp","bittern",2015,2006,"index_100 = eerste analysejaar vanaf eerste positieve jaar",4,3.66034030843662,400,"model3_overdisp",TRUE,FALSE,"Overdispersion 0.7 <1; consider setting overdisp=FALSE"
7,950,"Roerdomp","bittern",2016,2006,"index_100 = eerste analysejaar vanaf eerste positieve jaar",7,6.12492083916066,700,"model3_overdisp",TRUE,FALSE,"Overdispersion 0.7 <1; consider setting overdisp=FALSE"
7,950,"Roerdomp","bittern",2017,2006,"index_100 = eerste analysejaar vanaf eerste positieve jaar",7,6.12492083916066,700,"model3_overdisp",TRUE,FALSE,"Overdispersion 0.7 <1; consider setting overdisp=FALSE"
7,950,"Roerdomp","bittern",2018,2006,"index_100 = eerste analysejaar vanaf eerste positieve jaar",3,2.83528741120535,300,"model3_overdisp",TRUE,FALSE,"Overdispersion 0.7 <1; consider setting overdisp=FALSE"
7,950,"Roerdomp","bittern",2019,2006,"index_100 = eerste analysejaar vanaf eerste positieve jaar",9,7.76475436063798,900,"model3_overdisp",TRUE,FALSE,"Overdispersion 0.7 <1; consider setting overdisp=FALSE"
7,950,"Roerdomp","bittern",2020,2006,"index_100 = eerste analysejaar vanaf eerste positieve jaar",5,4.48298302030565,500,"model3_overdisp",TRUE,FALSE,"Overdispersion 0.7 <1; consider setting overdisp=FALSE"
7,950,"Roerdomp","bittern",2021,2006,"index_100 = eerste analysejaar vanaf eerste positieve jaar",7,6.12492083916066,700,"model3_overdisp",TRUE,FALSE,"Overdispersion 0.7 <1; consider setting overdisp=FALSE"
7,950,"Roerdomp","bittern",2022,2006,"index_100 = eerste analysejaar vanaf eerste positieve jaar",6,5.30433704288183,600,"model3_overdisp",TRUE,FALSE,"Overdispersion 0.7 <1; consider setting overdisp=FALSE"
8,980,"Woudaap","Little Bittern",2006,2006,"index_100 = eerste analysejaar vanaf eerste positieve jaar",1,0,100,"model2_basis",FALSE,FALSE,"Data ends with 7 years without positive observations."
8,980,"Woudaap","Little Bittern",2007,2006,"index_100 = eerste analysejaar vanaf eerste positieve jaar",0,0.838036122521168,0,"model2_basis",FALSE,FALSE,"Data ends with 7 years without positive observations."
8,980,"Woudaap","Little Bittern",2008,2006,"index_100 = eerste analysejaar vanaf eerste positieve jaar",1.15410848493296,1.22143585656488,115.410848493296,"model2_basis",FALSE,FALSE,"Data ends with 7 years without positive observations."
8,980,"Woudaap","Little Bittern",2009,2006,"index_100 = eerste analysejaar vanaf eerste positieve jaar",1,1.15208685528845,100,"model2_basis",FALSE,FALSE,"Data ends with 7 years without positive observations."
8,980,"Woudaap","Little Bittern",2010,2006,"index_100 = eerste analysejaar vanaf eerste positieve jaar",0,0.588248933943613,0,"model2_basis",FALSE,FALSE,"Data ends with 7 years without positive observations."
8,980,"Woudaap","Little Bittern",2011,2006,"index_100 = eerste analysejaar vanaf eerste positieve jaar",0,0.522790016529468,0,"model2_basis",FALSE,FALSE,"Data ends with 7 years without positive observations."
8,980,"Woudaap","Little Bittern",2012,2006,"index_100 = eerste analysejaar vanaf eerste positieve jaar",0,0.464615208990893,0,"model2_basis",FALSE,FALSE,"Data ends with 7 years without positive observations."
8,980,"Woudaap","Little Bittern",2013,2006,"index_100 = eerste analysejaar vanaf eerste positieve jaar",0,0.412913953213343,0,"model2_basis",FALSE,FALSE,"Data ends with 7 years without positive observations."
8,980,"Woudaap","Little Bittern",2014,2006,"index_100 = eerste analysejaar vanaf eerste positieve jaar",0,0.366965888027166,0,"model2_basis",FALSE,FALSE,"Data ends with 7 years without positive observations."
8,980,"Woudaap","Little Bittern",2015,2006,"index_100 = eerste analysejaar vanaf eerste positieve jaar",1,0.997771772762299,100,"model2_basis",FALSE,FALSE,"Data ends with 7 years without positive observations."
8,980,"Woudaap","Little Bittern",2016,2006,"index_100 = eerste analysejaar vanaf eerste positieve jaar",0,0.289839764970341,0,"model2_basis",FALSE,FALSE,"Data ends with 7 years without positive observations."
8,980,"Woudaap","Little Bittern",2017,2006,"index_100 = eerste analysejaar vanaf eerste positieve jaar",0,0.257587097530153,0,"model2_basis",FALSE,FALSE,"Data ends with 7 years without positive observations."
8,980,"Woudaap","Little Bittern",2018,2006,"index_100 = eerste analysejaar vanaf eerste positieve jaar",0,0.228923428849724,0,"model2_basis",FALSE,FALSE,"Data ends with 7 years without positive observations."
8,980,"Woudaap","Little Bittern",2019,2006,"index_100 = eerste analysejaar vanaf eerste positieve jaar",0,0.203449383834841,0,"model2_basis",FALSE,FALSE,"Data ends with 7 years without positive observations."
8,980,"Woudaap","Little Bittern",2020,2006,"index_100 = eerste analysejaar vanaf eerste positieve jaar",0,0.180810028885019,0,"model2_basis",FALSE,FALSE,"Data ends with 7 years without positive observations."
8,980,"Woudaap","Little Bittern",2021,2006,"index_100 = eerste analysejaar vanaf eerste positieve jaar",0,0.160689926551663,0,"model2_basis",FALSE,FALSE,"Data ends with 7 years without positive observations."
8,980,"Woudaap","Little Bittern",2022,2006,"index_100 = eerste analysejaar vanaf eerste positieve jaar",0,0.142808740501883,0,"model2_basis",FALSE,FALSE,"Data ends with 7 years without positive observations."
17,1520,"Knobbelzwaan","mute swan",1997,1997,"index_100 = eerste analysejaar vanaf eerste positieve jaar",1,0,100,"model3_overdisp",TRUE,FALSE,"Overdispersion 0.6 <1; consider setting overdisp=FALSE"
17,1520,"Knobbelzwaan","mute swan",1998,1997,"index_100 = eerste analysejaar vanaf eerste positieve jaar",1.25,0.466899030006851,125,"model3_overdisp",TRUE,FALSE,"Overdispersion 0.6 <1; consider setting overdisp=FALSE"
17,1520,"Knobbelzwaan","mute swan",1999,1997,"index_100 = eerste analysejaar vanaf eerste positieve jaar",1.125,0.430459636421509,112.5,"model3_overdisp",TRUE,FALSE,"Overdispersion 0.6 <1; consider setting overdisp=FALSE"
17,1520,"Knobbelzwaan","mute swan",2000,1997,"index_100 = eerste analysejaar vanaf eerste positieve jaar",1.2642541725493,0.484300172127125,126.42541725493,"model3_overdisp",TRUE,FALSE,"Overdispersion 0.6 <1; consider setting overdisp=FALSE"
17,1520,"Knobbelzwaan","mute swan",2001,1997,"index_100 = eerste analysejaar vanaf eerste positieve jaar",1.125,0.430459636421509,112.5,"model3_overdisp",TRUE,FALSE,"Overdispersion 0.6 <1; consider setting overdisp=FALSE"
17,1520,"Knobbelzwaan","mute swan",2002,1997,"index_100 = eerste analysejaar vanaf eerste positieve jaar",1,0.393723832571987,100,"model3_overdisp",TRUE,FALSE,"Overdispersion 0.6 <1; consider setting overdisp=FALSE"
17,1520,"Knobbelzwaan","mute swan",2003,1997,"index_100 = eerste analysejaar vanaf eerste positieve jaar",1.25,0.466899030006851,125,"model3_overdisp",TRUE,FALSE,"Overdispersion 0.6 <1; consider setting overdisp=FALSE"
17,1520,"Knobbelzwaan","mute swan",2004,1997,"index_100 = eerste analysejaar vanaf eerste positieve jaar",0.875,0.356600024484642,87.5,"model3_overdisp",TRUE,FALSE,"Overdispersion 0.6 <1; consider setting overdisp=FALSE"
17,1520,"Knobbelzwaan","mute swan",2005,1997,"index_100 = eerste analysejaar vanaf eerste positieve jaar",0.75,0.3189527582103,75,"model3_overdisp",TRUE,FALSE,"Overdispersion 0.6 <1; consider setting overdisp=FALSE"
17,1520,"Knobbelzwaan","mute swan",2006,1997,"index_100 = eerste analysejaar vanaf eerste positieve jaar",1,0.393723832571987,100,"model3_overdisp",TRUE,FALSE,"Overdispersion 0.6 <1; consider setting overdisp=FALSE"
17,1520,"Knobbelzwaan","mute swan",2007,1997,"index_100 = eerste analysejaar vanaf eerste positieve jaar",1.08606811179996,0.427934997498459,108.606811179996,"model3_overdisp",TRUE,FALSE,"Overdispersion 0.6 <1; consider setting overdisp=FALSE"
17,1520,"Knobbelzwaan","mute swan",2008,1997,"index_100 = eerste analysejaar vanaf eerste positieve jaar",1.16087073927844,0.444317290584898,116.087073927844,"model3_overdisp",TRUE,FALSE,"Overdispersion 0.6 <1; consider setting overdisp=FALSE"
17,1520,"Knobbelzwaan","mute swan",2009,1997,"index_100 = eerste analysejaar vanaf eerste positieve jaar",1.375,0.503106423368631,137.5,"model3_overdisp",TRUE,FALSE,"Overdispersion 0.6 <1; consider setting overdisp=FALSE"
17,1520,"Knobbelzwaan","mute swan",2010,1997,"index_100 = eerste analysejaar vanaf eerste positieve jaar",1,0.393723832571987,100,"model3_overdisp",TRUE,FALSE,"Overdispersion 0.6 <1; consider setting overdisp=FALSE"
17,1520,"Knobbelzwaan","mute swan",2011,1997,"index_100 = eerste analysejaar vanaf eerste positieve jaar",1,0.393723832571987,100,"model3_overdisp",TRUE,FALSE,"Overdispersion 0.6 <1; consider setting overdisp=FALSE"
17,1520,"Knobbelzwaan","mute swan",2012,1997,"index_100 = eerste analysejaar vanaf eerste positieve jaar",0.955165666126874,0.389550531610564,95.5165666126874,"model3_overdisp",TRUE,FALSE,"Overdispersion 0.6 <1; consider setting overdisp=FALSE"
17,1520,"Knobbelzwaan","mute swan",2013,1997,"index_100 = eerste analysejaar vanaf eerste positieve jaar",1.2613260098341,0.471172106667528,126.13260098341,"model3_overdisp",TRUE,FALSE,"Overdispersion 0.6 <1; consider setting overdisp=FALSE"
17,1520,"Knobbelzwaan","mute swan",2014,1997,"index_100 = eerste analysejaar vanaf eerste positieve jaar",1.63972381278433,0.580268679783791,163.972381278433,"model3_overdisp",TRUE,FALSE,"Overdispersion 0.6 <1; consider setting overdisp=FALSE"
17,1520,"Knobbelzwaan","mute swan",2015,1997,"index_100 = eerste analysejaar vanaf eerste positieve jaar",1.5,0.539128561317661,150,"model3_overdisp",TRUE,FALSE,"Overdispersion 0.6 <1; consider setting overdisp=FALSE"
17,1520,"Knobbelzwaan","mute swan",2016,1997,"index_100 = eerste analysejaar vanaf eerste positieve jaar",1.5,0.539128561317661,150,"model3_overdisp",TRUE,FALSE,"Overdispersion 0.6 <1; consider setting overdisp=FALSE"
17,1520,"Knobbelzwaan","mute swan",2017,1997,"index_100 = eerste analysejaar vanaf eerste positieve jaar",1.375,0.503106423368631,137.5,"model3_overdisp",TRUE,FALSE,"Overdispersion 0.6 <1; consider setting overdisp=FALSE"
17,1520,"Knobbelzwaan","mute swan",2018,1997,"index_100 = eerste analysejaar vanaf eerste positieve jaar",0.875,0.356600024484642,87.5,"model3_overdisp",TRUE,FALSE,"Overdispersion 0.6 <1; consider setting overdisp=FALSE"
17,1520,"Knobbelzwaan","mute swan",2019,1997,"index_100 = eerste analysejaar vanaf eerste positieve jaar",1.5,0.539128561317661,150,"model3_overdisp",TRUE,FALSE,"Overdispersion 0.6 <1; consider setting overdisp=FALSE"
17,1520,"Knobbelzwaan","mute swan",2020,1997,"index_100 = eerste analysejaar vanaf eerste positieve jaar",1.625,0.575000262088951,162.5,"model3_overdisp",TRUE,FALSE,"Overdispersion 0.6 <1; consider setting overdisp=FALSE"
17,1520,"Knobbelzwaan","mute swan",2021,1997,"index_100 = eerste analysejaar vanaf eerste positieve jaar",1.25,0.466899030006851,125,"model3_overdisp",TRUE,FALSE,"Overdispersion 0.6 <1; consider setting overdisp=FALSE"
17,1520,"Knobbelzwaan","mute swan",2022,1997,"index_100 = eerste analysejaar vanaf eerste positieve jaar",1,0.393723832571987,100,"model3_overdisp",TRUE,FALSE,"Overdispersion 0.6 <1; consider setting overdisp=FALSE"
21,1610,"Grauwe Gans","greylag goose",1997,1997,"index_100 = eerste analysejaar vanaf eerste positieve jaar",1,0,100,"model3_overdisp",TRUE,FALSE,NA
21,1610,"Grauwe Gans","greylag goose",1998,1997,"index_100 = eerste analysejaar vanaf eerste positieve jaar",2.28571428571429,1.07425375146924,228.571428571429,"model3_overdisp",TRUE,FALSE,NA
21,1610,"Grauwe Gans","greylag goose",1999,1997,"index_100 = eerste analysejaar vanaf eerste positieve jaar",0.714285714285714,0.433769083506847,71.4285714285714,"model3_overdisp",TRUE,FALSE,NA
21,1610,"Grauwe Gans","greylag goose",2000,1997,"index_100 = eerste analysejaar vanaf eerste positieve jaar",0.519866112825984,0.372157031243666,51.9866112825984,"model3_overdisp",TRUE,FALSE,NA
21,1610,"Grauwe Gans","greylag goose",2001,1997,"index_100 = eerste analysejaar vanaf eerste positieve jaar",1.28571428571429,0.671992174608669,128.571428571429,"model3_overdisp",TRUE,FALSE,NA
21,1610,"Grauwe Gans","greylag goose",2002,1997,"index_100 = eerste analysejaar vanaf eerste positieve jaar",1.57142857142857,0.78798067156563,157.142857142857,"model3_overdisp",TRUE,FALSE,NA
21,1610,"Grauwe Gans","greylag goose",2003,1997,"index_100 = eerste analysejaar vanaf eerste positieve jaar",1.85714285714286,0.902962352755789,185.714285714286,"model3_overdisp",TRUE,FALSE,NA
21,1610,"Grauwe Gans","greylag goose",2004,1997,"index_100 = eerste analysejaar vanaf eerste positieve jaar",2.14285714285714,1.01727867270234,214.285714285714,"model3_overdisp",TRUE,FALSE,NA
21,1610,"Grauwe Gans","greylag goose",2005,1997,"index_100 = eerste analysejaar vanaf eerste positieve jaar",3,1.35791202016273,300,"model3_overdisp",TRUE,FALSE,NA
21,1610,"Grauwe Gans","greylag goose",2006,1997,"index_100 = eerste analysejaar vanaf eerste positieve jaar",2.57142857142857,1.18792555892521,257.142857142857,"model3_overdisp",TRUE,FALSE,NA
21,1610,"Grauwe Gans","greylag goose",2007,1997,"index_100 = eerste analysejaar vanaf eerste positieve jaar",3.45136784180189,1.54538886430371,345.136784180189,"model3_overdisp",TRUE,FALSE,NA
21,1610,"Grauwe Gans","greylag goose",2008,1997,"index_100 = eerste analysejaar vanaf eerste positieve jaar",4.58513378351281,2.01047360320414,458.513378351281,"model3_overdisp",TRUE,FALSE,NA
21,1610,"Grauwe Gans","greylag goose",2009,1997,"index_100 = eerste analysejaar vanaf eerste positieve jaar",9,3.71879522275269,900,"model3_overdisp",TRUE,FALSE,NA
21,1610,"Grauwe Gans","greylag goose",2010,1997,"index_100 = eerste analysejaar vanaf eerste positieve jaar",6.28571428571429,2.65273822793698,628.571428571429,"model3_overdisp",TRUE,FALSE,NA
21,1610,"Grauwe Gans","greylag goose",2011,1997,"index_100 = eerste analysejaar vanaf eerste positieve jaar",6,2.5404207704155,600,"model3_overdisp",TRUE,FALSE,NA
21,1610,"Grauwe Gans","greylag goose",2012,1997,"index_100 = eerste analysejaar vanaf eerste positieve jaar",7.81467420724911,3.26766964463509,781.467420724911,"model3_overdisp",TRUE,FALSE,NA
21,1610,"Grauwe Gans","greylag goose",2013,1997,"index_100 = eerste analysejaar vanaf eerste positieve jaar",5.51886271942887,2.35435491243082,551.886271942887,"model3_overdisp",TRUE,FALSE,NA
21,1610,"Grauwe Gans","greylag goose",2014,1997,"index_100 = eerste analysejaar vanaf eerste positieve jaar",6.97119501401542,2.92534263215382,697.119501401542,"model3_overdisp",TRUE,FALSE,NA
21,1610,"Grauwe Gans","greylag goose",2015,1997,"index_100 = eerste analysejaar vanaf eerste positieve jaar",7.42857142857143,3.10177754260882,742.857142857143,"model3_overdisp",TRUE,FALSE,NA
21,1610,"Grauwe Gans","greylag goose",2016,1997,"index_100 = eerste analysejaar vanaf eerste positieve jaar",7.71428571428571,3.21399181977331,771.428571428571,"model3_overdisp",TRUE,FALSE,NA
21,1610,"Grauwe Gans","greylag goose",2017,1997,"index_100 = eerste analysejaar vanaf eerste positieve jaar",5.57142857142857,2.37188806068298,557.142857142857,"model3_overdisp",TRUE,FALSE,NA
21,1610,"Grauwe Gans","greylag goose",2018,1997,"index_100 = eerste analysejaar vanaf eerste positieve jaar",7.42857142857143,3.10177754260882,742.857142857143,"model3_overdisp",TRUE,FALSE,NA
21,1610,"Grauwe Gans","greylag goose",2019,1997,"index_100 = eerste analysejaar vanaf eerste positieve jaar",7.57142857142857,3.15788659450235,757.142857142857,"model3_overdisp",TRUE,FALSE,NA
21,1610,"Grauwe Gans","greylag goose",2020,1997,"index_100 = eerste analysejaar vanaf eerste positieve jaar",7.57142857142857,3.15788659450235,757.142857142857,"model3_overdisp",TRUE,FALSE,NA
21,1610,"Grauwe Gans","greylag goose",2021,1997,"index_100 = eerste analysejaar vanaf eerste positieve jaar",7,2.93342523130862,700,"model3_overdisp",TRUE,FALSE,NA
21,1610,"Grauwe Gans","greylag goose",2022,1997,"index_100 = eerste analysejaar vanaf eerste positieve jaar",9.14285714285714,3.77487113977009,914.285714285714,"model3_overdisp",TRUE,FALSE,NA
22,1619,"Soepgans","Domestic Goose",2011,2011,"index_100 = eerste analysejaar vanaf eerste positieve jaar",1,0,100,"model2_basis",FALSE,FALSE,"Data ends with 2 years without positive observations."
22,1619,"Soepgans","Domestic Goose",2012,2011,"index_100 = eerste analysejaar vanaf eerste positieve jaar",0,0.376849319978265,0,"model2_basis",FALSE,FALSE,"Data ends with 2 years without positive observations."
22,1619,"Soepgans","Domestic Goose",2013,2011,"index_100 = eerste analysejaar vanaf eerste positieve jaar",0,0.362690925639019,0,"model2_basis",FALSE,FALSE,"Data ends with 2 years without positive observations."
22,1619,"Soepgans","Domestic Goose",2014,2011,"index_100 = eerste analysejaar vanaf eerste positieve jaar",0,0.349064468388786,0,"model2_basis",FALSE,FALSE,"Data ends with 2 years without positive observations."
22,1619,"Soepgans","Domestic Goose",2015,2011,"index_100 = eerste analysejaar vanaf eerste positieve jaar",0,0.335949963117681,0,"model2_basis",FALSE,FALSE,"Data ends with 2 years without positive observations."
22,1619,"Soepgans","Domestic Goose",2016,2011,"index_100 = eerste analysejaar vanaf eerste positieve jaar",0.5,0.377982802639632,50,"model2_basis",FALSE,FALSE,"Data ends with 2 years without positive observations."
22,1619,"Soepgans","Domestic Goose",2017,2011,"index_100 = eerste analysejaar vanaf eerste positieve jaar",0,0.311180594110318,0,"model2_basis",FALSE,FALSE,"Data ends with 2 years without positive observations."
22,1619,"Soepgans","Domestic Goose",2018,2011,"index_100 = eerste analysejaar vanaf eerste positieve jaar",0,0.29948940262193,0,"model2_basis",FALSE,FALSE,"Data ends with 2 years without positive observations."
22,1619,"Soepgans","Domestic Goose",2019,2011,"index_100 = eerste analysejaar vanaf eerste positieve jaar",0,0.288237454328668,0,"model2_basis",FALSE,FALSE,"Data ends with 2 years without positive observations."
22,1619,"Soepgans","Domestic Goose",2020,2011,"index_100 = eerste analysejaar vanaf eerste positieve jaar",1,0.479869664835237,100,"model2_basis",FALSE,FALSE,"Data ends with 2 years without positive observations."
22,1619,"Soepgans","Domestic Goose",2021,2011,"index_100 = eerste analysejaar vanaf eerste positieve jaar",0,0.266985897097483,0,"model2_basis",FALSE,FALSE,"Data ends with 2 years without positive observations."
22,1619,"Soepgans","Domestic Goose",2022,2011,"index_100 = eerste analysejaar vanaf eerste positieve jaar",0,0.256955119771571,0,"model2_basis",FALSE,FALSE,"Data ends with 2 years without positive observations."
25,1661,"Grote Canadese Gans","canada goose",1999,1999,"index_100 = eerste analysejaar vanaf eerste positieve jaar",1,0,100,"model3_overdisp",TRUE,FALSE,"Overdispersion 0.6 <1; consider setting overdisp=FALSE"
25,1661,"Grote Canadese Gans","canada goose",2000,1999,"index_100 = eerste analysejaar vanaf eerste positieve jaar",1.25478768385818,0.792853420405706,125.478768385818,"model3_overdisp",TRUE,FALSE,"Overdispersion 0.6 <1; consider setting overdisp=FALSE"
25,1661,"Grote Canadese Gans","canada goose",2001,1999,"index_100 = eerste analysejaar vanaf eerste positieve jaar",2.66666666666667,1.39608331704699,266.666666666667,"model3_overdisp",TRUE,FALSE,"Overdispersion 0.6 <1; consider setting overdisp=FALSE"
25,1661,"Grote Canadese Gans","canada goose",2002,1999,"index_100 = eerste analysejaar vanaf eerste positieve jaar",2.33333333333333,1.24514239770536,233.333333333333,"model3_overdisp",TRUE,FALSE,"Overdispersion 0.6 <1; consider setting overdisp=FALSE"
25,1661,"Grote Canadese Gans","canada goose",2003,1999,"index_100 = eerste analysejaar vanaf eerste positieve jaar",2,1.09362110107678,200,"model3_overdisp",TRUE,FALSE,"Overdispersion 0.6 <1; consider setting overdisp=FALSE"
25,1661,"Grote Canadese Gans","canada goose",2004,1999,"index_100 = eerste analysejaar vanaf eerste positieve jaar",2.33333333333333,1.24514239770536,233.333333333333,"model3_overdisp",TRUE,FALSE,"Overdispersion 0.6 <1; consider setting overdisp=FALSE"
25,1661,"Grote Canadese Gans","canada goose",2005,1999,"index_100 = eerste analysejaar vanaf eerste positieve jaar",2,1.09362110107678,200,"model3_overdisp",TRUE,FALSE,"Overdispersion 0.6 <1; consider setting overdisp=FALSE"
25,1661,"Grote Canadese Gans","canada goose",2006,1999,"index_100 = eerste analysejaar vanaf eerste positieve jaar",4.33333333333333,2.14635556512895,433.333333333333,"model3_overdisp",TRUE,FALSE,"Overdispersion 0.6 <1; consider setting overdisp=FALSE"
25,1661,"Grote Canadese Gans","canada goose",2007,1999,"index_100 = eerste analysejaar vanaf eerste positieve jaar",2.88375780163752,1.51024239452433,288.375780163752,"model3_overdisp",TRUE,FALSE,"Overdispersion 0.6 <1; consider setting overdisp=FALSE"
25,1661,"Grote Canadese Gans","canada goose",2008,1999,"index_100 = eerste analysejaar vanaf eerste positieve jaar",5.35028171552838,2.63410245344505,535.028171552838,"model3_overdisp",TRUE,FALSE,"Overdispersion 0.6 <1; consider setting overdisp=FALSE"
25,1661,"Grote Canadese Gans","canada goose",2009,1999,"index_100 = eerste analysejaar vanaf eerste positieve jaar",4,1.9966698214113,400,"model3_overdisp",TRUE,FALSE,"Overdispersion 0.6 <1; consider setting overdisp=FALSE"
25,1661,"Grote Canadese Gans","canada goose",2010,1999,"index_100 = eerste analysejaar vanaf eerste positieve jaar",3.33333333333333,1.69684306359634,333.333333333333,"model3_overdisp",TRUE,FALSE,"Overdispersion 0.6 <1; consider setting overdisp=FALSE"
25,1661,"Grote Canadese Gans","canada goose",2011,1999,"index_100 = eerste analysejaar vanaf eerste positieve jaar",4,1.9966698214113,400,"model3_overdisp",TRUE,FALSE,"Overdispersion 0.6 <1; consider setting overdisp=FALSE"
25,1661,"Grote Canadese Gans","canada goose",2012,1999,"index_100 = eerste analysejaar vanaf eerste positieve jaar",2.4799407267047,1.32369974296566,247.99407267047,"model3_overdisp",TRUE,FALSE,"Overdispersion 0.6 <1; consider setting overdisp=FALSE"
25,1661,"Grote Canadese Gans","canada goose",2013,1999,"index_100 = eerste analysejaar vanaf eerste positieve jaar",3.35969355673204,1.71032304114732,335.969355673204,"model3_overdisp",TRUE,FALSE,"Overdispersion 0.6 <1; consider setting overdisp=FALSE"
25,1661,"Grote Canadese Gans","canada goose",2014,1999,"index_100 = eerste analysejaar vanaf eerste positieve jaar",4.36760162375166,2.16341089430554,436.760162375166,"model3_overdisp",TRUE,FALSE,"Overdispersion 0.6 <1; consider setting overdisp=FALSE"
25,1661,"Grote Canadese Gans","canada goose",2015,1999,"index_100 = eerste analysejaar vanaf eerste positieve jaar",4,1.9966698214113,400,"model3_overdisp",TRUE,FALSE,"Overdispersion 0.6 <1; consider setting overdisp=FALSE"
25,1661,"Grote Canadese Gans","canada goose",2016,1999,"index_100 = eerste analysejaar vanaf eerste positieve jaar",4,1.9966698214113,400,"model3_overdisp",TRUE,FALSE,"Overdispersion 0.6 <1; consider setting overdisp=FALSE"
25,1661,"Grote Canadese Gans","canada goose",2017,1999,"index_100 = eerste analysejaar vanaf eerste positieve jaar",4.66666666666667,2.29592913826098,466.666666666667,"model3_overdisp",TRUE,FALSE,"Overdispersion 0.6 <1; consider setting overdisp=FALSE"
25,1661,"Grote Canadese Gans","canada goose",2018,1999,"index_100 = eerste analysejaar vanaf eerste positieve jaar",5.66666666666667,2.74416019105398,566.666666666667,"model3_overdisp",TRUE,FALSE,"Overdispersion 0.6 <1; consider setting overdisp=FALSE"
25,1661,"Grote Canadese Gans","canada goose",2019,1999,"index_100 = eerste analysejaar vanaf eerste positieve jaar",5,2.44541112363585,500,"model3_overdisp",TRUE,FALSE,"Overdispersion 0.6 <1; consider setting overdisp=FALSE"
25,1661,"Grote Canadese Gans","canada goose",2020,1999,"index_100 = eerste analysejaar vanaf eerste positieve jaar",7.66666666666667,3.63932292595546,766.666666666667,"model3_overdisp",TRUE,FALSE,"Overdispersion 0.6 <1; consider setting overdisp=FALSE"
25,1661,"Grote Canadese Gans","canada goose",2021,1999,"index_100 = eerste analysejaar vanaf eerste positieve jaar",6,2.89344946198179,600,"model3_overdisp",TRUE,FALSE,"Overdispersion 0.6 <1; consider setting overdisp=FALSE"
25,1661,"Grote Canadese Gans","canada goose",2022,1999,"index_100 = eerste analysejaar vanaf eerste positieve jaar",8,3.7884146225888,800,"model3_overdisp",TRUE,FALSE,"Overdispersion 0.6 <1; consider setting overdisp=FALSE"
27,1700,"Nijlgans","Egyptian goose",1997,1997,"index_100 = eerste analysejaar vanaf eerste positieve jaar",1,0,100,"model3_overdisp",TRUE,FALSE,"Overdispersion 0.7 <1; consider setting overdisp=FALSE"
27,1700,"Nijlgans","Egyptian goose",1998,1997,"index_100 = eerste analysejaar vanaf eerste positieve jaar",1,0.403943784802182,100,"model3_overdisp",TRUE,FALSE,"Overdispersion 0.7 <1; consider setting overdisp=FALSE"
27,1700,"Nijlgans","Egyptian goose",1999,1997,"index_100 = eerste analysejaar vanaf eerste positieve jaar",1.33333333333333,0.503806415415503,133.333333333333,"model3_overdisp",TRUE,FALSE,"Overdispersion 0.7 <1; consider setting overdisp=FALSE"
27,1700,"Nijlgans","Egyptian goose",2000,1997,"index_100 = eerste analysejaar vanaf eerste positieve jaar",0.6513005707673,0.311662542928731,65.13005707673,"model3_overdisp",TRUE,FALSE,"Overdispersion 0.7 <1; consider setting overdisp=FALSE"
27,1700,"Nijlgans","Egyptian goose",2001,1997,"index_100 = eerste analysejaar vanaf eerste positieve jaar",1.11111111111111,0.437461888592293,111.111111111111,"model3_overdisp",TRUE,FALSE,"Overdispersion 0.7 <1; consider setting overdisp=FALSE"
27,1700,"Nijlgans","Egyptian goose",2002,1997,"index_100 = eerste analysejaar vanaf eerste positieve jaar",1.22222222222222,0.470733128515409,122.222222222222,"model3_overdisp",TRUE,FALSE,"Overdispersion 0.7 <1; consider setting overdisp=FALSE"
27,1700,"Nijlgans","Egyptian goose",2003,1997,"index_100 = eerste analysejaar vanaf eerste positieve jaar",1.11111111111111,0.437461888592293,111.111111111111,"model3_overdisp",TRUE,FALSE,"Overdispersion 0.7 <1; consider setting overdisp=FALSE"
27,1700,"Nijlgans","Egyptian goose",2004,1997,"index_100 = eerste analysejaar vanaf eerste positieve jaar",0.555555555555556,0.265529295419659,55.5555555555556,"model3_overdisp",TRUE,FALSE,"Overdispersion 0.7 <1; consider setting overdisp=FALSE"
27,1700,"Nijlgans","Egyptian goose",2005,1997,"index_100 = eerste analysejaar vanaf eerste positieve jaar",1,0.403943784802182,100,"model3_overdisp",TRUE,FALSE,"Overdispersion 0.7 <1; consider setting overdisp=FALSE"
27,1700,"Nijlgans","Egyptian goose",2006,1997,"index_100 = eerste analysejaar vanaf eerste positieve jaar",1.11111111111111,0.437461888592293,111.111111111111,"model3_overdisp",TRUE,FALSE,"Overdispersion 0.7 <1; consider setting overdisp=FALSE"
27,1700,"Nijlgans","Egyptian goose",2007,1997,"index_100 = eerste analysejaar vanaf eerste positieve jaar",1.5809951822707,0.588095558803104,158.09951822707,"model3_overdisp",TRUE,FALSE,"Overdispersion 0.7 <1; consider setting overdisp=FALSE"
27,1700,"Nijlgans","Egyptian goose",2008,1997,"index_100 = eerste analysejaar vanaf eerste positieve jaar",1.65596634361861,0.606722482985641,165.596634361861,"model3_overdisp",TRUE,FALSE,"Overdispersion 0.7 <1; consider setting overdisp=FALSE"
27,1700,"Nijlgans","Egyptian goose",2009,1997,"index_100 = eerste analysejaar vanaf eerste positieve jaar",1.34774947282056,0.509329361007483,134.774947282056,"model3_overdisp",TRUE,FALSE,"Overdispersion 0.7 <1; consider setting overdisp=FALSE"
27,1700,"Nijlgans","Egyptian goose",2010,1997,"index_100 = eerste analysejaar vanaf eerste positieve jaar",1.66666666666667,0.602163841270817,166.666666666667,"model3_overdisp",TRUE,FALSE,"Overdispersion 0.7 <1; consider setting overdisp=FALSE"
27,1700,"Nijlgans","Egyptian goose",2011,1997,"index_100 = eerste analysejaar vanaf eerste positieve jaar",1.57237438495732,0.575745549106078,157.237438495732,"model3_overdisp",TRUE,FALSE,"Overdispersion 0.7 <1; consider setting overdisp=FALSE"
27,1700,"Nijlgans","Egyptian goose",2012,1997,"index_100 = eerste analysejaar vanaf eerste positieve jaar",0.851023717248807,0.367780830506216,85.1023717248807,"model3_overdisp",TRUE,FALSE,"Overdispersion 0.7 <1; consider setting overdisp=FALSE"
27,1700,"Nijlgans","Egyptian goose",2013,1997,"index_100 = eerste analysejaar vanaf eerste positieve jaar",0.365701840486921,0.209008218197371,36.5701840486921,"model3_overdisp",TRUE,FALSE,"Overdispersion 0.7 <1; consider setting overdisp=FALSE"
27,1700,"Nijlgans","Egyptian goose",2014,1997,"index_100 = eerste analysejaar vanaf eerste positieve jaar",1.23348120730697,0.486189560334949,123.348120730697,"model3_overdisp",TRUE,FALSE,"Overdispersion 0.7 <1; consider setting overdisp=FALSE"
27,1700,"Nijlgans","Egyptian goose",2015,1997,"index_100 = eerste analysejaar vanaf eerste positieve jaar",1.1231245606838,0.442252344994633,112.31245606838,"model3_overdisp",TRUE,FALSE,"Overdispersion 0.7 <1; consider setting overdisp=FALSE"
27,1700,"Nijlgans","Egyptian goose",2016,1997,"index_100 = eerste analysejaar vanaf eerste positieve jaar",1.23543701675218,0.475890856782051,123.543701675218,"model3_overdisp",TRUE,FALSE,"Overdispersion 0.7 <1; consider setting overdisp=FALSE"
27,1700,"Nijlgans","Egyptian goose",2017,1997,"index_100 = eerste analysejaar vanaf eerste positieve jaar",1,0.403943784802182,100,"model3_overdisp",TRUE,FALSE,"Overdispersion 0.7 <1; consider setting overdisp=FALSE"
27,1700,"Nijlgans","Egyptian goose",2018,1997,"index_100 = eerste analysejaar vanaf eerste positieve jaar",1.33333333333333,0.503806415415503,133.333333333333,"model3_overdisp",TRUE,FALSE,"Overdispersion 0.7 <1; consider setting overdisp=FALSE"
27,1700,"Nijlgans","Egyptian goose",2019,1997,"index_100 = eerste analysejaar vanaf eerste positieve jaar",0.673874736410282,0.304368934011936,67.3874736410282,"model3_overdisp",TRUE,FALSE,"Overdispersion 0.7 <1; consider setting overdisp=FALSE"
27,1700,"Nijlgans","Egyptian goose",2020,1997,"index_100 = eerste analysejaar vanaf eerste positieve jaar",0.777777777777778,0.335870943610335,77.7777777777778,"model3_overdisp",TRUE,FALSE,"Overdispersion 0.7 <1; consider setting overdisp=FALSE"
27,1700,"Nijlgans","Egyptian goose",2021,1997,"index_100 = eerste analysejaar vanaf eerste positieve jaar",0.555555555555556,0.265529295419659,55.5555555555556,"model3_overdisp",TRUE,FALSE,"Overdispersion 0.7 <1; consider setting overdisp=FALSE"
27,1700,"Nijlgans","Egyptian goose",2022,1997,"index_100 = eerste analysejaar vanaf eerste positieve jaar",0.892552608265434,0.371650553586474,89.2552608265434,"model3_overdisp",TRUE,FALSE,"Overdispersion 0.7 <1; consider setting overdisp=FALSE"
29,1730,"Bergeend","Common Shelduck",1997,1997,"index_100 = eerste analysejaar vanaf eerste positieve jaar",1,0,100,"model2_basis",FALSE,FALSE,"Data ends with 1 years without positive observations."
29,1730,"Bergeend","Common Shelduck",1998,1997,"index_100 = eerste analysejaar vanaf eerste positieve jaar",0.666666666666667,0.203755660731134,66.6666666666667,"model2_basis",FALSE,FALSE,"Data ends with 1 years without positive observations."
29,1730,"Bergeend","Common Shelduck",1999,1997,"index_100 = eerste analysejaar vanaf eerste positieve jaar",0.25,0.164721135068617,25,"model2_basis",FALSE,FALSE,"Data ends with 1 years without positive observations."
29,1730,"Bergeend","Common Shelduck",2000,1997,"index_100 = eerste analysejaar vanaf eerste positieve jaar",0.173781339955064,0.152362685153133,17.3781339955064,"model2_basis",FALSE,FALSE,"Data ends with 1 years without positive observations."
29,1730,"Bergeend","Common Shelduck",2001,1997,"index_100 = eerste analysejaar vanaf eerste positieve jaar",0.25,0.150288183301559,25,"model2_basis",FALSE,FALSE,"Data ends with 1 years without positive observations."
29,1730,"Bergeend","Common Shelduck",2002,1997,"index_100 = eerste analysejaar vanaf eerste positieve jaar",0,0.136778414687402,0,"model2_basis",FALSE,FALSE,"Data ends with 1 years without positive observations."
29,1730,"Bergeend","Common Shelduck",2003,1997,"index_100 = eerste analysejaar vanaf eerste positieve jaar",0,0.130144530035604,0,"model2_basis",FALSE,FALSE,"Data ends with 1 years without positive observations."
29,1730,"Bergeend","Common Shelduck",2004,1997,"index_100 = eerste analysejaar vanaf eerste positieve jaar",0,0.12383239516921,0,"model2_basis",FALSE,FALSE,"Data ends with 1 years without positive observations."
29,1730,"Bergeend","Common Shelduck",2005,1997,"index_100 = eerste analysejaar vanaf eerste positieve jaar",0,0.117826404914199,0,"model2_basis",FALSE,FALSE,"Data ends with 1 years without positive observations."
29,1730,"Bergeend","Common Shelduck",2006,1997,"index_100 = eerste analysejaar vanaf eerste positieve jaar",0,0.112111710962502,0,"model2_basis",FALSE,FALSE,"Data ends with 1 years without positive observations."
29,1730,"Bergeend","Common Shelduck",2007,1997,"index_100 = eerste analysejaar vanaf eerste positieve jaar",0,0.10667418516327,0,"model2_basis",FALSE,FALSE,"Data ends with 1 years without positive observations."
29,1730,"Bergeend","Common Shelduck",2008,1997,"index_100 = eerste analysejaar vanaf eerste positieve jaar",0.00321135724122306,0.100252161664362,0.321135724122306,"model2_basis",FALSE,FALSE,"Data ends with 1 years without positive observations."
29,1730,"Bergeend","Common Shelduck",2009,1997,"index_100 = eerste analysejaar vanaf eerste positieve jaar",0.0833333333333333,0.0976770754736345,8.33333333333333,"model2_basis",FALSE,FALSE,"Data ends with 1 years without positive observations."
29,1730,"Bergeend","Common Shelduck",2010,1997,"index_100 = eerste analysejaar vanaf eerste positieve jaar",0.169207471085254,0.0955519142052735,16.9207471085254,"model2_basis",FALSE,FALSE,"Data ends with 1 years without positive observations."
29,1730,"Bergeend","Common Shelduck",2011,1997,"index_100 = eerste analysejaar vanaf eerste positieve jaar",0.0833333333333333,0.088649506451551,8.33333333333333,"model2_basis",FALSE,FALSE,"Data ends with 1 years without positive observations."
29,1730,"Bergeend","Common Shelduck",2012,1997,"index_100 = eerste analysejaar vanaf eerste positieve jaar",0.0833333333333333,0.0844696727331245,8.33333333333333,"model2_basis",FALSE,FALSE,"Data ends with 1 years without positive observations."
29,1730,"Bergeend","Common Shelduck",2013,1997,"index_100 = eerste analysejaar vanaf eerste positieve jaar",0.00369535652378854,0.0773931397652912,0.369535652378854,"model2_basis",FALSE,FALSE,"Data ends with 1 years without positive observations."
29,1730,"Bergeend","Common Shelduck",2014,1997,"index_100 = eerste analysejaar vanaf eerste positieve jaar",0.00334559258045741,0.073653311042666,0.334559258045741,"model2_basis",FALSE,FALSE,"Data ends with 1 years without positive observations."
29,1730,"Bergeend","Common Shelduck",2015,1997,"index_100 = eerste analysejaar vanaf eerste positieve jaar",0,0.0716681449773344,0,"model2_basis",FALSE,FALSE,"Data ends with 1 years without positive observations."
29,1730,"Bergeend","Common Shelduck",2016,1997,"index_100 = eerste analysejaar vanaf eerste positieve jaar",0,0.0681921710228584,0,"model2_basis",FALSE,FALSE,"Data ends with 1 years without positive observations."
29,1730,"Bergeend","Common Shelduck",2017,1997,"index_100 = eerste analysejaar vanaf eerste positieve jaar",0.166666666666667,0.0711646783849742,16.6666666666667,"model2_basis",FALSE,FALSE,"Data ends with 1 years without positive observations."
29,1730,"Bergeend","Common Shelduck",2018,1997,"index_100 = eerste analysejaar vanaf eerste positieve jaar",0.0833333333333333,0.0634440800442366,8.33333333333333,"model2_basis",FALSE,FALSE,"Data ends with 1 years without positive observations."
29,1730,"Bergeend","Common Shelduck",2019,1997,"index_100 = eerste analysejaar vanaf eerste positieve jaar",0.333333333333333,0.0828752037409456,33.3333333333333,"model2_basis",FALSE,FALSE,"Data ends with 1 years without positive observations."
29,1730,"Bergeend","Common Shelduck",2020,1997,"index_100 = eerste analysejaar vanaf eerste positieve jaar",0.0842733559646381,0.0572505695094655,8.42733559646381,"model2_basis",FALSE,FALSE,"Data ends with 1 years without positive observations."
29,1730,"Bergeend","Common Shelduck",2021,1997,"index_100 = eerste analysejaar vanaf eerste positieve jaar",0.166666666666667,0.0606865107113769,16.6666666666667,"model2_basis",FALSE,FALSE,"Data ends with 1 years without positive observations."
29,1730,"Bergeend","Common Shelduck",2022,1997,"index_100 = eerste analysejaar vanaf eerste positieve jaar",0.00143264056271272,0.0495743989447474,0.143264056271272,"model2_basis",FALSE,FALSE,"Data ends with 1 years without positive observations."
34,1820,"Krakeend","gadwall",1997,1997,"index_100 = eerste analysejaar vanaf eerste positieve jaar",1,0,100,"model3_overdisp",TRUE,FALSE,NA
34,1820,"Krakeend","gadwall",1998,1997,"index_100 = eerste analysejaar vanaf eerste positieve jaar",0.695652173913043,0.175293861269572,69.5652173913043,"model3_overdisp",TRUE,FALSE,NA
34,1820,"Krakeend","gadwall",1999,1997,"index_100 = eerste analysejaar vanaf eerste positieve jaar",0.934782608695652,0.217056925982526,93.4782608695652,"model3_overdisp",TRUE,FALSE,NA
34,1820,"Krakeend","gadwall",2000,1997,"index_100 = eerste analysejaar vanaf eerste positieve jaar",0.977822884260304,0.230176369870086,97.7822884260304,"model3_overdisp",TRUE,FALSE,NA
34,1820,"Krakeend","gadwall",2001,1997,"index_100 = eerste analysejaar vanaf eerste positieve jaar",1.08695652173913,0.243088848108274,108.695652173913,"model3_overdisp",TRUE,FALSE,NA
34,1820,"Krakeend","gadwall",2002,1997,"index_100 = eerste analysejaar vanaf eerste positieve jaar",1.34782608695652,0.287112525613351,134.782608695652,"model3_overdisp",TRUE,FALSE,NA
34,1820,"Krakeend","gadwall",2003,1997,"index_100 = eerste analysejaar vanaf eerste positieve jaar",0.956521739130435,0.22079641111565,95.6521739130435,"model3_overdisp",TRUE,FALSE,NA
34,1820,"Krakeend","gadwall",2004,1997,"index_100 = eerste analysejaar vanaf eerste positieve jaar",1.04347826086957,0.235683382507403,104.347826086957,"model3_overdisp",TRUE,FALSE,NA
34,1820,"Krakeend","gadwall",2005,1997,"index_100 = eerste analysejaar vanaf eerste positieve jaar",0.782608695652174,0.190634980173848,78.2608695652174,"model3_overdisp",TRUE,FALSE,NA
34,1820,"Krakeend","gadwall",2006,1997,"index_100 = eerste analysejaar vanaf eerste positieve jaar",0.847826086956522,0.202016193383168,84.7826086956522,"model3_overdisp",TRUE,FALSE,NA
34,1820,"Krakeend","gadwall",2007,1997,"index_100 = eerste analysejaar vanaf eerste positieve jaar",0.900024936122549,0.213091398089999,90.0024936122549,"model3_overdisp",TRUE,FALSE,NA
34,1820,"Krakeend","gadwall",2008,1997,"index_100 = eerste analysejaar vanaf eerste positieve jaar",0.82783987182341,0.201789629059706,82.783987182341,"model3_overdisp",TRUE,FALSE,NA
34,1820,"Krakeend","gadwall",2009,1997,"index_100 = eerste analysejaar vanaf eerste positieve jaar",1.23913043478261,0.268844067330403,123.913043478261,"model3_overdisp",TRUE,FALSE,NA
34,1820,"Krakeend","gadwall",2010,1997,"index_100 = eerste analysejaar vanaf eerste positieve jaar",0.652173913043478,0.167537426670695,65.2173913043478,"model3_overdisp",TRUE,FALSE,NA
34,1820,"Krakeend","gadwall",2011,1997,"index_100 = eerste analysejaar vanaf eerste positieve jaar",0.630434782608696,0.163634188729943,63.0434782608696,"model3_overdisp",TRUE,FALSE,NA
34,1820,"Krakeend","gadwall",2012,1997,"index_100 = eerste analysejaar vanaf eerste positieve jaar",0.579685449384995,0.162268575793332,57.9685449384995,"model3_overdisp",TRUE,FALSE,NA
34,1820,"Krakeend","gadwall",2013,1997,"index_100 = eerste analysejaar vanaf eerste positieve jaar",0.550935890138181,0.149870766955068,55.0935890138181,"model3_overdisp",TRUE,FALSE,NA
34,1820,"Krakeend","gadwall",2014,1997,"index_100 = eerste analysejaar vanaf eerste positieve jaar",0.683160503771345,0.173800797846847,68.3160503771345,"model3_overdisp",TRUE,FALSE,NA
34,1820,"Krakeend","gadwall",2015,1997,"index_100 = eerste analysejaar vanaf eerste positieve jaar",0.652173913043478,0.167537426670695,65.2173913043478,"model3_overdisp",TRUE,FALSE,NA
34,1820,"Krakeend","gadwall",2016,1997,"index_100 = eerste analysejaar vanaf eerste positieve jaar",0.760869565217391,0.186818959373948,76.0869565217391,"model3_overdisp",TRUE,FALSE,NA
34,1820,"Krakeend","gadwall",2017,1997,"index_100 = eerste analysejaar vanaf eerste positieve jaar",0.478260869565217,0.135709488552763,47.8260869565217,"model3_overdisp",TRUE,FALSE,NA
34,1820,"Krakeend","gadwall",2018,1997,"index_100 = eerste analysejaar vanaf eerste positieve jaar",0.434782608695652,0.127476867393724,43.4782608695652,"model3_overdisp",TRUE,FALSE,NA
34,1820,"Krakeend","gadwall",2019,1997,"index_100 = eerste analysejaar vanaf eerste positieve jaar",0.521739130434783,0.143813301979033,52.1739130434783,"model3_overdisp",TRUE,FALSE,NA
34,1820,"Krakeend","gadwall",2020,1997,"index_100 = eerste analysejaar vanaf eerste positieve jaar",0.695652173913043,0.175293861269572,69.5652173913043,"model3_overdisp",TRUE,FALSE,NA
34,1820,"Krakeend","gadwall",2021,1997,"index_100 = eerste analysejaar vanaf eerste positieve jaar",0.543478260869565,0.147823539110282,54.3478260869565,"model3_overdisp",TRUE,FALSE,NA
34,1820,"Krakeend","gadwall",2022,1997,"index_100 = eerste analysejaar vanaf eerste positieve jaar",0.682141570168266,0.173538216820469,68.2141570168266,"model3_overdisp",TRUE,FALSE,NA
35,1840,"Wintertaling","Teal",1997,1997,"index_100 = eerste analysejaar vanaf eerste positieve jaar",1,0,100,"model2_basis",FALSE,FALSE,"Data ends with 1 years without positive observations."
35,1840,"Wintertaling","Teal",1998,1997,"index_100 = eerste analysejaar vanaf eerste positieve jaar",1,1.33837479300171,100,"model2_basis",FALSE,FALSE,"Data ends with 1 years without positive observations."
35,1840,"Wintertaling","Teal",1999,1997,"index_100 = eerste analysejaar vanaf eerste positieve jaar",1,1.32532120134914,100,"model2_basis",FALSE,FALSE,"Data ends with 1 years without positive observations."
35,1840,"Wintertaling","Teal",2000,1997,"index_100 = eerste analysejaar vanaf eerste positieve jaar",0,0.899642706272907,0,"model2_basis",FALSE,FALSE,"Data ends with 1 years without positive observations."
35,1840,"Wintertaling","Teal",2001,1997,"index_100 = eerste analysejaar vanaf eerste positieve jaar",0,0.881638881091084,0,"model2_basis",FALSE,FALSE,"Data ends with 1 years without positive observations."
35,1840,"Wintertaling","Teal",2002,1997,"index_100 = eerste analysejaar vanaf eerste positieve jaar",0,0.863995351967817,0,"model2_basis",FALSE,FALSE,"Data ends with 1 years without positive observations."
35,1840,"Wintertaling","Teal",2003,1997,"index_100 = eerste analysejaar vanaf eerste positieve jaar",1,1.2769633686934,100,"model2_basis",FALSE,FALSE,"Data ends with 1 years without positive observations."
35,1840,"Wintertaling","Teal",2004,1997,"index_100 = eerste analysejaar vanaf eerste positieve jaar",0,0.829760484931386,0,"model2_basis",FALSE,FALSE,"Data ends with 1 years without positive observations."
35,1840,"Wintertaling","Teal",2005,1997,"index_100 = eerste analysejaar vanaf eerste positieve jaar",1,1.25496914348934,100,"model2_basis",FALSE,FALSE,"Data ends with 1 years without positive observations."
35,1840,"Wintertaling","Teal",2006,1997,"index_100 = eerste analysejaar vanaf eerste positieve jaar",0,0.796882136906699,0,"model2_basis",FALSE,FALSE,"Data ends with 1 years without positive observations."
35,1840,"Wintertaling","Teal",2007,1997,"index_100 = eerste analysejaar vanaf eerste positieve jaar",4,3.90249650978756,400,"model2_basis",FALSE,FALSE,"Data ends with 1 years without positive observations."
35,1840,"Wintertaling","Teal",2008,1997,"index_100 = eerste analysejaar vanaf eerste positieve jaar",1,1.22450821533821,100,"model2_basis",FALSE,FALSE,"Data ends with 1 years without positive observations."
35,1840,"Wintertaling","Teal",2009,1997,"index_100 = eerste analysejaar vanaf eerste positieve jaar",0,0.749991093331272,0,"model2_basis",FALSE,FALSE,"Data ends with 1 years without positive observations."
35,1840,"Wintertaling","Teal",2010,1997,"index_100 = eerste analysejaar vanaf eerste positieve jaar",1,1.20578811049377,100,"model2_basis",FALSE,FALSE,"Data ends with 1 years without positive observations."
35,1840,"Wintertaling","Teal",2011,1997,"index_100 = eerste analysejaar vanaf eerste positieve jaar",0,0.720273519851015,0,"model2_basis",FALSE,FALSE,"Data ends with 1 years without positive observations."
35,1840,"Wintertaling","Teal",2012,1997,"index_100 = eerste analysejaar vanaf eerste positieve jaar",0,0.705859265787625,0,"model2_basis",FALSE,FALSE,"Data ends with 1 years without positive observations."
35,1840,"Wintertaling","Teal",2013,1997,"index_100 = eerste analysejaar vanaf eerste positieve jaar",2,2.03307652785768,200,"model2_basis",FALSE,FALSE,"Data ends with 1 years without positive observations."
35,1840,"Wintertaling","Teal",2014,1997,"index_100 = eerste analysejaar vanaf eerste positieve jaar",1,1.17186244633135,100,"model2_basis",FALSE,FALSE,"Data ends with 1 years without positive observations."
35,1840,"Wintertaling","Teal",2015,1997,"index_100 = eerste analysejaar vanaf eerste positieve jaar",0,0.664324293352873,0,"model2_basis",FALSE,FALSE,"Data ends with 1 years without positive observations."
35,1840,"Wintertaling","Teal",2016,1997,"index_100 = eerste analysejaar vanaf eerste positieve jaar",0,0.651029706114887,0,"model2_basis",FALSE,FALSE,"Data ends with 1 years without positive observations."
35,1840,"Wintertaling","Teal",2017,1997,"index_100 = eerste analysejaar vanaf eerste positieve jaar",0,0.638001172747875,0,"model2_basis",FALSE,FALSE,"Data ends with 1 years without positive observations."
35,1840,"Wintertaling","Teal",2018,1997,"index_100 = eerste analysejaar vanaf eerste positieve jaar",0,0.625233368929916,0,"model2_basis",FALSE,FALSE,"Data ends with 1 years without positive observations."
35,1840,"Wintertaling","Teal",2019,1997,"index_100 = eerste analysejaar vanaf eerste positieve jaar",0,0.612721076890456,0,"model2_basis",FALSE,FALSE,"Data ends with 1 years without positive observations."
35,1840,"Wintertaling","Teal",2020,1997,"index_100 = eerste analysejaar vanaf eerste positieve jaar",0,0.600459183277986,0,"model2_basis",FALSE,FALSE,"Data ends with 1 years without positive observations."
35,1840,"Wintertaling","Teal",2021,1997,"index_100 = eerste analysejaar vanaf eerste positieve jaar",1,1.12249321911327,100,"model2_basis",FALSE,FALSE,"Data ends with 1 years without positive observations."
35,1840,"Wintertaling","Teal",2022,1997,"index_100 = eerste analysejaar vanaf eerste positieve jaar",0,0.576666647527063,0,"model2_basis",FALSE,FALSE,"Data ends with 1 years without positive observations."
36,1860,"Wilde Eend","mallard",1997,1997,"index_100 = eerste analysejaar vanaf eerste positieve jaar",1,0,100,"model3_overdisp",TRUE,FALSE,NA
36,1860,"Wilde Eend","mallard",1998,1997,"index_100 = eerste analysejaar vanaf eerste positieve jaar",0.821428571428571,0.144580628634249,82.1428571428571,"model3_overdisp",TRUE,FALSE,NA
36,1860,"Wilde Eend","mallard",1999,1997,"index_100 = eerste analysejaar vanaf eerste positieve jaar",1.01190476190476,0.168652453330556,101.190476190476,"model3_overdisp",TRUE,FALSE,NA
36,1860,"Wilde Eend","mallard",2000,1997,"index_100 = eerste analysejaar vanaf eerste positieve jaar",0.758862881709189,0.142070027368021,75.8862881709189,"model3_overdisp",TRUE,FALSE,NA
36,1860,"Wilde Eend","mallard",2001,1997,"index_100 = eerste analysejaar vanaf eerste positieve jaar",0.654761904761905,0.123034977116943,65.4761904761905,"model3_overdisp",TRUE,FALSE,NA
36,1860,"Wilde Eend","mallard",2002,1997,"index_100 = eerste analysejaar vanaf eerste positieve jaar",0.761904761904762,0.136949576198402,76.1904761904762,"model3_overdisp",TRUE,FALSE,NA
36,1860,"Wilde Eend","mallard",2003,1997,"index_100 = eerste analysejaar vanaf eerste positieve jaar",0.738095238095238,0.133878895441576,73.8095238095238,"model3_overdisp",TRUE,FALSE,NA
36,1860,"Wilde Eend","mallard",2004,1997,"index_100 = eerste analysejaar vanaf eerste positieve jaar",0.619047619047619,0.118334389335495,61.9047619047619,"model3_overdisp",TRUE,FALSE,NA
36,1860,"Wilde Eend","mallard",2005,1997,"index_100 = eerste analysejaar vanaf eerste positieve jaar",0.488095238095238,0.100736482649403,48.8095238095238,"model3_overdisp",TRUE,FALSE,NA
36,1860,"Wilde Eend","mallard",2006,1997,"index_100 = eerste analysejaar vanaf eerste positieve jaar",0.5,0.102364593395108,50,"model3_overdisp",TRUE,FALSE,NA
36,1860,"Wilde Eend","mallard",2007,1997,"index_100 = eerste analysejaar vanaf eerste positieve jaar",0.61256363451869,0.119357362006034,61.256363451869,"model3_overdisp",TRUE,FALSE,NA
36,1860,"Wilde Eend","mallard",2008,1997,"index_100 = eerste analysejaar vanaf eerste positieve jaar",0.604090334969875,0.119315314653269,60.4090334969875,"model3_overdisp",TRUE,FALSE,NA
36,1860,"Wilde Eend","mallard",2009,1997,"index_100 = eerste analysejaar vanaf eerste positieve jaar",0.738095238095238,0.133878895441576,73.8095238095238,"model3_overdisp",TRUE,FALSE,NA
36,1860,"Wilde Eend","mallard",2010,1997,"index_100 = eerste analysejaar vanaf eerste positieve jaar",0.679671930549527,0.126357282943045,67.9671930549527,"model3_overdisp",TRUE,FALSE,NA
36,1860,"Wilde Eend","mallard",2011,1997,"index_100 = eerste analysejaar vanaf eerste positieve jaar",0.55952380952381,0.110414071507331,55.952380952381,"model3_overdisp",TRUE,FALSE,NA
36,1860,"Wilde Eend","mallard",2012,1997,"index_100 = eerste analysejaar vanaf eerste positieve jaar",0.784896163839597,0.143184733642203,78.4896163839597,"model3_overdisp",TRUE,FALSE,NA
36,1860,"Wilde Eend","mallard",2013,1997,"index_100 = eerste analysejaar vanaf eerste positieve jaar",0.69799553406792,0.131265128131655,69.799553406792,"model3_overdisp",TRUE,FALSE,NA
36,1860,"Wilde Eend","mallard",2014,1997,"index_100 = eerste analysejaar vanaf eerste positieve jaar",0.456869804117184,0.0986546455170614,45.6869804117184,"model3_overdisp",TRUE,FALSE,NA
36,1860,"Wilde Eend","mallard",2015,1997,"index_100 = eerste analysejaar vanaf eerste positieve jaar",0.69047619047619,0.127702093480649,69.047619047619,"model3_overdisp",TRUE,FALSE,NA
36,1860,"Wilde Eend","mallard",2016,1997,"index_100 = eerste analysejaar vanaf eerste positieve jaar",0.5,0.102364593395108,50,"model3_overdisp",TRUE,FALSE,NA
36,1860,"Wilde Eend","mallard",2017,1997,"index_100 = eerste analysejaar vanaf eerste positieve jaar",0.571428571428571,0.112007584675351,57.1428571428571,"model3_overdisp",TRUE,FALSE,NA
36,1860,"Wilde Eend","mallard",2018,1997,"index_100 = eerste analysejaar vanaf eerste positieve jaar",0.476190476190476,0.0991016045504271,47.6190476190476,"model3_overdisp",TRUE,FALSE,NA
36,1860,"Wilde Eend","mallard",2019,1997,"index_100 = eerste analysejaar vanaf eerste positieve jaar",0.464285714285714,0.0974596185331794,46.4285714285714,"model3_overdisp",TRUE,FALSE,NA
36,1860,"Wilde Eend","mallard",2020,1997,"index_100 = eerste analysejaar vanaf eerste positieve jaar",0.798912620119619,0.14176862082212,79.8912620119619,"model3_overdisp",TRUE,FALSE,NA
36,1860,"Wilde Eend","mallard",2021,1997,"index_100 = eerste analysejaar vanaf eerste positieve jaar",0.738095238095238,0.133878895441576,73.8095238095238,"model3_overdisp",TRUE,FALSE,NA
36,1860,"Wilde Eend","mallard",2022,1997,"index_100 = eerste analysejaar vanaf eerste positieve jaar",0.611056865050048,0.117520647372761,61.1056865050048,"model3_overdisp",TRUE,FALSE,NA
37,1869,"Soepeend","hybrid duck",1997,1997,"index_100 = eerste analysejaar vanaf eerste positieve jaar",1,0,100,"model2_basis",FALSE,FALSE,NA
37,1869,"Soepeend","hybrid duck",1998,1997,"index_100 = eerste analysejaar vanaf eerste positieve jaar",1,0.650150941263984,100,"model2_basis",FALSE,FALSE,NA
37,1869,"Soepeend","hybrid duck",1999,1997,"index_100 = eerste analysejaar vanaf eerste positieve jaar",1.5,0.825226632151463,150,"model2_basis",FALSE,FALSE,NA
37,1869,"Soepeend","hybrid duck",2000,1997,"index_100 = eerste analysejaar vanaf eerste positieve jaar",0.865834520540813,0.539694503060099,86.5834520540813,"model2_basis",FALSE,FALSE,NA
37,1869,"Soepeend","hybrid duck",2001,1997,"index_100 = eerste analysejaar vanaf eerste positieve jaar",0.833333333333333,0.55059518976135,83.3333333333333,"model2_basis",FALSE,FALSE,NA
37,1869,"Soepeend","hybrid duck",2002,1997,"index_100 = eerste analysejaar vanaf eerste positieve jaar",1.33333333333333,0.727584388392324,133.333333333333,"model2_basis",FALSE,FALSE,NA
37,1869,"Soepeend","hybrid duck",2003,1997,"index_100 = eerste analysejaar vanaf eerste positieve jaar",0.666666666666667,0.469928933003206,66.6666666666667,"model2_basis",FALSE,FALSE,NA
37,1869,"Soepeend","hybrid duck",2004,1997,"index_100 = eerste analysejaar vanaf eerste positieve jaar",1.16666666666667,0.642358563668685,116.666666666667,"model2_basis",FALSE,FALSE,NA
37,1869,"Soepeend","hybrid duck",2005,1997,"index_100 = eerste analysejaar vanaf eerste positieve jaar",0.666666666666667,0.44588114632536,66.6666666666667,"model2_basis",FALSE,FALSE,NA
37,1869,"Soepeend","hybrid duck",2006,1997,"index_100 = eerste analysejaar vanaf eerste positieve jaar",0.333333333333333,0.33968971515069,33.3333333333333,"model2_basis",FALSE,FALSE,NA
37,1869,"Soepeend","hybrid duck",2007,1997,"index_100 = eerste analysejaar vanaf eerste positieve jaar",0.840457951818935,0.48743160895037,84.0457951818935,"model2_basis",FALSE,FALSE,NA
37,1869,"Soepeend","hybrid duck",2008,1997,"index_100 = eerste analysejaar vanaf eerste positieve jaar",0.0835250131975814,0.250363967261581,8.35250131975814,"model2_basis",FALSE,FALSE,NA
37,1869,"Soepeend","hybrid duck",2009,1997,"index_100 = eerste analysejaar vanaf eerste positieve jaar",0.333333333333333,0.303326391402929,33.3333333333333,"model2_basis",FALSE,FALSE,NA
37,1869,"Soepeend","hybrid duck",2010,1997,"index_100 = eerste analysejaar vanaf eerste positieve jaar",0,0.24696072749642,0,"model2_basis",FALSE,FALSE,NA
37,1869,"Soepeend","hybrid duck",2011,1997,"index_100 = eerste analysejaar vanaf eerste positieve jaar",0.5,0.332688761420139,50,"model2_basis",FALSE,FALSE,NA
37,1869,"Soepeend","hybrid duck",2012,1997,"index_100 = eerste analysejaar vanaf eerste positieve jaar",0.388396793541881,0.274475268931916,38.8396793541881,"model2_basis",FALSE,FALSE,NA
37,1869,"Soepeend","hybrid duck",2013,1997,"index_100 = eerste analysejaar vanaf eerste positieve jaar",0.166666666666667,0.226794637924715,16.6666666666667,"model2_basis",FALSE,FALSE,NA
37,1869,"Soepeend","hybrid duck",2014,1997,"index_100 = eerste analysejaar vanaf eerste positieve jaar",0,0.202467227266131,0,"model2_basis",FALSE,FALSE,NA
37,1869,"Soepeend","hybrid duck",2015,1997,"index_100 = eerste analysejaar vanaf eerste positieve jaar",0,0.192657732820579,0,"model2_basis",FALSE,FALSE,NA
37,1869,"Soepeend","hybrid duck",2016,1997,"index_100 = eerste analysejaar vanaf eerste positieve jaar",0,0.183323506311357,0,"model2_basis",FALSE,FALSE,NA
37,1869,"Soepeend","hybrid duck",2017,1997,"index_100 = eerste analysejaar vanaf eerste positieve jaar",0,0.17444152110722,0,"model2_basis",FALSE,FALSE,NA
37,1869,"Soepeend","hybrid duck",2018,1997,"index_100 = eerste analysejaar vanaf eerste positieve jaar",0.166666666666667,0.183615731871615,16.6666666666667,"model2_basis",FALSE,FALSE,NA
37,1869,"Soepeend","hybrid duck",2019,1997,"index_100 = eerste analysejaar vanaf eerste positieve jaar",0,0.157947692214047,0,"model2_basis",FALSE,FALSE,NA
37,1869,"Soepeend","hybrid duck",2020,1997,"index_100 = eerste analysejaar vanaf eerste positieve jaar",0.666666666666667,0.348112418570498,66.6666666666667,"model2_basis",FALSE,FALSE,NA
37,1869,"Soepeend","hybrid duck",2021,1997,"index_100 = eerste analysejaar vanaf eerste positieve jaar",0.333333333333333,0.212370514068171,33.3333333333333,"model2_basis",FALSE,FALSE,NA
37,1869,"Soepeend","hybrid duck",2022,1997,"index_100 = eerste analysejaar vanaf eerste positieve jaar",0.168102037758708,0.15684296216503,16.8102037758708,"model2_basis",FALSE,FALSE,NA
39,1910,"Zomertaling","Garganey",2003,2003,"index_100 = eerste analysejaar vanaf eerste positieve jaar",1,0,100,"model2_basis",FALSE,FALSE,"Data ends with 10 years without positive observations."
39,1910,"Zomertaling","Garganey",2004,2003,"index_100 = eerste analysejaar vanaf eerste positieve jaar",0,0.622744198160367,0,"model2_basis",FALSE,FALSE,"Data ends with 10 years without positive observations."
39,1910,"Zomertaling","Garganey",2005,2003,"index_100 = eerste analysejaar vanaf eerste positieve jaar",0,0.576025409507232,0,"model2_basis",FALSE,FALSE,"Data ends with 10 years without positive observations."
39,1910,"Zomertaling","Garganey",2006,2003,"index_100 = eerste analysejaar vanaf eerste positieve jaar",0,0.532811503307701,0,"model2_basis",FALSE,FALSE,"Data ends with 10 years without positive observations."
39,1910,"Zomertaling","Garganey",2007,2003,"index_100 = eerste analysejaar vanaf eerste positieve jaar",0,0.492839540359631,0,"model2_basis",FALSE,FALSE,"Data ends with 10 years without positive observations."
39,1910,"Zomertaling","Garganey",2008,2003,"index_100 = eerste analysejaar vanaf eerste positieve jaar",0,0.455866307378918,0,"model2_basis",FALSE,FALSE,"Data ends with 10 years without positive observations."
39,1910,"Zomertaling","Garganey",2009,2003,"index_100 = eerste analysejaar vanaf eerste positieve jaar",1,0.79439999864163,100,"model2_basis",FALSE,FALSE,"Data ends with 10 years without positive observations."
39,1910,"Zomertaling","Garganey",2010,2003,"index_100 = eerste analysejaar vanaf eerste positieve jaar",0,0.390033039664455,0,"model2_basis",FALSE,FALSE,"Data ends with 10 years without positive observations."
39,1910,"Zomertaling","Garganey",2011,2003,"index_100 = eerste analysejaar vanaf eerste positieve jaar",0,0.360772436030327,0,"model2_basis",FALSE,FALSE,"Data ends with 10 years without positive observations."
39,1910,"Zomertaling","Garganey",2012,2003,"index_100 = eerste analysejaar vanaf eerste positieve jaar",1,0.751417852890133,100,"model2_basis",FALSE,FALSE,"Data ends with 10 years without positive observations."
39,1910,"Zomertaling","Garganey",2013,2003,"index_100 = eerste analysejaar vanaf eerste positieve jaar",0,0.30867201101374,0,"model2_basis",FALSE,FALSE,"Data ends with 10 years without positive observations."
39,1910,"Zomertaling","Garganey",2014,2003,"index_100 = eerste analysejaar vanaf eerste positieve jaar",0,0.285515179543789,0,"model2_basis",FALSE,FALSE,"Data ends with 10 years without positive observations."
39,1910,"Zomertaling","Garganey",2015,2003,"index_100 = eerste analysejaar vanaf eerste positieve jaar",0,0.26409559286635,0,"model2_basis",FALSE,FALSE,"Data ends with 10 years without positive observations."
39,1910,"Zomertaling","Garganey",2016,2003,"index_100 = eerste analysejaar vanaf eerste positieve jaar",0,0.244282921429514,0,"model2_basis",FALSE,FALSE,"Data ends with 10 years without positive observations."
39,1910,"Zomertaling","Garganey",2017,2003,"index_100 = eerste analysejaar vanaf eerste positieve jaar",0,0.225956613112953,0,"model2_basis",FALSE,FALSE,"Data ends with 10 years without positive observations."
39,1910,"Zomertaling","Garganey",2018,2003,"index_100 = eerste analysejaar vanaf eerste positieve jaar",0,0.209005159716861,0,"model2_basis",FALSE,FALSE,"Data ends with 10 years without positive observations."
39,1910,"Zomertaling","Garganey",2019,2003,"index_100 = eerste analysejaar vanaf eerste positieve jaar",0,0.193325418479493,0,"model2_basis",FALSE,FALSE,"Data ends with 10 years without positive observations."
39,1910,"Zomertaling","Garganey",2020,2003,"index_100 = eerste analysejaar vanaf eerste positieve jaar",0,0.178821984495036,0,"model2_basis",FALSE,FALSE,"Data ends with 10 years without positive observations."
39,1910,"Zomertaling","Garganey",2021,2003,"index_100 = eerste analysejaar vanaf eerste positieve jaar",0,0.165406610213208,0,"model2_basis",FALSE,FALSE,"Data ends with 10 years without positive observations."
39,1910,"Zomertaling","Garganey",2022,2003,"index_100 = eerste analysejaar vanaf eerste positieve jaar",0,0.152997668488484,0,"model2_basis",FALSE,FALSE,"Data ends with 10 years without positive observations."
40,1940,"Slobeend","shoveler",1997,1997,"index_100 = eerste analysejaar vanaf eerste positieve jaar",1,0,100,"model2_basis",FALSE,FALSE,NA
40,1940,"Slobeend","shoveler",1998,1997,"index_100 = eerste analysejaar vanaf eerste positieve jaar",1,0.657488564972508,100,"model2_basis",FALSE,FALSE,NA
40,1940,"Slobeend","shoveler",1999,1997,"index_100 = eerste analysejaar vanaf eerste positieve jaar",2,1.04059016760504,200,"model2_basis",FALSE,FALSE,NA
40,1940,"Slobeend","shoveler",2000,1997,"index_100 = eerste analysejaar vanaf eerste positieve jaar",0.448881858390579,0.449531488511524,44.8881858390579,"model2_basis",FALSE,FALSE,NA
40,1940,"Slobeend","shoveler",2001,1997,"index_100 = eerste analysejaar vanaf eerste positieve jaar",1.75,0.933040546052583,175,"model2_basis",FALSE,FALSE,NA
40,1940,"Slobeend","shoveler",2002,1997,"index_100 = eerste analysejaar vanaf eerste positieve jaar",2,1.03505666123986,200,"model2_basis",FALSE,FALSE,NA
40,1940,"Slobeend","shoveler",2003,1997,"index_100 = eerste analysejaar vanaf eerste positieve jaar",0.25,0.456737772007366,25,"model2_basis",FALSE,FALSE,NA
40,1940,"Slobeend","shoveler",2004,1997,"index_100 = eerste analysejaar vanaf eerste positieve jaar",0.25,0.452758799059686,25,"model2_basis",FALSE,FALSE,NA
40,1940,"Slobeend","shoveler",2005,1997,"index_100 = eerste analysejaar vanaf eerste positieve jaar",0,0.433362656808104,0,"model2_basis",FALSE,FALSE,NA
40,1940,"Slobeend","shoveler",2006,1997,"index_100 = eerste analysejaar vanaf eerste positieve jaar",0,0.429322048204022,0,"model2_basis",FALSE,FALSE,NA
40,1940,"Slobeend","shoveler",2007,1997,"index_100 = eerste analysejaar vanaf eerste positieve jaar",0.0327284933672164,0.416294554763825,3.27284933672164,"model2_basis",FALSE,FALSE,NA
40,1940,"Slobeend","shoveler",2008,1997,"index_100 = eerste analysejaar vanaf eerste positieve jaar",0.139078471648373,0.384580094947619,13.9078471648373,"model2_basis",FALSE,FALSE,NA
40,1940,"Slobeend","shoveler",2009,1997,"index_100 = eerste analysejaar vanaf eerste positieve jaar",0.5,0.478315894991266,50,"model2_basis",FALSE,FALSE,NA
40,1940,"Slobeend","shoveler",2010,1997,"index_100 = eerste analysejaar vanaf eerste positieve jaar",0,0.413532857766356,0,"model2_basis",FALSE,FALSE,NA
40,1940,"Slobeend","shoveler",2011,1997,"index_100 = eerste analysejaar vanaf eerste positieve jaar",0,0.409677139243056,0,"model2_basis",FALSE,FALSE,NA
40,1940,"Slobeend","shoveler",2012,1997,"index_100 = eerste analysejaar vanaf eerste positieve jaar",0.259428079657252,0.420903373038525,25.9428079657252,"model2_basis",FALSE,FALSE,NA
40,1940,"Slobeend","shoveler",2013,1997,"index_100 = eerste analysejaar vanaf eerste positieve jaar",1.75,0.910938773221167,175,"model2_basis",FALSE,FALSE,NA
40,1940,"Slobeend","shoveler",2014,1997,"index_100 = eerste analysejaar vanaf eerste positieve jaar",0.5,0.461741121172766,50,"model2_basis",FALSE,FALSE,NA
40,1940,"Slobeend","shoveler",2015,1997,"index_100 = eerste analysejaar vanaf eerste positieve jaar",1,0.61146357398335,100,"model2_basis",FALSE,FALSE,NA
40,1940,"Slobeend","shoveler",2016,1997,"index_100 = eerste analysejaar vanaf eerste positieve jaar",1.5,0.802315621465211,150,"model2_basis",FALSE,FALSE,NA
40,1940,"Slobeend","shoveler",2017,1997,"index_100 = eerste analysejaar vanaf eerste positieve jaar",0.25,0.404507370353505,25,"model2_basis",FALSE,FALSE,NA
40,1940,"Slobeend","shoveler",2018,1997,"index_100 = eerste analysejaar vanaf eerste positieve jaar",0.25,0.40105145894619,25,"model2_basis",FALSE,FALSE,NA
40,1940,"Slobeend","shoveler",2019,1997,"index_100 = eerste analysejaar vanaf eerste positieve jaar",1,0.60219985974322,100,"model2_basis",FALSE,FALSE,NA
40,1940,"Slobeend","shoveler",2020,1997,"index_100 = eerste analysejaar vanaf eerste positieve jaar",0.25,0.394244150159152,25,"model2_basis",FALSE,FALSE,NA
40,1940,"Slobeend","shoveler",2021,1997,"index_100 = eerste analysejaar vanaf eerste positieve jaar",1.75,0.898502976464247,175,"model2_basis",FALSE,FALSE,NA
40,1940,"Slobeend","shoveler",2022,1997,"index_100 = eerste analysejaar vanaf eerste positieve jaar",0.25,0.387574162550997,25,"model2_basis",FALSE,FALSE,NA
41,1960,"Krooneend","red-crested pochard",1998,1998,"index_100 = eerste analysejaar vanaf eerste positieve jaar",1,0,100,"model2_basis",FALSE,FALSE,NA
41,1960,"Krooneend","red-crested pochard",1999,1998,"index_100 = eerste analysejaar vanaf eerste positieve jaar",2,4.7610327769005,200,"model2_basis",FALSE,FALSE,NA
41,1960,"Krooneend","red-crested pochard",2000,1998,"index_100 = eerste analysejaar vanaf eerste positieve jaar",0.876984528000683,2.85003251790118,87.6984528000683,"model2_basis",FALSE,FALSE,NA
41,1960,"Krooneend","red-crested pochard",2001,1998,"index_100 = eerste analysejaar vanaf eerste positieve jaar",1,3.27112313534981,100,"model2_basis",FALSE,FALSE,NA
41,1960,"Krooneend","red-crested pochard",2002,1998,"index_100 = eerste analysejaar vanaf eerste positieve jaar",2,4.97478156625688,200,"model2_basis",FALSE,FALSE,NA
41,1960,"Krooneend","red-crested pochard",2003,1998,"index_100 = eerste analysejaar vanaf eerste positieve jaar",3,6.90947007838609,300,"model2_basis",FALSE,FALSE,NA
41,1960,"Krooneend","red-crested pochard",2004,1998,"index_100 = eerste analysejaar vanaf eerste positieve jaar",0,2.98387695005831,0,"model2_basis",FALSE,FALSE,NA
41,1960,"Krooneend","red-crested pochard",2005,1998,"index_100 = eerste analysejaar vanaf eerste positieve jaar",3,7.05840848709279,300,"model2_basis",FALSE,FALSE,NA
41,1960,"Krooneend","red-crested pochard",2006,1998,"index_100 = eerste analysejaar vanaf eerste positieve jaar",3,7.14548416950207,300,"model2_basis",FALSE,FALSE,NA
41,1960,"Krooneend","red-crested pochard",2007,1998,"index_100 = eerste analysejaar vanaf eerste positieve jaar",19.3139863271254,40.7412673098008,1931.39863271254,"model2_basis",FALSE,FALSE,NA
41,1960,"Krooneend","red-crested pochard",2008,1998,"index_100 = eerste analysejaar vanaf eerste positieve jaar",19.7518728662708,41.6952612216263,1975.18728662708,"model2_basis",FALSE,FALSE,NA
41,1960,"Krooneend","red-crested pochard",2009,1998,"index_100 = eerste analysejaar vanaf eerste positieve jaar",22,46.4457755454058,2200,"model2_basis",FALSE,FALSE,NA
41,1960,"Krooneend","red-crested pochard",2010,1998,"index_100 = eerste analysejaar vanaf eerste positieve jaar",34,71.6392005582561,3400,"model2_basis",FALSE,FALSE,NA
41,1960,"Krooneend","red-crested pochard",2011,1998,"index_100 = eerste analysejaar vanaf eerste positieve jaar",48,101.060646017441,4800,"model2_basis",FALSE,FALSE,NA
41,1960,"Krooneend","red-crested pochard",2012,1998,"index_100 = eerste analysejaar vanaf eerste positieve jaar",31.8654937011968,67.1788775048977,3186.54937011968,"model2_basis",FALSE,FALSE,NA
41,1960,"Krooneend","red-crested pochard",2013,1998,"index_100 = eerste analysejaar vanaf eerste positieve jaar",39,82.1855934598996,3900,"model2_basis",FALSE,FALSE,NA
41,1960,"Krooneend","red-crested pochard",2014,1998,"index_100 = eerste analysejaar vanaf eerste positieve jaar",33,69.616120644851,3300,"model2_basis",FALSE,FALSE,NA
41,1960,"Krooneend","red-crested pochard",2015,1998,"index_100 = eerste analysejaar vanaf eerste positieve jaar",34,71.7380643961466,3400,"model2_basis",FALSE,FALSE,NA
41,1960,"Krooneend","red-crested pochard",2016,1998,"index_100 = eerste analysejaar vanaf eerste positieve jaar",46,96.9404512757568,4600,"model2_basis",FALSE,FALSE,NA
41,1960,"Krooneend","red-crested pochard",2017,1998,"index_100 = eerste analysejaar vanaf eerste positieve jaar",44,92.7662207400012,4400,"model2_basis",FALSE,FALSE,NA
41,1960,"Krooneend","red-crested pochard",2018,1998,"index_100 = eerste analysejaar vanaf eerste positieve jaar",32,67.6446904107439,3200,"model2_basis",FALSE,FALSE,NA
41,1960,"Krooneend","red-crested pochard",2019,1998,"index_100 = eerste analysejaar vanaf eerste positieve jaar",41,86.5336049600756,4100,"model2_basis",FALSE,FALSE,NA
41,1960,"Krooneend","red-crested pochard",2020,1998,"index_100 = eerste analysejaar vanaf eerste positieve jaar",36,76.099354369617,3600,"model2_basis",FALSE,FALSE,NA
41,1960,"Krooneend","red-crested pochard",2021,1998,"index_100 = eerste analysejaar vanaf eerste positieve jaar",66,139.053789349714,6600,"model2_basis",FALSE,FALSE,NA
41,1960,"Krooneend","red-crested pochard",2022,1998,"index_100 = eerste analysejaar vanaf eerste positieve jaar",62,130.685895718978,6200,"model2_basis",FALSE,FALSE,NA
42,1980,"Tafeleend","pochard",1997,1997,"index_100 = eerste analysejaar vanaf eerste positieve jaar",1,0,100,"model3_overdisp",TRUE,FALSE,NA
42,1980,"Tafeleend","pochard",1998,1997,"index_100 = eerste analysejaar vanaf eerste positieve jaar",1.29411764705882,0.283818140996003,129.411764705882,"model3_overdisp",TRUE,FALSE,NA
42,1980,"Tafeleend","pochard",1999,1997,"index_100 = eerste analysejaar vanaf eerste positieve jaar",1.11764705882353,0.253410472129784,111.764705882353,"model3_overdisp",TRUE,FALSE,NA
42,1980,"Tafeleend","pochard",2000,1997,"index_100 = eerste analysejaar vanaf eerste positieve jaar",1.08031678673819,0.253966530618424,108.031678673819,"model3_overdisp",TRUE,FALSE,NA
42,1980,"Tafeleend","pochard",2001,1997,"index_100 = eerste analysejaar vanaf eerste positieve jaar",1.19117647058824,0.266116718498834,119.117647058824,"model3_overdisp",TRUE,FALSE,NA
42,1980,"Tafeleend","pochard",2002,1997,"index_100 = eerste analysejaar vanaf eerste positieve jaar",0.985294117647059,0.230377892723159,98.5294117647059,"model3_overdisp",TRUE,FALSE,NA
42,1980,"Tafeleend","pochard",2003,1997,"index_100 = eerste analysejaar vanaf eerste positieve jaar",0.86764705882353,0.209683560343784,86.7647058823529,"model3_overdisp",TRUE,FALSE,NA
42,1980,"Tafeleend","pochard",2004,1997,"index_100 = eerste analysejaar vanaf eerste positieve jaar",0.955882352941176,0.225226254529755,95.5882352941176,"model3_overdisp",TRUE,FALSE,NA
42,1980,"Tafeleend","pochard",2005,1997,"index_100 = eerste analysejaar vanaf eerste positieve jaar",0.397058823529412,0.122681817289152,39.7058823529412,"model3_overdisp",TRUE,FALSE,NA
42,1980,"Tafeleend","pochard",2006,1997,"index_100 = eerste analysejaar vanaf eerste positieve jaar",0.573529411764706,0.156480674053174,57.3529411764706,"model3_overdisp",TRUE,FALSE,NA
42,1980,"Tafeleend","pochard",2007,1997,"index_100 = eerste analysejaar vanaf eerste positieve jaar",0.725319357250573,0.186994897993005,72.5319357250573,"model3_overdisp",TRUE,FALSE,NA
42,1980,"Tafeleend","pochard",2008,1997,"index_100 = eerste analysejaar vanaf eerste positieve jaar",0.637694113077073,0.171376664959297,63.7694113077073,"model3_overdisp",TRUE,FALSE,NA
42,1980,"Tafeleend","pochard",2009,1997,"index_100 = eerste analysejaar vanaf eerste positieve jaar",0.647058823529412,0.170048131965854,64.7058823529412,"model3_overdisp",TRUE,FALSE,NA
42,1980,"Tafeleend","pochard",2010,1997,"index_100 = eerste analysejaar vanaf eerste positieve jaar",0.63235294117647,0.167352511009628,63.2352941176471,"model3_overdisp",TRUE,FALSE,NA
42,1980,"Tafeleend","pochard",2011,1997,"index_100 = eerste analysejaar vanaf eerste positieve jaar",0.602941176470588,0.161935360775283,60.2941176470588,"model3_overdisp",TRUE,FALSE,NA
42,1980,"Tafeleend","pochard",2012,1997,"index_100 = eerste analysejaar vanaf eerste positieve jaar",0.598698313197913,0.166289467708537,59.8698313197913,"model3_overdisp",TRUE,FALSE,NA
42,1980,"Tafeleend","pochard",2013,1997,"index_100 = eerste analysejaar vanaf eerste positieve jaar",0.529844244792352,0.148341435505262,52.9844244792352,"model3_overdisp",TRUE,FALSE,NA
42,1980,"Tafeleend","pochard",2014,1997,"index_100 = eerste analysejaar vanaf eerste positieve jaar",0.441536870660293,0.131452190768543,44.1536870660293,"model3_overdisp",TRUE,FALSE,NA
42,1980,"Tafeleend","pochard",2015,1997,"index_100 = eerste analysejaar vanaf eerste positieve jaar",0.588235294117647,0.159212949980406,58.8235294117647,"model3_overdisp",TRUE,FALSE,NA
42,1980,"Tafeleend","pochard",2016,1997,"index_100 = eerste analysejaar vanaf eerste positieve jaar",0.514705882352941,0.145441769726336,51.4705882352941,"model3_overdisp",TRUE,FALSE,NA
42,1980,"Tafeleend","pochard",2017,1997,"index_100 = eerste analysejaar vanaf eerste positieve jaar",0.5,0.142651407230887,50,"model3_overdisp",TRUE,FALSE,NA
42,1980,"Tafeleend","pochard",2018,1997,"index_100 = eerste analysejaar vanaf eerste positieve jaar",0.647058823529412,0.170048131965854,64.7058823529412,"model3_overdisp",TRUE,FALSE,NA
42,1980,"Tafeleend","pochard",2019,1997,"index_100 = eerste analysejaar vanaf eerste positieve jaar",0.514705882352941,0.145441769726336,51.4705882352941,"model3_overdisp",TRUE,FALSE,NA
42,1980,"Tafeleend","pochard",2020,1997,"index_100 = eerste analysejaar vanaf eerste positieve jaar",0.588235294117647,0.159212949980406,58.8235294117647,"model3_overdisp",TRUE,FALSE,NA
42,1980,"Tafeleend","pochard",2021,1997,"index_100 = eerste analysejaar vanaf eerste positieve jaar",0.647058823529412,0.170048131965854,64.7058823529412,"model3_overdisp",TRUE,FALSE,NA
42,1980,"Tafeleend","pochard",2022,1997,"index_100 = eerste analysejaar vanaf eerste positieve jaar",0.70988035363685,0.181788666995716,70.988035363685,"model3_overdisp",TRUE,FALSE,NA
44,2030,"Kuifeend","tufted duck",1997,1997,"index_100 = eerste analysejaar vanaf eerste positieve jaar",1,0,100,"model3_overdisp",TRUE,FALSE,NA
44,2030,"Kuifeend","tufted duck",1998,1997,"index_100 = eerste analysejaar vanaf eerste positieve jaar",0.835820895522388,0.162332147489631,83.5820895522388,"model3_overdisp",TRUE,FALSE,NA
44,2030,"Kuifeend","tufted duck",1999,1997,"index_100 = eerste analysejaar vanaf eerste positieve jaar",1.05223880597015,0.192576758519237,105.223880597015,"model3_overdisp",TRUE,FALSE,NA
44,2030,"Kuifeend","tufted duck",2000,1997,"index_100 = eerste analysejaar vanaf eerste positieve jaar",1.02887425279109,0.197081070414513,102.887425279109,"model3_overdisp",TRUE,FALSE,NA
44,2030,"Kuifeend","tufted duck",2001,1997,"index_100 = eerste analysejaar vanaf eerste positieve jaar",0.955223880597015,0.179095057007748,95.5223880597015,"model3_overdisp",TRUE,FALSE,NA
44,2030,"Kuifeend","tufted duck",2002,1997,"index_100 = eerste analysejaar vanaf eerste positieve jaar",0.865671641791045,0.16654322415546,86.5671641791045,"model3_overdisp",TRUE,FALSE,NA
44,2030,"Kuifeend","tufted duck",2003,1997,"index_100 = eerste analysejaar vanaf eerste positieve jaar",0.798507462686567,0.15704654238972,79.8507462686567,"model3_overdisp",TRUE,FALSE,NA
44,2030,"Kuifeend","tufted duck",2004,1997,"index_100 = eerste analysejaar vanaf eerste positieve jaar",0.686567164179104,0.141018503736639,68.6567164179104,"model3_overdisp",TRUE,FALSE,NA
44,2030,"Kuifeend","tufted duck",2005,1997,"index_100 = eerste analysejaar vanaf eerste positieve jaar",0.58955223880597,0.126861930654474,58.955223880597,"model3_overdisp",TRUE,FALSE,NA
44,2030,"Kuifeend","tufted duck",2006,1997,"index_100 = eerste analysejaar vanaf eerste positieve jaar",0.634328358208955,0.133431844439808,63.4328358208955,"model3_overdisp",TRUE,FALSE,NA
44,2030,"Kuifeend","tufted duck",2007,1997,"index_100 = eerste analysejaar vanaf eerste positieve jaar",0.850789038693746,0.167490565393977,85.0789038693746,"model3_overdisp",TRUE,FALSE,NA
44,2030,"Kuifeend","tufted duck",2008,1997,"index_100 = eerste analysejaar vanaf eerste positieve jaar",0.669923271601309,0.142099678504795,66.9923271601309,"model3_overdisp",TRUE,FALSE,NA
44,2030,"Kuifeend","tufted duck",2009,1997,"index_100 = eerste analysejaar vanaf eerste positieve jaar",0.73134328358209,0.147463656815783,73.134328358209,"model3_overdisp",TRUE,FALSE,NA
44,2030,"Kuifeend","tufted duck",2010,1997,"index_100 = eerste analysejaar vanaf eerste positieve jaar",0.582089552238806,0.125760194649211,58.2089552238806,"model3_overdisp",TRUE,FALSE,NA
44,2030,"Kuifeend","tufted duck",2011,1997,"index_100 = eerste analysejaar vanaf eerste positieve jaar",0.604477611940298,0.129059419834585,60.4477611940298,"model3_overdisp",TRUE,FALSE,NA
44,2030,"Kuifeend","tufted duck",2012,1997,"index_100 = eerste analysejaar vanaf eerste positieve jaar",0.40825460923018,0.106880428778207,40.825460923018,"model3_overdisp",TRUE,FALSE,NA
44,2030,"Kuifeend","tufted duck",2013,1997,"index_100 = eerste analysejaar vanaf eerste positieve jaar",0.586238067875974,0.126666978709684,58.6238067875974,"model3_overdisp",TRUE,FALSE,NA
44,2030,"Kuifeend","tufted duck",2014,1997,"index_100 = eerste analysejaar vanaf eerste positieve jaar",0.533626959220438,0.118837135068716,53.3626959220438,"model3_overdisp",TRUE,FALSE,NA
44,2030,"Kuifeend","tufted duck",2015,1997,"index_100 = eerste analysejaar vanaf eerste positieve jaar",0.432835820895522,0.103203061372446,43.2835820895522,"model3_overdisp",TRUE,FALSE,NA
44,2030,"Kuifeend","tufted duck",2016,1997,"index_100 = eerste analysejaar vanaf eerste positieve jaar",0.559701492537313,0.122442374680148,55.9701492537313,"model3_overdisp",TRUE,FALSE,NA
44,2030,"Kuifeend","tufted duck",2017,1997,"index_100 = eerste analysejaar vanaf eerste positieve jaar",0.507462686567164,0.114619394572699,50.7462686567164,"model3_overdisp",TRUE,FALSE,NA
44,2030,"Kuifeend","tufted duck",2018,1997,"index_100 = eerste analysejaar vanaf eerste positieve jaar",0.373134328358209,0.0938041133410437,37.3134328358209,"model3_overdisp",TRUE,FALSE,NA
44,2030,"Kuifeend","tufted duck",2019,1997,"index_100 = eerste analysejaar vanaf eerste positieve jaar",0.380597014925373,0.0949946006463134,38.0597014925373,"model3_overdisp",TRUE,FALSE,NA
44,2030,"Kuifeend","tufted duck",2020,1997,"index_100 = eerste analysejaar vanaf eerste positieve jaar",0.470149253731343,0.108951034153536,47.0149253731343,"model3_overdisp",TRUE,FALSE,NA
44,2030,"Kuifeend","tufted duck",2021,1997,"index_100 = eerste analysejaar vanaf eerste positieve jaar",0.425373134328358,0.102042732713612,42.5373134328358,"model3_overdisp",TRUE,FALSE,NA
44,2030,"Kuifeend","tufted duck",2022,1997,"index_100 = eerste analysejaar vanaf eerste positieve jaar",0.375673333466451,0.0944476790534301,37.5673333466451,"model3_overdisp",TRUE,FALSE,NA
60,2670,"Havik","goshawk",1997,1997,"index_100 = eerste analysejaar vanaf eerste positieve jaar",1,0,100,"model3_overdisp",TRUE,FALSE,"Overdispersion 0.8 <1; consider setting overdisp=FALSE"
60,2670,"Havik","goshawk",1998,1997,"index_100 = eerste analysejaar vanaf eerste positieve jaar",2.0495983358901,1.62374287482798,204.95983358901,"model3_overdisp",TRUE,FALSE,"Overdispersion 0.8 <1; consider setting overdisp=FALSE"
60,2670,"Havik","goshawk",1999,1997,"index_100 = eerste analysejaar vanaf eerste positieve jaar",1,0.91459941848236,100,"model3_overdisp",TRUE,FALSE,"Overdispersion 0.8 <1; consider setting overdisp=FALSE"
60,2670,"Havik","goshawk",2000,1997,"index_100 = eerste analysejaar vanaf eerste positieve jaar",0.674815352467101,0.756933596309895,67.4815352467101,"model3_overdisp",TRUE,FALSE,"Overdispersion 0.8 <1; consider setting overdisp=FALSE"
60,2670,"Havik","goshawk",2001,1997,"index_100 = eerste analysejaar vanaf eerste positieve jaar",1.5,1.25236683145974,150,"model3_overdisp",TRUE,FALSE,"Overdispersion 0.8 <1; consider setting overdisp=FALSE"
60,2670,"Havik","goshawk",2002,1997,"index_100 = eerste analysejaar vanaf eerste positieve jaar",2,1.5841326613844,200,"model3_overdisp",TRUE,FALSE,"Overdispersion 0.8 <1; consider setting overdisp=FALSE"
60,2670,"Havik","goshawk",2003,1997,"index_100 = eerste analysejaar vanaf eerste positieve jaar",1.5,1.25236683145974,150,"model3_overdisp",TRUE,FALSE,"Overdispersion 0.8 <1; consider setting overdisp=FALSE"
60,2670,"Havik","goshawk",2004,1997,"index_100 = eerste analysejaar vanaf eerste positieve jaar",1,0.91459941848236,100,"model3_overdisp",TRUE,FALSE,"Overdispersion 0.8 <1; consider setting overdisp=FALSE"
60,2670,"Havik","goshawk",2005,1997,"index_100 = eerste analysejaar vanaf eerste positieve jaar",1,0.91459941848236,100,"model3_overdisp",TRUE,FALSE,"Overdispersion 0.8 <1; consider setting overdisp=FALSE"
60,2670,"Havik","goshawk",2006,1997,"index_100 = eerste analysejaar vanaf eerste positieve jaar",0.5,0.560075473582,50,"model3_overdisp",TRUE,FALSE,"Overdispersion 0.8 <1; consider setting overdisp=FALSE"
60,2670,"Havik","goshawk",2007,1997,"index_100 = eerste analysejaar vanaf eerste positieve jaar",1.65541375050534,1.38313488989057,165.541375050534,"model3_overdisp",TRUE,FALSE,"Overdispersion 0.8 <1; consider setting overdisp=FALSE"
60,2670,"Havik","goshawk",2008,1997,"index_100 = eerste analysejaar vanaf eerste positieve jaar",1.88260164705848,1.57468668467099,188.260164705848,"model3_overdisp",TRUE,FALSE,"Overdispersion 0.8 <1; consider setting overdisp=FALSE"
60,2670,"Havik","goshawk",2009,1997,"index_100 = eerste analysejaar vanaf eerste positieve jaar",1.56332004149201,1.30568815594556,156.332004149201,"model3_overdisp",TRUE,FALSE,"Overdispersion 0.8 <1; consider setting overdisp=FALSE"
60,2670,"Havik","goshawk",2010,1997,"index_100 = eerste analysejaar vanaf eerste positieve jaar",1,0.91459941848236,100,"model3_overdisp",TRUE,FALSE,"Overdispersion 0.8 <1; consider setting overdisp=FALSE"
60,2670,"Havik","goshawk",2011,1997,"index_100 = eerste analysejaar vanaf eerste positieve jaar",2.54143690270872,1.94510546741253,254.143690270872,"model3_overdisp",TRUE,FALSE,"Overdispersion 0.8 <1; consider setting overdisp=FALSE"
60,2670,"Havik","goshawk",2012,1997,"index_100 = eerste analysejaar vanaf eerste positieve jaar",2.5,1.91302193433875,250,"model3_overdisp",TRUE,FALSE,"Overdispersion 0.8 <1; consider setting overdisp=FALSE"
60,2670,"Havik","goshawk",2013,1997,"index_100 = eerste analysejaar vanaf eerste positieve jaar",2.5,1.91302193433875,250,"model3_overdisp",TRUE,FALSE,"Overdispersion 0.8 <1; consider setting overdisp=FALSE"
60,2670,"Havik","goshawk",2014,1997,"index_100 = eerste analysejaar vanaf eerste positieve jaar",3.04972428325046,2.27789627471949,304.972428325046,"model3_overdisp",TRUE,FALSE,"Overdispersion 0.8 <1; consider setting overdisp=FALSE"
60,2670,"Havik","goshawk",2015,1997,"index_100 = eerste analysejaar vanaf eerste positieve jaar",3.04972428325046,2.27789627471949,304.972428325046,"model3_overdisp",TRUE,FALSE,"Overdispersion 0.8 <1; consider setting overdisp=FALSE"
60,2670,"Havik","goshawk",2016,1997,"index_100 = eerste analysejaar vanaf eerste positieve jaar",2.54143690270872,1.94510546741253,254.143690270872,"model3_overdisp",TRUE,FALSE,"Overdispersion 0.8 <1; consider setting overdisp=FALSE"
60,2670,"Havik","goshawk",2017,1997,"index_100 = eerste analysejaar vanaf eerste positieve jaar",1.55934203858696,1.30230458042433,155.934203858696,"model3_overdisp",TRUE,FALSE,"Overdispersion 0.8 <1; consider setting overdisp=FALSE"
60,2670,"Havik","goshawk",2018,1997,"index_100 = eerste analysejaar vanaf eerste positieve jaar",1.5,1.25236683145974,150,"model3_overdisp",TRUE,FALSE,"Overdispersion 0.8 <1; consider setting overdisp=FALSE"
60,2670,"Havik","goshawk",2019,1997,"index_100 = eerste analysejaar vanaf eerste positieve jaar",1.52486214162523,1.2733310898834,152.486214162523,"model3_overdisp",TRUE,FALSE,"Overdispersion 0.8 <1; consider setting overdisp=FALSE"
60,2670,"Havik","goshawk",2020,1997,"index_100 = eerste analysejaar vanaf eerste positieve jaar",2.07912271811594,1.64735461559958,207.912271811594,"model3_overdisp",TRUE,FALSE,"Overdispersion 0.8 <1; consider setting overdisp=FALSE"
60,2670,"Havik","goshawk",2021,1997,"index_100 = eerste analysejaar vanaf eerste positieve jaar",1.5,1.25236683145974,150,"model3_overdisp",TRUE,FALSE,"Overdispersion 0.8 <1; consider setting overdisp=FALSE"
60,2670,"Havik","goshawk",2022,1997,"index_100 = eerste analysejaar vanaf eerste positieve jaar",2.26545337975988,1.79625763428717,226.545337975988,"model3_overdisp",TRUE,FALSE,"Overdispersion 0.8 <1; consider setting overdisp=FALSE"
61,2690,"Sperwer","Sparrowhawk",1997,1997,"index_100 = eerste analysejaar vanaf eerste positieve jaar",1,0,100,"model2_basis",FALSE,FALSE,NA
61,2690,"Sperwer","Sparrowhawk",1998,1997,"index_100 = eerste analysejaar vanaf eerste positieve jaar",0.0163565693704973,0.489995192723399,1.63565693704973,"model2_basis",FALSE,FALSE,NA
61,2690,"Sperwer","Sparrowhawk",1999,1997,"index_100 = eerste analysejaar vanaf eerste positieve jaar",0,0.501272863947196,0,"model2_basis",FALSE,FALSE,NA
61,2690,"Sperwer","Sparrowhawk",2000,1997,"index_100 = eerste analysejaar vanaf eerste positieve jaar",0.585033459821722,0.545326463700182,58.5033459821722,"model2_basis",FALSE,FALSE,NA
61,2690,"Sperwer","Sparrowhawk",2001,1997,"index_100 = eerste analysejaar vanaf eerste positieve jaar",0.5,0.567103385007735,50,"model2_basis",FALSE,FALSE,NA
61,2690,"Sperwer","Sparrowhawk",2002,1997,"index_100 = eerste analysejaar vanaf eerste positieve jaar",0.5,0.571574724739869,50,"model2_basis",FALSE,FALSE,NA
61,2690,"Sperwer","Sparrowhawk",2003,1997,"index_100 = eerste analysejaar vanaf eerste positieve jaar",0.5,0.57609750832795,50,"model2_basis",FALSE,FALSE,NA
61,2690,"Sperwer","Sparrowhawk",2004,1997,"index_100 = eerste analysejaar vanaf eerste positieve jaar",0.5,0.580672199867527,50,"model2_basis",FALSE,FALSE,NA
61,2690,"Sperwer","Sparrowhawk",2005,1997,"index_100 = eerste analysejaar vanaf eerste positieve jaar",0.5,0.58529926744096,50,"model2_basis",FALSE,FALSE,NA
61,2690,"Sperwer","Sparrowhawk",2006,1997,"index_100 = eerste analysejaar vanaf eerste positieve jaar",0.5,0.589979183172378,50,"model2_basis",FALSE,FALSE,NA
61,2690,"Sperwer","Sparrowhawk",2007,1997,"index_100 = eerste analysejaar vanaf eerste positieve jaar",0.519455905928185,0.59047409445215,51.9455905928185,"model2_basis",FALSE,FALSE,NA
61,2690,"Sperwer","Sparrowhawk",2008,1997,"index_100 = eerste analysejaar vanaf eerste positieve jaar",1.57940101658105,0.925900148656611,157.940101658105,"model2_basis",FALSE,FALSE,NA
61,2690,"Sperwer","Sparrowhawk",2009,1997,"index_100 = eerste analysejaar vanaf eerste positieve jaar",0.796510328047923,0.554250814705254,79.6510328047923,"model2_basis",FALSE,FALSE,NA
61,2690,"Sperwer","Sparrowhawk",2010,1997,"index_100 = eerste analysejaar vanaf eerste positieve jaar",1.02307535509988,0.742938204601396,102.307535509988,"model2_basis",FALSE,FALSE,NA
61,2690,"Sperwer","Sparrowhawk",2011,1997,"index_100 = eerste analysejaar vanaf eerste positieve jaar",0.787160724088834,0.569636816153862,78.7160724088834,"model2_basis",FALSE,FALSE,NA
61,2690,"Sperwer","Sparrowhawk",2012,1997,"index_100 = eerste analysejaar vanaf eerste positieve jaar",0.520802654798314,0.615140541432592,52.0802654798314,"model2_basis",FALSE,FALSE,NA
61,2690,"Sperwer","Sparrowhawk",2013,1997,"index_100 = eerste analysejaar vanaf eerste positieve jaar",0.0244513880045029,0.563867688884711,2.44513880045029,"model2_basis",FALSE,FALSE,NA
61,2690,"Sperwer","Sparrowhawk",2014,1997,"index_100 = eerste analysejaar vanaf eerste positieve jaar",0.829212798261127,0.590344082592663,82.9212798261127,"model2_basis",FALSE,FALSE,NA
61,2690,"Sperwer","Sparrowhawk",2015,1997,"index_100 = eerste analysejaar vanaf eerste positieve jaar",0.310216722745999,0.473964722727995,31.0216722745999,"model2_basis",FALSE,FALSE,NA
61,2690,"Sperwer","Sparrowhawk",2016,1997,"index_100 = eerste analysejaar vanaf eerste positieve jaar",0.816264354978971,0.609464579114384,81.6264354978971,"model2_basis",FALSE,FALSE,NA
61,2690,"Sperwer","Sparrowhawk",2017,1997,"index_100 = eerste analysejaar vanaf eerste positieve jaar",0.5,0.645085476529913,50,"model2_basis",FALSE,FALSE,NA
61,2690,"Sperwer","Sparrowhawk",2018,1997,"index_100 = eerste analysejaar vanaf eerste positieve jaar",1,0.777423279551121,100,"model2_basis",FALSE,FALSE,NA
61,2690,"Sperwer","Sparrowhawk",2019,1997,"index_100 = eerste analysejaar vanaf eerste positieve jaar",0.835123876625612,0.64005258530523,83.5123876625612,"model2_basis",FALSE,FALSE,NA
61,2690,"Sperwer","Sparrowhawk",2020,1997,"index_100 = eerste analysejaar vanaf eerste positieve jaar",0.527989736326261,0.658962472668257,52.7989736326261,"model2_basis",FALSE,FALSE,NA
61,2690,"Sperwer","Sparrowhawk",2021,1997,"index_100 = eerste analysejaar vanaf eerste positieve jaar",0.5,0.666853766365518,50,"model2_basis",FALSE,FALSE,NA
61,2690,"Sperwer","Sparrowhawk",2022,1997,"index_100 = eerste analysejaar vanaf eerste positieve jaar",1,0.795928625367576,100,"model2_basis",FALSE,FALSE,NA
62,2870,"Buizerd","buzzard",1997,1997,"index_100 = eerste analysejaar vanaf eerste positieve jaar",1,0,100,"model3_overdisp",TRUE,FALSE,"Overdispersion 0.7 <1; consider setting overdisp=FALSE"
62,2870,"Buizerd","buzzard",1998,1997,"index_100 = eerste analysejaar vanaf eerste positieve jaar",0.78184782281877,0.357386098889571,78.184782281877,"model3_overdisp",TRUE,FALSE,"Overdispersion 0.7 <1; consider setting overdisp=FALSE"
62,2870,"Buizerd","buzzard",1999,1997,"index_100 = eerste analysejaar vanaf eerste positieve jaar",0.875,0.38316705285658,87.5,"model3_overdisp",TRUE,FALSE,"Overdispersion 0.7 <1; consider setting overdisp=FALSE"
62,2870,"Buizerd","buzzard",2000,1997,"index_100 = eerste analysejaar vanaf eerste positieve jaar",0.789696593030828,0.381639749896104,78.9696593030828,"model3_overdisp",TRUE,FALSE,"Overdispersion 0.7 <1; consider setting overdisp=FALSE"
62,2870,"Buizerd","buzzard",2001,1997,"index_100 = eerste analysejaar vanaf eerste positieve jaar",0.875,0.38316705285658,87.5,"model3_overdisp",TRUE,FALSE,"Overdispersion 0.7 <1; consider setting overdisp=FALSE"
62,2870,"Buizerd","buzzard",2002,1997,"index_100 = eerste analysejaar vanaf eerste positieve jaar",1.25,0.501683435293835,125,"model3_overdisp",TRUE,FALSE,"Overdispersion 0.7 <1; consider setting overdisp=FALSE"
62,2870,"Buizerd","buzzard",2003,1997,"index_100 = eerste analysejaar vanaf eerste positieve jaar",1.25,0.501683435293835,125,"model3_overdisp",TRUE,FALSE,"Overdispersion 0.7 <1; consider setting overdisp=FALSE"
62,2870,"Buizerd","buzzard",2004,1997,"index_100 = eerste analysejaar vanaf eerste positieve jaar",1,0.42305661864166,100,"model3_overdisp",TRUE,FALSE,"Overdispersion 0.7 <1; consider setting overdisp=FALSE"
62,2870,"Buizerd","buzzard",2005,1997,"index_100 = eerste analysejaar vanaf eerste positieve jaar",0.875,0.38316705285658,87.5,"model3_overdisp",TRUE,FALSE,"Overdispersion 0.7 <1; consider setting overdisp=FALSE"
62,2870,"Buizerd","buzzard",2006,1997,"index_100 = eerste analysejaar vanaf eerste positieve jaar",0.875,0.38316705285658,87.5,"model3_overdisp",TRUE,FALSE,"Overdispersion 0.7 <1; consider setting overdisp=FALSE"
62,2870,"Buizerd","buzzard",2007,1997,"index_100 = eerste analysejaar vanaf eerste positieve jaar",1.46309398991461,0.57562005259091,146.309398991461,"model3_overdisp",TRUE,FALSE,"Overdispersion 0.7 <1; consider setting overdisp=FALSE"
62,2870,"Buizerd","buzzard",2008,1997,"index_100 = eerste analysejaar vanaf eerste positieve jaar",1.48764788400473,0.613636320206507,148.764788400473,"model3_overdisp",TRUE,FALSE,"Overdispersion 0.7 <1; consider setting overdisp=FALSE"
62,2870,"Buizerd","buzzard",2009,1997,"index_100 = eerste analysejaar vanaf eerste positieve jaar",0.841301012917709,0.384854739671476,84.1301012917709,"model3_overdisp",TRUE,FALSE,"Overdispersion 0.7 <1; consider setting overdisp=FALSE"
62,2870,"Buizerd","buzzard",2010,1997,"index_100 = eerste analysejaar vanaf eerste positieve jaar",0.791369863712053,0.361798514741409,79.1369863712053,"model3_overdisp",TRUE,FALSE,"Overdispersion 0.7 <1; consider setting overdisp=FALSE"
62,2870,"Buizerd","buzzard",2011,1997,"index_100 = eerste analysejaar vanaf eerste positieve jaar",1.07271915413301,0.45419562331583,107.271915413301,"model3_overdisp",TRUE,FALSE,"Overdispersion 0.7 <1; consider setting overdisp=FALSE"
62,2870,"Buizerd","buzzard",2012,1997,"index_100 = eerste analysejaar vanaf eerste positieve jaar",1.06622491306429,0.45133995150094,106.622491306429,"model3_overdisp",TRUE,FALSE,"Overdispersion 0.7 <1; consider setting overdisp=FALSE"
62,2870,"Buizerd","buzzard",2013,1997,"index_100 = eerste analysejaar vanaf eerste positieve jaar",1.1990069193367,0.493311112046585,119.90069193367,"model3_overdisp",TRUE,FALSE,"Overdispersion 0.7 <1; consider setting overdisp=FALSE"
62,2870,"Buizerd","buzzard",2014,1997,"index_100 = eerste analysejaar vanaf eerste positieve jaar",1.57957569454043,0.622168565065315,157.957569454043,"model3_overdisp",TRUE,FALSE,"Overdispersion 0.7 <1; consider setting overdisp=FALSE"
62,2870,"Buizerd","buzzard",2015,1997,"index_100 = eerste analysejaar vanaf eerste positieve jaar",1.07271915413301,0.45419562331583,107.271915413301,"model3_overdisp",TRUE,FALSE,"Overdispersion 0.7 <1; consider setting overdisp=FALSE"
62,2870,"Buizerd","buzzard",2016,1997,"index_100 = eerste analysejaar vanaf eerste positieve jaar",1.34089894266626,0.538659098856528,134.089894266626,"model3_overdisp",TRUE,FALSE,"Overdispersion 0.7 <1; consider setting overdisp=FALSE"
62,2870,"Buizerd","buzzard",2017,1997,"index_100 = eerste analysejaar vanaf eerste positieve jaar",1.10549350343901,0.468184721154319,110.549350343901,"model3_overdisp",TRUE,FALSE,"Overdispersion 0.7 <1; consider setting overdisp=FALSE"
62,2870,"Buizerd","buzzard",2018,1997,"index_100 = eerste analysejaar vanaf eerste positieve jaar",1,0.42305661864166,100,"model3_overdisp",TRUE,FALSE,"Overdispersion 0.7 <1; consider setting overdisp=FALSE"
62,2870,"Buizerd","buzzard",2019,1997,"index_100 = eerste analysejaar vanaf eerste positieve jaar",1.20680904839963,0.496597741925996,120.680904839963,"model3_overdisp",TRUE,FALSE,"Overdispersion 0.7 <1; consider setting overdisp=FALSE"
62,2870,"Buizerd","buzzard",2020,1997,"index_100 = eerste analysejaar vanaf eerste positieve jaar",1.75994963755386,0.681122930532623,175.994963755386,"model3_overdisp",TRUE,FALSE,"Overdispersion 0.7 <1; consider setting overdisp=FALSE"
62,2870,"Buizerd","buzzard",2021,1997,"index_100 = eerste analysejaar vanaf eerste positieve jaar",1.5,0.579294132829744,150,"model3_overdisp",TRUE,FALSE,"Overdispersion 0.7 <1; consider setting overdisp=FALSE"
62,2870,"Buizerd","buzzard",2022,1997,"index_100 = eerste analysejaar vanaf eerste positieve jaar",1.18297153517765,0.486600932549623,118.297153517765,"model3_overdisp",TRUE,FALSE,"Overdispersion 0.7 <1; consider setting overdisp=FALSE"
64,3040,"Torenvalk","kestrel",1997,1997,"index_100 = eerste analysejaar vanaf eerste positieve jaar",1,0,100,"model2_basis",FALSE,FALSE,"Data ends with 1 years without positive observations."
64,3040,"Torenvalk","kestrel",1998,1997,"index_100 = eerste analysejaar vanaf eerste positieve jaar",2,1.24154482211205,200,"model2_basis",FALSE,FALSE,"Data ends with 1 years without positive observations."
64,3040,"Torenvalk","kestrel",1999,1997,"index_100 = eerste analysejaar vanaf eerste positieve jaar",0.75,0.627694675367409,75,"model2_basis",FALSE,FALSE,"Data ends with 1 years without positive observations."
64,3040,"Torenvalk","kestrel",2000,1997,"index_100 = eerste analysejaar vanaf eerste positieve jaar",0.670934448684001,0.516619337281776,67.0934448684001,"model2_basis",FALSE,FALSE,"Data ends with 1 years without positive observations."
64,3040,"Torenvalk","kestrel",2001,1997,"index_100 = eerste analysejaar vanaf eerste positieve jaar",0.5,0.472411454543707,50,"model2_basis",FALSE,FALSE,"Data ends with 1 years without positive observations."
64,3040,"Torenvalk","kestrel",2002,1997,"index_100 = eerste analysejaar vanaf eerste positieve jaar",0.5,0.443960339023136,50,"model2_basis",FALSE,FALSE,"Data ends with 1 years without positive observations."
64,3040,"Torenvalk","kestrel",2003,1997,"index_100 = eerste analysejaar vanaf eerste positieve jaar",0.25,0.340276143263529,25,"model2_basis",FALSE,FALSE,"Data ends with 1 years without positive observations."
64,3040,"Torenvalk","kestrel",2004,1997,"index_100 = eerste analysejaar vanaf eerste positieve jaar",0.25,0.313601701657113,25,"model2_basis",FALSE,FALSE,"Data ends with 1 years without positive observations."
64,3040,"Torenvalk","kestrel",2005,1997,"index_100 = eerste analysejaar vanaf eerste positieve jaar",0.25,0.289965550143732,25,"model2_basis",FALSE,FALSE,"Data ends with 1 years without positive observations."
64,3040,"Torenvalk","kestrel",2006,1997,"index_100 = eerste analysejaar vanaf eerste positieve jaar",0.25,0.269093993481205,25,"model2_basis",FALSE,FALSE,"Data ends with 1 years without positive observations."
64,3040,"Torenvalk","kestrel",2007,1997,"index_100 = eerste analysejaar vanaf eerste positieve jaar",0.00700636862673527,0.203273518056025,0.700636862673527,"model2_basis",FALSE,FALSE,"Data ends with 1 years without positive observations."
64,3040,"Torenvalk","kestrel",2008,1997,"index_100 = eerste analysejaar vanaf eerste positieve jaar",0.0285077496633559,0.170153270147741,2.85077496633559,"model2_basis",FALSE,FALSE,"Data ends with 1 years without positive observations."
64,3040,"Torenvalk","kestrel",2009,1997,"index_100 = eerste analysejaar vanaf eerste positieve jaar",0,0.169354009577482,0,"model2_basis",FALSE,FALSE,"Data ends with 1 years without positive observations."
64,3040,"Torenvalk","kestrel",2010,1997,"index_100 = eerste analysejaar vanaf eerste positieve jaar",0.0138175531425244,0.143042732762712,1.38175531425244,"model2_basis",FALSE,FALSE,"Data ends with 1 years without positive observations."
64,3040,"Torenvalk","kestrel",2011,1997,"index_100 = eerste analysejaar vanaf eerste positieve jaar",0,0.138517918585367,0,"model2_basis",FALSE,FALSE,"Data ends with 1 years without positive observations."
64,3040,"Torenvalk","kestrel",2012,1997,"index_100 = eerste analysejaar vanaf eerste positieve jaar",0.00453053545502229,0.121212007755066,0.453053545502229,"model2_basis",FALSE,FALSE,"Data ends with 1 years without positive observations."
64,3040,"Torenvalk","kestrel",2013,1997,"index_100 = eerste analysejaar vanaf eerste positieve jaar",0.00756070972646596,0.105666328604155,0.756070972646596,"model2_basis",FALSE,FALSE,"Data ends with 1 years without positive observations."
64,3040,"Torenvalk","kestrel",2014,1997,"index_100 = eerste analysejaar vanaf eerste positieve jaar",0.00618405065785618,0.0955067404275498,0.618405065785618,"model2_basis",FALSE,FALSE,"Data ends with 1 years without positive observations."
64,3040,"Torenvalk","kestrel",2015,1997,"index_100 = eerste analysejaar vanaf eerste positieve jaar",0,0.0926673843205892,0,"model2_basis",FALSE,FALSE,"Data ends with 1 years without positive observations."
64,3040,"Torenvalk","kestrel",2016,1997,"index_100 = eerste analysejaar vanaf eerste positieve jaar",0,0.0838073563710435,0,"model2_basis",FALSE,FALSE,"Data ends with 1 years without positive observations."
64,3040,"Torenvalk","kestrel",2017,1997,"index_100 = eerste analysejaar vanaf eerste positieve jaar",0,0.0757944451912468,0,"model2_basis",FALSE,FALSE,"Data ends with 1 years without positive observations."
64,3040,"Torenvalk","kestrel",2018,1997,"index_100 = eerste analysejaar vanaf eerste positieve jaar",0,0.0685476570387777,0,"model2_basis",FALSE,FALSE,"Data ends with 1 years without positive observations."
64,3040,"Torenvalk","kestrel",2019,1997,"index_100 = eerste analysejaar vanaf eerste positieve jaar",0,0.061993742069749,0,"model2_basis",FALSE,FALSE,"Data ends with 1 years without positive observations."
64,3040,"Torenvalk","kestrel",2020,1997,"index_100 = eerste analysejaar vanaf eerste positieve jaar",0.00185155186131541,0.0520639201522679,0.185155186131541,"model2_basis",FALSE,FALSE,"Data ends with 1 years without positive observations."
64,3040,"Torenvalk","kestrel",2021,1997,"index_100 = eerste analysejaar vanaf eerste positieve jaar",0.5,0.287324705031557,50,"model2_basis",FALSE,FALSE,"Data ends with 1 years without positive observations."
64,3040,"Torenvalk","kestrel",2022,1997,"index_100 = eerste analysejaar vanaf eerste positieve jaar",0.000301182487775179,0.0450730769854648,0.0301182487775179,"model2_basis",FALSE,FALSE,"Data ends with 1 years without positive observations."
66,3100,"Boomvalk","hobby",1997,1997,"index_100 = eerste analysejaar vanaf eerste positieve jaar",1,0,100,"model2_basis",FALSE,FALSE,"Data ends with 5 years without positive observations."
66,3100,"Boomvalk","hobby",1998,1997,"index_100 = eerste analysejaar vanaf eerste positieve jaar",0.630429874091896,0.502215485908654,63.0429874091896,"model2_basis",FALSE,FALSE,"Data ends with 5 years without positive observations."
66,3100,"Boomvalk","hobby",1999,1997,"index_100 = eerste analysejaar vanaf eerste positieve jaar",0.6,0.47384572360047,60,"model2_basis",FALSE,FALSE,"Data ends with 5 years without positive observations."
66,3100,"Boomvalk","hobby",2000,1997,"index_100 = eerste analysejaar vanaf eerste positieve jaar",0.663610196156097,0.451325544680148,66.3610196156097,"model2_basis",FALSE,FALSE,"Data ends with 5 years without positive observations."
66,3100,"Boomvalk","hobby",2001,1997,"index_100 = eerste analysejaar vanaf eerste positieve jaar",0.8,0.490979832990836,80,"model2_basis",FALSE,FALSE,"Data ends with 5 years without positive observations."
66,3100,"Boomvalk","hobby",2002,1997,"index_100 = eerste analysejaar vanaf eerste positieve jaar",0.4,0.354013429300521,40,"model2_basis",FALSE,FALSE,"Data ends with 5 years without positive observations."
66,3100,"Boomvalk","hobby",2003,1997,"index_100 = eerste analysejaar vanaf eerste positieve jaar",0.8,0.459394250979098,80,"model2_basis",FALSE,FALSE,"Data ends with 5 years without positive observations."
66,3100,"Boomvalk","hobby",2004,1997,"index_100 = eerste analysejaar vanaf eerste positieve jaar",0.2,0.27372022664429,20,"model2_basis",FALSE,FALSE,"Data ends with 5 years without positive observations."
66,3100,"Boomvalk","hobby",2005,1997,"index_100 = eerste analysejaar vanaf eerste positieve jaar",0.4,0.299711326613555,40,"model2_basis",FALSE,FALSE,"Data ends with 5 years without positive observations."
66,3100,"Boomvalk","hobby",2006,1997,"index_100 = eerste analysejaar vanaf eerste positieve jaar",0.2,0.23762960523333,20,"model2_basis",FALSE,FALSE,"Data ends with 5 years without positive observations."
66,3100,"Boomvalk","hobby",2007,1997,"index_100 = eerste analysejaar vanaf eerste positieve jaar",0.4,0.272276512757501,40,"model2_basis",FALSE,FALSE,"Data ends with 5 years without positive observations."
66,3100,"Boomvalk","hobby",2008,1997,"index_100 = eerste analysejaar vanaf eerste positieve jaar",0.222674588441087,0.202486514998751,22.2674588441087,"model2_basis",FALSE,FALSE,"Data ends with 5 years without positive observations."
66,3100,"Boomvalk","hobby",2009,1997,"index_100 = eerste analysejaar vanaf eerste positieve jaar",0.0283647707458977,0.1571327004058,2.83647707458977,"model2_basis",FALSE,FALSE,"Data ends with 5 years without positive observations."
66,3100,"Boomvalk","hobby",2010,1997,"index_100 = eerste analysejaar vanaf eerste positieve jaar",0.0115726006003877,0.152153975856008,1.15726006003877,"model2_basis",FALSE,FALSE,"Data ends with 5 years without positive observations."
66,3100,"Boomvalk","hobby",2011,1997,"index_100 = eerste analysejaar vanaf eerste positieve jaar",0.0168118926119122,0.136001481256311,1.68118926119122,"model2_basis",FALSE,FALSE,"Data ends with 5 years without positive observations."
66,3100,"Boomvalk","hobby",2012,1997,"index_100 = eerste analysejaar vanaf eerste positieve jaar",0,0.134939923734849,0,"model2_basis",FALSE,FALSE,"Data ends with 5 years without positive observations."
66,3100,"Boomvalk","hobby",2013,1997,"index_100 = eerste analysejaar vanaf eerste positieve jaar",0.00711475539078127,0.119318400083186,0.711475539078127,"model2_basis",FALSE,FALSE,"Data ends with 5 years without positive observations."
66,3100,"Boomvalk","hobby",2014,1997,"index_100 = eerste analysejaar vanaf eerste positieve jaar",0.0163855705634876,0.101562449711687,1.63855705634876,"model2_basis",FALSE,FALSE,"Data ends with 5 years without positive observations."
66,3100,"Boomvalk","hobby",2015,1997,"index_100 = eerste analysejaar vanaf eerste positieve jaar",0.00878864560074265,0.0982571046581055,0.878864560074265,"model2_basis",FALSE,FALSE,"Data ends with 5 years without positive observations."
66,3100,"Boomvalk","hobby",2016,1997,"index_100 = eerste analysejaar vanaf eerste positieve jaar",0.207473056887092,0.131458858525651,20.7473056887092,"model2_basis",FALSE,FALSE,"Data ends with 5 years without positive observations."
66,3100,"Boomvalk","hobby",2017,1997,"index_100 = eerste analysejaar vanaf eerste positieve jaar",0.201229508063481,0.127669311093688,20.1229508063481,"model2_basis",FALSE,FALSE,"Data ends with 5 years without positive observations."
66,3100,"Boomvalk","hobby",2018,1997,"index_100 = eerste analysejaar vanaf eerste positieve jaar",0,0.0829601386046248,0,"model2_basis",FALSE,FALSE,"Data ends with 5 years without positive observations."
66,3100,"Boomvalk","hobby",2019,1997,"index_100 = eerste analysejaar vanaf eerste positieve jaar",0.00459438406361959,0.0709088562230098,0.459438406361959,"model2_basis",FALSE,FALSE,"Data ends with 5 years without positive observations."
66,3100,"Boomvalk","hobby",2020,1997,"index_100 = eerste analysejaar vanaf eerste positieve jaar",0.00304251484812445,0.0665279365622281,0.304251484812445,"model2_basis",FALSE,FALSE,"Data ends with 5 years without positive observations."
66,3100,"Boomvalk","hobby",2021,1997,"index_100 = eerste analysejaar vanaf eerste positieve jaar",0,0.0650480037776275,0,"model2_basis",FALSE,FALSE,"Data ends with 5 years without positive observations."
66,3100,"Boomvalk","hobby",2022,1997,"index_100 = eerste analysejaar vanaf eerste positieve jaar",0.000528736939323991,0.0591685965890153,0.0528736939323991,"model2_basis",FALSE,FALSE,"Data ends with 5 years without positive observations."
70,3700,"Kwartel","Quail",2007,2007,"index_100 = eerste analysejaar vanaf eerste positieve jaar",1,0,100,"model2_basis",FALSE,FALSE,"Data ends with 2 years without positive observations."
70,3700,"Kwartel","Quail",2008,2007,"index_100 = eerste analysejaar vanaf eerste positieve jaar",1,0.926034665919625,100,"model2_basis",FALSE,FALSE,"Data ends with 2 years without positive observations."
70,3700,"Kwartel","Quail",2009,2007,"index_100 = eerste analysejaar vanaf eerste positieve jaar",0,0.588685668478836,0,"model2_basis",FALSE,FALSE,"Data ends with 2 years without positive observations."
70,3700,"Kwartel","Quail",2010,2007,"index_100 = eerste analysejaar vanaf eerste positieve jaar",0,0.548807605362559,0,"model2_basis",FALSE,FALSE,"Data ends with 2 years without positive observations."
70,3700,"Kwartel","Quail",2011,2007,"index_100 = eerste analysejaar vanaf eerste positieve jaar",0,0.511630915836733,0,"model2_basis",FALSE,FALSE,"Data ends with 2 years without positive observations."
70,3700,"Kwartel","Quail",2012,2007,"index_100 = eerste analysejaar vanaf eerste positieve jaar",0,0.47697260657859,0,"model2_basis",FALSE,FALSE,"Data ends with 2 years without positive observations."
70,3700,"Kwartel","Quail",2013,2007,"index_100 = eerste analysejaar vanaf eerste positieve jaar",0.0715321406760073,0.365302938771651,7.15321406760073,"model2_basis",FALSE,FALSE,"Data ends with 2 years without positive observations."
70,3700,"Kwartel","Quail",2014,2007,"index_100 = eerste analysejaar vanaf eerste positieve jaar",0.0621690939757324,0.341679516776053,6.21690939757324,"model2_basis",FALSE,FALSE,"Data ends with 2 years without positive observations."
70,3700,"Kwartel","Quail",2015,2007,"index_100 = eerste analysejaar vanaf eerste positieve jaar",0,0.386458987551442,0,"model2_basis",FALSE,FALSE,"Data ends with 2 years without positive observations."
70,3700,"Kwartel","Quail",2016,2007,"index_100 = eerste analysejaar vanaf eerste positieve jaar",0,0.360279930165432,0,"model2_basis",FALSE,FALSE,"Data ends with 2 years without positive observations."
70,3700,"Kwartel","Quail",2017,2007,"index_100 = eerste analysejaar vanaf eerste positieve jaar",0,0.335874264181087,0,"model2_basis",FALSE,FALSE,"Data ends with 2 years without positive observations."
70,3700,"Kwartel","Quail",2018,2007,"index_100 = eerste analysejaar vanaf eerste positieve jaar",0,0.31312185857088,0,"model2_basis",FALSE,FALSE,"Data ends with 2 years without positive observations."
70,3700,"Kwartel","Quail",2019,2007,"index_100 = eerste analysejaar vanaf eerste positieve jaar",0,0.29191072008429,0,"model2_basis",FALSE,FALSE,"Data ends with 2 years without positive observations."
70,3700,"Kwartel","Quail",2020,2007,"index_100 = eerste analysejaar vanaf eerste positieve jaar",1,0.72996914434723,100,"model2_basis",FALSE,FALSE,"Data ends with 2 years without positive observations."
70,3700,"Kwartel","Quail",2021,2007,"index_100 = eerste analysejaar vanaf eerste positieve jaar",0,0.253701690148509,0,"model2_basis",FALSE,FALSE,"Data ends with 2 years without positive observations."
70,3700,"Kwartel","Quail",2022,2007,"index_100 = eerste analysejaar vanaf eerste positieve jaar",0,0.236515723928894,0,"model2_basis",FALSE,FALSE,"Data ends with 2 years without positive observations."
71,3940,"Gewone Fazant","pheasant",1997,1997,"index_100 = eerste analysejaar vanaf eerste positieve jaar",1,0,100,"model2_basis",FALSE,FALSE,"Data ends with 11 years without positive observations."
71,3940,"Gewone Fazant","pheasant",1998,1997,"index_100 = eerste analysejaar vanaf eerste positieve jaar",0.907711432532046,0.179440833277056,90.7711432532046,"model2_basis",FALSE,FALSE,"Data ends with 11 years without positive observations."
71,3940,"Gewone Fazant","pheasant",1999,1997,"index_100 = eerste analysejaar vanaf eerste positieve jaar",0.431372549019608,0.132105750466301,43.1372549019608,"model2_basis",FALSE,FALSE,"Data ends with 11 years without positive observations."
71,3940,"Gewone Fazant","pheasant",2000,1997,"index_100 = eerste analysejaar vanaf eerste positieve jaar",0.443986445155991,0.11521102480369,44.3986445155991,"model2_basis",FALSE,FALSE,"Data ends with 11 years without positive observations."
71,3940,"Gewone Fazant","pheasant",2001,1997,"index_100 = eerste analysejaar vanaf eerste positieve jaar",0.431372549019608,0.114052696222283,43.1372549019608,"model2_basis",FALSE,FALSE,"Data ends with 11 years without positive observations."
71,3940,"Gewone Fazant","pheasant",2002,1997,"index_100 = eerste analysejaar vanaf eerste positieve jaar",0.392156862745098,0.103472441825572,39.2156862745098,"model2_basis",FALSE,FALSE,"Data ends with 11 years without positive observations."
71,3940,"Gewone Fazant","pheasant",2003,1997,"index_100 = eerste analysejaar vanaf eerste positieve jaar",0.372549019607843,0.0951279497038413,37.2549019607843,"model2_basis",FALSE,FALSE,"Data ends with 11 years without positive observations."
71,3940,"Gewone Fazant","pheasant",2004,1997,"index_100 = eerste analysejaar vanaf eerste positieve jaar",0.392156862745098,0.0907804040222769,39.2156862745098,"model2_basis",FALSE,FALSE,"Data ends with 11 years without positive observations."
71,3940,"Gewone Fazant","pheasant",2005,1997,"index_100 = eerste analysejaar vanaf eerste positieve jaar",0.372549019607843,0.0838061145778518,37.2549019607843,"model2_basis",FALSE,FALSE,"Data ends with 11 years without positive observations."
71,3940,"Gewone Fazant","pheasant",2006,1997,"index_100 = eerste analysejaar vanaf eerste positieve jaar",0.274509803921569,0.0706199430979952,27.4509803921569,"model2_basis",FALSE,FALSE,"Data ends with 11 years without positive observations."
71,3940,"Gewone Fazant","pheasant",2007,1997,"index_100 = eerste analysejaar vanaf eerste positieve jaar",0.259976848343455,0.0642177885839723,25.9976848343455,"model2_basis",FALSE,FALSE,"Data ends with 11 years without positive observations."
71,3940,"Gewone Fazant","pheasant",2008,1997,"index_100 = eerste analysejaar vanaf eerste positieve jaar",0.172446742565692,0.0516741566347121,17.2446742565692,"model2_basis",FALSE,FALSE,"Data ends with 11 years without positive observations."
71,3940,"Gewone Fazant","pheasant",2009,1997,"index_100 = eerste analysejaar vanaf eerste positieve jaar",0.209303520361089,0.0508581715524319,20.9303520361089,"model2_basis",FALSE,FALSE,"Data ends with 11 years without positive observations."
71,3940,"Gewone Fazant","pheasant",2010,1997,"index_100 = eerste analysejaar vanaf eerste positieve jaar",0.0613642897278533,0.0401327073013359,6.13642897278533,"model2_basis",FALSE,FALSE,"Data ends with 11 years without positive observations."
71,3940,"Gewone Fazant","pheasant",2011,1997,"index_100 = eerste analysejaar vanaf eerste positieve jaar",0.0250366987049622,0.0348664705840555,2.50366987049622,"model2_basis",FALSE,FALSE,"Data ends with 11 years without positive observations."
71,3940,"Gewone Fazant","pheasant",2012,1997,"index_100 = eerste analysejaar vanaf eerste positieve jaar",0.00167978870415352,0.0321846290419455,0.167978870415352,"model2_basis",FALSE,FALSE,"Data ends with 11 years without positive observations."
71,3940,"Gewone Fazant","pheasant",2013,1997,"index_100 = eerste analysejaar vanaf eerste positieve jaar",0.00140960364721452,0.0291650854535549,0.140960364721452,"model2_basis",FALSE,FALSE,"Data ends with 11 years without positive observations."
71,3940,"Gewone Fazant","pheasant",2014,1997,"index_100 = eerste analysejaar vanaf eerste positieve jaar",0.00417017282502742,0.025420781607704,0.417017282502742,"model2_basis",FALSE,FALSE,"Data ends with 11 years without positive observations."
71,3940,"Gewone Fazant","pheasant",2015,1997,"index_100 = eerste analysejaar vanaf eerste positieve jaar",0.0024748718192807,0.0233951198539633,0.24748718192807,"model2_basis",FALSE,FALSE,"Data ends with 11 years without positive observations."
71,3940,"Gewone Fazant","pheasant",2016,1997,"index_100 = eerste analysejaar vanaf eerste positieve jaar",0.00203359196013564,0.0212007933267466,0.203359196013564,"model2_basis",FALSE,FALSE,"Data ends with 11 years without positive observations."
71,3940,"Gewone Fazant","pheasant",2017,1997,"index_100 = eerste analysejaar vanaf eerste positieve jaar",0.00014223365197949,0.0199101586078916,0.014223365197949,"model2_basis",FALSE,FALSE,"Data ends with 11 years without positive observations."
71,3940,"Gewone Fazant","pheasant",2018,1997,"index_100 = eerste analysejaar vanaf eerste positieve jaar",0,0.0181058777781228,0,"model2_basis",FALSE,FALSE,"Data ends with 11 years without positive observations."
71,3940,"Gewone Fazant","pheasant",2019,1997,"index_100 = eerste analysejaar vanaf eerste positieve jaar",0.0011282286746222,0.015776830175327,0.11282286746222,"model2_basis",FALSE,FALSE,"Data ends with 11 years without positive observations."
71,3940,"Gewone Fazant","pheasant",2020,1997,"index_100 = eerste analysejaar vanaf eerste positieve jaar",0.000435423154863749,0.0146076922651317,0.0435423154863749,"model2_basis",FALSE,FALSE,"Data ends with 11 years without positive observations."
71,3940,"Gewone Fazant","pheasant",2021,1997,"index_100 = eerste analysejaar vanaf eerste positieve jaar",0,0.0134860958794511,0,"model2_basis",FALSE,FALSE,"Data ends with 11 years without positive observations."
71,3940,"Gewone Fazant","pheasant",2022,1997,"index_100 = eerste analysejaar vanaf eerste positieve jaar",0.000727347249280365,0.0116603104648572,0.0727347249280366,"model2_basis",FALSE,FALSE,"Data ends with 11 years without positive observations."
72,4070,"Waterral","water rail",1997,1997,"index_100 = eerste analysejaar vanaf eerste positieve jaar",1,0,100,"model3_overdisp",TRUE,FALSE,NA
72,4070,"Waterral","water rail",1998,1997,"index_100 = eerste analysejaar vanaf eerste positieve jaar",2,1.55348932113698,200,"model3_overdisp",TRUE,FALSE,NA
72,4070,"Waterral","water rail",1999,1997,"index_100 = eerste analysejaar vanaf eerste positieve jaar",1.66666666666667,1.33703072650547,166.666666666667,"model3_overdisp",TRUE,FALSE,NA
72,4070,"Waterral","water rail",2000,1997,"index_100 = eerste analysejaar vanaf eerste positieve jaar",4.03527320609098,2.92219105777791,403.527320609098,"model3_overdisp",TRUE,FALSE,NA
72,4070,"Waterral","water rail",2001,1997,"index_100 = eerste analysejaar vanaf eerste positieve jaar",4,2.83627048010038,400,"model3_overdisp",TRUE,FALSE,NA
72,4070,"Waterral","water rail",2002,1997,"index_100 = eerste analysejaar vanaf eerste positieve jaar",4.33333333333333,3.04889915392796,433.333333333333,"model3_overdisp",TRUE,FALSE,NA
72,4070,"Waterral","water rail",2003,1997,"index_100 = eerste analysejaar vanaf eerste positieve jaar",3.33333333333333,2.41036642064317,333.333333333333,"model3_overdisp",TRUE,FALSE,NA
72,4070,"Waterral","water rail",2004,1997,"index_100 = eerste analysejaar vanaf eerste positieve jaar",4.66666666666667,3.26136848938255,466.666666666667,"model3_overdisp",TRUE,FALSE,NA
72,4070,"Waterral","water rail",2005,1997,"index_100 = eerste analysejaar vanaf eerste positieve jaar",2.66666666666667,1.98313705022205,266.666666666667,"model3_overdisp",TRUE,FALSE,NA
72,4070,"Waterral","water rail",2006,1997,"index_100 = eerste analysejaar vanaf eerste positieve jaar",4,2.83627048010038,400,"model3_overdisp",TRUE,FALSE,NA
72,4070,"Waterral","water rail",2007,1997,"index_100 = eerste analysejaar vanaf eerste positieve jaar",2.7167909418229,2.0206680834391,271.67909418229,"model3_overdisp",TRUE,FALSE,NA
72,4070,"Waterral","water rail",2008,1997,"index_100 = eerste analysejaar vanaf eerste positieve jaar",1.18413431421597,1.06293597887743,118.413431421597,"model3_overdisp",TRUE,FALSE,NA
72,4070,"Waterral","water rail",2009,1997,"index_100 = eerste analysejaar vanaf eerste positieve jaar",1.66666666666667,1.33703072650547,166.666666666667,"model3_overdisp",TRUE,FALSE,NA
72,4070,"Waterral","water rail",2010,1997,"index_100 = eerste analysejaar vanaf eerste positieve jaar",2.66666666666667,1.98313705022205,266.666666666667,"model3_overdisp",TRUE,FALSE,NA
72,4070,"Waterral","water rail",2011,1997,"index_100 = eerste analysejaar vanaf eerste positieve jaar",1.66666666666667,1.33703072650547,166.666666666667,"model3_overdisp",TRUE,FALSE,NA
72,4070,"Waterral","water rail",2012,1997,"index_100 = eerste analysejaar vanaf eerste positieve jaar",1.01696750087565,0.912190330318318,101.696750087565,"model3_overdisp",TRUE,FALSE,NA
72,4070,"Waterral","water rail",2013,1997,"index_100 = eerste analysejaar vanaf eerste positieve jaar",0.666666666666667,0.668515363252733,66.6666666666667,"model3_overdisp",TRUE,FALSE,NA
72,4070,"Waterral","water rail",2014,1997,"index_100 = eerste analysejaar vanaf eerste positieve jaar",2.33333333333333,1.76872539879274,233.333333333333,"model3_overdisp",TRUE,FALSE,NA
72,4070,"Waterral","water rail",2015,1997,"index_100 = eerste analysejaar vanaf eerste positieve jaar",2,1.55348932113698,200,"model3_overdisp",TRUE,FALSE,NA
72,4070,"Waterral","water rail",2016,1997,"index_100 = eerste analysejaar vanaf eerste positieve jaar",1.33333333333333,1.11864016311494,133.333333333333,"model3_overdisp",TRUE,FALSE,NA
72,4070,"Waterral","water rail",2017,1997,"index_100 = eerste analysejaar vanaf eerste positieve jaar",1.33333333333333,1.11864016311494,133.333333333333,"model3_overdisp",TRUE,FALSE,NA
72,4070,"Waterral","water rail",2018,1997,"index_100 = eerste analysejaar vanaf eerste positieve jaar",2.33333333333333,1.76872539879274,233.333333333333,"model3_overdisp",TRUE,FALSE,NA
72,4070,"Waterral","water rail",2019,1997,"index_100 = eerste analysejaar vanaf eerste positieve jaar",3,2.19696566695369,300,"model3_overdisp",TRUE,FALSE,NA
72,4070,"Waterral","water rail",2020,1997,"index_100 = eerste analysejaar vanaf eerste positieve jaar",1,0.896907477741646,100,"model3_overdisp",TRUE,FALSE,NA
72,4070,"Waterral","water rail",2021,1997,"index_100 = eerste analysejaar vanaf eerste positieve jaar",3.33333333333333,2.41036642064317,333.333333333333,"model3_overdisp",TRUE,FALSE,NA
72,4070,"Waterral","water rail",2022,1997,"index_100 = eerste analysejaar vanaf eerste positieve jaar",1,0.896907477741646,100,"model3_overdisp",TRUE,FALSE,NA
77,4240,"Waterhoen","moorhen",1997,1997,"index_100 = eerste analysejaar vanaf eerste positieve jaar",1,0,100,"model3_overdisp",TRUE,FALSE,"Overdispersion 1.0 <1; consider setting overdisp=FALSE"
77,4240,"Waterhoen","moorhen",1998,1997,"index_100 = eerste analysejaar vanaf eerste positieve jaar",0.941176470588235,0.227191737205712,94.1176470588235,"model3_overdisp",TRUE,FALSE,"Overdispersion 1.0 <1; consider setting overdisp=FALSE"
77,4240,"Waterhoen","moorhen",1999,1997,"index_100 = eerste analysejaar vanaf eerste positieve jaar",1,0.237705642202105,100,"model3_overdisp",TRUE,FALSE,"Overdispersion 1.0 <1; consider setting overdisp=FALSE"
77,4240,"Waterhoen","moorhen",2000,1997,"index_100 = eerste analysejaar vanaf eerste positieve jaar",0.738181846572055,0.208340088136472,73.8181846572055,"model3_overdisp",TRUE,FALSE,"Overdispersion 1.0 <1; consider setting overdisp=FALSE"
77,4240,"Waterhoen","moorhen",2001,1997,"index_100 = eerste analysejaar vanaf eerste positieve jaar",0.588235294117647,0.162464116508522,58.8235294117647,"model3_overdisp",TRUE,FALSE,"Overdispersion 1.0 <1; consider setting overdisp=FALSE"
77,4240,"Waterhoen","moorhen",2002,1997,"index_100 = eerste analysejaar vanaf eerste positieve jaar",0.676470588235294,0.178997481824427,67.6470588235294,"model3_overdisp",TRUE,FALSE,"Overdispersion 1.0 <1; consider setting overdisp=FALSE"
77,4240,"Waterhoen","moorhen",2003,1997,"index_100 = eerste analysejaar vanaf eerste positieve jaar",0.61764705882353,0.168010555421249,61.7647058823529,"model3_overdisp",TRUE,FALSE,"Overdispersion 1.0 <1; consider setting overdisp=FALSE"
77,4240,"Waterhoen","moorhen",2004,1997,"index_100 = eerste analysejaar vanaf eerste positieve jaar",0.647058823529412,0.173520555502282,64.7058823529412,"model3_overdisp",TRUE,FALSE,"Overdispersion 1.0 <1; consider setting overdisp=FALSE"
77,4240,"Waterhoen","moorhen",2005,1997,"index_100 = eerste analysejaar vanaf eerste positieve jaar",0.558823529411765,0.156877373899597,55.8823529411765,"model3_overdisp",TRUE,FALSE,"Overdispersion 1.0 <1; consider setting overdisp=FALSE"
77,4240,"Waterhoen","moorhen",2006,1997,"index_100 = eerste analysejaar vanaf eerste positieve jaar",0.558823529411765,0.156877373899597,55.8823529411765,"model3_overdisp",TRUE,FALSE,"Overdispersion 1.0 <1; consider setting overdisp=FALSE"
77,4240,"Waterhoen","moorhen",2007,1997,"index_100 = eerste analysejaar vanaf eerste positieve jaar",0.372059199167184,0.1225200168337,37.2059199167184,"model3_overdisp",TRUE,FALSE,"Overdispersion 1.0 <1; consider setting overdisp=FALSE"
77,4240,"Waterhoen","moorhen",2008,1997,"index_100 = eerste analysejaar vanaf eerste positieve jaar",0.654879242862697,0.187813910780803,65.4879242862697,"model3_overdisp",TRUE,FALSE,"Overdispersion 1.0 <1; consider setting overdisp=FALSE"
77,4240,"Waterhoen","moorhen",2009,1997,"index_100 = eerste analysejaar vanaf eerste positieve jaar",0.235294117647059,0.0906181546859034,23.5294117647059,"model3_overdisp",TRUE,FALSE,"Overdispersion 1.0 <1; consider setting overdisp=FALSE"
77,4240,"Waterhoen","moorhen",2010,1997,"index_100 = eerste analysejaar vanaf eerste positieve jaar",0.323529411764706,0.109988726824207,32.3529411764706,"model3_overdisp",TRUE,FALSE,"Overdispersion 1.0 <1; consider setting overdisp=FALSE"
77,4240,"Waterhoen","moorhen",2011,1997,"index_100 = eerste analysejaar vanaf eerste positieve jaar",0.0294117647058824,0.029246883663546,2.94117647058824,"model3_overdisp",TRUE,FALSE,"Overdispersion 1.0 <1; consider setting overdisp=FALSE"
77,4240,"Waterhoen","moorhen",2012,1997,"index_100 = eerste analysejaar vanaf eerste positieve jaar",0.122191100153556,0.0633140931055372,12.2191100153556,"model3_overdisp",TRUE,FALSE,"Overdispersion 1.0 <1; consider setting overdisp=FALSE"
77,4240,"Waterhoen","moorhen",2013,1997,"index_100 = eerste analysejaar vanaf eerste positieve jaar",0.121312085680331,0.0628566723208885,12.1312085680331,"model3_overdisp",TRUE,FALSE,"Overdispersion 1.0 <1; consider setting overdisp=FALSE"
77,4240,"Waterhoen","moorhen",2014,1997,"index_100 = eerste analysejaar vanaf eerste positieve jaar",0.181968128520496,0.0789880042667505,18.1968128520496,"model3_overdisp",TRUE,FALSE,"Overdispersion 1.0 <1; consider setting overdisp=FALSE"
77,4240,"Waterhoen","moorhen",2015,1997,"index_100 = eerste analysejaar vanaf eerste positieve jaar",0.117647058823529,0.0609491101569654,11.7647058823529,"model3_overdisp",TRUE,FALSE,"Overdispersion 1.0 <1; consider setting overdisp=FALSE"
77,4240,"Waterhoen","moorhen",2016,1997,"index_100 = eerste analysejaar vanaf eerste positieve jaar",0.352941176470588,0.116148903521545,35.2941176470588,"model3_overdisp",TRUE,FALSE,"Overdispersion 1.0 <1; consider setting overdisp=FALSE"
77,4240,"Waterhoen","moorhen",2017,1997,"index_100 = eerste analysejaar vanaf eerste positieve jaar",0.235294117647059,0.0906181546859034,23.5294117647059,"model3_overdisp",TRUE,FALSE,"Overdispersion 1.0 <1; consider setting overdisp=FALSE"
77,4240,"Waterhoen","moorhen",2018,1997,"index_100 = eerste analysejaar vanaf eerste positieve jaar",0.205882352941176,0.0837503293906223,20.5882352941176,"model3_overdisp",TRUE,FALSE,"Overdispersion 1.0 <1; consider setting overdisp=FALSE"
77,4240,"Waterhoen","moorhen",2019,1997,"index_100 = eerste analysejaar vanaf eerste positieve jaar",0.441176470588235,0.134026058229767,44.1176470588235,"model3_overdisp",TRUE,FALSE,"Overdispersion 1.0 <1; consider setting overdisp=FALSE"
77,4240,"Waterhoen","moorhen",2020,1997,"index_100 = eerste analysejaar vanaf eerste positieve jaar",0.61764705882353,0.168010555421249,61.7647058823529,"model3_overdisp",TRUE,FALSE,"Overdispersion 1.0 <1; consider setting overdisp=FALSE"
77,4240,"Waterhoen","moorhen",2021,1997,"index_100 = eerste analysejaar vanaf eerste positieve jaar",0.294117647058824,0.103698366121962,29.4117647058824,"model3_overdisp",TRUE,FALSE,"Overdispersion 1.0 <1; consider setting overdisp=FALSE"
77,4240,"Waterhoen","moorhen",2022,1997,"index_100 = eerste analysejaar vanaf eerste positieve jaar",0.353835876009297,0.116446649270953,35.3835876009297,"model3_overdisp",TRUE,FALSE,"Overdispersion 1.0 <1; consider setting overdisp=FALSE"
78,4290,"Meerkoet","Eurasian coot",1997,1997,"index_100 = eerste analysejaar vanaf eerste positieve jaar",1,0,100,"model3_overdisp",TRUE,FALSE,NA
78,4290,"Meerkoet","Eurasian coot",1998,1997,"index_100 = eerste analysejaar vanaf eerste positieve jaar",1.00505050505051,0.112220601896449,100.505050505051,"model3_overdisp",TRUE,FALSE,NA
78,4290,"Meerkoet","Eurasian coot",1999,1997,"index_100 = eerste analysejaar vanaf eerste positieve jaar",1.01010101010101,0.112643811199341,101.010101010101,"model3_overdisp",TRUE,FALSE,NA
78,4290,"Meerkoet","Eurasian coot",2000,1997,"index_100 = eerste analysejaar vanaf eerste positieve jaar",0.970153555729312,0.113422260625104,97.0153555729312,"model3_overdisp",TRUE,FALSE,NA
78,4290,"Meerkoet","Eurasian coot",2001,1997,"index_100 = eerste analysejaar vanaf eerste positieve jaar",0.934343434343434,0.10627620878161,93.4343434343434,"model3_overdisp",TRUE,FALSE,NA
78,4290,"Meerkoet","Eurasian coot",2002,1997,"index_100 = eerste analysejaar vanaf eerste positieve jaar",0.909090909090909,0.104143688356564,90.9090909090909,"model3_overdisp",TRUE,FALSE,NA
78,4290,"Meerkoet","Eurasian coot",2003,1997,"index_100 = eerste analysejaar vanaf eerste positieve jaar",0.777777777777778,0.0929570845454015,77.7777777777778,"model3_overdisp",TRUE,FALSE,NA
78,4290,"Meerkoet","Eurasian coot",2004,1997,"index_100 = eerste analysejaar vanaf eerste positieve jaar",0.813131313131313,0.0959866786598074,81.3131313131313,"model3_overdisp",TRUE,FALSE,NA
78,4290,"Meerkoet","Eurasian coot",2005,1997,"index_100 = eerste analysejaar vanaf eerste positieve jaar",0.737373737373737,0.0894759774330389,73.7373737373737,"model3_overdisp",TRUE,FALSE,NA
78,4290,"Meerkoet","Eurasian coot",2006,1997,"index_100 = eerste analysejaar vanaf eerste positieve jaar",0.772727272727273,0.0925230787660284,77.2727272727273,"model3_overdisp",TRUE,FALSE,NA
78,4290,"Meerkoet","Eurasian coot",2007,1997,"index_100 = eerste analysejaar vanaf eerste positieve jaar",0.779008324218332,0.0942109480435853,77.9008324218332,"model3_overdisp",TRUE,FALSE,NA
78,4290,"Meerkoet","Eurasian coot",2008,1997,"index_100 = eerste analysejaar vanaf eerste positieve jaar",0.723024574117131,0.0906803286196094,72.3024574117131,"model3_overdisp",TRUE,FALSE,NA
78,4290,"Meerkoet","Eurasian coot",2009,1997,"index_100 = eerste analysejaar vanaf eerste positieve jaar",0.681818181818182,0.0846525028643189,68.1818181818182,"model3_overdisp",TRUE,FALSE,NA
78,4290,"Meerkoet","Eurasian coot",2010,1997,"index_100 = eerste analysejaar vanaf eerste positieve jaar",0.580808080808081,0.075748125680698,58.0808080808081,"model3_overdisp",TRUE,FALSE,NA
78,4290,"Meerkoet","Eurasian coot",2011,1997,"index_100 = eerste analysejaar vanaf eerste positieve jaar",0.560606060606061,0.0739420575377141,56.0606060606061,"model3_overdisp",TRUE,FALSE,NA
78,4290,"Meerkoet","Eurasian coot",2012,1997,"index_100 = eerste analysejaar vanaf eerste positieve jaar",0.501764634083645,0.071301918147166,50.1764634083645,"model3_overdisp",TRUE,FALSE,NA
78,4290,"Meerkoet","Eurasian coot",2013,1997,"index_100 = eerste analysejaar vanaf eerste positieve jaar",0.417771667178499,0.0610322017928612,41.7771667178499,"model3_overdisp",TRUE,FALSE,NA
78,4290,"Meerkoet","Eurasian coot",2014,1997,"index_100 = eerste analysejaar vanaf eerste positieve jaar",0.489098537184585,0.0676684227234666,48.9098537184585,"model3_overdisp",TRUE,FALSE,NA
78,4290,"Meerkoet","Eurasian coot",2015,1997,"index_100 = eerste analysejaar vanaf eerste positieve jaar",0.545454545454546,0.0725810744747171,54.5454545454546,"model3_overdisp",TRUE,FALSE,NA
78,4290,"Meerkoet","Eurasian coot",2016,1997,"index_100 = eerste analysejaar vanaf eerste positieve jaar",0.616161616161616,0.0788870483305705,61.6161616161616,"model3_overdisp",TRUE,FALSE,NA
78,4290,"Meerkoet","Eurasian coot",2017,1997,"index_100 = eerste analysejaar vanaf eerste positieve jaar",0.747474747474748,0.0903482425754406,74.7474747474748,"model3_overdisp",TRUE,FALSE,NA
78,4290,"Meerkoet","Eurasian coot",2018,1997,"index_100 = eerste analysejaar vanaf eerste positieve jaar",0.494949494949495,0.0680001225676439,49.4949494949495,"model3_overdisp",TRUE,FALSE,NA
78,4290,"Meerkoet","Eurasian coot",2019,1997,"index_100 = eerste analysejaar vanaf eerste positieve jaar",0.601010101010101,0.0775450202877525,60.1010101010101,"model3_overdisp",TRUE,FALSE,NA
78,4290,"Meerkoet","Eurasian coot",2020,1997,"index_100 = eerste analysejaar vanaf eerste positieve jaar",0.621212121212121,0.0793333647009754,62.1212121212121,"model3_overdisp",TRUE,FALSE,NA
78,4290,"Meerkoet","Eurasian coot",2021,1997,"index_100 = eerste analysejaar vanaf eerste positieve jaar",0.54040404040404,0.0721261267346536,54.040404040404,"model3_overdisp",TRUE,FALSE,NA
78,4290,"Meerkoet","Eurasian coot",2022,1997,"index_100 = eerste analysejaar vanaf eerste positieve jaar",0.513007235203889,0.0697811028575412,51.300723520389,"model3_overdisp",TRUE,FALSE,NA
80,4500,"Scholekster","oystercatcher",1997,1997,"index_100 = eerste analysejaar vanaf eerste positieve jaar",1,0,100,"model2_basis",FALSE,FALSE,"Data ends with 17 years without positive observations."
80,4500,"Scholekster","oystercatcher",1998,1997,"index_100 = eerste analysejaar vanaf eerste positieve jaar",0.25,0.451177961543512,25,"model2_basis",FALSE,FALSE,"Data ends with 17 years without positive observations."
80,4500,"Scholekster","oystercatcher",1999,1997,"index_100 = eerste analysejaar vanaf eerste positieve jaar",0.25,0.400637924020814,25,"model2_basis",FALSE,FALSE,"Data ends with 17 years without positive observations."
80,4500,"Scholekster","oystercatcher",2000,1997,"index_100 = eerste analysejaar vanaf eerste positieve jaar",0.5,0.416021491150002,50,"model2_basis",FALSE,FALSE,"Data ends with 17 years without positive observations."
80,4500,"Scholekster","oystercatcher",2001,1997,"index_100 = eerste analysejaar vanaf eerste positieve jaar",1,0.574929368739223,100,"model2_basis",FALSE,FALSE,"Data ends with 17 years without positive observations."
80,4500,"Scholekster","oystercatcher",2002,1997,"index_100 = eerste analysejaar vanaf eerste positieve jaar",0.5,0.35734858255552,50,"model2_basis",FALSE,FALSE,"Data ends with 17 years without positive observations."
80,4500,"Scholekster","oystercatcher",2003,1997,"index_100 = eerste analysejaar vanaf eerste positieve jaar",0.25,0.258233073165755,25,"model2_basis",FALSE,FALSE,"Data ends with 17 years without positive observations."
80,4500,"Scholekster","oystercatcher",2004,1997,"index_100 = eerste analysejaar vanaf eerste positieve jaar",0.25,0.234364812670799,25,"model2_basis",FALSE,FALSE,"Data ends with 17 years without positive observations."
80,4500,"Scholekster","oystercatcher",2005,1997,"index_100 = eerste analysejaar vanaf eerste positieve jaar",0.25,0.214143506097586,25,"model2_basis",FALSE,FALSE,"Data ends with 17 years without positive observations."
80,4500,"Scholekster","oystercatcher",2006,1997,"index_100 = eerste analysejaar vanaf eerste positieve jaar",0,0.153637002835164,0,"model2_basis",FALSE,FALSE,"Data ends with 17 years without positive observations."
80,4500,"Scholekster","oystercatcher",2007,1997,"index_100 = eerste analysejaar vanaf eerste positieve jaar",0,0.134936371647952,0,"model2_basis",FALSE,FALSE,"Data ends with 17 years without positive observations."
80,4500,"Scholekster","oystercatcher",2008,1997,"index_100 = eerste analysejaar vanaf eerste positieve jaar",0,0.118511973401676,0,"model2_basis",FALSE,FALSE,"Data ends with 17 years without positive observations."
80,4500,"Scholekster","oystercatcher",2009,1997,"index_100 = eerste analysejaar vanaf eerste positieve jaar",0,0.104086745982788,0,"model2_basis",FALSE,FALSE,"Data ends with 17 years without positive observations."
80,4500,"Scholekster","oystercatcher",2010,1997,"index_100 = eerste analysejaar vanaf eerste positieve jaar",0,0.0914173511613495,0,"model2_basis",FALSE,FALSE,"Data ends with 17 years without positive observations."
80,4500,"Scholekster","oystercatcher",2011,1997,"index_100 = eerste analysejaar vanaf eerste positieve jaar",0,0.0802900697341372,0,"model2_basis",FALSE,FALSE,"Data ends with 17 years without positive observations."
80,4500,"Scholekster","oystercatcher",2012,1997,"index_100 = eerste analysejaar vanaf eerste positieve jaar",0,0.0705171963092071,0,"model2_basis",FALSE,FALSE,"Data ends with 17 years without positive observations."
80,4500,"Scholekster","oystercatcher",2013,1997,"index_100 = eerste analysejaar vanaf eerste positieve jaar",0.00904916154191296,0.0419660196225902,0.904916154191296,"model2_basis",FALSE,FALSE,"Data ends with 17 years without positive observations."
80,4500,"Scholekster","oystercatcher",2014,1997,"index_100 = eerste analysejaar vanaf eerste positieve jaar",0.00698031055131464,0.0366107999098106,0.698031055131464,"model2_basis",FALSE,FALSE,"Data ends with 17 years without positive observations."
80,4500,"Scholekster","oystercatcher",2015,1997,"index_100 = eerste analysejaar vanaf eerste positieve jaar",0,0.0477743340745183,0,"model2_basis",FALSE,FALSE,"Data ends with 17 years without positive observations."
80,4500,"Scholekster","oystercatcher",2016,1997,"index_100 = eerste analysejaar vanaf eerste positieve jaar",0,0.0419592622802528,0,"model2_basis",FALSE,FALSE,"Data ends with 17 years without positive observations."
80,4500,"Scholekster","oystercatcher",2017,1997,"index_100 = eerste analysejaar vanaf eerste positieve jaar",0,0.0368519985722229,0,"model2_basis",FALSE,FALSE,"Data ends with 17 years without positive observations."
80,4500,"Scholekster","oystercatcher",2018,1997,"index_100 = eerste analysejaar vanaf eerste positieve jaar",0,0.0323663888486968,0,"model2_basis",FALSE,FALSE,"Data ends with 17 years without positive observations."
80,4500,"Scholekster","oystercatcher",2019,1997,"index_100 = eerste analysejaar vanaf eerste positieve jaar",0,0.0284267656488692,0,"model2_basis",FALSE,FALSE,"Data ends with 17 years without positive observations."
80,4500,"Scholekster","oystercatcher",2020,1997,"index_100 = eerste analysejaar vanaf eerste positieve jaar",0,0.0249666717233507,0,"model2_basis",FALSE,FALSE,"Data ends with 17 years without positive observations."
80,4500,"Scholekster","oystercatcher",2021,1997,"index_100 = eerste analysejaar vanaf eerste positieve jaar",0,0.0219277389711183,0,"model2_basis",FALSE,FALSE,"Data ends with 17 years without positive observations."
80,4500,"Scholekster","oystercatcher",2022,1997,"index_100 = eerste analysejaar vanaf eerste positieve jaar",0,0.0192587038317886,0,"model2_basis",FALSE,FALSE,"Data ends with 17 years without positive observations."
84,4690,"Kleine Plevier","little ringed plover",1997,1997,"index_100 = eerste analysejaar vanaf eerste positieve jaar",1,0,100,"model2_basis",FALSE,FALSE,NA
84,4690,"Kleine Plevier","little ringed plover",1998,1997,"index_100 = eerste analysejaar vanaf eerste positieve jaar",0.25,0.212475561851585,25,"model2_basis",FALSE,FALSE,NA
84,4690,"Kleine Plevier","little ringed plover",1999,1997,"index_100 = eerste analysejaar vanaf eerste positieve jaar",0.25,0.221565898363211,25,"model2_basis",FALSE,FALSE,NA
84,4690,"Kleine Plevier","little ringed plover",2000,1997,"index_100 = eerste analysejaar vanaf eerste positieve jaar",0.767508522747323,0.264066196975665,76.7508522747323,"model2_basis",FALSE,FALSE,NA
84,4690,"Kleine Plevier","little ringed plover",2001,1997,"index_100 = eerste analysejaar vanaf eerste positieve jaar",0.25,0.241060101274721,25,"model2_basis",FALSE,FALSE,NA
84,4690,"Kleine Plevier","little ringed plover",2002,1997,"index_100 = eerste analysejaar vanaf eerste positieve jaar",0,0.246597279055681,0,"model2_basis",FALSE,FALSE,NA
84,4690,"Kleine Plevier","little ringed plover",2003,1997,"index_100 = eerste analysejaar vanaf eerste positieve jaar",0,0.257737997053629,0,"model2_basis",FALSE,FALSE,NA
84,4690,"Kleine Plevier","little ringed plover",2004,1997,"index_100 = eerste analysejaar vanaf eerste positieve jaar",0,0.269382027975326,0,"model2_basis",FALSE,FALSE,NA
84,4690,"Kleine Plevier","little ringed plover",2005,1997,"index_100 = eerste analysejaar vanaf eerste positieve jaar",0.5,0.298402912034551,50,"model2_basis",FALSE,FALSE,NA
84,4690,"Kleine Plevier","little ringed plover",2006,1997,"index_100 = eerste analysejaar vanaf eerste positieve jaar",0,0.294272010112949,0,"model2_basis",FALSE,FALSE,NA
84,4690,"Kleine Plevier","little ringed plover",2007,1997,"index_100 = eerste analysejaar vanaf eerste positieve jaar",0.0194825305980004,0.30024689194082,1.94825305980004,"model2_basis",FALSE,FALSE,NA
84,4690,"Kleine Plevier","little ringed plover",2008,1997,"index_100 = eerste analysejaar vanaf eerste positieve jaar",0.264222569824924,0.320492108679114,26.4222569824924,"model2_basis",FALSE,FALSE,NA
84,4690,"Kleine Plevier","little ringed plover",2009,1997,"index_100 = eerste analysejaar vanaf eerste positieve jaar",0.5,0.350226220682972,50,"model2_basis",FALSE,FALSE,NA
84,4690,"Kleine Plevier","little ringed plover",2010,1997,"index_100 = eerste analysejaar vanaf eerste positieve jaar",0,0.35116371221745,0,"model2_basis",FALSE,FALSE,NA
84,4690,"Kleine Plevier","little ringed plover",2011,1997,"index_100 = eerste analysejaar vanaf eerste positieve jaar",0,0.367028509687677,0,"model2_basis",FALSE,FALSE,NA
84,4690,"Kleine Plevier","little ringed plover",2012,1997,"index_100 = eerste analysejaar vanaf eerste positieve jaar",0.25,0.386781388184296,25,"model2_basis",FALSE,FALSE,NA
84,4690,"Kleine Plevier","little ringed plover",2013,1997,"index_100 = eerste analysejaar vanaf eerste positieve jaar",0.296584240890158,0.391159947563032,29.6584240890158,"model2_basis",FALSE,FALSE,NA
84,4690,"Kleine Plevier","little ringed plover",2014,1997,"index_100 = eerste analysejaar vanaf eerste positieve jaar",0.30088846612881,0.408632253136954,30.088846612881,"model2_basis",FALSE,FALSE,NA
84,4690,"Kleine Plevier","little ringed plover",2015,1997,"index_100 = eerste analysejaar vanaf eerste positieve jaar",1,0.48054425673571,100,"model2_basis",FALSE,FALSE,NA
84,4690,"Kleine Plevier","little ringed plover",2016,1997,"index_100 = eerste analysejaar vanaf eerste positieve jaar",1.25,0.520226866808703,125,"model2_basis",FALSE,FALSE,NA
84,4690,"Kleine Plevier","little ringed plover",2017,1997,"index_100 = eerste analysejaar vanaf eerste positieve jaar",1.25,0.538514908647306,125,"model2_basis",FALSE,FALSE,NA
84,4690,"Kleine Plevier","little ringed plover",2018,1997,"index_100 = eerste analysejaar vanaf eerste positieve jaar",1,0.537736963331308,100,"model2_basis",FALSE,FALSE,NA
84,4690,"Kleine Plevier","little ringed plover",2019,1997,"index_100 = eerste analysejaar vanaf eerste positieve jaar",1.75,0.626810586330525,175,"model2_basis",FALSE,FALSE,NA
84,4690,"Kleine Plevier","little ringed plover",2020,1997,"index_100 = eerste analysejaar vanaf eerste positieve jaar",1.75,0.646631293311496,175,"model2_basis",FALSE,FALSE,NA
84,4690,"Kleine Plevier","little ringed plover",2021,1997,"index_100 = eerste analysejaar vanaf eerste positieve jaar",1,0.604218381573951,100,"model2_basis",FALSE,FALSE,NA
84,4690,"Kleine Plevier","little ringed plover",2022,1997,"index_100 = eerste analysejaar vanaf eerste positieve jaar",1.5,0.666381019946823,150,"model2_basis",FALSE,FALSE,NA
88,4930,"Kievit","lapwing",1997,1997,"index_100 = eerste analysejaar vanaf eerste positieve jaar",1,0,100,"model3_overdisp",TRUE,FALSE,"Overdispersion 1.0 <1; consider setting overdisp=FALSE"
88,4930,"Kievit","lapwing",1998,1997,"index_100 = eerste analysejaar vanaf eerste positieve jaar",0.916666666666667,0.379329548141062,91.6666666666667,"model3_overdisp",TRUE,FALSE,"Overdispersion 1.0 <1; consider setting overdisp=FALSE"
88,4930,"Kievit","lapwing",1999,1997,"index_100 = eerste analysejaar vanaf eerste positieve jaar",1.41666666666667,0.52951695753339,141.666666666667,"model3_overdisp",TRUE,FALSE,"Overdispersion 1.0 <1; consider setting overdisp=FALSE"
88,4930,"Kievit","lapwing",2000,1997,"index_100 = eerste analysejaar vanaf eerste positieve jaar",2.08333333333333,0.72531603616351,208.333333333333,"model3_overdisp",TRUE,FALSE,"Overdispersion 1.0 <1; consider setting overdisp=FALSE"
88,4930,"Kievit","lapwing",2001,1997,"index_100 = eerste analysejaar vanaf eerste positieve jaar",1.33333333333333,0.504772190347979,133.333333333333,"model3_overdisp",TRUE,FALSE,"Overdispersion 1.0 <1; consider setting overdisp=FALSE"
88,4930,"Kievit","lapwing",2002,1997,"index_100 = eerste analysejaar vanaf eerste positieve jaar",1.16666666666667,0.454995503681977,116.666666666667,"model3_overdisp",TRUE,FALSE,"Overdispersion 1.0 <1; consider setting overdisp=FALSE"
88,4930,"Kievit","lapwing",2003,1997,"index_100 = eerste analysejaar vanaf eerste positieve jaar",1.25,0.47993665988388,125,"model3_overdisp",TRUE,FALSE,"Overdispersion 1.0 <1; consider setting overdisp=FALSE"
88,4930,"Kievit","lapwing",2004,1997,"index_100 = eerste analysejaar vanaf eerste positieve jaar",0.833333333333333,0.353726627549166,83.3333333333333,"model3_overdisp",TRUE,FALSE,"Overdispersion 1.0 <1; consider setting overdisp=FALSE"
88,4930,"Kievit","lapwing",2005,1997,"index_100 = eerste analysejaar vanaf eerste positieve jaar",1.08333333333333,0.429930339426815,108.333333333333,"model3_overdisp",TRUE,FALSE,"Overdispersion 1.0 <1; consider setting overdisp=FALSE"
88,4930,"Kievit","lapwing",2006,1997,"index_100 = eerste analysejaar vanaf eerste positieve jaar",0.833333333333333,0.353726627549166,83.3333333333333,"model3_overdisp",TRUE,FALSE,"Overdispersion 1.0 <1; consider setting overdisp=FALSE"
88,4930,"Kievit","lapwing",2007,1997,"index_100 = eerste analysejaar vanaf eerste positieve jaar",1.08333333333333,0.429930339426815,108.333333333333,"model3_overdisp",TRUE,FALSE,"Overdispersion 1.0 <1; consider setting overdisp=FALSE"
88,4930,"Kievit","lapwing",2008,1997,"index_100 = eerste analysejaar vanaf eerste positieve jaar",0.916666666666667,0.379329548141062,91.6666666666667,"model3_overdisp",TRUE,FALSE,"Overdispersion 1.0 <1; consider setting overdisp=FALSE"
88,4930,"Kievit","lapwing",2009,1997,"index_100 = eerste analysejaar vanaf eerste positieve jaar",0.916666666666667,0.379329548141062,91.6666666666667,"model3_overdisp",TRUE,FALSE,"Overdispersion 1.0 <1; consider setting overdisp=FALSE"
88,4930,"Kievit","lapwing",2010,1997,"index_100 = eerste analysejaar vanaf eerste positieve jaar",0.75,0.327859154973948,75,"model3_overdisp",TRUE,FALSE,"Overdispersion 1.0 <1; consider setting overdisp=FALSE"
88,4930,"Kievit","lapwing",2011,1997,"index_100 = eerste analysejaar vanaf eerste positieve jaar",1,0.404718127425766,100,"model3_overdisp",TRUE,FALSE,"Overdispersion 1.0 <1; consider setting overdisp=FALSE"
88,4930,"Kievit","lapwing",2012,1997,"index_100 = eerste analysejaar vanaf eerste positieve jaar",0.916666666666667,0.379329548141062,91.6666666666667,"model3_overdisp",TRUE,FALSE,"Overdispersion 1.0 <1; consider setting overdisp=FALSE"
88,4930,"Kievit","lapwing",2013,1997,"index_100 = eerste analysejaar vanaf eerste positieve jaar",0.867671691792296,0.410578355023272,86.7671691792296,"model3_overdisp",TRUE,FALSE,"Overdispersion 1.0 <1; consider setting overdisp=FALSE"
88,4930,"Kievit","lapwing",2014,1997,"index_100 = eerste analysejaar vanaf eerste positieve jaar",1.48743718592965,0.604959472308969,148.743718592965,"model3_overdisp",TRUE,FALSE,"Overdispersion 1.0 <1; consider setting overdisp=FALSE"
88,4930,"Kievit","lapwing",2015,1997,"index_100 = eerste analysejaar vanaf eerste positieve jaar",1.25,0.47993665988388,125,"model3_overdisp",TRUE,FALSE,"Overdispersion 1.0 <1; consider setting overdisp=FALSE"
88,4930,"Kievit","lapwing",2016,1997,"index_100 = eerste analysejaar vanaf eerste positieve jaar",1.08333333333333,0.429930339426815,108.333333333333,"model3_overdisp",TRUE,FALSE,"Overdispersion 1.0 <1; consider setting overdisp=FALSE"
88,4930,"Kievit","lapwing",2017,1997,"index_100 = eerste analysejaar vanaf eerste positieve jaar",1.25,0.47993665988388,125,"model3_overdisp",TRUE,FALSE,"Overdispersion 1.0 <1; consider setting overdisp=FALSE"
88,4930,"Kievit","lapwing",2018,1997,"index_100 = eerste analysejaar vanaf eerste positieve jaar",0.833333333333333,0.353726627549166,83.3333333333333,"model3_overdisp",TRUE,FALSE,"Overdispersion 1.0 <1; consider setting overdisp=FALSE"
88,4930,"Kievit","lapwing",2019,1997,"index_100 = eerste analysejaar vanaf eerste positieve jaar",1,0.404718127425766,100,"model3_overdisp",TRUE,FALSE,"Overdispersion 1.0 <1; consider setting overdisp=FALSE"
88,4930,"Kievit","lapwing",2020,1997,"index_100 = eerste analysejaar vanaf eerste positieve jaar",0.75,0.327859154973948,75,"model3_overdisp",TRUE,FALSE,"Overdispersion 1.0 <1; consider setting overdisp=FALSE"
88,4930,"Kievit","lapwing",2021,1997,"index_100 = eerste analysejaar vanaf eerste positieve jaar",0.333333333333333,0.190785954914587,33.3333333333333,"model3_overdisp",TRUE,FALSE,"Overdispersion 1.0 <1; consider setting overdisp=FALSE"
88,4930,"Kievit","lapwing",2022,1997,"index_100 = eerste analysejaar vanaf eerste positieve jaar",0.666666666666667,0.301659081550145,66.6666666666667,"model3_overdisp",TRUE,FALSE,"Overdispersion 1.0 <1; consider setting overdisp=FALSE"
94,5290,"Houtsnip","Woodcock",1998,1998,"index_100 = eerste analysejaar vanaf eerste positieve jaar",1,0,100,"model2_basis",FALSE,FALSE,NA
94,5290,"Houtsnip","Woodcock",1999,1998,"index_100 = eerste analysejaar vanaf eerste positieve jaar",0.931433557170128,1.34637409471246,93.1433557170128,"model2_basis",FALSE,FALSE,NA
94,5290,"Houtsnip","Woodcock",2000,1998,"index_100 = eerste analysejaar vanaf eerste positieve jaar",1.03702092186214,1.38449713462871,103.702092186214,"model2_basis",FALSE,FALSE,NA
94,5290,"Houtsnip","Woodcock",2001,1998,"index_100 = eerste analysejaar vanaf eerste positieve jaar",1.86286711434026,2.0716601862206,186.286711434026,"model2_basis",FALSE,FALSE,NA
94,5290,"Houtsnip","Woodcock",2002,1998,"index_100 = eerste analysejaar vanaf eerste positieve jaar",0,1.02356150767444,0,"model2_basis",FALSE,FALSE,NA
94,5290,"Houtsnip","Woodcock",2003,1998,"index_100 = eerste analysejaar vanaf eerste positieve jaar",0,1.03019802183654,0,"model2_basis",FALSE,FALSE,NA
94,5290,"Houtsnip","Woodcock",2004,1998,"index_100 = eerste analysejaar vanaf eerste positieve jaar",0.931433557170128,1.3728777616921,93.1433557170128,"model2_basis",FALSE,FALSE,NA
94,5290,"Houtsnip","Woodcock",2005,1998,"index_100 = eerste analysejaar vanaf eerste positieve jaar",0.931433557170128,1.37833982660969,93.1433557170128,"model2_basis",FALSE,FALSE,NA
94,5290,"Houtsnip","Woodcock",2006,1998,"index_100 = eerste analysejaar vanaf eerste positieve jaar",1.86286711434026,2.09068136483116,186.286711434026,"model2_basis",FALSE,FALSE,NA
94,5290,"Houtsnip","Woodcock",2007,1998,"index_100 = eerste analysejaar vanaf eerste positieve jaar",2.79430067151038,2.91351855723032,279.430067151038,"model2_basis",FALSE,FALSE,NA
94,5290,"Houtsnip","Woodcock",2008,1998,"index_100 = eerste analysejaar vanaf eerste positieve jaar",2.06284288706217,2.21904999592271,206.284288706217,"model2_basis",FALSE,FALSE,NA
94,5290,"Houtsnip","Woodcock",2009,1998,"index_100 = eerste analysejaar vanaf eerste positieve jaar",1.20626722947129,1.49965548815004,120.626722947129,"model2_basis",FALSE,FALSE,NA
94,5290,"Houtsnip","Woodcock",2010,1998,"index_100 = eerste analysejaar vanaf eerste positieve jaar",1.95209277078938,2.16065703714345,195.209277078938,"model2_basis",FALSE,FALSE,NA
94,5290,"Houtsnip","Woodcock",2011,1998,"index_100 = eerste analysejaar vanaf eerste positieve jaar",1.13235220591769,1.48169743451411,113.235220591769,"model2_basis",FALSE,FALSE,NA
94,5290,"Houtsnip","Woodcock",2012,1998,"index_100 = eerste analysejaar vanaf eerste positieve jaar",0.971123134853802,1.43020865349766,97.1123134853802,"model2_basis",FALSE,FALSE,NA
94,5290,"Houtsnip","Woodcock",2013,1998,"index_100 = eerste analysejaar vanaf eerste positieve jaar",0.134822301201335,1.0517357700645,13.4822301201335,"model2_basis",FALSE,FALSE,NA
94,5290,"Houtsnip","Woodcock",2014,1998,"index_100 = eerste analysejaar vanaf eerste positieve jaar",2.20830607087373,2.35221828759428,220.830607087373,"model2_basis",FALSE,FALSE,NA
94,5290,"Houtsnip","Woodcock",2015,1998,"index_100 = eerste analysejaar vanaf eerste positieve jaar",0.211579886127378,1.05060470485541,21.1579886127378,"model2_basis",FALSE,FALSE,NA
94,5290,"Houtsnip","Woodcock",2016,1998,"index_100 = eerste analysejaar vanaf eerste positieve jaar",2.077199556101,2.27550513782194,207.7199556101,"model2_basis",FALSE,FALSE,NA
94,5290,"Houtsnip","Woodcock",2017,1998,"index_100 = eerste analysejaar vanaf eerste positieve jaar",0.0931110472442672,1.09780079458356,9.31110472442672,"model2_basis",FALSE,FALSE,NA
94,5290,"Houtsnip","Woodcock",2018,1998,"index_100 = eerste analysejaar vanaf eerste positieve jaar",1.86286711434026,2.14166505471473,186.286711434026,"model2_basis",FALSE,FALSE,NA
94,5290,"Houtsnip","Woodcock",2019,1998,"index_100 = eerste analysejaar vanaf eerste positieve jaar",3.01710750647929,3.13433697150791,301.710750647929,"model2_basis",FALSE,FALSE,NA
94,5290,"Houtsnip","Woodcock",2020,1998,"index_100 = eerste analysejaar vanaf eerste positieve jaar",1.12976325524376,1.5537870039472,112.976325524376,"model2_basis",FALSE,FALSE,NA
94,5290,"Houtsnip","Woodcock",2021,1998,"index_100 = eerste analysejaar vanaf eerste positieve jaar",0.931433557170128,1.47345814945719,93.1433557170128,"model2_basis",FALSE,FALSE,NA
94,5290,"Houtsnip","Woodcock",2022,1998,"index_100 = eerste analysejaar vanaf eerste positieve jaar",0.976866703141385,1.49948923198344,97.6866703141385,"model2_basis",FALSE,FALSE,NA
97,5410,"Wulp","Curlew",1997,1997,"index_100 = eerste analysejaar vanaf eerste positieve jaar",1,0,100,"model2_basis",FALSE,FALSE,"Data ends with 11 years without positive observations."
97,5410,"Wulp","Curlew",1998,1997,"index_100 = eerste analysejaar vanaf eerste positieve jaar",3,3.31707711247622,300,"model2_basis",FALSE,FALSE,"Data ends with 11 years without positive observations."
97,5410,"Wulp","Curlew",1999,1997,"index_100 = eerste analysejaar vanaf eerste positieve jaar",0,0.822766444298316,0,"model2_basis",FALSE,FALSE,"Data ends with 11 years without positive observations."
97,5410,"Wulp","Curlew",2000,1997,"index_100 = eerste analysejaar vanaf eerste positieve jaar",0,0.724556066993266,0,"model2_basis",FALSE,FALSE,"Data ends with 11 years without positive observations."
97,5410,"Wulp","Curlew",2001,1997,"index_100 = eerste analysejaar vanaf eerste positieve jaar",0,0.638068674111366,0,"model2_basis",FALSE,FALSE,"Data ends with 11 years without positive observations."
97,5410,"Wulp","Curlew",2002,1997,"index_100 = eerste analysejaar vanaf eerste positieve jaar",0,0.561904939353743,0,"model2_basis",FALSE,FALSE,"Data ends with 11 years without positive observations."
97,5410,"Wulp","Curlew",2003,1997,"index_100 = eerste analysejaar vanaf eerste positieve jaar",0,0.494832568468994,0,"model2_basis",FALSE,FALSE,"Data ends with 11 years without positive observations."
97,5410,"Wulp","Curlew",2004,1997,"index_100 = eerste analysejaar vanaf eerste positieve jaar",0,0.435766361298121,0,"model2_basis",FALSE,FALSE,"Data ends with 11 years without positive observations."
97,5410,"Wulp","Curlew",2005,1997,"index_100 = eerste analysejaar vanaf eerste positieve jaar",0,0.383750653734311,0,"model2_basis",FALSE,FALSE,"Data ends with 11 years without positive observations."
97,5410,"Wulp","Curlew",2006,1997,"index_100 = eerste analysejaar vanaf eerste positieve jaar",0,0.337943855516564,0,"model2_basis",FALSE,FALSE,"Data ends with 11 years without positive observations."
97,5410,"Wulp","Curlew",2007,1997,"index_100 = eerste analysejaar vanaf eerste positieve jaar",0,0.297604833685757,0,"model2_basis",FALSE,FALSE,"Data ends with 11 years without positive observations."
97,5410,"Wulp","Curlew",2008,1997,"index_100 = eerste analysejaar vanaf eerste positieve jaar",0,0.262080921393719,0,"model2_basis",FALSE,FALSE,"Data ends with 11 years without positive observations."
97,5410,"Wulp","Curlew",2009,1997,"index_100 = eerste analysejaar vanaf eerste positieve jaar",0,0.230797358053356,0,"model2_basis",FALSE,FALSE,"Data ends with 11 years without positive observations."
97,5410,"Wulp","Curlew",2010,1997,"index_100 = eerste analysejaar vanaf eerste positieve jaar",0,0.203247989976295,0,"model2_basis",FALSE,FALSE,"Data ends with 11 years without positive observations."
97,5410,"Wulp","Curlew",2011,1997,"index_100 = eerste analysejaar vanaf eerste positieve jaar",1,1.07591988424851,100,"model2_basis",FALSE,FALSE,"Data ends with 11 years without positive observations."
97,5410,"Wulp","Curlew",2012,1997,"index_100 = eerste analysejaar vanaf eerste positieve jaar",0,0.157622100875268,0,"model2_basis",FALSE,FALSE,"Data ends with 11 years without positive observations."
97,5410,"Wulp","Curlew",2013,1997,"index_100 = eerste analysejaar vanaf eerste positieve jaar",0.0038743726407943,0.125458750235373,0.38743726407943,"model2_basis",FALSE,FALSE,"Data ends with 11 years without positive observations."
97,5410,"Wulp","Curlew",2014,1997,"index_100 = eerste analysejaar vanaf eerste positieve jaar",0.00300463859586943,0.110349283296945,0.300463859586943,"model2_basis",FALSE,FALSE,"Data ends with 11 years without positive observations."
97,5410,"Wulp","Curlew",2015,1997,"index_100 = eerste analysejaar vanaf eerste positieve jaar",0,0.107647361711089,0,"model2_basis",FALSE,FALSE,"Data ends with 11 years without positive observations."
97,5410,"Wulp","Curlew",2016,1997,"index_100 = eerste analysejaar vanaf eerste positieve jaar",0,0.0947979217724491,0,"model2_basis",FALSE,FALSE,"Data ends with 11 years without positive observations."
97,5410,"Wulp","Curlew",2017,1997,"index_100 = eerste analysejaar vanaf eerste positieve jaar",0,0.0834822686736565,0,"model2_basis",FALSE,FALSE,"Data ends with 11 years without positive observations."
97,5410,"Wulp","Curlew",2018,1997,"index_100 = eerste analysejaar vanaf eerste positieve jaar",0,0.0735173203441052,0,"model2_basis",FALSE,FALSE,"Data ends with 11 years without positive observations."
97,5410,"Wulp","Curlew",2019,1997,"index_100 = eerste analysejaar vanaf eerste positieve jaar",0,0.0647418484960664,0,"model2_basis",FALSE,FALSE,"Data ends with 11 years without positive observations."
97,5410,"Wulp","Curlew",2020,1997,"index_100 = eerste analysejaar vanaf eerste positieve jaar",0,0.0570138700250343,0,"model2_basis",FALSE,FALSE,"Data ends with 11 years without positive observations."
97,5410,"Wulp","Curlew",2021,1997,"index_100 = eerste analysejaar vanaf eerste positieve jaar",0,0.050208349788298,0,"model2_basis",FALSE,FALSE,"Data ends with 11 years without positive observations."
97,5410,"Wulp","Curlew",2022,1997,"index_100 = eerste analysejaar vanaf eerste positieve jaar",0.000390581228507038,0.0396739595224404,0.0390581228507038,"model2_basis",FALSE,FALSE,"Data ends with 11 years without positive observations."
98,5460,"Tureluur","Redshank",1997,1997,"index_100 = eerste analysejaar vanaf eerste positieve jaar",1,0,100,"model2_basis",FALSE,FALSE,"Data ends with 2 years without positive observations."
98,5460,"Tureluur","Redshank",1998,1997,"index_100 = eerste analysejaar vanaf eerste positieve jaar",1,1.36226145421619,100,"model2_basis",FALSE,FALSE,"Data ends with 2 years without positive observations."
98,5460,"Tureluur","Redshank",1999,1997,"index_100 = eerste analysejaar vanaf eerste positieve jaar",1,1.33745492060172,100,"model2_basis",FALSE,FALSE,"Data ends with 2 years without positive observations."
98,5460,"Tureluur","Redshank",2000,1997,"index_100 = eerste analysejaar vanaf eerste positieve jaar",1,1.31409474404908,100,"model2_basis",FALSE,FALSE,"Data ends with 2 years without positive observations."
98,5460,"Tureluur","Redshank",2001,1997,"index_100 = eerste analysejaar vanaf eerste positieve jaar",1,1.29211318510308,100,"model2_basis",FALSE,FALSE,"Data ends with 2 years without positive observations."
98,5460,"Tureluur","Redshank",2002,1997,"index_100 = eerste analysejaar vanaf eerste positieve jaar",2,2.1233978957672,200,"model2_basis",FALSE,FALSE,"Data ends with 2 years without positive observations."
98,5460,"Tureluur","Redshank",2003,1997,"index_100 = eerste analysejaar vanaf eerste positieve jaar",0,0.776840973715644,0,"model2_basis",FALSE,FALSE,"Data ends with 2 years without positive observations."
98,5460,"Tureluur","Redshank",2004,1997,"index_100 = eerste analysejaar vanaf eerste positieve jaar",0,0.7470986578526,0,"model2_basis",FALSE,FALSE,"Data ends with 2 years without positive observations."
98,5460,"Tureluur","Redshank",2005,1997,"index_100 = eerste analysejaar vanaf eerste positieve jaar",0,0.718495063275929,0,"model2_basis",FALSE,FALSE,"Data ends with 2 years without positive observations."
98,5460,"Tureluur","Redshank",2006,1997,"index_100 = eerste analysejaar vanaf eerste positieve jaar",0,0.690986592635176,0,"model2_basis",FALSE,FALSE,"Data ends with 2 years without positive observations."
98,5460,"Tureluur","Redshank",2007,1997,"index_100 = eerste analysejaar vanaf eerste positieve jaar",0,0.664531317758278,0,"model2_basis",FALSE,FALSE,"Data ends with 2 years without positive observations."
98,5460,"Tureluur","Redshank",2008,1997,"index_100 = eerste analysejaar vanaf eerste positieve jaar",1,1.17154482531392,100,"model2_basis",FALSE,FALSE,"Data ends with 2 years without positive observations."
98,5460,"Tureluur","Redshank",2009,1997,"index_100 = eerste analysejaar vanaf eerste positieve jaar",0,0.61462060750717,0,"model2_basis",FALSE,FALSE,"Data ends with 2 years without positive observations."
98,5460,"Tureluur","Redshank",2010,1997,"index_100 = eerste analysejaar vanaf eerste positieve jaar",0,0.591089098661827,0,"model2_basis",FALSE,FALSE,"Data ends with 2 years without positive observations."
98,5460,"Tureluur","Redshank",2011,1997,"index_100 = eerste analysejaar vanaf eerste positieve jaar",0,0.568458522687551,0,"model2_basis",FALSE,FALSE,"Data ends with 2 years without positive observations."
98,5460,"Tureluur","Redshank",2012,1997,"index_100 = eerste analysejaar vanaf eerste positieve jaar",0,0.54669438625697,0,"model2_basis",FALSE,FALSE,"Data ends with 2 years without positive observations."
98,5460,"Tureluur","Redshank",2013,1997,"index_100 = eerste analysejaar vanaf eerste positieve jaar",1.07809973934172,1.1538762015224,107.809973934172,"model2_basis",FALSE,FALSE,"Data ends with 2 years without positive observations."
98,5460,"Tureluur","Redshank",2014,1997,"index_100 = eerste analysejaar vanaf eerste positieve jaar",0.0722339308285535,0.442323169548132,7.22339308285535,"model2_basis",FALSE,FALSE,"Data ends with 2 years without positive observations."
98,5460,"Tureluur","Redshank",2015,1997,"index_100 = eerste analysejaar vanaf eerste positieve jaar",0,0.486275188814587,0,"model2_basis",FALSE,FALSE,"Data ends with 2 years without positive observations."
98,5460,"Tureluur","Redshank",2016,1997,"index_100 = eerste analysejaar vanaf eerste positieve jaar",0,0.467657542795083,0,"model2_basis",FALSE,FALSE,"Data ends with 2 years without positive observations."
98,5460,"Tureluur","Redshank",2017,1997,"index_100 = eerste analysejaar vanaf eerste positieve jaar",0,0.449752696341093,0,"model2_basis",FALSE,FALSE,"Data ends with 2 years without positive observations."
98,5460,"Tureluur","Redshank",2018,1997,"index_100 = eerste analysejaar vanaf eerste positieve jaar",1,1.07292485392739,100,"model2_basis",FALSE,FALSE,"Data ends with 2 years without positive observations."
98,5460,"Tureluur","Redshank",2019,1997,"index_100 = eerste analysejaar vanaf eerste positieve jaar",0,0.41597328533085,0,"model2_basis",FALSE,FALSE,"Data ends with 2 years without positive observations."
98,5460,"Tureluur","Redshank",2020,1997,"index_100 = eerste analysejaar vanaf eerste positieve jaar",1,1.06024545521994,100,"model2_basis",FALSE,FALSE,"Data ends with 2 years without positive observations."
98,5460,"Tureluur","Redshank",2021,1997,"index_100 = eerste analysejaar vanaf eerste positieve jaar",0,0.384730932169247,0,"model2_basis",FALSE,FALSE,"Data ends with 2 years without positive observations."
98,5460,"Tureluur","Redshank",2022,1997,"index_100 = eerste analysejaar vanaf eerste positieve jaar",0,0.370001033394559,0,"model2_basis",FALSE,FALSE,"Data ends with 2 years without positive observations."
106,5900,"Stormmeeuw","common gull",1997,1997,"index_100 = eerste analysejaar vanaf eerste positieve jaar",1,0,100,"model2_basis",FALSE,FALSE,"Data ends with 10 years without positive observations."
106,5900,"Stormmeeuw","common gull",1998,1997,"index_100 = eerste analysejaar vanaf eerste positieve jaar",1.25,0.728036613355661,125,"model2_basis",FALSE,FALSE,"Data ends with 10 years without positive observations."
106,5900,"Stormmeeuw","common gull",1999,1997,"index_100 = eerste analysejaar vanaf eerste positieve jaar",1.25,0.709506605212869,125,"model2_basis",FALSE,FALSE,"Data ends with 10 years without positive observations."
106,5900,"Stormmeeuw","common gull",2000,1997,"index_100 = eerste analysejaar vanaf eerste positieve jaar",1,0.597808622244274,100,"model2_basis",FALSE,FALSE,"Data ends with 10 years without positive observations."
106,5900,"Stormmeeuw","common gull",2001,1997,"index_100 = eerste analysejaar vanaf eerste positieve jaar",1.125,0.629217159396351,112.5,"model2_basis",FALSE,FALSE,"Data ends with 10 years without positive observations."
106,5900,"Stormmeeuw","common gull",2002,1997,"index_100 = eerste analysejaar vanaf eerste positieve jaar",1.125,0.615690231657909,112.5,"model2_basis",FALSE,FALSE,"Data ends with 10 years without positive observations."
106,5900,"Stormmeeuw","common gull",2003,1997,"index_100 = eerste analysejaar vanaf eerste positieve jaar",0.75,0.458986230233334,75,"model2_basis",FALSE,FALSE,"Data ends with 10 years without positive observations."
106,5900,"Stormmeeuw","common gull",2004,1997,"index_100 = eerste analysejaar vanaf eerste positieve jaar",0.75,0.445268832544821,75,"model2_basis",FALSE,FALSE,"Data ends with 10 years without positive observations."
106,5900,"Stormmeeuw","common gull",2005,1997,"index_100 = eerste analysejaar vanaf eerste positieve jaar",0.75,0.433149618360018,75,"model2_basis",FALSE,FALSE,"Data ends with 10 years without positive observations."
106,5900,"Stormmeeuw","common gull",2006,1997,"index_100 = eerste analysejaar vanaf eerste positieve jaar",0.75,0.422471178405082,75,"model2_basis",FALSE,FALSE,"Data ends with 10 years without positive observations."
106,5900,"Stormmeeuw","common gull",2007,1997,"index_100 = eerste analysejaar vanaf eerste positieve jaar",0.625,0.364701642822596,62.5,"model2_basis",FALSE,FALSE,"Data ends with 10 years without positive observations."
106,5900,"Stormmeeuw","common gull",2008,1997,"index_100 = eerste analysejaar vanaf eerste positieve jaar",0.625,0.355355146147285,62.5,"model2_basis",FALSE,FALSE,"Data ends with 10 years without positive observations."
106,5900,"Stormmeeuw","common gull",2009,1997,"index_100 = eerste analysejaar vanaf eerste positieve jaar",0.375,0.256441564566413,37.5,"model2_basis",FALSE,FALSE,"Data ends with 10 years without positive observations."
106,5900,"Stormmeeuw","common gull",2010,1997,"index_100 = eerste analysejaar vanaf eerste positieve jaar",0.375,0.246586722680043,37.5,"model2_basis",FALSE,FALSE,"Data ends with 10 years without positive observations."
106,5900,"Stormmeeuw","common gull",2011,1997,"index_100 = eerste analysejaar vanaf eerste positieve jaar",0.125,0.17082433819128,12.5,"model2_basis",FALSE,FALSE,"Data ends with 10 years without positive observations."
106,5900,"Stormmeeuw","common gull",2012,1997,"index_100 = eerste analysejaar vanaf eerste positieve jaar",0.25,0.189190477923953,25,"model2_basis",FALSE,FALSE,"Data ends with 10 years without positive observations."
106,5900,"Stormmeeuw","common gull",2013,1997,"index_100 = eerste analysejaar vanaf eerste positieve jaar",0,0.137747652580987,0,"model2_basis",FALSE,FALSE,"Data ends with 10 years without positive observations."
106,5900,"Stormmeeuw","common gull",2014,1997,"index_100 = eerste analysejaar vanaf eerste positieve jaar",0,0.127611796429336,0,"model2_basis",FALSE,FALSE,"Data ends with 10 years without positive observations."
106,5900,"Stormmeeuw","common gull",2015,1997,"index_100 = eerste analysejaar vanaf eerste positieve jaar",0,0.118221764819897,0,"model2_basis",FALSE,FALSE,"Data ends with 10 years without positive observations."
106,5900,"Stormmeeuw","common gull",2016,1997,"index_100 = eerste analysejaar vanaf eerste positieve jaar",0,0.109522677904393,0,"model2_basis",FALSE,FALSE,"Data ends with 10 years without positive observations."
106,5900,"Stormmeeuw","common gull",2017,1997,"index_100 = eerste analysejaar vanaf eerste positieve jaar",0,0.10146369404672,0,"model2_basis",FALSE,FALSE,"Data ends with 10 years without positive observations."
106,5900,"Stormmeeuw","common gull",2018,1997,"index_100 = eerste analysejaar vanaf eerste positieve jaar",0,0.0939977126800462,0,"model2_basis",FALSE,FALSE,"Data ends with 10 years without positive observations."
106,5900,"Stormmeeuw","common gull",2019,1997,"index_100 = eerste analysejaar vanaf eerste positieve jaar",0,0.0870810990285069,0,"model2_basis",FALSE,FALSE,"Data ends with 10 years without positive observations."
106,5900,"Stormmeeuw","common gull",2020,1997,"index_100 = eerste analysejaar vanaf eerste positieve jaar",0,0.0806734290846459,0,"model2_basis",FALSE,FALSE,"Data ends with 10 years without positive observations."
106,5900,"Stormmeeuw","common gull",2021,1997,"index_100 = eerste analysejaar vanaf eerste positieve jaar",0,0.0747372533521294,0,"model2_basis",FALSE,FALSE,"Data ends with 10 years without positive observations."
106,5900,"Stormmeeuw","common gull",2022,1997,"index_100 = eerste analysejaar vanaf eerste positieve jaar",0,0.069237877972928,0,"model2_basis",FALSE,FALSE,"Data ends with 10 years without positive observations."
116,6150,"Visdief","Common Tern",1997,1997,"index_100 = eerste analysejaar vanaf eerste positieve jaar",1,0,100,"model2_basis",FALSE,FALSE,"Data ends with 19 years without positive observations."
116,6150,"Visdief","Common Tern",1998,1997,"index_100 = eerste analysejaar vanaf eerste positieve jaar",0,0.728415811823417,0,"model2_basis",FALSE,FALSE,"Data ends with 19 years without positive observations."
116,6150,"Visdief","Common Tern",1999,1997,"index_100 = eerste analysejaar vanaf eerste positieve jaar",0,0.639520020101276,0,"model2_basis",FALSE,FALSE,"Data ends with 19 years without positive observations."
116,6150,"Visdief","Common Tern",2000,1997,"index_100 = eerste analysejaar vanaf eerste positieve jaar",0,0.561473061775714,0,"model2_basis",FALSE,FALSE,"Data ends with 19 years without positive observations."
116,6150,"Visdief","Common Tern",2001,1997,"index_100 = eerste analysejaar vanaf eerste positieve jaar",1,0.965064972520565,100,"model2_basis",FALSE,FALSE,"Data ends with 19 years without positive observations."
116,6150,"Visdief","Common Tern",2002,1997,"index_100 = eerste analysejaar vanaf eerste positieve jaar",0,0.432791262878596,0,"model2_basis",FALSE,FALSE,"Data ends with 19 years without positive observations."
116,6150,"Visdief","Common Tern",2003,1997,"index_100 = eerste analysejaar vanaf eerste positieve jaar",1,0.912540189167226,100,"model2_basis",FALSE,FALSE,"Data ends with 19 years without positive observations."
116,6150,"Visdief","Common Tern",2004,1997,"index_100 = eerste analysejaar vanaf eerste positieve jaar",0,0.333601538481061,0,"model2_basis",FALSE,FALSE,"Data ends with 19 years without positive observations."
116,6150,"Visdief","Common Tern",2005,1997,"index_100 = eerste analysejaar vanaf eerste positieve jaar",0,0.2928888405939,0,"model2_basis",FALSE,FALSE,"Data ends with 19 years without positive observations."
116,6150,"Visdief","Common Tern",2006,1997,"index_100 = eerste analysejaar vanaf eerste positieve jaar",0,0.25714471622351,0,"model2_basis",FALSE,FALSE,"Data ends with 19 years without positive observations."
116,6150,"Visdief","Common Tern",2007,1997,"index_100 = eerste analysejaar vanaf eerste positieve jaar",0,0.225762801162342,0,"model2_basis",FALSE,FALSE,"Data ends with 19 years without positive observations."
116,6150,"Visdief","Common Tern",2008,1997,"index_100 = eerste analysejaar vanaf eerste positieve jaar",0,0.198210731829174,0,"model2_basis",FALSE,FALSE,"Data ends with 19 years without positive observations."
116,6150,"Visdief","Common Tern",2009,1997,"index_100 = eerste analysejaar vanaf eerste positieve jaar",0,0.174021114240187,0,"model2_basis",FALSE,FALSE,"Data ends with 19 years without positive observations."
116,6150,"Visdief","Common Tern",2010,1997,"index_100 = eerste analysejaar vanaf eerste positieve jaar",0,0.152783595125898,0,"model2_basis",FALSE,FALSE,"Data ends with 19 years without positive observations."
116,6150,"Visdief","Common Tern",2011,1997,"index_100 = eerste analysejaar vanaf eerste positieve jaar",0,0.134137900688166,0,"model2_basis",FALSE,FALSE,"Data ends with 19 years without positive observations."
116,6150,"Visdief","Common Tern",2012,1997,"index_100 = eerste analysejaar vanaf eerste positieve jaar",0,0.117767724906601,0,"model2_basis",FALSE,FALSE,"Data ends with 19 years without positive observations."
116,6150,"Visdief","Common Tern",2013,1997,"index_100 = eerste analysejaar vanaf eerste positieve jaar",0,0.103395363715428,0,"model2_basis",FALSE,FALSE,"Data ends with 19 years without positive observations."
116,6150,"Visdief","Common Tern",2014,1997,"index_100 = eerste analysejaar vanaf eerste positieve jaar",0,0.0907770040248646,0,"model2_basis",FALSE,FALSE,"Data ends with 19 years without positive observations."
116,6150,"Visdief","Common Tern",2015,1997,"index_100 = eerste analysejaar vanaf eerste positieve jaar",0,0.079698587669852,0,"model2_basis",FALSE,FALSE,"Data ends with 19 years without positive observations."
116,6150,"Visdief","Common Tern",2016,1997,"index_100 = eerste analysejaar vanaf eerste positieve jaar",0,0.0699721801220632,0,"model2_basis",FALSE,FALSE,"Data ends with 19 years without positive observations."
116,6150,"Visdief","Common Tern",2017,1997,"index_100 = eerste analysejaar vanaf eerste positieve jaar",0,0.061432782363928,0,"model2_basis",FALSE,FALSE,"Data ends with 19 years without positive observations."
116,6150,"Visdief","Common Tern",2018,1997,"index_100 = eerste analysejaar vanaf eerste positieve jaar",0,0.053935531841229,0,"model2_basis",FALSE,FALSE,"Data ends with 19 years without positive observations."
116,6150,"Visdief","Common Tern",2019,1997,"index_100 = eerste analysejaar vanaf eerste positieve jaar",0,0.0473532450111579,0,"model2_basis",FALSE,FALSE,"Data ends with 19 years without positive observations."
116,6150,"Visdief","Common Tern",2020,1997,"index_100 = eerste analysejaar vanaf eerste positieve jaar",0,0.0415742597975586,0,"model2_basis",FALSE,FALSE,"Data ends with 19 years without positive observations."
116,6150,"Visdief","Common Tern",2021,1997,"index_100 = eerste analysejaar vanaf eerste positieve jaar",0,0.0365005413527126,0,"model2_basis",FALSE,FALSE,"Data ends with 19 years without positive observations."
116,6150,"Visdief","Common Tern",2022,1997,"index_100 = eerste analysejaar vanaf eerste positieve jaar",0,0.0320460189917637,0,"model2_basis",FALSE,FALSE,"Data ends with 19 years without positive observations."
122,6680,"Holenduif","stock dove",1997,1997,"index_100 = eerste analysejaar vanaf eerste positieve jaar",1,0,100,"model2_basis",FALSE,FALSE,NA
122,6680,"Holenduif","stock dove",1998,1997,"index_100 = eerste analysejaar vanaf eerste positieve jaar",1.37969470476624,0.806567050212914,137.969470476624,"model2_basis",FALSE,FALSE,NA
122,6680,"Holenduif","stock dove",1999,1997,"index_100 = eerste analysejaar vanaf eerste positieve jaar",1.33333333333333,0.804326427677914,133.333333333333,"model2_basis",FALSE,FALSE,NA
122,6680,"Holenduif","stock dove",2000,1997,"index_100 = eerste analysejaar vanaf eerste positieve jaar",0.530865406642527,0.50071093174067,53.0865406642527,"model2_basis",FALSE,FALSE,NA
122,6680,"Holenduif","stock dove",2001,1997,"index_100 = eerste analysejaar vanaf eerste positieve jaar",0.666666666666667,0.599344775249919,66.6666666666667,"model2_basis",FALSE,FALSE,NA
122,6680,"Holenduif","stock dove",2002,1997,"index_100 = eerste analysejaar vanaf eerste positieve jaar",0.666666666666667,0.606178253085585,66.6666666666667,"model2_basis",FALSE,FALSE,NA
122,6680,"Holenduif","stock dove",2003,1997,"index_100 = eerste analysejaar vanaf eerste positieve jaar",0.666666666666667,0.613150029350813,66.6666666666667,"model2_basis",FALSE,FALSE,NA
122,6680,"Holenduif","stock dove",2004,1997,"index_100 = eerste analysejaar vanaf eerste positieve jaar",0,0.532519034212149,0,"model2_basis",FALSE,FALSE,NA
122,6680,"Holenduif","stock dove",2005,1997,"index_100 = eerste analysejaar vanaf eerste positieve jaar",0.333333333333333,0.563840373070406,33.3333333333333,"model2_basis",FALSE,FALSE,NA
122,6680,"Holenduif","stock dove",2006,1997,"index_100 = eerste analysejaar vanaf eerste positieve jaar",0.666666666666667,0.634916307704807,66.6666666666667,"model2_basis",FALSE,FALSE,NA
122,6680,"Holenduif","stock dove",2007,1997,"index_100 = eerste analysejaar vanaf eerste positieve jaar",0.728144892861591,0.641289492220926,72.8144892861591,"model2_basis",FALSE,FALSE,NA
122,6680,"Holenduif","stock dove",2008,1997,"index_100 = eerste analysejaar vanaf eerste positieve jaar",1.20430178316445,0.760552236362532,120.430178316445,"model2_basis",FALSE,FALSE,NA
122,6680,"Holenduif","stock dove",2009,1997,"index_100 = eerste analysejaar vanaf eerste positieve jaar",1.09712961151887,0.675423232419171,109.712961151887,"model2_basis",FALSE,FALSE,NA
122,6680,"Holenduif","stock dove",2010,1997,"index_100 = eerste analysejaar vanaf eerste positieve jaar",1.69737530659309,0.99355732663702,169.737530659309,"model2_basis",FALSE,FALSE,NA
122,6680,"Holenduif","stock dove",2011,1997,"index_100 = eerste analysejaar vanaf eerste positieve jaar",1.05529729795934,0.690186838893259,105.529729795934,"model2_basis",FALSE,FALSE,NA
122,6680,"Holenduif","stock dove",2012,1997,"index_100 = eerste analysejaar vanaf eerste positieve jaar",0.333333333333333,0.624428221202909,33.3333333333333,"model2_basis",FALSE,FALSE,NA
122,6680,"Holenduif","stock dove",2013,1997,"index_100 = eerste analysejaar vanaf eerste positieve jaar",0.715623049268221,0.690726682739198,71.5623049268221,"model2_basis",FALSE,FALSE,NA
122,6680,"Holenduif","stock dove",2014,1997,"index_100 = eerste analysejaar vanaf eerste positieve jaar",1.14423451316932,0.732030728369451,114.423451316932,"model2_basis",FALSE,FALSE,NA
122,6680,"Holenduif","stock dove",2015,1997,"index_100 = eerste analysejaar vanaf eerste positieve jaar",1.10734751810945,0.738568896174274,110.734751810945,"model2_basis",FALSE,FALSE,NA
122,6680,"Holenduif","stock dove",2016,1997,"index_100 = eerste analysejaar vanaf eerste positieve jaar",1.78808151146521,1.00442554959491,178.808151146521,"model2_basis",FALSE,FALSE,NA
122,6680,"Holenduif","stock dove",2017,1997,"index_100 = eerste analysejaar vanaf eerste positieve jaar",1.68491778823698,1.03333133206253,168.491778823698,"model2_basis",FALSE,FALSE,NA
122,6680,"Holenduif","stock dove",2018,1997,"index_100 = eerste analysejaar vanaf eerste positieve jaar",1.33333333333333,0.919168663163462,133.333333333333,"model2_basis",FALSE,FALSE,NA
122,6680,"Holenduif","stock dove",2019,1997,"index_100 = eerste analysejaar vanaf eerste positieve jaar",1.166368947422,0.798918854744732,116.6368947422,"model2_basis",FALSE,FALSE,NA
122,6680,"Holenduif","stock dove",2020,1997,"index_100 = eerste analysejaar vanaf eerste positieve jaar",1.39543503392285,0.94774656431727,139.543503392285,"model2_basis",FALSE,FALSE,NA
122,6680,"Holenduif","stock dove",2021,1997,"index_100 = eerste analysejaar vanaf eerste positieve jaar",2.33333333333333,1.31258186849838,233.333333333333,"model2_basis",FALSE,FALSE,NA
122,6680,"Holenduif","stock dove",2022,1997,"index_100 = eerste analysejaar vanaf eerste positieve jaar",1,0.852542128008612,100,"model2_basis",FALSE,FALSE,NA
123,6700,"Houtduif","woodpigeon",1997,1997,"index_100 = eerste analysejaar vanaf eerste positieve jaar",1,0,100,"model3_overdisp",TRUE,FALSE,NA
123,6700,"Houtduif","woodpigeon",1998,1997,"index_100 = eerste analysejaar vanaf eerste positieve jaar",1.00028872948571,0.119782831279786,100.028872948571,"model3_overdisp",TRUE,FALSE,NA
123,6700,"Houtduif","woodpigeon",1999,1997,"index_100 = eerste analysejaar vanaf eerste positieve jaar",0.928934010152284,0.111170661585985,92.8934010152284,"model3_overdisp",TRUE,FALSE,NA
123,6700,"Houtduif","woodpigeon",2000,1997,"index_100 = eerste analysejaar vanaf eerste positieve jaar",0.666842847787346,0.0907065573573104,66.6842847787346,"model3_overdisp",TRUE,FALSE,NA
123,6700,"Houtduif","woodpigeon",2001,1997,"index_100 = eerste analysejaar vanaf eerste positieve jaar",0.629441624365482,0.0841077869234177,62.9441624365482,"model3_overdisp",TRUE,FALSE,NA
123,6700,"Houtduif","woodpigeon",2002,1997,"index_100 = eerste analysejaar vanaf eerste positieve jaar",0.49746192893401,0.071679817818715,49.746192893401,"model3_overdisp",TRUE,FALSE,NA
123,6700,"Houtduif","woodpigeon",2003,1997,"index_100 = eerste analysejaar vanaf eerste positieve jaar",0.431472081218274,0.0652689857534453,43.1472081218274,"model3_overdisp",TRUE,FALSE,NA
123,6700,"Houtduif","woodpigeon",2004,1997,"index_100 = eerste analysejaar vanaf eerste positieve jaar",0.456852791878173,0.0677540172098038,45.6852791878173,"model3_overdisp",TRUE,FALSE,NA
123,6700,"Houtduif","woodpigeon",2005,1997,"index_100 = eerste analysejaar vanaf eerste positieve jaar",0.416243654822335,0.0637649281770962,41.6243654822335,"model3_overdisp",TRUE,FALSE,NA
123,6700,"Houtduif","woodpigeon",2006,1997,"index_100 = eerste analysejaar vanaf eerste positieve jaar",0.49238578680203,0.0711921943496649,49.238578680203,"model3_overdisp",TRUE,FALSE,NA
123,6700,"Houtduif","woodpigeon",2007,1997,"index_100 = eerste analysejaar vanaf eerste positieve jaar",0.453223230624517,0.0683259464308523,45.3223230624517,"model3_overdisp",TRUE,FALSE,NA
123,6700,"Houtduif","woodpigeon",2008,1997,"index_100 = eerste analysejaar vanaf eerste positieve jaar",0.472503699547351,0.0746349364816422,47.2503699547351,"model3_overdisp",TRUE,FALSE,NA
123,6700,"Houtduif","woodpigeon",2009,1997,"index_100 = eerste analysejaar vanaf eerste positieve jaar",0.308072088635691,0.0574843748307752,30.8072088635691,"model3_overdisp",TRUE,FALSE,NA
123,6700,"Houtduif","woodpigeon",2010,1997,"index_100 = eerste analysejaar vanaf eerste positieve jaar",0.314140538893844,0.0547501859339278,31.4140538893845,"model3_overdisp",TRUE,FALSE,NA
123,6700,"Houtduif","woodpigeon",2011,1997,"index_100 = eerste analysejaar vanaf eerste positieve jaar",0.174310377334256,0.0398651362330356,17.4310377334256,"model3_overdisp",TRUE,FALSE,NA
123,6700,"Houtduif","woodpigeon",2012,1997,"index_100 = eerste analysejaar vanaf eerste positieve jaar",0.180809722896573,0.0386661638260702,18.0809722896573,"model3_overdisp",TRUE,FALSE,NA
123,6700,"Houtduif","woodpigeon",2013,1997,"index_100 = eerste analysejaar vanaf eerste positieve jaar",0.136338260375398,0.0337570015552941,13.6338260375398,"model3_overdisp",TRUE,FALSE,NA
123,6700,"Houtduif","woodpigeon",2014,1997,"index_100 = eerste analysejaar vanaf eerste positieve jaar",0.176684856723598,0.0416670325744862,17.6684856723598,"model3_overdisp",TRUE,FALSE,NA
123,6700,"Houtduif","woodpigeon",2015,1997,"index_100 = eerste analysejaar vanaf eerste positieve jaar",0.133637955956263,0.0343554021428529,13.3637955956263,"model3_overdisp",TRUE,FALSE,NA
123,6700,"Houtduif","woodpigeon",2016,1997,"index_100 = eerste analysejaar vanaf eerste positieve jaar",0.180120723245397,0.0406145585048974,18.0120723245398,"model3_overdisp",TRUE,FALSE,NA
123,6700,"Houtduif","woodpigeon",2017,1997,"index_100 = eerste analysejaar vanaf eerste positieve jaar",0.132454882339442,0.0340480935604187,13.2454882339442,"model3_overdisp",TRUE,FALSE,NA
123,6700,"Houtduif","woodpigeon",2018,1997,"index_100 = eerste analysejaar vanaf eerste positieve jaar",0.17258883248731,0.0373609830955683,17.258883248731,"model3_overdisp",TRUE,FALSE,NA
123,6700,"Houtduif","woodpigeon",2019,1997,"index_100 = eerste analysejaar vanaf eerste positieve jaar",0.122017264133979,0.0326759284642925,12.2017264133979,"model3_overdisp",TRUE,FALSE,NA
123,6700,"Houtduif","woodpigeon",2020,1997,"index_100 = eerste analysejaar vanaf eerste positieve jaar",0.130212553622072,0.0348836944434098,13.0212553622072,"model3_overdisp",TRUE,FALSE,NA
123,6700,"Houtduif","woodpigeon",2021,1997,"index_100 = eerste analysejaar vanaf eerste positieve jaar",0.126903553299492,0.0314064853983719,12.6903553299492,"model3_overdisp",TRUE,FALSE,NA
123,6700,"Houtduif","woodpigeon",2022,1997,"index_100 = eerste analysejaar vanaf eerste positieve jaar",0.0781388093185824,0.0243988645708491,7.81388093185824,"model3_overdisp",TRUE,FALSE,NA
124,6840,"Turkse Tortel","Collared Dove",1999,1999,"index_100 = eerste analysejaar vanaf eerste positieve jaar",1,0,100,"model2_basis",FALSE,FALSE,NA
124,6840,"Turkse Tortel","Collared Dove",2000,1999,"index_100 = eerste analysejaar vanaf eerste positieve jaar",1.0325405536596,1.10315791859555,103.25405536596,"model2_basis",FALSE,FALSE,NA
124,6840,"Turkse Tortel","Collared Dove",2001,1999,"index_100 = eerste analysejaar vanaf eerste positieve jaar",1,1.10884558534762,100,"model2_basis",FALSE,FALSE,NA
124,6840,"Turkse Tortel","Collared Dove",2002,1999,"index_100 = eerste analysejaar vanaf eerste positieve jaar",1,1.11704278683427,100,"model2_basis",FALSE,FALSE,NA
124,6840,"Turkse Tortel","Collared Dove",2003,1999,"index_100 = eerste analysejaar vanaf eerste positieve jaar",1,1.12541423512888,100,"model2_basis",FALSE,FALSE,NA
124,6840,"Turkse Tortel","Collared Dove",2004,1999,"index_100 = eerste analysejaar vanaf eerste positieve jaar",1,1.13396277141292,100,"model2_basis",FALSE,FALSE,NA
124,6840,"Turkse Tortel","Collared Dove",2005,1999,"index_100 = eerste analysejaar vanaf eerste positieve jaar",0,0.841700425276667,0,"model2_basis",FALSE,FALSE,NA
124,6840,"Turkse Tortel","Collared Dove",2006,1999,"index_100 = eerste analysejaar vanaf eerste positieve jaar",0,0.853759235925784,0,"model2_basis",FALSE,FALSE,NA
124,6840,"Turkse Tortel","Collared Dove",2007,1999,"index_100 = eerste analysejaar vanaf eerste positieve jaar",0,0.865990809840672,0,"model2_basis",FALSE,FALSE,NA
124,6840,"Turkse Tortel","Collared Dove",2008,1999,"index_100 = eerste analysejaar vanaf eerste positieve jaar",0.129458563762005,0.811342213896573,12.9458563762005,"model2_basis",FALSE,FALSE,NA
124,6840,"Turkse Tortel","Collared Dove",2009,1999,"index_100 = eerste analysejaar vanaf eerste positieve jaar",1.22987175148758,1.20371241565094,122.987175148758,"model2_basis",FALSE,FALSE,NA
124,6840,"Turkse Tortel","Collared Dove",2010,1999,"index_100 = eerste analysejaar vanaf eerste positieve jaar",2,1.79050092787765,200,"model2_basis",FALSE,FALSE,NA
124,6840,"Turkse Tortel","Collared Dove",2011,1999,"index_100 = eerste analysejaar vanaf eerste positieve jaar",0.113896789875602,0.860012228319398,11.3896789875602,"model2_basis",FALSE,FALSE,NA
124,6840,"Turkse Tortel","Collared Dove",2012,1999,"index_100 = eerste analysejaar vanaf eerste positieve jaar",0,0.929828009853937,0,"model2_basis",FALSE,FALSE,NA
124,6840,"Turkse Tortel","Collared Dove",2013,1999,"index_100 = eerste analysejaar vanaf eerste positieve jaar",2,1.8107086046444,200,"model2_basis",FALSE,FALSE,NA
124,6840,"Turkse Tortel","Collared Dove",2014,1999,"index_100 = eerste analysejaar vanaf eerste positieve jaar",0.124044837235575,0.899535646319228,12.4044837235575,"model2_basis",FALSE,FALSE,NA
124,6840,"Turkse Tortel","Collared Dove",2015,1999,"index_100 = eerste analysejaar vanaf eerste positieve jaar",0.127624610643247,0.913709010497541,12.7624610643247,"model2_basis",FALSE,FALSE,NA
124,6840,"Turkse Tortel","Collared Dove",2016,1999,"index_100 = eerste analysejaar vanaf eerste positieve jaar",0.131307691676902,0.92844779834139,13.1307691676902,"model2_basis",FALSE,FALSE,NA
124,6840,"Turkse Tortel","Collared Dove",2017,1999,"index_100 = eerste analysejaar vanaf eerste positieve jaar",0.114456643919679,0.950880913900581,11.4456643919679,"model2_basis",FALSE,FALSE,NA
124,6840,"Turkse Tortel","Collared Dove",2018,1999,"index_100 = eerste analysejaar vanaf eerste positieve jaar",1,1.27388899415648,100,"model2_basis",FALSE,FALSE,NA
124,6840,"Turkse Tortel","Collared Dove",2019,1999,"index_100 = eerste analysejaar vanaf eerste positieve jaar",2.14300702644587,1.92339522655295,214.300702644587,"model2_basis",FALSE,FALSE,NA
124,6840,"Turkse Tortel","Collared Dove",2020,1999,"index_100 = eerste analysejaar vanaf eerste positieve jaar",3.12465457350513,2.6173363783705,312.465457350513,"model2_basis",FALSE,FALSE,NA
124,6840,"Turkse Tortel","Collared Dove",2021,1999,"index_100 = eerste analysejaar vanaf eerste positieve jaar",1,1.30926110904654,100,"model2_basis",FALSE,FALSE,NA
124,6840,"Turkse Tortel","Collared Dove",2022,1999,"index_100 = eerste analysejaar vanaf eerste positieve jaar",1,1.32151291689572,100,"model2_basis",FALSE,FALSE,NA
125,6870,"Tortelduif","turtle dove",1997,1997,"index_100 = eerste analysejaar vanaf eerste positieve jaar",1,0,100,"model2_basis",FALSE,FALSE,"Data ends with 3 years without positive observations."
125,6870,"Tortelduif","turtle dove",1998,1997,"index_100 = eerste analysejaar vanaf eerste positieve jaar",0.676693614073706,0.231309896345058,67.6693614073706,"model2_basis",FALSE,FALSE,"Data ends with 3 years without positive observations."
125,6870,"Tortelduif","turtle dove",1999,1997,"index_100 = eerste analysejaar vanaf eerste positieve jaar",0.931034482758621,0.259573861651394,93.1034482758621,"model2_basis",FALSE,FALSE,"Data ends with 3 years without positive observations."
125,6870,"Tortelduif","turtle dove",2000,1997,"index_100 = eerste analysejaar vanaf eerste positieve jaar",0.591053649704606,0.182176431675663,59.1053649704606,"model2_basis",FALSE,FALSE,"Data ends with 3 years without positive observations."
125,6870,"Tortelduif","turtle dove",2001,1997,"index_100 = eerste analysejaar vanaf eerste positieve jaar",0.689655172413793,0.203999520795032,68.9655172413793,"model2_basis",FALSE,FALSE,"Data ends with 3 years without positive observations."
125,6870,"Tortelduif","turtle dove",2002,1997,"index_100 = eerste analysejaar vanaf eerste positieve jaar",0.620689655172414,0.185224110702663,62.0689655172414,"model2_basis",FALSE,FALSE,"Data ends with 3 years without positive observations."
125,6870,"Tortelduif","turtle dove",2003,1997,"index_100 = eerste analysejaar vanaf eerste positieve jaar",0.551724137931034,0.167221365113612,55.1724137931034,"model2_basis",FALSE,FALSE,"Data ends with 3 years without positive observations."
125,6870,"Tortelduif","turtle dove",2004,1997,"index_100 = eerste analysejaar vanaf eerste positieve jaar",0.413793103448276,0.140843117227615,41.3793103448276,"model2_basis",FALSE,FALSE,"Data ends with 3 years without positive observations."
125,6870,"Tortelduif","turtle dove",2005,1997,"index_100 = eerste analysejaar vanaf eerste positieve jaar",0.689655172413793,0.175741515978607,68.9655172413793,"model2_basis",FALSE,FALSE,"Data ends with 3 years without positive observations."
125,6870,"Tortelduif","turtle dove",2006,1997,"index_100 = eerste analysejaar vanaf eerste positieve jaar",0.517241379310345,0.142334924085412,51.7241379310345,"model2_basis",FALSE,FALSE,"Data ends with 3 years without positive observations."
125,6870,"Tortelduif","turtle dove",2007,1997,"index_100 = eerste analysejaar vanaf eerste positieve jaar",0.348134363608497,0.111591338762935,34.8134363608497,"model2_basis",FALSE,FALSE,"Data ends with 3 years without positive observations."
125,6870,"Tortelduif","turtle dove",2008,1997,"index_100 = eerste analysejaar vanaf eerste positieve jaar",0.317143520586559,0.0959243699345755,31.7143520586559,"model2_basis",FALSE,FALSE,"Data ends with 3 years without positive observations."
125,6870,"Tortelduif","turtle dove",2009,1997,"index_100 = eerste analysejaar vanaf eerste positieve jaar",0.116529471394775,0.0731448659254435,11.6529471394775,"model2_basis",FALSE,FALSE,"Data ends with 3 years without positive observations."
125,6870,"Tortelduif","turtle dove",2010,1997,"index_100 = eerste analysejaar vanaf eerste positieve jaar",0.0356638779529258,0.0659622229524024,3.56638779529258,"model2_basis",FALSE,FALSE,"Data ends with 3 years without positive observations."
125,6870,"Tortelduif","turtle dove",2011,1997,"index_100 = eerste analysejaar vanaf eerste positieve jaar",0.0380230282814601,0.0598906417314677,3.80230282814601,"model2_basis",FALSE,FALSE,"Data ends with 3 years without positive observations."
125,6870,"Tortelduif","turtle dove",2012,1997,"index_100 = eerste analysejaar vanaf eerste positieve jaar",0.00525511429046364,0.0537031731621375,0.525511429046364,"model2_basis",FALSE,FALSE,"Data ends with 3 years without positive observations."
125,6870,"Tortelduif","turtle dove",2013,1997,"index_100 = eerste analysejaar vanaf eerste positieve jaar",0.0351784866095341,0.0508339975977165,3.51784866095341,"model2_basis",FALSE,FALSE,"Data ends with 3 years without positive observations."
125,6870,"Tortelduif","turtle dove",2014,1997,"index_100 = eerste analysejaar vanaf eerste positieve jaar",0.00266856999140979,0.0453613216927704,0.266856999140979,"model2_basis",FALSE,FALSE,"Data ends with 3 years without positive observations."
125,6870,"Tortelduif","turtle dove",2015,1997,"index_100 = eerste analysejaar vanaf eerste positieve jaar",0.00174809060845839,0.04170791023076,0.174809060845839,"model2_basis",FALSE,FALSE,"Data ends with 3 years without positive observations."
125,6870,"Tortelduif","turtle dove",2016,1997,"index_100 = eerste analysejaar vanaf eerste positieve jaar",0.00146536508227277,0.0381833180129183,0.146536508227277,"model2_basis",FALSE,FALSE,"Data ends with 3 years without positive observations."
125,6870,"Tortelduif","turtle dove",2017,1997,"index_100 = eerste analysejaar vanaf eerste positieve jaar",0.000170687687508203,0.0354225033437625,0.0170687687508203,"model2_basis",FALSE,FALSE,"Data ends with 3 years without positive observations."
125,6870,"Tortelduif","turtle dove",2018,1997,"index_100 = eerste analysejaar vanaf eerste positieve jaar",0,0.0325003567854767,0,"model2_basis",FALSE,FALSE,"Data ends with 3 years without positive observations."
125,6870,"Tortelduif","turtle dove",2019,1997,"index_100 = eerste analysejaar vanaf eerste positieve jaar",0.0353459190768667,0.0302117959249356,3.53459190768667,"model2_basis",FALSE,FALSE,"Data ends with 3 years without positive observations."
125,6870,"Tortelduif","turtle dove",2020,1997,"index_100 = eerste analysejaar vanaf eerste positieve jaar",0.000302896540365652,0.0270671975433661,0.0302896540365652,"model2_basis",FALSE,FALSE,"Data ends with 3 years without positive observations."
125,6870,"Tortelduif","turtle dove",2021,1997,"index_100 = eerste analysejaar vanaf eerste positieve jaar",0,0.0249437058968971,0,"model2_basis",FALSE,FALSE,"Data ends with 3 years without positive observations."
125,6870,"Tortelduif","turtle dove",2022,1997,"index_100 = eerste analysejaar vanaf eerste positieve jaar",0,0.0228376770251222,0,"model2_basis",FALSE,FALSE,"Data ends with 3 years without positive observations."
126,7120,"Halsbandparkiet","ring-necked parakeet",2003,2003,"index_100 = eerste analysejaar vanaf eerste positieve jaar",1,0,100,"model2_basis",FALSE,FALSE,NA
126,7120,"Halsbandparkiet","ring-necked parakeet",2004,2003,"index_100 = eerste analysejaar vanaf eerste positieve jaar",1,2.0217850397998,100,"model2_basis",FALSE,FALSE,NA
126,7120,"Halsbandparkiet","ring-necked parakeet",2005,2003,"index_100 = eerste analysejaar vanaf eerste positieve jaar",2,3.19208422479031,200,"model2_basis",FALSE,FALSE,NA
126,7120,"Halsbandparkiet","ring-necked parakeet",2006,2003,"index_100 = eerste analysejaar vanaf eerste positieve jaar",4,5.86539832631556,400,"model2_basis",FALSE,FALSE,NA
126,7120,"Halsbandparkiet","ring-necked parakeet",2007,2003,"index_100 = eerste analysejaar vanaf eerste positieve jaar",6,8.64384072075968,600,"model2_basis",FALSE,FALSE,NA
126,7120,"Halsbandparkiet","ring-necked parakeet",2008,2003,"index_100 = eerste analysejaar vanaf eerste positieve jaar",6.3131100033589,9.0459306182491,631.31100033589,"model2_basis",FALSE,FALSE,NA
126,7120,"Halsbandparkiet","ring-necked parakeet",2009,2003,"index_100 = eerste analysejaar vanaf eerste positieve jaar",2.0506573904064,2.85208128547345,205.06573904064,"model2_basis",FALSE,FALSE,NA
126,7120,"Halsbandparkiet","ring-necked parakeet",2010,2003,"index_100 = eerste analysejaar vanaf eerste positieve jaar",0,1.58079448034669,0,"model2_basis",FALSE,FALSE,NA
126,7120,"Halsbandparkiet","ring-necked parakeet",2011,2003,"index_100 = eerste analysejaar vanaf eerste positieve jaar",2.18159427382271,3.06140648795034,218.159427382271,"model2_basis",FALSE,FALSE,NA
126,7120,"Halsbandparkiet","ring-necked parakeet",2012,2003,"index_100 = eerste analysejaar vanaf eerste positieve jaar",2,3.27218683740708,200,"model2_basis",FALSE,FALSE,NA
126,7120,"Halsbandparkiet","ring-necked parakeet",2013,2003,"index_100 = eerste analysejaar vanaf eerste positieve jaar",0.0556280707217122,1.64178336411162,5.56280707217122,"model2_basis",FALSE,FALSE,NA
126,7120,"Halsbandparkiet","ring-necked parakeet",2014,2003,"index_100 = eerste analysejaar vanaf eerste positieve jaar",2.45121755218398,3.48482466059812,245.121755218398,"model2_basis",FALSE,FALSE,NA
126,7120,"Halsbandparkiet","ring-necked parakeet",2015,2003,"index_100 = eerste analysejaar vanaf eerste positieve jaar",2.46908328820898,3.54391773140043,246.908328820898,"model2_basis",FALSE,FALSE,NA
126,7120,"Halsbandparkiet","ring-necked parakeet",2016,2003,"index_100 = eerste analysejaar vanaf eerste positieve jaar",2.54669056154321,3.67930055939846,254.669056154321,"model2_basis",FALSE,FALSE,NA
126,7120,"Halsbandparkiet","ring-necked parakeet",2017,2003,"index_100 = eerste analysejaar vanaf eerste positieve jaar",0,1.76163912200431,0,"model2_basis",FALSE,FALSE,NA
126,7120,"Halsbandparkiet","ring-necked parakeet",2018,2003,"index_100 = eerste analysejaar vanaf eerste positieve jaar",0,1.78911050526262,0,"model2_basis",FALSE,FALSE,NA
126,7120,"Halsbandparkiet","ring-necked parakeet",2019,2003,"index_100 = eerste analysejaar vanaf eerste positieve jaar",2.79445741000706,4.12520778104011,279.445741000706,"model2_basis",FALSE,FALSE,NA
126,7120,"Halsbandparkiet","ring-necked parakeet",2020,2003,"index_100 = eerste analysejaar vanaf eerste positieve jaar",8,11.4971775748883,800,"model2_basis",FALSE,FALSE,NA
126,7120,"Halsbandparkiet","ring-necked parakeet",2021,2003,"index_100 = eerste analysejaar vanaf eerste positieve jaar",4,5.97555696865206,400,"model2_basis",FALSE,FALSE,NA
126,7120,"Halsbandparkiet","ring-necked parakeet",2022,2003,"index_100 = eerste analysejaar vanaf eerste positieve jaar",6,8.72131669221586,600,"model2_basis",FALSE,FALSE,NA
127,7240,"Koekoek","cuckoo",1997,1997,"index_100 = eerste analysejaar vanaf eerste positieve jaar",1,0,100,"model3_overdisp",TRUE,FALSE,"Overdispersion 0.6 <1; consider setting overdisp=FALSE"
127,7240,"Koekoek","cuckoo",1998,1997,"index_100 = eerste analysejaar vanaf eerste positieve jaar",0.990446468776064,0.175668380394216,99.0446468776064,"model3_overdisp",TRUE,FALSE,"Overdispersion 0.6 <1; consider setting overdisp=FALSE"
127,7240,"Koekoek","cuckoo",1999,1997,"index_100 = eerste analysejaar vanaf eerste positieve jaar",0.72972972972973,0.138816605696617,72.972972972973,"model3_overdisp",TRUE,FALSE,"Overdispersion 0.6 <1; consider setting overdisp=FALSE"
127,7240,"Koekoek","cuckoo",2000,1997,"index_100 = eerste analysejaar vanaf eerste positieve jaar",0.535812517258442,0.118209812970812,53.5812517258442,"model3_overdisp",TRUE,FALSE,"Overdispersion 0.6 <1; consider setting overdisp=FALSE"
127,7240,"Koekoek","cuckoo",2001,1997,"index_100 = eerste analysejaar vanaf eerste positieve jaar",0.702702702702703,0.135153252194455,70.2702702702703,"model3_overdisp",TRUE,FALSE,"Overdispersion 0.6 <1; consider setting overdisp=FALSE"
127,7240,"Koekoek","cuckoo",2002,1997,"index_100 = eerste analysejaar vanaf eerste positieve jaar",0.702702702702703,0.135153252194455,70.2702702702703,"model3_overdisp",TRUE,FALSE,"Overdispersion 0.6 <1; consider setting overdisp=FALSE"
127,7240,"Koekoek","cuckoo",2003,1997,"index_100 = eerste analysejaar vanaf eerste positieve jaar",0.567567567567568,0.116544879193558,56.7567567567568,"model3_overdisp",TRUE,FALSE,"Overdispersion 0.6 <1; consider setting overdisp=FALSE"
127,7240,"Koekoek","cuckoo",2004,1997,"index_100 = eerste analysejaar vanaf eerste positieve jaar",0.594594594594595,0.120311432588422,59.4594594594595,"model3_overdisp",TRUE,FALSE,"Overdispersion 0.6 <1; consider setting overdisp=FALSE"
127,7240,"Koekoek","cuckoo",2005,1997,"index_100 = eerste analysejaar vanaf eerste positieve jaar",0.567567567567568,0.116544879193558,56.7567567567568,"model3_overdisp",TRUE,FALSE,"Overdispersion 0.6 <1; consider setting overdisp=FALSE"
127,7240,"Koekoek","cuckoo",2006,1997,"index_100 = eerste analysejaar vanaf eerste positieve jaar",0.540540540540541,0.112751408947447,54.0540540540541,"model3_overdisp",TRUE,FALSE,"Overdispersion 0.6 <1; consider setting overdisp=FALSE"
127,7240,"Koekoek","cuckoo",2007,1997,"index_100 = eerste analysejaar vanaf eerste positieve jaar",0.689501490551495,0.13593976379868,68.9501490551495,"model3_overdisp",TRUE,FALSE,"Overdispersion 0.6 <1; consider setting overdisp=FALSE"
127,7240,"Koekoek","cuckoo",2008,1997,"index_100 = eerste analysejaar vanaf eerste positieve jaar",0.545669561834489,0.118019591581074,54.5669561834489,"model3_overdisp",TRUE,FALSE,"Overdispersion 0.6 <1; consider setting overdisp=FALSE"
127,7240,"Koekoek","cuckoo",2009,1997,"index_100 = eerste analysejaar vanaf eerste positieve jaar",0.540223431529493,0.114668106242717,54.0223431529493,"model3_overdisp",TRUE,FALSE,"Overdispersion 0.6 <1; consider setting overdisp=FALSE"
127,7240,"Koekoek","cuckoo",2010,1997,"index_100 = eerste analysejaar vanaf eerste positieve jaar",0.537363854219484,0.114054523944695,53.7363854219484,"model3_overdisp",TRUE,FALSE,"Overdispersion 0.6 <1; consider setting overdisp=FALSE"
127,7240,"Koekoek","cuckoo",2011,1997,"index_100 = eerste analysejaar vanaf eerste positieve jaar",0.488691753505315,0.105554869881536,48.8691753505315,"model3_overdisp",TRUE,FALSE,"Overdispersion 0.6 <1; consider setting overdisp=FALSE"
127,7240,"Koekoek","cuckoo",2012,1997,"index_100 = eerste analysejaar vanaf eerste positieve jaar",0.418261751907924,0.0962517082808436,41.8261751907924,"model3_overdisp",TRUE,FALSE,"Overdispersion 0.6 <1; consider setting overdisp=FALSE"
127,7240,"Koekoek","cuckoo",2013,1997,"index_100 = eerste analysejaar vanaf eerste positieve jaar",0.396728443911117,0.0936054122825495,39.6728443911117,"model3_overdisp",TRUE,FALSE,"Overdispersion 0.6 <1; consider setting overdisp=FALSE"
127,7240,"Koekoek","cuckoo",2014,1997,"index_100 = eerste analysejaar vanaf eerste positieve jaar",0.512504310509849,0.110764230610904,51.2504310509849,"model3_overdisp",TRUE,FALSE,"Overdispersion 0.6 <1; consider setting overdisp=FALSE"
127,7240,"Koekoek","cuckoo",2015,1997,"index_100 = eerste analysejaar vanaf eerste positieve jaar",0.67873854653516,0.132078694634546,67.873854653516,"model3_overdisp",TRUE,FALSE,"Overdispersion 0.6 <1; consider setting overdisp=FALSE"
127,7240,"Koekoek","cuckoo",2016,1997,"index_100 = eerste analysejaar vanaf eerste positieve jaar",0.515841295366722,0.109429012117351,51.5841295366722,"model3_overdisp",TRUE,FALSE,"Overdispersion 0.6 <1; consider setting overdisp=FALSE"
127,7240,"Koekoek","cuckoo",2017,1997,"index_100 = eerste analysejaar vanaf eerste positieve jaar",0.360437917706888,0.0873614589513707,36.0437917706888,"model3_overdisp",TRUE,FALSE,"Overdispersion 0.6 <1; consider setting overdisp=FALSE"
127,7240,"Koekoek","cuckoo",2018,1997,"index_100 = eerste analysejaar vanaf eerste positieve jaar",0.432432432432432,0.0972450441900129,43.2432432432432,"model3_overdisp",TRUE,FALSE,"Overdispersion 0.6 <1; consider setting overdisp=FALSE"
127,7240,"Koekoek","cuckoo",2019,1997,"index_100 = eerste analysejaar vanaf eerste positieve jaar",0.651589004673754,0.128362052666968,65.1589004673754,"model3_overdisp",TRUE,FALSE,"Overdispersion 0.6 <1; consider setting overdisp=FALSE"
127,7240,"Koekoek","cuckoo",2020,1997,"index_100 = eerste analysejaar vanaf eerste positieve jaar",0.522875350801699,0.113032907331146,52.2875350801699,"model3_overdisp",TRUE,FALSE,"Overdispersion 0.6 <1; consider setting overdisp=FALSE"
127,7240,"Koekoek","cuckoo",2021,1997,"index_100 = eerste analysejaar vanaf eerste positieve jaar",0.567567567567568,0.116544879193558,56.7567567567568,"model3_overdisp",TRUE,FALSE,"Overdispersion 0.6 <1; consider setting overdisp=FALSE"
127,7240,"Koekoek","cuckoo",2022,1997,"index_100 = eerste analysejaar vanaf eerste positieve jaar",0.575987930226588,0.118295410439574,57.5987930226588,"model3_overdisp",TRUE,FALSE,"Overdispersion 0.6 <1; consider setting overdisp=FALSE"
131,7610,"Bosuil","tawny owl",1997,1997,"index_100 = eerste analysejaar vanaf eerste positieve jaar",1,0,100,"model3_overdisp",TRUE,FALSE,NA
131,7610,"Bosuil","tawny owl",1998,1997,"index_100 = eerste analysejaar vanaf eerste positieve jaar",0.904868772774714,0.563311593982858,90.4868772774714,"model3_overdisp",TRUE,FALSE,NA
131,7610,"Bosuil","tawny owl",1999,1997,"index_100 = eerste analysejaar vanaf eerste positieve jaar",1.33333333333333,0.739315935930124,133.333333333333,"model3_overdisp",TRUE,FALSE,NA
131,7610,"Bosuil","tawny owl",2000,1997,"index_100 = eerste analysejaar vanaf eerste positieve jaar",0.639484371890822,0.465721648587434,63.9484371890822,"model3_overdisp",TRUE,FALSE,NA
131,7610,"Bosuil","tawny owl",2001,1997,"index_100 = eerste analysejaar vanaf eerste positieve jaar",0.333333333333333,0.279435158111154,33.3333333333333,"model3_overdisp",TRUE,FALSE,NA
131,7610,"Bosuil","tawny owl",2002,1997,"index_100 = eerste analysejaar vanaf eerste positieve jaar",0.333333333333333,0.279435158111154,33.3333333333333,"model3_overdisp",TRUE,FALSE,NA
131,7610,"Bosuil","tawny owl",2003,1997,"index_100 = eerste analysejaar vanaf eerste positieve jaar",0.666666666666667,0.44182577898026,66.6666666666667,"model3_overdisp",TRUE,FALSE,NA
131,7610,"Bosuil","tawny owl",2004,1997,"index_100 = eerste analysejaar vanaf eerste positieve jaar",0.833333333333333,0.518086649206318,83.3333333333333,"model3_overdisp",TRUE,FALSE,NA
131,7610,"Bosuil","tawny owl",2005,1997,"index_100 = eerste analysejaar vanaf eerste positieve jaar",0.5,0.36299691845217,50,"model3_overdisp",TRUE,FALSE,NA
131,7610,"Bosuil","tawny owl",2006,1997,"index_100 = eerste analysejaar vanaf eerste positieve jaar",0.666666666666667,0.44182577898026,66.6666666666667,"model3_overdisp",TRUE,FALSE,NA
131,7610,"Bosuil","tawny owl",2007,1997,"index_100 = eerste analysejaar vanaf eerste positieve jaar",0.681524889863037,0.451804992664528,68.1524889863037,"model3_overdisp",TRUE,FALSE,NA
131,7610,"Bosuil","tawny owl",2008,1997,"index_100 = eerste analysejaar vanaf eerste positieve jaar",0.689755188428288,0.502930919881514,68.9755188428288,"model3_overdisp",TRUE,FALSE,NA
131,7610,"Bosuil","tawny owl",2009,1997,"index_100 = eerste analysejaar vanaf eerste positieve jaar",0.948207436279253,0.632538773464911,94.8207436279253,"model3_overdisp",TRUE,FALSE,NA
131,7610,"Bosuil","tawny owl",2010,1997,"index_100 = eerste analysejaar vanaf eerste positieve jaar",0.523067164976697,0.379937942126476,52.3067164976697,"model3_overdisp",TRUE,FALSE,NA
131,7610,"Bosuil","tawny owl",2011,1997,"index_100 = eerste analysejaar vanaf eerste positieve jaar",0.852365391576271,0.567504755655639,85.2365391576271,"model3_overdisp",TRUE,FALSE,NA
131,7610,"Bosuil","tawny owl",2012,1997,"index_100 = eerste analysejaar vanaf eerste positieve jaar",0.166666666666667,0.184828983982532,16.6666666666667,"model3_overdisp",TRUE,FALSE,NA
131,7610,"Bosuil","tawny owl",2013,1997,"index_100 = eerste analysejaar vanaf eerste positieve jaar",0.174355721658899,0.193398373989949,17.4355721658899,"model3_overdisp",TRUE,FALSE,NA
131,7610,"Bosuil","tawny owl",2014,1997,"index_100 = eerste analysejaar vanaf eerste positieve jaar",0.225824156941094,0.250935875379705,22.5824156941094,"model3_overdisp",TRUE,FALSE,NA
131,7610,"Bosuil","tawny owl",2015,1997,"index_100 = eerste analysejaar vanaf eerste positieve jaar",0.639274043682203,0.46589613222659,63.9274043682203,"model3_overdisp",TRUE,FALSE,NA
131,7610,"Bosuil","tawny owl",2016,1997,"index_100 = eerste analysejaar vanaf eerste positieve jaar",0.639274043682203,0.46589613222659,63.9274043682203,"model3_overdisp",TRUE,FALSE,NA
131,7610,"Bosuil","tawny owl",2017,1997,"index_100 = eerste analysejaar vanaf eerste positieve jaar",0.542762346606041,0.394425825375052,54.2762346606041,"model3_overdisp",TRUE,FALSE,NA
131,7610,"Bosuil","tawny owl",2018,1997,"index_100 = eerste analysejaar vanaf eerste positieve jaar",0.666666666666667,0.44182577898026,66.6666666666667,"model3_overdisp",TRUE,FALSE,NA
131,7610,"Bosuil","tawny owl",2019,1997,"index_100 = eerste analysejaar vanaf eerste positieve jaar",1.06545673947034,0.66587444451382,106.545673947034,"model3_overdisp",TRUE,FALSE,NA
131,7610,"Bosuil","tawny owl",2020,1997,"index_100 = eerste analysejaar vanaf eerste positieve jaar",0.570051532994877,0.414510568357586,57.0051532994877,"model3_overdisp",TRUE,FALSE,NA
131,7610,"Bosuil","tawny owl",2021,1997,"index_100 = eerste analysejaar vanaf eerste positieve jaar",0.666666666666667,0.44182577898026,66.6666666666667,"model3_overdisp",TRUE,FALSE,NA
131,7610,"Bosuil","tawny owl",2022,1997,"index_100 = eerste analysejaar vanaf eerste positieve jaar",0.347581752900458,0.291476011822835,34.7581752900458,"model3_overdisp",TRUE,FALSE,NA
132,7670,"Ransuil","Long-eared Owl",2005,2005,"index_100 = eerste analysejaar vanaf eerste positieve jaar",1,0,100,"model2_basis",FALSE,FALSE,"Data ends with 2 years without positive observations."
132,7670,"Ransuil","Long-eared Owl",2006,2005,"index_100 = eerste analysejaar vanaf eerste positieve jaar",0,0.408229956602598,0,"model2_basis",FALSE,FALSE,"Data ends with 2 years without positive observations."
132,7670,"Ransuil","Long-eared Owl",2007,2005,"index_100 = eerste analysejaar vanaf eerste positieve jaar",0.0364980844465068,0.385266797558464,3.64980844465068,"model2_basis",FALSE,FALSE,"Data ends with 2 years without positive observations."
132,7670,"Ransuil","Long-eared Owl",2008,2005,"index_100 = eerste analysejaar vanaf eerste positieve jaar",0,0.434435563687145,0,"model2_basis",FALSE,FALSE,"Data ends with 2 years without positive observations."
132,7670,"Ransuil","Long-eared Owl",2009,2005,"index_100 = eerste analysejaar vanaf eerste positieve jaar",0,0.448162609105949,0,"model2_basis",FALSE,FALSE,"Data ends with 2 years without positive observations."
132,7670,"Ransuil","Long-eared Owl",2010,2005,"index_100 = eerste analysejaar vanaf eerste positieve jaar",0,0.462323393821625,0,"model2_basis",FALSE,FALSE,"Data ends with 2 years without positive observations."
132,7670,"Ransuil","Long-eared Owl",2011,2005,"index_100 = eerste analysejaar vanaf eerste positieve jaar",0,0.476931622879352,0,"model2_basis",FALSE,FALSE,"Data ends with 2 years without positive observations."
132,7670,"Ransuil","Long-eared Owl",2012,2005,"index_100 = eerste analysejaar vanaf eerste positieve jaar",0,0.492001434368458,0,"model2_basis",FALSE,FALSE,"Data ends with 2 years without positive observations."
132,7670,"Ransuil","Long-eared Owl",2013,2005,"index_100 = eerste analysejaar vanaf eerste positieve jaar",0,0.507547413105494,0,"model2_basis",FALSE,FALSE,"Data ends with 2 years without positive observations."
132,7670,"Ransuil","Long-eared Owl",2014,2005,"index_100 = eerste analysejaar vanaf eerste positieve jaar",0,0.523584604749668,0,"model2_basis",FALSE,FALSE,"Data ends with 2 years without positive observations."
132,7670,"Ransuil","Long-eared Owl",2015,2005,"index_100 = eerste analysejaar vanaf eerste positieve jaar",1,0.669580407627178,100,"model2_basis",FALSE,FALSE,"Data ends with 2 years without positive observations."
132,7670,"Ransuil","Long-eared Owl",2016,2005,"index_100 = eerste analysejaar vanaf eerste positieve jaar",1,0.683421967360255,100,"model2_basis",FALSE,FALSE,"Data ends with 2 years without positive observations."
132,7670,"Ransuil","Long-eared Owl",2017,2005,"index_100 = eerste analysejaar vanaf eerste positieve jaar",0,0.57480113538249,0,"model2_basis",FALSE,FALSE,"Data ends with 2 years without positive observations."
132,7670,"Ransuil","Long-eared Owl",2018,2005,"index_100 = eerste analysejaar vanaf eerste positieve jaar",0,0.592963371515298,0,"model2_basis",FALSE,FALSE,"Data ends with 2 years without positive observations."
132,7670,"Ransuil","Long-eared Owl",2019,2005,"index_100 = eerste analysejaar vanaf eerste positieve jaar",0,0.611699487553761,0,"model2_basis",FALSE,FALSE,"Data ends with 2 years without positive observations."
132,7670,"Ransuil","Long-eared Owl",2020,2005,"index_100 = eerste analysejaar vanaf eerste positieve jaar",2,1.01222143071705,200,"model2_basis",FALSE,FALSE,"Data ends with 2 years without positive observations."
132,7670,"Ransuil","Long-eared Owl",2021,2005,"index_100 = eerste analysejaar vanaf eerste positieve jaar",0,0.650966464818386,0,"model2_basis",FALSE,FALSE,"Data ends with 2 years without positive observations."
132,7670,"Ransuil","Long-eared Owl",2022,2005,"index_100 = eerste analysejaar vanaf eerste positieve jaar",0,0.67153532928436,0,"model2_basis",FALSE,FALSE,"Data ends with 2 years without positive observations."
135,7780,"Nachtzwaluw","Nightjar",2002,2002,"index_100 = eerste analysejaar vanaf eerste positieve jaar",1,0,100,"model2_basis",FALSE,FALSE,NA
135,7780,"Nachtzwaluw","Nightjar",2003,2002,"index_100 = eerste analysejaar vanaf eerste positieve jaar",1,1.00391585072269,100,"model2_basis",FALSE,FALSE,NA
135,7780,"Nachtzwaluw","Nightjar",2004,2002,"index_100 = eerste analysejaar vanaf eerste positieve jaar",1,0.975350943175036,100,"model2_basis",FALSE,FALSE,NA
135,7780,"Nachtzwaluw","Nightjar",2005,2002,"index_100 = eerste analysejaar vanaf eerste positieve jaar",0,0.604570837460858,0,"model2_basis",FALSE,FALSE,NA
135,7780,"Nachtzwaluw","Nightjar",2006,2002,"index_100 = eerste analysejaar vanaf eerste positieve jaar",0,0.567191772180688,0,"model2_basis",FALSE,FALSE,NA
135,7780,"Nachtzwaluw","Nightjar",2007,2002,"index_100 = eerste analysejaar vanaf eerste positieve jaar",0,0.532123758698992,0,"model2_basis",FALSE,FALSE,NA
135,7780,"Nachtzwaluw","Nightjar",2008,2002,"index_100 = eerste analysejaar vanaf eerste positieve jaar",0,0.499223910606621,0,"model2_basis",FALSE,FALSE,NA
135,7780,"Nachtzwaluw","Nightjar",2009,2002,"index_100 = eerste analysejaar vanaf eerste positieve jaar",0.166713724001189,0.268105313281307,16.6713724001189,"model2_basis",FALSE,FALSE,NA
135,7780,"Nachtzwaluw","Nightjar",2010,2002,"index_100 = eerste analysejaar vanaf eerste positieve jaar",0,0.439400790253307,0,"model2_basis",FALSE,FALSE,NA
135,7780,"Nachtzwaluw","Nightjar",2011,2002,"index_100 = eerste analysejaar vanaf eerste positieve jaar",0,0.412233765637932,0,"model2_basis",FALSE,FALSE,NA
135,7780,"Nachtzwaluw","Nightjar",2012,2002,"index_100 = eerste analysejaar vanaf eerste positieve jaar",0,0.386746408521623,0,"model2_basis",FALSE,FALSE,NA
135,7780,"Nachtzwaluw","Nightjar",2013,2002,"index_100 = eerste analysejaar vanaf eerste positieve jaar",0,0.362834869368137,0,"model2_basis",FALSE,FALSE,NA
135,7780,"Nachtzwaluw","Nightjar",2014,2002,"index_100 = eerste analysejaar vanaf eerste positieve jaar",0,0.340401719391875,0,"model2_basis",FALSE,FALSE,NA
135,7780,"Nachtzwaluw","Nightjar",2015,2002,"index_100 = eerste analysejaar vanaf eerste positieve jaar",0,0.319355553579328,0,"model2_basis",FALSE,FALSE,NA
135,7780,"Nachtzwaluw","Nightjar",2016,2002,"index_100 = eerste analysejaar vanaf eerste positieve jaar",0,0.29961061825469,0,"model2_basis",FALSE,FALSE,NA
135,7780,"Nachtzwaluw","Nightjar",2017,2002,"index_100 = eerste analysejaar vanaf eerste positieve jaar",0,0.28108646167213,0,"model2_basis",FALSE,FALSE,NA
135,7780,"Nachtzwaluw","Nightjar",2018,2002,"index_100 = eerste analysejaar vanaf eerste positieve jaar",0,0.263707606211053,0,"model2_basis",FALSE,FALSE,NA
135,7780,"Nachtzwaluw","Nightjar",2019,2002,"index_100 = eerste analysejaar vanaf eerste positieve jaar",0,0.247403240838685,0,"model2_basis",FALSE,FALSE,NA
135,7780,"Nachtzwaluw","Nightjar",2020,2002,"index_100 = eerste analysejaar vanaf eerste positieve jaar",0,0.23210693258691,0,"model2_basis",FALSE,FALSE,NA
135,7780,"Nachtzwaluw","Nightjar",2021,2002,"index_100 = eerste analysejaar vanaf eerste positieve jaar",0,0.217756355867754,0,"model2_basis",FALSE,FALSE,NA
135,7780,"Nachtzwaluw","Nightjar",2022,2002,"index_100 = eerste analysejaar vanaf eerste positieve jaar",1,0.760116215830529,100,"model2_basis",FALSE,FALSE,NA
137,8310,"IJsvogel","kingfisher",2009,2009,"index_100 = eerste analysejaar vanaf eerste positieve jaar",1,0,100,"model2_basis",FALSE,FALSE,"Data ends with 1 years without positive observations."
137,8310,"IJsvogel","kingfisher",2010,2009,"index_100 = eerste analysejaar vanaf eerste positieve jaar",0,0.823011488732277,0,"model2_basis",FALSE,FALSE,"Data ends with 1 years without positive observations."
137,8310,"IJsvogel","kingfisher",2011,2009,"index_100 = eerste analysejaar vanaf eerste positieve jaar",0,0.863171825795039,0,"model2_basis",FALSE,FALSE,"Data ends with 1 years without positive observations."
137,8310,"IJsvogel","kingfisher",2012,2009,"index_100 = eerste analysejaar vanaf eerste positieve jaar",0.0999220352887562,0.862635274359841,9.99220352887562,"model2_basis",FALSE,FALSE,"Data ends with 1 years without positive observations."
137,8310,"IJsvogel","kingfisher",2013,2009,"index_100 = eerste analysejaar vanaf eerste positieve jaar",0.0588042993627283,0.924496256174454,5.88042993627283,"model2_basis",FALSE,FALSE,"Data ends with 1 years without positive observations."
137,8310,"IJsvogel","kingfisher",2014,2009,"index_100 = eerste analysejaar vanaf eerste positieve jaar",2.06468324468467,1.87950054333564,206.468324468467,"model2_basis",FALSE,FALSE,"Data ends with 1 years without positive observations."
137,8310,"IJsvogel","kingfisher",2015,2009,"index_100 = eerste analysejaar vanaf eerste positieve jaar",4,3.30806737826641,400,"model2_basis",FALSE,FALSE,"Data ends with 1 years without positive observations."
137,8310,"IJsvogel","kingfisher",2016,2009,"index_100 = eerste analysejaar vanaf eerste positieve jaar",1,1.34743566313687,100,"model2_basis",FALSE,FALSE,"Data ends with 1 years without positive observations."
137,8310,"IJsvogel","kingfisher",2017,2009,"index_100 = eerste analysejaar vanaf eerste positieve jaar",1,1.39123411613077,100,"model2_basis",FALSE,FALSE,"Data ends with 1 years without positive observations."
137,8310,"IJsvogel","kingfisher",2018,2009,"index_100 = eerste analysejaar vanaf eerste positieve jaar",0,1.20486050067639,0,"model2_basis",FALSE,FALSE,"Data ends with 1 years without positive observations."
137,8310,"IJsvogel","kingfisher",2019,2009,"index_100 = eerste analysejaar vanaf eerste positieve jaar",2,2.01493446603854,200,"model2_basis",FALSE,FALSE,"Data ends with 1 years without positive observations."
137,8310,"IJsvogel","kingfisher",2020,2009,"index_100 = eerste analysejaar vanaf eerste positieve jaar",4,3.40720152413153,400,"model2_basis",FALSE,FALSE,"Data ends with 1 years without positive observations."
137,8310,"IJsvogel","kingfisher",2021,2009,"index_100 = eerste analysejaar vanaf eerste positieve jaar",2,2.09647433418465,200,"model2_basis",FALSE,FALSE,"Data ends with 1 years without positive observations."
137,8310,"IJsvogel","kingfisher",2022,2009,"index_100 = eerste analysejaar vanaf eerste positieve jaar",0,1.45781428534064,0,"model2_basis",FALSE,FALSE,"Data ends with 1 years without positive observations."
142,8560,"Groene Specht","European Green Woodpecker",1997,1997,"index_100 = eerste analysejaar vanaf eerste positieve jaar",1,0,100,"model3_overdisp",TRUE,FALSE,"Overdispersion 0.8 <1; consider setting overdisp=FALSE"
142,8560,"Groene Specht","European Green Woodpecker",1998,1997,"index_100 = eerste analysejaar vanaf eerste positieve jaar",0.936042119171606,0.266017682283014,93.6042119171606,"model3_overdisp",TRUE,FALSE,"Overdispersion 0.8 <1; consider setting overdisp=FALSE"
142,8560,"Groene Specht","European Green Woodpecker",1999,1997,"index_100 = eerste analysejaar vanaf eerste positieve jaar",0.8,0.234543117261749,80,"model3_overdisp",TRUE,FALSE,"Overdispersion 0.8 <1; consider setting overdisp=FALSE"
142,8560,"Groene Specht","European Green Woodpecker",2000,1997,"index_100 = eerste analysejaar vanaf eerste positieve jaar",0.785551517955162,0.251848723402692,78.5551517955162,"model3_overdisp",TRUE,FALSE,"Overdispersion 0.8 <1; consider setting overdisp=FALSE"
142,8560,"Groene Specht","European Green Woodpecker",2001,1997,"index_100 = eerste analysejaar vanaf eerste positieve jaar",0.4,0.146263331203235,40,"model3_overdisp",TRUE,FALSE,"Overdispersion 0.8 <1; consider setting overdisp=FALSE"
142,8560,"Groene Specht","European Green Woodpecker",2002,1997,"index_100 = eerste analysejaar vanaf eerste positieve jaar",0.55,0.180463194464786,55,"model3_overdisp",TRUE,FALSE,"Overdispersion 0.8 <1; consider setting overdisp=FALSE"
142,8560,"Groene Specht","European Green Woodpecker",2003,1997,"index_100 = eerste analysejaar vanaf eerste positieve jaar",0.6,0.191503653324348,60,"model3_overdisp",TRUE,FALSE,"Overdispersion 0.8 <1; consider setting overdisp=FALSE"
142,8560,"Groene Specht","European Green Woodpecker",2004,1997,"index_100 = eerste analysejaar vanaf eerste positieve jaar",0.55,0.180463194464786,55,"model3_overdisp",TRUE,FALSE,"Overdispersion 0.8 <1; consider setting overdisp=FALSE"
142,8560,"Groene Specht","European Green Woodpecker",2005,1997,"index_100 = eerste analysejaar vanaf eerste positieve jaar",0.55,0.180463194464786,55,"model3_overdisp",TRUE,FALSE,"Overdispersion 0.8 <1; consider setting overdisp=FALSE"
142,8560,"Groene Specht","European Green Woodpecker",2006,1997,"index_100 = eerste analysejaar vanaf eerste positieve jaar",0.45,0.157881667604199,45,"model3_overdisp",TRUE,FALSE,"Overdispersion 0.8 <1; consider setting overdisp=FALSE"
142,8560,"Groene Specht","European Green Woodpecker",2007,1997,"index_100 = eerste analysejaar vanaf eerste positieve jaar",0.573771317899251,0.188372016971007,57.3771317899251,"model3_overdisp",TRUE,FALSE,"Overdispersion 0.8 <1; consider setting overdisp=FALSE"
142,8560,"Groene Specht","European Green Woodpecker",2008,1997,"index_100 = eerste analysejaar vanaf eerste positieve jaar",0.757192652222206,0.249724712443496,75.7192652222206,"model3_overdisp",TRUE,FALSE,"Overdispersion 0.8 <1; consider setting overdisp=FALSE"
142,8560,"Groene Specht","European Green Woodpecker",2009,1997,"index_100 = eerste analysejaar vanaf eerste positieve jaar",0.713308160544393,0.228346034606882,71.3308160544393,"model3_overdisp",TRUE,FALSE,"Overdispersion 0.8 <1; consider setting overdisp=FALSE"
142,8560,"Groene Specht","European Green Woodpecker",2010,1997,"index_100 = eerste analysejaar vanaf eerste positieve jaar",0.906057033352812,0.261568062574021,90.6057033352812,"model3_overdisp",TRUE,FALSE,"Overdispersion 0.8 <1; consider setting overdisp=FALSE"
142,8560,"Groene Specht","European Green Woodpecker",2011,1997,"index_100 = eerste analysejaar vanaf eerste positieve jaar",0.795765632333154,0.24297492916478,79.5765632333154,"model3_overdisp",TRUE,FALSE,"Overdispersion 0.8 <1; consider setting overdisp=FALSE"
142,8560,"Groene Specht","European Green Woodpecker",2012,1997,"index_100 = eerste analysejaar vanaf eerste positieve jaar",0.760969905881672,0.227245636108959,76.0969905881672,"model3_overdisp",TRUE,FALSE,"Overdispersion 0.8 <1; consider setting overdisp=FALSE"
142,8560,"Groene Specht","European Green Woodpecker",2013,1997,"index_100 = eerste analysejaar vanaf eerste positieve jaar",0.322216022080825,0.131185452206473,32.2216022080825,"model3_overdisp",TRUE,FALSE,"Overdispersion 0.8 <1; consider setting overdisp=FALSE"
142,8560,"Groene Specht","European Green Woodpecker",2014,1997,"index_100 = eerste analysejaar vanaf eerste positieve jaar",0.185023373914944,0.100257126091883,18.5023373914944,"model3_overdisp",TRUE,FALSE,"Overdispersion 0.8 <1; consider setting overdisp=FALSE"
142,8560,"Groene Specht","European Green Woodpecker",2015,1997,"index_100 = eerste analysejaar vanaf eerste positieve jaar",0.454723218476088,0.166555216809621,45.4723218476088,"model3_overdisp",TRUE,FALSE,"Overdispersion 0.8 <1; consider setting overdisp=FALSE"
142,8560,"Groene Specht","European Green Woodpecker",2016,1997,"index_100 = eerste analysejaar vanaf eerste positieve jaar",0.341042413857066,0.138948945157601,34.1042413857066,"model3_overdisp",TRUE,FALSE,"Overdispersion 0.8 <1; consider setting overdisp=FALSE"
142,8560,"Groene Specht","European Green Woodpecker",2017,1997,"index_100 = eerste analysejaar vanaf eerste positieve jaar",0.27140200748739,0.118691697991167,27.140200748739,"model3_overdisp",TRUE,FALSE,"Overdispersion 0.8 <1; consider setting overdisp=FALSE"
142,8560,"Groene Specht","European Green Woodpecker",2018,1997,"index_100 = eerste analysejaar vanaf eerste positieve jaar",0.6,0.191503653324348,60,"model3_overdisp",TRUE,FALSE,"Overdispersion 0.8 <1; consider setting overdisp=FALSE"
142,8560,"Groene Specht","European Green Woodpecker",2019,1997,"index_100 = eerste analysejaar vanaf eerste positieve jaar",0.511563620785599,0.179811633093249,51.1563620785599,"model3_overdisp",TRUE,FALSE,"Overdispersion 0.8 <1; consider setting overdisp=FALSE"
142,8560,"Groene Specht","European Green Woodpecker",2020,1997,"index_100 = eerste analysejaar vanaf eerste positieve jaar",0.290943430050941,0.127314517643263,29.0943430050941,"model3_overdisp",TRUE,FALSE,"Overdispersion 0.8 <1; consider setting overdisp=FALSE"
142,8560,"Groene Specht","European Green Woodpecker",2021,1997,"index_100 = eerste analysejaar vanaf eerste positieve jaar",0.25,0.109261323719161,25,"model3_overdisp",TRUE,FALSE,"Overdispersion 0.8 <1; consider setting overdisp=FALSE"
142,8560,"Groene Specht","European Green Woodpecker",2022,1997,"index_100 = eerste analysejaar vanaf eerste positieve jaar",0.279170229652801,0.122110240495976,27.9170229652801,"model3_overdisp",TRUE,FALSE,"Overdispersion 0.8 <1; consider setting overdisp=FALSE"
144,8760,"Grote Bonte Specht","great spotted woodpecker",1997,1997,"index_100 = eerste analysejaar vanaf eerste positieve jaar",1,0,100,"model3_overdisp",TRUE,FALSE,"Overdispersion 0.5 <1; consider setting overdisp=FALSE"
144,8760,"Grote Bonte Specht","great spotted woodpecker",1998,1997,"index_100 = eerste analysejaar vanaf eerste positieve jaar",1.36862335969674,0.278494143648494,136.862335969674,"model3_overdisp",TRUE,FALSE,"Overdispersion 0.5 <1; consider setting overdisp=FALSE"
144,8760,"Grote Bonte Specht","great spotted woodpecker",1999,1997,"index_100 = eerste analysejaar vanaf eerste positieve jaar",1.39130434782609,0.27916544107535,139.130434782609,"model3_overdisp",TRUE,FALSE,"Overdispersion 0.5 <1; consider setting overdisp=FALSE"
144,8760,"Grote Bonte Specht","great spotted woodpecker",2000,1997,"index_100 = eerste analysejaar vanaf eerste positieve jaar",1.52302962817843,0.315034088113151,152.302962817843,"model3_overdisp",TRUE,FALSE,"Overdispersion 0.5 <1; consider setting overdisp=FALSE"
144,8760,"Grote Bonte Specht","great spotted woodpecker",2001,1997,"index_100 = eerste analysejaar vanaf eerste positieve jaar",1.8695652173913,0.354496144378055,186.95652173913,"model3_overdisp",TRUE,FALSE,"Overdispersion 0.5 <1; consider setting overdisp=FALSE"
144,8760,"Grote Bonte Specht","great spotted woodpecker",2002,1997,"index_100 = eerste analysejaar vanaf eerste positieve jaar",1.73913043478261,0.334045473221838,173.913043478261,"model3_overdisp",TRUE,FALSE,"Overdispersion 0.5 <1; consider setting overdisp=FALSE"
144,8760,"Grote Bonte Specht","great spotted woodpecker",2003,1997,"index_100 = eerste analysejaar vanaf eerste positieve jaar",1.69565217391304,0.327215199344773,169.565217391304,"model3_overdisp",TRUE,FALSE,"Overdispersion 0.5 <1; consider setting overdisp=FALSE"
144,8760,"Grote Bonte Specht","great spotted woodpecker",2004,1997,"index_100 = eerste analysejaar vanaf eerste positieve jaar",1.73913043478261,0.334045473221838,173.913043478261,"model3_overdisp",TRUE,FALSE,"Overdispersion 0.5 <1; consider setting overdisp=FALSE"
144,8760,"Grote Bonte Specht","great spotted woodpecker",2005,1997,"index_100 = eerste analysejaar vanaf eerste positieve jaar",1.52173913043478,0.299814987729472,152.173913043478,"model3_overdisp",TRUE,FALSE,"Overdispersion 0.5 <1; consider setting overdisp=FALSE"
144,8760,"Grote Bonte Specht","great spotted woodpecker",2006,1997,"index_100 = eerste analysejaar vanaf eerste positieve jaar",1.52173913043478,0.299814987729472,152.173913043478,"model3_overdisp",TRUE,FALSE,"Overdispersion 0.5 <1; consider setting overdisp=FALSE"
144,8760,"Grote Bonte Specht","great spotted woodpecker",2007,1997,"index_100 = eerste analysejaar vanaf eerste positieve jaar",1.84726659397749,0.354957361947504,184.726659397749,"model3_overdisp",TRUE,FALSE,"Overdispersion 0.5 <1; consider setting overdisp=FALSE"
144,8760,"Grote Bonte Specht","great spotted woodpecker",2008,1997,"index_100 = eerste analysejaar vanaf eerste positieve jaar",1.75095541569348,0.354327599883006,175.095541569348,"model3_overdisp",TRUE,FALSE,"Overdispersion 0.5 <1; consider setting overdisp=FALSE"
144,8760,"Grote Bonte Specht","great spotted woodpecker",2009,1997,"index_100 = eerste analysejaar vanaf eerste positieve jaar",1.77214145779168,0.351675330202184,177.214145779168,"model3_overdisp",TRUE,FALSE,"Overdispersion 0.5 <1; consider setting overdisp=FALSE"
144,8760,"Grote Bonte Specht","great spotted woodpecker",2010,1997,"index_100 = eerste analysejaar vanaf eerste positieve jaar",2.59257824061045,0.470259569623048,259.257824061045,"model3_overdisp",TRUE,FALSE,"Overdispersion 0.5 <1; consider setting overdisp=FALSE"
144,8760,"Grote Bonte Specht","great spotted woodpecker",2011,1997,"index_100 = eerste analysejaar vanaf eerste positieve jaar",2.31915626265629,0.433675262131634,231.915626265629,"model3_overdisp",TRUE,FALSE,"Overdispersion 0.5 <1; consider setting overdisp=FALSE"
144,8760,"Grote Bonte Specht","great spotted woodpecker",2012,1997,"index_100 = eerste analysejaar vanaf eerste positieve jaar",2.69397327399015,0.483894301807851,269.397327399015,"model3_overdisp",TRUE,FALSE,"Overdispersion 0.5 <1; consider setting overdisp=FALSE"
144,8760,"Grote Bonte Specht","great spotted woodpecker",2013,1997,"index_100 = eerste analysejaar vanaf eerste positieve jaar",1.46913805414661,0.294891624503123,146.913805414661,"model3_overdisp",TRUE,FALSE,"Overdispersion 0.5 <1; consider setting overdisp=FALSE"
144,8760,"Grote Bonte Specht","great spotted woodpecker",2014,1997,"index_100 = eerste analysejaar vanaf eerste positieve jaar",2.7300213273603,0.502673948811781,273.00213273603,"model3_overdisp",TRUE,FALSE,"Overdispersion 0.5 <1; consider setting overdisp=FALSE"
144,8760,"Grote Bonte Specht","great spotted woodpecker",2015,1997,"index_100 = eerste analysejaar vanaf eerste positieve jaar",2.36850001292558,0.441387414263924,236.850001292558,"model3_overdisp",TRUE,FALSE,"Overdispersion 0.5 <1; consider setting overdisp=FALSE"
144,8760,"Grote Bonte Specht","great spotted woodpecker",2016,1997,"index_100 = eerste analysejaar vanaf eerste positieve jaar",2.22046876211773,0.418234837915487,222.046876211773,"model3_overdisp",TRUE,FALSE,"Overdispersion 0.5 <1; consider setting overdisp=FALSE"
144,8760,"Grote Bonte Specht","great spotted woodpecker",2017,1997,"index_100 = eerste analysejaar vanaf eerste positieve jaar",2.52695910329524,0.463469579897181,252.695910329524,"model3_overdisp",TRUE,FALSE,"Overdispersion 0.5 <1; consider setting overdisp=FALSE"
144,8760,"Grote Bonte Specht","great spotted woodpecker",2018,1997,"index_100 = eerste analysejaar vanaf eerste positieve jaar",2.52173913043478,0.456101842519695,252.173913043478,"model3_overdisp",TRUE,FALSE,"Overdispersion 0.5 <1; consider setting overdisp=FALSE"
144,8760,"Grote Bonte Specht","great spotted woodpecker",2019,1997,"index_100 = eerste analysejaar vanaf eerste positieve jaar",2.22046876211773,0.418234837915487,222.046876211773,"model3_overdisp",TRUE,FALSE,"Overdispersion 0.5 <1; consider setting overdisp=FALSE"
144,8760,"Grote Bonte Specht","great spotted woodpecker",2020,1997,"index_100 = eerste analysejaar vanaf eerste positieve jaar",2.95596191212798,0.534001146293806,295.596191212798,"model3_overdisp",TRUE,FALSE,"Overdispersion 0.5 <1; consider setting overdisp=FALSE"
144,8760,"Grote Bonte Specht","great spotted woodpecker",2021,1997,"index_100 = eerste analysejaar vanaf eerste positieve jaar",3,0.530180535546601,300,"model3_overdisp",TRUE,FALSE,"Overdispersion 0.5 <1; consider setting overdisp=FALSE"
144,8760,"Grote Bonte Specht","great spotted woodpecker",2022,1997,"index_100 = eerste analysejaar vanaf eerste positieve jaar",2.773945064928,0.499566143595265,277.3945064928,"model3_overdisp",TRUE,FALSE,"Overdispersion 0.5 <1; consider setting overdisp=FALSE"
146,8870,"Kleine Bonte Specht","lesser spotted woodpecker",2005,2005,"index_100 = eerste analysejaar vanaf eerste positieve jaar",1,0,100,"model2_basis",FALSE,FALSE,NA
146,8870,"Kleine Bonte Specht","lesser spotted woodpecker",2006,2005,"index_100 = eerste analysejaar vanaf eerste positieve jaar",0,1.10139865040994,0,"model2_basis",FALSE,FALSE,NA
146,8870,"Kleine Bonte Specht","lesser spotted woodpecker",2007,2005,"index_100 = eerste analysejaar vanaf eerste positieve jaar",0.219313556857243,1.1245248334874,21.9313556857243,"model2_basis",FALSE,FALSE,NA
146,8870,"Kleine Bonte Specht","lesser spotted woodpecker",2008,2005,"index_100 = eerste analysejaar vanaf eerste positieve jaar",1.33906781468426,1.77295222209191,133.906781468426,"model2_basis",FALSE,FALSE,NA
146,8870,"Kleine Bonte Specht","lesser spotted woodpecker",2009,2005,"index_100 = eerste analysejaar vanaf eerste positieve jaar",3.14107170601818,3.46966498552395,314.107170601818,"model2_basis",FALSE,FALSE,NA
146,8870,"Kleine Bonte Specht","lesser spotted woodpecker",2010,2005,"index_100 = eerste analysejaar vanaf eerste positieve jaar",1,1.79281099806432,100,"model2_basis",FALSE,FALSE,NA
146,8870,"Kleine Bonte Specht","lesser spotted woodpecker",2011,2005,"index_100 = eerste analysejaar vanaf eerste positieve jaar",2.1278954611434,2.66624198547256,212.78954611434,"model2_basis",FALSE,FALSE,NA
146,8870,"Kleine Bonte Specht","lesser spotted woodpecker",2012,2005,"index_100 = eerste analysejaar vanaf eerste positieve jaar",6.07085382288954,6.43939223351984,607.085382288954,"model2_basis",FALSE,FALSE,NA
146,8870,"Kleine Bonte Specht","lesser spotted woodpecker",2013,2005,"index_100 = eerste analysejaar vanaf eerste positieve jaar",1,2.09557933626848,100,"model2_basis",FALSE,FALSE,NA
146,8870,"Kleine Bonte Specht","lesser spotted woodpecker",2014,2005,"index_100 = eerste analysejaar vanaf eerste positieve jaar",4.19745561742883,4.70128995907733,419.745561742883,"model2_basis",FALSE,FALSE,NA
146,8870,"Kleine Bonte Specht","lesser spotted woodpecker",2015,2005,"index_100 = eerste analysejaar vanaf eerste positieve jaar",4.22821329806813,4.79043345457572,422.821329806813,"model2_basis",FALSE,FALSE,NA
146,8870,"Kleine Bonte Specht","lesser spotted woodpecker",2016,2005,"index_100 = eerste analysejaar vanaf eerste positieve jaar",8.26376210559776,8.7441725565508,826.376210559776,"model2_basis",FALSE,FALSE,NA
146,8870,"Kleine Bonte Specht","lesser spotted woodpecker",2017,2005,"index_100 = eerste analysejaar vanaf eerste positieve jaar",6.52834103301071,7.07929534617225,652.834103301071,"model2_basis",FALSE,FALSE,NA
146,8870,"Kleine Bonte Specht","lesser spotted woodpecker",2018,2005,"index_100 = eerste analysejaar vanaf eerste positieve jaar",7,7.63686363748519,700,"model2_basis",FALSE,FALSE,NA
146,8870,"Kleine Bonte Specht","lesser spotted woodpecker",2019,2005,"index_100 = eerste analysejaar vanaf eerste positieve jaar",9.40721780858773,10.0224867807471,940.721780858774,"model2_basis",FALSE,FALSE,NA
146,8870,"Kleine Bonte Specht","lesser spotted woodpecker",2020,2005,"index_100 = eerste analysejaar vanaf eerste positieve jaar",14.815696694421,15.4665297096703,1481.5696694421,"model2_basis",FALSE,FALSE,NA
146,8870,"Kleine Bonte Specht","lesser spotted woodpecker",2021,2005,"index_100 = eerste analysejaar vanaf eerste positieve jaar",5,6.07289860714806,500,"model2_basis",FALSE,FALSE,NA
146,8870,"Kleine Bonte Specht","lesser spotted woodpecker",2022,2005,"index_100 = eerste analysejaar vanaf eerste positieve jaar",9.17030501976915,10.0297904781411,917.030501976915,"model2_basis",FALSE,FALSE,NA
148,9740,"Boomleeuwerik","woodlark",1997,1997,"index_100 = eerste analysejaar vanaf eerste positieve jaar",1,0,100,"model3_overdisp",TRUE,FALSE,"Overdispersion 0.9 <1; consider setting overdisp=FALSE"
148,9740,"Boomleeuwerik","woodlark",1998,1997,"index_100 = eerste analysejaar vanaf eerste positieve jaar",2.107967580196,1.72805633496155,210.7967580196,"model3_overdisp",TRUE,FALSE,"Overdispersion 0.9 <1; consider setting overdisp=FALSE"
148,9740,"Boomleeuwerik","woodlark",1999,1997,"index_100 = eerste analysejaar vanaf eerste positieve jaar",5.5,4.00198555419571,550,"model3_overdisp",TRUE,FALSE,"Overdispersion 0.9 <1; consider setting overdisp=FALSE"
148,9740,"Boomleeuwerik","woodlark",2000,1997,"index_100 = eerste analysejaar vanaf eerste positieve jaar",9.96275871908738,7.05044345154094,996.275871908738,"model3_overdisp",TRUE,FALSE,"Overdispersion 0.9 <1; consider setting overdisp=FALSE"
148,9740,"Boomleeuwerik","woodlark",2001,1997,"index_100 = eerste analysejaar vanaf eerste positieve jaar",12.5,8.69479574823096,1250,"model3_overdisp",TRUE,FALSE,"Overdispersion 0.9 <1; consider setting overdisp=FALSE"
148,9740,"Boomleeuwerik","woodlark",2002,1997,"index_100 = eerste analysejaar vanaf eerste positieve jaar",19.5,13.3823298360424,1950,"model3_overdisp",TRUE,FALSE,"Overdispersion 0.9 <1; consider setting overdisp=FALSE"
148,9740,"Boomleeuwerik","woodlark",2003,1997,"index_100 = eerste analysejaar vanaf eerste positieve jaar",27.5,18.7381309862609,2750,"model3_overdisp",TRUE,FALSE,"Overdispersion 0.9 <1; consider setting overdisp=FALSE"
148,9740,"Boomleeuwerik","woodlark",2004,1997,"index_100 = eerste analysejaar vanaf eerste positieve jaar",26.5,18.0686946010916,2650,"model3_overdisp",TRUE,FALSE,"Overdispersion 0.9 <1; consider setting overdisp=FALSE"
148,9740,"Boomleeuwerik","woodlark",2005,1997,"index_100 = eerste analysejaar vanaf eerste positieve jaar",21.5,14.7213616749008,2150,"model3_overdisp",TRUE,FALSE,"Overdispersion 0.9 <1; consider setting overdisp=FALSE"
148,9740,"Boomleeuwerik","woodlark",2006,1997,"index_100 = eerste analysejaar vanaf eerste positieve jaar",22,15.0561090621367,2200,"model3_overdisp",TRUE,FALSE,"Overdispersion 0.9 <1; consider setting overdisp=FALSE"
148,9740,"Boomleeuwerik","woodlark",2007,1997,"index_100 = eerste analysejaar vanaf eerste positieve jaar",22.4056891324757,15.3419313819425,2240.56891324757,"model3_overdisp",TRUE,FALSE,"Overdispersion 0.9 <1; consider setting overdisp=FALSE"
148,9740,"Boomleeuwerik","woodlark",2008,1997,"index_100 = eerste analysejaar vanaf eerste positieve jaar",25.5485454511035,17.4777919222875,2554.85454511035,"model3_overdisp",TRUE,FALSE,"Overdispersion 0.9 <1; consider setting overdisp=FALSE"
148,9740,"Boomleeuwerik","woodlark",2009,1997,"index_100 = eerste analysejaar vanaf eerste positieve jaar",25.295610962352,17.2807532320435,2529.5610962352,"model3_overdisp",TRUE,FALSE,"Overdispersion 0.9 <1; consider setting overdisp=FALSE"
148,9740,"Boomleeuwerik","woodlark",2010,1997,"index_100 = eerste analysejaar vanaf eerste positieve jaar",17.5766335343219,12.1274893844125,1757.66335343219,"model3_overdisp",TRUE,FALSE,"Overdispersion 0.9 <1; consider setting overdisp=FALSE"
148,9740,"Boomleeuwerik","woodlark",2011,1997,"index_100 = eerste analysejaar vanaf eerste positieve jaar",23,15.7255930401005,2300,"model3_overdisp",TRUE,FALSE,"Overdispersion 0.9 <1; consider setting overdisp=FALSE"
148,9740,"Boomleeuwerik","woodlark",2012,1997,"index_100 = eerste analysejaar vanaf eerste positieve jaar",25.3757271292997,17.3281959006617,2537.57271292997,"model3_overdisp",TRUE,FALSE,"Overdispersion 0.9 <1; consider setting overdisp=FALSE"
148,9740,"Boomleeuwerik","woodlark",2013,1997,"index_100 = eerste analysejaar vanaf eerste positieve jaar",28.6539652419094,19.545758533883,2865.39652419094,"model3_overdisp",TRUE,FALSE,"Overdispersion 0.9 <1; consider setting overdisp=FALSE"
148,9740,"Boomleeuwerik","woodlark",2014,1997,"index_100 = eerste analysejaar vanaf eerste positieve jaar",36.3684943455004,24.7104514317074,3636.84943455004,"model3_overdisp",TRUE,FALSE,"Overdispersion 0.9 <1; consider setting overdisp=FALSE"
148,9740,"Boomleeuwerik","woodlark",2015,1997,"index_100 = eerste analysejaar vanaf eerste positieve jaar",37.5,25.4321743487918,3750,"model3_overdisp",TRUE,FALSE,"Overdispersion 0.9 <1; consider setting overdisp=FALSE"
148,9740,"Boomleeuwerik","woodlark",2016,1997,"index_100 = eerste analysejaar vanaf eerste positieve jaar",43.5,29.4484287511438,4350,"model3_overdisp",TRUE,FALSE,"Overdispersion 0.9 <1; consider setting overdisp=FALSE"
148,9740,"Boomleeuwerik","woodlark",2017,1997,"index_100 = eerste analysejaar vanaf eerste positieve jaar",45.5891608654754,30.8514972737338,4558.91608654754,"model3_overdisp",TRUE,FALSE,"Overdispersion 0.9 <1; consider setting overdisp=FALSE"
148,9740,"Boomleeuwerik","woodlark",2018,1997,"index_100 = eerste analysejaar vanaf eerste positieve jaar",45,30.4524799767724,4500,"model3_overdisp",TRUE,FALSE,"Overdispersion 0.9 <1; consider setting overdisp=FALSE"
148,9740,"Boomleeuwerik","woodlark",2019,1997,"index_100 = eerste analysejaar vanaf eerste positieve jaar",46.5,31.4565272004027,4650,"model3_overdisp",TRUE,FALSE,"Overdispersion 0.9 <1; consider setting overdisp=FALSE"
148,9740,"Boomleeuwerik","woodlark",2020,1997,"index_100 = eerste analysejaar vanaf eerste positieve jaar",59.6182519941454,40.2789483079966,5961.82519941454,"model3_overdisp",TRUE,FALSE,"Overdispersion 0.9 <1; consider setting overdisp=FALSE"
148,9740,"Boomleeuwerik","woodlark",2021,1997,"index_100 = eerste analysejaar vanaf eerste positieve jaar",61.5,41.4968432349691,6150,"model3_overdisp",TRUE,FALSE,"Overdispersion 0.9 <1; consider setting overdisp=FALSE"
148,9740,"Boomleeuwerik","woodlark",2022,1997,"index_100 = eerste analysejaar vanaf eerste positieve jaar",58.2917017307412,39.400804915637,5829.17017307412,"model3_overdisp",TRUE,FALSE,"Overdispersion 0.9 <1; consider setting overdisp=FALSE"
150,9760,"Veldleeuwerik","Skylark",1999,1999,"index_100 = eerste analysejaar vanaf eerste positieve jaar",1,0,100,"model2_basis",FALSE,FALSE,NA
150,9760,"Veldleeuwerik","Skylark",2000,1999,"index_100 = eerste analysejaar vanaf eerste positieve jaar",0.570905935009851,0.54827468498115,57.0905935009851,"model2_basis",FALSE,FALSE,NA
150,9760,"Veldleeuwerik","Skylark",2001,1999,"index_100 = eerste analysejaar vanaf eerste positieve jaar",0,0.46048151258911,0,"model2_basis",FALSE,FALSE,NA
150,9760,"Veldleeuwerik","Skylark",2002,1999,"index_100 = eerste analysejaar vanaf eerste positieve jaar",0.5,0.504322916845615,50,"model2_basis",FALSE,FALSE,NA
150,9760,"Veldleeuwerik","Skylark",2003,1999,"index_100 = eerste analysejaar vanaf eerste positieve jaar",0.5,0.479396265948982,50,"model2_basis",FALSE,FALSE,NA
150,9760,"Veldleeuwerik","Skylark",2004,1999,"index_100 = eerste analysejaar vanaf eerste positieve jaar",0.5,0.456697104843614,50,"model2_basis",FALSE,FALSE,NA
150,9760,"Veldleeuwerik","Skylark",2005,1999,"index_100 = eerste analysejaar vanaf eerste positieve jaar",0,0.345780110941742,0,"model2_basis",FALSE,FALSE,NA
150,9760,"Veldleeuwerik","Skylark",2006,1999,"index_100 = eerste analysejaar vanaf eerste positieve jaar",0,0.32188220070047,0,"model2_basis",FALSE,FALSE,NA
150,9760,"Veldleeuwerik","Skylark",2007,1999,"index_100 = eerste analysejaar vanaf eerste positieve jaar",0,0.299635947381699,0,"model2_basis",FALSE,FALSE,NA
150,9760,"Veldleeuwerik","Skylark",2008,1999,"index_100 = eerste analysejaar vanaf eerste positieve jaar",0.0225441481718354,0.25960250263495,2.25441481718354,"model2_basis",FALSE,FALSE,NA
150,9760,"Veldleeuwerik","Skylark",2009,1999,"index_100 = eerste analysejaar vanaf eerste positieve jaar",0.5,0.37150154285174,50,"model2_basis",FALSE,FALSE,NA
150,9760,"Veldleeuwerik","Skylark",2010,1999,"index_100 = eerste analysejaar vanaf eerste positieve jaar",0,0.241704520215331,0,"model2_basis",FALSE,FALSE,NA
150,9760,"Veldleeuwerik","Skylark",2011,1999,"index_100 = eerste analysejaar vanaf eerste positieve jaar",0,0.224999589115379,0,"model2_basis",FALSE,FALSE,NA
150,9760,"Veldleeuwerik","Skylark",2012,1999,"index_100 = eerste analysejaar vanaf eerste positieve jaar",0,0.20944918637429,0,"model2_basis",FALSE,FALSE,NA
150,9760,"Veldleeuwerik","Skylark",2013,1999,"index_100 = eerste analysejaar vanaf eerste positieve jaar",0,0.194973519042101,0,"model2_basis",FALSE,FALSE,NA
150,9760,"Veldleeuwerik","Skylark",2014,1999,"index_100 = eerste analysejaar vanaf eerste positieve jaar",0,0.181498308901173,0,"model2_basis",FALSE,FALSE,NA
150,9760,"Veldleeuwerik","Skylark",2015,1999,"index_100 = eerste analysejaar vanaf eerste positieve jaar",0,0.168954411326354,0,"model2_basis",FALSE,FALSE,NA
150,9760,"Veldleeuwerik","Skylark",2016,1999,"index_100 = eerste analysejaar vanaf eerste positieve jaar",0,0.157277460486852,0,"model2_basis",FALSE,FALSE,NA
150,9760,"Veldleeuwerik","Skylark",2017,1999,"index_100 = eerste analysejaar vanaf eerste positieve jaar",0,0.146407539069298,0,"model2_basis",FALSE,FALSE,NA
150,9760,"Veldleeuwerik","Skylark",2018,1999,"index_100 = eerste analysejaar vanaf eerste positieve jaar",0,0.136288870827234,0,"model2_basis",FALSE,FALSE,NA
150,9760,"Veldleeuwerik","Skylark",2019,1999,"index_100 = eerste analysejaar vanaf eerste positieve jaar",0,0.126869534379446,0,"model2_basis",FALSE,FALSE,NA
150,9760,"Veldleeuwerik","Skylark",2020,1999,"index_100 = eerste analysejaar vanaf eerste positieve jaar",0,0.118101196788558,0,"model2_basis",FALSE,FALSE,NA
150,9760,"Veldleeuwerik","Skylark",2021,1999,"index_100 = eerste analysejaar vanaf eerste positieve jaar",0,0.109938865552811,0,"model2_basis",FALSE,FALSE,NA
150,9760,"Veldleeuwerik","Skylark",2022,1999,"index_100 = eerste analysejaar vanaf eerste positieve jaar",0.502570165038754,0.284784391579081,50.2570165038754,"model2_basis",FALSE,FALSE,NA
155,10090,"Boompieper","tree pipit",1997,1997,"index_100 = eerste analysejaar vanaf eerste positieve jaar",1,0,100,"model3_overdisp",TRUE,FALSE,NA
155,10090,"Boompieper","tree pipit",1998,1997,"index_100 = eerste analysejaar vanaf eerste positieve jaar",1.20761429750756,0.314932195523274,120.761429750756,"model3_overdisp",TRUE,FALSE,NA
155,10090,"Boompieper","tree pipit",1999,1997,"index_100 = eerste analysejaar vanaf eerste positieve jaar",1.11764705882353,0.293126456169149,111.764705882353,"model3_overdisp",TRUE,FALSE,NA
155,10090,"Boompieper","tree pipit",2000,1997,"index_100 = eerste analysejaar vanaf eerste positieve jaar",1.47918381915528,0.377686827097332,147.918381915528,"model3_overdisp",TRUE,FALSE,NA
155,10090,"Boompieper","tree pipit",2001,1997,"index_100 = eerste analysejaar vanaf eerste positieve jaar",1.70588235294118,0.409359507482542,170.588235294118,"model3_overdisp",TRUE,FALSE,NA
155,10090,"Boompieper","tree pipit",2002,1997,"index_100 = eerste analysejaar vanaf eerste positieve jaar",1.29411764705882,0.328299794272379,129.411764705882,"model3_overdisp",TRUE,FALSE,NA
155,10090,"Boompieper","tree pipit",2003,1997,"index_100 = eerste analysejaar vanaf eerste positieve jaar",1.47058823529412,0.363179742346506,147.058823529412,"model3_overdisp",TRUE,FALSE,NA
155,10090,"Boompieper","tree pipit",2004,1997,"index_100 = eerste analysejaar vanaf eerste positieve jaar",1.67647058823529,0.403603659156889,167.647058823529,"model3_overdisp",TRUE,FALSE,NA
155,10090,"Boompieper","tree pipit",2005,1997,"index_100 = eerste analysejaar vanaf eerste positieve jaar",1.47058823529412,0.363179742346506,147.058823529412,"model3_overdisp",TRUE,FALSE,NA
155,10090,"Boompieper","tree pipit",2006,1997,"index_100 = eerste analysejaar vanaf eerste positieve jaar",1.5,0.368970395625753,150,"model3_overdisp",TRUE,FALSE,NA
155,10090,"Boompieper","tree pipit",2007,1997,"index_100 = eerste analysejaar vanaf eerste positieve jaar",1.2433321860894,0.320488915942599,124.33321860894,"model3_overdisp",TRUE,FALSE,NA
155,10090,"Boompieper","tree pipit",2008,1997,"index_100 = eerste analysejaar vanaf eerste positieve jaar",1.15957609171,0.312835626101712,115.957609171,"model3_overdisp",TRUE,FALSE,NA
155,10090,"Boompieper","tree pipit",2009,1997,"index_100 = eerste analysejaar vanaf eerste positieve jaar",1.28219288032648,0.330597461486263,128.219288032648,"model3_overdisp",TRUE,FALSE,NA
155,10090,"Boompieper","tree pipit",2010,1997,"index_100 = eerste analysejaar vanaf eerste positieve jaar",1.29011733146292,0.341067085790758,129.011733146292,"model3_overdisp",TRUE,FALSE,NA
155,10090,"Boompieper","tree pipit",2011,1997,"index_100 = eerste analysejaar vanaf eerste positieve jaar",1.03914955592829,0.278023415807248,103.914955592829,"model3_overdisp",TRUE,FALSE,NA
155,10090,"Boompieper","tree pipit",2012,1997,"index_100 = eerste analysejaar vanaf eerste positieve jaar",1.06783435551813,0.283729719828905,106.783435551813,"model3_overdisp",TRUE,FALSE,NA
155,10090,"Boompieper","tree pipit",2013,1997,"index_100 = eerste analysejaar vanaf eerste positieve jaar",1.61255117235947,0.405937747167073,161.255117235947,"model3_overdisp",TRUE,FALSE,NA
155,10090,"Boompieper","tree pipit",2014,1997,"index_100 = eerste analysejaar vanaf eerste positieve jaar",1.70166814264995,0.424632042537077,170.166814264995,"model3_overdisp",TRUE,FALSE,NA
155,10090,"Boompieper","tree pipit",2015,1997,"index_100 = eerste analysejaar vanaf eerste positieve jaar",1.39542940367513,0.34907565102898,139.542940367513,"model3_overdisp",TRUE,FALSE,NA
155,10090,"Boompieper","tree pipit",2016,1997,"index_100 = eerste analysejaar vanaf eerste positieve jaar",1.03914955592829,0.278023415807248,103.914955592829,"model3_overdisp",TRUE,FALSE,NA
155,10090,"Boompieper","tree pipit",2017,1997,"index_100 = eerste analysejaar vanaf eerste positieve jaar",0.993171908029448,0.269685625747258,99.3171908029448,"model3_overdisp",TRUE,FALSE,NA
155,10090,"Boompieper","tree pipit",2018,1997,"index_100 = eerste analysejaar vanaf eerste positieve jaar",1.23529411764706,0.316612759045912,123.529411764706,"model3_overdisp",TRUE,FALSE,NA
155,10090,"Boompieper","tree pipit",2019,1997,"index_100 = eerste analysejaar vanaf eerste positieve jaar",1.21728947980171,0.313724355125406,121.728947980171,"model3_overdisp",TRUE,FALSE,NA
155,10090,"Boompieper","tree pipit",2020,1997,"index_100 = eerste analysejaar vanaf eerste positieve jaar",1.4333609956226,0.372192510635943,143.33609956226,"model3_overdisp",TRUE,FALSE,NA
155,10090,"Boompieper","tree pipit",2021,1997,"index_100 = eerste analysejaar vanaf eerste positieve jaar",1.73529411764706,0.415111199976111,173.529411764706,"model3_overdisp",TRUE,FALSE,NA
155,10090,"Boompieper","tree pipit",2022,1997,"index_100 = eerste analysejaar vanaf eerste positieve jaar",2.55495174362427,0.587835536403546,255.495174362427,"model3_overdisp",TRUE,FALSE,NA
156,10110,"Graspieper","meadow pipit",1997,1997,"index_100 = eerste analysejaar vanaf eerste positieve jaar",1,0,100,"model3_overdisp",TRUE,FALSE,"Overdispersion 1.0 <1; consider setting overdisp=FALSE"
156,10110,"Graspieper","meadow pipit",1998,1997,"index_100 = eerste analysejaar vanaf eerste positieve jaar",0.918870480377344,0.273598751528534,91.8870480377344,"model3_overdisp",TRUE,FALSE,"Overdispersion 1.0 <1; consider setting overdisp=FALSE"
156,10110,"Graspieper","meadow pipit",1999,1997,"index_100 = eerste analysejaar vanaf eerste positieve jaar",1.21739130434783,0.337952193435882,121.739130434783,"model3_overdisp",TRUE,FALSE,"Overdispersion 1.0 <1; consider setting overdisp=FALSE"
156,10110,"Graspieper","meadow pipit",2000,1997,"index_100 = eerste analysejaar vanaf eerste positieve jaar",1.58269245220631,0.42185244827783,158.269245220631,"model3_overdisp",TRUE,FALSE,"Overdispersion 1.0 <1; consider setting overdisp=FALSE"
156,10110,"Graspieper","meadow pipit",2001,1997,"index_100 = eerste analysejaar vanaf eerste positieve jaar",1,0.29089348833424,100,"model3_overdisp",TRUE,FALSE,"Overdispersion 1.0 <1; consider setting overdisp=FALSE"
156,10110,"Graspieper","meadow pipit",2002,1997,"index_100 = eerste analysejaar vanaf eerste positieve jaar",1.69565217391304,0.439763635302452,169.565217391304,"model3_overdisp",TRUE,FALSE,"Overdispersion 1.0 <1; consider setting overdisp=FALSE"
156,10110,"Graspieper","meadow pipit",2003,1997,"index_100 = eerste analysejaar vanaf eerste positieve jaar",2.17391304347826,0.540303272568745,217.391304347826,"model3_overdisp",TRUE,FALSE,"Overdispersion 1.0 <1; consider setting overdisp=FALSE"
156,10110,"Graspieper","meadow pipit",2004,1997,"index_100 = eerste analysejaar vanaf eerste positieve jaar",2.17391304347826,0.540303272568745,217.391304347826,"model3_overdisp",TRUE,FALSE,"Overdispersion 1.0 <1; consider setting overdisp=FALSE"
156,10110,"Graspieper","meadow pipit",2005,1997,"index_100 = eerste analysejaar vanaf eerste positieve jaar",2.43478260869565,0.594838027675347,243.478260869565,"model3_overdisp",TRUE,FALSE,"Overdispersion 1.0 <1; consider setting overdisp=FALSE"
156,10110,"Graspieper","meadow pipit",2006,1997,"index_100 = eerste analysejaar vanaf eerste positieve jaar",1.26086956521739,0.347289646802651,126.086956521739,"model3_overdisp",TRUE,FALSE,"Overdispersion 1.0 <1; consider setting overdisp=FALSE"
156,10110,"Graspieper","meadow pipit",2007,1997,"index_100 = eerste analysejaar vanaf eerste positieve jaar",1.87270428238871,0.477238094906964,187.270428238871,"model3_overdisp",TRUE,FALSE,"Overdispersion 1.0 <1; consider setting overdisp=FALSE"
156,10110,"Graspieper","meadow pipit",2008,1997,"index_100 = eerste analysejaar vanaf eerste positieve jaar",1.44301003113875,0.392047055223056,144.301003113875,"model3_overdisp",TRUE,FALSE,"Overdispersion 1.0 <1; consider setting overdisp=FALSE"
156,10110,"Graspieper","meadow pipit",2009,1997,"index_100 = eerste analysejaar vanaf eerste positieve jaar",1.05013769185982,0.302297364941652,105.013769185982,"model3_overdisp",TRUE,FALSE,"Overdispersion 1.0 <1; consider setting overdisp=FALSE"
156,10110,"Graspieper","meadow pipit",2010,1997,"index_100 = eerste analysejaar vanaf eerste positieve jaar",0.650130367758584,0.217503663820707,65.0130367758584,"model3_overdisp",TRUE,FALSE,"Overdispersion 1.0 <1; consider setting overdisp=FALSE"
156,10110,"Graspieper","meadow pipit",2011,1997,"index_100 = eerste analysejaar vanaf eerste positieve jaar",0.565217391304348,0.193470205225221,56.5217391304348,"model3_overdisp",TRUE,FALSE,"Overdispersion 1.0 <1; consider setting overdisp=FALSE"
156,10110,"Graspieper","meadow pipit",2012,1997,"index_100 = eerste analysejaar vanaf eerste positieve jaar",0.523315338358788,0.183837309761509,52.3315338358788,"model3_overdisp",TRUE,FALSE,"Overdispersion 1.0 <1; consider setting overdisp=FALSE"
156,10110,"Graspieper","meadow pipit",2013,1997,"index_100 = eerste analysejaar vanaf eerste positieve jaar",0.510816717524602,0.184802154155904,51.0816717524602,"model3_overdisp",TRUE,FALSE,"Overdispersion 1.0 <1; consider setting overdisp=FALSE"
156,10110,"Graspieper","meadow pipit",2014,1997,"index_100 = eerste analysejaar vanaf eerste positieve jaar",0.603692484347257,0.20673548727392,60.3692484347257,"model3_overdisp",TRUE,FALSE,"Overdispersion 1.0 <1; consider setting overdisp=FALSE"
156,10110,"Graspieper","meadow pipit",2015,1997,"index_100 = eerste analysejaar vanaf eerste positieve jaar",0.695652173913043,0.223400150133907,69.5652173913043,"model3_overdisp",TRUE,FALSE,"Overdispersion 1.0 <1; consider setting overdisp=FALSE"
156,10110,"Graspieper","meadow pipit",2016,1997,"index_100 = eerste analysejaar vanaf eerste positieve jaar",0.565217391304348,0.193470205225221,56.5217391304348,"model3_overdisp",TRUE,FALSE,"Overdispersion 1.0 <1; consider setting overdisp=FALSE"
156,10110,"Graspieper","meadow pipit",2017,1997,"index_100 = eerste analysejaar vanaf eerste positieve jaar",0.653254921962217,0.213871674048304,65.3254921962217,"model3_overdisp",TRUE,FALSE,"Overdispersion 1.0 <1; consider setting overdisp=FALSE"
156,10110,"Graspieper","meadow pipit",2018,1997,"index_100 = eerste analysejaar vanaf eerste positieve jaar",0.91304347826087,0.271848631706232,91.304347826087,"model3_overdisp",TRUE,FALSE,"Overdispersion 1.0 <1; consider setting overdisp=FALSE"
156,10110,"Graspieper","meadow pipit",2019,1997,"index_100 = eerste analysejaar vanaf eerste positieve jaar",1.04347826086957,0.300362503597612,104.347826086957,"model3_overdisp",TRUE,FALSE,"Overdispersion 1.0 <1; consider setting overdisp=FALSE"
156,10110,"Graspieper","meadow pipit",2020,1997,"index_100 = eerste analysejaar vanaf eerste positieve jaar",1.02344231693347,0.301270428609852,102.344231693347,"model3_overdisp",TRUE,FALSE,"Overdispersion 1.0 <1; consider setting overdisp=FALSE"
156,10110,"Graspieper","meadow pipit",2021,1997,"index_100 = eerste analysejaar vanaf eerste positieve jaar",0.782608695652174,0.242951366825786,78.2608695652174,"model3_overdisp",TRUE,FALSE,"Overdispersion 1.0 <1; consider setting overdisp=FALSE"
156,10110,"Graspieper","meadow pipit",2022,1997,"index_100 = eerste analysejaar vanaf eerste positieve jaar",1.03986366353103,0.302595939745483,103.986366353103,"model3_overdisp",TRUE,FALSE,"Overdispersion 1.0 <1; consider setting overdisp=FALSE"
162,10201,"Witte Kwikstaart","White Wagtail",1997,1997,"index_100 = eerste analysejaar vanaf eerste positieve jaar",1,0,100,"model2_basis",FALSE,FALSE,NA
162,10201,"Witte Kwikstaart","White Wagtail",1998,1997,"index_100 = eerste analysejaar vanaf eerste positieve jaar",1.029893438534,1.75677334459145,102.9893438534,"model2_basis",FALSE,FALSE,NA
162,10201,"Witte Kwikstaart","White Wagtail",1999,1997,"index_100 = eerste analysejaar vanaf eerste positieve jaar",4,5.04705827074722,400,"model2_basis",FALSE,FALSE,NA
162,10201,"Witte Kwikstaart","White Wagtail",2000,1997,"index_100 = eerste analysejaar vanaf eerste positieve jaar",4.0314828970658,5.08312116608169,403.14828970658,"model2_basis",FALSE,FALSE,NA
162,10201,"Witte Kwikstaart","White Wagtail",2001,1997,"index_100 = eerste analysejaar vanaf eerste positieve jaar",3,3.88604670078711,300,"model2_basis",FALSE,FALSE,NA
162,10201,"Witte Kwikstaart","White Wagtail",2002,1997,"index_100 = eerste analysejaar vanaf eerste positieve jaar",2,2.77070181524985,200,"model2_basis",FALSE,FALSE,NA
162,10201,"Witte Kwikstaart","White Wagtail",2003,1997,"index_100 = eerste analysejaar vanaf eerste positieve jaar",2,2.77881677160906,200,"model2_basis",FALSE,FALSE,NA
162,10201,"Witte Kwikstaart","White Wagtail",2004,1997,"index_100 = eerste analysejaar vanaf eerste positieve jaar",0,1.33913904136279,0,"model2_basis",FALSE,FALSE,NA
162,10201,"Witte Kwikstaart","White Wagtail",2005,1997,"index_100 = eerste analysejaar vanaf eerste positieve jaar",1,1.82604240065091,100,"model2_basis",FALSE,FALSE,NA
162,10201,"Witte Kwikstaart","White Wagtail",2006,1997,"index_100 = eerste analysejaar vanaf eerste positieve jaar",0,1.37457131637132,0,"model2_basis",FALSE,FALSE,NA
162,10201,"Witte Kwikstaart","White Wagtail",2007,1997,"index_100 = eerste analysejaar vanaf eerste positieve jaar",0.0377977481883266,1.38053184933645,3.77977481883266,"model2_basis",FALSE,FALSE,NA
162,10201,"Witte Kwikstaart","White Wagtail",2008,1997,"index_100 = eerste analysejaar vanaf eerste positieve jaar",1.04179323033152,1.8889450290442,104.179323033152,"model2_basis",FALSE,FALSE,NA
162,10201,"Witte Kwikstaart","White Wagtail",2009,1997,"index_100 = eerste analysejaar vanaf eerste positieve jaar",1.23995981321416,2.02155960673376,123.995981321416,"model2_basis",FALSE,FALSE,NA
162,10201,"Witte Kwikstaart","White Wagtail",2010,1997,"index_100 = eerste analysejaar vanaf eerste positieve jaar",1,1.89504193496884,100,"model2_basis",FALSE,FALSE,NA
162,10201,"Witte Kwikstaart","White Wagtail",2011,1997,"index_100 = eerste analysejaar vanaf eerste positieve jaar",3.21084847879942,4.16103872913809,321.084847879942,"model2_basis",FALSE,FALSE,NA
162,10201,"Witte Kwikstaart","White Wagtail",2012,1997,"index_100 = eerste analysejaar vanaf eerste positieve jaar",2,2.86089387859143,200,"model2_basis",FALSE,FALSE,NA
162,10201,"Witte Kwikstaart","White Wagtail",2013,1997,"index_100 = eerste analysejaar vanaf eerste positieve jaar",3.04512591653981,4.00905963418549,304.512591653981,"model2_basis",FALSE,FALSE,NA
162,10201,"Witte Kwikstaart","White Wagtail",2014,1997,"index_100 = eerste analysejaar vanaf eerste positieve jaar",1.27435163627151,2.12015254102981,127.435163627151,"model2_basis",FALSE,FALSE,NA
162,10201,"Witte Kwikstaart","White Wagtail",2015,1997,"index_100 = eerste analysejaar vanaf eerste positieve jaar",3.23406522406911,4.21897118023526,323.406522406911,"model2_basis",FALSE,FALSE,NA
162,10201,"Witte Kwikstaart","White Wagtail",2016,1997,"index_100 = eerste analysejaar vanaf eerste positieve jaar",3.24025835497858,4.23469113250814,324.025835497858,"model2_basis",FALSE,FALSE,NA
162,10201,"Witte Kwikstaart","White Wagtail",2017,1997,"index_100 = eerste analysejaar vanaf eerste positieve jaar",1.05286647932158,2.03210081176746,105.286647932158,"model2_basis",FALSE,FALSE,NA
162,10201,"Witte Kwikstaart","White Wagtail",2018,1997,"index_100 = eerste analysejaar vanaf eerste positieve jaar",3,4.00350340586339,300,"model2_basis",FALSE,FALSE,NA
162,10201,"Witte Kwikstaart","White Wagtail",2019,1997,"index_100 = eerste analysejaar vanaf eerste positieve jaar",3.25983838930438,4.28522385370192,325.983838930438,"model2_basis",FALSE,FALSE,NA
162,10201,"Witte Kwikstaart","White Wagtail",2020,1997,"index_100 = eerste analysejaar vanaf eerste positieve jaar",4.05717487259221,5.22332534868862,405.717487259221,"model2_basis",FALSE,FALSE,NA
162,10201,"Witte Kwikstaart","White Wagtail",2021,1997,"index_100 = eerste analysejaar vanaf eerste positieve jaar",4,5.16667341747233,400,"model2_basis",FALSE,FALSE,NA
162,10201,"Witte Kwikstaart","White Wagtail",2022,1997,"index_100 = eerste analysejaar vanaf eerste positieve jaar",2.11037157273195,3.07727212713184,211.037157273195,"model2_basis",FALSE,FALSE,NA
164,10660,"Winterkoning","wren",1997,1997,"index_100 = eerste analysejaar vanaf eerste positieve jaar",1,0,100,"model3_overdisp",TRUE,FALSE,NA
164,10660,"Winterkoning","wren",1998,1997,"index_100 = eerste analysejaar vanaf eerste positieve jaar",1.91497206461963,0.278227742756106,191.497206461963,"model3_overdisp",TRUE,FALSE,NA
164,10660,"Winterkoning","wren",1999,1997,"index_100 = eerste analysejaar vanaf eerste positieve jaar",3.42391304347826,0.454902079095208,342.391304347826,"model3_overdisp",TRUE,FALSE,NA
164,10660,"Winterkoning","wren",2000,1997,"index_100 = eerste analysejaar vanaf eerste positieve jaar",4.12917962398598,0.550519049438315,412.917962398598,"model3_overdisp",TRUE,FALSE,NA
164,10660,"Winterkoning","wren",2001,1997,"index_100 = eerste analysejaar vanaf eerste positieve jaar",4.10869565217391,0.535500978975195,410.869565217391,"model3_overdisp",TRUE,FALSE,NA
164,10660,"Winterkoning","wren",2002,1997,"index_100 = eerste analysejaar vanaf eerste positieve jaar",3.98913043478261,0.521440566724356,398.913043478261,"model3_overdisp",TRUE,FALSE,NA
164,10660,"Winterkoning","wren",2003,1997,"index_100 = eerste analysejaar vanaf eerste positieve jaar",2.89130434782609,0.392055699582069,289.130434782609,"model3_overdisp",TRUE,FALSE,NA
164,10660,"Winterkoning","wren",2004,1997,"index_100 = eerste analysejaar vanaf eerste positieve jaar",3.09782608695652,0.416445856490075,309.782608695652,"model3_overdisp",TRUE,FALSE,NA
164,10660,"Winterkoning","wren",2005,1997,"index_100 = eerste analysejaar vanaf eerste positieve jaar",2.30434782608696,0.322530034107479,230.434782608696,"model3_overdisp",TRUE,FALSE,NA
164,10660,"Winterkoning","wren",2006,1997,"index_100 = eerste analysejaar vanaf eerste positieve jaar",2.28260869565217,0.31994738068777,228.260869565217,"model3_overdisp",TRUE,FALSE,NA
164,10660,"Winterkoning","wren",2007,1997,"index_100 = eerste analysejaar vanaf eerste positieve jaar",3.21838938352291,0.433373018348889,321.838938352291,"model3_overdisp",TRUE,FALSE,NA
164,10660,"Winterkoning","wren",2008,1997,"index_100 = eerste analysejaar vanaf eerste positieve jaar",2.38694934101462,0.343774252514109,238.694934101462,"model3_overdisp",TRUE,FALSE,NA
164,10660,"Winterkoning","wren",2009,1997,"index_100 = eerste analysejaar vanaf eerste positieve jaar",1.5526829545192,0.237293862544109,155.26829545192,"model3_overdisp",TRUE,FALSE,NA
164,10660,"Winterkoning","wren",2010,1997,"index_100 = eerste analysejaar vanaf eerste positieve jaar",1.27100092770238,0.200131541102529,127.100092770238,"model3_overdisp",TRUE,FALSE,NA
164,10660,"Winterkoning","wren",2011,1997,"index_100 = eerste analysejaar vanaf eerste positieve jaar",1.04030789561764,0.172479229843929,104.030789561764,"model3_overdisp",TRUE,FALSE,NA
164,10660,"Winterkoning","wren",2012,1997,"index_100 = eerste analysejaar vanaf eerste positieve jaar",1.56675954082183,0.23647282647076,156.675954082183,"model3_overdisp",TRUE,FALSE,NA
164,10660,"Winterkoning","wren",2013,1997,"index_100 = eerste analysejaar vanaf eerste positieve jaar",0.784728555273837,0.140133321784742,78.4728555273837,"model3_overdisp",TRUE,FALSE,NA
164,10660,"Winterkoning","wren",2014,1997,"index_100 = eerste analysejaar vanaf eerste positieve jaar",1.9303955269112,0.283027168517066,193.03955269112,"model3_overdisp",TRUE,FALSE,NA
164,10660,"Winterkoning","wren",2015,1997,"index_100 = eerste analysejaar vanaf eerste positieve jaar",2.0120240618539,0.29030313820562,201.20240618539,"model3_overdisp",TRUE,FALSE,NA
164,10660,"Winterkoning","wren",2016,1997,"index_100 = eerste analysejaar vanaf eerste positieve jaar",2.32068684407012,0.327110438101306,232.068684407012,"model3_overdisp",TRUE,FALSE,NA
164,10660,"Winterkoning","wren",2017,1997,"index_100 = eerste analysejaar vanaf eerste positieve jaar",1.95345655913504,0.283252535762291,195.345655913504,"model3_overdisp",TRUE,FALSE,NA
164,10660,"Winterkoning","wren",2018,1997,"index_100 = eerste analysejaar vanaf eerste positieve jaar",2.05434782608696,0.292785457859274,205.434782608696,"model3_overdisp",TRUE,FALSE,NA
164,10660,"Winterkoning","wren",2019,1997,"index_100 = eerste analysejaar vanaf eerste positieve jaar",2.16063947551356,0.308046153436815,216.063947551356,"model3_overdisp",TRUE,FALSE,NA
164,10660,"Winterkoning","wren",2020,1997,"index_100 = eerste analysejaar vanaf eerste positieve jaar",1.9658126728812,0.286607768880279,196.58126728812,"model3_overdisp",TRUE,FALSE,NA
164,10660,"Winterkoning","wren",2021,1997,"index_100 = eerste analysejaar vanaf eerste positieve jaar",1.67391304347826,0.247282483748443,167.391304347826,"model3_overdisp",TRUE,FALSE,NA
164,10660,"Winterkoning","wren",2022,1997,"index_100 = eerste analysejaar vanaf eerste positieve jaar",1.92896085432558,0.279087760675114,192.896085432558,"model3_overdisp",TRUE,FALSE,NA
165,10840,"Heggenmus","dunnock",1997,1997,"index_100 = eerste analysejaar vanaf eerste positieve jaar",1,0,100,"model3_overdisp",TRUE,FALSE,NA
165,10840,"Heggenmus","dunnock",1998,1997,"index_100 = eerste analysejaar vanaf eerste positieve jaar",0.9979984165633,0.0828633658376712,99.79984165633,"model3_overdisp",TRUE,FALSE,NA
165,10840,"Heggenmus","dunnock",1999,1997,"index_100 = eerste analysejaar vanaf eerste positieve jaar",0.926190476190476,0.0772412035369072,92.6190476190476,"model3_overdisp",TRUE,FALSE,NA
165,10840,"Heggenmus","dunnock",2000,1997,"index_100 = eerste analysejaar vanaf eerste positieve jaar",0.868362815770027,0.0765077968415693,86.8362815770027,"model3_overdisp",TRUE,FALSE,NA
165,10840,"Heggenmus","dunnock",2001,1997,"index_100 = eerste analysejaar vanaf eerste positieve jaar",0.864285714285714,0.0734064402803999,86.4285714285714,"model3_overdisp",TRUE,FALSE,NA
165,10840,"Heggenmus","dunnock",2002,1997,"index_100 = eerste analysejaar vanaf eerste positieve jaar",0.861904761904762,0.0732584342833648,86.1904761904762,"model3_overdisp",TRUE,FALSE,NA
165,10840,"Heggenmus","dunnock",2003,1997,"index_100 = eerste analysejaar vanaf eerste positieve jaar",0.797619047619048,0.0692461847315414,79.7619047619048,"model3_overdisp",TRUE,FALSE,NA
165,10840,"Heggenmus","dunnock",2004,1997,"index_100 = eerste analysejaar vanaf eerste positieve jaar",0.783333333333333,0.0683500487236317,78.3333333333333,"model3_overdisp",TRUE,FALSE,NA
165,10840,"Heggenmus","dunnock",2005,1997,"index_100 = eerste analysejaar vanaf eerste positieve jaar",0.766666666666667,0.0673022927204592,76.6666666666667,"model3_overdisp",TRUE,FALSE,NA
165,10840,"Heggenmus","dunnock",2006,1997,"index_100 = eerste analysejaar vanaf eerste positieve jaar",0.638095238095238,0.059123697567062,63.8095238095238,"model3_overdisp",TRUE,FALSE,NA
165,10840,"Heggenmus","dunnock",2007,1997,"index_100 = eerste analysejaar vanaf eerste positieve jaar",0.753789585467242,0.0671745762584292,75.3789585467242,"model3_overdisp",TRUE,FALSE,NA
165,10840,"Heggenmus","dunnock",2008,1997,"index_100 = eerste analysejaar vanaf eerste positieve jaar",0.633896785072498,0.0608653364899509,63.3896785072498,"model3_overdisp",TRUE,FALSE,NA
165,10840,"Heggenmus","dunnock",2009,1997,"index_100 = eerste analysejaar vanaf eerste positieve jaar",0.603747237339441,0.0581785606559965,60.3747237339441,"model3_overdisp",TRUE,FALSE,NA
165,10840,"Heggenmus","dunnock",2010,1997,"index_100 = eerste analysejaar vanaf eerste positieve jaar",0.578314505949044,0.0563408410155686,57.8314505949044,"model3_overdisp",TRUE,FALSE,NA
165,10840,"Heggenmus","dunnock",2011,1997,"index_100 = eerste analysejaar vanaf eerste positieve jaar",0.59312530483224,0.0564465319449251,59.312530483224,"model3_overdisp",TRUE,FALSE,NA
165,10840,"Heggenmus","dunnock",2012,1997,"index_100 = eerste analysejaar vanaf eerste positieve jaar",0.608166342453136,0.0581252260857827,60.8166342453136,"model3_overdisp",TRUE,FALSE,NA
165,10840,"Heggenmus","dunnock",2013,1997,"index_100 = eerste analysejaar vanaf eerste positieve jaar",0.611190724826632,0.0586611025156866,61.1190724826632,"model3_overdisp",TRUE,FALSE,NA
165,10840,"Heggenmus","dunnock",2014,1997,"index_100 = eerste analysejaar vanaf eerste positieve jaar",0.67109196093075,0.0628287909515384,67.109196093075,"model3_overdisp",TRUE,FALSE,NA
165,10840,"Heggenmus","dunnock",2015,1997,"index_100 = eerste analysejaar vanaf eerste positieve jaar",0.585892069407457,0.0559747214419099,58.5892069407457,"model3_overdisp",TRUE,FALSE,NA
165,10840,"Heggenmus","dunnock",2016,1997,"index_100 = eerste analysejaar vanaf eerste positieve jaar",0.556959127708323,0.0540787007099416,55.6959127708323,"model3_overdisp",TRUE,FALSE,NA
165,10840,"Heggenmus","dunnock",2017,1997,"index_100 = eerste analysejaar vanaf eerste positieve jaar",0.514361499219233,0.0512034353517003,51.4361499219233,"model3_overdisp",TRUE,FALSE,NA
165,10840,"Heggenmus","dunnock",2018,1997,"index_100 = eerste analysejaar vanaf eerste positieve jaar",0.485714285714286,0.049125541350692,48.5714285714286,"model3_overdisp",TRUE,FALSE,NA
165,10840,"Heggenmus","dunnock",2019,1997,"index_100 = eerste analysejaar vanaf eerste positieve jaar",0.523204029059334,0.051847352467499,52.3204029059334,"model3_overdisp",TRUE,FALSE,NA
165,10840,"Heggenmus","dunnock",2020,1997,"index_100 = eerste analysejaar vanaf eerste positieve jaar",0.53822670902458,0.05386735842452,53.822670902458,"model3_overdisp",TRUE,FALSE,NA
165,10840,"Heggenmus","dunnock",2021,1997,"index_100 = eerste analysejaar vanaf eerste positieve jaar",0.483333333333333,0.0489657051316882,48.3333333333333,"model3_overdisp",TRUE,FALSE,NA
165,10840,"Heggenmus","dunnock",2022,1997,"index_100 = eerste analysejaar vanaf eerste positieve jaar",0.38958340216858,0.043103024004569,38.958340216858,"model3_overdisp",TRUE,FALSE,NA
166,10990,"Roodborst","robin",1997,1997,"index_100 = eerste analysejaar vanaf eerste positieve jaar",1,0,100,"model3_overdisp",TRUE,FALSE,NA
166,10990,"Roodborst","robin",1998,1997,"index_100 = eerste analysejaar vanaf eerste positieve jaar",1.0403428914144,0.168368183109846,104.03428914144,"model3_overdisp",TRUE,FALSE,NA
166,10990,"Roodborst","robin",1999,1997,"index_100 = eerste analysejaar vanaf eerste positieve jaar",1.37719298245614,0.204044324688286,137.719298245614,"model3_overdisp",TRUE,FALSE,NA
166,10990,"Roodborst","robin",2000,1997,"index_100 = eerste analysejaar vanaf eerste positieve jaar",1.42827156018445,0.218879526307886,142.827156018445,"model3_overdisp",TRUE,FALSE,NA
166,10990,"Roodborst","robin",2001,1997,"index_100 = eerste analysejaar vanaf eerste positieve jaar",1.3859649122807,0.205070430730783,138.59649122807,"model3_overdisp",TRUE,FALSE,NA
166,10990,"Roodborst","robin",2002,1997,"index_100 = eerste analysejaar vanaf eerste positieve jaar",1.3859649122807,0.205070430730783,138.59649122807,"model3_overdisp",TRUE,FALSE,NA
166,10990,"Roodborst","robin",2003,1997,"index_100 = eerste analysejaar vanaf eerste positieve jaar",1.12280701754386,0.17410158140563,112.280701754386,"model3_overdisp",TRUE,FALSE,NA
166,10990,"Roodborst","robin",2004,1997,"index_100 = eerste analysejaar vanaf eerste positieve jaar",1.15789473684211,0.17825616844397,115.789473684211,"model3_overdisp",TRUE,FALSE,NA
166,10990,"Roodborst","robin",2005,1997,"index_100 = eerste analysejaar vanaf eerste positieve jaar",1.02631578947368,0.162625621365235,102.631578947368,"model3_overdisp",TRUE,FALSE,NA
166,10990,"Roodborst","robin",2006,1997,"index_100 = eerste analysejaar vanaf eerste positieve jaar",1.01754385964912,0.161578272553538,101.754385964912,"model3_overdisp",TRUE,FALSE,NA
166,10990,"Roodborst","robin",2007,1997,"index_100 = eerste analysejaar vanaf eerste positieve jaar",1.23481365378872,0.190242560062103,123.481365378872,"model3_overdisp",TRUE,FALSE,NA
166,10990,"Roodborst","robin",2008,1997,"index_100 = eerste analysejaar vanaf eerste positieve jaar",1.29025496817505,0.207878294188533,129.025496817505,"model3_overdisp",TRUE,FALSE,NA
166,10990,"Roodborst","robin",2009,1997,"index_100 = eerste analysejaar vanaf eerste positieve jaar",0.502981606524349,0.105952647762649,50.2981606524349,"model3_overdisp",TRUE,FALSE,NA
166,10990,"Roodborst","robin",2010,1997,"index_100 = eerste analysejaar vanaf eerste positieve jaar",0.828338480801378,0.141160252339516,82.8338480801378,"model3_overdisp",TRUE,FALSE,NA
166,10990,"Roodborst","robin",2011,1997,"index_100 = eerste analysejaar vanaf eerste positieve jaar",0.659171721498801,0.122310426883106,65.9171721498801,"model3_overdisp",TRUE,FALSE,NA
166,10990,"Roodborst","robin",2012,1997,"index_100 = eerste analysejaar vanaf eerste positieve jaar",0.472489778714513,0.0945913388203505,47.2489778714513,"model3_overdisp",TRUE,FALSE,NA
166,10990,"Roodborst","robin",2013,1997,"index_100 = eerste analysejaar vanaf eerste positieve jaar",0.692660387893337,0.124574739246073,69.2660387893337,"model3_overdisp",TRUE,FALSE,NA
166,10990,"Roodborst","robin",2014,1997,"index_100 = eerste analysejaar vanaf eerste positieve jaar",0.878519099098921,0.152935879986552,87.8519099098921,"model3_overdisp",TRUE,FALSE,NA
166,10990,"Roodborst","robin",2015,1997,"index_100 = eerste analysejaar vanaf eerste positieve jaar",1.16092930055013,0.183842800350953,116.092930055013,"model3_overdisp",TRUE,FALSE,NA
166,10990,"Roodborst","robin",2016,1997,"index_100 = eerste analysejaar vanaf eerste positieve jaar",1.02319192590859,0.167288740230963,102.319192590859,"model3_overdisp",TRUE,FALSE,NA
166,10990,"Roodborst","robin",2017,1997,"index_100 = eerste analysejaar vanaf eerste positieve jaar",0.818764097609491,0.144000663214093,81.8764097609491,"model3_overdisp",TRUE,FALSE,NA
166,10990,"Roodborst","robin",2018,1997,"index_100 = eerste analysejaar vanaf eerste positieve jaar",0.824561403508772,0.138320210886038,82.4561403508772,"model3_overdisp",TRUE,FALSE,NA
166,10990,"Roodborst","robin",2019,1997,"index_100 = eerste analysejaar vanaf eerste positieve jaar",0.914969702975948,0.154139290300949,91.4969702975948,"model3_overdisp",TRUE,FALSE,NA
166,10990,"Roodborst","robin",2020,1997,"index_100 = eerste analysejaar vanaf eerste positieve jaar",1.05318309578562,0.176100649614382,105.318309578562,"model3_overdisp",TRUE,FALSE,NA
166,10990,"Roodborst","robin",2021,1997,"index_100 = eerste analysejaar vanaf eerste positieve jaar",0.921052631578947,0.150005352230981,92.1052631578947,"model3_overdisp",TRUE,FALSE,NA
166,10990,"Roodborst","robin",2022,1997,"index_100 = eerste analysejaar vanaf eerste positieve jaar",0.961794399205705,0.157113202892622,96.1794399205705,"model3_overdisp",TRUE,FALSE,NA
167,11040,"Nachtegaal","nightingale",1997,1997,"index_100 = eerste analysejaar vanaf eerste positieve jaar",1,0,100,"model3_overdisp",TRUE,FALSE,NA
167,11040,"Nachtegaal","nightingale",1998,1997,"index_100 = eerste analysejaar vanaf eerste positieve jaar",1.08644591537893,0.110138789688635,108.644591537893,"model3_overdisp",TRUE,FALSE,NA
167,11040,"Nachtegaal","nightingale",1999,1997,"index_100 = eerste analysejaar vanaf eerste positieve jaar",1.12627986348123,0.11188413068697,112.627986348123,"model3_overdisp",TRUE,FALSE,NA
167,11040,"Nachtegaal","nightingale",2000,1997,"index_100 = eerste analysejaar vanaf eerste positieve jaar",1.04301074341275,0.110191073549995,104.301074341275,"model3_overdisp",TRUE,FALSE,NA
167,11040,"Nachtegaal","nightingale",2001,1997,"index_100 = eerste analysejaar vanaf eerste positieve jaar",1.08191126279863,0.108508072077635,108.191126279863,"model3_overdisp",TRUE,FALSE,NA
167,11040,"Nachtegaal","nightingale",2002,1997,"index_100 = eerste analysejaar vanaf eerste positieve jaar",1,0.102246892270329,100,"model3_overdisp",TRUE,FALSE,NA
167,11040,"Nachtegaal","nightingale",2003,1997,"index_100 = eerste analysejaar vanaf eerste positieve jaar",0.986348122866894,0.101199394095993,98.6348122866894,"model3_overdisp",TRUE,FALSE,NA
167,11040,"Nachtegaal","nightingale",2004,1997,"index_100 = eerste analysejaar vanaf eerste positieve jaar",1.05460750853242,0.106425324714753,105.460750853242,"model3_overdisp",TRUE,FALSE,NA
167,11040,"Nachtegaal","nightingale",2005,1997,"index_100 = eerste analysejaar vanaf eerste positieve jaar",1.04095563139932,0.105382381848613,104.095563139932,"model3_overdisp",TRUE,FALSE,NA
167,11040,"Nachtegaal","nightingale",2006,1997,"index_100 = eerste analysejaar vanaf eerste positieve jaar",0.924914675767918,0.0964698706074015,92.4914675767918,"model3_overdisp",TRUE,FALSE,NA
167,11040,"Nachtegaal","nightingale",2007,1997,"index_100 = eerste analysejaar vanaf eerste positieve jaar",0.970892328416949,0.101322954052988,97.0892328416949,"model3_overdisp",TRUE,FALSE,NA
167,11040,"Nachtegaal","nightingale",2008,1997,"index_100 = eerste analysejaar vanaf eerste positieve jaar",0.806788316408036,0.0906492679173296,80.6788316408036,"model3_overdisp",TRUE,FALSE,NA
167,11040,"Nachtegaal","nightingale",2009,1997,"index_100 = eerste analysejaar vanaf eerste positieve jaar",0.817296953520357,0.0898378247988,81.7296953520357,"model3_overdisp",TRUE,FALSE,NA
167,11040,"Nachtegaal","nightingale",2010,1997,"index_100 = eerste analysejaar vanaf eerste positieve jaar",0.774724665631363,0.0865145486654741,77.4724665631363,"model3_overdisp",TRUE,FALSE,NA
167,11040,"Nachtegaal","nightingale",2011,1997,"index_100 = eerste analysejaar vanaf eerste positieve jaar",0.859840002463949,0.0919415293483612,85.9840002463949,"model3_overdisp",TRUE,FALSE,NA
167,11040,"Nachtegaal","nightingale",2012,1997,"index_100 = eerste analysejaar vanaf eerste positieve jaar",0.834687018688904,0.0903834611892912,83.4687018688904,"model3_overdisp",TRUE,FALSE,NA
167,11040,"Nachtegaal","nightingale",2013,1997,"index_100 = eerste analysejaar vanaf eerste positieve jaar",0.838050267357615,0.0917878329776346,83.8050267357615,"model3_overdisp",TRUE,FALSE,NA
167,11040,"Nachtegaal","nightingale",2014,1997,"index_100 = eerste analysejaar vanaf eerste positieve jaar",0.988196137800952,0.104118253861302,98.8196137800952,"model3_overdisp",TRUE,FALSE,NA
167,11040,"Nachtegaal","nightingale",2015,1997,"index_100 = eerste analysejaar vanaf eerste positieve jaar",0.90857587304895,0.0957292852316924,90.857587304895,"model3_overdisp",TRUE,FALSE,NA
167,11040,"Nachtegaal","nightingale",2016,1997,"index_100 = eerste analysejaar vanaf eerste positieve jaar",0.734519192388231,0.0820943932787405,73.4519192388231,"model3_overdisp",TRUE,FALSE,NA
167,11040,"Nachtegaal","nightingale",2017,1997,"index_100 = eerste analysejaar vanaf eerste positieve jaar",0.646599651299741,0.0750338529420305,64.6599651299741,"model3_overdisp",TRUE,FALSE,NA
167,11040,"Nachtegaal","nightingale",2018,1997,"index_100 = eerste analysejaar vanaf eerste positieve jaar",0.593856655290102,0.070339708308759,59.3856655290102,"model3_overdisp",TRUE,FALSE,NA
167,11040,"Nachtegaal","nightingale",2019,1997,"index_100 = eerste analysejaar vanaf eerste positieve jaar",0.79717959742609,0.0870391895475509,79.717959742609,"model3_overdisp",TRUE,FALSE,NA
167,11040,"Nachtegaal","nightingale",2020,1997,"index_100 = eerste analysejaar vanaf eerste positieve jaar",0.823691662634071,0.0909111410297055,82.3691662634071,"model3_overdisp",TRUE,FALSE,NA
167,11040,"Nachtegaal","nightingale",2021,1997,"index_100 = eerste analysejaar vanaf eerste positieve jaar",0.658703071672355,0.0755725867365886,65.8703071672355,"model3_overdisp",TRUE,FALSE,NA
167,11040,"Nachtegaal","nightingale",2022,1997,"index_100 = eerste analysejaar vanaf eerste positieve jaar",0.660371269738541,0.0766454452861049,66.0371269738541,"model3_overdisp",TRUE,FALSE,NA
168,11060,"Blauwborst","bluethroat",1997,1997,"index_100 = eerste analysejaar vanaf eerste positieve jaar",1,0,100,"model3_overdisp",TRUE,FALSE,NA
168,11060,"Blauwborst","bluethroat",1998,1997,"index_100 = eerste analysejaar vanaf eerste positieve jaar",1.07692307692308,0.48273960275921,107.692307692308,"model3_overdisp",TRUE,FALSE,NA
168,11060,"Blauwborst","bluethroat",1999,1997,"index_100 = eerste analysejaar vanaf eerste positieve jaar",1.07692307692308,0.48273960275921,107.692307692308,"model3_overdisp",TRUE,FALSE,NA
168,11060,"Blauwborst","bluethroat",2000,1997,"index_100 = eerste analysejaar vanaf eerste positieve jaar",1.17239112700988,0.517122186483079,117.239112700988,"model3_overdisp",TRUE,FALSE,NA
168,11060,"Blauwborst","bluethroat",2001,1997,"index_100 = eerste analysejaar vanaf eerste positieve jaar",0.769230769230769,0.376557192043734,76.9230769230769,"model3_overdisp",TRUE,FALSE,NA
168,11060,"Blauwborst","bluethroat",2002,1997,"index_100 = eerste analysejaar vanaf eerste positieve jaar",0.769230769230769,0.376557192043734,76.9230769230769,"model3_overdisp",TRUE,FALSE,NA
168,11060,"Blauwborst","bluethroat",2003,1997,"index_100 = eerste analysejaar vanaf eerste positieve jaar",1,0.456483809805729,100,"model3_overdisp",TRUE,FALSE,NA
168,11060,"Blauwborst","bluethroat",2004,1997,"index_100 = eerste analysejaar vanaf eerste positieve jaar",0.769230769230769,0.376557192043734,76.9230769230769,"model3_overdisp",TRUE,FALSE,NA
168,11060,"Blauwborst","bluethroat",2005,1997,"index_100 = eerste analysejaar vanaf eerste positieve jaar",0.692307692307692,0.349381273845591,69.2307692307692,"model3_overdisp",TRUE,FALSE,NA
168,11060,"Blauwborst","bluethroat",2006,1997,"index_100 = eerste analysejaar vanaf eerste positieve jaar",1,0.456483809805729,100,"model3_overdisp",TRUE,FALSE,NA
168,11060,"Blauwborst","bluethroat",2007,1997,"index_100 = eerste analysejaar vanaf eerste positieve jaar",0.769230769230769,0.376557192043734,76.9230769230769,"model3_overdisp",TRUE,FALSE,NA
168,11060,"Blauwborst","bluethroat",2008,1997,"index_100 = eerste analysejaar vanaf eerste positieve jaar",0.547115859271275,0.298542314009869,54.7115859271275,"model3_overdisp",TRUE,FALSE,NA
168,11060,"Blauwborst","bluethroat",2009,1997,"index_100 = eerste analysejaar vanaf eerste positieve jaar",0.846153846153846,0.403430745009132,84.6153846153846,"model3_overdisp",TRUE,FALSE,NA
168,11060,"Blauwborst","bluethroat",2010,1997,"index_100 = eerste analysejaar vanaf eerste positieve jaar",0.615384615384615,0.321826401839473,61.5384615384615,"model3_overdisp",TRUE,FALSE,NA
168,11060,"Blauwborst","bluethroat",2011,1997,"index_100 = eerste analysejaar vanaf eerste positieve jaar",0.692307692307692,0.349381273845591,69.2307692307692,"model3_overdisp",TRUE,FALSE,NA
168,11060,"Blauwborst","bluethroat",2012,1997,"index_100 = eerste analysejaar vanaf eerste positieve jaar",0.307692307692308,0.204748856596378,30.7692307692308,"model3_overdisp",TRUE,FALSE,NA
168,11060,"Blauwborst","bluethroat",2013,1997,"index_100 = eerste analysejaar vanaf eerste positieve jaar",0.461538461538462,0.265105937416529,46.1538461538462,"model3_overdisp",TRUE,FALSE,NA
168,11060,"Blauwborst","bluethroat",2014,1997,"index_100 = eerste analysejaar vanaf eerste positieve jaar",0.692307692307692,0.349381273845591,69.2307692307692,"model3_overdisp",TRUE,FALSE,NA
168,11060,"Blauwborst","bluethroat",2015,1997,"index_100 = eerste analysejaar vanaf eerste positieve jaar",0.461538461538462,0.265105937416529,46.1538461538462,"model3_overdisp",TRUE,FALSE,NA
168,11060,"Blauwborst","bluethroat",2016,1997,"index_100 = eerste analysejaar vanaf eerste positieve jaar",0.615384615384615,0.321826401839473,61.5384615384615,"model3_overdisp",TRUE,FALSE,NA
168,11060,"Blauwborst","bluethroat",2017,1997,"index_100 = eerste analysejaar vanaf eerste positieve jaar",1.15384615384615,0.508852220494669,115.384615384615,"model3_overdisp",TRUE,FALSE,NA
168,11060,"Blauwborst","bluethroat",2018,1997,"index_100 = eerste analysejaar vanaf eerste positieve jaar",1.07692307692308,0.48273960275921,107.692307692308,"model3_overdisp",TRUE,FALSE,NA
168,11060,"Blauwborst","bluethroat",2019,1997,"index_100 = eerste analysejaar vanaf eerste positieve jaar",1.84615384615385,0.739900825214807,184.615384615385,"model3_overdisp",TRUE,FALSE,NA
168,11060,"Blauwborst","bluethroat",2020,1997,"index_100 = eerste analysejaar vanaf eerste positieve jaar",2.07692307692308,0.815978858395801,207.692307692308,"model3_overdisp",TRUE,FALSE,NA
168,11060,"Blauwborst","bluethroat",2021,1997,"index_100 = eerste analysejaar vanaf eerste positieve jaar",2.30769230769231,0.891788533510098,230.769230769231,"model3_overdisp",TRUE,FALSE,NA
168,11060,"Blauwborst","bluethroat",2022,1997,"index_100 = eerste analysejaar vanaf eerste positieve jaar",2.23800368270097,0.869395237443892,223.800368270097,"model3_overdisp",TRUE,FALSE,NA
170,11220,"Gekraagde Roodstaart","redstart",1997,1997,"index_100 = eerste analysejaar vanaf eerste positieve jaar",1,0,100,"model3_overdisp",TRUE,FALSE,NA
170,11220,"Gekraagde Roodstaart","redstart",1998,1997,"index_100 = eerste analysejaar vanaf eerste positieve jaar",1.10872184090924,0.181506126827127,110.872184090924,"model3_overdisp",TRUE,FALSE,NA
170,11220,"Gekraagde Roodstaart","redstart",1999,1997,"index_100 = eerste analysejaar vanaf eerste positieve jaar",0.868421052631579,0.147768632429375,86.8421052631579,"model3_overdisp",TRUE,FALSE,NA
170,11220,"Gekraagde Roodstaart","redstart",2000,1997,"index_100 = eerste analysejaar vanaf eerste positieve jaar",0.78866747137876,0.144611886980112,78.866747137876,"model3_overdisp",TRUE,FALSE,NA
170,11220,"Gekraagde Roodstaart","redstart",2001,1997,"index_100 = eerste analysejaar vanaf eerste positieve jaar",0.75,0.132901340787474,75,"model3_overdisp",TRUE,FALSE,NA
170,11220,"Gekraagde Roodstaart","redstart",2002,1997,"index_100 = eerste analysejaar vanaf eerste positieve jaar",0.671052631578947,0.122843749177413,67.1052631578947,"model3_overdisp",TRUE,FALSE,NA
170,11220,"Gekraagde Roodstaart","redstart",2003,1997,"index_100 = eerste analysejaar vanaf eerste positieve jaar",0.460526315789474,0.095139666699591,46.0526315789474,"model3_overdisp",TRUE,FALSE,NA
170,11220,"Gekraagde Roodstaart","redstart",2004,1997,"index_100 = eerste analysejaar vanaf eerste positieve jaar",0.526315789473684,0.103974084329026,52.6315789473684,"model3_overdisp",TRUE,FALSE,NA
170,11220,"Gekraagde Roodstaart","redstart",2005,1997,"index_100 = eerste analysejaar vanaf eerste positieve jaar",0.526315789473684,0.103974084329026,52.6315789473684,"model3_overdisp",TRUE,FALSE,NA
170,11220,"Gekraagde Roodstaart","redstart",2006,1997,"index_100 = eerste analysejaar vanaf eerste positieve jaar",0.486842105263158,0.0986975103804861,48.6842105263158,"model3_overdisp",TRUE,FALSE,NA
170,11220,"Gekraagde Roodstaart","redstart",2007,1997,"index_100 = eerste analysejaar vanaf eerste positieve jaar",0.560189111130454,0.110723052878225,56.0189111130454,"model3_overdisp",TRUE,FALSE,NA
170,11220,"Gekraagde Roodstaart","redstart",2008,1997,"index_100 = eerste analysejaar vanaf eerste positieve jaar",0.436010370554671,0.0975952497983417,43.6010370554671,"model3_overdisp",TRUE,FALSE,NA
170,11220,"Gekraagde Roodstaart","redstart",2009,1997,"index_100 = eerste analysejaar vanaf eerste positieve jaar",0.563517020190016,0.115489796701432,56.3517020190016,"model3_overdisp",TRUE,FALSE,NA
170,11220,"Gekraagde Roodstaart","redstart",2010,1997,"index_100 = eerste analysejaar vanaf eerste positieve jaar",0.551290024010595,0.109892536360958,55.1290024010595,"model3_overdisp",TRUE,FALSE,NA
170,11220,"Gekraagde Roodstaart","redstart",2011,1997,"index_100 = eerste analysejaar vanaf eerste positieve jaar",1.0080193672707,0.168453886140051,100.80193672707,"model3_overdisp",TRUE,FALSE,NA
170,11220,"Gekraagde Roodstaart","redstart",2012,1997,"index_100 = eerste analysejaar vanaf eerste positieve jaar",1.03315693226764,0.168419593567599,103.315693226764,"model3_overdisp",TRUE,FALSE,NA
170,11220,"Gekraagde Roodstaart","redstart",2013,1997,"index_100 = eerste analysejaar vanaf eerste positieve jaar",1.23830998921624,0.196854088977092,123.830998921624,"model3_overdisp",TRUE,FALSE,NA
170,11220,"Gekraagde Roodstaart","redstart",2014,1997,"index_100 = eerste analysejaar vanaf eerste positieve jaar",1.08204700041731,0.181705242260763,108.204700041731,"model3_overdisp",TRUE,FALSE,NA
170,11220,"Gekraagde Roodstaart","redstart",2015,1997,"index_100 = eerste analysejaar vanaf eerste positieve jaar",1.37715322007406,0.213640170062877,137.715322007406,"model3_overdisp",TRUE,FALSE,NA
170,11220,"Gekraagde Roodstaart","redstart",2016,1997,"index_100 = eerste analysejaar vanaf eerste positieve jaar",1.16419138191827,0.187700788807512,116.419138191827,"model3_overdisp",TRUE,FALSE,NA
170,11220,"Gekraagde Roodstaart","redstart",2017,1997,"index_100 = eerste analysejaar vanaf eerste positieve jaar",1.24018637159407,0.196590448221333,124.018637159407,"model3_overdisp",TRUE,FALSE,NA
170,11220,"Gekraagde Roodstaart","redstart",2018,1997,"index_100 = eerste analysejaar vanaf eerste positieve jaar",1.05263157894737,0.170519247223928,105.263157894737,"model3_overdisp",TRUE,FALSE,NA
170,11220,"Gekraagde Roodstaart","redstart",2019,1997,"index_100 = eerste analysejaar vanaf eerste positieve jaar",1.16419138191827,0.187700788807512,116.419138191827,"model3_overdisp",TRUE,FALSE,NA
170,11220,"Gekraagde Roodstaart","redstart",2020,1997,"index_100 = eerste analysejaar vanaf eerste positieve jaar",1.18721027398865,0.193913302167299,118.721027398865,"model3_overdisp",TRUE,FALSE,NA
170,11220,"Gekraagde Roodstaart","redstart",2021,1997,"index_100 = eerste analysejaar vanaf eerste positieve jaar",1.13157894736842,0.180166004315089,113.157894736842,"model3_overdisp",TRUE,FALSE,NA
170,11220,"Gekraagde Roodstaart","redstart",2022,1997,"index_100 = eerste analysejaar vanaf eerste positieve jaar",0.914928541283626,0.159288169167521,91.4928541283626,"model3_overdisp",TRUE,FALSE,NA
172,11390,"Roodborsttapuit","stonechat",1997,1997,"index_100 = eerste analysejaar vanaf eerste positieve jaar",1,0,100,"model3_overdisp",TRUE,FALSE,"Overdispersion 0.9 <1; consider setting overdisp=FALSE"
172,11390,"Roodborsttapuit","stonechat",1998,1997,"index_100 = eerste analysejaar vanaf eerste positieve jaar",1.88576636089307,0.423429475238619,188.576636089307,"model3_overdisp",TRUE,FALSE,"Overdispersion 0.9 <1; consider setting overdisp=FALSE"
172,11390,"Roodborsttapuit","stonechat",1999,1997,"index_100 = eerste analysejaar vanaf eerste positieve jaar",1.62962962962963,0.373084791650596,162.962962962963,"model3_overdisp",TRUE,FALSE,"Overdispersion 0.9 <1; consider setting overdisp=FALSE"
172,11390,"Roodborsttapuit","stonechat",2000,1997,"index_100 = eerste analysejaar vanaf eerste positieve jaar",1.7003310302027,0.397137962843425,170.03310302027,"model3_overdisp",TRUE,FALSE,"Overdispersion 0.9 <1; consider setting overdisp=FALSE"
172,11390,"Roodborsttapuit","stonechat",2001,1997,"index_100 = eerste analysejaar vanaf eerste positieve jaar",1.44444444444444,0.33865407405415,144.444444444444,"model3_overdisp",TRUE,FALSE,"Overdispersion 0.9 <1; consider setting overdisp=FALSE"
172,11390,"Roodborsttapuit","stonechat",2002,1997,"index_100 = eerste analysejaar vanaf eerste positieve jaar",1.51851851851852,0.352450732924178,151.851851851852,"model3_overdisp",TRUE,FALSE,"Overdispersion 0.9 <1; consider setting overdisp=FALSE"
172,11390,"Roodborsttapuit","stonechat",2003,1997,"index_100 = eerste analysejaar vanaf eerste positieve jaar",1.77777777777778,0.400500703880848,177.777777777778,"model3_overdisp",TRUE,FALSE,"Overdispersion 0.9 <1; consider setting overdisp=FALSE"
172,11390,"Roodborsttapuit","stonechat",2004,1997,"index_100 = eerste analysejaar vanaf eerste positieve jaar",1.74074074074074,0.393655951882087,174.074074074074,"model3_overdisp",TRUE,FALSE,"Overdispersion 0.9 <1; consider setting overdisp=FALSE"
172,11390,"Roodborsttapuit","stonechat",2005,1997,"index_100 = eerste analysejaar vanaf eerste positieve jaar",1.37037037037037,0.324820089989931,137.037037037037,"model3_overdisp",TRUE,FALSE,"Overdispersion 0.9 <1; consider setting overdisp=FALSE"
172,11390,"Roodborsttapuit","stonechat",2006,1997,"index_100 = eerste analysejaar vanaf eerste positieve jaar",1,0.25487708722572,100,"model3_overdisp",TRUE,FALSE,"Overdispersion 0.9 <1; consider setting overdisp=FALSE"
172,11390,"Roodborsttapuit","stonechat",2007,1997,"index_100 = eerste analysejaar vanaf eerste positieve jaar",1.12390074027043,0.279229297911299,112.390074027043,"model3_overdisp",TRUE,FALSE,"Overdispersion 0.9 <1; consider setting overdisp=FALSE"
172,11390,"Roodborsttapuit","stonechat",2008,1997,"index_100 = eerste analysejaar vanaf eerste positieve jaar",0.841411694807667,0.232670756539792,84.1411694807667,"model3_overdisp",TRUE,FALSE,"Overdispersion 0.9 <1; consider setting overdisp=FALSE"
172,11390,"Roodborsttapuit","stonechat",2009,1997,"index_100 = eerste analysejaar vanaf eerste positieve jaar",1.00061072210653,0.25754940049489,100.061072210653,"model3_overdisp",TRUE,FALSE,"Overdispersion 0.9 <1; consider setting overdisp=FALSE"
172,11390,"Roodborsttapuit","stonechat",2010,1997,"index_100 = eerste analysejaar vanaf eerste positieve jaar",1.03818963398144,0.267312961935375,103.818963398144,"model3_overdisp",TRUE,FALSE,"Overdispersion 0.9 <1; consider setting overdisp=FALSE"
172,11390,"Roodborsttapuit","stonechat",2011,1997,"index_100 = eerste analysejaar vanaf eerste positieve jaar",1.22222222222222,0.297019271420189,122.222222222222,"model3_overdisp",TRUE,FALSE,"Overdispersion 0.9 <1; consider setting overdisp=FALSE"
172,11390,"Roodborsttapuit","stonechat",2012,1997,"index_100 = eerste analysejaar vanaf eerste positieve jaar",1.4260792817722,0.336181631643328,142.60792817722,"model3_overdisp",TRUE,FALSE,"Overdispersion 0.9 <1; consider setting overdisp=FALSE"
172,11390,"Roodborsttapuit","stonechat",2013,1997,"index_100 = eerste analysejaar vanaf eerste positieve jaar",1.12626780022604,0.28469066918796,112.626780022604,"model3_overdisp",TRUE,FALSE,"Overdispersion 0.9 <1; consider setting overdisp=FALSE"
172,11390,"Roodborsttapuit","stonechat",2014,1997,"index_100 = eerste analysejaar vanaf eerste positieve jaar",1.40783475028255,0.337968976777194,140.783475028255,"model3_overdisp",TRUE,FALSE,"Overdispersion 0.9 <1; consider setting overdisp=FALSE"
172,11390,"Roodborsttapuit","stonechat",2015,1997,"index_100 = eerste analysejaar vanaf eerste positieve jaar",1.25925925925926,0.303987978490369,125.925925925926,"model3_overdisp",TRUE,FALSE,"Overdispersion 0.9 <1; consider setting overdisp=FALSE"
172,11390,"Roodborsttapuit","stonechat",2016,1997,"index_100 = eerste analysejaar vanaf eerste positieve jaar",1.11111111111111,0.276026061377003,111.111111111111,"model3_overdisp",TRUE,FALSE,"Overdispersion 0.9 <1; consider setting overdisp=FALSE"
172,11390,"Roodborsttapuit","stonechat",2017,1997,"index_100 = eerste analysejaar vanaf eerste positieve jaar",0.890951452267007,0.234075907343701,89.0951452267007,"model3_overdisp",TRUE,FALSE,"Overdispersion 0.9 <1; consider setting overdisp=FALSE"
172,11390,"Roodborsttapuit","stonechat",2018,1997,"index_100 = eerste analysejaar vanaf eerste positieve jaar",1.33333333333333,0.317887578712513,133.333333333333,"model3_overdisp",TRUE,FALSE,"Overdispersion 0.9 <1; consider setting overdisp=FALSE"
172,11390,"Roodborsttapuit","stonechat",2019,1997,"index_100 = eerste analysejaar vanaf eerste positieve jaar",1.74074074074074,0.393655951882087,174.074074074074,"model3_overdisp",TRUE,FALSE,"Overdispersion 0.9 <1; consider setting overdisp=FALSE"
172,11390,"Roodborsttapuit","stonechat",2020,1997,"index_100 = eerste analysejaar vanaf eerste positieve jaar",1.64124150243994,0.381242480769032,164.124150243994,"model3_overdisp",TRUE,FALSE,"Overdispersion 0.9 <1; consider setting overdisp=FALSE"
172,11390,"Roodborsttapuit","stonechat",2021,1997,"index_100 = eerste analysejaar vanaf eerste positieve jaar",1.22222222222222,0.297019271420189,122.222222222222,"model3_overdisp",TRUE,FALSE,"Overdispersion 0.9 <1; consider setting overdisp=FALSE"
172,11390,"Roodborsttapuit","stonechat",2022,1997,"index_100 = eerste analysejaar vanaf eerste positieve jaar",1.91792249569413,0.43239922583545,191.792249569413,"model3_overdisp",TRUE,FALSE,"Overdispersion 0.9 <1; consider setting overdisp=FALSE"
173,11460,"Tapuit","Wheatear",1997,1997,"index_100 = eerste analysejaar vanaf eerste positieve jaar",1,0,100,"model2_basis",FALSE,FALSE,"Data ends with 11 years without positive observations."
173,11460,"Tapuit","Wheatear",1998,1997,"index_100 = eerste analysejaar vanaf eerste positieve jaar",1,0.80186406293653,100,"model2_basis",FALSE,FALSE,"Data ends with 11 years without positive observations."
173,11460,"Tapuit","Wheatear",1999,1997,"index_100 = eerste analysejaar vanaf eerste positieve jaar",0,0.480708994259035,0,"model2_basis",FALSE,FALSE,"Data ends with 11 years without positive observations."
173,11460,"Tapuit","Wheatear",2000,1997,"index_100 = eerste analysejaar vanaf eerste positieve jaar",0.115940562500597,0.369687183606086,11.5940562500597,"model2_basis",FALSE,FALSE,"Data ends with 11 years without positive observations."
173,11460,"Tapuit","Wheatear",2001,1997,"index_100 = eerste analysejaar vanaf eerste positieve jaar",0.5,0.48885103305822,50,"model2_basis",FALSE,FALSE,"Data ends with 11 years without positive observations."
173,11460,"Tapuit","Wheatear",2002,1997,"index_100 = eerste analysejaar vanaf eerste positieve jaar",0,0.347543319690259,0,"model2_basis",FALSE,FALSE,"Data ends with 11 years without positive observations."
173,11460,"Tapuit","Wheatear",2003,1997,"index_100 = eerste analysejaar vanaf eerste positieve jaar",0,0.311925713736022,0,"model2_basis",FALSE,FALSE,"Data ends with 11 years without positive observations."
173,11460,"Tapuit","Wheatear",2004,1997,"index_100 = eerste analysejaar vanaf eerste positieve jaar",0,0.279958340089637,0,"model2_basis",FALSE,FALSE,"Data ends with 11 years without positive observations."
173,11460,"Tapuit","Wheatear",2005,1997,"index_100 = eerste analysejaar vanaf eerste positieve jaar",0.5,0.390083319623351,50,"model2_basis",FALSE,FALSE,"Data ends with 11 years without positive observations."
173,11460,"Tapuit","Wheatear",2006,1997,"index_100 = eerste analysejaar vanaf eerste positieve jaar",0,0.225516267311932,0,"model2_basis",FALSE,FALSE,"Data ends with 11 years without positive observations."
173,11460,"Tapuit","Wheatear",2007,1997,"index_100 = eerste analysejaar vanaf eerste positieve jaar",0,0.202404473500026,0,"model2_basis",FALSE,FALSE,"Data ends with 11 years without positive observations."
173,11460,"Tapuit","Wheatear",2008,1997,"index_100 = eerste analysejaar vanaf eerste positieve jaar",0.0205546989769083,0.154820482076931,2.05546989769083,"model2_basis",FALSE,FALSE,"Data ends with 11 years without positive observations."
173,11460,"Tapuit","Wheatear",2009,1997,"index_100 = eerste analysejaar vanaf eerste positieve jaar",0,0.163043906233863,0,"model2_basis",FALSE,FALSE,"Data ends with 11 years without positive observations."
173,11460,"Tapuit","Wheatear",2010,1997,"index_100 = eerste analysejaar vanaf eerste positieve jaar",0.00601318426395934,0.136985688048059,0.601318426395934,"model2_basis",FALSE,FALSE,"Data ends with 11 years without positive observations."
173,11460,"Tapuit","Wheatear",2011,1997,"index_100 = eerste analysejaar vanaf eerste positieve jaar",0.5,0.326005212263962,50,"model2_basis",FALSE,FALSE,"Data ends with 11 years without positive observations."
173,11460,"Tapuit","Wheatear",2012,1997,"index_100 = eerste analysejaar vanaf eerste positieve jaar",0,0.117877595602569,0,"model2_basis",FALSE,FALSE,"Data ends with 11 years without positive observations."
173,11460,"Tapuit","Wheatear",2013,1997,"index_100 = eerste analysejaar vanaf eerste positieve jaar",0.00314309788557425,0.0989130550922882,0.314309788557425,"model2_basis",FALSE,FALSE,"Data ends with 11 years without positive observations."
173,11460,"Tapuit","Wheatear",2014,1997,"index_100 = eerste analysejaar vanaf eerste positieve jaar",0.00253187564522558,0.088725996846383,0.253187564522558,"model2_basis",FALSE,FALSE,"Data ends with 11 years without positive observations."
173,11460,"Tapuit","Wheatear",2015,1997,"index_100 = eerste analysejaar vanaf eerste positieve jaar",0,0.0852232252403976,0,"model2_basis",FALSE,FALSE,"Data ends with 11 years without positive observations."
173,11460,"Tapuit","Wheatear",2016,1997,"index_100 = eerste analysejaar vanaf eerste positieve jaar",0,0.0764892140170862,0,"model2_basis",FALSE,FALSE,"Data ends with 11 years without positive observations."
173,11460,"Tapuit","Wheatear",2017,1997,"index_100 = eerste analysejaar vanaf eerste positieve jaar",0,0.0686502986063745,0,"model2_basis",FALSE,FALSE,"Data ends with 11 years without positive observations."
173,11460,"Tapuit","Wheatear",2018,1997,"index_100 = eerste analysejaar vanaf eerste positieve jaar",0,0.0616147460698397,0,"model2_basis",FALSE,FALSE,"Data ends with 11 years without positive observations."
173,11460,"Tapuit","Wheatear",2019,1997,"index_100 = eerste analysejaar vanaf eerste positieve jaar",0,0.0553002246212854,0,"model2_basis",FALSE,FALSE,"Data ends with 11 years without positive observations."
173,11460,"Tapuit","Wheatear",2020,1997,"index_100 = eerste analysejaar vanaf eerste positieve jaar",0.000691749986909841,0.0462176765298283,0.0691749986909841,"model2_basis",FALSE,FALSE,"Data ends with 11 years without positive observations."
173,11460,"Tapuit","Wheatear",2021,1997,"index_100 = eerste analysejaar vanaf eerste positieve jaar",0,0.0445462715420827,0,"model2_basis",FALSE,FALSE,"Data ends with 11 years without positive observations."
173,11460,"Tapuit","Wheatear",2022,1997,"index_100 = eerste analysejaar vanaf eerste positieve jaar",0.000438406142180002,0.0372614149279256,0.0438406142180002,"model2_basis",FALSE,FALSE,"Data ends with 11 years without positive observations."
175,11870,"Merel","blackbird",1997,1997,"index_100 = eerste analysejaar vanaf eerste positieve jaar",1,0,100,"model3_overdisp",TRUE,FALSE,NA
175,11870,"Merel","blackbird",1998,1997,"index_100 = eerste analysejaar vanaf eerste positieve jaar",1.17471260747768,0.147601876678437,117.471260747768,"model3_overdisp",TRUE,FALSE,NA
175,11870,"Merel","blackbird",1999,1997,"index_100 = eerste analysejaar vanaf eerste positieve jaar",1.23926380368098,0.15155374344591,123.926380368098,"model3_overdisp",TRUE,FALSE,NA
175,11870,"Merel","blackbird",2000,1997,"index_100 = eerste analysejaar vanaf eerste positieve jaar",1.46885288785986,0.179910508957205,146.885288785986,"model3_overdisp",TRUE,FALSE,NA
175,11870,"Merel","blackbird",2001,1997,"index_100 = eerste analysejaar vanaf eerste positieve jaar",1.60122699386503,0.185672563308386,160.122699386503,"model3_overdisp",TRUE,FALSE,NA
175,11870,"Merel","blackbird",2002,1997,"index_100 = eerste analysejaar vanaf eerste positieve jaar",1.54601226993865,0.180496535311708,154.601226993865,"model3_overdisp",TRUE,FALSE,NA
175,11870,"Merel","blackbird",2003,1997,"index_100 = eerste analysejaar vanaf eerste positieve jaar",1.67484662576687,0.19256134880296,167.484662576687,"model3_overdisp",TRUE,FALSE,NA
175,11870,"Merel","blackbird",2004,1997,"index_100 = eerste analysejaar vanaf eerste positieve jaar",1.7239263803681,0.197146556672837,172.39263803681,"model3_overdisp",TRUE,FALSE,NA
175,11870,"Merel","blackbird",2005,1997,"index_100 = eerste analysejaar vanaf eerste positieve jaar",1.69938650306748,0.194854649865035,169.938650306748,"model3_overdisp",TRUE,FALSE,NA
175,11870,"Merel","blackbird",2006,1997,"index_100 = eerste analysejaar vanaf eerste positieve jaar",1.50920245398773,0.17704096115515,150.920245398773,"model3_overdisp",TRUE,FALSE,NA
175,11870,"Merel","blackbird",2007,1997,"index_100 = eerste analysejaar vanaf eerste positieve jaar",1.59299868045329,0.186494596963769,159.299868045329,"model3_overdisp",TRUE,FALSE,NA
175,11870,"Merel","blackbird",2008,1997,"index_100 = eerste analysejaar vanaf eerste positieve jaar",1.61004093883173,0.194391222185318,161.004093883173,"model3_overdisp",TRUE,FALSE,NA
175,11870,"Merel","blackbird",2009,1997,"index_100 = eerste analysejaar vanaf eerste positieve jaar",1.49732803240262,0.181627601445471,149.732803240262,"model3_overdisp",TRUE,FALSE,NA
175,11870,"Merel","blackbird",2010,1997,"index_100 = eerste analysejaar vanaf eerste positieve jaar",1.60619956928432,0.188862175780238,160.619956928432,"model3_overdisp",TRUE,FALSE,NA
175,11870,"Merel","blackbird",2011,1997,"index_100 = eerste analysejaar vanaf eerste positieve jaar",1.55950627209113,0.184802350723654,155.950627209112,"model3_overdisp",TRUE,FALSE,NA
175,11870,"Merel","blackbird",2012,1997,"index_100 = eerste analysejaar vanaf eerste positieve jaar",1.30238259301935,0.159337227149287,130.238259301935,"model3_overdisp",TRUE,FALSE,NA
175,11870,"Merel","blackbird",2013,1997,"index_100 = eerste analysejaar vanaf eerste positieve jaar",1.2920835609677,0.159581632456563,129.20835609677,"model3_overdisp",TRUE,FALSE,NA
175,11870,"Merel","blackbird",2014,1997,"index_100 = eerste analysejaar vanaf eerste positieve jaar",1.54533932556842,0.187119806429867,154.533932556842,"model3_overdisp",TRUE,FALSE,NA
175,11870,"Merel","blackbird",2015,1997,"index_100 = eerste analysejaar vanaf eerste positieve jaar",1.44669092474836,0.174144991898676,144.669092474836,"model3_overdisp",TRUE,FALSE,NA
175,11870,"Merel","blackbird",2016,1997,"index_100 = eerste analysejaar vanaf eerste positieve jaar",1.35378416811315,0.165332357726605,135.378416811315,"model3_overdisp",TRUE,FALSE,NA
175,11870,"Merel","blackbird",2017,1997,"index_100 = eerste analysejaar vanaf eerste positieve jaar",1.37304458320543,0.166576082415423,137.304458320543,"model3_overdisp",TRUE,FALSE,NA
175,11870,"Merel","blackbird",2018,1997,"index_100 = eerste analysejaar vanaf eerste positieve jaar",1.33128834355828,0.160275158997012,133.128834355828,"model3_overdisp",TRUE,FALSE,NA
175,11870,"Merel","blackbird",2019,1997,"index_100 = eerste analysejaar vanaf eerste positieve jaar",1.22106023006284,0.152674639498797,122.106023006284,"model3_overdisp",TRUE,FALSE,NA
175,11870,"Merel","blackbird",2020,1997,"index_100 = eerste analysejaar vanaf eerste positieve jaar",1.13495245151584,0.146649794634614,113.495245151584,"model3_overdisp",TRUE,FALSE,NA
175,11870,"Merel","blackbird",2021,1997,"index_100 = eerste analysejaar vanaf eerste positieve jaar",1,0.128661068380677,100,"model3_overdisp",TRUE,FALSE,NA
175,11870,"Merel","blackbird",2022,1997,"index_100 = eerste analysejaar vanaf eerste positieve jaar",0.736522696938618,0.104758810035882,73.6522696938618,"model3_overdisp",TRUE,FALSE,NA
177,12000,"Zanglijster","song thrush",1997,1997,"index_100 = eerste analysejaar vanaf eerste positieve jaar",1,0,100,"model3_overdisp",TRUE,FALSE,"Overdispersion 1.0 <1; consider setting overdisp=FALSE"
177,12000,"Zanglijster","song thrush",1998,1997,"index_100 = eerste analysejaar vanaf eerste positieve jaar",1.28582790987404,0.540781995882436,128.582790987404,"model3_overdisp",TRUE,FALSE,"Overdispersion 1.0 <1; consider setting overdisp=FALSE"
177,12000,"Zanglijster","song thrush",1999,1997,"index_100 = eerste analysejaar vanaf eerste positieve jaar",2.4,0.887157148501757,240,"model3_overdisp",TRUE,FALSE,"Overdispersion 1.0 <1; consider setting overdisp=FALSE"
177,12000,"Zanglijster","song thrush",2000,1997,"index_100 = eerste analysejaar vanaf eerste positieve jaar",3.56854964659925,1.29211952169678,356.854964659925,"model3_overdisp",TRUE,FALSE,"Overdispersion 1.0 <1; consider setting overdisp=FALSE"
177,12000,"Zanglijster","song thrush",2001,1997,"index_100 = eerste analysejaar vanaf eerste positieve jaar",4.2,1.45138220488707,420,"model3_overdisp",TRUE,FALSE,"Overdispersion 1.0 <1; consider setting overdisp=FALSE"
177,12000,"Zanglijster","song thrush",2002,1997,"index_100 = eerste analysejaar vanaf eerste positieve jaar",4.4,1.51383553391843,440,"model3_overdisp",TRUE,FALSE,"Overdispersion 1.0 <1; consider setting overdisp=FALSE"
177,12000,"Zanglijster","song thrush",2003,1997,"index_100 = eerste analysejaar vanaf eerste positieve jaar",5.2,1.76340875855271,520,"model3_overdisp",TRUE,FALSE,"Overdispersion 1.0 <1; consider setting overdisp=FALSE"
177,12000,"Zanglijster","song thrush",2004,1997,"index_100 = eerste analysejaar vanaf eerste positieve jaar",4.6,1.57626200163788,460,"model3_overdisp",TRUE,FALSE,"Overdispersion 1.0 <1; consider setting overdisp=FALSE"
177,12000,"Zanglijster","song thrush",2005,1997,"index_100 = eerste analysejaar vanaf eerste positieve jaar",4.2,1.45138220488707,420,"model3_overdisp",TRUE,FALSE,"Overdispersion 1.0 <1; consider setting overdisp=FALSE"
177,12000,"Zanglijster","song thrush",2006,1997,"index_100 = eerste analysejaar vanaf eerste positieve jaar",4,1.38889839100409,400,"model3_overdisp",TRUE,FALSE,"Overdispersion 1.0 <1; consider setting overdisp=FALSE"
177,12000,"Zanglijster","song thrush",2007,1997,"index_100 = eerste analysejaar vanaf eerste positieve jaar",4.5572549035715,1.57160455437232,455.72549035715,"model3_overdisp",TRUE,FALSE,"Overdispersion 1.0 <1; consider setting overdisp=FALSE"
177,12000,"Zanglijster","song thrush",2008,1997,"index_100 = eerste analysejaar vanaf eerste positieve jaar",6.02118444303525,2.05728482945547,602.118444303525,"model3_overdisp",TRUE,FALSE,"Overdispersion 1.0 <1; consider setting overdisp=FALSE"
177,12000,"Zanglijster","song thrush",2009,1997,"index_100 = eerste analysejaar vanaf eerste positieve jaar",3.09733103967043,1.13259300344192,309.733103967043,"model3_overdisp",TRUE,FALSE,"Overdispersion 1.0 <1; consider setting overdisp=FALSE"
177,12000,"Zanglijster","song thrush",2010,1997,"index_100 = eerste analysejaar vanaf eerste positieve jaar",4.37779467374717,1.51305124389152,437.779467374717,"model3_overdisp",TRUE,FALSE,"Overdispersion 1.0 <1; consider setting overdisp=FALSE"
177,12000,"Zanglijster","song thrush",2011,1997,"index_100 = eerste analysejaar vanaf eerste positieve jaar",3.8623607661228,1.36067999176004,386.23607661228,"model3_overdisp",TRUE,FALSE,"Overdispersion 1.0 <1; consider setting overdisp=FALSE"
177,12000,"Zanglijster","song thrush",2012,1997,"index_100 = eerste analysejaar vanaf eerste positieve jaar",5.98879688042166,2.01409938009198,598.879688042166,"model3_overdisp",TRUE,FALSE,"Overdispersion 1.0 <1; consider setting overdisp=FALSE"
177,12000,"Zanglijster","song thrush",2013,1997,"index_100 = eerste analysejaar vanaf eerste positieve jaar",5.6952170467085,1.925953453788,569.52170467085,"model3_overdisp",TRUE,FALSE,"Overdispersion 1.0 <1; consider setting overdisp=FALSE"
177,12000,"Zanglijster","song thrush",2014,1997,"index_100 = eerste analysejaar vanaf eerste positieve jaar",8.77864911202359,2.9044904942649,877.864911202359,"model3_overdisp",TRUE,FALSE,"Overdispersion 1.0 <1; consider setting overdisp=FALSE"
177,12000,"Zanglijster","song thrush",2015,1997,"index_100 = eerste analysejaar vanaf eerste positieve jaar",8.60754685021654,2.84072269190602,860.754685021654,"model3_overdisp",TRUE,FALSE,"Overdispersion 1.0 <1; consider setting overdisp=FALSE"
177,12000,"Zanglijster","song thrush",2016,1997,"index_100 = eerste analysejaar vanaf eerste positieve jaar",6.95224937902105,2.32523388526828,695.224937902105,"model3_overdisp",TRUE,FALSE,"Overdispersion 1.0 <1; consider setting overdisp=FALSE"
177,12000,"Zanglijster","song thrush",2017,1997,"index_100 = eerste analysejaar vanaf eerste positieve jaar",7.63515807051989,2.52886354059373,763.515807051989,"model3_overdisp",TRUE,FALSE,"Overdispersion 1.0 <1; consider setting overdisp=FALSE"
177,12000,"Zanglijster","song thrush",2018,1997,"index_100 = eerste analysejaar vanaf eerste positieve jaar",7.9,2.6041381861081,790,"model3_overdisp",TRUE,FALSE,"Overdispersion 1.0 <1; consider setting overdisp=FALSE"
177,12000,"Zanglijster","song thrush",2019,1997,"index_100 = eerste analysejaar vanaf eerste positieve jaar",7.72472153224561,2.56585230771603,772.472153224561,"model3_overdisp",TRUE,FALSE,"Overdispersion 1.0 <1; consider setting overdisp=FALSE"
177,12000,"Zanglijster","song thrush",2020,1997,"index_100 = eerste analysejaar vanaf eerste positieve jaar",7.100019193984,2.36940188067648,710.0019193984,"model3_overdisp",TRUE,FALSE,"Overdispersion 1.0 <1; consider setting overdisp=FALSE"
177,12000,"Zanglijster","song thrush",2021,1997,"index_100 = eerste analysejaar vanaf eerste positieve jaar",7.5,2.4796796134685,750,"model3_overdisp",TRUE,FALSE,"Overdispersion 1.0 <1; consider setting overdisp=FALSE"
177,12000,"Zanglijster","song thrush",2022,1997,"index_100 = eerste analysejaar vanaf eerste positieve jaar",8.56369110827792,2.82161288606956,856.369110827792,"model3_overdisp",TRUE,FALSE,"Overdispersion 1.0 <1; consider setting overdisp=FALSE"
179,12020,"Grote Lijster","mistle thrush",1998,1998,"index_100 = eerste analysejaar vanaf eerste positieve jaar",1,0,100,"model2_basis",FALSE,FALSE,NA
179,12020,"Grote Lijster","mistle thrush",1999,1998,"index_100 = eerste analysejaar vanaf eerste positieve jaar",0,0.858248746576894,0,"model2_basis",FALSE,FALSE,NA
179,12020,"Grote Lijster","mistle thrush",2000,1998,"index_100 = eerste analysejaar vanaf eerste positieve jaar",1.03045172464738,1.14785480079366,103.045172464738,"model2_basis",FALSE,FALSE,NA
179,12020,"Grote Lijster","mistle thrush",2001,1998,"index_100 = eerste analysejaar vanaf eerste positieve jaar",3.63660062344173,2.99881408811945,363.660062344173,"model2_basis",FALSE,FALSE,NA
179,12020,"Grote Lijster","mistle thrush",2002,1998,"index_100 = eerste analysejaar vanaf eerste positieve jaar",0.909150155860433,1.1828731461867,90.9150155860433,"model2_basis",FALSE,FALSE,NA
179,12020,"Grote Lijster","mistle thrush",2003,1998,"index_100 = eerste analysejaar vanaf eerste positieve jaar",0.909150155860433,1.20926972682894,90.9150155860433,"model2_basis",FALSE,FALSE,NA
179,12020,"Grote Lijster","mistle thrush",2004,1998,"index_100 = eerste analysejaar vanaf eerste positieve jaar",0.909150155860433,1.23692257624369,90.9150155860433,"model2_basis",FALSE,FALSE,NA
179,12020,"Grote Lijster","mistle thrush",2005,1998,"index_100 = eerste analysejaar vanaf eerste positieve jaar",1.81830031172087,1.76834852944356,181.830031172087,"model2_basis",FALSE,FALSE,NA
179,12020,"Grote Lijster","mistle thrush",2006,1998,"index_100 = eerste analysejaar vanaf eerste positieve jaar",0.909150155860433,1.296175229227,90.9150155860433,"model2_basis",FALSE,FALSE,NA
179,12020,"Grote Lijster","mistle thrush",2007,1998,"index_100 = eerste analysejaar vanaf eerste positieve jaar",1.84605492157728,1.82313812411544,184.605492157728,"model2_basis",FALSE,FALSE,NA
179,12020,"Grote Lijster","mistle thrush",2008,1998,"index_100 = eerste analysejaar vanaf eerste positieve jaar",0.245770911617576,1.08373246912132,24.5770911617576,"model2_basis",FALSE,FALSE,NA
179,12020,"Grote Lijster","mistle thrush",2009,1998,"index_100 = eerste analysejaar vanaf eerste positieve jaar",1.31237785590502,1.45746277500234,131.237785590503,"model2_basis",FALSE,FALSE,NA
179,12020,"Grote Lijster","mistle thrush",2010,1998,"index_100 = eerste analysejaar vanaf eerste positieve jaar",1.0299764292665,1.44321672302933,102.99764292665,"model2_basis",FALSE,FALSE,NA
179,12020,"Grote Lijster","mistle thrush",2011,1998,"index_100 = eerste analysejaar vanaf eerste positieve jaar",1.15207657266085,1.49807304783911,115.207657266085,"model2_basis",FALSE,FALSE,NA
179,12020,"Grote Lijster","mistle thrush",2012,1998,"index_100 = eerste analysejaar vanaf eerste positieve jaar",2.7274504675813,2.5230739691888,272.74504675813,"model2_basis",FALSE,FALSE,NA
179,12020,"Grote Lijster","mistle thrush",2013,1998,"index_100 = eerste analysejaar vanaf eerste positieve jaar",0.235163582181912,1.31312427984915,23.5163582181912,"model2_basis",FALSE,FALSE,NA
179,12020,"Grote Lijster","mistle thrush",2014,1998,"index_100 = eerste analysejaar vanaf eerste positieve jaar",0.549098188031714,1.3178198170458,54.9098188031713,"model2_basis",FALSE,FALSE,NA
179,12020,"Grote Lijster","mistle thrush",2015,1998,"index_100 = eerste analysejaar vanaf eerste positieve jaar",2.13659134790732,2.17234467911542,213.659134790732,"model2_basis",FALSE,FALSE,NA
179,12020,"Grote Lijster","mistle thrush",2016,1998,"index_100 = eerste analysejaar vanaf eerste positieve jaar",3.06798552160552,2.80661709599834,306.798552160552,"model2_basis",FALSE,FALSE,NA
179,12020,"Grote Lijster","mistle thrush",2017,1998,"index_100 = eerste analysejaar vanaf eerste positieve jaar",3.76007127888971,3.34396035932078,376.007127888971,"model2_basis",FALSE,FALSE,NA
179,12020,"Grote Lijster","mistle thrush",2018,1998,"index_100 = eerste analysejaar vanaf eerste positieve jaar",2.7274504675813,2.70177813186793,272.74504675813,"model2_basis",FALSE,FALSE,NA
179,12020,"Grote Lijster","mistle thrush",2019,1998,"index_100 = eerste analysejaar vanaf eerste positieve jaar",2.23533681623524,2.3841532426317,223.533681623524,"model2_basis",FALSE,FALSE,NA
179,12020,"Grote Lijster","mistle thrush",2020,1998,"index_100 = eerste analysejaar vanaf eerste positieve jaar",5.84353933567042,4.91448496748692,584.353933567042,"model2_basis",FALSE,FALSE,NA
179,12020,"Grote Lijster","mistle thrush",2021,1998,"index_100 = eerste analysejaar vanaf eerste positieve jaar",4.54575077930216,4.02440055925889,454.575077930216,"model2_basis",FALSE,FALSE,NA
179,12020,"Grote Lijster","mistle thrush",2022,1998,"index_100 = eerste analysejaar vanaf eerste positieve jaar",3.2817696501522,3.17073823167973,328.17696501522,"model2_basis",FALSE,FALSE,NA
180,12200,"Cetti's Zanger","Cetti's warbler",2019,2019,"index_100 = eerste analysejaar vanaf eerste positieve jaar",1,0,100,"model3_overdisp",TRUE,FALSE,"Overdispersion 0.7 <1; consider setting overdisp=FALSE"
180,12200,"Cetti's Zanger","Cetti's warbler",2020,2019,"index_100 = eerste analysejaar vanaf eerste positieve jaar",3,1.07337187054166,300,"model3_overdisp",TRUE,FALSE,"Overdispersion 0.7 <1; consider setting overdisp=FALSE"
180,12200,"Cetti's Zanger","Cetti's warbler",2021,2019,"index_100 = eerste analysejaar vanaf eerste positieve jaar",2,0.758988528394893,200,"model3_overdisp",TRUE,FALSE,"Overdispersion 0.7 <1; consider setting overdisp=FALSE"
180,12200,"Cetti's Zanger","Cetti's warbler",2022,2019,"index_100 = eerste analysejaar vanaf eerste positieve jaar",3.28571428571429,1.16274931420943,328.571428571429,"model3_overdisp",TRUE,FALSE,"Overdispersion 0.7 <1; consider setting overdisp=FALSE"
182,12360,"Sprinkhaanrietzanger","grasshopper warbler",1997,1997,"index_100 = eerste analysejaar vanaf eerste positieve jaar",1,0,100,"model3_overdisp",TRUE,FALSE,NA
182,12360,"Sprinkhaanrietzanger","grasshopper warbler",1998,1997,"index_100 = eerste analysejaar vanaf eerste positieve jaar",1.34228680638859,0.299583621400629,134.228680638859,"model3_overdisp",TRUE,FALSE,NA
182,12360,"Sprinkhaanrietzanger","grasshopper warbler",1999,1997,"index_100 = eerste analysejaar vanaf eerste positieve jaar",1.05,0.243860700520347,105,"model3_overdisp",TRUE,FALSE,NA
182,12360,"Sprinkhaanrietzanger","grasshopper warbler",2000,1997,"index_100 = eerste analysejaar vanaf eerste positieve jaar",1.68747788935848,0.366727388922346,168.747788935848,"model3_overdisp",TRUE,FALSE,NA
182,12360,"Sprinkhaanrietzanger","grasshopper warbler",2001,1997,"index_100 = eerste analysejaar vanaf eerste positieve jaar",1.35,0.296054081203734,135,"model3_overdisp",TRUE,FALSE,NA
182,12360,"Sprinkhaanrietzanger","grasshopper warbler",2002,1997,"index_100 = eerste analysejaar vanaf eerste positieve jaar",1.1,0.25262494205906,110,"model3_overdisp",TRUE,FALSE,NA
182,12360,"Sprinkhaanrietzanger","grasshopper warbler",2003,1997,"index_100 = eerste analysejaar vanaf eerste positieve jaar",1.125,0.2569957642181,112.5,"model3_overdisp",TRUE,FALSE,NA
182,12360,"Sprinkhaanrietzanger","grasshopper warbler",2004,1997,"index_100 = eerste analysejaar vanaf eerste positieve jaar",1.725,0.360369510608748,172.5,"model3_overdisp",TRUE,FALSE,NA
182,12360,"Sprinkhaanrietzanger","grasshopper warbler",2005,1997,"index_100 = eerste analysejaar vanaf eerste positieve jaar",1.7,0.356103776764593,170,"model3_overdisp",TRUE,FALSE,NA
182,12360,"Sprinkhaanrietzanger","grasshopper warbler",2006,1997,"index_100 = eerste analysejaar vanaf eerste positieve jaar",1.525,0.32616386892756,152.5,"model3_overdisp",TRUE,FALSE,NA
182,12360,"Sprinkhaanrietzanger","grasshopper warbler",2007,1997,"index_100 = eerste analysejaar vanaf eerste positieve jaar",1.64376531602547,0.348411522375715,164.376531602547,"model3_overdisp",TRUE,FALSE,NA
182,12360,"Sprinkhaanrietzanger","grasshopper warbler",2008,1997,"index_100 = eerste analysejaar vanaf eerste positieve jaar",1.26580643660099,0.291185971542988,126.580643660099,"model3_overdisp",TRUE,FALSE,NA
182,12360,"Sprinkhaanrietzanger","grasshopper warbler",2009,1997,"index_100 = eerste analysejaar vanaf eerste positieve jaar",1.10067518123864,0.257343803902278,110.067518123864,"model3_overdisp",TRUE,FALSE,NA
182,12360,"Sprinkhaanrietzanger","grasshopper warbler",2010,1997,"index_100 = eerste analysejaar vanaf eerste positieve jaar",1.3202192579928,0.294605813954082,132.02192579928,"model3_overdisp",TRUE,FALSE,NA
182,12360,"Sprinkhaanrietzanger","grasshopper warbler",2011,1997,"index_100 = eerste analysejaar vanaf eerste positieve jaar",0.975,0.23065139988413,97.5,"model3_overdisp",TRUE,FALSE,NA
182,12360,"Sprinkhaanrietzanger","grasshopper warbler",2012,1997,"index_100 = eerste analysejaar vanaf eerste positieve jaar",0.599596321213221,0.164992855428954,59.9596321213221,"model3_overdisp",TRUE,FALSE,NA
182,12360,"Sprinkhaanrietzanger","grasshopper warbler",2013,1997,"index_100 = eerste analysejaar vanaf eerste positieve jaar",0.528629806503562,0.152250550508662,52.8629806503561,"model3_overdisp",TRUE,FALSE,NA
182,12360,"Sprinkhaanrietzanger","grasshopper warbler",2014,1997,"index_100 = eerste analysejaar vanaf eerste positieve jaar",0.528629806503562,0.152250550508662,52.8629806503561,"model3_overdisp",TRUE,FALSE,NA
182,12360,"Sprinkhaanrietzanger","grasshopper warbler",2015,1997,"index_100 = eerste analysejaar vanaf eerste positieve jaar",0.6,0.162856783677417,60,"model3_overdisp",TRUE,FALSE,NA
182,12360,"Sprinkhaanrietzanger","grasshopper warbler",2016,1997,"index_100 = eerste analysejaar vanaf eerste positieve jaar",0.525,0.148725285234276,52.5,"model3_overdisp",TRUE,FALSE,NA
182,12360,"Sprinkhaanrietzanger","grasshopper warbler",2017,1997,"index_100 = eerste analysejaar vanaf eerste positieve jaar",0.450933127144652,0.134544486725731,45.0933127144652,"model3_overdisp",TRUE,FALSE,NA
182,12360,"Sprinkhaanrietzanger","grasshopper warbler",2018,1997,"index_100 = eerste analysejaar vanaf eerste positieve jaar",0.3,0.103801239736514,30,"model3_overdisp",TRUE,FALSE,NA
182,12360,"Sprinkhaanrietzanger","grasshopper warbler",2019,1997,"index_100 = eerste analysejaar vanaf eerste positieve jaar",0.85,0.208432560670829,85,"model3_overdisp",TRUE,FALSE,NA
182,12360,"Sprinkhaanrietzanger","grasshopper warbler",2020,1997,"index_100 = eerste analysejaar vanaf eerste positieve jaar",0.926177706860011,0.225482790662624,92.6177706860011,"model3_overdisp",TRUE,FALSE,NA
182,12360,"Sprinkhaanrietzanger","grasshopper warbler",2021,1997,"index_100 = eerste analysejaar vanaf eerste positieve jaar",0.65,0.172134882489873,65,"model3_overdisp",TRUE,FALSE,NA
182,12360,"Sprinkhaanrietzanger","grasshopper warbler",2022,1997,"index_100 = eerste analysejaar vanaf eerste positieve jaar",0.936189346040706,0.226177581637796,93.6189346040706,"model3_overdisp",TRUE,FALSE,NA
186,12430,"Rietzanger","sedge warbler",1997,1997,"index_100 = eerste analysejaar vanaf eerste positieve jaar",1,0,100,"model3_overdisp",TRUE,FALSE,NA
186,12430,"Rietzanger","sedge warbler",1998,1997,"index_100 = eerste analysejaar vanaf eerste positieve jaar",0.823529411764706,0.318861788416019,82.3529411764706,"model3_overdisp",TRUE,FALSE,NA
186,12430,"Rietzanger","sedge warbler",1999,1997,"index_100 = eerste analysejaar vanaf eerste positieve jaar",0.764705882352941,0.302266429777716,76.4705882352941,"model3_overdisp",TRUE,FALSE,NA
186,12430,"Rietzanger","sedge warbler",2000,1997,"index_100 = eerste analysejaar vanaf eerste positieve jaar",0.668547387542501,0.286364977349209,66.8547387542501,"model3_overdisp",TRUE,FALSE,NA
186,12430,"Rietzanger","sedge warbler",2001,1997,"index_100 = eerste analysejaar vanaf eerste positieve jaar",0.705882352941176,0.285527034557093,70.5882352941176,"model3_overdisp",TRUE,FALSE,NA
186,12430,"Rietzanger","sedge warbler",2002,1997,"index_100 = eerste analysejaar vanaf eerste positieve jaar",0.647058823529412,0.268616676304848,64.7058823529412,"model3_overdisp",TRUE,FALSE,NA
186,12430,"Rietzanger","sedge warbler",2003,1997,"index_100 = eerste analysejaar vanaf eerste positieve jaar",0.529411764705882,0.234134569729334,52.9411764705882,"model3_overdisp",TRUE,FALSE,NA
186,12430,"Rietzanger","sedge warbler",2004,1997,"index_100 = eerste analysejaar vanaf eerste positieve jaar",0.647058823529412,0.268616676304848,64.7058823529412,"model3_overdisp",TRUE,FALSE,NA
186,12430,"Rietzanger","sedge warbler",2005,1997,"index_100 = eerste analysejaar vanaf eerste positieve jaar",0.411764705882353,0.198386563129659,41.1764705882353,"model3_overdisp",TRUE,FALSE,NA
186,12430,"Rietzanger","sedge warbler",2006,1997,"index_100 = eerste analysejaar vanaf eerste positieve jaar",0.588235294117647,0.251500871864998,58.8235294117647,"model3_overdisp",TRUE,FALSE,NA
186,12430,"Rietzanger","sedge warbler",2007,1997,"index_100 = eerste analysejaar vanaf eerste positieve jaar",0.413557589958816,0.199259691781028,41.3557589958816,"model3_overdisp",TRUE,FALSE,NA
186,12430,"Rietzanger","sedge warbler",2008,1997,"index_100 = eerste analysejaar vanaf eerste positieve jaar",0.2661077973107,0.15879556822131,26.61077973107,"model3_overdisp",TRUE,FALSE,NA
186,12430,"Rietzanger","sedge warbler",2009,1997,"index_100 = eerste analysejaar vanaf eerste positieve jaar",0.470588235294118,0.216457486286618,47.0588235294118,"model3_overdisp",TRUE,FALSE,NA
186,12430,"Rietzanger","sedge warbler",2010,1997,"index_100 = eerste analysejaar vanaf eerste positieve jaar",0.352941176470588,0.179803092089569,35.2941176470588,"model3_overdisp",TRUE,FALSE,NA
186,12430,"Rietzanger","sedge warbler",2011,1997,"index_100 = eerste analysejaar vanaf eerste positieve jaar",0.352941176470588,0.179803092089569,35.2941176470588,"model3_overdisp",TRUE,FALSE,NA
186,12430,"Rietzanger","sedge warbler",2012,1997,"index_100 = eerste analysejaar vanaf eerste positieve jaar",0.300271836189369,0.163915277808656,30.0271836189369,"model3_overdisp",TRUE,FALSE,NA
186,12430,"Rietzanger","sedge warbler",2013,1997,"index_100 = eerste analysejaar vanaf eerste positieve jaar",0.235294117647059,0.140280484085275,23.5294117647059,"model3_overdisp",TRUE,FALSE,NA
186,12430,"Rietzanger","sedge warbler",2014,1997,"index_100 = eerste analysejaar vanaf eerste positieve jaar",0.470588235294118,0.216457486286618,47.0588235294118,"model3_overdisp",TRUE,FALSE,NA
186,12430,"Rietzanger","sedge warbler",2015,1997,"index_100 = eerste analysejaar vanaf eerste positieve jaar",0.529411764705882,0.234134569729334,52.9411764705882,"model3_overdisp",TRUE,FALSE,NA
186,12430,"Rietzanger","sedge warbler",2016,1997,"index_100 = eerste analysejaar vanaf eerste positieve jaar",0.588235294117647,0.251500871864998,58.8235294117647,"model3_overdisp",TRUE,FALSE,NA
186,12430,"Rietzanger","sedge warbler",2017,1997,"index_100 = eerste analysejaar vanaf eerste positieve jaar",0.529411764705882,0.234134569729334,52.9411764705882,"model3_overdisp",TRUE,FALSE,NA
186,12430,"Rietzanger","sedge warbler",2018,1997,"index_100 = eerste analysejaar vanaf eerste positieve jaar",0.705882352941176,0.285527034557093,70.5882352941176,"model3_overdisp",TRUE,FALSE,NA
186,12430,"Rietzanger","sedge warbler",2019,1997,"index_100 = eerste analysejaar vanaf eerste positieve jaar",0.823529411764706,0.318861788416019,82.3529411764706,"model3_overdisp",TRUE,FALSE,NA
186,12430,"Rietzanger","sedge warbler",2020,1997,"index_100 = eerste analysejaar vanaf eerste positieve jaar",0.88235294117647,0.335334495819997,88.2352941176471,"model3_overdisp",TRUE,FALSE,NA
186,12430,"Rietzanger","sedge warbler",2021,1997,"index_100 = eerste analysejaar vanaf eerste positieve jaar",0.411764705882353,0.198386563129659,41.1764705882353,"model3_overdisp",TRUE,FALSE,NA
186,12430,"Rietzanger","sedge warbler",2022,1997,"index_100 = eerste analysejaar vanaf eerste positieve jaar",0.531626652067437,0.23512617098718,53.1626652067437,"model3_overdisp",TRUE,FALSE,NA
187,12500,"Bosrietzanger","marsh warbler",1997,1997,"index_100 = eerste analysejaar vanaf eerste positieve jaar",1,0,100,"model3_overdisp",TRUE,FALSE,NA
187,12500,"Bosrietzanger","marsh warbler",1998,1997,"index_100 = eerste analysejaar vanaf eerste positieve jaar",0.872076477574941,0.289619100366527,87.2076477574941,"model3_overdisp",TRUE,FALSE,NA
187,12500,"Bosrietzanger","marsh warbler",1999,1997,"index_100 = eerste analysejaar vanaf eerste positieve jaar",0.695652173913043,0.245979286635657,69.5652173913043,"model3_overdisp",TRUE,FALSE,NA
187,12500,"Bosrietzanger","marsh warbler",2000,1997,"index_100 = eerste analysejaar vanaf eerste positieve jaar",0.947857514230832,0.31988529212136,94.7857514230832,"model3_overdisp",TRUE,FALSE,NA
187,12500,"Bosrietzanger","marsh warbler",2001,1997,"index_100 = eerste analysejaar vanaf eerste positieve jaar",0.782608695652174,0.267506552091141,78.2608695652174,"model3_overdisp",TRUE,FALSE,NA
187,12500,"Bosrietzanger","marsh warbler",2002,1997,"index_100 = eerste analysejaar vanaf eerste positieve jaar",1.04347826086957,0.33072025387071,104.347826086957,"model3_overdisp",TRUE,FALSE,NA
187,12500,"Bosrietzanger","marsh warbler",2003,1997,"index_100 = eerste analysejaar vanaf eerste positieve jaar",0.91304347826087,0.299324474311663,91.304347826087,"model3_overdisp",TRUE,FALSE,NA
187,12500,"Bosrietzanger","marsh warbler",2004,1997,"index_100 = eerste analysejaar vanaf eerste positieve jaar",0.782608695652174,0.267506552091141,78.2608695652174,"model3_overdisp",TRUE,FALSE,NA
187,12500,"Bosrietzanger","marsh warbler",2005,1997,"index_100 = eerste analysejaar vanaf eerste positieve jaar",0.521739130434783,0.201804519412806,52.1739130434783,"model3_overdisp",TRUE,FALSE,NA
187,12500,"Bosrietzanger","marsh warbler",2006,1997,"index_100 = eerste analysejaar vanaf eerste positieve jaar",0.608695652173913,0.224115102127682,60.8695652173913,"model3_overdisp",TRUE,FALSE,NA
187,12500,"Bosrietzanger","marsh warbler",2007,1997,"index_100 = eerste analysejaar vanaf eerste positieve jaar",0.851351548305217,0.286811062211902,85.1351548305217,"model3_overdisp",TRUE,FALSE,NA
187,12500,"Bosrietzanger","marsh warbler",2008,1997,"index_100 = eerste analysejaar vanaf eerste positieve jaar",0.53924965001376,0.215012467586891,53.924965001376,"model3_overdisp",TRUE,FALSE,NA
187,12500,"Bosrietzanger","marsh warbler",2009,1997,"index_100 = eerste analysejaar vanaf eerste positieve jaar",0.479642062666217,0.190988797764249,47.9642062666217,"model3_overdisp",TRUE,FALSE,NA
187,12500,"Bosrietzanger","marsh warbler",2010,1997,"index_100 = eerste analysejaar vanaf eerste positieve jaar",0.498311075637514,0.198505481417931,49.8311075637514,"model3_overdisp",TRUE,FALSE,NA
187,12500,"Bosrietzanger","marsh warbler",2011,1997,"index_100 = eerste analysejaar vanaf eerste positieve jaar",0.391304347826087,0.167110018279695,39.1304347826087,"model3_overdisp",TRUE,FALSE,NA
187,12500,"Bosrietzanger","marsh warbler",2012,1997,"index_100 = eerste analysejaar vanaf eerste positieve jaar",0.629453801512509,0.231852592638695,62.9453801512509,"model3_overdisp",TRUE,FALSE,NA
187,12500,"Bosrietzanger","marsh warbler",2013,1997,"index_100 = eerste analysejaar vanaf eerste positieve jaar",0.228463178507577,0.122482456611422,22.8463178507577,"model3_overdisp",TRUE,FALSE,NA
187,12500,"Bosrietzanger","marsh warbler",2014,1997,"index_100 = eerste analysejaar vanaf eerste positieve jaar",0.365541085612123,0.163039701172698,36.5541085612123,"model3_overdisp",TRUE,FALSE,NA
187,12500,"Bosrietzanger","marsh warbler",2015,1997,"index_100 = eerste analysejaar vanaf eerste positieve jaar",0.608695652173913,0.224115102127682,60.8695652173913,"model3_overdisp",TRUE,FALSE,NA
187,12500,"Bosrietzanger","marsh warbler",2016,1997,"index_100 = eerste analysejaar vanaf eerste positieve jaar",0.565217391304348,0.213024311031253,56.5217391304348,"model3_overdisp",TRUE,FALSE,NA
187,12500,"Bosrietzanger","marsh warbler",2017,1997,"index_100 = eerste analysejaar vanaf eerste positieve jaar",0.485202142340401,0.193226644038224,48.5202142340401,"model3_overdisp",TRUE,FALSE,NA
187,12500,"Bosrietzanger","marsh warbler",2018,1997,"index_100 = eerste analysejaar vanaf eerste positieve jaar",0.608695652173913,0.224115102127682,60.8695652173913,"model3_overdisp",TRUE,FALSE,NA
187,12500,"Bosrietzanger","marsh warbler",2019,1997,"index_100 = eerste analysejaar vanaf eerste positieve jaar",0.434782608695652,0.178880587585639,43.4782608695652,"model3_overdisp",TRUE,FALSE,NA
187,12500,"Bosrietzanger","marsh warbler",2020,1997,"index_100 = eerste analysejaar vanaf eerste positieve jaar",0.22993233454202,0.123275198866231,22.993233454202,"model3_overdisp",TRUE,FALSE,NA
187,12500,"Bosrietzanger","marsh warbler",2021,1997,"index_100 = eerste analysejaar vanaf eerste positieve jaar",0.521739130434783,0.201804519412806,52.1739130434783,"model3_overdisp",TRUE,FALSE,NA
187,12500,"Bosrietzanger","marsh warbler",2022,1997,"index_100 = eerste analysejaar vanaf eerste positieve jaar",0.844919288082248,0.284603790323221,84.4919288082248,"model3_overdisp",TRUE,FALSE,NA
188,12510,"Kleine Karekiet","reed warbler",1997,1997,"index_100 = eerste analysejaar vanaf eerste positieve jaar",1,0,100,"model3_overdisp",TRUE,FALSE,NA
188,12510,"Kleine Karekiet","reed warbler",1998,1997,"index_100 = eerste analysejaar vanaf eerste positieve jaar",0.855100127354193,0.0962907058741825,85.5100127354194,"model3_overdisp",TRUE,FALSE,NA
188,12510,"Kleine Karekiet","reed warbler",1999,1997,"index_100 = eerste analysejaar vanaf eerste positieve jaar",0.911680911680912,0.100916652096334,91.1680911680912,"model3_overdisp",TRUE,FALSE,NA
188,12510,"Kleine Karekiet","reed warbler",2000,1997,"index_100 = eerste analysejaar vanaf eerste positieve jaar",0.918358792267569,0.107563921034052,91.8358792267569,"model3_overdisp",TRUE,FALSE,NA
188,12510,"Kleine Karekiet","reed warbler",2001,1997,"index_100 = eerste analysejaar vanaf eerste positieve jaar",0.911680911680912,0.100916652096334,91.1680911680912,"model3_overdisp",TRUE,FALSE,NA
188,12510,"Kleine Karekiet","reed warbler",2002,1997,"index_100 = eerste analysejaar vanaf eerste positieve jaar",0.772079772079772,0.089414185117603,77.2079772079772,"model3_overdisp",TRUE,FALSE,NA
188,12510,"Kleine Karekiet","reed warbler",2003,1997,"index_100 = eerste analysejaar vanaf eerste positieve jaar",0.680911680911681,0.0817808351810144,68.0911680911681,"model3_overdisp",TRUE,FALSE,NA
188,12510,"Kleine Karekiet","reed warbler",2004,1997,"index_100 = eerste analysejaar vanaf eerste positieve jaar",0.660968660968661,0.0800948984281883,66.0968660968661,"model3_overdisp",TRUE,FALSE,NA
188,12510,"Kleine Karekiet","reed warbler",2005,1997,"index_100 = eerste analysejaar vanaf eerste positieve jaar",0.635327635327635,0.0779174916053012,63.5327635327635,"model3_overdisp",TRUE,FALSE,NA
188,12510,"Kleine Karekiet","reed warbler",2006,1997,"index_100 = eerste analysejaar vanaf eerste positieve jaar",0.535612535612536,0.0693265985399401,53.5612535612536,"model3_overdisp",TRUE,FALSE,NA
188,12510,"Kleine Karekiet","reed warbler",2007,1997,"index_100 = eerste analysejaar vanaf eerste positieve jaar",0.467404144991822,0.0637317377999582,46.7404144991822,"model3_overdisp",TRUE,FALSE,NA
188,12510,"Kleine Karekiet","reed warbler",2008,1997,"index_100 = eerste analysejaar vanaf eerste positieve jaar",0.360527428119083,0.0573294314291748,36.0527428119083,"model3_overdisp",TRUE,FALSE,NA
188,12510,"Kleine Karekiet","reed warbler",2009,1997,"index_100 = eerste analysejaar vanaf eerste positieve jaar",0.399046726098624,0.0571263599655082,39.9046726098624,"model3_overdisp",TRUE,FALSE,NA
188,12510,"Kleine Karekiet","reed warbler",2010,1997,"index_100 = eerste analysejaar vanaf eerste positieve jaar",0.390497885193135,0.0563383864600579,39.0497885193135,"model3_overdisp",TRUE,FALSE,NA
188,12510,"Kleine Karekiet","reed warbler",2011,1997,"index_100 = eerste analysejaar vanaf eerste positieve jaar",0.39031339031339,0.0563114589871604,39.031339031339,"model3_overdisp",TRUE,FALSE,NA
188,12510,"Kleine Karekiet","reed warbler",2012,1997,"index_100 = eerste analysejaar vanaf eerste positieve jaar",0.377244207890926,0.0558048654473363,37.7244207890926,"model3_overdisp",TRUE,FALSE,NA
188,12510,"Kleine Karekiet","reed warbler",2013,1997,"index_100 = eerste analysejaar vanaf eerste positieve jaar",0.333639736081879,0.051008845130467,33.3639736081879,"model3_overdisp",TRUE,FALSE,NA
188,12510,"Kleine Karekiet","reed warbler",2014,1997,"index_100 = eerste analysejaar vanaf eerste positieve jaar",0.345046222785533,0.0520946854821582,34.5046222785533,"model3_overdisp",TRUE,FALSE,NA
188,12510,"Kleine Karekiet","reed warbler",2015,1997,"index_100 = eerste analysejaar vanaf eerste positieve jaar",0.415954415954416,0.0586652880475824,41.5954415954416,"model3_overdisp",TRUE,FALSE,NA
188,12510,"Kleine Karekiet","reed warbler",2016,1997,"index_100 = eerste analysejaar vanaf eerste positieve jaar",0.264957264957265,0.0442547146169948,26.4957264957265,"model3_overdisp",TRUE,FALSE,NA
188,12510,"Kleine Karekiet","reed warbler",2017,1997,"index_100 = eerste analysejaar vanaf eerste positieve jaar",0.319088319088319,0.0495936521995598,31.9088319088319,"model3_overdisp",TRUE,FALSE,NA
188,12510,"Kleine Karekiet","reed warbler",2018,1997,"index_100 = eerste analysejaar vanaf eerste positieve jaar",0.310541310541311,0.0487661814163977,31.0541310541311,"model3_overdisp",TRUE,FALSE,NA
188,12510,"Kleine Karekiet","reed warbler",2019,1997,"index_100 = eerste analysejaar vanaf eerste positieve jaar",0.273504273504274,0.0451144807562606,27.3504273504274,"model3_overdisp",TRUE,FALSE,NA
188,12510,"Kleine Karekiet","reed warbler",2020,1997,"index_100 = eerste analysejaar vanaf eerste positieve jaar",0.327790195600077,0.0504400838098547,32.7790195600077,"model3_overdisp",TRUE,FALSE,NA
188,12510,"Kleine Karekiet","reed warbler",2021,1997,"index_100 = eerste analysejaar vanaf eerste positieve jaar",0.321937321937322,0.0498683268353986,32.1937321937322,"model3_overdisp",TRUE,FALSE,NA
188,12510,"Kleine Karekiet","reed warbler",2022,1997,"index_100 = eerste analysejaar vanaf eerste positieve jaar",0.278036193530815,0.0456782968616757,27.8036193530815,"model3_overdisp",TRUE,FALSE,NA
189,12530,"Grote Karekiet","Great Reed Warbler",1997,1997,"index_100 = eerste analysejaar vanaf eerste positieve jaar",1,0,100,"model2_basis",FALSE,FALSE,"Data ends with 11 years without positive observations."
189,12530,"Grote Karekiet","Great Reed Warbler",1998,1997,"index_100 = eerste analysejaar vanaf eerste positieve jaar",0,0.605050147267162,0,"model2_basis",FALSE,FALSE,"Data ends with 11 years without positive observations."
189,12530,"Grote Karekiet","Great Reed Warbler",1999,1997,"index_100 = eerste analysejaar vanaf eerste positieve jaar",0,0.564131960900125,0,"model2_basis",FALSE,FALSE,"Data ends with 11 years without positive observations."
189,12530,"Grote Karekiet","Great Reed Warbler",2000,1997,"index_100 = eerste analysejaar vanaf eerste positieve jaar",0.100327988367836,0.436110553942038,10.0327988367836,"model2_basis",FALSE,FALSE,"Data ends with 11 years without positive observations."
189,12530,"Grote Karekiet","Great Reed Warbler",2001,1997,"index_100 = eerste analysejaar vanaf eerste positieve jaar",1,0.813400449379711,100,"model2_basis",FALSE,FALSE,"Data ends with 11 years without positive observations."
189,12530,"Grote Karekiet","Great Reed Warbler",2002,1997,"index_100 = eerste analysejaar vanaf eerste positieve jaar",0,0.45724472987567,0,"model2_basis",FALSE,FALSE,"Data ends with 11 years without positive observations."
189,12530,"Grote Karekiet","Great Reed Warbler",2003,1997,"index_100 = eerste analysejaar vanaf eerste positieve jaar",0,0.426322292856351,0,"model2_basis",FALSE,FALSE,"Data ends with 11 years without positive observations."
189,12530,"Grote Karekiet","Great Reed Warbler",2004,1997,"index_100 = eerste analysejaar vanaf eerste positieve jaar",0,0.397491070997618,0,"model2_basis",FALSE,FALSE,"Data ends with 11 years without positive observations."
189,12530,"Grote Karekiet","Great Reed Warbler",2005,1997,"index_100 = eerste analysejaar vanaf eerste positieve jaar",0,0.370609640101722,0,"model2_basis",FALSE,FALSE,"Data ends with 11 years without positive observations."
189,12530,"Grote Karekiet","Great Reed Warbler",2006,1997,"index_100 = eerste analysejaar vanaf eerste positieve jaar",0,0.345546140172671,0,"model2_basis",FALSE,FALSE,"Data ends with 11 years without positive observations."
189,12530,"Grote Karekiet","Great Reed Warbler",2007,1997,"index_100 = eerste analysejaar vanaf eerste positieve jaar",0.0376420082944432,0.262727043233153,3.76420082944432,"model2_basis",FALSE,FALSE,"Data ends with 11 years without positive observations."
189,12530,"Grote Karekiet","Great Reed Warbler",2008,1997,"index_100 = eerste analysejaar vanaf eerste positieve jaar",0,0.30038947714865,0,"model2_basis",FALSE,FALSE,"Data ends with 11 years without positive observations."
189,12530,"Grote Karekiet","Great Reed Warbler",2009,1997,"index_100 = eerste analysejaar vanaf eerste positieve jaar",0,0.280074809572447,0,"model2_basis",FALSE,FALSE,"Data ends with 11 years without positive observations."
189,12530,"Grote Karekiet","Great Reed Warbler",2010,1997,"index_100 = eerste analysejaar vanaf eerste positieve jaar",0,0.261133977466943,0,"model2_basis",FALSE,FALSE,"Data ends with 11 years without positive observations."
189,12530,"Grote Karekiet","Great Reed Warbler",2011,1997,"index_100 = eerste analysejaar vanaf eerste positieve jaar",1,0.693107411198712,100,"model2_basis",FALSE,FALSE,"Data ends with 11 years without positive observations."
189,12530,"Grote Karekiet","Great Reed Warbler",2012,1997,"index_100 = eerste analysejaar vanaf eerste positieve jaar",0,0.22700846525979,0,"model2_basis",FALSE,FALSE,"Data ends with 11 years without positive observations."
189,12530,"Grote Karekiet","Great Reed Warbler",2013,1997,"index_100 = eerste analysejaar vanaf eerste positieve jaar",0,0.211656391170807,0,"model2_basis",FALSE,FALSE,"Data ends with 11 years without positive observations."
189,12530,"Grote Karekiet","Great Reed Warbler",2014,1997,"index_100 = eerste analysejaar vanaf eerste positieve jaar",0,0.197342543469391,0,"model2_basis",FALSE,FALSE,"Data ends with 11 years without positive observations."
189,12530,"Grote Karekiet","Great Reed Warbler",2015,1997,"index_100 = eerste analysejaar vanaf eerste positieve jaar",0,0.1839967092302,0,"model2_basis",FALSE,FALSE,"Data ends with 11 years without positive observations."
189,12530,"Grote Karekiet","Great Reed Warbler",2016,1997,"index_100 = eerste analysejaar vanaf eerste positieve jaar",0,0.171553423870783,0,"model2_basis",FALSE,FALSE,"Data ends with 11 years without positive observations."
189,12530,"Grote Karekiet","Great Reed Warbler",2017,1997,"index_100 = eerste analysejaar vanaf eerste positieve jaar",0,0.159951650031781,0,"model2_basis",FALSE,FALSE,"Data ends with 11 years without positive observations."
189,12530,"Grote Karekiet","Great Reed Warbler",2018,1997,"index_100 = eerste analysejaar vanaf eerste positieve jaar",0,0.149134478173751,0,"model2_basis",FALSE,FALSE,"Data ends with 11 years without positive observations."
189,12530,"Grote Karekiet","Great Reed Warbler",2019,1997,"index_100 = eerste analysejaar vanaf eerste positieve jaar",0,0.139048847421942,0,"model2_basis",FALSE,FALSE,"Data ends with 11 years without positive observations."
189,12530,"Grote Karekiet","Great Reed Warbler",2020,1997,"index_100 = eerste analysejaar vanaf eerste positieve jaar",0,0.129645285289727,0,"model2_basis",FALSE,FALSE,"Data ends with 11 years without positive observations."
189,12530,"Grote Karekiet","Great Reed Warbler",2021,1997,"index_100 = eerste analysejaar vanaf eerste positieve jaar",0,0.120877665003948,0,"model2_basis",FALSE,FALSE,"Data ends with 11 years without positive observations."
189,12530,"Grote Karekiet","Great Reed Warbler",2022,1997,"index_100 = eerste analysejaar vanaf eerste positieve jaar",0,0.112702979241811,0,"model2_basis",FALSE,FALSE,"Data ends with 11 years without positive observations."
190,12590,"Spotvogel","Icterine Warbler",1997,1997,"index_100 = eerste analysejaar vanaf eerste positieve jaar",1,0,100,"model2_basis",FALSE,FALSE,"Data ends with 1 years without positive observations."
190,12590,"Spotvogel","Icterine Warbler",1998,1997,"index_100 = eerste analysejaar vanaf eerste positieve jaar",0.539183403544022,0.803231383313183,53.9183403544022,"model2_basis",FALSE,FALSE,"Data ends with 1 years without positive observations."
190,12590,"Spotvogel","Icterine Warbler",1999,1997,"index_100 = eerste analysejaar vanaf eerste positieve jaar",0.5,0.782061916693146,50,"model2_basis",FALSE,FALSE,"Data ends with 1 years without positive observations."
190,12590,"Spotvogel","Icterine Warbler",2000,1997,"index_100 = eerste analysejaar vanaf eerste positieve jaar",1.17225881498489,1.03992933059254,117.225881498489,"model2_basis",FALSE,FALSE,"Data ends with 1 years without positive observations."
190,12590,"Spotvogel","Icterine Warbler",2001,1997,"index_100 = eerste analysejaar vanaf eerste positieve jaar",1,0.9802687615444,100,"model2_basis",FALSE,FALSE,"Data ends with 1 years without positive observations."
190,12590,"Spotvogel","Icterine Warbler",2002,1997,"index_100 = eerste analysejaar vanaf eerste positieve jaar",1,0.967423764968061,100,"model2_basis",FALSE,FALSE,"Data ends with 1 years without positive observations."
190,12590,"Spotvogel","Icterine Warbler",2003,1997,"index_100 = eerste analysejaar vanaf eerste positieve jaar",1.5,1.25936186534316,150,"model2_basis",FALSE,FALSE,"Data ends with 1 years without positive observations."
190,12590,"Spotvogel","Icterine Warbler",2004,1997,"index_100 = eerste analysejaar vanaf eerste positieve jaar",0,0.592738533414869,0,"model2_basis",FALSE,FALSE,"Data ends with 1 years without positive observations."
190,12590,"Spotvogel","Icterine Warbler",2005,1997,"index_100 = eerste analysejaar vanaf eerste positieve jaar",0.5,0.682081573779936,50,"model2_basis",FALSE,FALSE,"Data ends with 1 years without positive observations."
190,12590,"Spotvogel","Icterine Warbler",2006,1997,"index_100 = eerste analysejaar vanaf eerste positieve jaar",0.5,0.66756461125971,50,"model2_basis",FALSE,FALSE,"Data ends with 1 years without positive observations."
190,12590,"Spotvogel","Icterine Warbler",2007,1997,"index_100 = eerste analysejaar vanaf eerste positieve jaar",1,0.911801713720678,100,"model2_basis",FALSE,FALSE,"Data ends with 1 years without positive observations."
190,12590,"Spotvogel","Icterine Warbler",2008,1997,"index_100 = eerste analysejaar vanaf eerste positieve jaar",1.10564867335547,0.936106363643845,110.564867335547,"model2_basis",FALSE,FALSE,"Data ends with 1 years without positive observations."
190,12590,"Spotvogel","Icterine Warbler",2009,1997,"index_100 = eerste analysejaar vanaf eerste positieve jaar",0.0200062513986353,0.499524527424133,2.00062513986353,"model2_basis",FALSE,FALSE,"Data ends with 1 years without positive observations."
190,12590,"Spotvogel","Icterine Warbler",2010,1997,"index_100 = eerste analysejaar vanaf eerste positieve jaar",1.01882977439334,0.890914784408406,101.882977439334,"model2_basis",FALSE,FALSE,"Data ends with 1 years without positive observations."
190,12590,"Spotvogel","Icterine Warbler",2011,1997,"index_100 = eerste analysejaar vanaf eerste positieve jaar",0.5,0.6031445664483,50,"model2_basis",FALSE,FALSE,"Data ends with 1 years without positive observations."
190,12590,"Spotvogel","Icterine Warbler",2012,1997,"index_100 = eerste analysejaar vanaf eerste positieve jaar",0.515349324838552,0.592925966140629,51.5349324838552,"model2_basis",FALSE,FALSE,"Data ends with 1 years without positive observations."
190,12590,"Spotvogel","Icterine Warbler",2013,1997,"index_100 = eerste analysejaar vanaf eerste positieve jaar",0.51567566915539,0.582325870379749,51.567566915539,"model2_basis",FALSE,FALSE,"Data ends with 1 years without positive observations."
190,12590,"Spotvogel","Icterine Warbler",2014,1997,"index_100 = eerste analysejaar vanaf eerste positieve jaar",0.514746413678896,0.571989767680377,51.4746413678896,"model2_basis",FALSE,FALSE,"Data ends with 1 years without positive observations."
190,12590,"Spotvogel","Icterine Warbler",2015,1997,"index_100 = eerste analysejaar vanaf eerste positieve jaar",0,0.423540498777249,0,"model2_basis",FALSE,FALSE,"Data ends with 1 years without positive observations."
190,12590,"Spotvogel","Icterine Warbler",2016,1997,"index_100 = eerste analysejaar vanaf eerste positieve jaar",0.5,0.550886755511223,50,"model2_basis",FALSE,FALSE,"Data ends with 1 years without positive observations."
190,12590,"Spotvogel","Icterine Warbler",2017,1997,"index_100 = eerste analysejaar vanaf eerste positieve jaar",0,0.398432969133433,0,"model2_basis",FALSE,FALSE,"Data ends with 1 years without positive observations."
190,12590,"Spotvogel","Icterine Warbler",2018,1997,"index_100 = eerste analysejaar vanaf eerste positieve jaar",0,0.386442986581027,0,"model2_basis",FALSE,FALSE,"Data ends with 1 years without positive observations."
190,12590,"Spotvogel","Icterine Warbler",2019,1997,"index_100 = eerste analysejaar vanaf eerste positieve jaar",0.5,0.524603770615532,50,"model2_basis",FALSE,FALSE,"Data ends with 1 years without positive observations."
190,12590,"Spotvogel","Icterine Warbler",2020,1997,"index_100 = eerste analysejaar vanaf eerste positieve jaar",0.0102199402663518,0.357767334298047,1.02199402663518,"model2_basis",FALSE,FALSE,"Data ends with 1 years without positive observations."
190,12590,"Spotvogel","Icterine Warbler",2021,1997,"index_100 = eerste analysejaar vanaf eerste positieve jaar",0.5,0.508966422533837,50,"model2_basis",FALSE,FALSE,"Data ends with 1 years without positive observations."
190,12590,"Spotvogel","Icterine Warbler",2022,1997,"index_100 = eerste analysejaar vanaf eerste positieve jaar",0.0575091343493833,0.308693480641361,5.75091343493833,"model2_basis",FALSE,FALSE,"Data ends with 1 years without positive observations."
192,12740,"Braamsluiper","lesser whitethroat",1997,1997,"index_100 = eerste analysejaar vanaf eerste positieve jaar",1,0,100,"model3_overdisp",TRUE,FALSE,"Overdispersion 0.8 <1; consider setting overdisp=FALSE"
192,12740,"Braamsluiper","lesser whitethroat",1998,1997,"index_100 = eerste analysejaar vanaf eerste positieve jaar",1.12701299624676,0.1728786258402,112.701299624676,"model3_overdisp",TRUE,FALSE,"Overdispersion 0.8 <1; consider setting overdisp=FALSE"
192,12740,"Braamsluiper","lesser whitethroat",1999,1997,"index_100 = eerste analysejaar vanaf eerste positieve jaar",1.05714285714286,0.162054057099374,105.714285714286,"model3_overdisp",TRUE,FALSE,"Overdispersion 0.8 <1; consider setting overdisp=FALSE"
192,12740,"Braamsluiper","lesser whitethroat",2000,1997,"index_100 = eerste analysejaar vanaf eerste positieve jaar",1.18633914394583,0.18335912798535,118.633914394583,"model3_overdisp",TRUE,FALSE,"Overdispersion 0.8 <1; consider setting overdisp=FALSE"
192,12740,"Braamsluiper","lesser whitethroat",2001,1997,"index_100 = eerste analysejaar vanaf eerste positieve jaar",1.07142857142857,0.163710839358444,107.142857142857,"model3_overdisp",TRUE,FALSE,"Overdispersion 0.8 <1; consider setting overdisp=FALSE"
192,12740,"Braamsluiper","lesser whitethroat",2002,1997,"index_100 = eerste analysejaar vanaf eerste positieve jaar",1.1,0.167019366589761,110,"model3_overdisp",TRUE,FALSE,"Overdispersion 0.8 <1; consider setting overdisp=FALSE"
192,12740,"Braamsluiper","lesser whitethroat",2003,1997,"index_100 = eerste analysejaar vanaf eerste positieve jaar",1.08571428571429,0.16536592571629,108.571428571429,"model3_overdisp",TRUE,FALSE,"Overdispersion 0.8 <1; consider setting overdisp=FALSE"
192,12740,"Braamsluiper","lesser whitethroat",2004,1997,"index_100 = eerste analysejaar vanaf eerste positieve jaar",1.22857142857143,0.181833679567365,122.857142857143,"model3_overdisp",TRUE,FALSE,"Overdispersion 0.8 <1; consider setting overdisp=FALSE"
192,12740,"Braamsluiper","lesser whitethroat",2005,1997,"index_100 = eerste analysejaar vanaf eerste positieve jaar",1.22857142857143,0.181833679567365,122.857142857143,"model3_overdisp",TRUE,FALSE,"Overdispersion 0.8 <1; consider setting overdisp=FALSE"
192,12740,"Braamsluiper","lesser whitethroat",2006,1997,"index_100 = eerste analysejaar vanaf eerste positieve jaar",1.1,0.167019366589761,110,"model3_overdisp",TRUE,FALSE,"Overdispersion 0.8 <1; consider setting overdisp=FALSE"
192,12740,"Braamsluiper","lesser whitethroat",2007,1997,"index_100 = eerste analysejaar vanaf eerste positieve jaar",0.879267485445774,0.142927781661328,87.9267485445774,"model3_overdisp",TRUE,FALSE,"Overdispersion 0.8 <1; consider setting overdisp=FALSE"
192,12740,"Braamsluiper","lesser whitethroat",2008,1997,"index_100 = eerste analysejaar vanaf eerste positieve jaar",1.01360663445709,0.161336311986752,101.360663445709,"model3_overdisp",TRUE,FALSE,"Overdispersion 0.8 <1; consider setting overdisp=FALSE"
192,12740,"Braamsluiper","lesser whitethroat",2009,1997,"index_100 = eerste analysejaar vanaf eerste positieve jaar",1.00417400406927,0.159155220414635,100.417400406927,"model3_overdisp",TRUE,FALSE,"Overdispersion 0.8 <1; consider setting overdisp=FALSE"
192,12740,"Braamsluiper","lesser whitethroat",2010,1997,"index_100 = eerste analysejaar vanaf eerste positieve jaar",0.936314895098146,0.149558745761869,93.6314895098146,"model3_overdisp",TRUE,FALSE,"Overdispersion 0.8 <1; consider setting overdisp=FALSE"
192,12740,"Braamsluiper","lesser whitethroat",2011,1997,"index_100 = eerste analysejaar vanaf eerste positieve jaar",0.955558873320989,0.150758512612017,95.5558873320988,"model3_overdisp",TRUE,FALSE,"Overdispersion 0.8 <1; consider setting overdisp=FALSE"
192,12740,"Braamsluiper","lesser whitethroat",2012,1997,"index_100 = eerste analysejaar vanaf eerste positieve jaar",0.800101358663938,0.134003567590993,80.0101358663938,"model3_overdisp",TRUE,FALSE,"Overdispersion 0.8 <1; consider setting overdisp=FALSE"
192,12740,"Braamsluiper","lesser whitethroat",2013,1997,"index_100 = eerste analysejaar vanaf eerste positieve jaar",0.746485714246223,0.127132592441906,74.6485714246223,"model3_overdisp",TRUE,FALSE,"Overdispersion 0.8 <1; consider setting overdisp=FALSE"
192,12740,"Braamsluiper","lesser whitethroat",2014,1997,"index_100 = eerste analysejaar vanaf eerste positieve jaar",0.923542129276186,0.148814434463443,92.3542129276186,"model3_overdisp",TRUE,FALSE,"Overdispersion 0.8 <1; consider setting overdisp=FALSE"
192,12740,"Braamsluiper","lesser whitethroat",2015,1997,"index_100 = eerste analysejaar vanaf eerste positieve jaar",1.15825317978302,0.174316133322541,115.825317978302,"model3_overdisp",TRUE,FALSE,"Overdispersion 0.8 <1; consider setting overdisp=FALSE"
192,12740,"Braamsluiper","lesser whitethroat",2016,1997,"index_100 = eerste analysejaar vanaf eerste positieve jaar",1.10034052079387,0.167621006697725,110.034052079387,"model3_overdisp",TRUE,FALSE,"Overdispersion 0.8 <1; consider setting overdisp=FALSE"
192,12740,"Braamsluiper","lesser whitethroat",2017,1997,"index_100 = eerste analysejaar vanaf eerste positieve jaar",1.02082971306812,0.158096883582594,102.082971306812,"model3_overdisp",TRUE,FALSE,"Overdispersion 0.8 <1; consider setting overdisp=FALSE"
192,12740,"Braamsluiper","lesser whitethroat",2018,1997,"index_100 = eerste analysejaar vanaf eerste positieve jaar",0.757142857142857,0.126751554087622,75.7142857142857,"model3_overdisp",TRUE,FALSE,"Overdispersion 0.8 <1; consider setting overdisp=FALSE"
192,12740,"Braamsluiper","lesser whitethroat",2019,1997,"index_100 = eerste analysejaar vanaf eerste positieve jaar",1.30303482725589,0.190955502214435,130.303482725589,"model3_overdisp",TRUE,FALSE,"Overdispersion 0.8 <1; consider setting overdisp=FALSE"
192,12740,"Braamsluiper","lesser whitethroat",2020,1997,"index_100 = eerste analysejaar vanaf eerste positieve jaar",1.39145895466092,0.202547849194412,139.145895466092,"model3_overdisp",TRUE,FALSE,"Overdispersion 0.8 <1; consider setting overdisp=FALSE"
192,12740,"Braamsluiper","lesser whitethroat",2021,1997,"index_100 = eerste analysejaar vanaf eerste positieve jaar",1.37142857142857,0.198176640929315,137.142857142857,"model3_overdisp",TRUE,FALSE,"Overdispersion 0.8 <1; consider setting overdisp=FALSE"
192,12740,"Braamsluiper","lesser whitethroat",2022,1997,"index_100 = eerste analysejaar vanaf eerste positieve jaar",1.39304180853338,0.202770157087717,139.304180853338,"model3_overdisp",TRUE,FALSE,"Overdispersion 0.8 <1; consider setting overdisp=FALSE"
193,12750,"Grasmus","whitethroat",1997,1997,"index_100 = eerste analysejaar vanaf eerste positieve jaar",1,0,100,"model3_overdisp",TRUE,FALSE,NA
193,12750,"Grasmus","whitethroat",1998,1997,"index_100 = eerste analysejaar vanaf eerste positieve jaar",0.905919280474369,0.0797808773273489,90.5919280474369,"model3_overdisp",TRUE,FALSE,NA
193,12750,"Grasmus","whitethroat",1999,1997,"index_100 = eerste analysejaar vanaf eerste positieve jaar",0.842657342657343,0.074695593374483,84.2657342657343,"model3_overdisp",TRUE,FALSE,NA
193,12750,"Grasmus","whitethroat",2000,1997,"index_100 = eerste analysejaar vanaf eerste positieve jaar",0.95861522804211,0.0852367906064775,95.861522804211,"model3_overdisp",TRUE,FALSE,NA
193,12750,"Grasmus","whitethroat",2001,1997,"index_100 = eerste analysejaar vanaf eerste positieve jaar",0.905594405594406,0.078746142044402,90.5594405594406,"model3_overdisp",TRUE,FALSE,NA
193,12750,"Grasmus","whitethroat",2002,1997,"index_100 = eerste analysejaar vanaf eerste positieve jaar",0.81993006993007,0.0732256007161142,81.993006993007,"model3_overdisp",TRUE,FALSE,NA
193,12750,"Grasmus","whitethroat",2003,1997,"index_100 = eerste analysejaar vanaf eerste positieve jaar",0.706293706293706,0.0658061902095341,70.6293706293706,"model3_overdisp",TRUE,FALSE,NA
193,12750,"Grasmus","whitethroat",2004,1997,"index_100 = eerste analysejaar vanaf eerste positieve jaar",0.931818181818182,0.0804258946354459,93.1818181818182,"model3_overdisp",TRUE,FALSE,NA
193,12750,"Grasmus","whitethroat",2005,1997,"index_100 = eerste analysejaar vanaf eerste positieve jaar",0.832167832167832,0.0740176469749247,83.2167832167832,"model3_overdisp",TRUE,FALSE,NA
193,12750,"Grasmus","whitethroat",2006,1997,"index_100 = eerste analysejaar vanaf eerste positieve jaar",0.68006993006993,0.0640748578751592,68.006993006993,"model3_overdisp",TRUE,FALSE,NA
193,12750,"Grasmus","whitethroat",2007,1997,"index_100 = eerste analysejaar vanaf eerste positieve jaar",0.73329099489994,0.0684581225103618,73.329099489994,"model3_overdisp",TRUE,FALSE,NA
193,12750,"Grasmus","whitethroat",2008,1997,"index_100 = eerste analysejaar vanaf eerste positieve jaar",0.641566502209711,0.0634719039424914,64.1566502209711,"model3_overdisp",TRUE,FALSE,NA
193,12750,"Grasmus","whitethroat",2009,1997,"index_100 = eerste analysejaar vanaf eerste positieve jaar",0.627118817158752,0.0617254948628475,62.7118817158752,"model3_overdisp",TRUE,FALSE,NA
193,12750,"Grasmus","whitethroat",2010,1997,"index_100 = eerste analysejaar vanaf eerste positieve jaar",0.662037050155219,0.0647153541638798,66.2037050155218,"model3_overdisp",TRUE,FALSE,NA
193,12750,"Grasmus","whitethroat",2011,1997,"index_100 = eerste analysejaar vanaf eerste positieve jaar",0.789986616288911,0.0715582354667498,78.9986616288911,"model3_overdisp",TRUE,FALSE,NA
193,12750,"Grasmus","whitethroat",2012,1997,"index_100 = eerste analysejaar vanaf eerste positieve jaar",0.578316030470487,0.0583256160667756,57.8316030470487,"model3_overdisp",TRUE,FALSE,NA
193,12750,"Grasmus","whitethroat",2013,1997,"index_100 = eerste analysejaar vanaf eerste positieve jaar",0.643767872397517,0.0636964282222755,64.3767872397517,"model3_overdisp",TRUE,FALSE,NA
193,12750,"Grasmus","whitethroat",2014,1997,"index_100 = eerste analysejaar vanaf eerste positieve jaar",0.641385588558622,0.0638391686810049,64.1385588558622,"model3_overdisp",TRUE,FALSE,NA
193,12750,"Grasmus","whitethroat",2015,1997,"index_100 = eerste analysejaar vanaf eerste positieve jaar",0.533152402473009,0.0544365139408325,53.3152402473009,"model3_overdisp",TRUE,FALSE,NA
193,12750,"Grasmus","whitethroat",2016,1997,"index_100 = eerste analysejaar vanaf eerste positieve jaar",0.547322565993887,0.0554074675768812,54.7322565993887,"model3_overdisp",TRUE,FALSE,NA
193,12750,"Grasmus","whitethroat",2017,1997,"index_100 = eerste analysejaar vanaf eerste positieve jaar",0.499529371609905,0.0520523321769322,49.9529371609905,"model3_overdisp",TRUE,FALSE,NA
193,12750,"Grasmus","whitethroat",2018,1997,"index_100 = eerste analysejaar vanaf eerste positieve jaar",0.45979020979021,0.0491102640315473,45.979020979021,"model3_overdisp",TRUE,FALSE,NA
193,12750,"Grasmus","whitethroat",2019,1997,"index_100 = eerste analysejaar vanaf eerste positieve jaar",0.588061786116409,0.0581778430267559,58.8061786116409,"model3_overdisp",TRUE,FALSE,NA
193,12750,"Grasmus","whitethroat",2020,1997,"index_100 = eerste analysejaar vanaf eerste positieve jaar",0.651632564259827,0.0642331804463782,65.1632564259827,"model3_overdisp",TRUE,FALSE,NA
193,12750,"Grasmus","whitethroat",2021,1997,"index_100 = eerste analysejaar vanaf eerste positieve jaar",0.52972027972028,0.0539605661753533,52.972027972028,"model3_overdisp",TRUE,FALSE,NA
193,12750,"Grasmus","whitethroat",2022,1997,"index_100 = eerste analysejaar vanaf eerste positieve jaar",0.546157315426456,0.0559654139046248,54.6157315426456,"model3_overdisp",TRUE,FALSE,NA
194,12760,"Tuinfluiter","garden warbler",1997,1997,"index_100 = eerste analysejaar vanaf eerste positieve jaar",1,0,100,"model3_overdisp",TRUE,FALSE,NA
194,12760,"Tuinfluiter","garden warbler",1998,1997,"index_100 = eerste analysejaar vanaf eerste positieve jaar",0.911163819497429,0.187017653849046,91.1163819497429,"model3_overdisp",TRUE,FALSE,NA
194,12760,"Tuinfluiter","garden warbler",1999,1997,"index_100 = eerste analysejaar vanaf eerste positieve jaar",0.746031746031746,0.15987602966961,74.6031746031746,"model3_overdisp",TRUE,FALSE,NA
194,12760,"Tuinfluiter","garden warbler",2000,1997,"index_100 = eerste analysejaar vanaf eerste positieve jaar",0.730936038652134,0.165776335404154,73.0936038652134,"model3_overdisp",TRUE,FALSE,NA
194,12760,"Tuinfluiter","garden warbler",2001,1997,"index_100 = eerste analysejaar vanaf eerste positieve jaar",0.904761904761905,0.183893396323218,90.4761904761905,"model3_overdisp",TRUE,FALSE,NA
194,12760,"Tuinfluiter","garden warbler",2002,1997,"index_100 = eerste analysejaar vanaf eerste positieve jaar",0.682539682539683,0.150115398476648,68.2539682539683,"model3_overdisp",TRUE,FALSE,NA
194,12760,"Tuinfluiter","garden warbler",2003,1997,"index_100 = eerste analysejaar vanaf eerste positieve jaar",0.777777777777778,0.164719545139037,77.7777777777778,"model3_overdisp",TRUE,FALSE,NA
194,12760,"Tuinfluiter","garden warbler",2004,1997,"index_100 = eerste analysejaar vanaf eerste positieve jaar",0.984126984126984,0.195744214282493,98.4126984126984,"model3_overdisp",TRUE,FALSE,NA
194,12760,"Tuinfluiter","garden warbler",2005,1997,"index_100 = eerste analysejaar vanaf eerste positieve jaar",0.968253968253968,0.193381018424427,96.8253968253968,"model3_overdisp",TRUE,FALSE,NA
194,12760,"Tuinfluiter","garden warbler",2006,1997,"index_100 = eerste analysejaar vanaf eerste positieve jaar",0.650793650793651,0.145193335055645,65.0793650793651,"model3_overdisp",TRUE,FALSE,NA
194,12760,"Tuinfluiter","garden warbler",2007,1997,"index_100 = eerste analysejaar vanaf eerste positieve jaar",1.16439402619354,0.224144797762371,116.439402619354,"model3_overdisp",TRUE,FALSE,NA
194,12760,"Tuinfluiter","garden warbler",2008,1997,"index_100 = eerste analysejaar vanaf eerste positieve jaar",0.985350722869872,0.203406240020092,98.5350722869872,"model3_overdisp",TRUE,FALSE,NA
194,12760,"Tuinfluiter","garden warbler",2009,1997,"index_100 = eerste analysejaar vanaf eerste positieve jaar",1.1703178507092,0.226896844435049,117.03178507092,"model3_overdisp",TRUE,FALSE,NA
194,12760,"Tuinfluiter","garden warbler",2010,1997,"index_100 = eerste analysejaar vanaf eerste positieve jaar",1.41293118464884,0.261304811958541,141.293118464884,"model3_overdisp",TRUE,FALSE,NA
194,12760,"Tuinfluiter","garden warbler",2011,1997,"index_100 = eerste analysejaar vanaf eerste positieve jaar",1.16890744636475,0.224270300539264,116.890744636475,"model3_overdisp",TRUE,FALSE,NA
194,12760,"Tuinfluiter","garden warbler",2012,1997,"index_100 = eerste analysejaar vanaf eerste positieve jaar",1.16089583824701,0.225037610245538,116.089583824701,"model3_overdisp",TRUE,FALSE,NA
194,12760,"Tuinfluiter","garden warbler",2013,1997,"index_100 = eerste analysejaar vanaf eerste positieve jaar",1.17958576410725,0.227902165473384,117.958576410725,"model3_overdisp",TRUE,FALSE,NA
194,12760,"Tuinfluiter","garden warbler",2014,1997,"index_100 = eerste analysejaar vanaf eerste positieve jaar",1.43254492053163,0.266403522813524,143.254492053163,"model3_overdisp",TRUE,FALSE,NA
194,12760,"Tuinfluiter","garden warbler",2015,1997,"index_100 = eerste analysejaar vanaf eerste positieve jaar",1.52607361053176,0.276354257438697,152.607361053176,"model3_overdisp",TRUE,FALSE,NA
194,12760,"Tuinfluiter","garden warbler",2016,1997,"index_100 = eerste analysejaar vanaf eerste positieve jaar",1.34749052844826,0.250415676270277,134.749052844826,"model3_overdisp",TRUE,FALSE,NA
194,12760,"Tuinfluiter","garden warbler",2017,1997,"index_100 = eerste analysejaar vanaf eerste positieve jaar",1.37770830244187,0.254051449001517,137.770830244187,"model3_overdisp",TRUE,FALSE,NA
194,12760,"Tuinfluiter","garden warbler",2018,1997,"index_100 = eerste analysejaar vanaf eerste positieve jaar",1.52380952380952,0.274708603831176,152.380952380952,"model3_overdisp",TRUE,FALSE,NA
194,12760,"Tuinfluiter","garden warbler",2019,1997,"index_100 = eerste analysejaar vanaf eerste positieve jaar",1.88323977469877,0.327807061186417,188.323977469877,"model3_overdisp",TRUE,FALSE,NA
194,12760,"Tuinfluiter","garden warbler",2020,1997,"index_100 = eerste analysejaar vanaf eerste positieve jaar",1.96370899769579,0.341433878470637,196.370899769579,"model3_overdisp",TRUE,FALSE,NA
194,12760,"Tuinfluiter","garden warbler",2021,1997,"index_100 = eerste analysejaar vanaf eerste positieve jaar",2.22222222222222,0.374843616909944,222.222222222222,"model3_overdisp",TRUE,FALSE,NA
194,12760,"Tuinfluiter","garden warbler",2022,1997,"index_100 = eerste analysejaar vanaf eerste positieve jaar",2.15695100203046,0.366883589642894,215.695100203046,"model3_overdisp",TRUE,FALSE,NA
195,12770,"Zwartkop","blackcap",1997,1997,"index_100 = eerste analysejaar vanaf eerste positieve jaar",1,0,100,"model3_overdisp",TRUE,FALSE,"Overdispersion 1.0 <1; consider setting overdisp=FALSE"
195,12770,"Zwartkop","blackcap",1998,1997,"index_100 = eerste analysejaar vanaf eerste positieve jaar",1.22064355717713,0.178324079975076,122.064355717713,"model3_overdisp",TRUE,FALSE,"Overdispersion 1.0 <1; consider setting overdisp=FALSE"
195,12770,"Zwartkop","blackcap",1999,1997,"index_100 = eerste analysejaar vanaf eerste positieve jaar",1.51162790697674,0.207662688877305,151.162790697674,"model3_overdisp",TRUE,FALSE,"Overdispersion 1.0 <1; consider setting overdisp=FALSE"
195,12770,"Zwartkop","blackcap",2000,1997,"index_100 = eerste analysejaar vanaf eerste positieve jaar",1.67423115331281,0.23535343508504,167.423115331281,"model3_overdisp",TRUE,FALSE,"Overdispersion 1.0 <1; consider setting overdisp=FALSE"
195,12770,"Zwartkop","blackcap",2001,1997,"index_100 = eerste analysejaar vanaf eerste positieve jaar",1.44186046511628,0.199977166862541,144.186046511628,"model3_overdisp",TRUE,FALSE,"Overdispersion 1.0 <1; consider setting overdisp=FALSE"
195,12770,"Zwartkop","blackcap",2002,1997,"index_100 = eerste analysejaar vanaf eerste positieve jaar",1.53488372093023,0.21022053342859,153.488372093023,"model3_overdisp",TRUE,FALSE,"Overdispersion 1.0 <1; consider setting overdisp=FALSE"
195,12770,"Zwartkop","blackcap",2003,1997,"index_100 = eerste analysejaar vanaf eerste positieve jaar",1.59302325581395,0.216607074327693,159.302325581395,"model3_overdisp",TRUE,FALSE,"Overdispersion 1.0 <1; consider setting overdisp=FALSE"
195,12770,"Zwartkop","blackcap",2004,1997,"index_100 = eerste analysejaar vanaf eerste positieve jaar",1.75581395348837,0.234435063577574,175.581395348837,"model3_overdisp",TRUE,FALSE,"Overdispersion 1.0 <1; consider setting overdisp=FALSE"
195,12770,"Zwartkop","blackcap",2005,1997,"index_100 = eerste analysejaar vanaf eerste positieve jaar",1.8953488372093,0.249662547192842,189.53488372093,"model3_overdisp",TRUE,FALSE,"Overdispersion 1.0 <1; consider setting overdisp=FALSE"
195,12770,"Zwartkop","blackcap",2006,1997,"index_100 = eerste analysejaar vanaf eerste positieve jaar",1.59302325581395,0.216607074327693,159.302325581395,"model3_overdisp",TRUE,FALSE,"Overdispersion 1.0 <1; consider setting overdisp=FALSE"
195,12770,"Zwartkop","blackcap",2007,1997,"index_100 = eerste analysejaar vanaf eerste positieve jaar",1.64369728394343,0.224200702561896,164.369728394343,"model3_overdisp",TRUE,FALSE,"Overdispersion 1.0 <1; consider setting overdisp=FALSE"
195,12770,"Zwartkop","blackcap",2008,1997,"index_100 = eerste analysejaar vanaf eerste positieve jaar",1.53541329107514,0.219599110424475,153.541329107514,"model3_overdisp",TRUE,FALSE,"Overdispersion 1.0 <1; consider setting overdisp=FALSE"
195,12770,"Zwartkop","blackcap",2009,1997,"index_100 = eerste analysejaar vanaf eerste positieve jaar",1.69385799913339,0.234024861716128,169.385799913339,"model3_overdisp",TRUE,FALSE,"Overdispersion 1.0 <1; consider setting overdisp=FALSE"
195,12770,"Zwartkop","blackcap",2010,1997,"index_100 = eerste analysejaar vanaf eerste positieve jaar",2.10582546322914,0.274705432263442,210.582546322914,"model3_overdisp",TRUE,FALSE,"Overdispersion 1.0 <1; consider setting overdisp=FALSE"
195,12770,"Zwartkop","blackcap",2011,1997,"index_100 = eerste analysejaar vanaf eerste positieve jaar",2.35465427777119,0.302638147927622,235.465427777119,"model3_overdisp",TRUE,FALSE,"Overdispersion 1.0 <1; consider setting overdisp=FALSE"
195,12770,"Zwartkop","blackcap",2012,1997,"index_100 = eerste analysejaar vanaf eerste positieve jaar",2.24205331917252,0.289286510042393,224.205331917252,"model3_overdisp",TRUE,FALSE,"Overdispersion 1.0 <1; consider setting overdisp=FALSE"
195,12770,"Zwartkop","blackcap",2013,1997,"index_100 = eerste analysejaar vanaf eerste positieve jaar",2.26477862202692,0.292787254422285,226.477862202692,"model3_overdisp",TRUE,FALSE,"Overdispersion 1.0 <1; consider setting overdisp=FALSE"
195,12770,"Zwartkop","blackcap",2014,1997,"index_100 = eerste analysejaar vanaf eerste positieve jaar",2.78168351166603,0.352391019406371,278.168351166603,"model3_overdisp",TRUE,FALSE,"Overdispersion 1.0 <1; consider setting overdisp=FALSE"
195,12770,"Zwartkop","blackcap",2015,1997,"index_100 = eerste analysejaar vanaf eerste positieve jaar",2.45379761578261,0.313391643810257,245.379761578261,"model3_overdisp",TRUE,FALSE,"Overdispersion 1.0 <1; consider setting overdisp=FALSE"
195,12770,"Zwartkop","blackcap",2016,1997,"index_100 = eerste analysejaar vanaf eerste positieve jaar",2.04483134648551,0.268942494485901,204.483134648551,"model3_overdisp",TRUE,FALSE,"Overdispersion 1.0 <1; consider setting overdisp=FALSE"
195,12770,"Zwartkop","blackcap",2017,1997,"index_100 = eerste analysejaar vanaf eerste positieve jaar",2.2279142778144,0.287715281861001,222.79142778144,"model3_overdisp",TRUE,FALSE,"Overdispersion 1.0 <1; consider setting overdisp=FALSE"
195,12770,"Zwartkop","blackcap",2018,1997,"index_100 = eerste analysejaar vanaf eerste positieve jaar",2.46511627906977,0.311484172633345,246.511627906977,"model3_overdisp",TRUE,FALSE,"Overdispersion 1.0 <1; consider setting overdisp=FALSE"
195,12770,"Zwartkop","blackcap",2019,1997,"index_100 = eerste analysejaar vanaf eerste positieve jaar",3.24694431987396,0.39907724660407,324.694431987396,"model3_overdisp",TRUE,FALSE,"Overdispersion 1.0 <1; consider setting overdisp=FALSE"
195,12770,"Zwartkop","blackcap",2020,1997,"index_100 = eerste analysejaar vanaf eerste positieve jaar",2.65425430036051,0.336325152519771,265.425430036051,"model3_overdisp",TRUE,FALSE,"Overdispersion 1.0 <1; consider setting overdisp=FALSE"
195,12770,"Zwartkop","blackcap",2021,1997,"index_100 = eerste analysejaar vanaf eerste positieve jaar",2.74418604651163,0.341620448635214,274.418604651163,"model3_overdisp",TRUE,FALSE,"Overdispersion 1.0 <1; consider setting overdisp=FALSE"
195,12770,"Zwartkop","blackcap",2022,1997,"index_100 = eerste analysejaar vanaf eerste positieve jaar",2.75833437387508,0.345089140807317,275.833437387508,"model3_overdisp",TRUE,FALSE,"Overdispersion 1.0 <1; consider setting overdisp=FALSE"
197,13080,"Fluiter","Wood Warbler",1997,1997,"index_100 = eerste analysejaar vanaf eerste positieve jaar",1,0,100,"model2_basis",FALSE,FALSE,"Data ends with 2 years without positive observations."
197,13080,"Fluiter","Wood Warbler",1998,1997,"index_100 = eerste analysejaar vanaf eerste positieve jaar",2,1.9412383766324,200,"model2_basis",FALSE,FALSE,"Data ends with 2 years without positive observations."
197,13080,"Fluiter","Wood Warbler",1999,1997,"index_100 = eerste analysejaar vanaf eerste positieve jaar",1,1.19978657531419,100,"model2_basis",FALSE,FALSE,"Data ends with 2 years without positive observations."
197,13080,"Fluiter","Wood Warbler",2000,1997,"index_100 = eerste analysejaar vanaf eerste positieve jaar",0.136485292267081,0.728586750840767,13.6485292267081,"model2_basis",FALSE,FALSE,"Data ends with 2 years without positive observations."
197,13080,"Fluiter","Wood Warbler",2001,1997,"index_100 = eerste analysejaar vanaf eerste positieve jaar",0,0.775312068516414,0,"model2_basis",FALSE,FALSE,"Data ends with 2 years without positive observations."
197,13080,"Fluiter","Wood Warbler",2002,1997,"index_100 = eerste analysejaar vanaf eerste positieve jaar",0,0.752604653057244,0,"model2_basis",FALSE,FALSE,"Data ends with 2 years without positive observations."
197,13080,"Fluiter","Wood Warbler",2003,1997,"index_100 = eerste analysejaar vanaf eerste positieve jaar",1,1.13850973430265,100,"model2_basis",FALSE,FALSE,"Data ends with 2 years without positive observations."
197,13080,"Fluiter","Wood Warbler",2004,1997,"index_100 = eerste analysejaar vanaf eerste positieve jaar",0,0.709165514878831,0,"model2_basis",FALSE,FALSE,"Data ends with 2 years without positive observations."
197,13080,"Fluiter","Wood Warbler",2005,1997,"index_100 = eerste analysejaar vanaf eerste positieve jaar",1,1.11192238218332,100,"model2_basis",FALSE,FALSE,"Data ends with 2 years without positive observations."
197,13080,"Fluiter","Wood Warbler",2006,1997,"index_100 = eerste analysejaar vanaf eerste positieve jaar",0,0.668233614355698,0,"model2_basis",FALSE,FALSE,"Data ends with 2 years without positive observations."
197,13080,"Fluiter","Wood Warbler",2007,1997,"index_100 = eerste analysejaar vanaf eerste positieve jaar",0.0450696932273733,0.615633860208331,4.50696932273733,"model2_basis",FALSE,FALSE,"Data ends with 2 years without positive observations."
197,13080,"Fluiter","Wood Warbler",2008,1997,"index_100 = eerste analysejaar vanaf eerste positieve jaar",0.0423581541263544,0.597769051815942,4.23581541263544,"model2_basis",FALSE,FALSE,"Data ends with 2 years without positive observations."
197,13080,"Fluiter","Wood Warbler",2009,1997,"index_100 = eerste analysejaar vanaf eerste positieve jaar",0.257721230630678,0.421888792908169,25.7721230630678,"model2_basis",FALSE,FALSE,"Data ends with 2 years without positive observations."
197,13080,"Fluiter","Wood Warbler",2010,1997,"index_100 = eerste analysejaar vanaf eerste positieve jaar",0,0.593321023914684,0,"model2_basis",FALSE,FALSE,"Data ends with 2 years without positive observations."
197,13080,"Fluiter","Wood Warbler",2011,1997,"index_100 = eerste analysejaar vanaf eerste positieve jaar",0.228829291369578,0.399115485562907,22.8829291369578,"model2_basis",FALSE,FALSE,"Data ends with 2 years without positive observations."
197,13080,"Fluiter","Wood Warbler",2012,1997,"index_100 = eerste analysejaar vanaf eerste positieve jaar",0,0.559075482331477,0,"model2_basis",FALSE,FALSE,"Data ends with 2 years without positive observations."
197,13080,"Fluiter","Wood Warbler",2013,1997,"index_100 = eerste analysejaar vanaf eerste positieve jaar",0,0.542701225092544,0,"model2_basis",FALSE,FALSE,"Data ends with 2 years without positive observations."
197,13080,"Fluiter","Wood Warbler",2014,1997,"index_100 = eerste analysejaar vanaf eerste positieve jaar",1.19144928314833,1.09923814859118,119.144928314833,"model2_basis",FALSE,FALSE,"Data ends with 2 years without positive observations."
197,13080,"Fluiter","Wood Warbler",2015,1997,"index_100 = eerste analysejaar vanaf eerste positieve jaar",1.18039913639325,1.09033752453795,118.039913639325,"model2_basis",FALSE,FALSE,"Data ends with 2 years without positive observations."
197,13080,"Fluiter","Wood Warbler",2016,1997,"index_100 = eerste analysejaar vanaf eerste positieve jaar",0.169986786454649,0.34965916758856,16.9986786454649,"model2_basis",FALSE,FALSE,"Data ends with 2 years without positive observations."
197,13080,"Fluiter","Wood Warbler",2017,1997,"index_100 = eerste analysejaar vanaf eerste positieve jaar",0,0.481861492200038,0,"model2_basis",FALSE,FALSE,"Data ends with 2 years without positive observations."
197,13080,"Fluiter","Wood Warbler",2018,1997,"index_100 = eerste analysejaar vanaf eerste positieve jaar",0,0.467748685832791,0,"model2_basis",FALSE,FALSE,"Data ends with 2 years without positive observations."
197,13080,"Fluiter","Wood Warbler",2019,1997,"index_100 = eerste analysejaar vanaf eerste positieve jaar",0.142218892593038,0.323007304553586,14.2218892593038,"model2_basis",FALSE,FALSE,"Data ends with 2 years without positive observations."
197,13080,"Fluiter","Wood Warbler",2020,1997,"index_100 = eerste analysejaar vanaf eerste positieve jaar",1,0.978133208868423,100,"model2_basis",FALSE,FALSE,"Data ends with 2 years without positive observations."
197,13080,"Fluiter","Wood Warbler",2021,1997,"index_100 = eerste analysejaar vanaf eerste positieve jaar",0,0.427842221335788,0,"model2_basis",FALSE,FALSE,"Data ends with 2 years without positive observations."
197,13080,"Fluiter","Wood Warbler",2022,1997,"index_100 = eerste analysejaar vanaf eerste positieve jaar",0,0.415311536640738,0,"model2_basis",FALSE,FALSE,"Data ends with 2 years without positive observations."
198,13110,"Tjiftjaf","Common Chiffchaff",1997,1997,"index_100 = eerste analysejaar vanaf eerste positieve jaar",1,0,100,"model3_overdisp",TRUE,FALSE,NA
198,13110,"Tjiftjaf","Common Chiffchaff",1998,1997,"index_100 = eerste analysejaar vanaf eerste positieve jaar",1.3790509835815,0.122194936993717,137.90509835815,"model3_overdisp",TRUE,FALSE,NA
198,13110,"Tjiftjaf","Common Chiffchaff",1999,1997,"index_100 = eerste analysejaar vanaf eerste positieve jaar",1.11194029850746,0.102057223506202,111.194029850746,"model3_overdisp",TRUE,FALSE,NA
198,13110,"Tjiftjaf","Common Chiffchaff",2000,1997,"index_100 = eerste analysejaar vanaf eerste positieve jaar",1.01549818226358,0.100419430397808,101.549818226358,"model3_overdisp",TRUE,FALSE,NA
198,13110,"Tjiftjaf","Common Chiffchaff",2001,1997,"index_100 = eerste analysejaar vanaf eerste positieve jaar",1.0634328358209,0.0986534771594391,106.34328358209,"model3_overdisp",TRUE,FALSE,NA
198,13110,"Tjiftjaf","Common Chiffchaff",2002,1997,"index_100 = eerste analysejaar vanaf eerste positieve jaar",1.19402985074627,0.107793122768894,119.402985074627,"model3_overdisp",TRUE,FALSE,NA
198,13110,"Tjiftjaf","Common Chiffchaff",2003,1997,"index_100 = eerste analysejaar vanaf eerste positieve jaar",1.67910447761194,0.141252414585775,167.910447761194,"model3_overdisp",TRUE,FALSE,NA
198,13110,"Tjiftjaf","Common Chiffchaff",2004,1997,"index_100 = eerste analysejaar vanaf eerste positieve jaar",1.75,0.146099108785102,175,"model3_overdisp",TRUE,FALSE,NA
198,13110,"Tjiftjaf","Common Chiffchaff",2005,1997,"index_100 = eerste analysejaar vanaf eerste positieve jaar",1.16044776119403,0.105450071319871,116.044776119403,"model3_overdisp",TRUE,FALSE,NA
198,13110,"Tjiftjaf","Common Chiffchaff",2006,1997,"index_100 = eerste analysejaar vanaf eerste positieve jaar",0.880597014925373,0.0857035222850883,88.0597014925373,"model3_overdisp",TRUE,FALSE,NA
198,13110,"Tjiftjaf","Common Chiffchaff",2007,1997,"index_100 = eerste analysejaar vanaf eerste positieve jaar",1.08335441571736,0.101250071941824,108.335441571736,"model3_overdisp",TRUE,FALSE,NA
198,13110,"Tjiftjaf","Common Chiffchaff",2008,1997,"index_100 = eerste analysejaar vanaf eerste positieve jaar",1.0901009131974,0.1058325166111,109.01009131974,"model3_overdisp",TRUE,FALSE,NA
198,13110,"Tjiftjaf","Common Chiffchaff",2009,1997,"index_100 = eerste analysejaar vanaf eerste positieve jaar",0.932045682493167,0.0918627526838394,93.2045682493167,"model3_overdisp",TRUE,FALSE,NA
198,13110,"Tjiftjaf","Common Chiffchaff",2010,1997,"index_100 = eerste analysejaar vanaf eerste positieve jaar",0.917740075082505,0.0898867972898786,91.7740075082505,"model3_overdisp",TRUE,FALSE,NA
198,13110,"Tjiftjaf","Common Chiffchaff",2011,1997,"index_100 = eerste analysejaar vanaf eerste positieve jaar",1.08001094735935,0.100848572502841,108.001094735935,"model3_overdisp",TRUE,FALSE,NA
198,13110,"Tjiftjaf","Common Chiffchaff",2012,1997,"index_100 = eerste analysejaar vanaf eerste positieve jaar",0.953865895267905,0.0920600698133537,95.3865895267905,"model3_overdisp",TRUE,FALSE,NA
198,13110,"Tjiftjaf","Common Chiffchaff",2013,1997,"index_100 = eerste analysejaar vanaf eerste positieve jaar",0.958279016386521,0.093019194564557,95.8279016386521,"model3_overdisp",TRUE,FALSE,NA
198,13110,"Tjiftjaf","Common Chiffchaff",2014,1997,"index_100 = eerste analysejaar vanaf eerste positieve jaar",1.12222994145798,0.105832544787549,112.222994145798,"model3_overdisp",TRUE,FALSE,NA
198,13110,"Tjiftjaf","Common Chiffchaff",2015,1997,"index_100 = eerste analysejaar vanaf eerste positieve jaar",1.02173697537953,0.0967320914044933,102.173697537953,"model3_overdisp",TRUE,FALSE,NA
198,13110,"Tjiftjaf","Common Chiffchaff",2016,1997,"index_100 = eerste analysejaar vanaf eerste positieve jaar",0.82749040211346,0.0828488755193388,82.749040211346,"model3_overdisp",TRUE,FALSE,NA
198,13110,"Tjiftjaf","Common Chiffchaff",2017,1997,"index_100 = eerste analysejaar vanaf eerste positieve jaar",0.873588097352649,0.0863679505175262,87.3588097352649,"model3_overdisp",TRUE,FALSE,NA
198,13110,"Tjiftjaf","Common Chiffchaff",2018,1997,"index_100 = eerste analysejaar vanaf eerste positieve jaar",0.802238805970149,0.0800792868323067,80.2238805970149,"model3_overdisp",TRUE,FALSE,NA
198,13110,"Tjiftjaf","Common Chiffchaff",2019,1997,"index_100 = eerste analysejaar vanaf eerste positieve jaar",1.00619724951825,0.0956310858741617,100.619724951825,"model3_overdisp",TRUE,FALSE,NA
198,13110,"Tjiftjaf","Common Chiffchaff",2020,1997,"index_100 = eerste analysejaar vanaf eerste positieve jaar",0.991738437298458,0.0965233157913622,99.1738437298458,"model3_overdisp",TRUE,FALSE,NA
198,13110,"Tjiftjaf","Common Chiffchaff",2021,1997,"index_100 = eerste analysejaar vanaf eerste positieve jaar",1.01492537313433,0.0952376637624264,101.492537313433,"model3_overdisp",TRUE,FALSE,NA
198,13110,"Tjiftjaf","Common Chiffchaff",2022,1997,"index_100 = eerste analysejaar vanaf eerste positieve jaar",1.25991890634749,0.113304676799163,125.991890634749,"model3_overdisp",TRUE,FALSE,NA
200,13120,"Fitis","willow warbler",1997,1997,"index_100 = eerste analysejaar vanaf eerste positieve jaar",1,0,100,"model3_overdisp",TRUE,FALSE,NA
200,13120,"Fitis","willow warbler",1998,1997,"index_100 = eerste analysejaar vanaf eerste positieve jaar",0.9568443643193,0.0732313077451749,95.68443643193,"model3_overdisp",TRUE,FALSE,NA
200,13120,"Fitis","willow warbler",1999,1997,"index_100 = eerste analysejaar vanaf eerste positieve jaar",0.949250288350634,0.0715291177188661,94.9250288350634,"model3_overdisp",TRUE,FALSE,NA
200,13120,"Fitis","willow warbler",2000,1997,"index_100 = eerste analysejaar vanaf eerste positieve jaar",0.909648101551855,0.0723916391866431,90.9648101551855,"model3_overdisp",TRUE,FALSE,NA
200,13120,"Fitis","willow warbler",2001,1997,"index_100 = eerste analysejaar vanaf eerste positieve jaar",0.926182237600923,0.070235326644222,92.6182237600923,"model3_overdisp",TRUE,FALSE,NA
200,13120,"Fitis","willow warbler",2002,1997,"index_100 = eerste analysejaar vanaf eerste positieve jaar",0.785467128027682,0.0622728342581037,78.5467128027682,"model3_overdisp",TRUE,FALSE,NA
200,13120,"Fitis","willow warbler",2003,1997,"index_100 = eerste analysejaar vanaf eerste positieve jaar",0.824682814302191,0.0645053682381537,82.4682814302192,"model3_overdisp",TRUE,FALSE,NA
200,13120,"Fitis","willow warbler",2004,1997,"index_100 = eerste analysejaar vanaf eerste positieve jaar",0.945790080738178,0.0713352299959304,94.5790080738178,"model3_overdisp",TRUE,FALSE,NA
200,13120,"Fitis","willow warbler",2005,1997,"index_100 = eerste analysejaar vanaf eerste positieve jaar",0.885813148788927,0.067964024354369,88.5813148788927,"model3_overdisp",TRUE,FALSE,NA
200,13120,"Fitis","willow warbler",2006,1997,"index_100 = eerste analysejaar vanaf eerste positieve jaar",0.740484429065744,0.0596968935409662,74.0484429065744,"model3_overdisp",TRUE,FALSE,NA
200,13120,"Fitis","willow warbler",2007,1997,"index_100 = eerste analysejaar vanaf eerste positieve jaar",0.818213342196041,0.0648484131948242,81.8213342196042,"model3_overdisp",TRUE,FALSE,NA
200,13120,"Fitis","willow warbler",2008,1997,"index_100 = eerste analysejaar vanaf eerste positieve jaar",0.807249538295649,0.0663729377120112,80.7249538295649,"model3_overdisp",TRUE,FALSE,NA
200,13120,"Fitis","willow warbler",2009,1997,"index_100 = eerste analysejaar vanaf eerste positieve jaar",0.800605029265422,0.0645808829582613,80.0605029265422,"model3_overdisp",TRUE,FALSE,NA
200,13120,"Fitis","willow warbler",2010,1997,"index_100 = eerste analysejaar vanaf eerste positieve jaar",0.764796870147119,0.062246690702602,76.4796870147119,"model3_overdisp",TRUE,FALSE,NA
200,13120,"Fitis","willow warbler",2011,1997,"index_100 = eerste analysejaar vanaf eerste positieve jaar",0.75024513831366,0.0604668050220244,75.024513831366,"model3_overdisp",TRUE,FALSE,NA
200,13120,"Fitis","willow warbler",2012,1997,"index_100 = eerste analysejaar vanaf eerste positieve jaar",0.609899937781464,0.0532003404761316,60.9899937781464,"model3_overdisp",TRUE,FALSE,NA
200,13120,"Fitis","willow warbler",2013,1997,"index_100 = eerste analysejaar vanaf eerste positieve jaar",0.621692161130861,0.0539260144925771,62.1692161130861,"model3_overdisp",TRUE,FALSE,NA
200,13120,"Fitis","willow warbler",2014,1997,"index_100 = eerste analysejaar vanaf eerste positieve jaar",0.614443281781572,0.0537134180806377,61.4443281781572,"model3_overdisp",TRUE,FALSE,NA
200,13120,"Fitis","willow warbler",2015,1997,"index_100 = eerste analysejaar vanaf eerste positieve jaar",0.578727198450351,0.0504546661933233,57.8727198450351,"model3_overdisp",TRUE,FALSE,NA
200,13120,"Fitis","willow warbler",2016,1997,"index_100 = eerste analysejaar vanaf eerste positieve jaar",0.506386298644057,0.0461095568753387,50.6386298644057,"model3_overdisp",TRUE,FALSE,NA
200,13120,"Fitis","willow warbler",2017,1997,"index_100 = eerste analysejaar vanaf eerste positieve jaar",0.540107795516662,0.0484983219191939,54.0107795516662,"model3_overdisp",TRUE,FALSE,NA
200,13120,"Fitis","willow warbler",2018,1997,"index_100 = eerste analysejaar vanaf eerste positieve jaar",0.410611303344867,0.040020068331813,41.0611303344867,"model3_overdisp",TRUE,FALSE,NA
200,13120,"Fitis","willow warbler",2019,1997,"index_100 = eerste analysejaar vanaf eerste positieve jaar",0.52622170665546,0.047310209130804,52.622170665546,"model3_overdisp",TRUE,FALSE,NA
200,13120,"Fitis","willow warbler",2020,1997,"index_100 = eerste analysejaar vanaf eerste positieve jaar",0.511244292961612,0.0478118058081635,51.1244292961612,"model3_overdisp",TRUE,FALSE,NA
200,13120,"Fitis","willow warbler",2021,1997,"index_100 = eerste analysejaar vanaf eerste positieve jaar",0.423298731257209,0.0408159782935111,42.3298731257209,"model3_overdisp",TRUE,FALSE,NA
200,13120,"Fitis","willow warbler",2022,1997,"index_100 = eerste analysejaar vanaf eerste positieve jaar",0.447887395435826,0.0431651930411155,44.7887395435826,"model3_overdisp",TRUE,FALSE,NA
201,13140,"Goudhaan","goldcrest",1997,1997,"index_100 = eerste analysejaar vanaf eerste positieve jaar",1,0,100,"model2_basis",FALSE,FALSE,NA
201,13140,"Goudhaan","goldcrest",1998,1997,"index_100 = eerste analysejaar vanaf eerste positieve jaar",0.0295497353169058,0.91849610442463,2.95497353169058,"model2_basis",FALSE,FALSE,NA
201,13140,"Goudhaan","goldcrest",1999,1997,"index_100 = eerste analysejaar vanaf eerste positieve jaar",1.5,1.65826863860699,150,"model2_basis",FALSE,FALSE,NA
201,13140,"Goudhaan","goldcrest",2000,1997,"index_100 = eerste analysejaar vanaf eerste positieve jaar",1.8119940469703,1.85453102136899,181.19940469703,"model2_basis",FALSE,FALSE,NA
201,13140,"Goudhaan","goldcrest",2001,1997,"index_100 = eerste analysejaar vanaf eerste positieve jaar",4,3.77325135514854,400,"model2_basis",FALSE,FALSE,NA
201,13140,"Goudhaan","goldcrest",2002,1997,"index_100 = eerste analysejaar vanaf eerste positieve jaar",3,2.90505147763746,300,"model2_basis",FALSE,FALSE,NA
201,13140,"Goudhaan","goldcrest",2003,1997,"index_100 = eerste analysejaar vanaf eerste positieve jaar",2.5,2.48547281272727,250,"model2_basis",FALSE,FALSE,NA
201,13140,"Goudhaan","goldcrest",2004,1997,"index_100 = eerste analysejaar vanaf eerste positieve jaar",2,2.08146531345048,200,"model2_basis",FALSE,FALSE,NA
201,13140,"Goudhaan","goldcrest",2005,1997,"index_100 = eerste analysejaar vanaf eerste positieve jaar",2.5,2.49635568663909,250,"model2_basis",FALSE,FALSE,NA
201,13140,"Goudhaan","goldcrest",2006,1997,"index_100 = eerste analysejaar vanaf eerste positieve jaar",2,2.0948023445127,200,"model2_basis",FALSE,FALSE,NA
201,13140,"Goudhaan","goldcrest",2007,1997,"index_100 = eerste analysejaar vanaf eerste positieve jaar",3.07530507017035,2.98460447803417,307.530507017035,"model2_basis",FALSE,FALSE,NA
201,13140,"Goudhaan","goldcrest",2008,1997,"index_100 = eerste analysejaar vanaf eerste positieve jaar",2.97662222529687,2.86197129255069,297.662222529687,"model2_basis",FALSE,FALSE,NA
201,13140,"Goudhaan","goldcrest",2009,1997,"index_100 = eerste analysejaar vanaf eerste positieve jaar",2.36464582187214,2.30313537813161,236.464582187214,"model2_basis",FALSE,FALSE,NA
201,13140,"Goudhaan","goldcrest",2010,1997,"index_100 = eerste analysejaar vanaf eerste positieve jaar",0.0230712346353599,1.08202241627761,2.30712346353599,"model2_basis",FALSE,FALSE,NA
201,13140,"Goudhaan","goldcrest",2011,1997,"index_100 = eerste analysejaar vanaf eerste positieve jaar",0.87061340630854,1.18773783242914,87.061340630854,"model2_basis",FALSE,FALSE,NA
201,13140,"Goudhaan","goldcrest",2012,1997,"index_100 = eerste analysejaar vanaf eerste positieve jaar",2.10502044087289,2.20871505522067,210.502044087289,"model2_basis",FALSE,FALSE,NA
201,13140,"Goudhaan","goldcrest",2013,1997,"index_100 = eerste analysejaar vanaf eerste positieve jaar",4.02501590321234,3.84000183213892,402.501590321234,"model2_basis",FALSE,FALSE,NA
201,13140,"Goudhaan","goldcrest",2014,1997,"index_100 = eerste analysejaar vanaf eerste positieve jaar",1.96969708423143,2.02053287780514,196.969708423143,"model2_basis",FALSE,FALSE,NA
201,13140,"Goudhaan","goldcrest",2015,1997,"index_100 = eerste analysejaar vanaf eerste positieve jaar",1.9698081281055,2.03453500066882,196.98081281055,"model2_basis",FALSE,FALSE,NA
201,13140,"Goudhaan","goldcrest",2016,1997,"index_100 = eerste analysejaar vanaf eerste positieve jaar",2.49632479152507,2.47937141969873,249.632479152507,"model2_basis",FALSE,FALSE,NA
201,13140,"Goudhaan","goldcrest",2017,1997,"index_100 = eerste analysejaar vanaf eerste positieve jaar",0.712693633869369,1.3263602085338,71.2693633869369,"model2_basis",FALSE,FALSE,NA
201,13140,"Goudhaan","goldcrest",2018,1997,"index_100 = eerste analysejaar vanaf eerste positieve jaar",3.5,3.4142205229857,350,"model2_basis",FALSE,FALSE,NA
201,13140,"Goudhaan","goldcrest",2019,1997,"index_100 = eerste analysejaar vanaf eerste positieve jaar",7.58030475814448,7.00763581461261,758.030475814448,"model2_basis",FALSE,FALSE,NA
201,13140,"Goudhaan","goldcrest",2020,1997,"index_100 = eerste analysejaar vanaf eerste positieve jaar",2.76083648587461,2.79558583901829,276.083648587461,"model2_basis",FALSE,FALSE,NA
201,13140,"Goudhaan","goldcrest",2021,1997,"index_100 = eerste analysejaar vanaf eerste positieve jaar",2,2.2174581777715,200,"model2_basis",FALSE,FALSE,NA
201,13140,"Goudhaan","goldcrest",2022,1997,"index_100 = eerste analysejaar vanaf eerste positieve jaar",3.08361079000986,3.08695084835395,308.361079000986,"model2_basis",FALSE,FALSE,NA
203,13350,"Grauwe Vliegenvanger","Spotted Flycatcher",1997,1997,"index_100 = eerste analysejaar vanaf eerste positieve jaar",1,0,100,"model2_basis",FALSE,FALSE,NA
203,13350,"Grauwe Vliegenvanger","Spotted Flycatcher",1998,1997,"index_100 = eerste analysejaar vanaf eerste positieve jaar",0.339644874723883,0.273199884063601,33.9644874723883,"model2_basis",FALSE,FALSE,NA
203,13350,"Grauwe Vliegenvanger","Spotted Flycatcher",1999,1997,"index_100 = eerste analysejaar vanaf eerste positieve jaar",0.666666666666667,0.323362755283394,66.6666666666667,"model2_basis",FALSE,FALSE,NA
203,13350,"Grauwe Vliegenvanger","Spotted Flycatcher",2000,1997,"index_100 = eerste analysejaar vanaf eerste positieve jaar",0.352606676862279,0.294657336239037,35.2606676862279,"model2_basis",FALSE,FALSE,NA
203,13350,"Grauwe Vliegenvanger","Spotted Flycatcher",2001,1997,"index_100 = eerste analysejaar vanaf eerste positieve jaar",0.333333333333333,0.317684134260481,33.3333333333333,"model2_basis",FALSE,FALSE,NA
203,13350,"Grauwe Vliegenvanger","Spotted Flycatcher",2002,1997,"index_100 = eerste analysejaar vanaf eerste positieve jaar",0.666666666666667,0.363080932621792,66.6666666666667,"model2_basis",FALSE,FALSE,NA
203,13350,"Grauwe Vliegenvanger","Spotted Flycatcher",2003,1997,"index_100 = eerste analysejaar vanaf eerste positieve jaar",0.333333333333333,0.349340493880204,33.3333333333333,"model2_basis",FALSE,FALSE,NA
203,13350,"Grauwe Vliegenvanger","Spotted Flycatcher",2004,1997,"index_100 = eerste analysejaar vanaf eerste positieve jaar",0,0.356866857227178,0,"model2_basis",FALSE,FALSE,NA
203,13350,"Grauwe Vliegenvanger","Spotted Flycatcher",2005,1997,"index_100 = eerste analysejaar vanaf eerste positieve jaar",0.333333333333333,0.384577043179128,33.3333333333333,"model2_basis",FALSE,FALSE,NA
203,13350,"Grauwe Vliegenvanger","Spotted Flycatcher",2006,1997,"index_100 = eerste analysejaar vanaf eerste positieve jaar",0.333333333333333,0.403650521693816,33.3333333333333,"model2_basis",FALSE,FALSE,NA
203,13350,"Grauwe Vliegenvanger","Spotted Flycatcher",2007,1997,"index_100 = eerste analysejaar vanaf eerste positieve jaar",0.0313300530904073,0.403926896565326,3.13300530904073,"model2_basis",FALSE,FALSE,NA
203,13350,"Grauwe Vliegenvanger","Spotted Flycatcher",2008,1997,"index_100 = eerste analysejaar vanaf eerste positieve jaar",0.392621501325013,0.426593511555157,39.2621501325013,"model2_basis",FALSE,FALSE,NA
203,13350,"Grauwe Vliegenvanger","Spotted Flycatcher",2009,1997,"index_100 = eerste analysejaar vanaf eerste positieve jaar",0.241845000288345,0.373027929774919,24.1845000288345,"model2_basis",FALSE,FALSE,NA
203,13350,"Grauwe Vliegenvanger","Spotted Flycatcher",2010,1997,"index_100 = eerste analysejaar vanaf eerste positieve jaar",0,0.483685324977803,0,"model2_basis",FALSE,FALSE,NA
203,13350,"Grauwe Vliegenvanger","Spotted Flycatcher",2011,1997,"index_100 = eerste analysejaar vanaf eerste positieve jaar",0.272621913079046,0.421262258192985,27.2621913079046,"model2_basis",FALSE,FALSE,NA
203,13350,"Grauwe Vliegenvanger","Spotted Flycatcher",2012,1997,"index_100 = eerste analysejaar vanaf eerste positieve jaar",0,0.535280976776555,0,"model2_basis",FALSE,FALSE,NA
203,13350,"Grauwe Vliegenvanger","Spotted Flycatcher",2013,1997,"index_100 = eerste analysejaar vanaf eerste positieve jaar",0,0.563107431002257,0,"model2_basis",FALSE,FALSE,NA
203,13350,"Grauwe Vliegenvanger","Spotted Flycatcher",2014,1997,"index_100 = eerste analysejaar vanaf eerste positieve jaar",1.70283589697366,0.641784154575179,170.283589697366,"model2_basis",FALSE,FALSE,NA
203,13350,"Grauwe Vliegenvanger","Spotted Flycatcher",2015,1997,"index_100 = eerste analysejaar vanaf eerste positieve jaar",1.07558478547854,0.575835393421541,107.558478547854,"model2_basis",FALSE,FALSE,NA
203,13350,"Grauwe Vliegenvanger","Spotted Flycatcher",2016,1997,"index_100 = eerste analysejaar vanaf eerste positieve jaar",1.78587154103955,0.698818601575225,178.587154103955,"model2_basis",FALSE,FALSE,NA
203,13350,"Grauwe Vliegenvanger","Spotted Flycatcher",2017,1997,"index_100 = eerste analysejaar vanaf eerste positieve jaar",0.792648104419531,0.690730764586583,79.2648104419531,"model2_basis",FALSE,FALSE,NA
203,13350,"Grauwe Vliegenvanger","Spotted Flycatcher",2018,1997,"index_100 = eerste analysejaar vanaf eerste positieve jaar",2.33333333333333,0.931351268220557,233.333333333333,"model2_basis",FALSE,FALSE,NA
203,13350,"Grauwe Vliegenvanger","Spotted Flycatcher",2019,1997,"index_100 = eerste analysejaar vanaf eerste positieve jaar",3.61335505280591,1.11307531012121,361.335505280591,"model2_basis",FALSE,FALSE,NA
203,13350,"Grauwe Vliegenvanger","Spotted Flycatcher",2020,1997,"index_100 = eerste analysejaar vanaf eerste positieve jaar",2.17075099978218,0.948266568993935,217.075099978218,"model2_basis",FALSE,FALSE,NA
203,13350,"Grauwe Vliegenvanger","Spotted Flycatcher",2021,1997,"index_100 = eerste analysejaar vanaf eerste positieve jaar",1.66666666666667,0.942025668328004,166.666666666667,"model2_basis",FALSE,FALSE,NA
203,13350,"Grauwe Vliegenvanger","Spotted Flycatcher",2022,1997,"index_100 = eerste analysejaar vanaf eerste positieve jaar",2.37195515097003,1.06583627892914,237.195515097003,"model2_basis",FALSE,FALSE,NA
207,14370,"Staartmees","long-tailed tit",1997,1997,"index_100 = eerste analysejaar vanaf eerste positieve jaar",1,0,100,"model3_overdisp",TRUE,FALSE,"Overdispersion 0.7 <1; consider setting overdisp=FALSE"
207,14370,"Staartmees","long-tailed tit",1998,1997,"index_100 = eerste analysejaar vanaf eerste positieve jaar",0.907011011701568,0.168320383387499,90.7011011701567,"model3_overdisp",TRUE,FALSE,"Overdispersion 0.7 <1; consider setting overdisp=FALSE"
207,14370,"Staartmees","long-tailed tit",1999,1997,"index_100 = eerste analysejaar vanaf eerste positieve jaar",1.13333333333333,0.195095749853829,113.333333333333,"model3_overdisp",TRUE,FALSE,"Overdispersion 0.7 <1; consider setting overdisp=FALSE"
207,14370,"Staartmees","long-tailed tit",2000,1997,"index_100 = eerste analysejaar vanaf eerste positieve jaar",1.3695485383936,0.236364344308432,136.95485383936,"model3_overdisp",TRUE,FALSE,"Overdispersion 0.7 <1; consider setting overdisp=FALSE"
207,14370,"Staartmees","long-tailed tit",2001,1997,"index_100 = eerste analysejaar vanaf eerste positieve jaar",1.22222222222222,0.206779960773333,122.222222222222,"model3_overdisp",TRUE,FALSE,"Overdispersion 0.7 <1; consider setting overdisp=FALSE"
207,14370,"Staartmees","long-tailed tit",2002,1997,"index_100 = eerste analysejaar vanaf eerste positieve jaar",1.11111111111111,0.192164831160765,111.111111111111,"model3_overdisp",TRUE,FALSE,"Overdispersion 0.7 <1; consider setting overdisp=FALSE"
207,14370,"Staartmees","long-tailed tit",2003,1997,"index_100 = eerste analysejaar vanaf eerste positieve jaar",1,0.177441261122739,100,"model3_overdisp",TRUE,FALSE,"Overdispersion 0.7 <1; consider setting overdisp=FALSE"
207,14370,"Staartmees","long-tailed tit",2004,1997,"index_100 = eerste analysejaar vanaf eerste positieve jaar",1.02222222222222,0.180395922053629,102.222222222222,"model3_overdisp",TRUE,FALSE,"Overdispersion 0.7 <1; consider setting overdisp=FALSE"
207,14370,"Staartmees","long-tailed tit",2005,1997,"index_100 = eerste analysejaar vanaf eerste positieve jaar",0.844444444444444,0.156587809329048,84.4444444444444,"model3_overdisp",TRUE,FALSE,"Overdispersion 0.7 <1; consider setting overdisp=FALSE"
207,14370,"Staartmees","long-tailed tit",2006,1997,"index_100 = eerste analysejaar vanaf eerste positieve jaar",0.866666666666667,0.15958756577972,86.6666666666667,"model3_overdisp",TRUE,FALSE,"Overdispersion 0.7 <1; consider setting overdisp=FALSE"
207,14370,"Staartmees","long-tailed tit",2007,1997,"index_100 = eerste analysejaar vanaf eerste positieve jaar",0.769650765917638,0.148536802793766,76.9650765917638,"model3_overdisp",TRUE,FALSE,"Overdispersion 0.7 <1; consider setting overdisp=FALSE"
207,14370,"Staartmees","long-tailed tit",2008,1997,"index_100 = eerste analysejaar vanaf eerste positieve jaar",0.79419202041838,0.157835975918531,79.419202041838,"model3_overdisp",TRUE,FALSE,"Overdispersion 0.7 <1; consider setting overdisp=FALSE"
207,14370,"Staartmees","long-tailed tit",2009,1997,"index_100 = eerste analysejaar vanaf eerste positieve jaar",0.989272970750476,0.182457818813454,98.9272970750476,"model3_overdisp",TRUE,FALSE,"Overdispersion 0.7 <1; consider setting overdisp=FALSE"
207,14370,"Staartmees","long-tailed tit",2010,1997,"index_100 = eerste analysejaar vanaf eerste positieve jaar",1.06424746437134,0.187908810677399,106.424746437134,"model3_overdisp",TRUE,FALSE,"Overdispersion 0.7 <1; consider setting overdisp=FALSE"
207,14370,"Staartmees","long-tailed tit",2011,1997,"index_100 = eerste analysejaar vanaf eerste positieve jaar",0.94057809655458,0.172160700631913,94.057809655458,"model3_overdisp",TRUE,FALSE,"Overdispersion 0.7 <1; consider setting overdisp=FALSE"
207,14370,"Staartmees","long-tailed tit",2012,1997,"index_100 = eerste analysejaar vanaf eerste positieve jaar",1.0289857622868,0.183723680413093,102.89857622868,"model3_overdisp",TRUE,FALSE,"Overdispersion 0.7 <1; consider setting overdisp=FALSE"
207,14370,"Staartmees","long-tailed tit",2013,1997,"index_100 = eerste analysejaar vanaf eerste positieve jaar",0.792452317985547,0.151638598452811,79.2452317985547,"model3_overdisp",TRUE,FALSE,"Overdispersion 0.7 <1; consider setting overdisp=FALSE"
207,14370,"Staartmees","long-tailed tit",2014,1997,"index_100 = eerste analysejaar vanaf eerste positieve jaar",1.01405261366038,0.184525253139662,101.405261366038,"model3_overdisp",TRUE,FALSE,"Overdispersion 0.7 <1; consider setting overdisp=FALSE"
207,14370,"Staartmees","long-tailed tit",2015,1997,"index_100 = eerste analysejaar vanaf eerste positieve jaar",0.68191912000207,0.136759003731068,68.191912000207,"model3_overdisp",TRUE,FALSE,"Overdispersion 0.7 <1; consider setting overdisp=FALSE"
207,14370,"Staartmees","long-tailed tit",2016,1997,"index_100 = eerste analysejaar vanaf eerste positieve jaar",0.752462477243664,0.146547200846174,75.2462477243664,"model3_overdisp",TRUE,FALSE,"Overdispersion 0.7 <1; consider setting overdisp=FALSE"
207,14370,"Staartmees","long-tailed tit",2017,1997,"index_100 = eerste analysejaar vanaf eerste positieve jaar",0.921398259254925,0.16859366683635,92.1398259254925,"model3_overdisp",TRUE,FALSE,"Overdispersion 0.7 <1; consider setting overdisp=FALSE"
207,14370,"Staartmees","long-tailed tit",2018,1997,"index_100 = eerste analysejaar vanaf eerste positieve jaar",0.555555555555556,0.116639628623993,55.5555555555556,"model3_overdisp",TRUE,FALSE,"Overdispersion 0.7 <1; consider setting overdisp=FALSE"
207,14370,"Staartmees","long-tailed tit",2019,1997,"index_100 = eerste analysejaar vanaf eerste positieve jaar",0.823005834485258,0.156225199756928,82.3005834485258,"model3_overdisp",TRUE,FALSE,"Overdispersion 0.7 <1; consider setting overdisp=FALSE"
207,14370,"Staartmees","long-tailed tit",2020,1997,"index_100 = eerste analysejaar vanaf eerste positieve jaar",0.672506088773997,0.13634575154045,67.2506088773997,"model3_overdisp",TRUE,FALSE,"Overdispersion 0.7 <1; consider setting overdisp=FALSE"
207,14370,"Staartmees","long-tailed tit",2021,1997,"index_100 = eerste analysejaar vanaf eerste positieve jaar",0.644444444444444,0.129164141782142,64.4444444444444,"model3_overdisp",TRUE,FALSE,"Overdispersion 0.7 <1; consider setting overdisp=FALSE"
207,14370,"Staartmees","long-tailed tit",2022,1997,"index_100 = eerste analysejaar vanaf eerste positieve jaar",0.881179561468774,0.163470864413654,88.1179561468774,"model3_overdisp",TRUE,FALSE,"Overdispersion 0.7 <1; consider setting overdisp=FALSE"
208,14400,"Glanskop","marsh tit",1997,1997,"index_100 = eerste analysejaar vanaf eerste positieve jaar",1,0,100,"model3_overdisp",TRUE,FALSE,"Overdispersion 1.0 <1; consider setting overdisp=FALSE"
208,14400,"Glanskop","marsh tit",1998,1997,"index_100 = eerste analysejaar vanaf eerste positieve jaar",0.669442675716209,0.186522881860022,66.9442675716209,"model3_overdisp",TRUE,FALSE,"Overdispersion 1.0 <1; consider setting overdisp=FALSE"
208,14400,"Glanskop","marsh tit",1999,1997,"index_100 = eerste analysejaar vanaf eerste positieve jaar",0.818181818181818,0.208565655312965,81.8181818181818,"model3_overdisp",TRUE,FALSE,"Overdispersion 1.0 <1; consider setting overdisp=FALSE"
208,14400,"Glanskop","marsh tit",2000,1997,"index_100 = eerste analysejaar vanaf eerste positieve jaar",0.80200469382353,0.217246744046217,80.200469382353,"model3_overdisp",TRUE,FALSE,"Overdispersion 1.0 <1; consider setting overdisp=FALSE"
208,14400,"Glanskop","marsh tit",2001,1997,"index_100 = eerste analysejaar vanaf eerste positieve jaar",1.12121212121212,0.263715204096594,112.121212121212,"model3_overdisp",TRUE,FALSE,"Overdispersion 1.0 <1; consider setting overdisp=FALSE"
208,14400,"Glanskop","marsh tit",2002,1997,"index_100 = eerste analysejaar vanaf eerste positieve jaar",1.15151515151515,0.269157359878536,115.151515151515,"model3_overdisp",TRUE,FALSE,"Overdispersion 1.0 <1; consider setting overdisp=FALSE"
208,14400,"Glanskop","marsh tit",2003,1997,"index_100 = eerste analysejaar vanaf eerste positieve jaar",0.93939393939394,0.230810797176457,93.9393939393939,"model3_overdisp",TRUE,FALSE,"Overdispersion 1.0 <1; consider setting overdisp=FALSE"
208,14400,"Glanskop","marsh tit",2004,1997,"index_100 = eerste analysejaar vanaf eerste positieve jaar",0.96969696969697,0.236328965845794,96.969696969697,"model3_overdisp",TRUE,FALSE,"Overdispersion 1.0 <1; consider setting overdisp=FALSE"
208,14400,"Glanskop","marsh tit",2005,1997,"index_100 = eerste analysejaar vanaf eerste positieve jaar",0.787878787878788,0.202954164337875,78.7878787878788,"model3_overdisp",TRUE,FALSE,"Overdispersion 1.0 <1; consider setting overdisp=FALSE"
208,14400,"Glanskop","marsh tit",2006,1997,"index_100 = eerste analysejaar vanaf eerste positieve jaar",0.727272727272727,0.191658610723037,72.7272727272727,"model3_overdisp",TRUE,FALSE,"Overdispersion 1.0 <1; consider setting overdisp=FALSE"
208,14400,"Glanskop","marsh tit",2007,1997,"index_100 = eerste analysejaar vanaf eerste positieve jaar",0.998400939964739,0.245479100110823,99.8400939964739,"model3_overdisp",TRUE,FALSE,"Overdispersion 1.0 <1; consider setting overdisp=FALSE"
208,14400,"Glanskop","marsh tit",2008,1997,"index_100 = eerste analysejaar vanaf eerste positieve jaar",0.936444066366794,0.244481509337632,93.6444066366794,"model3_overdisp",TRUE,FALSE,"Overdispersion 1.0 <1; consider setting overdisp=FALSE"
208,14400,"Glanskop","marsh tit",2009,1997,"index_100 = eerste analysejaar vanaf eerste positieve jaar",1.41412863271427,0.333806155582343,141.412863271427,"model3_overdisp",TRUE,FALSE,"Overdispersion 1.0 <1; consider setting overdisp=FALSE"
208,14400,"Glanskop","marsh tit",2010,1997,"index_100 = eerste analysejaar vanaf eerste positieve jaar",1.0097056850966,0.246205762991106,100.97056850966,"model3_overdisp",TRUE,FALSE,"Overdispersion 1.0 <1; consider setting overdisp=FALSE"
208,14400,"Glanskop","marsh tit",2011,1997,"index_100 = eerste analysejaar vanaf eerste positieve jaar",0.887707567387666,0.229041823070811,88.7707567387666,"model3_overdisp",TRUE,FALSE,"Overdispersion 1.0 <1; consider setting overdisp=FALSE"
208,14400,"Glanskop","marsh tit",2012,1997,"index_100 = eerste analysejaar vanaf eerste positieve jaar",1.10117804008863,0.260721584201732,110.117804008863,"model3_overdisp",TRUE,FALSE,"Overdispersion 1.0 <1; consider setting overdisp=FALSE"
208,14400,"Glanskop","marsh tit",2013,1997,"index_100 = eerste analysejaar vanaf eerste positieve jaar",1.20972226591702,0.282953395627463,120.972226591702,"model3_overdisp",TRUE,FALSE,"Overdispersion 1.0 <1; consider setting overdisp=FALSE"
208,14400,"Glanskop","marsh tit",2014,1997,"index_100 = eerste analysejaar vanaf eerste positieve jaar",1.22738837556199,0.295417877619053,122.738837556199,"model3_overdisp",TRUE,FALSE,"Overdispersion 1.0 <1; consider setting overdisp=FALSE"
208,14400,"Glanskop","marsh tit",2015,1997,"index_100 = eerste analysejaar vanaf eerste positieve jaar",1.26327615359014,0.297709431748086,126.327615359014,"model3_overdisp",TRUE,FALSE,"Overdispersion 1.0 <1; consider setting overdisp=FALSE"
208,14400,"Glanskop","marsh tit",2016,1997,"index_100 = eerste analysejaar vanaf eerste positieve jaar",0.853564968641986,0.222674600224194,85.3564968641986,"model3_overdisp",TRUE,FALSE,"Overdispersion 1.0 <1; consider setting overdisp=FALSE"
208,14400,"Glanskop","marsh tit",2017,1997,"index_100 = eerste analysejaar vanaf eerste positieve jaar",0.791684010386748,0.208814332903957,79.1684010386748,"model3_overdisp",TRUE,FALSE,"Overdispersion 1.0 <1; consider setting overdisp=FALSE"
208,14400,"Glanskop","marsh tit",2018,1997,"index_100 = eerste analysejaar vanaf eerste positieve jaar",0.909090909090909,0.225276655112806,90.9090909090909,"model3_overdisp",TRUE,FALSE,"Overdispersion 1.0 <1; consider setting overdisp=FALSE"
208,14400,"Glanskop","marsh tit",2019,1997,"index_100 = eerste analysejaar vanaf eerste positieve jaar",0.955992764879025,0.241699297408339,95.5992764879025,"model3_overdisp",TRUE,FALSE,"Overdispersion 1.0 <1; consider setting overdisp=FALSE"
208,14400,"Glanskop","marsh tit",2020,1997,"index_100 = eerste analysejaar vanaf eerste positieve jaar",0.517107130350749,0.158343518873039,51.7107130350749,"model3_overdisp",TRUE,FALSE,"Overdispersion 1.0 <1; consider setting overdisp=FALSE"
208,14400,"Glanskop","marsh tit",2021,1997,"index_100 = eerste analysejaar vanaf eerste positieve jaar",0.454545454545455,0.139043770208643,45.4545454545455,"model3_overdisp",TRUE,FALSE,"Overdispersion 1.0 <1; consider setting overdisp=FALSE"
208,14400,"Glanskop","marsh tit",2022,1997,"index_100 = eerste analysejaar vanaf eerste positieve jaar",0.331197504772891,0.117495640968574,33.1197504772891,"model3_overdisp",TRUE,FALSE,"Overdispersion 1.0 <1; consider setting overdisp=FALSE"
209,14420,"Matkop","Willow Tit",1997,1997,"index_100 = eerste analysejaar vanaf eerste positieve jaar",1,0,100,"model2_basis",FALSE,FALSE,"Data ends with 15 years without positive observations."
209,14420,"Matkop","Willow Tit",1998,1997,"index_100 = eerste analysejaar vanaf eerste positieve jaar",0.307058927044346,0.393804960690366,30.7058927044346,"model2_basis",FALSE,FALSE,"Data ends with 15 years without positive observations."
209,14420,"Matkop","Willow Tit",1999,1997,"index_100 = eerste analysejaar vanaf eerste positieve jaar",0.4,0.397591836229803,40,"model2_basis",FALSE,FALSE,"Data ends with 15 years without positive observations."
209,14420,"Matkop","Willow Tit",2000,1997,"index_100 = eerste analysejaar vanaf eerste positieve jaar",0.091228894563212,0.299086746629856,9.1228894563212,"model2_basis",FALSE,FALSE,"Data ends with 15 years without positive observations."
209,14420,"Matkop","Willow Tit",2001,1997,"index_100 = eerste analysejaar vanaf eerste positieve jaar",0,0.292713244763714,0,"model2_basis",FALSE,FALSE,"Data ends with 15 years without positive observations."
209,14420,"Matkop","Willow Tit",2002,1997,"index_100 = eerste analysejaar vanaf eerste positieve jaar",1.2,0.586560888846746,120,"model2_basis",FALSE,FALSE,"Data ends with 15 years without positive observations."
209,14420,"Matkop","Willow Tit",2003,1997,"index_100 = eerste analysejaar vanaf eerste positieve jaar",1.4,0.655942390640097,140,"model2_basis",FALSE,FALSE,"Data ends with 15 years without positive observations."
209,14420,"Matkop","Willow Tit",2004,1997,"index_100 = eerste analysejaar vanaf eerste positieve jaar",0.2,0.233931796920325,20,"model2_basis",FALSE,FALSE,"Data ends with 15 years without positive observations."
209,14420,"Matkop","Willow Tit",2005,1997,"index_100 = eerste analysejaar vanaf eerste positieve jaar",0.2,0.214962722997492,20,"model2_basis",FALSE,FALSE,"Data ends with 15 years without positive observations."
209,14420,"Matkop","Willow Tit",2006,1997,"index_100 = eerste analysejaar vanaf eerste positieve jaar",0.2,0.198072550968774,20,"model2_basis",FALSE,FALSE,"Data ends with 15 years without positive observations."
209,14420,"Matkop","Willow Tit",2007,1997,"index_100 = eerste analysejaar vanaf eerste positieve jaar",0.21697312292418,0.178379102523839,21.697312292418,"model2_basis",FALSE,FALSE,"Data ends with 15 years without positive observations."
209,14420,"Matkop","Willow Tit",2008,1997,"index_100 = eerste analysejaar vanaf eerste positieve jaar",0.00461165339657259,0.142855488661036,0.46116533965726,"model2_basis",FALSE,FALSE,"Data ends with 15 years without positive observations."
209,14420,"Matkop","Willow Tit",2009,1997,"index_100 = eerste analysejaar vanaf eerste positieve jaar",0.0119498237852724,0.123587984330708,1.19498237852724,"model2_basis",FALSE,FALSE,"Data ends with 15 years without positive observations."
209,14420,"Matkop","Willow Tit",2010,1997,"index_100 = eerste analysejaar vanaf eerste positieve jaar",0,0.119366070737075,0,"model2_basis",FALSE,FALSE,"Data ends with 15 years without positive observations."
209,14420,"Matkop","Willow Tit",2011,1997,"index_100 = eerste analysejaar vanaf eerste positieve jaar",0,0.108042914186047,0,"model2_basis",FALSE,FALSE,"Data ends with 15 years without positive observations."
209,14420,"Matkop","Willow Tit",2012,1997,"index_100 = eerste analysejaar vanaf eerste positieve jaar",0,0.0977938809054549,0,"model2_basis",FALSE,FALSE,"Data ends with 15 years without positive observations."
209,14420,"Matkop","Willow Tit",2013,1997,"index_100 = eerste analysejaar vanaf eerste positieve jaar",0,0.0885170787422664,0,"model2_basis",FALSE,FALSE,"Data ends with 15 years without positive observations."
209,14420,"Matkop","Willow Tit",2014,1997,"index_100 = eerste analysejaar vanaf eerste positieve jaar",0,0.0801202811108353,0,"model2_basis",FALSE,FALSE,"Data ends with 15 years without positive observations."
209,14420,"Matkop","Willow Tit",2015,1997,"index_100 = eerste analysejaar vanaf eerste positieve jaar",0,0.0725200101098017,0,"model2_basis",FALSE,FALSE,"Data ends with 15 years without positive observations."
209,14420,"Matkop","Willow Tit",2016,1997,"index_100 = eerste analysejaar vanaf eerste positieve jaar",0,0.0656407066152256,0,"model2_basis",FALSE,FALSE,"Data ends with 15 years without positive observations."
209,14420,"Matkop","Willow Tit",2017,1997,"index_100 = eerste analysejaar vanaf eerste positieve jaar",0,0.0594139790993185,0,"model2_basis",FALSE,FALSE,"Data ends with 15 years without positive observations."
209,14420,"Matkop","Willow Tit",2018,1997,"index_100 = eerste analysejaar vanaf eerste positieve jaar",0,0.0537779237068031,0,"model2_basis",FALSE,FALSE,"Data ends with 15 years without positive observations."
209,14420,"Matkop","Willow Tit",2019,1997,"index_100 = eerste analysejaar vanaf eerste positieve jaar",0,0.0486765088293491,0,"model2_basis",FALSE,FALSE,"Data ends with 15 years without positive observations."
209,14420,"Matkop","Willow Tit",2020,1997,"index_100 = eerste analysejaar vanaf eerste positieve jaar",0,0.0440590180597464,0,"model2_basis",FALSE,FALSE,"Data ends with 15 years without positive observations."
209,14420,"Matkop","Willow Tit",2021,1997,"index_100 = eerste analysejaar vanaf eerste positieve jaar",0,0.0398795459878714,0,"model2_basis",FALSE,FALSE,"Data ends with 15 years without positive observations."
209,14420,"Matkop","Willow Tit",2022,1997,"index_100 = eerste analysejaar vanaf eerste positieve jaar",0.000249343819384588,0.0354355987987494,0.0249343819384588,"model2_basis",FALSE,FALSE,"Data ends with 15 years without positive observations."
210,14540,"Kuifmees","crested tit",1997,1997,"index_100 = eerste analysejaar vanaf eerste positieve jaar",1,0,100,"model3_overdisp",TRUE,FALSE,"Overdispersion 0.7 <1; consider setting overdisp=FALSE"
210,14540,"Kuifmees","crested tit",1998,1997,"index_100 = eerste analysejaar vanaf eerste positieve jaar",0.333333333333333,0.313043400707709,33.3333333333333,"model3_overdisp",TRUE,FALSE,"Overdispersion 0.7 <1; consider setting overdisp=FALSE"
210,14540,"Kuifmees","crested tit",1999,1997,"index_100 = eerste analysejaar vanaf eerste positieve jaar",1,0.664065334338353,100,"model3_overdisp",TRUE,FALSE,"Overdispersion 0.7 <1; consider setting overdisp=FALSE"
210,14540,"Kuifmees","crested tit",2000,1997,"index_100 = eerste analysejaar vanaf eerste positieve jaar",0.41065273702356,0.385999709089637,41.065273702356,"model3_overdisp",TRUE,FALSE,"Overdispersion 0.7 <1; consider setting overdisp=FALSE"
210,14540,"Kuifmees","crested tit",2001,1997,"index_100 = eerste analysejaar vanaf eerste positieve jaar",1.33333333333333,0.828234987842534,133.333333333333,"model3_overdisp",TRUE,FALSE,"Overdispersion 0.7 <1; consider setting overdisp=FALSE"
210,14540,"Kuifmees","crested tit",2002,1997,"index_100 = eerste analysejaar vanaf eerste positieve jaar",2.66666666666667,1.46830370018815,266.666666666667,"model3_overdisp",TRUE,FALSE,"Overdispersion 0.7 <1; consider setting overdisp=FALSE"
210,14540,"Kuifmees","crested tit",2003,1997,"index_100 = eerste analysejaar vanaf eerste positieve jaar",2,1.15019489861924,200,"model3_overdisp",TRUE,FALSE,"Overdispersion 0.7 <1; consider setting overdisp=FALSE"
210,14540,"Kuifmees","crested tit",2004,1997,"index_100 = eerste analysejaar vanaf eerste positieve jaar",1.66666666666667,0.98993015272112,166.666666666667,"model3_overdisp",TRUE,FALSE,"Overdispersion 0.7 <1; consider setting overdisp=FALSE"
210,14540,"Kuifmees","crested tit",2005,1997,"index_100 = eerste analysejaar vanaf eerste positieve jaar",2.66666666666667,1.46830370018815,266.666666666667,"model3_overdisp",TRUE,FALSE,"Overdispersion 0.7 <1; consider setting overdisp=FALSE"
210,14540,"Kuifmees","crested tit",2006,1997,"index_100 = eerste analysejaar vanaf eerste positieve jaar",3,1.62662122499967,300,"model3_overdisp",TRUE,FALSE,"Overdispersion 0.7 <1; consider setting overdisp=FALSE"
210,14540,"Kuifmees","crested tit",2007,1997,"index_100 = eerste analysejaar vanaf eerste positieve jaar",2.33333333333333,1.30955449971214,233.333333333333,"model3_overdisp",TRUE,FALSE,"Overdispersion 0.7 <1; consider setting overdisp=FALSE"
210,14540,"Kuifmees","crested tit",2008,1997,"index_100 = eerste analysejaar vanaf eerste positieve jaar",1.23195821107068,0.819556677227758,123.195821107068,"model3_overdisp",TRUE,FALSE,"Overdispersion 0.7 <1; consider setting overdisp=FALSE"
210,14540,"Kuifmees","crested tit",2009,1997,"index_100 = eerste analysejaar vanaf eerste positieve jaar",2.56491197005374,1.53252485639408,256.491197005374,"model3_overdisp",TRUE,FALSE,"Overdispersion 0.7 <1; consider setting overdisp=FALSE"
210,14540,"Kuifmees","crested tit",2010,1997,"index_100 = eerste analysejaar vanaf eerste positieve jaar",0.356204772592979,0.334615644351905,35.6204772592979,"model3_overdisp",TRUE,FALSE,"Overdispersion 0.7 <1; consider setting overdisp=FALSE"
210,14540,"Kuifmees","crested tit",2011,1997,"index_100 = eerste analysejaar vanaf eerste positieve jaar",1.0259647880215,0.764632089569258,102.59647880215,"model3_overdisp",TRUE,FALSE,"Overdispersion 0.7 <1; consider setting overdisp=FALSE"
210,14540,"Kuifmees","crested tit",2012,1997,"index_100 = eerste analysejaar vanaf eerste positieve jaar",0.666666666666667,0.494965076360562,66.6666666666667,"model3_overdisp",TRUE,FALSE,"Overdispersion 0.7 <1; consider setting overdisp=FALSE"
210,14540,"Kuifmees","crested tit",2013,1997,"index_100 = eerste analysejaar vanaf eerste positieve jaar",1.7810238629649,1.05858848495207,178.10238629649,"model3_overdisp",TRUE,FALSE,"Overdispersion 0.7 <1; consider setting overdisp=FALSE"
210,14540,"Kuifmees","crested tit",2014,1997,"index_100 = eerste analysejaar vanaf eerste positieve jaar",0.569230174933436,0.536192656017059,56.9230174933436,"model3_overdisp",TRUE,FALSE,"Overdispersion 0.7 <1; consider setting overdisp=FALSE"
210,14540,"Kuifmees","crested tit",2015,1997,"index_100 = eerste analysejaar vanaf eerste positieve jaar",0.512982394010749,0.482907160747957,51.2982394010749,"model3_overdisp",TRUE,FALSE,"Overdispersion 0.7 <1; consider setting overdisp=FALSE"
210,14540,"Kuifmees","crested tit",2016,1997,"index_100 = eerste analysejaar vanaf eerste positieve jaar",0.512982394010749,0.482907160747957,51.2982394010749,"model3_overdisp",TRUE,FALSE,"Overdispersion 0.7 <1; consider setting overdisp=FALSE"
210,14540,"Kuifmees","crested tit",2017,1997,"index_100 = eerste analysejaar vanaf eerste positieve jaar",1.33333333333333,0.828234987842534,133.333333333333,"model3_overdisp",TRUE,FALSE,"Overdispersion 0.7 <1; consider setting overdisp=FALSE"
210,14540,"Kuifmees","crested tit",2018,1997,"index_100 = eerste analysejaar vanaf eerste positieve jaar",0.666666666666667,0.494965076360562,66.6666666666667,"model3_overdisp",TRUE,FALSE,"Overdispersion 0.7 <1; consider setting overdisp=FALSE"
210,14540,"Kuifmees","crested tit",2019,1997,"index_100 = eerste analysejaar vanaf eerste positieve jaar",1.53894718203225,1.02683431939734,153.894718203225,"model3_overdisp",TRUE,FALSE,"Overdispersion 0.7 <1; consider setting overdisp=FALSE"
210,14540,"Kuifmees","crested tit",2020,1997,"index_100 = eerste analysejaar vanaf eerste positieve jaar",1.42481909037192,0.885625980721498,142.481909037192,"model3_overdisp",TRUE,FALSE,"Overdispersion 0.7 <1; consider setting overdisp=FALSE"
210,14540,"Kuifmees","crested tit",2021,1997,"index_100 = eerste analysejaar vanaf eerste positieve jaar",1,0.664065334338353,100,"model3_overdisp",TRUE,FALSE,"Overdispersion 0.7 <1; consider setting overdisp=FALSE"
210,14540,"Kuifmees","crested tit",2022,1997,"index_100 = eerste analysejaar vanaf eerste positieve jaar",1.68336856916199,0.999943718871875,168.336856916199,"model3_overdisp",TRUE,FALSE,"Overdispersion 0.7 <1; consider setting overdisp=FALSE"
212,14610,"Zwarte Mees","coal tit",1997,1997,"index_100 = eerste analysejaar vanaf eerste positieve jaar",1,0,100,"model2_basis",FALSE,FALSE,"Data ends with 2 years without positive observations."
212,14610,"Zwarte Mees","coal tit",1998,1997,"index_100 = eerste analysejaar vanaf eerste positieve jaar",1.03390263302422,1.20717597851147,103.390263302422,"model2_basis",FALSE,FALSE,"Data ends with 2 years without positive observations."
212,14610,"Zwarte Mees","coal tit",1999,1997,"index_100 = eerste analysejaar vanaf eerste positieve jaar",0,0.816127964791983,0,"model2_basis",FALSE,FALSE,"Data ends with 2 years without positive observations."
212,14610,"Zwarte Mees","coal tit",2000,1997,"index_100 = eerste analysejaar vanaf eerste positieve jaar",0.0308465927137398,0.790164557681942,3.08465927137398,"model2_basis",FALSE,FALSE,"Data ends with 2 years without positive observations."
212,14610,"Zwarte Mees","coal tit",2001,1997,"index_100 = eerste analysejaar vanaf eerste positieve jaar",1,1.15654244570039,100,"model2_basis",FALSE,FALSE,"Data ends with 2 years without positive observations."
212,14610,"Zwarte Mees","coal tit",2002,1997,"index_100 = eerste analysejaar vanaf eerste positieve jaar",3.5,3.08444283383819,350,"model2_basis",FALSE,FALSE,"Data ends with 2 years without positive observations."
212,14610,"Zwarte Mees","coal tit",2003,1997,"index_100 = eerste analysejaar vanaf eerste positieve jaar",2.5,2.261207690736,250,"model2_basis",FALSE,FALSE,"Data ends with 2 years without positive observations."
212,14610,"Zwarte Mees","coal tit",2004,1997,"index_100 = eerste analysejaar vanaf eerste positieve jaar",1,1.12265131880608,100,"model2_basis",FALSE,FALSE,"Data ends with 2 years without positive observations."
212,14610,"Zwarte Mees","coal tit",2005,1997,"index_100 = eerste analysejaar vanaf eerste positieve jaar",1.5,1.46570794121057,150,"model2_basis",FALSE,FALSE,"Data ends with 2 years without positive observations."
212,14610,"Zwarte Mees","coal tit",2006,1997,"index_100 = eerste analysejaar vanaf eerste positieve jaar",1.5,1.45802465630345,150,"model2_basis",FALSE,FALSE,"Data ends with 2 years without positive observations."
212,14610,"Zwarte Mees","coal tit",2007,1997,"index_100 = eerste analysejaar vanaf eerste positieve jaar",1,1.09220343946286,100,"model2_basis",FALSE,FALSE,"Data ends with 2 years without positive observations."
212,14610,"Zwarte Mees","coal tit",2008,1997,"index_100 = eerste analysejaar vanaf eerste positieve jaar",1.52147668848157,1.45562390187946,152.147668848157,"model2_basis",FALSE,FALSE,"Data ends with 2 years without positive observations."
212,14610,"Zwarte Mees","coal tit",2009,1997,"index_100 = eerste analysejaar vanaf eerste positieve jaar",0.837775160560103,0.875014152026679,83.7775160560103,"model2_basis",FALSE,FALSE,"Data ends with 2 years without positive observations."
212,14610,"Zwarte Mees","coal tit",2010,1997,"index_100 = eerste analysejaar vanaf eerste positieve jaar",0.0403058548999708,0.622155468351843,4.03058548999708,"model2_basis",FALSE,FALSE,"Data ends with 2 years without positive observations."
212,14610,"Zwarte Mees","coal tit",2011,1997,"index_100 = eerste analysejaar vanaf eerste positieve jaar",0.289720159181791,0.55899983293031,28.9720159181791,"model2_basis",FALSE,FALSE,"Data ends with 2 years without positive observations."
212,14610,"Zwarte Mees","coal tit",2012,1997,"index_100 = eerste analysejaar vanaf eerste positieve jaar",0.5,0.743048565132931,50,"model2_basis",FALSE,FALSE,"Data ends with 2 years without positive observations."
212,14610,"Zwarte Mees","coal tit",2013,1997,"index_100 = eerste analysejaar vanaf eerste positieve jaar",0.535188696666301,0.739344971218843,53.51886966663,"model2_basis",FALSE,FALSE,"Data ends with 2 years without positive observations."
212,14610,"Zwarte Mees","coal tit",2014,1997,"index_100 = eerste analysejaar vanaf eerste positieve jaar",0.78656946492537,0.816021811527919,78.656946492537,"model2_basis",FALSE,FALSE,"Data ends with 2 years without positive observations."
212,14610,"Zwarte Mees","coal tit",2015,1997,"index_100 = eerste analysejaar vanaf eerste positieve jaar",0.241745709182666,0.510318029207577,24.1745709182666,"model2_basis",FALSE,FALSE,"Data ends with 2 years without positive observations."
212,14610,"Zwarte Mees","coal tit",2016,1997,"index_100 = eerste analysejaar vanaf eerste positieve jaar",1.23104883827918,1.152279153602,123.104883827918,"model2_basis",FALSE,FALSE,"Data ends with 2 years without positive observations."
212,14610,"Zwarte Mees","coal tit",2017,1997,"index_100 = eerste analysejaar vanaf eerste positieve jaar",0.5,0.690816077988834,50,"model2_basis",FALSE,FALSE,"Data ends with 2 years without positive observations."
212,14610,"Zwarte Mees","coal tit",2018,1997,"index_100 = eerste analysejaar vanaf eerste positieve jaar",0.5,0.681304942955738,50,"model2_basis",FALSE,FALSE,"Data ends with 2 years without positive observations."
212,14610,"Zwarte Mees","coal tit",2019,1997,"index_100 = eerste analysejaar vanaf eerste positieve jaar",1.20171529683428,1.12264644070591,120.171529683428,"model2_basis",FALSE,FALSE,"Data ends with 2 years without positive observations."
212,14610,"Zwarte Mees","coal tit",2020,1997,"index_100 = eerste analysejaar vanaf eerste positieve jaar",0.525634112457751,0.670890924057838,52.5634112457751,"model2_basis",FALSE,FALSE,"Data ends with 2 years without positive observations."
212,14610,"Zwarte Mees","coal tit",2021,1997,"index_100 = eerste analysejaar vanaf eerste positieve jaar",0,0.496081946327875,0,"model2_basis",FALSE,FALSE,"Data ends with 2 years without positive observations."
212,14610,"Zwarte Mees","coal tit",2022,1997,"index_100 = eerste analysejaar vanaf eerste positieve jaar",0.0210697600516555,0.476868560721895,2.10697600516555,"model2_basis",FALSE,FALSE,"Data ends with 2 years without positive observations."
213,14620,"Pimpelmees","blue tit",1997,1997,"index_100 = eerste analysejaar vanaf eerste positieve jaar",1,0,100,"model3_overdisp",TRUE,FALSE,NA
213,14620,"Pimpelmees","blue tit",1998,1997,"index_100 = eerste analysejaar vanaf eerste positieve jaar",0.921608495010636,0.118728178945172,92.1608495010636,"model3_overdisp",TRUE,FALSE,NA
213,14620,"Pimpelmees","blue tit",1999,1997,"index_100 = eerste analysejaar vanaf eerste positieve jaar",0.963235294117647,0.120386993061169,96.3235294117647,"model3_overdisp",TRUE,FALSE,NA
213,14620,"Pimpelmees","blue tit",2000,1997,"index_100 = eerste analysejaar vanaf eerste positieve jaar",0.820064566657266,0.113231174117894,82.0064566657266,"model3_overdisp",TRUE,FALSE,NA
213,14620,"Pimpelmees","blue tit",2001,1997,"index_100 = eerste analysejaar vanaf eerste positieve jaar",1.07352941176471,0.130613861922946,107.352941176471,"model3_overdisp",TRUE,FALSE,NA
213,14620,"Pimpelmees","blue tit",2002,1997,"index_100 = eerste analysejaar vanaf eerste positieve jaar",1.00735294117647,0.124488689662214,100.735294117647,"model3_overdisp",TRUE,FALSE,NA
213,14620,"Pimpelmees","blue tit",2003,1997,"index_100 = eerste analysejaar vanaf eerste positieve jaar",0.985294117647059,0.122439788250276,98.5294117647059,"model3_overdisp",TRUE,FALSE,NA
213,14620,"Pimpelmees","blue tit",2004,1997,"index_100 = eerste analysejaar vanaf eerste positieve jaar",0.99264705882353,0.123123178422396,99.2647058823529,"model3_overdisp",TRUE,FALSE,NA
213,14620,"Pimpelmees","blue tit",2005,1997,"index_100 = eerste analysejaar vanaf eerste positieve jaar",1.04411764705882,0.127895380622683,104.411764705882,"model3_overdisp",TRUE,FALSE,NA
213,14620,"Pimpelmees","blue tit",2006,1997,"index_100 = eerste analysejaar vanaf eerste positieve jaar",0.911764705882353,0.115580829012715,91.1764705882353,"model3_overdisp",TRUE,FALSE,NA
213,14620,"Pimpelmees","blue tit",2007,1997,"index_100 = eerste analysejaar vanaf eerste positieve jaar",1.07180073768692,0.132295966349686,107.180073768692,"model3_overdisp",TRUE,FALSE,NA
213,14620,"Pimpelmees","blue tit",2008,1997,"index_100 = eerste analysejaar vanaf eerste positieve jaar",0.990261357539516,0.130621763449539,99.0261357539516,"model3_overdisp",TRUE,FALSE,NA
213,14620,"Pimpelmees","blue tit",2009,1997,"index_100 = eerste analysejaar vanaf eerste positieve jaar",0.895092736530264,0.120649495341708,89.5092736530264,"model3_overdisp",TRUE,FALSE,NA
213,14620,"Pimpelmees","blue tit",2010,1997,"index_100 = eerste analysejaar vanaf eerste positieve jaar",1.11489441502626,0.136432791290956,111.489441502626,"model3_overdisp",TRUE,FALSE,NA
213,14620,"Pimpelmees","blue tit",2011,1997,"index_100 = eerste analysejaar vanaf eerste positieve jaar",0.819751454256465,0.110721187989846,81.9751454256465,"model3_overdisp",TRUE,FALSE,NA
213,14620,"Pimpelmees","blue tit",2012,1997,"index_100 = eerste analysejaar vanaf eerste positieve jaar",1.22164768904846,0.145094880452485,122.164768904846,"model3_overdisp",TRUE,FALSE,NA
213,14620,"Pimpelmees","blue tit",2013,1997,"index_100 = eerste analysejaar vanaf eerste positieve jaar",0.920716162172123,0.118619633544569,92.0716162172123,"model3_overdisp",TRUE,FALSE,NA
213,14620,"Pimpelmees","blue tit",2014,1997,"index_100 = eerste analysejaar vanaf eerste positieve jaar",1.1623404634039,0.145939988884821,116.23404634039,"model3_overdisp",TRUE,FALSE,NA
213,14620,"Pimpelmees","blue tit",2015,1997,"index_100 = eerste analysejaar vanaf eerste positieve jaar",1.010198761811,0.128808034598857,101.0198761811,"model3_overdisp",TRUE,FALSE,NA
213,14620,"Pimpelmees","blue tit",2016,1997,"index_100 = eerste analysejaar vanaf eerste positieve jaar",0.794910501097178,0.108329835792942,79.4910501097178,"model3_overdisp",TRUE,FALSE,NA
213,14620,"Pimpelmees","blue tit",2017,1997,"index_100 = eerste analysejaar vanaf eerste positieve jaar",0.835780280896811,0.110939717101967,83.5780280896811,"model3_overdisp",TRUE,FALSE,NA
213,14620,"Pimpelmees","blue tit",2018,1997,"index_100 = eerste analysejaar vanaf eerste positieve jaar",0.845588235294118,0.109363920245325,84.5588235294118,"model3_overdisp",TRUE,FALSE,NA
213,14620,"Pimpelmees","blue tit",2019,1997,"index_100 = eerste analysejaar vanaf eerste positieve jaar",0.952236537772661,0.123343960522794,95.2236537772662,"model3_overdisp",TRUE,FALSE,NA
213,14620,"Pimpelmees","blue tit",2020,1997,"index_100 = eerste analysejaar vanaf eerste positieve jaar",0.797323898025349,0.109343605733094,79.7323898025349,"model3_overdisp",TRUE,FALSE,NA
213,14620,"Pimpelmees","blue tit",2021,1997,"index_100 = eerste analysejaar vanaf eerste positieve jaar",0.808823529411765,0.105889326182232,80.8823529411765,"model3_overdisp",TRUE,FALSE,NA
213,14620,"Pimpelmees","blue tit",2022,1997,"index_100 = eerste analysejaar vanaf eerste positieve jaar",0.844111134696686,0.111138257622363,84.4111134696686,"model3_overdisp",TRUE,FALSE,NA
214,14640,"Koolmees","great tit",1997,1997,"index_100 = eerste analysejaar vanaf eerste positieve jaar",1,0,100,"model3_overdisp",TRUE,FALSE,NA
214,14640,"Koolmees","great tit",1998,1997,"index_100 = eerste analysejaar vanaf eerste positieve jaar",0.890709014338723,0.0874166223460292,89.0709014338723,"model3_overdisp",TRUE,FALSE,NA
214,14640,"Koolmees","great tit",1999,1997,"index_100 = eerste analysejaar vanaf eerste positieve jaar",0.879858657243816,0.0852540627242642,87.9858657243816,"model3_overdisp",TRUE,FALSE,NA
214,14640,"Koolmees","great tit",2000,1997,"index_100 = eerste analysejaar vanaf eerste positieve jaar",0.851126565683559,0.0874646033857725,85.1126565683559,"model3_overdisp",TRUE,FALSE,NA
214,14640,"Koolmees","great tit",2001,1997,"index_100 = eerste analysejaar vanaf eerste positieve jaar",0.855123674911661,0.0834923969390287,85.5123674911661,"model3_overdisp",TRUE,FALSE,NA
214,14640,"Koolmees","great tit",2002,1997,"index_100 = eerste analysejaar vanaf eerste positieve jaar",0.787985865724382,0.078684154851746,78.7985865724382,"model3_overdisp",TRUE,FALSE,NA
214,14640,"Koolmees","great tit",2003,1997,"index_100 = eerste analysejaar vanaf eerste positieve jaar",0.823321554770318,0.0812198916509679,82.3321554770318,"model3_overdisp",TRUE,FALSE,NA
214,14640,"Koolmees","great tit",2004,1997,"index_100 = eerste analysejaar vanaf eerste positieve jaar",0.826855123674912,0.0814728286325144,82.6855123674912,"model3_overdisp",TRUE,FALSE,NA
214,14640,"Koolmees","great tit",2005,1997,"index_100 = eerste analysejaar vanaf eerste positieve jaar",0.752650176678445,0.0761360312280741,75.2650176678445,"model3_overdisp",TRUE,FALSE,NA
214,14640,"Koolmees","great tit",2006,1997,"index_100 = eerste analysejaar vanaf eerste positieve jaar",0.752650176678445,0.0761360312280741,75.2650176678445,"model3_overdisp",TRUE,FALSE,NA
214,14640,"Koolmees","great tit",2007,1997,"index_100 = eerste analysejaar vanaf eerste positieve jaar",0.913498796165246,0.0889524240237056,91.3498796165246,"model3_overdisp",TRUE,FALSE,NA
214,14640,"Koolmees","great tit",2008,1997,"index_100 = eerste analysejaar vanaf eerste positieve jaar",0.842386608146182,0.0879031921890234,84.2386608146182,"model3_overdisp",TRUE,FALSE,NA
214,14640,"Koolmees","great tit",2009,1997,"index_100 = eerste analysejaar vanaf eerste positieve jaar",0.659152166823124,0.0729755549583387,65.9152166823124,"model3_overdisp",TRUE,FALSE,NA
214,14640,"Koolmees","great tit",2010,1997,"index_100 = eerste analysejaar vanaf eerste positieve jaar",0.949017280949264,0.0914398340521663,94.9017280949264,"model3_overdisp",TRUE,FALSE,NA
214,14640,"Koolmees","great tit",2011,1997,"index_100 = eerste analysejaar vanaf eerste positieve jaar",0.836523485913139,0.084503628265986,83.6523485913139,"model3_overdisp",TRUE,FALSE,NA
214,14640,"Koolmees","great tit",2012,1997,"index_100 = eerste analysejaar vanaf eerste positieve jaar",0.833590218370703,0.0826516862942759,83.3590218370703,"model3_overdisp",TRUE,FALSE,NA
214,14640,"Koolmees","great tit",2013,1997,"index_100 = eerste analysejaar vanaf eerste positieve jaar",0.985607948534053,0.0942118305723736,98.5607948534053,"model3_overdisp",TRUE,FALSE,NA
214,14640,"Koolmees","great tit",2014,1997,"index_100 = eerste analysejaar vanaf eerste positieve jaar",1.00889959124002,0.0986195213839547,100.889959124002,"model3_overdisp",TRUE,FALSE,NA
214,14640,"Koolmees","great tit",2015,1997,"index_100 = eerste analysejaar vanaf eerste positieve jaar",0.914339624137617,0.090109062637178,91.4339624137617,"model3_overdisp",TRUE,FALSE,NA
214,14640,"Koolmees","great tit",2016,1997,"index_100 = eerste analysejaar vanaf eerste positieve jaar",0.879322361936602,0.0875931921841038,87.9322361936602,"model3_overdisp",TRUE,FALSE,NA
214,14640,"Koolmees","great tit",2017,1997,"index_100 = eerste analysejaar vanaf eerste positieve jaar",0.892570371739377,0.0883538263174281,89.2570371739377,"model3_overdisp",TRUE,FALSE,NA
214,14640,"Koolmees","great tit",2018,1997,"index_100 = eerste analysejaar vanaf eerste positieve jaar",0.823321554770318,0.0812198916509679,82.3321554770318,"model3_overdisp",TRUE,FALSE,NA
214,14640,"Koolmees","great tit",2019,1997,"index_100 = eerste analysejaar vanaf eerste positieve jaar",1.01550060382944,0.0973246670944265,101.550060382944,"model3_overdisp",TRUE,FALSE,NA
214,14640,"Koolmees","great tit",2020,1997,"index_100 = eerste analysejaar vanaf eerste positieve jaar",0.826168674320986,0.0850045833991258,82.6168674320986,"model3_overdisp",TRUE,FALSE,NA
214,14640,"Koolmees","great tit",2021,1997,"index_100 = eerste analysejaar vanaf eerste positieve jaar",0.812720848056537,0.0804604014352406,81.2720848056537,"model3_overdisp",TRUE,FALSE,NA
214,14640,"Koolmees","great tit",2022,1997,"index_100 = eerste analysejaar vanaf eerste positieve jaar",0.826823365321721,0.0831517978607533,82.6823365321721,"model3_overdisp",TRUE,FALSE,NA
215,14790,"Boomklever","nuthatch",1997,1997,"index_100 = eerste analysejaar vanaf eerste positieve jaar",1,0,100,"model3_overdisp",TRUE,FALSE,"Overdispersion 0.8 <1; consider setting overdisp=FALSE"
215,14790,"Boomklever","nuthatch",1998,1997,"index_100 = eerste analysejaar vanaf eerste positieve jaar",3,3.11502427621214,300,"model3_overdisp",TRUE,FALSE,"Overdispersion 0.8 <1; consider setting overdisp=FALSE"
215,14790,"Boomklever","nuthatch",1999,1997,"index_100 = eerste analysejaar vanaf eerste positieve jaar",2,2.20265478927033,200,"model3_overdisp",TRUE,FALSE,"Overdispersion 0.8 <1; consider setting overdisp=FALSE"
215,14790,"Boomklever","nuthatch",2000,1997,"index_100 = eerste analysejaar vanaf eerste positieve jaar",3.85912708009992,4.01174993508225,385.912708009992,"model3_overdisp",TRUE,FALSE,"Overdispersion 0.8 <1; consider setting overdisp=FALSE"
215,14790,"Boomklever","nuthatch",2001,1997,"index_100 = eerste analysejaar vanaf eerste positieve jaar",4,4.02147904826715,400,"model3_overdisp",TRUE,FALSE,"Overdispersion 0.8 <1; consider setting overdisp=FALSE"
215,14790,"Boomklever","nuthatch",2002,1997,"index_100 = eerste analysejaar vanaf eerste positieve jaar",5,4.92528583977391,500,"model3_overdisp",TRUE,FALSE,"Overdispersion 0.8 <1; consider setting overdisp=FALSE"
215,14790,"Boomklever","nuthatch",2003,1997,"index_100 = eerste analysejaar vanaf eerste positieve jaar",4,4.02147904826715,400,"model3_overdisp",TRUE,FALSE,"Overdispersion 0.8 <1; consider setting overdisp=FALSE"
215,14790,"Boomklever","nuthatch",2004,1997,"index_100 = eerste analysejaar vanaf eerste positieve jaar",3,3.11502427621214,300,"model3_overdisp",TRUE,FALSE,"Overdispersion 0.8 <1; consider setting overdisp=FALSE"
215,14790,"Boomklever","nuthatch",2005,1997,"index_100 = eerste analysejaar vanaf eerste positieve jaar",4,4.02147904826715,400,"model3_overdisp",TRUE,FALSE,"Overdispersion 0.8 <1; consider setting overdisp=FALSE"
215,14790,"Boomklever","nuthatch",2006,1997,"index_100 = eerste analysejaar vanaf eerste positieve jaar",5,4.92528583977391,500,"model3_overdisp",TRUE,FALSE,"Overdispersion 0.8 <1; consider setting overdisp=FALSE"
215,14790,"Boomklever","nuthatch",2007,1997,"index_100 = eerste analysejaar vanaf eerste positieve jaar",3,3.11502427621214,300,"model3_overdisp",TRUE,FALSE,"Overdispersion 0.8 <1; consider setting overdisp=FALSE"
215,14790,"Boomklever","nuthatch",2008,1997,"index_100 = eerste analysejaar vanaf eerste positieve jaar",1.36975715274279,1.7437709933757,136.975715274279,"model3_overdisp",TRUE,FALSE,"Overdispersion 0.8 <1; consider setting overdisp=FALSE"
215,14790,"Boomklever","nuthatch",2009,1997,"index_100 = eerste analysejaar vanaf eerste positieve jaar",3.20013238842577,4.09619318085806,320.013238842577,"model3_overdisp",TRUE,FALSE,"Overdispersion 0.8 <1; consider setting overdisp=FALSE"
215,14790,"Boomklever","nuthatch",2010,1997,"index_100 = eerste analysejaar vanaf eerste positieve jaar",4,4.02147904826715,400,"model3_overdisp",TRUE,FALSE,"Overdispersion 0.8 <1; consider setting overdisp=FALSE"
215,14790,"Boomklever","nuthatch",2011,1997,"index_100 = eerste analysejaar vanaf eerste positieve jaar",3.20013238842577,4.09619318085806,320.013238842577,"model3_overdisp",TRUE,FALSE,"Overdispersion 0.8 <1; consider setting overdisp=FALSE"
215,14790,"Boomklever","nuthatch",2012,1997,"index_100 = eerste analysejaar vanaf eerste positieve jaar",5,4.92528583977391,500,"model3_overdisp",TRUE,FALSE,"Overdispersion 0.8 <1; consider setting overdisp=FALSE"
215,14790,"Boomklever","nuthatch",2013,1997,"index_100 = eerste analysejaar vanaf eerste positieve jaar",2,2.20265478927033,200,"model3_overdisp",TRUE,FALSE,"Overdispersion 0.8 <1; consider setting overdisp=FALSE"
215,14790,"Boomklever","nuthatch",2014,1997,"index_100 = eerste analysejaar vanaf eerste positieve jaar",3.20013238842577,4.09619318085806,320.013238842577,"model3_overdisp",TRUE,FALSE,"Overdispersion 0.8 <1; consider setting overdisp=FALSE"
215,14790,"Boomklever","nuthatch",2015,1997,"index_100 = eerste analysejaar vanaf eerste positieve jaar",3.20013238842577,4.09619318085806,320.013238842577,"model3_overdisp",TRUE,FALSE,"Overdispersion 0.8 <1; consider setting overdisp=FALSE"
215,14790,"Boomklever","nuthatch",2016,1997,"index_100 = eerste analysejaar vanaf eerste positieve jaar",3.20013238842577,4.09619318085806,320.013238842577,"model3_overdisp",TRUE,FALSE,"Overdispersion 0.8 <1; consider setting overdisp=FALSE"
215,14790,"Boomklever","nuthatch",2017,1997,"index_100 = eerste analysejaar vanaf eerste positieve jaar",2.09934401339716,2.31244175807301,209.934401339716,"model3_overdisp",TRUE,FALSE,"Overdispersion 0.8 <1; consider setting overdisp=FALSE"
215,14790,"Boomklever","nuthatch",2018,1997,"index_100 = eerste analysejaar vanaf eerste positieve jaar",6,5.82767679653465,600,"model3_overdisp",TRUE,FALSE,"Overdispersion 0.8 <1; consider setting overdisp=FALSE"
215,14790,"Boomklever","nuthatch",2019,1997,"index_100 = eerste analysejaar vanaf eerste positieve jaar",12.8005295537031,13.0034603498213,1280.05295537031,"model3_overdisp",TRUE,FALSE,"Overdispersion 0.8 <1; consider setting overdisp=FALSE"
215,14790,"Boomklever","nuthatch",2020,1997,"index_100 = eerste analysejaar vanaf eerste positieve jaar",8.39737605358865,8.01096814049146,839.737605358865,"model3_overdisp",TRUE,FALSE,"Overdispersion 0.8 <1; consider setting overdisp=FALSE"
215,14790,"Boomklever","nuthatch",2021,1997,"index_100 = eerste analysejaar vanaf eerste positieve jaar",11,10.3313667370441,1100,"model3_overdisp",TRUE,FALSE,"Overdispersion 0.8 <1; consider setting overdisp=FALSE"
215,14790,"Boomklever","nuthatch",2022,1997,"index_100 = eerste analysejaar vanaf eerste positieve jaar",11,10.3313667370441,1100,"model3_overdisp",TRUE,FALSE,"Overdispersion 0.8 <1; consider setting overdisp=FALSE"
217,14870,"Boomkruiper","short-toed treecreeper",1997,1997,"index_100 = eerste analysejaar vanaf eerste positieve jaar",1,0,100,"model3_overdisp",TRUE,FALSE,"Overdispersion 1.0 <1; consider setting overdisp=FALSE"
217,14870,"Boomkruiper","short-toed treecreeper",1998,1997,"index_100 = eerste analysejaar vanaf eerste positieve jaar",0.722073191407868,0.286551451839174,72.2073191407868,"model3_overdisp",TRUE,FALSE,"Overdispersion 1.0 <1; consider setting overdisp=FALSE"
217,14870,"Boomkruiper","short-toed treecreeper",1999,1997,"index_100 = eerste analysejaar vanaf eerste positieve jaar",0.8125,0.29848657359365,81.25,"model3_overdisp",TRUE,FALSE,"Overdispersion 1.0 <1; consider setting overdisp=FALSE"
217,14870,"Boomkruiper","short-toed treecreeper",2000,1997,"index_100 = eerste analysejaar vanaf eerste positieve jaar",1.11768846671505,0.395582558636123,111.768846671505,"model3_overdisp",TRUE,FALSE,"Overdispersion 1.0 <1; consider setting overdisp=FALSE"
217,14870,"Boomkruiper","short-toed treecreeper",2001,1997,"index_100 = eerste analysejaar vanaf eerste positieve jaar",1.25,0.412496600494915,125,"model3_overdisp",TRUE,FALSE,"Overdispersion 1.0 <1; consider setting overdisp=FALSE"
217,14870,"Boomkruiper","short-toed treecreeper",2002,1997,"index_100 = eerste analysejaar vanaf eerste positieve jaar",1.3125,0.42851362465574,131.25,"model3_overdisp",TRUE,FALSE,"Overdispersion 1.0 <1; consider setting overdisp=FALSE"
217,14870,"Boomkruiper","short-toed treecreeper",2003,1997,"index_100 = eerste analysejaar vanaf eerste positieve jaar",1.4375,0.460415935959624,143.75,"model3_overdisp",TRUE,FALSE,"Overdispersion 1.0 <1; consider setting overdisp=FALSE"
217,14870,"Boomkruiper","short-toed treecreeper",2004,1997,"index_100 = eerste analysejaar vanaf eerste positieve jaar",1.4375,0.460415935959624,143.75,"model3_overdisp",TRUE,FALSE,"Overdispersion 1.0 <1; consider setting overdisp=FALSE"
217,14870,"Boomkruiper","short-toed treecreeper",2005,1997,"index_100 = eerste analysejaar vanaf eerste positieve jaar",1.5,0.476310046671089,150,"model3_overdisp",TRUE,FALSE,"Overdispersion 1.0 <1; consider setting overdisp=FALSE"
217,14870,"Boomkruiper","short-toed treecreeper",2006,1997,"index_100 = eerste analysejaar vanaf eerste positieve jaar",1.5625,0.492171042924665,156.25,"model3_overdisp",TRUE,FALSE,"Overdispersion 1.0 <1; consider setting overdisp=FALSE"
217,14870,"Boomkruiper","short-toed treecreeper",2007,1997,"index_100 = eerste analysejaar vanaf eerste positieve jaar",1.43296549401646,0.463334728369848,143.296549401646,"model3_overdisp",TRUE,FALSE,"Overdispersion 1.0 <1; consider setting overdisp=FALSE"
217,14870,"Boomkruiper","short-toed treecreeper",2008,1997,"index_100 = eerste analysejaar vanaf eerste positieve jaar",1.70123171793627,0.55073138375834,170.123171793627,"model3_overdisp",TRUE,FALSE,"Overdispersion 1.0 <1; consider setting overdisp=FALSE"
217,14870,"Boomkruiper","short-toed treecreeper",2009,1997,"index_100 = eerste analysejaar vanaf eerste positieve jaar",2.14128342444559,0.688157543615934,214.128342444559,"model3_overdisp",TRUE,FALSE,"Overdispersion 1.0 <1; consider setting overdisp=FALSE"
217,14870,"Boomkruiper","short-toed treecreeper",2010,1997,"index_100 = eerste analysejaar vanaf eerste positieve jaar",1.5309659040618,0.486212748171093,153.09659040618,"model3_overdisp",TRUE,FALSE,"Overdispersion 1.0 <1; consider setting overdisp=FALSE"
217,14870,"Boomkruiper","short-toed treecreeper",2011,1997,"index_100 = eerste analysejaar vanaf eerste positieve jaar",2.79238390355571,0.827329530122266,279.238390355571,"model3_overdisp",TRUE,FALSE,"Overdispersion 1.0 <1; consider setting overdisp=FALSE"
217,14870,"Boomkruiper","short-toed treecreeper",2012,1997,"index_100 = eerste analysejaar vanaf eerste positieve jaar",2.58149790434525,0.748710861786941,258.149790434525,"model3_overdisp",TRUE,FALSE,"Overdispersion 1.0 <1; consider setting overdisp=FALSE"
217,14870,"Boomkruiper","short-toed treecreeper",2013,1997,"index_100 = eerste analysejaar vanaf eerste positieve jaar",2.9053941773896,0.832254565659395,290.53941773896,"model3_overdisp",TRUE,FALSE,"Overdispersion 1.0 <1; consider setting overdisp=FALSE"
217,14870,"Boomkruiper","short-toed treecreeper",2014,1997,"index_100 = eerste analysejaar vanaf eerste positieve jaar",2.74622267824856,0.821253640180594,274.622267824856,"model3_overdisp",TRUE,FALSE,"Overdispersion 1.0 <1; consider setting overdisp=FALSE"
217,14870,"Boomkruiper","short-toed treecreeper",2015,1997,"index_100 = eerste analysejaar vanaf eerste positieve jaar",2.17185414721,0.671045580981312,217.185414721,"model3_overdisp",TRUE,FALSE,"Overdispersion 1.0 <1; consider setting overdisp=FALSE"
217,14870,"Boomkruiper","short-toed treecreeper",2016,1997,"index_100 = eerste analysejaar vanaf eerste positieve jaar",2.7148176840125,0.80786018116314,271.48176840125,"model3_overdisp",TRUE,FALSE,"Overdispersion 1.0 <1; consider setting overdisp=FALSE"
217,14870,"Boomkruiper","short-toed treecreeper",2017,1997,"index_100 = eerste analysejaar vanaf eerste positieve jaar",2.08557186492686,0.631981640110739,208.557186492686,"model3_overdisp",TRUE,FALSE,"Overdispersion 1.0 <1; consider setting overdisp=FALSE"
217,14870,"Boomkruiper","short-toed treecreeper",2018,1997,"index_100 = eerste analysejaar vanaf eerste positieve jaar",3.1875,0.898621106504344,318.75,"model3_overdisp",TRUE,FALSE,"Overdispersion 1.0 <1; consider setting overdisp=FALSE"
217,14870,"Boomkruiper","short-toed treecreeper",2019,1997,"index_100 = eerste analysejaar vanaf eerste positieve jaar",3.64561231853107,1.04068809161061,364.561231853107,"model3_overdisp",TRUE,FALSE,"Overdispersion 1.0 <1; consider setting overdisp=FALSE"
217,14870,"Boomkruiper","short-toed treecreeper",2020,1997,"index_100 = eerste analysejaar vanaf eerste positieve jaar",3.09482406172039,0.886997605321533,309.482406172039,"model3_overdisp",TRUE,FALSE,"Overdispersion 1.0 <1; consider setting overdisp=FALSE"
217,14870,"Boomkruiper","short-toed treecreeper",2021,1997,"index_100 = eerste analysejaar vanaf eerste positieve jaar",3.1875,0.898621106504344,318.75,"model3_overdisp",TRUE,FALSE,"Overdispersion 1.0 <1; consider setting overdisp=FALSE"
217,14870,"Boomkruiper","short-toed treecreeper",2022,1997,"index_100 = eerste analysejaar vanaf eerste positieve jaar",3.46584789163611,0.970791903953453,346.584789163611,"model3_overdisp",TRUE,FALSE,"Overdispersion 1.0 <1; consider setting overdisp=FALSE"
218,15080,"Wielewaal","golden oriole",1997,1997,"index_100 = eerste analysejaar vanaf eerste positieve jaar",1,0,100,"model2_basis",FALSE,FALSE,NA
218,15080,"Wielewaal","golden oriole",1998,1997,"index_100 = eerste analysejaar vanaf eerste positieve jaar",3.18427307397101,3.27567012345307,318.427307397101,"model2_basis",FALSE,FALSE,NA
218,15080,"Wielewaal","golden oriole",1999,1997,"index_100 = eerste analysejaar vanaf eerste positieve jaar",4,4.07765803041369,400,"model2_basis",FALSE,FALSE,NA
218,15080,"Wielewaal","golden oriole",2000,1997,"index_100 = eerste analysejaar vanaf eerste positieve jaar",1.67147117621635,1.87377633604832,167.147117621635,"model2_basis",FALSE,FALSE,NA
218,15080,"Wielewaal","golden oriole",2001,1997,"index_100 = eerste analysejaar vanaf eerste positieve jaar",0.5,1.04814157441779,50,"model2_basis",FALSE,FALSE,NA
218,15080,"Wielewaal","golden oriole",2002,1997,"index_100 = eerste analysejaar vanaf eerste positieve jaar",1,1.34373066021034,100,"model2_basis",FALSE,FALSE,NA
218,15080,"Wielewaal","golden oriole",2003,1997,"index_100 = eerste analysejaar vanaf eerste positieve jaar",0.5,1.02011850493207,50,"model2_basis",FALSE,FALSE,NA
218,15080,"Wielewaal","golden oriole",2004,1997,"index_100 = eerste analysejaar vanaf eerste positieve jaar",1.5,1.72544411670485,150,"model2_basis",FALSE,FALSE,NA
218,15080,"Wielewaal","golden oriole",2005,1997,"index_100 = eerste analysejaar vanaf eerste positieve jaar",2.5,2.62271318949383,250,"model2_basis",FALSE,FALSE,NA
218,15080,"Wielewaal","golden oriole",2006,1997,"index_100 = eerste analysejaar vanaf eerste positieve jaar",2,2.15487925935692,200,"model2_basis",FALSE,FALSE,NA
218,15080,"Wielewaal","golden oriole",2007,1997,"index_100 = eerste analysejaar vanaf eerste positieve jaar",1.08940835175675,1.34395043183564,108.940835175675,"model2_basis",FALSE,FALSE,NA
218,15080,"Wielewaal","golden oriole",2008,1997,"index_100 = eerste analysejaar vanaf eerste positieve jaar",2.10789615012436,2.22843877260014,210.789615012436,"model2_basis",FALSE,FALSE,NA
218,15080,"Wielewaal","golden oriole",2009,1997,"index_100 = eerste analysejaar vanaf eerste positieve jaar",0.695303203043165,1.00950763076183,69.5303203043165,"model2_basis",FALSE,FALSE,NA
218,15080,"Wielewaal","golden oriole",2010,1997,"index_100 = eerste analysejaar vanaf eerste positieve jaar",0.104515006460097,0.763251574369425,10.4515006460097,"model2_basis",FALSE,FALSE,NA
218,15080,"Wielewaal","golden oriole",2011,1997,"index_100 = eerste analysejaar vanaf eerste positieve jaar",1.06539395351114,1.29739795073982,106.539395351114,"model2_basis",FALSE,FALSE,NA
218,15080,"Wielewaal","golden oriole",2012,1997,"index_100 = eerste analysejaar vanaf eerste positieve jaar",0.517612664623295,0.913318290364185,51.7612664623295,"model2_basis",FALSE,FALSE,NA
218,15080,"Wielewaal","golden oriole",2013,1997,"index_100 = eerste analysejaar vanaf eerste positieve jaar",1.09404701083296,1.30091439219926,109.404701083297,"model2_basis",FALSE,FALSE,NA
218,15080,"Wielewaal","golden oriole",2014,1997,"index_100 = eerste analysejaar vanaf eerste positieve jaar",0.649640320079103,0.942683829808946,64.9640320079103,"model2_basis",FALSE,FALSE,NA
218,15080,"Wielewaal","golden oriole",2015,1997,"index_100 = eerste analysejaar vanaf eerste positieve jaar",2.05681016544314,2.15740118411766,205.681016544314,"model2_basis",FALSE,FALSE,NA
218,15080,"Wielewaal","golden oriole",2016,1997,"index_100 = eerste analysejaar vanaf eerste positieve jaar",0.554846405342061,0.88495962293734,55.4846405342061,"model2_basis",FALSE,FALSE,NA
218,15080,"Wielewaal","golden oriole",2017,1997,"index_100 = eerste analysejaar vanaf eerste positieve jaar",0.0472171623754345,0.683983910204641,4.72171623754345,"model2_basis",FALSE,FALSE,NA
218,15080,"Wielewaal","golden oriole",2018,1997,"index_100 = eerste analysejaar vanaf eerste positieve jaar",1,1.20462122563191,100,"model2_basis",FALSE,FALSE,NA
218,15080,"Wielewaal","golden oriole",2019,1997,"index_100 = eerste analysejaar vanaf eerste positieve jaar",2.54935310872629,2.61247059198767,254.935310872629,"model2_basis",FALSE,FALSE,NA
218,15080,"Wielewaal","golden oriole",2020,1997,"index_100 = eerste analysejaar vanaf eerste positieve jaar",0.616007029699237,0.876946400762003,61.6007029699237,"model2_basis",FALSE,FALSE,NA
218,15080,"Wielewaal","golden oriole",2021,1997,"index_100 = eerste analysejaar vanaf eerste positieve jaar",1.5,1.62222930998734,150,"model2_basis",FALSE,FALSE,NA
218,15080,"Wielewaal","golden oriole",2022,1997,"index_100 = eerste analysejaar vanaf eerste positieve jaar",0.549044777683212,0.82916216944244,54.9044777683212,"model2_basis",FALSE,FALSE,NA
222,15390,"Gaai","jay",1997,1997,"index_100 = eerste analysejaar vanaf eerste positieve jaar",1,0,100,"model3_overdisp",TRUE,FALSE,"Overdispersion 0.5 <1; consider setting overdisp=FALSE"
222,15390,"Gaai","jay",1998,1997,"index_100 = eerste analysejaar vanaf eerste positieve jaar",0.935460573936293,0.13425150680901,93.5460573936293,"model3_overdisp",TRUE,FALSE,"Overdispersion 0.5 <1; consider setting overdisp=FALSE"
222,15390,"Gaai","jay",1999,1997,"index_100 = eerste analysejaar vanaf eerste positieve jaar",1.14035087719298,0.153166144413096,114.035087719298,"model3_overdisp",TRUE,FALSE,"Overdispersion 0.5 <1; consider setting overdisp=FALSE"
222,15390,"Gaai","jay",2000,1997,"index_100 = eerste analysejaar vanaf eerste positieve jaar",1.13638504936452,0.159280628238185,113.638504936452,"model3_overdisp",TRUE,FALSE,"Overdispersion 0.5 <1; consider setting overdisp=FALSE"
222,15390,"Gaai","jay",2001,1997,"index_100 = eerste analysejaar vanaf eerste positieve jaar",1.19298245614035,0.158575339322139,119.298245614035,"model3_overdisp",TRUE,FALSE,"Overdispersion 0.5 <1; consider setting overdisp=FALSE"
222,15390,"Gaai","jay",2002,1997,"index_100 = eerste analysejaar vanaf eerste positieve jaar",1.15789473684211,0.154971097966308,115.789473684211,"model3_overdisp",TRUE,FALSE,"Overdispersion 0.5 <1; consider setting overdisp=FALSE"
222,15390,"Gaai","jay",2003,1997,"index_100 = eerste analysejaar vanaf eerste positieve jaar",1.21052631578947,0.16037475445615,121.052631578947,"model3_overdisp",TRUE,FALSE,"Overdispersion 0.5 <1; consider setting overdisp=FALSE"
222,15390,"Gaai","jay",2004,1997,"index_100 = eerste analysejaar vanaf eerste positieve jaar",1.26315789473684,0.165762882378851,126.315789473684,"model3_overdisp",TRUE,FALSE,"Overdispersion 0.5 <1; consider setting overdisp=FALSE"
222,15390,"Gaai","jay",2005,1997,"index_100 = eerste analysejaar vanaf eerste positieve jaar",1.10526315789474,0.149550229650719,110.526315789474,"model3_overdisp",TRUE,FALSE,"Overdispersion 0.5 <1; consider setting overdisp=FALSE"
222,15390,"Gaai","jay",2006,1997,"index_100 = eerste analysejaar vanaf eerste positieve jaar",1.15789473684211,0.154971097966308,115.789473684211,"model3_overdisp",TRUE,FALSE,"Overdispersion 0.5 <1; consider setting overdisp=FALSE"
222,15390,"Gaai","jay",2007,1997,"index_100 = eerste analysejaar vanaf eerste positieve jaar",1.32870117824445,0.174471906177854,132.870117824445,"model3_overdisp",TRUE,FALSE,"Overdispersion 0.5 <1; consider setting overdisp=FALSE"
222,15390,"Gaai","jay",2008,1997,"index_100 = eerste analysejaar vanaf eerste positieve jaar",1.30953171332091,0.177557822139194,130.953171332091,"model3_overdisp",TRUE,FALSE,"Overdispersion 0.5 <1; consider setting overdisp=FALSE"
222,15390,"Gaai","jay",2009,1997,"index_100 = eerste analysejaar vanaf eerste positieve jaar",1.34325205511234,0.179470606303014,134.325205511234,"model3_overdisp",TRUE,FALSE,"Overdispersion 0.5 <1; consider setting overdisp=FALSE"
222,15390,"Gaai","jay",2010,1997,"index_100 = eerste analysejaar vanaf eerste positieve jaar",1.30596806968403,0.172594514827076,130.596806968403,"model3_overdisp",TRUE,FALSE,"Overdispersion 0.5 <1; consider setting overdisp=FALSE"
222,15390,"Gaai","jay",2011,1997,"index_100 = eerste analysejaar vanaf eerste positieve jaar",0.954531697059358,0.136286931640061,95.4531697059358,"model3_overdisp",TRUE,FALSE,"Overdispersion 0.5 <1; consider setting overdisp=FALSE"
222,15390,"Gaai","jay",2012,1997,"index_100 = eerste analysejaar vanaf eerste positieve jaar",0.86448568880488,0.125382882789039,86.448568880488,"model3_overdisp",TRUE,FALSE,"Overdispersion 0.5 <1; consider setting overdisp=FALSE"
222,15390,"Gaai","jay",2013,1997,"index_100 = eerste analysejaar vanaf eerste positieve jaar",0.765510141748343,0.116100661026388,76.5510141748343,"model3_overdisp",TRUE,FALSE,"Overdispersion 0.5 <1; consider setting overdisp=FALSE"
222,15390,"Gaai","jay",2014,1997,"index_100 = eerste analysejaar vanaf eerste positieve jaar",0.80018569484626,0.122329614612899,80.0185694846259,"model3_overdisp",TRUE,FALSE,"Overdispersion 0.5 <1; consider setting overdisp=FALSE"
222,15390,"Gaai","jay",2015,1997,"index_100 = eerste analysejaar vanaf eerste positieve jaar",0.991964312630313,0.140216250171985,99.1964312630313,"model3_overdisp",TRUE,FALSE,"Overdispersion 0.5 <1; consider setting overdisp=FALSE"
222,15390,"Gaai","jay",2016,1997,"index_100 = eerste analysejaar vanaf eerste positieve jaar",0.748652311419104,0.114374853402035,74.8652311419104,"model3_overdisp",TRUE,FALSE,"Overdispersion 0.5 <1; consider setting overdisp=FALSE"
222,15390,"Gaai","jay",2017,1997,"index_100 = eerste analysejaar vanaf eerste positieve jaar",0.705035844738423,0.109344806801577,70.5035844738423,"model3_overdisp",TRUE,FALSE,"Overdispersion 0.5 <1; consider setting overdisp=FALSE"
222,15390,"Gaai","jay",2018,1997,"index_100 = eerste analysejaar vanaf eerste positieve jaar",0.736842105263158,0.110909418688047,73.6842105263158,"model3_overdisp",TRUE,FALSE,"Overdispersion 0.5 <1; consider setting overdisp=FALSE"
222,15390,"Gaai","jay",2019,1997,"index_100 = eerste analysejaar vanaf eerste positieve jaar",0.655070772491716,0.104188529832613,65.5070772491716,"model3_overdisp",TRUE,FALSE,"Overdispersion 0.5 <1; consider setting overdisp=FALSE"
222,15390,"Gaai","jay",2020,1997,"index_100 = eerste analysejaar vanaf eerste positieve jaar",0.712898755563109,0.112458909331294,71.2898755563109,"model3_overdisp",TRUE,FALSE,"Overdispersion 0.5 <1; consider setting overdisp=FALSE"
222,15390,"Gaai","jay",2021,1997,"index_100 = eerste analysejaar vanaf eerste positieve jaar",0.684210526315789,0.105243214997059,68.4210526315789,"model3_overdisp",TRUE,FALSE,"Overdispersion 0.5 <1; consider setting overdisp=FALSE"
222,15390,"Gaai","jay",2022,1997,"index_100 = eerste analysejaar vanaf eerste positieve jaar",0.731308312636819,0.113450756872414,73.1308312636819,"model3_overdisp",TRUE,FALSE,"Overdispersion 0.5 <1; consider setting overdisp=FALSE"
223,15490,"Ekster","magpie",1997,1997,"index_100 = eerste analysejaar vanaf eerste positieve jaar",1,0,100,"model3_overdisp",TRUE,FALSE,"Overdispersion 1.0 <1; consider setting overdisp=FALSE"
223,15490,"Ekster","magpie",1998,1997,"index_100 = eerste analysejaar vanaf eerste positieve jaar",0.597907208762338,0.109392764335691,59.7907208762338,"model3_overdisp",TRUE,FALSE,"Overdispersion 1.0 <1; consider setting overdisp=FALSE"
223,15490,"Ekster","magpie",1999,1997,"index_100 = eerste analysejaar vanaf eerste positieve jaar",0.731707317073171,0.123272689003126,73.1707317073171,"model3_overdisp",TRUE,FALSE,"Overdispersion 1.0 <1; consider setting overdisp=FALSE"
223,15490,"Ekster","magpie",2000,1997,"index_100 = eerste analysejaar vanaf eerste positieve jaar",0.568421687281329,0.107227633629598,56.8421687281329,"model3_overdisp",TRUE,FALSE,"Overdispersion 1.0 <1; consider setting overdisp=FALSE"
223,15490,"Ekster","magpie",2001,1997,"index_100 = eerste analysejaar vanaf eerste positieve jaar",0.634146341463415,0.111481073780091,63.4146341463415,"model3_overdisp",TRUE,FALSE,"Overdispersion 1.0 <1; consider setting overdisp=FALSE"
223,15490,"Ekster","magpie",2002,1997,"index_100 = eerste analysejaar vanaf eerste positieve jaar",0.536585365853659,0.0994394429959613,53.6585365853659,"model3_overdisp",TRUE,FALSE,"Overdispersion 1.0 <1; consider setting overdisp=FALSE"
223,15490,"Ekster","magpie",2003,1997,"index_100 = eerste analysejaar vanaf eerste positieve jaar",0.463414634146341,0.0901839998967944,46.3414634146341,"model3_overdisp",TRUE,FALSE,"Overdispersion 1.0 <1; consider setting overdisp=FALSE"
223,15490,"Ekster","magpie",2004,1997,"index_100 = eerste analysejaar vanaf eerste positieve jaar",0.341463414634146,0.0741177847278949,34.1463414634146,"model3_overdisp",TRUE,FALSE,"Overdispersion 1.0 <1; consider setting overdisp=FALSE"
223,15490,"Ekster","magpie",2005,1997,"index_100 = eerste analysejaar vanaf eerste positieve jaar",0.439024390243902,0.0870440973910153,43.9024390243902,"model3_overdisp",TRUE,FALSE,"Overdispersion 1.0 <1; consider setting overdisp=FALSE"
223,15490,"Ekster","magpie",2006,1997,"index_100 = eerste analysejaar vanaf eerste positieve jaar",0.414634146341463,0.0838717153442738,41.4634146341463,"model3_overdisp",TRUE,FALSE,"Overdispersion 1.0 <1; consider setting overdisp=FALSE"
223,15490,"Ekster","magpie",2007,1997,"index_100 = eerste analysejaar vanaf eerste positieve jaar",0.427209675369407,0.0864670266795862,42.7209675369407,"model3_overdisp",TRUE,FALSE,"Overdispersion 1.0 <1; consider setting overdisp=FALSE"
223,15490,"Ekster","magpie",2008,1997,"index_100 = eerste analysejaar vanaf eerste positieve jaar",0.512594065745235,0.100954000940879,51.2594065745235,"model3_overdisp",TRUE,FALSE,"Overdispersion 1.0 <1; consider setting overdisp=FALSE"
223,15490,"Ekster","magpie",2009,1997,"index_100 = eerste analysejaar vanaf eerste positieve jaar",0.154960382225523,0.0494023591807383,15.4960382225523,"model3_overdisp",TRUE,FALSE,"Overdispersion 1.0 <1; consider setting overdisp=FALSE"
223,15490,"Ekster","magpie",2010,1997,"index_100 = eerste analysejaar vanaf eerste positieve jaar",0.180350972661933,0.0517464869305024,18.0350972661933,"model3_overdisp",TRUE,FALSE,"Overdispersion 1.0 <1; consider setting overdisp=FALSE"
223,15490,"Ekster","magpie",2011,1997,"index_100 = eerste analysejaar vanaf eerste positieve jaar",0.144640026638046,0.046085116813316,14.4640026638046,"model3_overdisp",TRUE,FALSE,"Overdispersion 1.0 <1; consider setting overdisp=FALSE"
223,15490,"Ekster","magpie",2012,1997,"index_100 = eerste analysejaar vanaf eerste positieve jaar",0.13840960017589,0.0440829401304136,13.840960017589,"model3_overdisp",TRUE,FALSE,"Overdispersion 1.0 <1; consider setting overdisp=FALSE"
223,15490,"Ekster","magpie",2013,1997,"index_100 = eerste analysejaar vanaf eerste positieve jaar",0.19416066813272,0.0541037366796854,19.416066813272,"model3_overdisp",TRUE,FALSE,"Overdispersion 1.0 <1; consider setting overdisp=FALSE"
223,15490,"Ekster","magpie",2014,1997,"index_100 = eerste analysejaar vanaf eerste positieve jaar",0.168287658862307,0.0516449006055231,16.8287658862307,"model3_overdisp",TRUE,FALSE,"Overdispersion 1.0 <1; consider setting overdisp=FALSE"
223,15490,"Ekster","magpie",2015,1997,"index_100 = eerste analysejaar vanaf eerste positieve jaar",0.170938213299509,0.0506405125800761,17.0938213299509,"model3_overdisp",TRUE,FALSE,"Overdispersion 1.0 <1; consider setting overdisp=FALSE"
223,15490,"Ekster","magpie",2016,1997,"index_100 = eerste analysejaar vanaf eerste positieve jaar",0.170938213299509,0.0506405125800761,17.0938213299509,"model3_overdisp",TRUE,FALSE,"Overdispersion 1.0 <1; consider setting overdisp=FALSE"
223,15490,"Ekster","magpie",2017,1997,"index_100 = eerste analysejaar vanaf eerste positieve jaar",0.0385211575709543,0.0224574992044741,3.85211575709543,"model3_overdisp",TRUE,FALSE,"Overdispersion 1.0 <1; consider setting overdisp=FALSE"
223,15490,"Ekster","magpie",2018,1997,"index_100 = eerste analysejaar vanaf eerste positieve jaar",0.0609756097560976,0.0278542648442514,6.09756097560976,"model3_overdisp",TRUE,FALSE,"Overdispersion 1.0 <1; consider setting overdisp=FALSE"
223,15490,"Ekster","magpie",2019,1997,"index_100 = eerste analysejaar vanaf eerste positieve jaar",0.0788945599843888,0.0330999357595299,7.88945599843888,"model3_overdisp",TRUE,FALSE,"Overdispersion 1.0 <1; consider setting overdisp=FALSE"
223,15490,"Ekster","magpie",2020,1997,"index_100 = eerste analysejaar vanaf eerste positieve jaar",0.136043875819972,0.0452256073439981,13.6043875819972,"model3_overdisp",TRUE,FALSE,"Overdispersion 1.0 <1; consider setting overdisp=FALSE"
223,15490,"Ekster","magpie",2021,1997,"index_100 = eerste analysejaar vanaf eerste positieve jaar",0.0975609756097561,0.0358354877858564,9.75609756097561,"model3_overdisp",TRUE,FALSE,"Overdispersion 1.0 <1; consider setting overdisp=FALSE"
223,15490,"Ekster","magpie",2022,1997,"index_100 = eerste analysejaar vanaf eerste positieve jaar",0.0510013266484295,0.0259009952807241,5.10013266484295,"model3_overdisp",TRUE,FALSE,"Overdispersion 1.0 <1; consider setting overdisp=FALSE"
224,15600,"Kauw","jackdaw",1997,1997,"index_100 = eerste analysejaar vanaf eerste positieve jaar",1,0,100,"model2_basis",FALSE,FALSE,NA
224,15600,"Kauw","jackdaw",1998,1997,"index_100 = eerste analysejaar vanaf eerste positieve jaar",0.987920070990652,0.280682125420599,98.7920070990652,"model2_basis",FALSE,FALSE,NA
224,15600,"Kauw","jackdaw",1999,1997,"index_100 = eerste analysejaar vanaf eerste positieve jaar",1.28571428571429,0.324245494884006,128.571428571429,"model2_basis",FALSE,FALSE,NA
224,15600,"Kauw","jackdaw",2000,1997,"index_100 = eerste analysejaar vanaf eerste positieve jaar",0.745599952727239,0.204283526329507,74.5599952727239,"model2_basis",FALSE,FALSE,NA
224,15600,"Kauw","jackdaw",2001,1997,"index_100 = eerste analysejaar vanaf eerste positieve jaar",0.75,0.231813191956191,75,"model2_basis",FALSE,FALSE,NA
224,15600,"Kauw","jackdaw",2002,1997,"index_100 = eerste analysejaar vanaf eerste positieve jaar",0.714285714285714,0.221613664350347,71.4285714285714,"model2_basis",FALSE,FALSE,NA
224,15600,"Kauw","jackdaw",2003,1997,"index_100 = eerste analysejaar vanaf eerste positieve jaar",0.892857142857143,0.242819407916893,89.2857142857143,"model2_basis",FALSE,FALSE,NA
224,15600,"Kauw","jackdaw",2004,1997,"index_100 = eerste analysejaar vanaf eerste positieve jaar",0.964285714285714,0.249989451721145,96.4285714285714,"model2_basis",FALSE,FALSE,NA
224,15600,"Kauw","jackdaw",2005,1997,"index_100 = eerste analysejaar vanaf eerste positieve jaar",0.928571428571428,0.240345914191851,92.8571428571428,"model2_basis",FALSE,FALSE,NA
224,15600,"Kauw","jackdaw",2006,1997,"index_100 = eerste analysejaar vanaf eerste positieve jaar",0.607142857142857,0.1877804500351,60.7142857142857,"model2_basis",FALSE,FALSE,NA
224,15600,"Kauw","jackdaw",2007,1997,"index_100 = eerste analysejaar vanaf eerste positieve jaar",0.644429427077944,0.188611687257137,64.4429427077944,"model2_basis",FALSE,FALSE,NA
224,15600,"Kauw","jackdaw",2008,1997,"index_100 = eerste analysejaar vanaf eerste positieve jaar",0.288509465911956,0.117652862870403,28.8509465911956,"model2_basis",FALSE,FALSE,NA
224,15600,"Kauw","jackdaw",2009,1997,"index_100 = eerste analysejaar vanaf eerste positieve jaar",0.301673322278086,0.127378859587389,30.1673322278086,"model2_basis",FALSE,FALSE,NA
224,15600,"Kauw","jackdaw",2010,1997,"index_100 = eerste analysejaar vanaf eerste positieve jaar",0.109530847916626,0.12056407181128,10.9530847916626,"model2_basis",FALSE,FALSE,NA
224,15600,"Kauw","jackdaw",2011,1997,"index_100 = eerste analysejaar vanaf eerste positieve jaar",0.208797587258024,0.112549216738679,20.8797587258024,"model2_basis",FALSE,FALSE,NA
224,15600,"Kauw","jackdaw",2012,1997,"index_100 = eerste analysejaar vanaf eerste positieve jaar",0.25,0.120650299601757,25,"model2_basis",FALSE,FALSE,NA
224,15600,"Kauw","jackdaw",2013,1997,"index_100 = eerste analysejaar vanaf eerste positieve jaar",0.896483843875124,0.211378775985108,89.6483843875124,"model2_basis",FALSE,FALSE,NA
224,15600,"Kauw","jackdaw",2014,1997,"index_100 = eerste analysejaar vanaf eerste positieve jaar",0.0902914368317508,0.0933429427440342,9.02914368317508,"model2_basis",FALSE,FALSE,NA
224,15600,"Kauw","jackdaw",2015,1997,"index_100 = eerste analysejaar vanaf eerste positieve jaar",0.0471115090519814,0.0888431554226597,4.71115090519814,"model2_basis",FALSE,FALSE,NA
224,15600,"Kauw","jackdaw",2016,1997,"index_100 = eerste analysejaar vanaf eerste positieve jaar",0.0433132529802373,0.0852262665750693,4.33132529802373,"model2_basis",FALSE,FALSE,NA
224,15600,"Kauw","jackdaw",2017,1997,"index_100 = eerste analysejaar vanaf eerste positieve jaar",0.00129326502041606,0.0882845045243828,0.129326502041606,"model2_basis",FALSE,FALSE,NA
224,15600,"Kauw","jackdaw",2018,1997,"index_100 = eerste analysejaar vanaf eerste positieve jaar",0.0357142857142857,0.0851819091383021,3.57142857142857,"model2_basis",FALSE,FALSE,NA
224,15600,"Kauw","jackdaw",2019,1997,"index_100 = eerste analysejaar vanaf eerste positieve jaar",0.0693733595243077,0.0763237645983916,6.93733595243077,"model2_basis",FALSE,FALSE,NA
224,15600,"Kauw","jackdaw",2020,1997,"index_100 = eerste analysejaar vanaf eerste positieve jaar",0.430606751271764,0.117645437721683,43.0606751271764,"model2_basis",FALSE,FALSE,NA
224,15600,"Kauw","jackdaw",2021,1997,"index_100 = eerste analysejaar vanaf eerste positieve jaar",0.214285714285714,0.0867715698679389,21.4285714285714,"model2_basis",FALSE,FALSE,NA
224,15600,"Kauw","jackdaw",2022,1997,"index_100 = eerste analysejaar vanaf eerste positieve jaar",0.464285714285714,0.119235245057227,46.4285714285714,"model2_basis",FALSE,FALSE,NA
226,15671,"Zwarte Kraai","carrion crow",1997,1997,"index_100 = eerste analysejaar vanaf eerste positieve jaar",1,0,100,"model3_overdisp",TRUE,FALSE,"Overdispersion 0.6 <1; consider setting overdisp=FALSE"
226,15671,"Zwarte Kraai","carrion crow",1998,1997,"index_100 = eerste analysejaar vanaf eerste positieve jaar",1.30961542696408,0.197402765289629,130.961542696408,"model3_overdisp",TRUE,FALSE,"Overdispersion 0.6 <1; consider setting overdisp=FALSE"
226,15671,"Zwarte Kraai","carrion crow",1999,1997,"index_100 = eerste analysejaar vanaf eerste positieve jaar",1.25,0.189018579469728,125,"model3_overdisp",TRUE,FALSE,"Overdispersion 0.6 <1; consider setting overdisp=FALSE"
226,15671,"Zwarte Kraai","carrion crow",2000,1997,"index_100 = eerste analysejaar vanaf eerste positieve jaar",1.19722216636453,0.1883418900704,119.722216636453,"model3_overdisp",TRUE,FALSE,"Overdispersion 0.6 <1; consider setting overdisp=FALSE"
226,15671,"Zwarte Kraai","carrion crow",2001,1997,"index_100 = eerste analysejaar vanaf eerste positieve jaar",1.25,0.189018579469728,125,"model3_overdisp",TRUE,FALSE,"Overdispersion 0.6 <1; consider setting overdisp=FALSE"
226,15671,"Zwarte Kraai","carrion crow",2002,1997,"index_100 = eerste analysejaar vanaf eerste positieve jaar",1.22916666666667,0.186567025170196,122.916666666667,"model3_overdisp",TRUE,FALSE,"Overdispersion 0.6 <1; consider setting overdisp=FALSE"
226,15671,"Zwarte Kraai","carrion crow",2003,1997,"index_100 = eerste analysejaar vanaf eerste positieve jaar",1.04166666666667,0.164367152718517,104.166666666667,"model3_overdisp",TRUE,FALSE,"Overdispersion 0.6 <1; consider setting overdisp=FALSE"
226,15671,"Zwarte Kraai","carrion crow",2004,1997,"index_100 = eerste analysejaar vanaf eerste positieve jaar",1,0.159394461657035,100,"model3_overdisp",TRUE,FALSE,"Overdispersion 0.6 <1; consider setting overdisp=FALSE"
226,15671,"Zwarte Kraai","carrion crow",2005,1997,"index_100 = eerste analysejaar vanaf eerste positieve jaar",0.895833333333333,0.146883129144378,89.5833333333333,"model3_overdisp",TRUE,FALSE,"Overdispersion 0.6 <1; consider setting overdisp=FALSE"
226,15671,"Zwarte Kraai","carrion crow",2006,1997,"index_100 = eerste analysejaar vanaf eerste positieve jaar",0.854166666666667,0.141841698697339,85.4166666666667,"model3_overdisp",TRUE,FALSE,"Overdispersion 0.6 <1; consider setting overdisp=FALSE"
226,15671,"Zwarte Kraai","carrion crow",2007,1997,"index_100 = eerste analysejaar vanaf eerste positieve jaar",0.811991081798771,0.137721427412886,81.1991081798771,"model3_overdisp",TRUE,FALSE,"Overdispersion 0.6 <1; consider setting overdisp=FALSE"
226,15671,"Zwarte Kraai","carrion crow",2008,1997,"index_100 = eerste analysejaar vanaf eerste positieve jaar",1.02757612022372,0.167738233489586,102.757612022372,"model3_overdisp",TRUE,FALSE,"Overdispersion 0.6 <1; consider setting overdisp=FALSE"
226,15671,"Zwarte Kraai","carrion crow",2009,1997,"index_100 = eerste analysejaar vanaf eerste positieve jaar",0.719403806106209,0.128320763368677,71.9403806106209,"model3_overdisp",TRUE,FALSE,"Overdispersion 0.6 <1; consider setting overdisp=FALSE"
226,15671,"Zwarte Kraai","carrion crow",2010,1997,"index_100 = eerste analysejaar vanaf eerste positieve jaar",0.744821922897299,0.130448210170001,74.4821922897299,"model3_overdisp",TRUE,FALSE,"Overdispersion 0.6 <1; consider setting overdisp=FALSE"
226,15671,"Zwarte Kraai","carrion crow",2011,1997,"index_100 = eerste analysejaar vanaf eerste positieve jaar",0.827837696437332,0.140450657995041,82.7837696437332,"model3_overdisp",TRUE,FALSE,"Overdispersion 0.6 <1; consider setting overdisp=FALSE"
226,15671,"Zwarte Kraai","carrion crow",2012,1997,"index_100 = eerste analysejaar vanaf eerste positieve jaar",0.496381314149902,0.098325584459038,49.6381314149902,"model3_overdisp",TRUE,FALSE,"Overdispersion 0.6 <1; consider setting overdisp=FALSE"
226,15671,"Zwarte Kraai","carrion crow",2013,1997,"index_100 = eerste analysejaar vanaf eerste positieve jaar",0.552085674449589,0.10639077138615,55.2085674449589,"model3_overdisp",TRUE,FALSE,"Overdispersion 0.6 <1; consider setting overdisp=FALSE"
226,15671,"Zwarte Kraai","carrion crow",2014,1997,"index_100 = eerste analysejaar vanaf eerste positieve jaar",0.625209207045935,0.11757904577022,62.5209207045935,"model3_overdisp",TRUE,FALSE,"Overdispersion 0.6 <1; consider setting overdisp=FALSE"
226,15671,"Zwarte Kraai","carrion crow",2015,1997,"index_100 = eerste analysejaar vanaf eerste positieve jaar",0.47927445583214,0.0963978251408946,47.927445583214,"model3_overdisp",TRUE,FALSE,"Overdispersion 0.6 <1; consider setting overdisp=FALSE"
226,15671,"Zwarte Kraai","carrion crow",2016,1997,"index_100 = eerste analysejaar vanaf eerste positieve jaar",0.47927445583214,0.0963978251408946,47.927445583214,"model3_overdisp",TRUE,FALSE,"Overdispersion 0.6 <1; consider setting overdisp=FALSE"
226,15671,"Zwarte Kraai","carrion crow",2017,1997,"index_100 = eerste analysejaar vanaf eerste positieve jaar",0.404090708721617,0.0855397018519511,40.4090708721617,"model3_overdisp",TRUE,FALSE,"Overdispersion 0.6 <1; consider setting overdisp=FALSE"
226,15671,"Zwarte Kraai","carrion crow",2018,1997,"index_100 = eerste analysejaar vanaf eerste positieve jaar",0.395833333333333,0.0837782325444403,39.5833333333333,"model3_overdisp",TRUE,FALSE,"Overdispersion 0.6 <1; consider setting overdisp=FALSE"
226,15671,"Zwarte Kraai","carrion crow",2019,1997,"index_100 = eerste analysejaar vanaf eerste positieve jaar",0.501059658369964,0.0992671865054728,50.1059658369964,"model3_overdisp",TRUE,FALSE,"Overdispersion 0.6 <1; consider setting overdisp=FALSE"
226,15671,"Zwarte Kraai","carrion crow",2020,1997,"index_100 = eerste analysejaar vanaf eerste positieve jaar",0.537301710498422,0.104963101414553,53.7301710498422,"model3_overdisp",TRUE,FALSE,"Overdispersion 0.6 <1; consider setting overdisp=FALSE"
226,15671,"Zwarte Kraai","carrion crow",2021,1997,"index_100 = eerste analysejaar vanaf eerste positieve jaar",0.354166666666667,0.0780545332477072,35.4166666666667,"model3_overdisp",TRUE,FALSE,"Overdispersion 0.6 <1; consider setting overdisp=FALSE"
226,15671,"Zwarte Kraai","carrion crow",2022,1997,"index_100 = eerste analysejaar vanaf eerste positieve jaar",0.336343426103264,0.0777255344121238,33.6343426103264,"model3_overdisp",TRUE,FALSE,"Overdispersion 0.6 <1; consider setting overdisp=FALSE"
229,15820,"Spreeuw","starling",1997,1997,"index_100 = eerste analysejaar vanaf eerste positieve jaar",1,0,100,"model2_basis",FALSE,FALSE,"Data ends with 1 years without positive observations."
229,15820,"Spreeuw","starling",1998,1997,"index_100 = eerste analysejaar vanaf eerste positieve jaar",0.632900061735603,0.342124159029881,63.2900061735603,"model2_basis",FALSE,FALSE,"Data ends with 1 years without positive observations."
229,15820,"Spreeuw","starling",1999,1997,"index_100 = eerste analysejaar vanaf eerste positieve jaar",1.1,0.433973395519795,110,"model2_basis",FALSE,FALSE,"Data ends with 1 years without positive observations."
229,15820,"Spreeuw","starling",2000,1997,"index_100 = eerste analysejaar vanaf eerste positieve jaar",0.491803737627211,0.244201424346509,49.1803737627211,"model2_basis",FALSE,FALSE,"Data ends with 1 years without positive observations."
229,15820,"Spreeuw","starling",2001,1997,"index_100 = eerste analysejaar vanaf eerste positieve jaar",0.5,0.31120179088602,50,"model2_basis",FALSE,FALSE,"Data ends with 1 years without positive observations."
229,15820,"Spreeuw","starling",2002,1997,"index_100 = eerste analysejaar vanaf eerste positieve jaar",0.3,0.282153096998343,30,"model2_basis",FALSE,FALSE,"Data ends with 1 years without positive observations."
229,15820,"Spreeuw","starling",2003,1997,"index_100 = eerste analysejaar vanaf eerste positieve jaar",0.1,0.2637758328043,10,"model2_basis",FALSE,FALSE,"Data ends with 1 years without positive observations."
229,15820,"Spreeuw","starling",2004,1997,"index_100 = eerste analysejaar vanaf eerste positieve jaar",0.9,0.370817916037184,90,"model2_basis",FALSE,FALSE,"Data ends with 1 years without positive observations."
229,15820,"Spreeuw","starling",2005,1997,"index_100 = eerste analysejaar vanaf eerste positieve jaar",0.8,0.34605113711238,80,"model2_basis",FALSE,FALSE,"Data ends with 1 years without positive observations."
229,15820,"Spreeuw","starling",2006,1997,"index_100 = eerste analysejaar vanaf eerste positieve jaar",0.9,0.363569955453057,90,"model2_basis",FALSE,FALSE,"Data ends with 1 years without positive observations."
229,15820,"Spreeuw","starling",2007,1997,"index_100 = eerste analysejaar vanaf eerste positieve jaar",0.822478499162684,0.339772746908325,82.2478499162684,"model2_basis",FALSE,FALSE,"Data ends with 1 years without positive observations."
229,15820,"Spreeuw","starling",2008,1997,"index_100 = eerste analysejaar vanaf eerste positieve jaar",0.458133018615325,0.219153299905714,45.8133018615325,"model2_basis",FALSE,FALSE,"Data ends with 1 years without positive observations."
229,15820,"Spreeuw","starling",2009,1997,"index_100 = eerste analysejaar vanaf eerste positieve jaar",0.689371788668468,0.293986664900428,68.9371788668468,"model2_basis",FALSE,FALSE,"Data ends with 1 years without positive observations."
229,15820,"Spreeuw","starling",2010,1997,"index_100 = eerste analysejaar vanaf eerste positieve jaar",0.2,0.233846633686686,20,"model2_basis",FALSE,FALSE,"Data ends with 1 years without positive observations."
229,15820,"Spreeuw","starling",2011,1997,"index_100 = eerste analysejaar vanaf eerste positieve jaar",0.463124900578349,0.249127926224243,46.3124900578349,"model2_basis",FALSE,FALSE,"Data ends with 1 years without positive observations."
229,15820,"Spreeuw","starling",2012,1997,"index_100 = eerste analysejaar vanaf eerste positieve jaar",0.8,0.321904534663882,80,"model2_basis",FALSE,FALSE,"Data ends with 1 years without positive observations."
229,15820,"Spreeuw","starling",2013,1997,"index_100 = eerste analysejaar vanaf eerste positieve jaar",2.00336696383206,0.632286212671356,200.336696383206,"model2_basis",FALSE,FALSE,"Data ends with 1 years without positive observations."
229,15820,"Spreeuw","starling",2014,1997,"index_100 = eerste analysejaar vanaf eerste positieve jaar",0.458856920581162,0.238092184827483,45.8856920581162,"model2_basis",FALSE,FALSE,"Data ends with 1 years without positive observations."
229,15820,"Spreeuw","starling",2015,1997,"index_100 = eerste analysejaar vanaf eerste positieve jaar",0.253333518573946,0.206127507668224,25.3333518573946,"model2_basis",FALSE,FALSE,"Data ends with 1 years without positive observations."
229,15820,"Spreeuw","starling",2016,1997,"index_100 = eerste analysejaar vanaf eerste positieve jaar",0.451132864001129,0.231321335629873,45.1132864001129,"model2_basis",FALSE,FALSE,"Data ends with 1 years without positive observations."
229,15820,"Spreeuw","starling",2017,1997,"index_100 = eerste analysejaar vanaf eerste positieve jaar",0.3,0.214574240999754,30,"model2_basis",FALSE,FALSE,"Data ends with 1 years without positive observations."
229,15820,"Spreeuw","starling",2018,1997,"index_100 = eerste analysejaar vanaf eerste positieve jaar",0.3,0.210880983334877,30,"model2_basis",FALSE,FALSE,"Data ends with 1 years without positive observations."
229,15820,"Spreeuw","starling",2019,1997,"index_100 = eerste analysejaar vanaf eerste positieve jaar",0.045060890035731,0.17746137457737,4.5060890035731,"model2_basis",FALSE,FALSE,"Data ends with 1 years without positive observations."
229,15820,"Spreeuw","starling",2020,1997,"index_100 = eerste analysejaar vanaf eerste positieve jaar",0.1,0.185590203279256,10,"model2_basis",FALSE,FALSE,"Data ends with 1 years without positive observations."
229,15820,"Spreeuw","starling",2021,1997,"index_100 = eerste analysejaar vanaf eerste positieve jaar",0.2,0.188977775784999,20,"model2_basis",FALSE,FALSE,"Data ends with 1 years without positive observations."
229,15820,"Spreeuw","starling",2022,1997,"index_100 = eerste analysejaar vanaf eerste positieve jaar",0,0.175632797556738,0,"model2_basis",FALSE,FALSE,"Data ends with 1 years without positive observations."
232,15980,"Ringmus","Tree Sparrow",1997,1997,"index_100 = eerste analysejaar vanaf eerste positieve jaar",1,0,100,"model2_basis",FALSE,FALSE,"Data ends with 19 years without positive observations."
232,15980,"Ringmus","Tree Sparrow",1998,1997,"index_100 = eerste analysejaar vanaf eerste positieve jaar",0.204592489591789,0.876598660573846,20.4592489591789,"model2_basis",FALSE,FALSE,"Data ends with 19 years without positive observations."
232,15980,"Ringmus","Tree Sparrow",1999,1997,"index_100 = eerste analysejaar vanaf eerste positieve jaar",1,1.35011515646671,100,"model2_basis",FALSE,FALSE,"Data ends with 19 years without positive observations."
232,15980,"Ringmus","Tree Sparrow",2000,1997,"index_100 = eerste analysejaar vanaf eerste positieve jaar",0,0.741050266512785,0,"model2_basis",FALSE,FALSE,"Data ends with 19 years without positive observations."
232,15980,"Ringmus","Tree Sparrow",2001,1997,"index_100 = eerste analysejaar vanaf eerste positieve jaar",0,0.657535199143294,0,"model2_basis",FALSE,FALSE,"Data ends with 19 years without positive observations."
232,15980,"Ringmus","Tree Sparrow",2002,1997,"index_100 = eerste analysejaar vanaf eerste positieve jaar",2,2.20035963770249,200,"model2_basis",FALSE,FALSE,"Data ends with 19 years without positive observations."
232,15980,"Ringmus","Tree Sparrow",2003,1997,"index_100 = eerste analysejaar vanaf eerste positieve jaar",1,1.18037719348699,100,"model2_basis",FALSE,FALSE,"Data ends with 19 years without positive observations."
232,15980,"Ringmus","Tree Sparrow",2004,1997,"index_100 = eerste analysejaar vanaf eerste positieve jaar",0,0.459338684464777,0,"model2_basis",FALSE,FALSE,"Data ends with 19 years without positive observations."
232,15980,"Ringmus","Tree Sparrow",2005,1997,"index_100 = eerste analysejaar vanaf eerste positieve jaar",0,0.407572019081859,0,"model2_basis",FALSE,FALSE,"Data ends with 19 years without positive observations."
232,15980,"Ringmus","Tree Sparrow",2006,1997,"index_100 = eerste analysejaar vanaf eerste positieve jaar",0,0.361639366238054,0,"model2_basis",FALSE,FALSE,"Data ends with 19 years without positive observations."
232,15980,"Ringmus","Tree Sparrow",2007,1997,"index_100 = eerste analysejaar vanaf eerste positieve jaar",0,0.320883242936248,0,"model2_basis",FALSE,FALSE,"Data ends with 19 years without positive observations."
232,15980,"Ringmus","Tree Sparrow",2008,1997,"index_100 = eerste analysejaar vanaf eerste positieve jaar",0,0.284720263361773,0,"model2_basis",FALSE,FALSE,"Data ends with 19 years without positive observations."
232,15980,"Ringmus","Tree Sparrow",2009,1997,"index_100 = eerste analysejaar vanaf eerste positieve jaar",0.0396482718672879,0.174647112510742,3.96482718672878,"model2_basis",FALSE,FALSE,"Data ends with 19 years without positive observations."
232,15980,"Ringmus","Tree Sparrow",2010,1997,"index_100 = eerste analysejaar vanaf eerste positieve jaar",0,0.224161515412663,0,"model2_basis",FALSE,FALSE,"Data ends with 19 years without positive observations."
232,15980,"Ringmus","Tree Sparrow",2011,1997,"index_100 = eerste analysejaar vanaf eerste positieve jaar",0.0154401545360916,0.161696865700812,1.54401545360916,"model2_basis",FALSE,FALSE,"Data ends with 19 years without positive observations."
232,15980,"Ringmus","Tree Sparrow",2012,1997,"index_100 = eerste analysejaar vanaf eerste positieve jaar",0,0.176483346842984,0,"model2_basis",FALSE,FALSE,"Data ends with 19 years without positive observations."
232,15980,"Ringmus","Tree Sparrow",2013,1997,"index_100 = eerste analysejaar vanaf eerste positieve jaar",0,0.156593982696954,0,"model2_basis",FALSE,FALSE,"Data ends with 19 years without positive observations."
232,15980,"Ringmus","Tree Sparrow",2014,1997,"index_100 = eerste analysejaar vanaf eerste positieve jaar",0.00753493784885302,0.111802196031148,0.753493784885302,"model2_basis",FALSE,FALSE,"Data ends with 19 years without positive observations."
232,15980,"Ringmus","Tree Sparrow",2015,1997,"index_100 = eerste analysejaar vanaf eerste positieve jaar",0.00593228970357119,0.0988828154639518,0.593228970357119,"model2_basis",FALSE,FALSE,"Data ends with 19 years without positive observations."
232,15980,"Ringmus","Tree Sparrow",2016,1997,"index_100 = eerste analysejaar vanaf eerste positieve jaar",0.00467051777108603,0.0874727543338917,0.467051777108603,"model2_basis",FALSE,FALSE,"Data ends with 19 years without positive observations."
232,15980,"Ringmus","Tree Sparrow",2017,1997,"index_100 = eerste analysejaar vanaf eerste positieve jaar",0,0.0970645005575721,0,"model2_basis",FALSE,FALSE,"Data ends with 19 years without positive observations."
232,15980,"Ringmus","Tree Sparrow",2018,1997,"index_100 = eerste analysejaar vanaf eerste positieve jaar",0,0.086125501316133,0,"model2_basis",FALSE,FALSE,"Data ends with 19 years without positive observations."
232,15980,"Ringmus","Tree Sparrow",2019,1997,"index_100 = eerste analysejaar vanaf eerste positieve jaar",0.00227925575776037,0.0606338566018798,0.227925575776037,"model2_basis",FALSE,FALSE,"Data ends with 19 years without positive observations."
232,15980,"Ringmus","Tree Sparrow",2020,1997,"index_100 = eerste analysejaar vanaf eerste positieve jaar",0,0.0678069859262842,0,"model2_basis",FALSE,FALSE,"Data ends with 19 years without positive observations."
232,15980,"Ringmus","Tree Sparrow",2021,1997,"index_100 = eerste analysejaar vanaf eerste positieve jaar",0,0.0601652573504291,0,"model2_basis",FALSE,FALSE,"Data ends with 19 years without positive observations."
232,15980,"Ringmus","Tree Sparrow",2022,1997,"index_100 = eerste analysejaar vanaf eerste positieve jaar",0,0.0533847382035041,0,"model2_basis",FALSE,FALSE,"Data ends with 19 years without positive observations."
233,16360,"Vink","chaffinch",1997,1997,"index_100 = eerste analysejaar vanaf eerste positieve jaar",1,0,100,"model3_overdisp",TRUE,FALSE,NA
233,16360,"Vink","chaffinch",1998,1997,"index_100 = eerste analysejaar vanaf eerste positieve jaar",1.04934736133432,0.31580244684106,104.934736133432,"model3_overdisp",TRUE,FALSE,NA
233,16360,"Vink","chaffinch",1999,1997,"index_100 = eerste analysejaar vanaf eerste positieve jaar",1.66666666666667,0.444738472481154,166.666666666667,"model3_overdisp",TRUE,FALSE,NA
233,16360,"Vink","chaffinch",2000,1997,"index_100 = eerste analysejaar vanaf eerste positieve jaar",1.44163208358802,0.411967541493166,144.163208358802,"model3_overdisp",TRUE,FALSE,NA
233,16360,"Vink","chaffinch",2001,1997,"index_100 = eerste analysejaar vanaf eerste positieve jaar",2.1,0.538252992995309,210,"model3_overdisp",TRUE,FALSE,NA
233,16360,"Vink","chaffinch",2002,1997,"index_100 = eerste analysejaar vanaf eerste positieve jaar",2.4,0.60261652744456,240,"model3_overdisp",TRUE,FALSE,NA
233,16360,"Vink","chaffinch",2003,1997,"index_100 = eerste analysejaar vanaf eerste positieve jaar",2.6,0.645407315230975,260,"model3_overdisp",TRUE,FALSE,NA
233,16360,"Vink","chaffinch",2004,1997,"index_100 = eerste analysejaar vanaf eerste positieve jaar",3.4,0.815946635371327,340,"model3_overdisp",TRUE,FALSE,NA
233,16360,"Vink","chaffinch",2005,1997,"index_100 = eerste analysejaar vanaf eerste positieve jaar",3.16666666666667,0.766287098326293,316.666666666667,"model3_overdisp",TRUE,FALSE,NA
233,16360,"Vink","chaffinch",2006,1997,"index_100 = eerste analysejaar vanaf eerste positieve jaar",3.13333333333333,0.759188242894204,313.333333333333,"model3_overdisp",TRUE,FALSE,NA
233,16360,"Vink","chaffinch",2007,1997,"index_100 = eerste analysejaar vanaf eerste positieve jaar",3.74516115386885,0.896052643359809,374.516115386885,"model3_overdisp",TRUE,FALSE,NA
233,16360,"Vink","chaffinch",2008,1997,"index_100 = eerste analysejaar vanaf eerste positieve jaar",3.70425236899117,0.899240917158813,370.425236899117,"model3_overdisp",TRUE,FALSE,NA
233,16360,"Vink","chaffinch",2009,1997,"index_100 = eerste analysejaar vanaf eerste positieve jaar",4.17986505534912,0.996297094605352,417.986505534912,"model3_overdisp",TRUE,FALSE,NA
233,16360,"Vink","chaffinch",2010,1997,"index_100 = eerste analysejaar vanaf eerste positieve jaar",4.8511997387127,1.12717099607835,485.11997387127,"model3_overdisp",TRUE,FALSE,NA
233,16360,"Vink","chaffinch",2011,1997,"index_100 = eerste analysejaar vanaf eerste positieve jaar",5.1334031392904,1.18930435980103,513.34031392904,"model3_overdisp",TRUE,FALSE,NA
233,16360,"Vink","chaffinch",2012,1997,"index_100 = eerste analysejaar vanaf eerste positieve jaar",6.18769590295369,1.40950062463563,618.769590295369,"model3_overdisp",TRUE,FALSE,NA
233,16360,"Vink","chaffinch",2013,1997,"index_100 = eerste analysejaar vanaf eerste positieve jaar",6.75746712668,1.53152853300136,675.746712668,"model3_overdisp",TRUE,FALSE,NA
233,16360,"Vink","chaffinch",2014,1997,"index_100 = eerste analysejaar vanaf eerste positieve jaar",8.31558553767471,1.86741522045072,831.558553767471,"model3_overdisp",TRUE,FALSE,NA
233,16360,"Vink","chaffinch",2015,1997,"index_100 = eerste analysejaar vanaf eerste positieve jaar",8.86039445959713,1.97785160638591,886.039445959713,"model3_overdisp",TRUE,FALSE,NA
233,16360,"Vink","chaffinch",2016,1997,"index_100 = eerste analysejaar vanaf eerste positieve jaar",7.45398264061346,1.6805139607387,745.398264061346,"model3_overdisp",TRUE,FALSE,NA
233,16360,"Vink","chaffinch",2017,1997,"index_100 = eerste analysejaar vanaf eerste positieve jaar",7.91600930856402,1.77919043080208,791.600930856402,"model3_overdisp",TRUE,FALSE,NA
233,16360,"Vink","chaffinch",2018,1997,"index_100 = eerste analysejaar vanaf eerste positieve jaar",8.9,1.98019773658132,890,"model3_overdisp",TRUE,FALSE,NA
233,16360,"Vink","chaffinch",2019,1997,"index_100 = eerste analysejaar vanaf eerste positieve jaar",7.98138707273233,1.79203701598022,798.138707273233,"model3_overdisp",TRUE,FALSE,NA
233,16360,"Vink","chaffinch",2020,1997,"index_100 = eerste analysejaar vanaf eerste positieve jaar",7.85732409957637,1.7706681064151,785.732409957637,"model3_overdisp",TRUE,FALSE,NA
233,16360,"Vink","chaffinch",2021,1997,"index_100 = eerste analysejaar vanaf eerste positieve jaar",8.2,1.83230091724892,820,"model3_overdisp",TRUE,FALSE,NA
233,16360,"Vink","chaffinch",2022,1997,"index_100 = eerste analysejaar vanaf eerste positieve jaar",8.45127415235365,1.89093620214198,845.127415235365,"model3_overdisp",TRUE,FALSE,NA
236,16490,"Groenling","greenfinch",1997,1997,"index_100 = eerste analysejaar vanaf eerste positieve jaar",1,0,100,"model2_basis",FALSE,FALSE,NA
236,16490,"Groenling","greenfinch",1998,1997,"index_100 = eerste analysejaar vanaf eerste positieve jaar",0.337749768835727,0.202359788177848,33.7749768835727,"model2_basis",FALSE,FALSE,NA
236,16490,"Groenling","greenfinch",1999,1997,"index_100 = eerste analysejaar vanaf eerste positieve jaar",0.333333333333333,0.221186215700225,33.3333333333333,"model2_basis",FALSE,FALSE,NA
236,16490,"Groenling","greenfinch",2000,1997,"index_100 = eerste analysejaar vanaf eerste positieve jaar",0.68637993949862,0.249618475673788,68.637993949862,"model2_basis",FALSE,FALSE,NA
236,16490,"Groenling","greenfinch",2001,1997,"index_100 = eerste analysejaar vanaf eerste positieve jaar",0.333333333333333,0.256852057652641,33.3333333333333,"model2_basis",FALSE,FALSE,NA
236,16490,"Groenling","greenfinch",2002,1997,"index_100 = eerste analysejaar vanaf eerste positieve jaar",0.333333333333333,0.277078838512514,33.3333333333333,"model2_basis",FALSE,FALSE,NA
236,16490,"Groenling","greenfinch",2003,1997,"index_100 = eerste analysejaar vanaf eerste positieve jaar",0.333333333333333,0.299071795379333,33.3333333333333,"model2_basis",FALSE,FALSE,NA
236,16490,"Groenling","greenfinch",2004,1997,"index_100 = eerste analysejaar vanaf eerste positieve jaar",0.333333333333333,0.322972261262228,33.3333333333333,"model2_basis",FALSE,FALSE,NA
236,16490,"Groenling","greenfinch",2005,1997,"index_100 = eerste analysejaar vanaf eerste positieve jaar",0.666666666666667,0.364302242659021,66.6666666666667,"model2_basis",FALSE,FALSE,NA
236,16490,"Groenling","greenfinch",2006,1997,"index_100 = eerste analysejaar vanaf eerste positieve jaar",0.333333333333333,0.377122172618874,33.3333333333333,"model2_basis",FALSE,FALSE,NA
236,16490,"Groenling","greenfinch",2007,1997,"index_100 = eerste analysejaar vanaf eerste positieve jaar",0.0185355214422343,0.39633962950841,1.85355214422343,"model2_basis",FALSE,FALSE,NA
236,16490,"Groenling","greenfinch",2008,1997,"index_100 = eerste analysejaar vanaf eerste positieve jaar",0.408828176095426,0.416208414231619,40.8828176095426,"model2_basis",FALSE,FALSE,NA
236,16490,"Groenling","greenfinch",2009,1997,"index_100 = eerste analysejaar vanaf eerste positieve jaar",0.148413953240219,0.424048022956066,14.8413953240219,"model2_basis",FALSE,FALSE,NA
236,16490,"Groenling","greenfinch",2010,1997,"index_100 = eerste analysejaar vanaf eerste positieve jaar",0.351901874538634,0.510911312758881,35.1901874538634,"model2_basis",FALSE,FALSE,NA
236,16490,"Groenling","greenfinch",2011,1997,"index_100 = eerste analysejaar vanaf eerste positieve jaar",0.169042940919694,0.507775540272114,16.9042940919694,"model2_basis",FALSE,FALSE,NA
236,16490,"Groenling","greenfinch",2012,1997,"index_100 = eerste analysejaar vanaf eerste positieve jaar",0.687533786050869,0.608718674721331,68.7533786050869,"model2_basis",FALSE,FALSE,NA
236,16490,"Groenling","greenfinch",2013,1997,"index_100 = eerste analysejaar vanaf eerste positieve jaar",0.722390040614136,0.651074408708079,72.2390040614136,"model2_basis",FALSE,FALSE,NA
236,16490,"Groenling","greenfinch",2014,1997,"index_100 = eerste analysejaar vanaf eerste positieve jaar",0.338416466247224,0.629898271765647,33.8416466247224,"model2_basis",FALSE,FALSE,NA
236,16490,"Groenling","greenfinch",2015,1997,"index_100 = eerste analysejaar vanaf eerste positieve jaar",1.32035272291889,0.735340576941218,132.035272291889,"model2_basis",FALSE,FALSE,NA
236,16490,"Groenling","greenfinch",2016,1997,"index_100 = eerste analysejaar vanaf eerste positieve jaar",0.709202122351322,0.765311929612369,70.9202122351322,"model2_basis",FALSE,FALSE,NA
236,16490,"Groenling","greenfinch",2017,1997,"index_100 = eerste analysejaar vanaf eerste positieve jaar",1.11143067475874,0.900135160722861,111.143067475874,"model2_basis",FALSE,FALSE,NA
236,16490,"Groenling","greenfinch",2018,1997,"index_100 = eerste analysejaar vanaf eerste positieve jaar",3.33333333333333,1.14388649210529,333.333333333333,"model2_basis",FALSE,FALSE,NA
236,16490,"Groenling","greenfinch",2019,1997,"index_100 = eerste analysejaar vanaf eerste positieve jaar",2.94043272786115,1.10481622615842,294.043272786115,"model2_basis",FALSE,FALSE,NA
236,16490,"Groenling","greenfinch",2020,1997,"index_100 = eerste analysejaar vanaf eerste positieve jaar",7.27178454269513,1.72398975412989,727.178454269513,"model2_basis",FALSE,FALSE,NA
236,16490,"Groenling","greenfinch",2021,1997,"index_100 = eerste analysejaar vanaf eerste positieve jaar",7,1.77048356265528,700,"model2_basis",FALSE,FALSE,NA
236,16490,"Groenling","greenfinch",2022,1997,"index_100 = eerste analysejaar vanaf eerste positieve jaar",4.5098783459426,1.56019491497857,450.98783459426,"model2_basis",FALSE,FALSE,NA
237,16530,"Putter","goldfinch",1997,1997,"index_100 = eerste analysejaar vanaf eerste positieve jaar",1,0,100,"model2_basis",FALSE,FALSE,NA
237,16530,"Putter","goldfinch",1998,1997,"index_100 = eerste analysejaar vanaf eerste positieve jaar",0.00716016470545014,0.496419310860684,0.716016470545014,"model2_basis",FALSE,FALSE,NA
237,16530,"Putter","goldfinch",1999,1997,"index_100 = eerste analysejaar vanaf eerste positieve jaar",3,1.49792541461392,300,"model2_basis",FALSE,FALSE,NA
237,16530,"Putter","goldfinch",2000,1997,"index_100 = eerste analysejaar vanaf eerste positieve jaar",2.0341618009731,1.09763179636397,203.41618009731,"model2_basis",FALSE,FALSE,NA
237,16530,"Putter","goldfinch",2001,1997,"index_100 = eerste analysejaar vanaf eerste positieve jaar",1,0.787383879272288,100,"model2_basis",FALSE,FALSE,NA
237,16530,"Putter","goldfinch",2002,1997,"index_100 = eerste analysejaar vanaf eerste positieve jaar",1,0.829424651887197,100,"model2_basis",FALSE,FALSE,NA
237,16530,"Putter","goldfinch",2003,1997,"index_100 = eerste analysejaar vanaf eerste positieve jaar",0,0.742224108233127,0,"model2_basis",FALSE,FALSE,NA
237,16530,"Putter","goldfinch",2004,1997,"index_100 = eerste analysejaar vanaf eerste positieve jaar",0,0.802307728504836,0,"model2_basis",FALSE,FALSE,NA
237,16530,"Putter","goldfinch",2005,1997,"index_100 = eerste analysejaar vanaf eerste positieve jaar",0,0.867255164684583,0,"model2_basis",FALSE,FALSE,NA
237,16530,"Putter","goldfinch",2006,1997,"index_100 = eerste analysejaar vanaf eerste positieve jaar",0,0.937460146462431,0,"model2_basis",FALSE,FALSE,NA
237,16530,"Putter","goldfinch",2007,1997,"index_100 = eerste analysejaar vanaf eerste positieve jaar",0,1.01334827625384,0,"model2_basis",FALSE,FALSE,NA
237,16530,"Putter","goldfinch",2008,1997,"index_100 = eerste analysejaar vanaf eerste positieve jaar",0.11869583066694,1.04678740249309,11.869583066694,"model2_basis",FALSE,FALSE,NA
237,16530,"Putter","goldfinch",2009,1997,"index_100 = eerste analysejaar vanaf eerste positieve jaar",0.230066955733422,1.0976072531935,23.0066955733422,"model2_basis",FALSE,FALSE,NA
237,16530,"Putter","goldfinch",2010,1997,"index_100 = eerste analysejaar vanaf eerste positieve jaar",2.11449573889918,1.57923914178361,211.449573889918,"model2_basis",FALSE,FALSE,NA
237,16530,"Putter","goldfinch",2011,1997,"index_100 = eerste analysejaar vanaf eerste positieve jaar",0.259922492866357,1.30052385361593,25.9922492866357,"model2_basis",FALSE,FALSE,NA
237,16530,"Putter","goldfinch",2012,1997,"index_100 = eerste analysejaar vanaf eerste positieve jaar",0.0319189672485511,1.48571237417202,3.19189672485511,"model2_basis",FALSE,FALSE,NA
237,16530,"Putter","goldfinch",2013,1997,"index_100 = eerste analysejaar vanaf eerste positieve jaar",5.26108353911708,2.8866191080501,526.108353911708,"model2_basis",FALSE,FALSE,NA
237,16530,"Putter","goldfinch",2014,1997,"index_100 = eerste analysejaar vanaf eerste positieve jaar",1.71971207142473,1.73298282945009,171.971207142473,"model2_basis",FALSE,FALSE,NA
237,16530,"Putter","goldfinch",2015,1997,"index_100 = eerste analysejaar vanaf eerste positieve jaar",1.48449713869095,1.89386564872112,148.449713869095,"model2_basis",FALSE,FALSE,NA
237,16530,"Putter","goldfinch",2016,1997,"index_100 = eerste analysejaar vanaf eerste positieve jaar",1.56611290463857,2.04197143950988,156.611290463857,"model2_basis",FALSE,FALSE,NA
237,16530,"Putter","goldfinch",2017,1997,"index_100 = eerste analysejaar vanaf eerste positieve jaar",6,3.55867155837623,600,"model2_basis",FALSE,FALSE,NA
237,16530,"Putter","goldfinch",2018,1997,"index_100 = eerste analysejaar vanaf eerste positieve jaar",3,2.76405691808858,300,"model2_basis",FALSE,FALSE,NA
237,16530,"Putter","goldfinch",2019,1997,"index_100 = eerste analysejaar vanaf eerste positieve jaar",10.9031056712757,5.62419905244727,1090.31056712757,"model2_basis",FALSE,FALSE,NA
237,16530,"Putter","goldfinch",2020,1997,"index_100 = eerste analysejaar vanaf eerste positieve jaar",7.54313489579566,4.4381481438071,754.313489579566,"model2_basis",FALSE,FALSE,NA
237,16530,"Putter","goldfinch",2021,1997,"index_100 = eerste analysejaar vanaf eerste positieve jaar",12,6.34442454015544,1200,"model2_basis",FALSE,FALSE,NA
237,16530,"Putter","goldfinch",2022,1997,"index_100 = eerste analysejaar vanaf eerste positieve jaar",12.0317794094891,6.4582382206535,1203.17794094891,"model2_basis",FALSE,FALSE,NA
238,16540,"Sijs","Eurasian Siskin",1998,1998,"index_100 = eerste analysejaar vanaf eerste positieve jaar",1,0,100,"model2_basis",FALSE,FALSE,"Data ends with 1 years without positive observations."
238,16540,"Sijs","Eurasian Siskin",1999,1998,"index_100 = eerste analysejaar vanaf eerste positieve jaar",0,0.389442126734164,0,"model2_basis",FALSE,FALSE,"Data ends with 1 years without positive observations."
238,16540,"Sijs","Eurasian Siskin",2000,1998,"index_100 = eerste analysejaar vanaf eerste positieve jaar",0,0.39037963817463,0,"model2_basis",FALSE,FALSE,"Data ends with 1 years without positive observations."
238,16540,"Sijs","Eurasian Siskin",2001,1998,"index_100 = eerste analysejaar vanaf eerste positieve jaar",1,0.551424032327827,100,"model2_basis",FALSE,FALSE,"Data ends with 1 years without positive observations."
238,16540,"Sijs","Eurasian Siskin",2002,1998,"index_100 = eerste analysejaar vanaf eerste positieve jaar",0,0.392261437155992,0,"model2_basis",FALSE,FALSE,"Data ends with 1 years without positive observations."
238,16540,"Sijs","Eurasian Siskin",2003,1998,"index_100 = eerste analysejaar vanaf eerste positieve jaar",0,0.393205735576071,0,"model2_basis",FALSE,FALSE,"Data ends with 1 years without positive observations."
238,16540,"Sijs","Eurasian Siskin",2004,1998,"index_100 = eerste analysejaar vanaf eerste positieve jaar",0,0.394152307223702,0,"model2_basis",FALSE,FALSE,"Data ends with 1 years without positive observations."
238,16540,"Sijs","Eurasian Siskin",2005,1998,"index_100 = eerste analysejaar vanaf eerste positieve jaar",0,0.395101157571267,0,"model2_basis",FALSE,FALSE,"Data ends with 1 years without positive observations."
238,16540,"Sijs","Eurasian Siskin",2006,1998,"index_100 = eerste analysejaar vanaf eerste positieve jaar",0,0.396052292104325,0,"model2_basis",FALSE,FALSE,"Data ends with 1 years without positive observations."
238,16540,"Sijs","Eurasian Siskin",2007,1998,"index_100 = eerste analysejaar vanaf eerste positieve jaar",0,0.397005716321639,0,"model2_basis",FALSE,FALSE,"Data ends with 1 years without positive observations."
238,16540,"Sijs","Eurasian Siskin",2008,1998,"index_100 = eerste analysejaar vanaf eerste positieve jaar",0,0.397961435735209,0,"model2_basis",FALSE,FALSE,"Data ends with 1 years without positive observations."
238,16540,"Sijs","Eurasian Siskin",2009,1998,"index_100 = eerste analysejaar vanaf eerste positieve jaar",0,0.398919455870305,0,"model2_basis",FALSE,FALSE,"Data ends with 1 years without positive observations."
238,16540,"Sijs","Eurasian Siskin",2010,1998,"index_100 = eerste analysejaar vanaf eerste positieve jaar",0,0.399879782265498,0,"model2_basis",FALSE,FALSE,"Data ends with 1 years without positive observations."
238,16540,"Sijs","Eurasian Siskin",2011,1998,"index_100 = eerste analysejaar vanaf eerste positieve jaar",0,0.400842420472692,0,"model2_basis",FALSE,FALSE,"Data ends with 1 years without positive observations."
238,16540,"Sijs","Eurasian Siskin",2012,1998,"index_100 = eerste analysejaar vanaf eerste positieve jaar",0,0.401807376057154,0,"model2_basis",FALSE,FALSE,"Data ends with 1 years without positive observations."
238,16540,"Sijs","Eurasian Siskin",2013,1998,"index_100 = eerste analysejaar vanaf eerste positieve jaar",0,0.402774654597553,0,"model2_basis",FALSE,FALSE,"Data ends with 1 years without positive observations."
238,16540,"Sijs","Eurasian Siskin",2014,1998,"index_100 = eerste analysejaar vanaf eerste positieve jaar",0,0.403744261685984,0,"model2_basis",FALSE,FALSE,"Data ends with 1 years without positive observations."
238,16540,"Sijs","Eurasian Siskin",2015,1998,"index_100 = eerste analysejaar vanaf eerste positieve jaar",0,0.404716202928004,0,"model2_basis",FALSE,FALSE,"Data ends with 1 years without positive observations."
238,16540,"Sijs","Eurasian Siskin",2016,1998,"index_100 = eerste analysejaar vanaf eerste positieve jaar",0,0.405690483942667,0,"model2_basis",FALSE,FALSE,"Data ends with 1 years without positive observations."
238,16540,"Sijs","Eurasian Siskin",2017,1998,"index_100 = eerste analysejaar vanaf eerste positieve jaar",0,0.406667110362551,0,"model2_basis",FALSE,FALSE,"Data ends with 1 years without positive observations."
238,16540,"Sijs","Eurasian Siskin",2018,1998,"index_100 = eerste analysejaar vanaf eerste positieve jaar",0,0.407646087833795,0,"model2_basis",FALSE,FALSE,"Data ends with 1 years without positive observations."
238,16540,"Sijs","Eurasian Siskin",2019,1998,"index_100 = eerste analysejaar vanaf eerste positieve jaar",0,0.40862742201613,0,"model2_basis",FALSE,FALSE,"Data ends with 1 years without positive observations."
238,16540,"Sijs","Eurasian Siskin",2020,1998,"index_100 = eerste analysejaar vanaf eerste positieve jaar",0,0.409611118582911,0,"model2_basis",FALSE,FALSE,"Data ends with 1 years without positive observations."
238,16540,"Sijs","Eurasian Siskin",2021,1998,"index_100 = eerste analysejaar vanaf eerste positieve jaar",2,0.878828987321536,200,"model2_basis",FALSE,FALSE,"Data ends with 1 years without positive observations."
238,16540,"Sijs","Eurasian Siskin",2022,1998,"index_100 = eerste analysejaar vanaf eerste positieve jaar",0,0.411585621631553,0,"model2_basis",FALSE,FALSE,"Data ends with 1 years without positive observations."
239,16600,"Kneu","common linnet",1997,1997,"index_100 = eerste analysejaar vanaf eerste positieve jaar",1,0,100,"model3_overdisp",TRUE,FALSE,NA
239,16600,"Kneu","common linnet",1998,1997,"index_100 = eerste analysejaar vanaf eerste positieve jaar",0.962065834433364,0.179590352762465,96.2065834433364,"model3_overdisp",TRUE,FALSE,NA
239,16600,"Kneu","common linnet",1999,1997,"index_100 = eerste analysejaar vanaf eerste positieve jaar",1.19402985074627,0.210247001493868,119.402985074627,"model3_overdisp",TRUE,FALSE,NA
239,16600,"Kneu","common linnet",2000,1997,"index_100 = eerste analysejaar vanaf eerste positieve jaar",1.00192136956551,0.186361727147725,100.192136956551,"model3_overdisp",TRUE,FALSE,NA
239,16600,"Kneu","common linnet",2001,1997,"index_100 = eerste analysejaar vanaf eerste positieve jaar",0.850746268656716,0.162995051772548,85.0746268656716,"model3_overdisp",TRUE,FALSE,NA
239,16600,"Kneu","common linnet",2002,1997,"index_100 = eerste analysejaar vanaf eerste positieve jaar",0.850746268656716,0.162995051772548,85.0746268656716,"model3_overdisp",TRUE,FALSE,NA
239,16600,"Kneu","common linnet",2003,1997,"index_100 = eerste analysejaar vanaf eerste positieve jaar",0.671641791044776,0.137638971283306,67.1641791044776,"model3_overdisp",TRUE,FALSE,NA
239,16600,"Kneu","common linnet",2004,1997,"index_100 = eerste analysejaar vanaf eerste positieve jaar",0.626865671641791,0.131178917873517,62.6865671641791,"model3_overdisp",TRUE,FALSE,NA
239,16600,"Kneu","common linnet",2005,1997,"index_100 = eerste analysejaar vanaf eerste positieve jaar",0.671641791044776,0.137638971283306,67.1641791044776,"model3_overdisp",TRUE,FALSE,NA
239,16600,"Kneu","common linnet",2006,1997,"index_100 = eerste analysejaar vanaf eerste positieve jaar",0.552238805970149,0.120266225622547,55.2238805970149,"model3_overdisp",TRUE,FALSE,NA
239,16600,"Kneu","common linnet",2007,1997,"index_100 = eerste analysejaar vanaf eerste positieve jaar",0.375992803898543,0.0936995035971138,37.5992803898543,"model3_overdisp",TRUE,FALSE,NA
239,16600,"Kneu","common linnet",2008,1997,"index_100 = eerste analysejaar vanaf eerste positieve jaar",0.343235708650393,0.0897126317618987,34.3235708650393,"model3_overdisp",TRUE,FALSE,NA
239,16600,"Kneu","common linnet",2009,1997,"index_100 = eerste analysejaar vanaf eerste positieve jaar",0.305417725216941,0.0827605289616516,30.5417725216941,"model3_overdisp",TRUE,FALSE,NA
239,16600,"Kneu","common linnet",2010,1997,"index_100 = eerste analysejaar vanaf eerste positieve jaar",0.303211361385596,0.0838430818698406,30.3211361385596,"model3_overdisp",TRUE,FALSE,NA
239,16600,"Kneu","common linnet",2011,1997,"index_100 = eerste analysejaar vanaf eerste positieve jaar",0.238805970149254,0.0706521182805578,23.8805970149254,"model3_overdisp",TRUE,FALSE,NA
239,16600,"Kneu","common linnet",2012,1997,"index_100 = eerste analysejaar vanaf eerste positieve jaar",0.304332400093877,0.0824630763335415,30.4332400093877,"model3_overdisp",TRUE,FALSE,NA
239,16600,"Kneu","common linnet",2013,1997,"index_100 = eerste analysejaar vanaf eerste positieve jaar",0.321671407809583,0.0872058503316964,32.1671407809583,"model3_overdisp",TRUE,FALSE,NA
239,16600,"Kneu","common linnet",2014,1997,"index_100 = eerste analysejaar vanaf eerste positieve jaar",0.434256400542937,0.10533882961516,43.4256400542937,"model3_overdisp",TRUE,FALSE,NA
239,16600,"Kneu","common linnet",2015,1997,"index_100 = eerste analysejaar vanaf eerste positieve jaar",0.432835820895522,0.10229649773476,43.2835820895522,"model3_overdisp",TRUE,FALSE,NA
239,16600,"Kneu","common linnet",2016,1997,"index_100 = eerste analysejaar vanaf eerste positieve jaar",0.343283582089552,0.088208679882092,34.3283582089552,"model3_overdisp",TRUE,FALSE,NA
239,16600,"Kneu","common linnet",2017,1997,"index_100 = eerste analysejaar vanaf eerste positieve jaar",0.329789291458621,0.0861664437875594,32.9789291458621,"model3_overdisp",TRUE,FALSE,NA
239,16600,"Kneu","common linnet",2018,1997,"index_100 = eerste analysejaar vanaf eerste positieve jaar",0.492537313432836,0.11137382102823,49.2537313432836,"model3_overdisp",TRUE,FALSE,NA
239,16600,"Kneu","common linnet",2019,1997,"index_100 = eerste analysejaar vanaf eerste positieve jaar",0.552238805970149,0.120266225622547,55.2238805970149,"model3_overdisp",TRUE,FALSE,NA
239,16600,"Kneu","common linnet",2020,1997,"index_100 = eerste analysejaar vanaf eerste positieve jaar",0.689413895994261,0.143388038558064,68.9413895994261,"model3_overdisp",TRUE,FALSE,NA
239,16600,"Kneu","common linnet",2021,1997,"index_100 = eerste analysejaar vanaf eerste positieve jaar",0.746268656716418,0.148287342745382,74.6268656716418,"model3_overdisp",TRUE,FALSE,NA
239,16600,"Kneu","common linnet",2022,1997,"index_100 = eerste analysejaar vanaf eerste positieve jaar",0.525305890724583,0.118872949313296,52.5305890724583,"model3_overdisp",TRUE,FALSE,NA
242,16634,"Kleine Barmsijs","Lesser Redpoll",1997,1997,"index_100 = eerste analysejaar vanaf eerste positieve jaar",1,0,100,"model2_basis",FALSE,FALSE,"Data ends with 2 years without positive observations."
242,16634,"Kleine Barmsijs","Lesser Redpoll",1998,1997,"index_100 = eerste analysejaar vanaf eerste positieve jaar",0.134811688542224,0.532348649215225,13.4811688542224,"model2_basis",FALSE,FALSE,"Data ends with 2 years without positive observations."
242,16634,"Kleine Barmsijs","Lesser Redpoll",1999,1997,"index_100 = eerste analysejaar vanaf eerste positieve jaar",0.5,0.616195886994387,50,"model2_basis",FALSE,FALSE,"Data ends with 2 years without positive observations."
242,16634,"Kleine Barmsijs","Lesser Redpoll",2000,1997,"index_100 = eerste analysejaar vanaf eerste positieve jaar",0.5,0.585453012950828,50,"model2_basis",FALSE,FALSE,"Data ends with 2 years without positive observations."
242,16634,"Kleine Barmsijs","Lesser Redpoll",2001,1997,"index_100 = eerste analysejaar vanaf eerste positieve jaar",0.5,0.557308533641923,50,"model2_basis",FALSE,FALSE,"Data ends with 2 years without positive observations."
242,16634,"Kleine Barmsijs","Lesser Redpoll",2002,1997,"index_100 = eerste analysejaar vanaf eerste positieve jaar",0,0.434071585219902,0,"model2_basis",FALSE,FALSE,"Data ends with 2 years without positive observations."
242,16634,"Kleine Barmsijs","Lesser Redpoll",2003,1997,"index_100 = eerste analysejaar vanaf eerste positieve jaar",0,0.405018392997602,0,"model2_basis",FALSE,FALSE,"Data ends with 2 years without positive observations."
242,16634,"Kleine Barmsijs","Lesser Redpoll",2004,1997,"index_100 = eerste analysejaar vanaf eerste positieve jaar",2.5,1.58023858265213,250,"model2_basis",FALSE,FALSE,"Data ends with 2 years without positive observations."
242,16634,"Kleine Barmsijs","Lesser Redpoll",2005,1997,"index_100 = eerste analysejaar vanaf eerste positieve jaar",0,0.35261560144428,0,"model2_basis",FALSE,FALSE,"Data ends with 2 years without positive observations."
242,16634,"Kleine Barmsijs","Lesser Redpoll",2006,1997,"index_100 = eerste analysejaar vanaf eerste positieve jaar",0,0.329014404779558,0,"model2_basis",FALSE,FALSE,"Data ends with 2 years without positive observations."
242,16634,"Kleine Barmsijs","Lesser Redpoll",2007,1997,"index_100 = eerste analysejaar vanaf eerste positieve jaar",0,0.30699287867316,0,"model2_basis",FALSE,FALSE,"Data ends with 2 years without positive observations."
242,16634,"Kleine Barmsijs","Lesser Redpoll",2008,1997,"index_100 = eerste analysejaar vanaf eerste positieve jaar",0,0.28644529293232,0,"model2_basis",FALSE,FALSE,"Data ends with 2 years without positive observations."
242,16634,"Kleine Barmsijs","Lesser Redpoll",2009,1997,"index_100 = eerste analysejaar vanaf eerste positieve jaar",0.0293644655798098,0.241208632005907,2.93644655798098,"model2_basis",FALSE,FALSE,"Data ends with 2 years without positive observations."
242,16634,"Kleine Barmsijs","Lesser Redpoll",2010,1997,"index_100 = eerste analysejaar vanaf eerste positieve jaar",0,0.249383931679396,0,"model2_basis",FALSE,FALSE,"Data ends with 2 years without positive observations."
242,16634,"Kleine Barmsijs","Lesser Redpoll",2011,1997,"index_100 = eerste analysejaar vanaf eerste positieve jaar",0,0.232692216416431,0,"model2_basis",FALSE,FALSE,"Data ends with 2 years without positive observations."
242,16634,"Kleine Barmsijs","Lesser Redpoll",2012,1997,"index_100 = eerste analysejaar vanaf eerste positieve jaar",0,0.217117707689364,0,"model2_basis",FALSE,FALSE,"Data ends with 2 years without positive observations."
242,16634,"Kleine Barmsijs","Lesser Redpoll",2013,1997,"index_100 = eerste analysejaar vanaf eerste positieve jaar",0,0.20258562885456,0,"model2_basis",FALSE,FALSE,"Data ends with 2 years without positive observations."
242,16634,"Kleine Barmsijs","Lesser Redpoll",2014,1997,"index_100 = eerste analysejaar vanaf eerste positieve jaar",0,0.189026208203689,0,"model2_basis",FALSE,FALSE,"Data ends with 2 years without positive observations."
242,16634,"Kleine Barmsijs","Lesser Redpoll",2015,1997,"index_100 = eerste analysejaar vanaf eerste positieve jaar",0,0.176374343974401,0,"model2_basis",FALSE,FALSE,"Data ends with 2 years without positive observations."
242,16634,"Kleine Barmsijs","Lesser Redpoll",2016,1997,"index_100 = eerste analysejaar vanaf eerste positieve jaar",0,0.164569291782435,0,"model2_basis",FALSE,FALSE,"Data ends with 2 years without positive observations."
242,16634,"Kleine Barmsijs","Lesser Redpoll",2017,1997,"index_100 = eerste analysejaar vanaf eerste positieve jaar",0,0.153554372974468,0,"model2_basis",FALSE,FALSE,"Data ends with 2 years without positive observations."
242,16634,"Kleine Barmsijs","Lesser Redpoll",2018,1997,"index_100 = eerste analysejaar vanaf eerste positieve jaar",0,0.143276702501425,0,"model2_basis",FALSE,FALSE,"Data ends with 2 years without positive observations."
242,16634,"Kleine Barmsijs","Lesser Redpoll",2019,1997,"index_100 = eerste analysejaar vanaf eerste positieve jaar",0,0.133686935005719,0,"model2_basis",FALSE,FALSE,"Data ends with 2 years without positive observations."
242,16634,"Kleine Barmsijs","Lesser Redpoll",2020,1997,"index_100 = eerste analysejaar vanaf eerste positieve jaar",0.5,0.331260248198681,50,"model2_basis",FALSE,FALSE,"Data ends with 2 years without positive observations."
242,16634,"Kleine Barmsijs","Lesser Redpoll",2021,1997,"index_100 = eerste analysejaar vanaf eerste positieve jaar",0,0.116390020323258,0,"model2_basis",FALSE,FALSE,"Data ends with 2 years without positive observations."
242,16634,"Kleine Barmsijs","Lesser Redpoll",2022,1997,"index_100 = eerste analysejaar vanaf eerste positieve jaar",0,0.108599826842853,0,"model2_basis",FALSE,FALSE,"Data ends with 2 years without positive observations."
243,16660,"Kruisbek","Crossbill",1998,1998,"index_100 = eerste analysejaar vanaf eerste positieve jaar",1,0,100,"model2_basis",FALSE,FALSE,"Data ends with 19 years without positive observations."
243,16660,"Kruisbek","Crossbill",1999,1998,"index_100 = eerste analysejaar vanaf eerste positieve jaar",0,0.792259258927958,0,"model2_basis",FALSE,FALSE,"Data ends with 19 years without positive observations."
243,16660,"Kruisbek","Crossbill",2000,1998,"index_100 = eerste analysejaar vanaf eerste positieve jaar",1,1.15473970423043,100,"model2_basis",FALSE,FALSE,"Data ends with 19 years without positive observations."
243,16660,"Kruisbek","Crossbill",2001,1998,"index_100 = eerste analysejaar vanaf eerste positieve jaar",0,0.55780343302806,0,"model2_basis",FALSE,FALSE,"Data ends with 19 years without positive observations."
243,16660,"Kruisbek","Crossbill",2002,1998,"index_100 = eerste analysejaar vanaf eerste positieve jaar",0,0.468045541439298,0,"model2_basis",FALSE,FALSE,"Data ends with 19 years without positive observations."
243,16660,"Kruisbek","Crossbill",2003,1998,"index_100 = eerste analysejaar vanaf eerste positieve jaar",1,1.0226125308035,100,"model2_basis",FALSE,FALSE,"Data ends with 19 years without positive observations."
243,16660,"Kruisbek","Crossbill",2004,1998,"index_100 = eerste analysejaar vanaf eerste positieve jaar",0,0.329535321785439,0,"model2_basis",FALSE,FALSE,"Data ends with 19 years without positive observations."
243,16660,"Kruisbek","Crossbill",2005,1998,"index_100 = eerste analysejaar vanaf eerste positieve jaar",0,0.276508764514327,0,"model2_basis",FALSE,FALSE,"Data ends with 19 years without positive observations."
243,16660,"Kruisbek","Crossbill",2006,1998,"index_100 = eerste analysejaar vanaf eerste positieve jaar",0,0.232014876095805,0,"model2_basis",FALSE,FALSE,"Data ends with 19 years without positive observations."
243,16660,"Kruisbek","Crossbill",2007,1998,"index_100 = eerste analysejaar vanaf eerste positieve jaar",0,0.194680638150124,0,"model2_basis",FALSE,FALSE,"Data ends with 19 years without positive observations."
243,16660,"Kruisbek","Crossbill",2008,1998,"index_100 = eerste analysejaar vanaf eerste positieve jaar",0,0.163353968970892,0,"model2_basis",FALSE,FALSE,"Data ends with 19 years without positive observations."
243,16660,"Kruisbek","Crossbill",2009,1998,"index_100 = eerste analysejaar vanaf eerste positieve jaar",0.0063125997645074,0.115127426383674,0.63125997645074,"model2_basis",FALSE,FALSE,"Data ends with 19 years without positive observations."
243,16660,"Kruisbek","Crossbill",2010,1998,"index_100 = eerste analysejaar vanaf eerste positieve jaar",0,0.115012104514904,0,"model2_basis",FALSE,FALSE,"Data ends with 19 years without positive observations."
243,16660,"Kruisbek","Crossbill",2011,1998,"index_100 = eerste analysejaar vanaf eerste positieve jaar",0.00312921910910787,0.0803907875005584,0.312921910910787,"model2_basis",FALSE,FALSE,"Data ends with 19 years without positive observations."
243,16660,"Kruisbek","Crossbill",2012,1998,"index_100 = eerste analysejaar vanaf eerste positieve jaar",0,0.080976203200207,0,"model2_basis",FALSE,FALSE,"Data ends with 19 years without positive observations."
243,16660,"Kruisbek","Crossbill",2013,1998,"index_100 = eerste analysejaar vanaf eerste positieve jaar",0,0.0679460695765079,0,"model2_basis",FALSE,FALSE,"Data ends with 19 years without positive observations."
243,16660,"Kruisbek","Crossbill",2014,1998,"index_100 = eerste analysejaar vanaf eerste positieve jaar",0.00109213808485477,0.0470330743285009,0.109213808485477,"model2_basis",FALSE,FALSE,"Data ends with 19 years without positive observations."
243,16660,"Kruisbek","Crossbill",2015,1998,"index_100 = eerste analysejaar vanaf eerste positieve jaar",0.00076893815529151,0.0393708605225576,0.076893815529151,"model2_basis",FALSE,FALSE,"Data ends with 19 years without positive observations."
243,16660,"Kruisbek","Crossbill",2016,1998,"index_100 = eerste analysejaar vanaf eerste positieve jaar",0.00054138381845894,0.0329698840692289,0.054138381845894,"model2_basis",FALSE,FALSE,"Data ends with 19 years without positive observations."
243,16660,"Kruisbek","Crossbill",2017,1998,"index_100 = eerste analysejaar vanaf eerste positieve jaar",0,0.0336815491618884,0,"model2_basis",FALSE,FALSE,"Data ends with 19 years without positive observations."
243,16660,"Kruisbek","Crossbill",2018,1998,"index_100 = eerste analysejaar vanaf eerste positieve jaar",0,0.0282617459494864,0,"model2_basis",FALSE,FALSE,"Data ends with 19 years without positive observations."
243,16660,"Kruisbek","Crossbill",2019,1998,"index_100 = eerste analysejaar vanaf eerste positieve jaar",0.000188949979546711,0.019399023539235,0.0188949979546711,"model2_basis",FALSE,FALSE,"Data ends with 19 years without positive observations."
243,16660,"Kruisbek","Crossbill",2020,1998,"index_100 = eerste analysejaar vanaf eerste positieve jaar",0,0.0198981567414208,0,"model2_basis",FALSE,FALSE,"Data ends with 19 years without positive observations."
243,16660,"Kruisbek","Crossbill",2021,1998,"index_100 = eerste analysejaar vanaf eerste positieve jaar",0,0.0166962822281767,0,"model2_basis",FALSE,FALSE,"Data ends with 19 years without positive observations."
243,16660,"Kruisbek","Crossbill",2022,1998,"index_100 = eerste analysejaar vanaf eerste positieve jaar",0,0.0140096313374916,0,"model2_basis",FALSE,FALSE,"Data ends with 19 years without positive observations."
246,17100,"Goudvink","bullfinch",1997,1997,"index_100 = eerste analysejaar vanaf eerste positieve jaar",1,0,100,"model3_overdisp",TRUE,FALSE,"Overdispersion 0.7 <1; consider setting overdisp=FALSE"
246,17100,"Goudvink","bullfinch",1998,1997,"index_100 = eerste analysejaar vanaf eerste positieve jaar",0.999022658422684,0.180400760345929,99.9022658422684,"model3_overdisp",TRUE,FALSE,"Overdispersion 0.7 <1; consider setting overdisp=FALSE"
246,17100,"Goudvink","bullfinch",1999,1997,"index_100 = eerste analysejaar vanaf eerste positieve jaar",1.1304347826087,0.193311476472113,113.04347826087,"model3_overdisp",TRUE,FALSE,"Overdispersion 0.7 <1; consider setting overdisp=FALSE"
246,17100,"Goudvink","bullfinch",2000,1997,"index_100 = eerste analysejaar vanaf eerste positieve jaar",1.4026953389983,0.239762578365067,140.26953389983,"model3_overdisp",TRUE,FALSE,"Overdispersion 0.7 <1; consider setting overdisp=FALSE"
246,17100,"Goudvink","bullfinch",2001,1997,"index_100 = eerste analysejaar vanaf eerste positieve jaar",1.17391304347826,0.198993920379525,117.391304347826,"model3_overdisp",TRUE,FALSE,"Overdispersion 0.7 <1; consider setting overdisp=FALSE"
246,17100,"Goudvink","bullfinch",2002,1997,"index_100 = eerste analysejaar vanaf eerste positieve jaar",1,0.176163430030601,100,"model3_overdisp",TRUE,FALSE,"Overdispersion 0.7 <1; consider setting overdisp=FALSE"
246,17100,"Goudvink","bullfinch",2003,1997,"index_100 = eerste analysejaar vanaf eerste positieve jaar",1.06521739130435,0.184757795164572,106.521739130435,"model3_overdisp",TRUE,FALSE,"Overdispersion 0.7 <1; consider setting overdisp=FALSE"
246,17100,"Goudvink","bullfinch",2004,1997,"index_100 = eerste analysejaar vanaf eerste positieve jaar",0.91304347826087,0.16462997396308,91.304347826087,"model3_overdisp",TRUE,FALSE,"Overdispersion 0.7 <1; consider setting overdisp=FALSE"
246,17100,"Goudvink","bullfinch",2005,1997,"index_100 = eerste analysejaar vanaf eerste positieve jaar",0.869565217391304,0.158826201540461,86.9565217391304,"model3_overdisp",TRUE,FALSE,"Overdispersion 0.7 <1; consider setting overdisp=FALSE"
246,17100,"Goudvink","bullfinch",2006,1997,"index_100 = eerste analysejaar vanaf eerste positieve jaar",0.934782608695652,0.167522119596325,93.4782608695652,"model3_overdisp",TRUE,FALSE,"Overdispersion 0.7 <1; consider setting overdisp=FALSE"
246,17100,"Goudvink","bullfinch",2007,1997,"index_100 = eerste analysejaar vanaf eerste positieve jaar",0.853362624553831,0.159361349932665,85.3362624553831,"model3_overdisp",TRUE,FALSE,"Overdispersion 0.7 <1; consider setting overdisp=FALSE"
246,17100,"Goudvink","bullfinch",2008,1997,"index_100 = eerste analysejaar vanaf eerste positieve jaar",0.70269947711668,0.142585436908175,70.269947711668,"model3_overdisp",TRUE,FALSE,"Overdispersion 0.7 <1; consider setting overdisp=FALSE"
246,17100,"Goudvink","bullfinch",2009,1997,"index_100 = eerste analysejaar vanaf eerste positieve jaar",0.483780678681912,0.109597438263031,48.3780678681912,"model3_overdisp",TRUE,FALSE,"Overdispersion 0.7 <1; consider setting overdisp=FALSE"
246,17100,"Goudvink","bullfinch",2010,1997,"index_100 = eerste analysejaar vanaf eerste positieve jaar",0.560574264911782,0.117721001864785,56.0574264911782,"model3_overdisp",TRUE,FALSE,"Overdispersion 0.7 <1; consider setting overdisp=FALSE"
246,17100,"Goudvink","bullfinch",2011,1997,"index_100 = eerste analysejaar vanaf eerste positieve jaar",0.507726729282797,0.109564475217273,50.7726729282797,"model3_overdisp",TRUE,FALSE,"Overdispersion 0.7 <1; consider setting overdisp=FALSE"
246,17100,"Goudvink","bullfinch",2012,1997,"index_100 = eerste analysejaar vanaf eerste positieve jaar",0.391015566228738,0.0938102787578578,39.1015566228738,"model3_overdisp",TRUE,FALSE,"Overdispersion 0.7 <1; consider setting overdisp=FALSE"
246,17100,"Goudvink","bullfinch",2013,1997,"index_100 = eerste analysejaar vanaf eerste positieve jaar",0.448459411929425,0.10151245247331,44.8459411929425,"model3_overdisp",TRUE,FALSE,"Overdispersion 0.7 <1; consider setting overdisp=FALSE"
246,17100,"Goudvink","bullfinch",2014,1997,"index_100 = eerste analysejaar vanaf eerste positieve jaar",0.501172253804905,0.109814376315283,50.1172253804905,"model3_overdisp",TRUE,FALSE,"Overdispersion 0.7 <1; consider setting overdisp=FALSE"
246,17100,"Goudvink","bullfinch",2015,1997,"index_100 = eerste analysejaar vanaf eerste positieve jaar",0.397351353351754,0.0933459111145737,39.7351353351754,"model3_overdisp",TRUE,FALSE,"Overdispersion 0.7 <1; consider setting overdisp=FALSE"
246,17100,"Goudvink","bullfinch",2016,1997,"index_100 = eerste analysejaar vanaf eerste positieve jaar",0.220750751862086,0.0650787107361526,22.0750751862086,"model3_overdisp",TRUE,FALSE,"Overdispersion 0.7 <1; consider setting overdisp=FALSE"
246,17100,"Goudvink","bullfinch",2017,1997,"index_100 = eerste analysejaar vanaf eerste positieve jaar",0.264201812163665,0.0723597299445593,26.4201812163665,"model3_overdisp",TRUE,FALSE,"Overdispersion 0.7 <1; consider setting overdisp=FALSE"
246,17100,"Goudvink","bullfinch",2018,1997,"index_100 = eerste analysejaar vanaf eerste positieve jaar",0.217391304347826,0.0640821304537984,21.7391304347826,"model3_overdisp",TRUE,FALSE,"Overdispersion 0.7 <1; consider setting overdisp=FALSE"
246,17100,"Goudvink","bullfinch",2019,1997,"index_100 = eerste analysejaar vanaf eerste positieve jaar",0.242825827048294,0.068862388897047,24.2825827048294,"model3_overdisp",TRUE,FALSE,"Overdispersion 0.7 <1; consider setting overdisp=FALSE"
246,17100,"Goudvink","bullfinch",2020,1997,"index_100 = eerste analysejaar vanaf eerste positieve jaar",0.159029651169643,0.0545196726289268,15.9029651169643,"model3_overdisp",TRUE,FALSE,"Overdispersion 0.7 <1; consider setting overdisp=FALSE"
246,17100,"Goudvink","bullfinch",2021,1997,"index_100 = eerste analysejaar vanaf eerste positieve jaar",0.108695652173913,0.0432427214786302,10.8695652173913,"model3_overdisp",TRUE,FALSE,"Overdispersion 0.7 <1; consider setting overdisp=FALSE"
246,17100,"Goudvink","bullfinch",2022,1997,"index_100 = eerste analysejaar vanaf eerste positieve jaar",0.0907725238558976,0.0399812473281886,9.07725238558976,"model3_overdisp",TRUE,FALSE,"Overdispersion 0.7 <1; consider setting overdisp=FALSE"
248,17170,"Appelvink","hawfinch",2001,2001,"index_100 = eerste analysejaar vanaf eerste positieve jaar",1,0,100,"model2_basis",FALSE,FALSE,NA
248,17170,"Appelvink","hawfinch",2002,2001,"index_100 = eerste analysejaar vanaf eerste positieve jaar",0,0.582569408354476,0,"model2_basis",FALSE,FALSE,NA
248,17170,"Appelvink","hawfinch",2003,2001,"index_100 = eerste analysejaar vanaf eerste positieve jaar",0,0.633818485114076,0,"model2_basis",FALSE,FALSE,NA
248,17170,"Appelvink","hawfinch",2004,2001,"index_100 = eerste analysejaar vanaf eerste positieve jaar",0,0.689575982382967,0,"model2_basis",FALSE,FALSE,NA
248,17170,"Appelvink","hawfinch",2005,2001,"index_100 = eerste analysejaar vanaf eerste positieve jaar",1,0.921726501215213,100,"model2_basis",FALSE,FALSE,NA
248,17170,"Appelvink","hawfinch",2006,2001,"index_100 = eerste analysejaar vanaf eerste positieve jaar",0,0.816237565275823,0,"model2_basis",FALSE,FALSE,NA
248,17170,"Appelvink","hawfinch",2007,2001,"index_100 = eerste analysejaar vanaf eerste positieve jaar",1.05136622582501,1.02790407957827,105.136622582501,"model2_basis",FALSE,FALSE,NA
248,17170,"Appelvink","hawfinch",2008,2001,"index_100 = eerste analysejaar vanaf eerste positieve jaar",0.300453415907388,0.828562417933644,30.0453415907388,"model2_basis",FALSE,FALSE,NA
248,17170,"Appelvink","hawfinch",2009,2001,"index_100 = eerste analysejaar vanaf eerste positieve jaar",1.18766771163344,1.15297871045454,118.766771163344,"model2_basis",FALSE,FALSE,NA
248,17170,"Appelvink","hawfinch",2010,2001,"index_100 = eerste analysejaar vanaf eerste positieve jaar",0.0532811305451217,1.12334691101395,5.32811305451217,"model2_basis",FALSE,FALSE,NA
248,17170,"Appelvink","hawfinch",2011,2001,"index_100 = eerste analysejaar vanaf eerste positieve jaar",0.0348855135622843,1.23206653316505,3.48855135622843,"model2_basis",FALSE,FALSE,NA
248,17170,"Appelvink","hawfinch",2012,2001,"index_100 = eerste analysejaar vanaf eerste positieve jaar",0.0303553641344595,1.34368477648722,3.03553641344595,"model2_basis",FALSE,FALSE,NA
248,17170,"Appelvink","hawfinch",2013,2001,"index_100 = eerste analysejaar vanaf eerste positieve jaar",3.08836428862901,2.19387603081176,308.836428862901,"model2_basis",FALSE,FALSE,NA
248,17170,"Appelvink","hawfinch",2014,2001,"index_100 = eerste analysejaar vanaf eerste positieve jaar",5.16245108470281,3.16730502586362,516.245108470281,"model2_basis",FALSE,FALSE,NA
248,17170,"Appelvink","hawfinch",2015,2001,"index_100 = eerste analysejaar vanaf eerste positieve jaar",3.06848302355582,2.38119333986588,306.848302355582,"model2_basis",FALSE,FALSE,NA
248,17170,"Appelvink","hawfinch",2016,2001,"index_100 = eerste analysejaar vanaf eerste positieve jaar",4.08106201178406,2.87938814055644,408.106201178406,"model2_basis",FALSE,FALSE,NA
248,17170,"Appelvink","hawfinch",2017,2001,"index_100 = eerste analysejaar vanaf eerste positieve jaar",7.0230233988734,4.16984902907582,702.30233988734,"model2_basis",FALSE,FALSE,NA
248,17170,"Appelvink","hawfinch",2018,2001,"index_100 = eerste analysejaar vanaf eerste positieve jaar",10,5.80623615797043,1000,"model2_basis",FALSE,FALSE,NA
248,17170,"Appelvink","hawfinch",2019,2001,"index_100 = eerste analysejaar vanaf eerste positieve jaar",5.1344375941886,3.66177694785776,513.44375941886,"model2_basis",FALSE,FALSE,NA
248,17170,"Appelvink","hawfinch",2020,2001,"index_100 = eerste analysejaar vanaf eerste positieve jaar",8.98432243303502,5.36963661692213,898.432243303502,"model2_basis",FALSE,FALSE,NA
248,17170,"Appelvink","hawfinch",2021,2001,"index_100 = eerste analysejaar vanaf eerste positieve jaar",6,4.32214119984965,600,"model2_basis",FALSE,FALSE,NA
248,17170,"Appelvink","hawfinch",2022,2001,"index_100 = eerste analysejaar vanaf eerste positieve jaar",5,4.13065760025866,500,"model2_basis",FALSE,FALSE,NA
251,18770,"Rietgors","reed bunting",1997,1997,"index_100 = eerste analysejaar vanaf eerste positieve jaar",1,0,100,"model3_overdisp",TRUE,FALSE,"Overdispersion 0.9 <1; consider setting overdisp=FALSE"
251,18770,"Rietgors","reed bunting",1998,1997,"index_100 = eerste analysejaar vanaf eerste positieve jaar",0.951304593225332,0.146508527401063,95.1304593225332,"model3_overdisp",TRUE,FALSE,"Overdispersion 0.9 <1; consider setting overdisp=FALSE"
251,18770,"Rietgors","reed bunting",1999,1997,"index_100 = eerste analysejaar vanaf eerste positieve jaar",0.730769230769231,0.120841614995761,73.0769230769231,"model3_overdisp",TRUE,FALSE,"Overdispersion 0.9 <1; consider setting overdisp=FALSE"
251,18770,"Rietgors","reed bunting",2000,1997,"index_100 = eerste analysejaar vanaf eerste positieve jaar",0.662293724436232,0.117113521405318,66.2293724436232,"model3_overdisp",TRUE,FALSE,"Overdispersion 0.9 <1; consider setting overdisp=FALSE"
251,18770,"Rietgors","reed bunting",2001,1997,"index_100 = eerste analysejaar vanaf eerste positieve jaar",0.67948717948718,0.114785172531922,67.948717948718,"model3_overdisp",TRUE,FALSE,"Overdispersion 0.9 <1; consider setting overdisp=FALSE"
251,18770,"Rietgors","reed bunting",2002,1997,"index_100 = eerste analysejaar vanaf eerste positieve jaar",0.474358974358974,0.0898590847715024,47.4358974358974,"model3_overdisp",TRUE,FALSE,"Overdispersion 0.9 <1; consider setting overdisp=FALSE"
251,18770,"Rietgors","reed bunting",2003,1997,"index_100 = eerste analysejaar vanaf eerste positieve jaar",0.692307692307692,0.116304375647467,69.2307692307692,"model3_overdisp",TRUE,FALSE,"Overdispersion 0.9 <1; consider setting overdisp=FALSE"
251,18770,"Rietgors","reed bunting",2004,1997,"index_100 = eerste analysejaar vanaf eerste positieve jaar",0.5,0.093054513538136,50,"model3_overdisp",TRUE,FALSE,"Overdispersion 0.9 <1; consider setting overdisp=FALSE"
251,18770,"Rietgors","reed bunting",2005,1997,"index_100 = eerste analysejaar vanaf eerste positieve jaar",0.435897435897436,0.0850081722505682,43.5897435897436,"model3_overdisp",TRUE,FALSE,"Overdispersion 0.9 <1; consider setting overdisp=FALSE"
251,18770,"Rietgors","reed bunting",2006,1997,"index_100 = eerste analysejaar vanaf eerste positieve jaar",0.487179487179487,0.0914603800375708,48.7179487179487,"model3_overdisp",TRUE,FALSE,"Overdispersion 0.9 <1; consider setting overdisp=FALSE"
251,18770,"Rietgors","reed bunting",2007,1997,"index_100 = eerste analysejaar vanaf eerste positieve jaar",0.399584278801024,0.0805160766820634,39.9584278801024,"model3_overdisp",TRUE,FALSE,"Overdispersion 0.9 <1; consider setting overdisp=FALSE"
251,18770,"Rietgors","reed bunting",2008,1997,"index_100 = eerste analysejaar vanaf eerste positieve jaar",0.214669180513353,0.0574898140155565,21.4669180513353,"model3_overdisp",TRUE,FALSE,"Overdispersion 0.9 <1; consider setting overdisp=FALSE"
251,18770,"Rietgors","reed bunting",2009,1997,"index_100 = eerste analysejaar vanaf eerste positieve jaar",0.218542947092306,0.055512678609383,21.8542947092306,"model3_overdisp",TRUE,FALSE,"Overdispersion 0.9 <1; consider setting overdisp=FALSE"
251,18770,"Rietgors","reed bunting",2010,1997,"index_100 = eerste analysejaar vanaf eerste positieve jaar",0.243589743589744,0.0591391225136876,24.3589743589744,"model3_overdisp",TRUE,FALSE,"Overdispersion 0.9 <1; consider setting overdisp=FALSE"
251,18770,"Rietgors","reed bunting",2011,1997,"index_100 = eerste analysejaar vanaf eerste positieve jaar",0.243589743589744,0.0591391225136876,24.3589743589744,"model3_overdisp",TRUE,FALSE,"Overdispersion 0.9 <1; consider setting overdisp=FALSE"
251,18770,"Rietgors","reed bunting",2012,1997,"index_100 = eerste analysejaar vanaf eerste positieve jaar",0.306317104565463,0.0690019389581536,30.6317104565463,"model3_overdisp",TRUE,FALSE,"Overdispersion 0.9 <1; consider setting overdisp=FALSE"
251,18770,"Rietgors","reed bunting",2013,1997,"index_100 = eerste analysejaar vanaf eerste positieve jaar",0.256734927613617,0.0610654192232258,25.6734927613617,"model3_overdisp",TRUE,FALSE,"Overdispersion 0.9 <1; consider setting overdisp=FALSE"
251,18770,"Rietgors","reed bunting",2014,1997,"index_100 = eerste analysejaar vanaf eerste positieve jaar",0.205387942090894,0.0534921811688521,20.5387942090894,"model3_overdisp",TRUE,FALSE,"Overdispersion 0.9 <1; consider setting overdisp=FALSE"
251,18770,"Rietgors","reed bunting",2015,1997,"index_100 = eerste analysejaar vanaf eerste positieve jaar",0.243589743589744,0.0591391225136876,24.3589743589744,"model3_overdisp",TRUE,FALSE,"Overdispersion 0.9 <1; consider setting overdisp=FALSE"
251,18770,"Rietgors","reed bunting",2016,1997,"index_100 = eerste analysejaar vanaf eerste positieve jaar",0.230769230769231,0.0572643160234683,23.0769230769231,"model3_overdisp",TRUE,FALSE,"Overdispersion 0.9 <1; consider setting overdisp=FALSE"
251,18770,"Rietgors","reed bunting",2017,1997,"index_100 = eerste analysejaar vanaf eerste positieve jaar",0.17948717948718,0.0494390526506824,17.948717948718,"model3_overdisp",TRUE,FALSE,"Overdispersion 0.9 <1; consider setting overdisp=FALSE"
251,18770,"Rietgors","reed bunting",2018,1997,"index_100 = eerste analysejaar vanaf eerste positieve jaar",0.256410256410256,0.0609874176064186,25.6410256410256,"model3_overdisp",TRUE,FALSE,"Overdispersion 0.9 <1; consider setting overdisp=FALSE"
251,18770,"Rietgors","reed bunting",2019,1997,"index_100 = eerste analysejaar vanaf eerste positieve jaar",0.243589743589744,0.0591391225136876,24.3589743589744,"model3_overdisp",TRUE,FALSE,"Overdispersion 0.9 <1; consider setting overdisp=FALSE"
251,18770,"Rietgors","reed bunting",2020,1997,"index_100 = eerste analysejaar vanaf eerste positieve jaar",0.256410256410256,0.0609874176064186,25.6410256410256,"model3_overdisp",TRUE,FALSE,"Overdispersion 0.9 <1; consider setting overdisp=FALSE"
251,18770,"Rietgors","reed bunting",2021,1997,"index_100 = eerste analysejaar vanaf eerste positieve jaar",0.269230769230769,0.0628115417217879,26.9230769230769,"model3_overdisp",TRUE,FALSE,"Overdispersion 0.9 <1; consider setting overdisp=FALSE"
251,18770,"Rietgors","reed bunting",2022,1997,"index_100 = eerste analysejaar vanaf eerste positieve jaar",0.218488357194993,0.0554985607075248,21.8488357194993,"model3_overdisp",TRUE,FALSE,"Overdispersion 0.9 <1; consider setting overdisp=FALSE"
