"soort_id","euring_code","soort_naam","engelse_naam","jaar","basisjaar","basisjaar_toelichting","trim_index","trim_se","index_100","model_config","model_overdispersion","model_serial_correlation","model_warnings"
1,70,"Dodaars","little grebe",1997,1997,"index_100 = eerste analysejaar vanaf eerste positieve jaar",1,0,100,"model3_overdisp",TRUE,FALSE,NA
1,70,"Dodaars","little grebe",1998,1997,"index_100 = eerste analysejaar vanaf eerste positieve jaar",1.10526315789474,0.259646026807322,110.526315789474,"model3_overdisp",TRUE,FALSE,NA
1,70,"Dodaars","little grebe",1999,1997,"index_100 = eerste analysejaar vanaf eerste positieve jaar",1.23684210526316,0.283119924873639,123.684210526316,"model3_overdisp",TRUE,FALSE,NA
1,70,"Dodaars","little grebe",2000,1997,"index_100 = eerste analysejaar vanaf eerste positieve jaar",1.44683696509503,0.337168100239396,144.683696509503,"model3_overdisp",TRUE,FALSE,NA
1,70,"Dodaars","little grebe",2001,1997,"index_100 = eerste analysejaar vanaf eerste positieve jaar",1.07894736842105,0.25492798695351,107.894736842105,"model3_overdisp",TRUE,FALSE,NA
1,70,"Dodaars","little grebe",2002,1997,"index_100 = eerste analysejaar vanaf eerste positieve jaar",1.15789473684211,0.269057626664277,115.789473684211,"model3_overdisp",TRUE,FALSE,NA
1,70,"Dodaars","little grebe",2003,1997,"index_100 = eerste analysejaar vanaf eerste positieve jaar",1.07894736842105,0.25492798695351,107.894736842105,"model3_overdisp",TRUE,FALSE,NA
1,70,"Dodaars","little grebe",2004,1997,"index_100 = eerste analysejaar vanaf eerste positieve jaar",1.02631578947368,0.245465074792557,102.631578947368,"model3_overdisp",TRUE,FALSE,NA
1,70,"Dodaars","little grebe",2005,1997,"index_100 = eerste analysejaar vanaf eerste positieve jaar",0.81578947368421,0.207165501117935,81.578947368421,"model3_overdisp",TRUE,FALSE,NA
1,70,"Dodaars","little grebe",2006,1997,"index_100 = eerste analysejaar vanaf eerste positieve jaar",0.895666836813911,0.221856996178156,89.5666836813911,"model3_overdisp",TRUE,FALSE,NA
1,70,"Dodaars","little grebe",2007,1997,"index_100 = eerste analysejaar vanaf eerste positieve jaar",1.1278836874228,0.268295809208247,112.78836874228,"model3_overdisp",TRUE,FALSE,NA
1,70,"Dodaars","little grebe",2008,1997,"index_100 = eerste analysejaar vanaf eerste positieve jaar",1.14858388559742,0.275080773179853,114.858388559742,"model3_overdisp",TRUE,FALSE,NA
1,70,"Dodaars","little grebe",2009,1997,"index_100 = eerste analysejaar vanaf eerste positieve jaar",0.894736842105263,0.221624490043028,89.4736842105263,"model3_overdisp",TRUE,FALSE,NA
1,70,"Dodaars","little grebe",2010,1997,"index_100 = eerste analysejaar vanaf eerste positieve jaar",0.631578947368421,0.172787972313786,63.1578947368421,"model3_overdisp",TRUE,FALSE,NA
1,70,"Dodaars","little grebe",2011,1997,"index_100 = eerste analysejaar vanaf eerste positieve jaar",0.526315789473684,0.152560125456756,52.6315789473684,"model3_overdisp",TRUE,FALSE,NA
1,70,"Dodaars","little grebe",2012,1997,"index_100 = eerste analysejaar vanaf eerste positieve jaar",0.605167952936157,0.172776349627431,60.5167952936157,"model3_overdisp",TRUE,FALSE,NA
1,70,"Dodaars","little grebe",2013,1997,"index_100 = eerste analysejaar vanaf eerste positieve jaar",1.02631578947368,0.245465074792557,102.631578947368,"model3_overdisp",TRUE,FALSE,NA
1,70,"Dodaars","little grebe",2014,1997,"index_100 = eerste analysejaar vanaf eerste positieve jaar",0.894736842105263,0.221624490043028,89.4736842105263,"model3_overdisp",TRUE,FALSE,NA
1,70,"Dodaars","little grebe",2015,1997,"index_100 = eerste analysejaar vanaf eerste positieve jaar",0.921052631578947,0.226416198724101,92.1052631578947,"model3_overdisp",TRUE,FALSE,NA
1,70,"Dodaars","little grebe",2016,1997,"index_100 = eerste analysejaar vanaf eerste positieve jaar",0.868421052631579,0.216819424258255,86.8421052631579,"model3_overdisp",TRUE,FALSE,NA
1,70,"Dodaars","little grebe",2017,1997,"index_100 = eerste analysejaar vanaf eerste positieve jaar",0.947368421052632,0.231195380812852,94.7368421052632,"model3_overdisp",TRUE,FALSE,NA
1,70,"Dodaars","little grebe",2018,1997,"index_100 = eerste analysejaar vanaf eerste positieve jaar",0.778073082346488,0.205653765729252,77.8073082346488,"model3_overdisp",TRUE,FALSE,NA
1,70,"Dodaars","little grebe",2019,1997,"index_100 = eerste analysejaar vanaf eerste positieve jaar",1.23684210526316,0.283119924873639,123.684210526316,"model3_overdisp",TRUE,FALSE,NA
1,70,"Dodaars","little grebe",2020,1997,"index_100 = eerste analysejaar vanaf eerste positieve jaar",1.42105263157895,0.315720539424431,142.105263157895,"model3_overdisp",TRUE,FALSE,NA
1,70,"Dodaars","little grebe",2021,1997,"index_100 = eerste analysejaar vanaf eerste positieve jaar",0.973684210526316,0.235962797449972,97.3684210526316,"model3_overdisp",TRUE,FALSE,NA
1,70,"Dodaars","little grebe",2022,1997,"index_100 = eerste analysejaar vanaf eerste positieve jaar",1.39577284347357,0.32000656496368,139.577284347357,"model3_overdisp",TRUE,FALSE,NA
2,90,"Fuut","great crested grebe",1997,1997,"index_100 = eerste analysejaar vanaf eerste positieve jaar",1,0,100,"model3_overdisp",TRUE,FALSE,"Overdispersion 0.5 <1; consider setting overdisp=FALSE"
2,90,"Fuut","great crested grebe",1998,1997,"index_100 = eerste analysejaar vanaf eerste positieve jaar",1,0.158887464142447,100,"model3_overdisp",TRUE,FALSE,"Overdispersion 0.5 <1; consider setting overdisp=FALSE"
2,90,"Fuut","great crested grebe",1999,1997,"index_100 = eerste analysejaar vanaf eerste positieve jaar",1,0.158887464142447,100,"model3_overdisp",TRUE,FALSE,"Overdispersion 0.5 <1; consider setting overdisp=FALSE"
2,90,"Fuut","great crested grebe",2000,1997,"index_100 = eerste analysejaar vanaf eerste positieve jaar",1.05563891172402,0.174340509730337,105.563891172402,"model3_overdisp",TRUE,FALSE,"Overdispersion 0.5 <1; consider setting overdisp=FALSE"
2,90,"Fuut","great crested grebe",2001,1997,"index_100 = eerste analysejaar vanaf eerste positieve jaar",0.717948717948718,0.124774674582193,71.7948717948718,"model3_overdisp",TRUE,FALSE,"Overdispersion 0.5 <1; consider setting overdisp=FALSE"
2,90,"Fuut","great crested grebe",2002,1997,"index_100 = eerste analysejaar vanaf eerste positieve jaar",0.794871794871795,0.134196100374011,79.4871794871795,"model3_overdisp",TRUE,FALSE,"Overdispersion 0.5 <1; consider setting overdisp=FALSE"
2,90,"Fuut","great crested grebe",2003,1997,"index_100 = eerste analysejaar vanaf eerste positieve jaar",0.666666666666667,0.11842772353169,66.6666666666667,"model3_overdisp",TRUE,FALSE,"Overdispersion 0.5 <1; consider setting overdisp=FALSE"
2,90,"Fuut","great crested grebe",2004,1997,"index_100 = eerste analysejaar vanaf eerste positieve jaar",0.564102564102564,0.105532514663709,56.4102564102564,"model3_overdisp",TRUE,FALSE,"Overdispersion 0.5 <1; consider setting overdisp=FALSE"
2,90,"Fuut","great crested grebe",2005,1997,"index_100 = eerste analysejaar vanaf eerste positieve jaar",0.564102564102564,0.105532514663709,56.4102564102564,"model3_overdisp",TRUE,FALSE,"Overdispersion 0.5 <1; consider setting overdisp=FALSE"
2,90,"Fuut","great crested grebe",2006,1997,"index_100 = eerste analysejaar vanaf eerste positieve jaar",0.666666666666667,0.11842772353169,66.6666666666667,"model3_overdisp",TRUE,FALSE,"Overdispersion 0.5 <1; consider setting overdisp=FALSE"
2,90,"Fuut","great crested grebe",2007,1997,"index_100 = eerste analysejaar vanaf eerste positieve jaar",0.670737513190112,0.120642103208639,67.0737513190112,"model3_overdisp",TRUE,FALSE,"Overdispersion 0.5 <1; consider setting overdisp=FALSE"
2,90,"Fuut","great crested grebe",2008,1997,"index_100 = eerste analysejaar vanaf eerste positieve jaar",0.618819571906349,0.117720182587588,61.8819571906349,"model3_overdisp",TRUE,FALSE,"Overdispersion 0.5 <1; consider setting overdisp=FALSE"
2,90,"Fuut","great crested grebe",2009,1997,"index_100 = eerste analysejaar vanaf eerste positieve jaar",0.41025641025641,0.0854577324389312,41.025641025641,"model3_overdisp",TRUE,FALSE,"Overdispersion 0.5 <1; consider setting overdisp=FALSE"
2,90,"Fuut","great crested grebe",2010,1997,"index_100 = eerste analysejaar vanaf eerste positieve jaar",0.487179487179487,0.0956314687950546,48.7179487179487,"model3_overdisp",TRUE,FALSE,"Overdispersion 0.5 <1; consider setting overdisp=FALSE"
2,90,"Fuut","great crested grebe",2011,1997,"index_100 = eerste analysejaar vanaf eerste positieve jaar",0.538461538461538,0.102257530742578,53.8461538461538,"model3_overdisp",TRUE,FALSE,"Overdispersion 0.5 <1; consider setting overdisp=FALSE"
2,90,"Fuut","great crested grebe",2012,1997,"index_100 = eerste analysejaar vanaf eerste positieve jaar",0.721869155432748,0.129963697927879,72.1869155432748,"model3_overdisp",TRUE,FALSE,"Overdispersion 0.5 <1; consider setting overdisp=FALSE"
2,90,"Fuut","great crested grebe",2013,1997,"index_100 = eerste analysejaar vanaf eerste positieve jaar",0.461538461538462,0.0922749267781147,46.1538461538462,"model3_overdisp",TRUE,FALSE,"Overdispersion 0.5 <1; consider setting overdisp=FALSE"
2,90,"Fuut","great crested grebe",2014,1997,"index_100 = eerste analysejaar vanaf eerste positieve jaar",0.692307692307692,0.121608485181125,69.2307692307692,"model3_overdisp",TRUE,FALSE,"Overdispersion 0.5 <1; consider setting overdisp=FALSE"
2,90,"Fuut","great crested grebe",2015,1997,"index_100 = eerste analysejaar vanaf eerste positieve jaar",0.846153846153846,0.140421383310131,84.6153846153846,"model3_overdisp",TRUE,FALSE,"Overdispersion 0.5 <1; consider setting overdisp=FALSE"
2,90,"Fuut","great crested grebe",2016,1997,"index_100 = eerste analysejaar vanaf eerste positieve jaar",0.666666666666667,0.11842772353169,66.6666666666667,"model3_overdisp",TRUE,FALSE,"Overdispersion 0.5 <1; consider setting overdisp=FALSE"
2,90,"Fuut","great crested grebe",2017,1997,"index_100 = eerste analysejaar vanaf eerste positieve jaar",0.512820512820513,0.0989580280613307,51.2820512820513,"model3_overdisp",TRUE,FALSE,"Overdispersion 0.5 <1; consider setting overdisp=FALSE"
2,90,"Fuut","great crested grebe",2018,1997,"index_100 = eerste analysejaar vanaf eerste positieve jaar",0.606370090563508,0.115312892416735,60.6370090563508,"model3_overdisp",TRUE,FALSE,"Overdispersion 0.5 <1; consider setting overdisp=FALSE"
2,90,"Fuut","great crested grebe",2019,1997,"index_100 = eerste analysejaar vanaf eerste positieve jaar",0.666666666666667,0.11842772353169,66.6666666666667,"model3_overdisp",TRUE,FALSE,"Overdispersion 0.5 <1; consider setting overdisp=FALSE"
2,90,"Fuut","great crested grebe",2020,1997,"index_100 = eerste analysejaar vanaf eerste positieve jaar",0.461538461538462,0.0922749267781147,46.1538461538462,"model3_overdisp",TRUE,FALSE,"Overdispersion 0.5 <1; consider setting overdisp=FALSE"
2,90,"Fuut","great crested grebe",2021,1997,"index_100 = eerste analysejaar vanaf eerste positieve jaar",0.487179487179487,0.0956314687950546,48.7179487179487,"model3_overdisp",TRUE,FALSE,"Overdispersion 0.5 <1; consider setting overdisp=FALSE"
2,90,"Fuut","great crested grebe",2022,1997,"index_100 = eerste analysejaar vanaf eerste positieve jaar",0.476472704700227,0.0994031327769801,47.6472704700227,"model3_overdisp",TRUE,FALSE,"Overdispersion 0.5 <1; consider setting overdisp=FALSE"
4,120,"Geoorde Fuut","black-necked grebe",1997,1997,"index_100 = eerste analysejaar vanaf eerste positieve jaar",1,0,100,"model2_basis",FALSE,FALSE,"Data ends with 2 years without positive observations."
4,120,"Geoorde Fuut","black-necked grebe",1998,1997,"index_100 = eerste analysejaar vanaf eerste positieve jaar",0.714285714285714,0.330244072048531,71.4285714285714,"model2_basis",FALSE,FALSE,"Data ends with 2 years without positive observations."
4,120,"Geoorde Fuut","black-necked grebe",1999,1997,"index_100 = eerste analysejaar vanaf eerste positieve jaar",0.571428571428571,0.298980720629661,57.1428571428571,"model2_basis",FALSE,FALSE,"Data ends with 2 years without positive observations."
4,120,"Geoorde Fuut","black-necked grebe",2000,1997,"index_100 = eerste analysejaar vanaf eerste positieve jaar",0.99683133231033,0.359382182968852,99.683133231033,"model2_basis",FALSE,FALSE,"Data ends with 2 years without positive observations."
4,120,"Geoorde Fuut","black-necked grebe",2001,1997,"index_100 = eerste analysejaar vanaf eerste positieve jaar",0.857142857142857,0.332482028850409,85.7142857142857,"model2_basis",FALSE,FALSE,"Data ends with 2 years without positive observations."
4,120,"Geoorde Fuut","black-necked grebe",2002,1997,"index_100 = eerste analysejaar vanaf eerste positieve jaar",0.642857142857143,0.285701201916377,64.2857142857143,"model2_basis",FALSE,FALSE,"Data ends with 2 years without positive observations."
4,120,"Geoorde Fuut","black-necked grebe",2003,1997,"index_100 = eerste analysejaar vanaf eerste positieve jaar",0.857142857142857,0.319539839217312,85.7142857142857,"model2_basis",FALSE,FALSE,"Data ends with 2 years without positive observations."
4,120,"Geoorde Fuut","black-necked grebe",2004,1997,"index_100 = eerste analysejaar vanaf eerste positieve jaar",0.357142857142857,0.228187854034434,35.7142857142857,"model2_basis",FALSE,FALSE,"Data ends with 2 years without positive observations."
4,120,"Geoorde Fuut","black-necked grebe",2005,1997,"index_100 = eerste analysejaar vanaf eerste positieve jaar",0.285714285714286,0.212486423135378,28.5714285714286,"model2_basis",FALSE,FALSE,"Data ends with 2 years without positive observations."
4,120,"Geoorde Fuut","black-necked grebe",2006,1997,"index_100 = eerste analysejaar vanaf eerste positieve jaar",0.357142857142857,0.213338450517552,35.7142857142857,"model2_basis",FALSE,FALSE,"Data ends with 2 years without positive observations."
4,120,"Geoorde Fuut","black-necked grebe",2007,1997,"index_100 = eerste analysejaar vanaf eerste positieve jaar",0.78885852964221,0.283074272561251,78.885852964221,"model2_basis",FALSE,FALSE,"Data ends with 2 years without positive observations."
4,120,"Geoorde Fuut","black-necked grebe",2008,1997,"index_100 = eerste analysejaar vanaf eerste positieve jaar",0.672022611765612,0.250131752679933,67.2022611765612,"model2_basis",FALSE,FALSE,"Data ends with 2 years without positive observations."
4,120,"Geoorde Fuut","black-necked grebe",2009,1997,"index_100 = eerste analysejaar vanaf eerste positieve jaar",0.5,0.216504363201238,50,"model2_basis",FALSE,FALSE,"Data ends with 2 years without positive observations."
4,120,"Geoorde Fuut","black-necked grebe",2010,1997,"index_100 = eerste analysejaar vanaf eerste positieve jaar",0.571428571428571,0.224654709794215,57.1428571428571,"model2_basis",FALSE,FALSE,"Data ends with 2 years without positive observations."
4,120,"Geoorde Fuut","black-necked grebe",2011,1997,"index_100 = eerste analysejaar vanaf eerste positieve jaar",0.357142857142857,0.182282928978171,35.7142857142857,"model2_basis",FALSE,FALSE,"Data ends with 2 years without positive observations."
4,120,"Geoorde Fuut","black-necked grebe",2012,1997,"index_100 = eerste analysejaar vanaf eerste positieve jaar",0.571428571428571,0.215666201542453,57.1428571428571,"model2_basis",FALSE,FALSE,"Data ends with 2 years without positive observations."
4,120,"Geoorde Fuut","black-necked grebe",2013,1997,"index_100 = eerste analysejaar vanaf eerste positieve jaar",0.928571428571428,0.292642961826201,92.8571428571428,"model2_basis",FALSE,FALSE,"Data ends with 2 years without positive observations."
4,120,"Geoorde Fuut","black-necked grebe",2014,1997,"index_100 = eerste analysejaar vanaf eerste positieve jaar",0.214285714285714,0.147507565232433,21.4285714285714,"model2_basis",FALSE,FALSE,"Data ends with 2 years without positive observations."
4,120,"Geoorde Fuut","black-necked grebe",2015,1997,"index_100 = eerste analysejaar vanaf eerste positieve jaar",0.214285714285714,0.142427486698497,21.4285714285714,"model2_basis",FALSE,FALSE,"Data ends with 2 years without positive observations."
4,120,"Geoorde Fuut","black-necked grebe",2016,1997,"index_100 = eerste analysejaar vanaf eerste positieve jaar",0.142857142857143,0.130327690250035,14.2857142857143,"model2_basis",FALSE,FALSE,"Data ends with 2 years without positive observations."
4,120,"Geoorde Fuut","black-necked grebe",2017,1997,"index_100 = eerste analysejaar vanaf eerste positieve jaar",0.0714285714285714,0.120717707563349,7.14285714285714,"model2_basis",FALSE,FALSE,"Data ends with 2 years without positive observations."
4,120,"Geoorde Fuut","black-necked grebe",2018,1997,"index_100 = eerste analysejaar vanaf eerste positieve jaar",0,0.114189091423606,0,"model2_basis",FALSE,FALSE,"Data ends with 2 years without positive observations."
4,120,"Geoorde Fuut","black-necked grebe",2019,1997,"index_100 = eerste analysejaar vanaf eerste positieve jaar",0,0.109485657084736,0,"model2_basis",FALSE,FALSE,"Data ends with 2 years without positive observations."
4,120,"Geoorde Fuut","black-necked grebe",2020,1997,"index_100 = eerste analysejaar vanaf eerste positieve jaar",0.0714285714285714,0.106813842031887,7.14285714285714,"model2_basis",FALSE,FALSE,"Data ends with 2 years without positive observations."
4,120,"Geoorde Fuut","black-necked grebe",2021,1997,"index_100 = eerste analysejaar vanaf eerste positieve jaar",0,0.100652010142873,0,"model2_basis",FALSE,FALSE,"Data ends with 2 years without positive observations."
4,120,"Geoorde Fuut","black-necked grebe",2022,1997,"index_100 = eerste analysejaar vanaf eerste positieve jaar",0.00898218700799902,0.0936784961863525,0.898218700799902,"model2_basis",FALSE,FALSE,"Data ends with 2 years without positive observations."
5,720,"Aalscholver","Cormorant",1997,1997,"index_100 = eerste analysejaar vanaf eerste positieve jaar",1,0,100,"model2_basis",FALSE,FALSE,NA
5,720,"Aalscholver","Cormorant",1998,1997,"index_100 = eerste analysejaar vanaf eerste positieve jaar",1.275,0.174616802228834,127.5,"model2_basis",FALSE,FALSE,NA
5,720,"Aalscholver","Cormorant",1999,1997,"index_100 = eerste analysejaar vanaf eerste positieve jaar",2.40833333333333,0.280216512565625,240.833333333333,"model2_basis",FALSE,FALSE,NA
5,720,"Aalscholver","Cormorant",2000,1997,"index_100 = eerste analysejaar vanaf eerste positieve jaar",0.52250442388776,0.114453619449228,52.250442388776,"model2_basis",FALSE,FALSE,NA
5,720,"Aalscholver","Cormorant",2001,1997,"index_100 = eerste analysejaar vanaf eerste positieve jaar",0,0.123266413015788,0,"model2_basis",FALSE,FALSE,NA
5,720,"Aalscholver","Cormorant",2002,1997,"index_100 = eerste analysejaar vanaf eerste positieve jaar",0,0.12794218293575,0,"model2_basis",FALSE,FALSE,NA
5,720,"Aalscholver","Cormorant",2003,1997,"index_100 = eerste analysejaar vanaf eerste positieve jaar",2.39183999382686,0.286651073393027,239.183999382686,"model2_basis",FALSE,FALSE,NA
5,720,"Aalscholver","Cormorant",2004,1997,"index_100 = eerste analysejaar vanaf eerste positieve jaar",2.575,0.306261580136667,257.5,"model2_basis",FALSE,FALSE,NA
5,720,"Aalscholver","Cormorant",2005,1997,"index_100 = eerste analysejaar vanaf eerste positieve jaar",3.375,0.385954744110142,337.5,"model2_basis",FALSE,FALSE,NA
5,720,"Aalscholver","Cormorant",2006,1997,"index_100 = eerste analysejaar vanaf eerste positieve jaar",3,0.351532601062181,300,"model2_basis",FALSE,FALSE,NA
5,720,"Aalscholver","Cormorant",2007,1997,"index_100 = eerste analysejaar vanaf eerste positieve jaar",3.39166666666667,0.39181606104653,339.166666666667,"model2_basis",FALSE,FALSE,NA
5,720,"Aalscholver","Cormorant",2008,1997,"index_100 = eerste analysejaar vanaf eerste positieve jaar",3.19118291461625,0.36224829609953,319.118291461625,"model2_basis",FALSE,FALSE,NA
5,720,"Aalscholver","Cormorant",2009,1997,"index_100 = eerste analysejaar vanaf eerste positieve jaar",4.79166666666667,0.535325875390726,479.166666666667,"model2_basis",FALSE,FALSE,NA
5,720,"Aalscholver","Cormorant",2010,1997,"index_100 = eerste analysejaar vanaf eerste positieve jaar",3,0.36224982999317,300,"model2_basis",FALSE,FALSE,NA
5,720,"Aalscholver","Cormorant",2011,1997,"index_100 = eerste analysejaar vanaf eerste positieve jaar",2.45833333333333,0.316493468333319,245.833333333333,"model2_basis",FALSE,FALSE,NA
5,720,"Aalscholver","Cormorant",2012,1997,"index_100 = eerste analysejaar vanaf eerste positieve jaar",4.87721745127978,0.540985053229763,487.721745127978,"model2_basis",FALSE,FALSE,NA
5,720,"Aalscholver","Cormorant",2013,1997,"index_100 = eerste analysejaar vanaf eerste positieve jaar",5.225,0.587454650969776,522.5,"model2_basis",FALSE,FALSE,NA
5,720,"Aalscholver","Cormorant",2014,1997,"index_100 = eerste analysejaar vanaf eerste positieve jaar",6.74166666666667,0.743446374760879,674.166666666667,"model2_basis",FALSE,FALSE,NA
5,720,"Aalscholver","Cormorant",2015,1997,"index_100 = eerste analysejaar vanaf eerste positieve jaar",6.35,0.705664255528637,635,"model2_basis",FALSE,FALSE,NA
5,720,"Aalscholver","Cormorant",2016,1997,"index_100 = eerste analysejaar vanaf eerste positieve jaar",7.10833333333333,0.785126427453585,710.833333333333,"model2_basis",FALSE,FALSE,NA
5,720,"Aalscholver","Cormorant",2017,1997,"index_100 = eerste analysejaar vanaf eerste positieve jaar",5.825,0.657858027372892,582.5,"model2_basis",FALSE,FALSE,NA
5,720,"Aalscholver","Cormorant",2018,1997,"index_100 = eerste analysejaar vanaf eerste positieve jaar",9.13759798408958,0.993152120778441,913.759798408958,"model2_basis",FALSE,FALSE,NA
5,720,"Aalscholver","Cormorant",2019,1997,"index_100 = eerste analysejaar vanaf eerste positieve jaar",9.01676651223782,0.98333133993204,901.676651223782,"model2_basis",FALSE,FALSE,NA
5,720,"Aalscholver","Cormorant",2020,1997,"index_100 = eerste analysejaar vanaf eerste positieve jaar",6.31666666666667,0.71598737026662,631.666666666667,"model2_basis",FALSE,FALSE,NA
5,720,"Aalscholver","Cormorant",2021,1997,"index_100 = eerste analysejaar vanaf eerste positieve jaar",5.48333333333333,0.637608566686602,548.333333333333,"model2_basis",FALSE,FALSE,NA
5,720,"Aalscholver","Cormorant",2022,1997,"index_100 = eerste analysejaar vanaf eerste positieve jaar",4.39571806041731,0.530996514551098,439.571806041731,"model2_basis",FALSE,FALSE,NA
7,950,"Roerdomp","bittern",2006,2006,"index_100 = eerste analysejaar vanaf eerste positieve jaar",1,0,100,"model3_overdisp",TRUE,FALSE,"Overdispersion 0.7 <1; consider setting overdisp=FALSE"
7,950,"Roerdomp","bittern",2007,2006,"index_100 = eerste analysejaar vanaf eerste positieve jaar",1,1.16338503630179,100,"model3_overdisp",TRUE,FALSE,"Overdispersion 0.7 <1; consider setting overdisp=FALSE"
7,950,"Roerdomp","bittern",2008,2006,"index_100 = eerste analysejaar vanaf eerste positieve jaar",1.21520434825178,1.41497512016466,121.520434825178,"model3_overdisp",TRUE,FALSE,"Overdispersion 0.7 <1; consider setting overdisp=FALSE"
7,950,"Roerdomp","bittern",2009,2006,"index_100 = eerste analysejaar vanaf eerste positieve jaar",2,2.01504199164006,200,"model3_overdisp",TRUE,FALSE,"Overdispersion 0.7 <1; consider setting overdisp=FALSE"
7,950,"Roerdomp","bittern",2010,2006,"index_100 = eerste analysejaar vanaf eerste positieve jaar",2,2.01504199164006,200,"model3_overdisp",TRUE,FALSE,"Overdispersion 0.7 <1; consider setting overdisp=FALSE"
7,950,"Roerdomp","bittern",2011,2006,"index_100 = eerste analysejaar vanaf eerste positieve jaar",4,3.67894651047131,400,"model3_overdisp",TRUE,FALSE,"Overdispersion 0.7 <1; consider setting overdisp=FALSE"
7,950,"Roerdomp","bittern",2012,2006,"index_100 = eerste analysejaar vanaf eerste positieve jaar",4.06526219530097,3.73936243126709,406.526219530097,"model3_overdisp",TRUE,FALSE,"Overdispersion 0.7 <1; consider setting overdisp=FALSE"
7,950,"Roerdomp","bittern",2013,2006,"index_100 = eerste analysejaar vanaf eerste positieve jaar",2,2.01504199164006,200,"model3_overdisp",TRUE,FALSE,"Overdispersion 0.7 <1; consider setting overdisp=FALSE"
7,950,"Roerdomp","bittern",2014,2006,"index_100 = eerste analysejaar vanaf eerste positieve jaar",4,3.67894651047131,400,"model3_overdisp",TRUE,FALSE,"Overdispersion 0.7 <1; consider setting overdisp=FALSE"
7,950,"Roerdomp","bittern",2015,2006,"index_100 = eerste analysejaar vanaf eerste positieve jaar",4,3.67894651047131,400,"model3_overdisp",TRUE,FALSE,"Overdispersion 0.7 <1; consider setting overdisp=FALSE"
7,950,"Roerdomp","bittern",2016,2006,"index_100 = eerste analysejaar vanaf eerste positieve jaar",7,6.15605497013673,700,"model3_overdisp",TRUE,FALSE,"Overdispersion 0.7 <1; consider setting overdisp=FALSE"
7,950,"Roerdomp","bittern",2017,2006,"index_100 = eerste analysejaar vanaf eerste positieve jaar",7,6.15605497013673,700,"model3_overdisp",TRUE,FALSE,"Overdispersion 0.7 <1; consider setting overdisp=FALSE"
7,950,"Roerdomp","bittern",2018,2006,"index_100 = eerste analysejaar vanaf eerste positieve jaar",3.04894664647572,2.89647871301434,304.894664647572,"model3_overdisp",TRUE,FALSE,"Overdispersion 0.7 <1; consider setting overdisp=FALSE"
7,950,"Roerdomp","bittern",2019,2006,"index_100 = eerste analysejaar vanaf eerste positieve jaar",9,7.80422407553053,900,"model3_overdisp",TRUE,FALSE,"Overdispersion 0.7 <1; consider setting overdisp=FALSE"
7,950,"Roerdomp","bittern",2020,2006,"index_100 = eerste analysejaar vanaf eerste positieve jaar",5,4.50577087082372,500,"model3_overdisp",TRUE,FALSE,"Overdispersion 0.7 <1; consider setting overdisp=FALSE"
7,950,"Roerdomp","bittern",2021,2006,"index_100 = eerste analysejaar vanaf eerste positieve jaar",7,6.15605497013673,700,"model3_overdisp",TRUE,FALSE,"Overdispersion 0.7 <1; consider setting overdisp=FALSE"
7,950,"Roerdomp","bittern",2022,2006,"index_100 = eerste analysejaar vanaf eerste positieve jaar",6.07602174125892,5.48333457337548,607.602174125892,"model3_overdisp",TRUE,FALSE,"Overdispersion 0.7 <1; consider setting overdisp=FALSE"
8,980,"Woudaap","Little Bittern",2006,2006,"index_100 = eerste analysejaar vanaf eerste positieve jaar",1,0,100,"model2_basis",FALSE,FALSE,"Data ends with 7 years without positive observations."
8,980,"Woudaap","Little Bittern",2007,2006,"index_100 = eerste analysejaar vanaf eerste positieve jaar",0,0.837250045726971,0,"model2_basis",FALSE,FALSE,"Data ends with 7 years without positive observations."
8,980,"Woudaap","Little Bittern",2008,2006,"index_100 = eerste analysejaar vanaf eerste positieve jaar",1.15464209510153,1.2201494508262,115.464209510153,"model2_basis",FALSE,FALSE,"Data ends with 7 years without positive observations."
8,980,"Woudaap","Little Bittern",2009,2006,"index_100 = eerste analysejaar vanaf eerste positieve jaar",1,1.1509995158921,100,"model2_basis",FALSE,FALSE,"Data ends with 7 years without positive observations."
8,980,"Woudaap","Little Bittern",2010,2006,"index_100 = eerste analysejaar vanaf eerste positieve jaar",0,0.588920182125225,0,"model2_basis",FALSE,FALSE,"Data ends with 7 years without positive observations."
8,980,"Woudaap","Little Bittern",2011,2006,"index_100 = eerste analysejaar vanaf eerste positieve jaar",0,0.523749382150168,0,"model2_basis",FALSE,FALSE,"Data ends with 7 years without positive observations."
8,980,"Woudaap","Little Bittern",2012,2006,"index_100 = eerste analysejaar vanaf eerste positieve jaar",0,0.465790481679152,0,"model2_basis",FALSE,FALSE,"Data ends with 7 years without positive observations."
8,980,"Woudaap","Little Bittern",2013,2006,"index_100 = eerste analysejaar vanaf eerste positieve jaar",0,0.414245400982049,0,"model2_basis",FALSE,FALSE,"Data ends with 7 years without positive observations."
8,980,"Woudaap","Little Bittern",2014,2006,"index_100 = eerste analysejaar vanaf eerste positieve jaar",0,0.368404377041307,0,"model2_basis",FALSE,FALSE,"Data ends with 7 years without positive observations."
8,980,"Woudaap","Little Bittern",2015,2006,"index_100 = eerste analysejaar vanaf eerste positieve jaar",1,0.99681300383639,100,"model2_basis",FALSE,FALSE,"Data ends with 7 years without positive observations."
8,980,"Woudaap","Little Bittern",2016,2006,"index_100 = eerste analysejaar vanaf eerste positieve jaar",0,0.291379472877855,0,"model2_basis",FALSE,FALSE,"Data ends with 7 years without positive observations."
8,980,"Woudaap","Little Bittern",2017,2006,"index_100 = eerste analysejaar vanaf eerste positieve jaar",0,0.259134978767918,0,"model2_basis",FALSE,FALSE,"Data ends with 7 years without positive observations."
8,980,"Woudaap","Little Bittern",2018,2006,"index_100 = eerste analysejaar vanaf eerste positieve jaar",0,0.230458709248879,0,"model2_basis",FALSE,FALSE,"Data ends with 7 years without positive observations."
8,980,"Woudaap","Little Bittern",2019,2006,"index_100 = eerste analysejaar vanaf eerste positieve jaar",0,0.204955799179183,0,"model2_basis",FALSE,FALSE,"Data ends with 7 years without positive observations."
8,980,"Woudaap","Little Bittern",2020,2006,"index_100 = eerste analysejaar vanaf eerste positieve jaar",0,0.182275079792333,0,"model2_basis",FALSE,FALSE,"Data ends with 7 years without positive observations."
8,980,"Woudaap","Little Bittern",2021,2006,"index_100 = eerste analysejaar vanaf eerste positieve jaar",0,0.162104243189797,0,"model2_basis",FALSE,FALSE,"Data ends with 7 years without positive observations."
8,980,"Woudaap","Little Bittern",2022,2006,"index_100 = eerste analysejaar vanaf eerste positieve jaar",0.00579703778301253,0.125364048384956,0.579703778301253,"model2_basis",FALSE,FALSE,"Data ends with 7 years without positive observations."
17,1520,"Knobbelzwaan","mute swan",1997,1997,"index_100 = eerste analysejaar vanaf eerste positieve jaar",1,0,100,"model3_overdisp",TRUE,FALSE,"Overdispersion 0.6 <1; consider setting overdisp=FALSE"
17,1520,"Knobbelzwaan","mute swan",1998,1997,"index_100 = eerste analysejaar vanaf eerste positieve jaar",1.25,0.465870950077105,125,"model3_overdisp",TRUE,FALSE,"Overdispersion 0.6 <1; consider setting overdisp=FALSE"
17,1520,"Knobbelzwaan","mute swan",1999,1997,"index_100 = eerste analysejaar vanaf eerste positieve jaar",1.125,0.429511793559715,112.5,"model3_overdisp",TRUE,FALSE,"Overdispersion 0.6 <1; consider setting overdisp=FALSE"
17,1520,"Knobbelzwaan","mute swan",2000,1997,"index_100 = eerste analysejaar vanaf eerste positieve jaar",1.26867191857661,0.484955546146349,126.867191857661,"model3_overdisp",TRUE,FALSE,"Overdispersion 0.6 <1; consider setting overdisp=FALSE"
17,1520,"Knobbelzwaan","mute swan",2001,1997,"index_100 = eerste analysejaar vanaf eerste positieve jaar",1.125,0.429511793559715,112.5,"model3_overdisp",TRUE,FALSE,"Overdispersion 0.6 <1; consider setting overdisp=FALSE"
17,1520,"Knobbelzwaan","mute swan",2002,1997,"index_100 = eerste analysejaar vanaf eerste positieve jaar",1,0.3928568794534,100,"model3_overdisp",TRUE,FALSE,"Overdispersion 0.6 <1; consider setting overdisp=FALSE"
17,1520,"Knobbelzwaan","mute swan",2003,1997,"index_100 = eerste analysejaar vanaf eerste positieve jaar",1.34681767204003,0.502320438744831,134.681767204003,"model3_overdisp",TRUE,FALSE,"Overdispersion 0.6 <1; consider setting overdisp=FALSE"
17,1520,"Knobbelzwaan","mute swan",2004,1997,"index_100 = eerste analysejaar vanaf eerste positieve jaar",0.875,0.355814815468221,87.5,"model3_overdisp",TRUE,FALSE,"Overdispersion 0.6 <1; consider setting overdisp=FALSE"
17,1520,"Knobbelzwaan","mute swan",2005,1997,"index_100 = eerste analysejaar vanaf eerste positieve jaar",0.75,0.318250445915395,75,"model3_overdisp",TRUE,FALSE,"Overdispersion 0.6 <1; consider setting overdisp=FALSE"
17,1520,"Knobbelzwaan","mute swan",2006,1997,"index_100 = eerste analysejaar vanaf eerste positieve jaar",1.00843199436535,0.396197383133915,100.843199436535,"model3_overdisp",TRUE,FALSE,"Overdispersion 0.6 <1; consider setting overdisp=FALSE"
17,1520,"Knobbelzwaan","mute swan",2007,1997,"index_100 = eerste analysejaar vanaf eerste positieve jaar",1.08856869823066,0.42799431938021,108.856869823066,"model3_overdisp",TRUE,FALSE,"Overdispersion 0.6 <1; consider setting overdisp=FALSE"
17,1520,"Knobbelzwaan","mute swan",2008,1997,"index_100 = eerste analysejaar vanaf eerste positieve jaar",1.16205010206427,0.4437980836947,116.205010206427,"model3_overdisp",TRUE,FALSE,"Overdispersion 0.6 <1; consider setting overdisp=FALSE"
17,1520,"Knobbelzwaan","mute swan",2009,1997,"index_100 = eerste analysejaar vanaf eerste positieve jaar",1.375,0.501998617219657,137.5,"model3_overdisp",TRUE,FALSE,"Overdispersion 0.6 <1; consider setting overdisp=FALSE"
17,1520,"Knobbelzwaan","mute swan",2010,1997,"index_100 = eerste analysejaar vanaf eerste positieve jaar",1,0.3928568794534,100,"model3_overdisp",TRUE,FALSE,"Overdispersion 0.6 <1; consider setting overdisp=FALSE"
17,1520,"Knobbelzwaan","mute swan",2011,1997,"index_100 = eerste analysejaar vanaf eerste positieve jaar",1,0.3928568794534,100,"model3_overdisp",TRUE,FALSE,"Overdispersion 0.6 <1; consider setting overdisp=FALSE"
17,1520,"Knobbelzwaan","mute swan",2012,1997,"index_100 = eerste analysejaar vanaf eerste positieve jaar",0.952880908820827,0.387762005004356,95.2880908820827,"model3_overdisp",TRUE,FALSE,"Overdispersion 0.6 <1; consider setting overdisp=FALSE"
17,1520,"Knobbelzwaan","mute swan",2013,1997,"index_100 = eerste analysejaar vanaf eerste positieve jaar",1.26125861866126,0.47010900180131,126.125861866126,"model3_overdisp",TRUE,FALSE,"Overdispersion 0.6 <1; consider setting overdisp=FALSE"
17,1520,"Knobbelzwaan","mute swan",2014,1997,"index_100 = eerste analysejaar vanaf eerste positieve jaar",1.63963620425963,0.578959350531945,163.963620425963,"model3_overdisp",TRUE,FALSE,"Overdispersion 0.6 <1; consider setting overdisp=FALSE"
17,1520,"Knobbelzwaan","mute swan",2015,1997,"index_100 = eerste analysejaar vanaf eerste positieve jaar",1.5,0.537941436869287,150,"model3_overdisp",TRUE,FALSE,"Overdispersion 0.6 <1; consider setting overdisp=FALSE"
17,1520,"Knobbelzwaan","mute swan",2016,1997,"index_100 = eerste analysejaar vanaf eerste positieve jaar",1.5,0.537941436869287,150,"model3_overdisp",TRUE,FALSE,"Overdispersion 0.6 <1; consider setting overdisp=FALSE"
17,1520,"Knobbelzwaan","mute swan",2017,1997,"index_100 = eerste analysejaar vanaf eerste positieve jaar",1.375,0.501998617219657,137.5,"model3_overdisp",TRUE,FALSE,"Overdispersion 0.6 <1; consider setting overdisp=FALSE"
17,1520,"Knobbelzwaan","mute swan",2018,1997,"index_100 = eerste analysejaar vanaf eerste positieve jaar",0.896158606052957,0.380828443472397,89.6158606052957,"model3_overdisp",TRUE,FALSE,"Overdispersion 0.6 <1; consider setting overdisp=FALSE"
17,1520,"Knobbelzwaan","mute swan",2019,1997,"index_100 = eerste analysejaar vanaf eerste positieve jaar",1.5,0.537941436869287,150,"model3_overdisp",TRUE,FALSE,"Overdispersion 0.6 <1; consider setting overdisp=FALSE"
17,1520,"Knobbelzwaan","mute swan",2020,1997,"index_100 = eerste analysejaar vanaf eerste positieve jaar",1.625,0.573734150593617,162.5,"model3_overdisp",TRUE,FALSE,"Overdispersion 0.6 <1; consider setting overdisp=FALSE"
17,1520,"Knobbelzwaan","mute swan",2021,1997,"index_100 = eerste analysejaar vanaf eerste positieve jaar",1.25,0.465870950077105,125,"model3_overdisp",TRUE,FALSE,"Overdispersion 0.6 <1; consider setting overdisp=FALSE"
17,1520,"Knobbelzwaan","mute swan",2022,1997,"index_100 = eerste analysejaar vanaf eerste positieve jaar",1.03293342405713,0.405916801469074,103.293342405713,"model3_overdisp",TRUE,FALSE,"Overdispersion 0.6 <1; consider setting overdisp=FALSE"
21,1610,"Grauwe Gans","greylag goose",1997,1997,"index_100 = eerste analysejaar vanaf eerste positieve jaar",1,0,100,"model3_overdisp",TRUE,FALSE,NA
21,1610,"Grauwe Gans","greylag goose",1998,1997,"index_100 = eerste analysejaar vanaf eerste positieve jaar",2.28571428571429,1.04887642837777,228.571428571429,"model3_overdisp",TRUE,FALSE,NA
21,1610,"Grauwe Gans","greylag goose",1999,1997,"index_100 = eerste analysejaar vanaf eerste positieve jaar",0.714285714285714,0.423522064900499,71.4285714285714,"model3_overdisp",TRUE,FALSE,NA
21,1610,"Grauwe Gans","greylag goose",2000,1997,"index_100 = eerste analysejaar vanaf eerste positieve jaar",0.544716442350551,0.380766583171815,54.4716442350551,"model3_overdisp",TRUE,FALSE,NA
21,1610,"Grauwe Gans","greylag goose",2001,1997,"index_100 = eerste analysejaar vanaf eerste positieve jaar",1.28571428571429,0.656117561644403,128.571428571429,"model3_overdisp",TRUE,FALSE,NA
21,1610,"Grauwe Gans","greylag goose",2002,1997,"index_100 = eerste analysejaar vanaf eerste positieve jaar",1.57142857142857,0.769366037858457,157.142857142857,"model3_overdisp",TRUE,FALSE,NA
21,1610,"Grauwe Gans","greylag goose",2003,1997,"index_100 = eerste analysejaar vanaf eerste positieve jaar",1.85714285714286,0.881631482527057,185.714285714286,"model3_overdisp",TRUE,FALSE,NA
21,1610,"Grauwe Gans","greylag goose",2004,1997,"index_100 = eerste analysejaar vanaf eerste positieve jaar",2.14285714285714,0.99324728392113,214.285714285714,"model3_overdisp",TRUE,FALSE,NA
21,1610,"Grauwe Gans","greylag goose",2005,1997,"index_100 = eerste analysejaar vanaf eerste positieve jaar",3,1.32583377792403,300,"model3_overdisp",TRUE,FALSE,NA
21,1610,"Grauwe Gans","greylag goose",2006,1997,"index_100 = eerste analysejaar vanaf eerste positieve jaar",2.58316574503715,1.1651723132773,258.316574503715,"model3_overdisp",TRUE,FALSE,NA
21,1610,"Grauwe Gans","greylag goose",2007,1997,"index_100 = eerste analysejaar vanaf eerste positieve jaar",3.44812459119013,1.50745518730369,344.812459119013,"model3_overdisp",TRUE,FALSE,NA
21,1610,"Grauwe Gans","greylag goose",2008,1997,"index_100 = eerste analysejaar vanaf eerste positieve jaar",4.63529990772687,1.98461890743685,463.529990772687,"model3_overdisp",TRUE,FALSE,NA
21,1610,"Grauwe Gans","greylag goose",2009,1997,"index_100 = eerste analysejaar vanaf eerste positieve jaar",9,3.63094533835642,900,"model3_overdisp",TRUE,FALSE,NA
21,1610,"Grauwe Gans","greylag goose",2010,1997,"index_100 = eerste analysejaar vanaf eerste positieve jaar",6.28571428571429,2.59007203291985,628.571428571429,"model3_overdisp",TRUE,FALSE,NA
21,1610,"Grauwe Gans","greylag goose",2011,1997,"index_100 = eerste analysejaar vanaf eerste positieve jaar",6,2.48040787440192,600,"model3_overdisp",TRUE,FALSE,NA
21,1610,"Grauwe Gans","greylag goose",2012,1997,"index_100 = eerste analysejaar vanaf eerste positieve jaar",7.80877336279493,3.18809857751285,780.877336279493,"model3_overdisp",TRUE,FALSE,NA
21,1610,"Grauwe Gans","greylag goose",2013,1997,"index_100 = eerste analysejaar vanaf eerste positieve jaar",5.51700483629286,2.29795795801032,551.700483629286,"model3_overdisp",TRUE,FALSE,NA
21,1610,"Grauwe Gans","greylag goose",2014,1997,"index_100 = eerste analysejaar vanaf eerste positieve jaar",6.96884821426467,2.85526782288998,696.884821426467,"model3_overdisp",TRUE,FALSE,NA
21,1610,"Grauwe Gans","greylag goose",2015,1997,"index_100 = eerste analysejaar vanaf eerste positieve jaar",7.42857142857143,3.02850359709175,742.857142857143,"model3_overdisp",TRUE,FALSE,NA
21,1610,"Grauwe Gans","greylag goose",2016,1997,"index_100 = eerste analysejaar vanaf eerste positieve jaar",7.71428571428571,3.13806701270403,771.428571428571,"model3_overdisp",TRUE,FALSE,NA
21,1610,"Grauwe Gans","greylag goose",2017,1997,"index_100 = eerste analysejaar vanaf eerste positieve jaar",5.57142857142857,2.31585644844012,557.142857142857,"model3_overdisp",TRUE,FALSE,NA
21,1610,"Grauwe Gans","greylag goose",2018,1997,"index_100 = eerste analysejaar vanaf eerste positieve jaar",7.50254695641082,3.07060614352654,750.254695641082,"model3_overdisp",TRUE,FALSE,NA
21,1610,"Grauwe Gans","greylag goose",2019,1997,"index_100 = eerste analysejaar vanaf eerste positieve jaar",8.31350804738513,3.38670687402736,831.350804738513,"model3_overdisp",TRUE,FALSE,NA
21,1610,"Grauwe Gans","greylag goose",2020,1997,"index_100 = eerste analysejaar vanaf eerste positieve jaar",7.57142857142857,3.08328717301062,757.142857142857,"model3_overdisp",TRUE,FALSE,NA
21,1610,"Grauwe Gans","greylag goose",2021,1997,"index_100 = eerste analysejaar vanaf eerste positieve jaar",7,2.86412830797203,700,"model3_overdisp",TRUE,FALSE,NA
21,1610,"Grauwe Gans","greylag goose",2022,1997,"index_100 = eerste analysejaar vanaf eerste positieve jaar",10.5949712176614,4.27380191072016,1059.49712176614,"model3_overdisp",TRUE,FALSE,NA
22,1619,"Soepgans","Domestic Goose",2011,2011,"index_100 = eerste analysejaar vanaf eerste positieve jaar",1,0,100,"model2_basis",FALSE,FALSE,"Data ends with 2 years without positive observations."
22,1619,"Soepgans","Domestic Goose",2012,2011,"index_100 = eerste analysejaar vanaf eerste positieve jaar",0,0.374634036258128,0,"model2_basis",FALSE,FALSE,"Data ends with 2 years without positive observations."
22,1619,"Soepgans","Domestic Goose",2013,2011,"index_100 = eerste analysejaar vanaf eerste positieve jaar",0,0.36171921496171,0,"model2_basis",FALSE,FALSE,"Data ends with 2 years without positive observations."
22,1619,"Soepgans","Domestic Goose",2014,2011,"index_100 = eerste analysejaar vanaf eerste positieve jaar",0,0.34924960844285,0,"model2_basis",FALSE,FALSE,"Data ends with 2 years without positive observations."
22,1619,"Soepgans","Domestic Goose",2015,2011,"index_100 = eerste analysejaar vanaf eerste positieve jaar",0,0.337209868738645,0,"model2_basis",FALSE,FALSE,"Data ends with 2 years without positive observations."
22,1619,"Soepgans","Domestic Goose",2016,2011,"index_100 = eerste analysejaar vanaf eerste positieve jaar",0.5,0.379003484600578,50,"model2_basis",FALSE,FALSE,"Data ends with 2 years without positive observations."
22,1619,"Soepgans","Domestic Goose",2017,2011,"index_100 = eerste analysejaar vanaf eerste positieve jaar",0,0.314361225147443,0,"model2_basis",FALSE,FALSE,"Data ends with 2 years without positive observations."
22,1619,"Soepgans","Domestic Goose",2018,2011,"index_100 = eerste analysejaar vanaf eerste positieve jaar",0,0.303524198469747,0,"model2_basis",FALSE,FALSE,"Data ends with 2 years without positive observations."
22,1619,"Soepgans","Domestic Goose",2019,2011,"index_100 = eerste analysejaar vanaf eerste positieve jaar",0,0.293060758410941,0,"model2_basis",FALSE,FALSE,"Data ends with 2 years without positive observations."
22,1619,"Soepgans","Domestic Goose",2020,2011,"index_100 = eerste analysejaar vanaf eerste positieve jaar",1,0.48022596775593,100,"model2_basis",FALSE,FALSE,"Data ends with 2 years without positive observations."
22,1619,"Soepgans","Domestic Goose",2021,2011,"index_100 = eerste analysejaar vanaf eerste positieve jaar",0,0.273203567266014,0,"model2_basis",FALSE,FALSE,"Data ends with 2 years without positive observations."
22,1619,"Soepgans","Domestic Goose",2022,2011,"index_100 = eerste analysejaar vanaf eerste positieve jaar",0.029114728432579,0.24845241299486,2.9114728432579,"model2_basis",FALSE,FALSE,"Data ends with 2 years without positive observations."
25,1661,"Grote Canadese Gans","canada goose",1999,1999,"index_100 = eerste analysejaar vanaf eerste positieve jaar",1,0,100,"model3_overdisp",TRUE,FALSE,"Overdispersion 0.6 <1; consider setting overdisp=FALSE"
25,1661,"Grote Canadese Gans","canada goose",2000,1999,"index_100 = eerste analysejaar vanaf eerste positieve jaar",1.2445753243568,0.774903346979316,124.45753243568,"model3_overdisp",TRUE,FALSE,"Overdispersion 0.6 <1; consider setting overdisp=FALSE"
25,1661,"Grote Canadese Gans","canada goose",2001,1999,"index_100 = eerste analysejaar vanaf eerste positieve jaar",2.66666666666667,1.37566478779911,266.666666666667,"model3_overdisp",TRUE,FALSE,"Overdispersion 0.6 <1; consider setting overdisp=FALSE"
25,1661,"Grote Canadese Gans","canada goose",2002,1999,"index_100 = eerste analysejaar vanaf eerste positieve jaar",2.33333333333333,1.22693146705754,233.333333333333,"model3_overdisp",TRUE,FALSE,"Overdispersion 0.6 <1; consider setting overdisp=FALSE"
25,1661,"Grote Canadese Gans","canada goose",2003,1999,"index_100 = eerste analysejaar vanaf eerste positieve jaar",2,1.07762625738387,200,"model3_overdisp",TRUE,FALSE,"Overdispersion 0.6 <1; consider setting overdisp=FALSE"
25,1661,"Grote Canadese Gans","canada goose",2004,1999,"index_100 = eerste analysejaar vanaf eerste positieve jaar",2.33333333333333,1.22693146705754,233.333333333333,"model3_overdisp",TRUE,FALSE,"Overdispersion 0.6 <1; consider setting overdisp=FALSE"
25,1661,"Grote Canadese Gans","canada goose",2005,1999,"index_100 = eerste analysejaar vanaf eerste positieve jaar",2,1.07762625738387,200,"model3_overdisp",TRUE,FALSE,"Overdispersion 0.6 <1; consider setting overdisp=FALSE"
25,1661,"Grote Canadese Gans","canada goose",2006,1999,"index_100 = eerste analysejaar vanaf eerste positieve jaar",4.36619746600566,2.13107797288933,436.619746600566,"model3_overdisp",TRUE,FALSE,"Overdispersion 0.6 <1; consider setting overdisp=FALSE"
25,1661,"Grote Canadese Gans","canada goose",2007,1999,"index_100 = eerste analysejaar vanaf eerste positieve jaar",2.88309263701878,1.48780915721702,288.309263701878,"model3_overdisp",TRUE,FALSE,"Overdispersion 0.6 <1; consider setting overdisp=FALSE"
25,1661,"Grote Canadese Gans","canada goose",2008,1999,"index_100 = eerste analysejaar vanaf eerste positieve jaar",5.28986833670053,2.56625643148876,528.986833670053,"model3_overdisp",TRUE,FALSE,"Overdispersion 0.6 <1; consider setting overdisp=FALSE"
25,1661,"Grote Canadese Gans","canada goose",2009,1999,"index_100 = eerste analysejaar vanaf eerste positieve jaar",4,1.96746736576339,400,"model3_overdisp",TRUE,FALSE,"Overdispersion 0.6 <1; consider setting overdisp=FALSE"
25,1661,"Grote Canadese Gans","canada goose",2010,1999,"index_100 = eerste analysejaar vanaf eerste positieve jaar",3.33333333333333,1.67202574839742,333.333333333333,"model3_overdisp",TRUE,FALSE,"Overdispersion 0.6 <1; consider setting overdisp=FALSE"
25,1661,"Grote Canadese Gans","canada goose",2011,1999,"index_100 = eerste analysejaar vanaf eerste positieve jaar",4,1.96746736576339,400,"model3_overdisp",TRUE,FALSE,"Overdispersion 0.6 <1; consider setting overdisp=FALSE"
25,1661,"Grote Canadese Gans","canada goose",2012,1999,"index_100 = eerste analysejaar vanaf eerste positieve jaar",2.50297641091163,1.31656107752606,250.297641091163,"model3_overdisp",TRUE,FALSE,"Overdispersion 0.6 <1; consider setting overdisp=FALSE"
25,1661,"Grote Canadese Gans","canada goose",2013,1999,"index_100 = eerste analysejaar vanaf eerste positieve jaar",3.35961842035293,1.68527055473781,335.961842035293,"model3_overdisp",TRUE,FALSE,"Overdispersion 0.6 <1; consider setting overdisp=FALSE"
25,1661,"Grote Canadese Gans","canada goose",2014,1999,"index_100 = eerste analysejaar vanaf eerste positieve jaar",4.3675039464588,2.13172163988916,436.75039464588,"model3_overdisp",TRUE,FALSE,"Overdispersion 0.6 <1; consider setting overdisp=FALSE"
25,1661,"Grote Canadese Gans","canada goose",2015,1999,"index_100 = eerste analysejaar vanaf eerste positieve jaar",4,1.96746736576339,400,"model3_overdisp",TRUE,FALSE,"Overdispersion 0.6 <1; consider setting overdisp=FALSE"
25,1661,"Grote Canadese Gans","canada goose",2016,1999,"index_100 = eerste analysejaar vanaf eerste positieve jaar",4,1.96746736576339,400,"model3_overdisp",TRUE,FALSE,"Overdispersion 0.6 <1; consider setting overdisp=FALSE"
25,1661,"Grote Canadese Gans","canada goose",2017,1999,"index_100 = eerste analysejaar vanaf eerste positieve jaar",4.66666666666667,2.26234984131771,466.666666666667,"model3_overdisp",TRUE,FALSE,"Overdispersion 0.6 <1; consider setting overdisp=FALSE"
25,1661,"Grote Canadese Gans","canada goose",2018,1999,"index_100 = eerste analysejaar vanaf eerste positieve jaar",6.07865699792825,2.90176070831912,607.865699792825,"model3_overdisp",TRUE,FALSE,"Overdispersion 0.6 <1; consider setting overdisp=FALSE"
25,1661,"Grote Canadese Gans","canada goose",2019,1999,"index_100 = eerste analysejaar vanaf eerste positieve jaar",5.66527275137402,2.73210479343667,566.527275137402,"model3_overdisp",TRUE,FALSE,"Overdispersion 0.6 <1; consider setting overdisp=FALSE"
25,1661,"Grote Canadese Gans","canada goose",2020,1999,"index_100 = eerste analysejaar vanaf eerste positieve jaar",7.66666666666667,3.58609571472906,766.666666666667,"model3_overdisp",TRUE,FALSE,"Overdispersion 0.6 <1; consider setting overdisp=FALSE"
25,1661,"Grote Canadese Gans","canada goose",2021,1999,"index_100 = eerste analysejaar vanaf eerste positieve jaar",6,2.85113108331101,600,"model3_overdisp",TRUE,FALSE,"Overdispersion 0.6 <1; consider setting overdisp=FALSE"
25,1661,"Grote Canadese Gans","canada goose",2022,1999,"index_100 = eerste analysejaar vanaf eerste positieve jaar",7.17910702837928,3.40106099139996,717.910702837929,"model3_overdisp",TRUE,FALSE,"Overdispersion 0.6 <1; consider setting overdisp=FALSE"
27,1700,"Nijlgans","Egyptian goose",1997,1997,"index_100 = eerste analysejaar vanaf eerste positieve jaar",1,0,100,"model3_overdisp",TRUE,FALSE,"Overdispersion 0.7 <1; consider setting overdisp=FALSE"
27,1700,"Nijlgans","Egyptian goose",1998,1997,"index_100 = eerste analysejaar vanaf eerste positieve jaar",0.906146075653941,0.36470954994043,90.6146075653941,"model3_overdisp",TRUE,FALSE,"Overdispersion 0.7 <1; consider setting overdisp=FALSE"
27,1700,"Nijlgans","Egyptian goose",1999,1997,"index_100 = eerste analysejaar vanaf eerste positieve jaar",1.20819476753859,0.454940480095542,120.819476753859,"model3_overdisp",TRUE,FALSE,"Overdispersion 0.7 <1; consider setting overdisp=FALSE"
27,1700,"Nijlgans","Egyptian goose",2000,1997,"index_100 = eerste analysejaar vanaf eerste positieve jaar",0.596226879183947,0.284300667269505,59.6226879183947,"model3_overdisp",TRUE,FALSE,"Overdispersion 0.7 <1; consider setting overdisp=FALSE"
27,1700,"Nijlgans","Egyptian goose",2001,1997,"index_100 = eerste analysejaar vanaf eerste positieve jaar",1.01158273813344,0.396884389120354,101.158273813344,"model3_overdisp",TRUE,FALSE,"Overdispersion 0.7 <1; consider setting overdisp=FALSE"
27,1700,"Nijlgans","Egyptian goose",2002,1997,"index_100 = eerste analysejaar vanaf eerste positieve jaar",1.11274101194679,0.427091829674677,111.274101194679,"model3_overdisp",TRUE,FALSE,"Overdispersion 0.7 <1; consider setting overdisp=FALSE"
27,1700,"Nijlgans","Egyptian goose",2003,1997,"index_100 = eerste analysejaar vanaf eerste positieve jaar",1.00682897294882,0.394993784272554,100.682897294882,"model3_overdisp",TRUE,FALSE,"Overdispersion 0.7 <1; consider setting overdisp=FALSE"
27,1700,"Nijlgans","Egyptian goose",2004,1997,"index_100 = eerste analysejaar vanaf eerste positieve jaar",0.503414486474412,0.239667543436647,50.3414486474412,"model3_overdisp",TRUE,FALSE,"Overdispersion 0.7 <1; consider setting overdisp=FALSE"
27,1700,"Nijlgans","Egyptian goose",2005,1997,"index_100 = eerste analysejaar vanaf eerste positieve jaar",0.906146075653941,0.36470954994043,90.6146075653941,"model3_overdisp",TRUE,FALSE,"Overdispersion 0.7 <1; consider setting overdisp=FALSE"
27,1700,"Nijlgans","Egyptian goose",2006,1997,"index_100 = eerste analysejaar vanaf eerste positieve jaar",1.01096027332033,0.396633879297576,101.096027332033,"model3_overdisp",TRUE,FALSE,"Overdispersion 0.7 <1; consider setting overdisp=FALSE"
27,1700,"Nijlgans","Egyptian goose",2007,1997,"index_100 = eerste analysejaar vanaf eerste positieve jaar",1.43085200149975,0.530536190748021,143.085200149975,"model3_overdisp",TRUE,FALSE,"Overdispersion 0.7 <1; consider setting overdisp=FALSE"
27,1700,"Nijlgans","Egyptian goose",2008,1997,"index_100 = eerste analysejaar vanaf eerste positieve jaar",1.50334294818099,0.549065281411351,150.334294818099,"model3_overdisp",TRUE,FALSE,"Overdispersion 0.7 <1; consider setting overdisp=FALSE"
27,1700,"Nijlgans","Egyptian goose",2009,1997,"index_100 = eerste analysejaar vanaf eerste positieve jaar",1.22185390268044,0.460175119868548,122.185390268044,"model3_overdisp",TRUE,FALSE,"Overdispersion 0.7 <1; consider setting overdisp=FALSE"
27,1700,"Nijlgans","Egyptian goose",2010,1997,"index_100 = eerste analysejaar vanaf eerste positieve jaar",1.51024345942323,0.543818604601744,151.024345942323,"model3_overdisp",TRUE,FALSE,"Overdispersion 0.7 <1; consider setting overdisp=FALSE"
27,1700,"Nijlgans","Egyptian goose",2011,1997,"index_100 = eerste analysejaar vanaf eerste positieve jaar",1.42549621979384,0.520223716444798,142.549621979384,"model3_overdisp",TRUE,FALSE,"Overdispersion 0.7 <1; consider setting overdisp=FALSE"
27,1700,"Nijlgans","Egyptian goose",2012,1997,"index_100 = eerste analysejaar vanaf eerste positieve jaar",0.787492992542574,0.338535441584338,78.7492992542574,"model3_overdisp",TRUE,FALSE,"Overdispersion 0.7 <1; consider setting overdisp=FALSE"
27,1700,"Nijlgans","Egyptian goose",2013,1997,"index_100 = eerste analysejaar vanaf eerste positieve jaar",0.335073503231315,0.190748497041101,33.5073503231315,"model3_overdisp",TRUE,FALSE,"Overdispersion 0.7 <1; consider setting overdisp=FALSE"
27,1700,"Nijlgans","Egyptian goose",2014,1997,"index_100 = eerste analysejaar vanaf eerste positieve jaar",1.11691167743772,0.438782656463925,111.691167743772,"model3_overdisp",TRUE,FALSE,"Overdispersion 0.7 <1; consider setting overdisp=FALSE"
27,1700,"Nijlgans","Egyptian goose",2015,1997,"index_100 = eerste analysejaar vanaf eerste positieve jaar",1.01821158556703,0.3995324175319,101.821158556703,"model3_overdisp",TRUE,FALSE,"Overdispersion 0.7 <1; consider setting overdisp=FALSE"
27,1700,"Nijlgans","Egyptian goose",2016,1997,"index_100 = eerste analysejaar vanaf eerste positieve jaar",1.12003274412373,0.429943686501676,112.003274412373,"model3_overdisp",TRUE,FALSE,"Overdispersion 0.7 <1; consider setting overdisp=FALSE"
27,1700,"Nijlgans","Egyptian goose",2017,1997,"index_100 = eerste analysejaar vanaf eerste positieve jaar",0.906146075653941,0.36470954994043,90.6146075653941,"model3_overdisp",TRUE,FALSE,"Overdispersion 0.7 <1; consider setting overdisp=FALSE"
27,1700,"Nijlgans","Egyptian goose",2018,1997,"index_100 = eerste analysejaar vanaf eerste positieve jaar",1.33333333333333,0.501462386760969,133.333333333333,"model3_overdisp",TRUE,FALSE,"Overdispersion 0.7 <1; consider setting overdisp=FALSE"
27,1700,"Nijlgans","Egyptian goose",2019,1997,"index_100 = eerste analysejaar vanaf eerste positieve jaar",0.610926951340218,0.274892586003987,61.0926951340218,"model3_overdisp",TRUE,FALSE,"Overdispersion 0.7 <1; consider setting overdisp=FALSE"
27,1700,"Nijlgans","Egyptian goose",2020,1997,"index_100 = eerste analysejaar vanaf eerste positieve jaar",0.704780281064176,0.303208956741965,70.4780281064176,"model3_overdisp",TRUE,FALSE,"Overdispersion 0.7 <1; consider setting overdisp=FALSE"
27,1700,"Nijlgans","Egyptian goose",2021,1997,"index_100 = eerste analysejaar vanaf eerste positieve jaar",0.503414486474412,0.239667543436647,50.3414486474412,"model3_overdisp",TRUE,FALSE,"Overdispersion 0.7 <1; consider setting overdisp=FALSE"
27,1700,"Nijlgans","Egyptian goose",2022,1997,"index_100 = eerste analysejaar vanaf eerste positieve jaar",0.858469006255682,0.356401888278621,85.8469006255682,"model3_overdisp",TRUE,FALSE,"Overdispersion 0.7 <1; consider setting overdisp=FALSE"
29,1730,"Bergeend","Common Shelduck",1997,1997,"index_100 = eerste analysejaar vanaf eerste positieve jaar",1,0,100,"model2_basis",FALSE,FALSE,"Data ends with 1 years without positive observations."
29,1730,"Bergeend","Common Shelduck",1998,1997,"index_100 = eerste analysejaar vanaf eerste positieve jaar",0.666666666666667,0.204390757735427,66.6666666666667,"model2_basis",FALSE,FALSE,"Data ends with 1 years without positive observations."
29,1730,"Bergeend","Common Shelduck",1999,1997,"index_100 = eerste analysejaar vanaf eerste positieve jaar",0.25,0.165236986522274,25,"model2_basis",FALSE,FALSE,"Data ends with 1 years without positive observations."
29,1730,"Bergeend","Common Shelduck",2000,1997,"index_100 = eerste analysejaar vanaf eerste positieve jaar",0.173849345776514,0.152836266440808,17.3849345776514,"model2_basis",FALSE,FALSE,"Data ends with 1 years without positive observations."
29,1730,"Bergeend","Common Shelduck",2001,1997,"index_100 = eerste analysejaar vanaf eerste positieve jaar",0.25,0.15076218912386,25,"model2_basis",FALSE,FALSE,"Data ends with 1 years without positive observations."
29,1730,"Bergeend","Common Shelduck",2002,1997,"index_100 = eerste analysejaar vanaf eerste positieve jaar",0,0.137212082250719,0,"model2_basis",FALSE,FALSE,"Data ends with 1 years without positive observations."
29,1730,"Bergeend","Common Shelduck",2003,1997,"index_100 = eerste analysejaar vanaf eerste positieve jaar",0.0149339969603619,0.126033338930902,1.49339969603619,"model2_basis",FALSE,FALSE,"Data ends with 1 years without positive observations."
29,1730,"Bergeend","Common Shelduck",2004,1997,"index_100 = eerste analysejaar vanaf eerste positieve jaar",0,0.124228084468282,0,"model2_basis",FALSE,FALSE,"Data ends with 1 years without positive observations."
29,1730,"Bergeend","Common Shelduck",2005,1997,"index_100 = eerste analysejaar vanaf eerste positieve jaar",0,0.11820436261799,0,"model2_basis",FALSE,FALSE,"Data ends with 1 years without positive observations."
29,1730,"Bergeend","Common Shelduck",2006,1997,"index_100 = eerste analysejaar vanaf eerste positieve jaar",0.00727659629138973,0.109882968837505,0.727659629138973,"model2_basis",FALSE,FALSE,"Data ends with 1 years without positive observations."
29,1730,"Bergeend","Common Shelduck",2007,1997,"index_100 = eerste analysejaar vanaf eerste positieve jaar",0,0.107019012487511,0,"model2_basis",FALSE,FALSE,"Data ends with 1 years without positive observations."
29,1730,"Bergeend","Common Shelduck",2008,1997,"index_100 = eerste analysejaar vanaf eerste positieve jaar",0.00324269374698974,0.100575294468558,0.324269374698974,"model2_basis",FALSE,FALSE,"Data ends with 1 years without positive observations."
29,1730,"Bergeend","Common Shelduck",2009,1997,"index_100 = eerste analysejaar vanaf eerste positieve jaar",0.0833333333333333,0.0979949146147003,8.33333333333333,"model2_basis",FALSE,FALSE,"Data ends with 1 years without positive observations."
29,1730,"Bergeend","Common Shelduck",2010,1997,"index_100 = eerste analysejaar vanaf eerste positieve jaar",0.169207865701901,0.0958695505886246,16.9207865701901,"model2_basis",FALSE,FALSE,"Data ends with 1 years without positive observations."
29,1730,"Bergeend","Common Shelduck",2011,1997,"index_100 = eerste analysejaar vanaf eerste positieve jaar",0.0833333333333333,0.0889400438882095,8.33333333333333,"model2_basis",FALSE,FALSE,"Data ends with 1 years without positive observations."
29,1730,"Bergeend","Common Shelduck",2012,1997,"index_100 = eerste analysejaar vanaf eerste positieve jaar",0.0833333333333333,0.0847474861557079,8.33333333333333,"model2_basis",FALSE,FALSE,"Data ends with 1 years without positive observations."
29,1730,"Bergeend","Common Shelduck",2013,1997,"index_100 = eerste analysejaar vanaf eerste positieve jaar",0.00369618820029368,0.0776608216137996,0.369618820029368,"model2_basis",FALSE,FALSE,"Data ends with 1 years without positive observations."
29,1730,"Bergeend","Common Shelduck",2014,1997,"index_100 = eerste analysejaar vanaf eerste positieve jaar",0.00334642818930286,0.0739089193688635,0.334642818930286,"model2_basis",FALSE,FALSE,"Data ends with 1 years without positive observations."
29,1730,"Bergeend","Common Shelduck",2015,1997,"index_100 = eerste analysejaar vanaf eerste positieve jaar",0,0.0719069178581023,0,"model2_basis",FALSE,FALSE,"Data ends with 1 years without positive observations."
29,1730,"Bergeend","Common Shelduck",2016,1997,"index_100 = eerste analysejaar vanaf eerste positieve jaar",0,0.0684202081165575,0,"model2_basis",FALSE,FALSE,"Data ends with 1 years without positive observations."
29,1730,"Bergeend","Common Shelduck",2017,1997,"index_100 = eerste analysejaar vanaf eerste positieve jaar",0.166666666666667,0.0714005629521984,16.6666666666667,"model2_basis",FALSE,FALSE,"Data ends with 1 years without positive observations."
29,1730,"Bergeend","Common Shelduck",2018,1997,"index_100 = eerste analysejaar vanaf eerste positieve jaar",0.0833333333333333,0.0636569357698851,8.33333333333333,"model2_basis",FALSE,FALSE,"Data ends with 1 years without positive observations."
29,1730,"Bergeend","Common Shelduck",2019,1997,"index_100 = eerste analysejaar vanaf eerste positieve jaar",0.333333333333333,0.0831441832159379,33.3333333333333,"model2_basis",FALSE,FALSE,"Data ends with 1 years without positive observations."
29,1730,"Bergeend","Common Shelduck",2020,1997,"index_100 = eerste analysejaar vanaf eerste positieve jaar",0.0842737341957914,0.0574476537057805,8.42737341957914,"model2_basis",FALSE,FALSE,"Data ends with 1 years without positive observations."
29,1730,"Bergeend","Common Shelduck",2021,1997,"index_100 = eerste analysejaar vanaf eerste positieve jaar",0.166666666666667,0.0608890226845066,16.6666666666667,"model2_basis",FALSE,FALSE,"Data ends with 1 years without positive observations."
29,1730,"Bergeend","Common Shelduck",2022,1997,"index_100 = eerste analysejaar vanaf eerste positieve jaar",0.00223955480524627,0.0491618981522618,0.223955480524627,"model2_basis",FALSE,FALSE,"Data ends with 1 years without positive observations."
34,1820,"Krakeend","gadwall",1997,1997,"index_100 = eerste analysejaar vanaf eerste positieve jaar",1,0,100,"model3_overdisp",TRUE,FALSE,NA
34,1820,"Krakeend","gadwall",1998,1997,"index_100 = eerste analysejaar vanaf eerste positieve jaar",0.695652173913043,0.175024730594936,69.5652173913043,"model3_overdisp",TRUE,FALSE,NA
34,1820,"Krakeend","gadwall",1999,1997,"index_100 = eerste analysejaar vanaf eerste positieve jaar",0.934782608695652,0.216723675995899,93.4782608695652,"model3_overdisp",TRUE,FALSE,NA
34,1820,"Krakeend","gadwall",2000,1997,"index_100 = eerste analysejaar vanaf eerste positieve jaar",1.00507404083311,0.236319948712402,100.507404083311,"model3_overdisp",TRUE,FALSE,NA
34,1820,"Krakeend","gadwall",2001,1997,"index_100 = eerste analysejaar vanaf eerste positieve jaar",1.08695652173913,0.242715631013198,108.695652173913,"model3_overdisp",TRUE,FALSE,NA
34,1820,"Krakeend","gadwall",2002,1997,"index_100 = eerste analysejaar vanaf eerste positieve jaar",1.34782608695652,0.28667171846155,134.782608695652,"model3_overdisp",TRUE,FALSE,NA
34,1820,"Krakeend","gadwall",2003,1997,"index_100 = eerste analysejaar vanaf eerste positieve jaar",1.05744462227259,0.244039433410356,105.744462227259,"model3_overdisp",TRUE,FALSE,NA
34,1820,"Krakeend","gadwall",2004,1997,"index_100 = eerste analysejaar vanaf eerste positieve jaar",1.04347826086957,0.235321535108554,104.347826086957,"model3_overdisp",TRUE,FALSE,NA
34,1820,"Krakeend","gadwall",2005,1997,"index_100 = eerste analysejaar vanaf eerste positieve jaar",0.782608695652174,0.190342296103501,78.2608695652174,"model3_overdisp",TRUE,FALSE,NA
34,1820,"Krakeend","gadwall",2006,1997,"index_100 = eerste analysejaar vanaf eerste positieve jaar",0.850628509195151,0.202380511789359,85.0628509195151,"model3_overdisp",TRUE,FALSE,NA
34,1820,"Krakeend","gadwall",2007,1997,"index_100 = eerste analysejaar vanaf eerste positieve jaar",0.899834451096631,0.212718106119982,89.9834451096631,"model3_overdisp",TRUE,FALSE,NA
34,1820,"Krakeend","gadwall",2008,1997,"index_100 = eerste analysejaar vanaf eerste positieve jaar",0.828338613254383,0.20160726962239,82.8338613254383,"model3_overdisp",TRUE,FALSE,NA
34,1820,"Krakeend","gadwall",2009,1997,"index_100 = eerste analysejaar vanaf eerste positieve jaar",1.23913043478261,0.268431307952018,123.913043478261,"model3_overdisp",TRUE,FALSE,NA
34,1820,"Krakeend","gadwall",2010,1997,"index_100 = eerste analysejaar vanaf eerste positieve jaar",0.652173913043478,0.167280204539013,65.2173913043478,"model3_overdisp",TRUE,FALSE,NA
34,1820,"Krakeend","gadwall",2011,1997,"index_100 = eerste analysejaar vanaf eerste positieve jaar",0.630434782608696,0.163382959284214,63.0434782608696,"model3_overdisp",TRUE,FALSE,NA
34,1820,"Krakeend","gadwall",2012,1997,"index_100 = eerste analysejaar vanaf eerste positieve jaar",0.578803257322814,0.161773954181523,57.8803257322814,"model3_overdisp",TRUE,FALSE,NA
34,1820,"Krakeend","gadwall",2013,1997,"index_100 = eerste analysejaar vanaf eerste positieve jaar",0.550881201196785,0.149625545723597,55.0881201196785,"model3_overdisp",TRUE,FALSE,NA
34,1820,"Krakeend","gadwall",2014,1997,"index_100 = eerste analysejaar vanaf eerste positieve jaar",0.683092689484013,0.173516377195755,68.3092689484013,"model3_overdisp",TRUE,FALSE,NA
34,1820,"Krakeend","gadwall",2015,1997,"index_100 = eerste analysejaar vanaf eerste positieve jaar",0.652173913043478,0.167280204539013,65.2173913043478,"model3_overdisp",TRUE,FALSE,NA
34,1820,"Krakeend","gadwall",2016,1997,"index_100 = eerste analysejaar vanaf eerste positieve jaar",0.760869565217391,0.186532134084079,76.0869565217391,"model3_overdisp",TRUE,FALSE,NA
34,1820,"Krakeend","gadwall",2017,1997,"index_100 = eerste analysejaar vanaf eerste positieve jaar",0.478260869565217,0.135501132219324,47.8260869565217,"model3_overdisp",TRUE,FALSE,NA
34,1820,"Krakeend","gadwall",2018,1997,"index_100 = eerste analysejaar vanaf eerste positieve jaar",0.427811103238601,0.132863022166303,42.7811103238601,"model3_overdisp",TRUE,FALSE,NA
34,1820,"Krakeend","gadwall",2019,1997,"index_100 = eerste analysejaar vanaf eerste positieve jaar",0.521739130434783,0.143592503767944,52.1739130434783,"model3_overdisp",TRUE,FALSE,NA
34,1820,"Krakeend","gadwall",2020,1997,"index_100 = eerste analysejaar vanaf eerste positieve jaar",0.695652173913043,0.175024730594936,69.5652173913043,"model3_overdisp",TRUE,FALSE,NA
34,1820,"Krakeend","gadwall",2021,1997,"index_100 = eerste analysejaar vanaf eerste positieve jaar",0.543478260869565,0.147596583936156,54.3478260869565,"model3_overdisp",TRUE,FALSE,NA
34,1820,"Krakeend","gadwall",2022,1997,"index_100 = eerste analysejaar vanaf eerste positieve jaar",0.699153540171353,0.179468748292332,69.9153540171353,"model3_overdisp",TRUE,FALSE,NA
35,1840,"Wintertaling","Teal",1997,1997,"index_100 = eerste analysejaar vanaf eerste positieve jaar",1,0,100,"model2_basis",FALSE,FALSE,"Data ends with 1 years without positive observations."
35,1840,"Wintertaling","Teal",1998,1997,"index_100 = eerste analysejaar vanaf eerste positieve jaar",1,1.34636209029666,100,"model2_basis",FALSE,FALSE,"Data ends with 1 years without positive observations."
35,1840,"Wintertaling","Teal",1999,1997,"index_100 = eerste analysejaar vanaf eerste positieve jaar",1,1.33306344161008,100,"model2_basis",FALSE,FALSE,"Data ends with 1 years without positive observations."
35,1840,"Wintertaling","Teal",2000,1997,"index_100 = eerste analysejaar vanaf eerste positieve jaar",0,0.904405208447486,0,"model2_basis",FALSE,FALSE,"Data ends with 1 years without positive observations."
35,1840,"Wintertaling","Teal",2001,1997,"index_100 = eerste analysejaar vanaf eerste positieve jaar",0,0.886069411395838,0,"model2_basis",FALSE,FALSE,"Data ends with 1 years without positive observations."
35,1840,"Wintertaling","Teal",2002,1997,"index_100 = eerste analysejaar vanaf eerste positieve jaar",0,0.868105351979467,0,"model2_basis",FALSE,FALSE,"Data ends with 1 years without positive observations."
35,1840,"Wintertaling","Teal",2003,1997,"index_100 = eerste analysejaar vanaf eerste positieve jaar",1.10062547368805,1.31357273422028,110.062547368805,"model2_basis",FALSE,FALSE,"Data ends with 1 years without positive observations."
35,1840,"Wintertaling","Teal",2004,1997,"index_100 = eerste analysejaar vanaf eerste positieve jaar",0,0.833262452600252,0,"model2_basis",FALSE,FALSE,"Data ends with 1 years without positive observations."
35,1840,"Wintertaling","Teal",2005,1997,"index_100 = eerste analysejaar vanaf eerste positieve jaar",1,1.26149321690999,100,"model2_basis",FALSE,FALSE,"Data ends with 1 years without positive observations."
35,1840,"Wintertaling","Teal",2006,1997,"index_100 = eerste analysejaar vanaf eerste positieve jaar",0,0.799818032834579,0,"model2_basis",FALSE,FALSE,"Data ends with 1 years without positive observations."
35,1840,"Wintertaling","Teal",2007,1997,"index_100 = eerste analysejaar vanaf eerste positieve jaar",4,3.92588103244653,400,"model2_basis",FALSE,FALSE,"Data ends with 1 years without positive observations."
35,1840,"Wintertaling","Teal",2008,1997,"index_100 = eerste analysejaar vanaf eerste positieve jaar",1,1.23056677974345,100,"model2_basis",FALSE,FALSE,"Data ends with 1 years without positive observations."
35,1840,"Wintertaling","Teal",2009,1997,"index_100 = eerste analysejaar vanaf eerste positieve jaar",0,0.752151385774358,0,"model2_basis",FALSE,FALSE,"Data ends with 1 years without positive observations."
35,1840,"Wintertaling","Teal",2010,1997,"index_100 = eerste analysejaar vanaf eerste positieve jaar",1,1.21158239256747,100,"model2_basis",FALSE,FALSE,"Data ends with 1 years without positive observations."
35,1840,"Wintertaling","Teal",2011,1997,"index_100 = eerste analysejaar vanaf eerste positieve jaar",0,0.721962497993958,0,"model2_basis",FALSE,FALSE,"Data ends with 1 years without positive observations."
35,1840,"Wintertaling","Teal",2012,1997,"index_100 = eerste analysejaar vanaf eerste positieve jaar",0,0.707325521428064,0,"model2_basis",FALSE,FALSE,"Data ends with 1 years without positive observations."
35,1840,"Wintertaling","Teal",2013,1997,"index_100 = eerste analysejaar vanaf eerste positieve jaar",2,2.04446956909783,200,"model2_basis",FALSE,FALSE,"Data ends with 1 years without positive observations."
35,1840,"Wintertaling","Teal",2014,1997,"index_100 = eerste analysejaar vanaf eerste positieve jaar",1,1.17722581380405,100,"model2_basis",FALSE,FALSE,"Data ends with 1 years without positive observations."
35,1840,"Wintertaling","Teal",2015,1997,"index_100 = eerste analysejaar vanaf eerste positieve jaar",0,0.665171138052751,0,"model2_basis",FALSE,FALSE,"Data ends with 1 years without positive observations."
35,1840,"Wintertaling","Teal",2016,1997,"index_100 = eerste analysejaar vanaf eerste positieve jaar",0,0.651685542350704,0,"model2_basis",FALSE,FALSE,"Data ends with 1 years without positive observations."
35,1840,"Wintertaling","Teal",2017,1997,"index_100 = eerste analysejaar vanaf eerste positieve jaar",0,0.638473351913911,0,"model2_basis",FALSE,FALSE,"Data ends with 1 years without positive observations."
35,1840,"Wintertaling","Teal",2018,1997,"index_100 = eerste analysejaar vanaf eerste positieve jaar",0,0.625529023758532,0,"model2_basis",FALSE,FALSE,"Data ends with 1 years without positive observations."
35,1840,"Wintertaling","Teal",2019,1997,"index_100 = eerste analysejaar vanaf eerste positieve jaar",0,0.612847127278479,0,"model2_basis",FALSE,FALSE,"Data ends with 1 years without positive observations."
35,1840,"Wintertaling","Teal",2020,1997,"index_100 = eerste analysejaar vanaf eerste positieve jaar",0,0.600422341967089,0,"model2_basis",FALSE,FALSE,"Data ends with 1 years without positive observations."
35,1840,"Wintertaling","Teal",2021,1997,"index_100 = eerste analysejaar vanaf eerste positieve jaar",1,1.12736161996126,100,"model2_basis",FALSE,FALSE,"Data ends with 1 years without positive observations."
35,1840,"Wintertaling","Teal",2022,1997,"index_100 = eerste analysejaar vanaf eerste positieve jaar",0,0.576323359973154,0,"model2_basis",FALSE,FALSE,"Data ends with 1 years without positive observations."
36,1860,"Wilde Eend","mallard",1997,1997,"index_100 = eerste analysejaar vanaf eerste positieve jaar",1,0,100,"model3_overdisp",TRUE,FALSE,NA
36,1860,"Wilde Eend","mallard",1998,1997,"index_100 = eerste analysejaar vanaf eerste positieve jaar",0.821428571428571,0.144343379401242,82.1428571428571,"model3_overdisp",TRUE,FALSE,NA
36,1860,"Wilde Eend","mallard",1999,1997,"index_100 = eerste analysejaar vanaf eerste positieve jaar",1.01190476190476,0.168375703495012,101.190476190476,"model3_overdisp",TRUE,FALSE,NA
36,1860,"Wilde Eend","mallard",2000,1997,"index_100 = eerste analysejaar vanaf eerste positieve jaar",0.760757306861322,0.142201852722289,76.0757306861322,"model3_overdisp",TRUE,FALSE,NA
36,1860,"Wilde Eend","mallard",2001,1997,"index_100 = eerste analysejaar vanaf eerste positieve jaar",0.659058793709108,0.123650167950608,65.9058793709108,"model3_overdisp",TRUE,FALSE,NA
36,1860,"Wilde Eend","mallard",2002,1997,"index_100 = eerste analysejaar vanaf eerste positieve jaar",0.766904778134235,0.137635477909272,76.6904778134235,"model3_overdisp",TRUE,FALSE,NA
36,1860,"Wilde Eend","mallard",2003,1997,"index_100 = eerste analysejaar vanaf eerste positieve jaar",0.738095238095238,0.133659207191778,73.8095238095238,"model3_overdisp",TRUE,FALSE,NA
36,1860,"Wilde Eend","mallard",2004,1997,"index_100 = eerste analysejaar vanaf eerste positieve jaar",0.619047619047619,0.11814020880541,61.9047619047619,"model3_overdisp",TRUE,FALSE,NA
36,1860,"Wilde Eend","mallard",2005,1997,"index_100 = eerste analysejaar vanaf eerste positieve jaar",0.488095238095238,0.100571179361749,48.8095238095238,"model3_overdisp",TRUE,FALSE,NA
36,1860,"Wilde Eend","mallard",2006,1997,"index_100 = eerste analysejaar vanaf eerste positieve jaar",0.502834138349963,0.102781644062075,50.2834138349963,"model3_overdisp",TRUE,FALSE,NA
36,1860,"Wilde Eend","mallard",2007,1997,"index_100 = eerste analysejaar vanaf eerste positieve jaar",0.612448764541727,0.119138653889392,61.2448764541727,"model3_overdisp",TRUE,FALSE,NA
36,1860,"Wilde Eend","mallard",2008,1997,"index_100 = eerste analysejaar vanaf eerste positieve jaar",0.605637573677942,0.119432991753844,60.5637573677942,"model3_overdisp",TRUE,FALSE,NA
36,1860,"Wilde Eend","mallard",2009,1997,"index_100 = eerste analysejaar vanaf eerste positieve jaar",0.738095238095238,0.133659207191778,73.8095238095238,"model3_overdisp",TRUE,FALSE,NA
36,1860,"Wilde Eend","mallard",2010,1997,"index_100 = eerste analysejaar vanaf eerste positieve jaar",0.67966729730735,0.126149053742318,67.966729730735,"model3_overdisp",TRUE,FALSE,NA
36,1860,"Wilde Eend","mallard",2011,1997,"index_100 = eerste analysejaar vanaf eerste positieve jaar",0.55952380952381,0.110232887803638,55.952380952381,"model3_overdisp",TRUE,FALSE,NA
36,1860,"Wilde Eend","mallard",2012,1997,"index_100 = eerste analysejaar vanaf eerste positieve jaar",0.785327464392191,0.143033396138203,78.5327464392191,"model3_overdisp",TRUE,FALSE,NA
36,1860,"Wilde Eend","mallard",2013,1997,"index_100 = eerste analysejaar vanaf eerste positieve jaar",0.697819052927904,0.131015808832885,69.7819052927904,"model3_overdisp",TRUE,FALSE,NA
36,1860,"Wilde Eend","mallard",2014,1997,"index_100 = eerste analysejaar vanaf eerste positieve jaar",0.456754289189174,0.098467407737247,45.6754289189174,"model3_overdisp",TRUE,FALSE,NA
36,1860,"Wilde Eend","mallard",2015,1997,"index_100 = eerste analysejaar vanaf eerste positieve jaar",0.69047619047619,0.127492541039095,69.047619047619,"model3_overdisp",TRUE,FALSE,NA
36,1860,"Wilde Eend","mallard",2016,1997,"index_100 = eerste analysejaar vanaf eerste positieve jaar",0.5,0.102196618463062,50,"model3_overdisp",TRUE,FALSE,NA
36,1860,"Wilde Eend","mallard",2017,1997,"index_100 = eerste analysejaar vanaf eerste positieve jaar",0.571428571428571,0.111823786100077,57.1428571428571,"model3_overdisp",TRUE,FALSE,NA
36,1860,"Wilde Eend","mallard",2018,1997,"index_100 = eerste analysejaar vanaf eerste positieve jaar",0.489220387654152,0.103523866100895,48.9220387654152,"model3_overdisp",TRUE,FALSE,NA
36,1860,"Wilde Eend","mallard",2019,1997,"index_100 = eerste analysejaar vanaf eerste positieve jaar",0.464285714285714,0.097299692407774,46.4285714285714,"model3_overdisp",TRUE,FALSE,NA
36,1860,"Wilde Eend","mallard",2020,1997,"index_100 = eerste analysejaar vanaf eerste positieve jaar",0.798907174027938,0.141534992082593,79.8907174027938,"model3_overdisp",TRUE,FALSE,NA
36,1860,"Wilde Eend","mallard",2021,1997,"index_100 = eerste analysejaar vanaf eerste positieve jaar",0.738095238095238,0.133659207191778,73.8095238095238,"model3_overdisp",TRUE,FALSE,NA
36,1860,"Wilde Eend","mallard",2022,1997,"index_100 = eerste analysejaar vanaf eerste positieve jaar",0.644207873223472,0.124574568936803,64.4207873223472,"model3_overdisp",TRUE,FALSE,NA
37,1869,"Soepeend","hybrid duck",1997,1997,"index_100 = eerste analysejaar vanaf eerste positieve jaar",1,0,100,"model2_basis",FALSE,FALSE,NA
37,1869,"Soepeend","hybrid duck",1998,1997,"index_100 = eerste analysejaar vanaf eerste positieve jaar",0.777805170915422,0.43943302519528,77.7805170915422,"model2_basis",FALSE,FALSE,NA
37,1869,"Soepeend","hybrid duck",1999,1997,"index_100 = eerste analysejaar vanaf eerste positieve jaar",1.16670775637313,0.521991415096275,116.670775637313,"model2_basis",FALSE,FALSE,NA
37,1869,"Soepeend","hybrid duck",2000,1997,"index_100 = eerste analysejaar vanaf eerste positieve jaar",0.692773420559319,0.364688300659451,69.277342055932,"model2_basis",FALSE,FALSE,NA
37,1869,"Soepeend","hybrid duck",2001,1997,"index_100 = eerste analysejaar vanaf eerste positieve jaar",0.683749961489102,0.377348063410246,68.3749961489103,"model2_basis",FALSE,FALSE,NA
37,1869,"Soepeend","hybrid duck",2002,1997,"index_100 = eerste analysejaar vanaf eerste positieve jaar",1.06921409688658,0.464816886128431,106.921409688658,"model2_basis",FALSE,FALSE,NA
37,1869,"Soepeend","hybrid duck",2003,1997,"index_100 = eerste analysejaar vanaf eerste positieve jaar",0.534075760805732,0.328523896094075,53.4075760805732,"model2_basis",FALSE,FALSE,NA
37,1869,"Soepeend","hybrid duck",2004,1997,"index_100 = eerste analysejaar vanaf eerste positieve jaar",0.907439366067992,0.41103179181114,90.7439366067992,"model2_basis",FALSE,FALSE,NA
37,1869,"Soepeend","hybrid duck",2005,1997,"index_100 = eerste analysejaar vanaf eerste positieve jaar",0.518536780610281,0.308172921446472,51.8536780610281,"model2_basis",FALSE,FALSE,NA
37,1869,"Soepeend","hybrid duck",2006,1997,"index_100 = eerste analysejaar vanaf eerste positieve jaar",0.259268390305141,0.254308613025728,25.9268390305141,"model2_basis",FALSE,FALSE,NA
37,1869,"Soepeend","hybrid duck",2007,1997,"index_100 = eerste analysejaar vanaf eerste positieve jaar",0.653682787578438,0.320848964739015,65.3682787578438,"model2_basis",FALSE,FALSE,NA
37,1869,"Soepeend","hybrid duck",2008,1997,"index_100 = eerste analysejaar vanaf eerste positieve jaar",0.0675156805351113,0.196402195964964,6.75156805351113,"model2_basis",FALSE,FALSE,NA
37,1869,"Soepeend","hybrid duck",2009,1997,"index_100 = eerste analysejaar vanaf eerste positieve jaar",0.259268390305141,0.223963225384895,25.9268390305141,"model2_basis",FALSE,FALSE,NA
37,1869,"Soepeend","hybrid duck",2010,1997,"index_100 = eerste analysejaar vanaf eerste positieve jaar",0,0.19453607515646,0,"model2_basis",FALSE,FALSE,NA
37,1869,"Soepeend","hybrid duck",2011,1997,"index_100 = eerste analysejaar vanaf eerste positieve jaar",0.388902585457711,0.230512575909605,38.8902585457711,"model2_basis",FALSE,FALSE,NA
37,1869,"Soepeend","hybrid duck",2012,1997,"index_100 = eerste analysejaar vanaf eerste positieve jaar",0.307644078767752,0.193813072396391,30.7644078767752,"model2_basis",FALSE,FALSE,NA
37,1869,"Soepeend","hybrid duck",2013,1997,"index_100 = eerste analysejaar vanaf eerste positieve jaar",0.12963419515257,0.173434462270898,12.963419515257,"model2_basis",FALSE,FALSE,NA
37,1869,"Soepeend","hybrid duck",2014,1997,"index_100 = eerste analysejaar vanaf eerste positieve jaar",0,0.158752014255428,0,"model2_basis",FALSE,FALSE,NA
37,1869,"Soepeend","hybrid duck",2015,1997,"index_100 = eerste analysejaar vanaf eerste positieve jaar",0,0.150886025203574,0,"model2_basis",FALSE,FALSE,NA
37,1869,"Soepeend","hybrid duck",2016,1997,"index_100 = eerste analysejaar vanaf eerste positieve jaar",0,0.143409787324667,0,"model2_basis",FALSE,FALSE,NA
37,1869,"Soepeend","hybrid duck",2017,1997,"index_100 = eerste analysejaar vanaf eerste positieve jaar",0,0.136303988873445,0,"model2_basis",FALSE,FALSE,NA
37,1869,"Soepeend","hybrid duck",2018,1997,"index_100 = eerste analysejaar vanaf eerste positieve jaar",0.155923823291311,0.13124019384909,15.5923823291311,"model2_basis",FALSE,FALSE,NA
37,1869,"Soepeend","hybrid duck",2019,1997,"index_100 = eerste analysejaar vanaf eerste positieve jaar",0.0237489268901827,0.112227239505657,2.37489268901827,"model2_basis",FALSE,FALSE,NA
37,1869,"Soepeend","hybrid duck",2020,1997,"index_100 = eerste analysejaar vanaf eerste positieve jaar",0.518536780610281,0.218695639495264,51.8536780610281,"model2_basis",FALSE,FALSE,NA
37,1869,"Soepeend","hybrid duck",2021,1997,"index_100 = eerste analysejaar vanaf eerste positieve jaar",0.259268390305141,0.145095556701294,25.9268390305141,"model2_basis",FALSE,FALSE,NA
37,1869,"Soepeend","hybrid duck",2022,1997,"index_100 = eerste analysejaar vanaf eerste positieve jaar",0.142768034947351,0.111744028697355,14.2768034947351,"model2_basis",FALSE,FALSE,NA
39,1910,"Zomertaling","Garganey",2003,2003,"index_100 = eerste analysejaar vanaf eerste positieve jaar",1,0,100,"model2_basis",FALSE,FALSE,"Data ends with 10 years without positive observations."
39,1910,"Zomertaling","Garganey",2004,2003,"index_100 = eerste analysejaar vanaf eerste positieve jaar",0,0.622744198160367,0,"model2_basis",FALSE,FALSE,"Data ends with 10 years without positive observations."
39,1910,"Zomertaling","Garganey",2005,2003,"index_100 = eerste analysejaar vanaf eerste positieve jaar",0,0.576025409507232,0,"model2_basis",FALSE,FALSE,"Data ends with 10 years without positive observations."
39,1910,"Zomertaling","Garganey",2006,2003,"index_100 = eerste analysejaar vanaf eerste positieve jaar",0,0.532811503307701,0,"model2_basis",FALSE,FALSE,"Data ends with 10 years without positive observations."
39,1910,"Zomertaling","Garganey",2007,2003,"index_100 = eerste analysejaar vanaf eerste positieve jaar",0,0.492839540359631,0,"model2_basis",FALSE,FALSE,"Data ends with 10 years without positive observations."
39,1910,"Zomertaling","Garganey",2008,2003,"index_100 = eerste analysejaar vanaf eerste positieve jaar",0,0.455866307378918,0,"model2_basis",FALSE,FALSE,"Data ends with 10 years without positive observations."
39,1910,"Zomertaling","Garganey",2009,2003,"index_100 = eerste analysejaar vanaf eerste positieve jaar",1,0.79439999864163,100,"model2_basis",FALSE,FALSE,"Data ends with 10 years without positive observations."
39,1910,"Zomertaling","Garganey",2010,2003,"index_100 = eerste analysejaar vanaf eerste positieve jaar",0,0.390033039664455,0,"model2_basis",FALSE,FALSE,"Data ends with 10 years without positive observations."
39,1910,"Zomertaling","Garganey",2011,2003,"index_100 = eerste analysejaar vanaf eerste positieve jaar",0,0.360772436030327,0,"model2_basis",FALSE,FALSE,"Data ends with 10 years without positive observations."
39,1910,"Zomertaling","Garganey",2012,2003,"index_100 = eerste analysejaar vanaf eerste positieve jaar",1,0.751417852890133,100,"model2_basis",FALSE,FALSE,"Data ends with 10 years without positive observations."
39,1910,"Zomertaling","Garganey",2013,2003,"index_100 = eerste analysejaar vanaf eerste positieve jaar",0,0.30867201101374,0,"model2_basis",FALSE,FALSE,"Data ends with 10 years without positive observations."
39,1910,"Zomertaling","Garganey",2014,2003,"index_100 = eerste analysejaar vanaf eerste positieve jaar",0,0.285515179543789,0,"model2_basis",FALSE,FALSE,"Data ends with 10 years without positive observations."
39,1910,"Zomertaling","Garganey",2015,2003,"index_100 = eerste analysejaar vanaf eerste positieve jaar",0,0.26409559286635,0,"model2_basis",FALSE,FALSE,"Data ends with 10 years without positive observations."
39,1910,"Zomertaling","Garganey",2016,2003,"index_100 = eerste analysejaar vanaf eerste positieve jaar",0,0.244282921429514,0,"model2_basis",FALSE,FALSE,"Data ends with 10 years without positive observations."
39,1910,"Zomertaling","Garganey",2017,2003,"index_100 = eerste analysejaar vanaf eerste positieve jaar",0,0.225956613112953,0,"model2_basis",FALSE,FALSE,"Data ends with 10 years without positive observations."
39,1910,"Zomertaling","Garganey",2018,2003,"index_100 = eerste analysejaar vanaf eerste positieve jaar",0,0.209005159716861,0,"model2_basis",FALSE,FALSE,"Data ends with 10 years without positive observations."
39,1910,"Zomertaling","Garganey",2019,2003,"index_100 = eerste analysejaar vanaf eerste positieve jaar",0,0.193325418479493,0,"model2_basis",FALSE,FALSE,"Data ends with 10 years without positive observations."
39,1910,"Zomertaling","Garganey",2020,2003,"index_100 = eerste analysejaar vanaf eerste positieve jaar",0,0.178821984495036,0,"model2_basis",FALSE,FALSE,"Data ends with 10 years without positive observations."
39,1910,"Zomertaling","Garganey",2021,2003,"index_100 = eerste analysejaar vanaf eerste positieve jaar",0,0.165406610213208,0,"model2_basis",FALSE,FALSE,"Data ends with 10 years without positive observations."
39,1910,"Zomertaling","Garganey",2022,2003,"index_100 = eerste analysejaar vanaf eerste positieve jaar",0,0.152997668488484,0,"model2_basis",FALSE,FALSE,"Data ends with 10 years without positive observations."
40,1940,"Slobeend","shoveler",1997,1997,"index_100 = eerste analysejaar vanaf eerste positieve jaar",1,0,100,"model2_basis",FALSE,FALSE,NA
40,1940,"Slobeend","shoveler",1998,1997,"index_100 = eerste analysejaar vanaf eerste positieve jaar",0.986218986279644,0.643036706992458,98.6218986279644,"model2_basis",FALSE,FALSE,NA
40,1940,"Slobeend","shoveler",1999,1997,"index_100 = eerste analysejaar vanaf eerste positieve jaar",1.97243797255929,1.011970246378,197.243797255929,"model2_basis",FALSE,FALSE,NA
40,1940,"Slobeend","shoveler",2000,1997,"index_100 = eerste analysejaar vanaf eerste positieve jaar",0.459332464627154,0.442016944961962,45.9332464627154,"model2_basis",FALSE,FALSE,NA
40,1940,"Slobeend","shoveler",2001,1997,"index_100 = eerste analysejaar vanaf eerste positieve jaar",1.72588322598938,0.908413198603993,172.588322598938,"model2_basis",FALSE,FALSE,NA
40,1940,"Slobeend","shoveler",2002,1997,"index_100 = eerste analysejaar vanaf eerste positieve jaar",1.97243797255929,1.00693315322572,197.243797255929,"model2_basis",FALSE,FALSE,NA
40,1940,"Slobeend","shoveler",2003,1997,"index_100 = eerste analysejaar vanaf eerste positieve jaar",0.356722805375968,0.43772304876626,35.6722805375967,"model2_basis",FALSE,FALSE,NA
40,1940,"Slobeend","shoveler",2004,1997,"index_100 = eerste analysejaar vanaf eerste positieve jaar",0.246554746569911,0.44841072084387,24.6554746569911,"model2_basis",FALSE,FALSE,NA
40,1940,"Slobeend","shoveler",2005,1997,"index_100 = eerste analysejaar vanaf eerste positieve jaar",0,0.43023533479629,0,"model2_basis",FALSE,FALSE,NA
40,1940,"Slobeend","shoveler",2006,1997,"index_100 = eerste analysejaar vanaf eerste positieve jaar",0,0.426445841796283,0,"model2_basis",FALSE,FALSE,NA
40,1940,"Slobeend","shoveler",2007,1997,"index_100 = eerste analysejaar vanaf eerste positieve jaar",0.0334091399578342,0.413539834294786,3.34091399578342,"model2_basis",FALSE,FALSE,NA
40,1940,"Slobeend","shoveler",2008,1997,"index_100 = eerste analysejaar vanaf eerste positieve jaar",0.141761428797306,0.381765905009915,14.1761428797306,"model2_basis",FALSE,FALSE,NA
40,1940,"Slobeend","shoveler",2009,1997,"index_100 = eerste analysejaar vanaf eerste positieve jaar",0.493109493139822,0.47284116134091,49.3109493139822,"model2_basis",FALSE,FALSE,NA
40,1940,"Slobeend","shoveler",2010,1997,"index_100 = eerste analysejaar vanaf eerste positieve jaar",0,0.411618719626936,0,"model2_basis",FALSE,FALSE,NA
40,1940,"Slobeend","shoveler",2011,1997,"index_100 = eerste analysejaar vanaf eerste positieve jaar",0,0.40799320091533,0,"model2_basis",FALSE,FALSE,NA
40,1940,"Slobeend","shoveler",2012,1997,"index_100 = eerste analysejaar vanaf eerste positieve jaar",0.257123296790965,0.418392175941211,25.7123296790965,"model2_basis",FALSE,FALSE,NA
40,1940,"Slobeend","shoveler",2013,1997,"index_100 = eerste analysejaar vanaf eerste positieve jaar",1.72588322598938,0.888002993761888,172.588322598938,"model2_basis",FALSE,FALSE,NA
40,1940,"Slobeend","shoveler",2014,1997,"index_100 = eerste analysejaar vanaf eerste positieve jaar",0.493109493139822,0.457289497664126,49.3109493139822,"model2_basis",FALSE,FALSE,NA
40,1940,"Slobeend","shoveler",2015,1997,"index_100 = eerste analysejaar vanaf eerste positieve jaar",0.986218986279644,0.600151556584692,98.6218986279644,"model2_basis",FALSE,FALSE,NA
40,1940,"Slobeend","shoveler",2016,1997,"index_100 = eerste analysejaar vanaf eerste positieve jaar",1.47932847941947,0.783499852056707,147.932847941947,"model2_basis",FALSE,FALSE,NA
40,1940,"Slobeend","shoveler",2017,1997,"index_100 = eerste analysejaar vanaf eerste positieve jaar",0.246554746569911,0.403165468277921,24.6554746569911,"model2_basis",FALSE,FALSE,NA
40,1940,"Slobeend","shoveler",2018,1997,"index_100 = eerste analysejaar vanaf eerste positieve jaar",0.283559083098762,0.39566883848689,28.3559083098762,"model2_basis",FALSE,FALSE,NA
40,1940,"Slobeend","shoveler",2019,1997,"index_100 = eerste analysejaar vanaf eerste positieve jaar",0.995556359804568,0.593520300009879,99.5556359804568,"model2_basis",FALSE,FALSE,NA
40,1940,"Slobeend","shoveler",2020,1997,"index_100 = eerste analysejaar vanaf eerste positieve jaar",0.246554746569911,0.393491473437625,24.6554746569911,"model2_basis",FALSE,FALSE,NA
40,1940,"Slobeend","shoveler",2021,1997,"index_100 = eerste analysejaar vanaf eerste positieve jaar",1.72588322598938,0.87634040195413,172.588322598938,"model2_basis",FALSE,FALSE,NA
40,1940,"Slobeend","shoveler",2022,1997,"index_100 = eerste analysejaar vanaf eerste positieve jaar",0.357211192003553,0.380078906369673,35.7211192003553,"model2_basis",FALSE,FALSE,NA
41,1960,"Krooneend","red-crested pochard",1998,1998,"index_100 = eerste analysejaar vanaf eerste positieve jaar",1,0,100,"model2_basis",FALSE,FALSE,NA
41,1960,"Krooneend","red-crested pochard",1999,1998,"index_100 = eerste analysejaar vanaf eerste positieve jaar",2,4.78314761458536,200,"model2_basis",FALSE,FALSE,NA
41,1960,"Krooneend","red-crested pochard",2000,1998,"index_100 = eerste analysejaar vanaf eerste positieve jaar",1.02390998399646,3.0473817193156,102.390998399646,"model2_basis",FALSE,FALSE,NA
41,1960,"Krooneend","red-crested pochard",2001,1998,"index_100 = eerste analysejaar vanaf eerste positieve jaar",1,3.28591130415015,100,"model2_basis",FALSE,FALSE,NA
41,1960,"Krooneend","red-crested pochard",2002,1998,"index_100 = eerste analysejaar vanaf eerste positieve jaar",2,4.99752024270255,200,"model2_basis",FALSE,FALSE,NA
41,1960,"Krooneend","red-crested pochard",2003,1998,"index_100 = eerste analysejaar vanaf eerste positieve jaar",3.97977101375532,8.80058073061637,397.977101375532,"model2_basis",FALSE,FALSE,NA
41,1960,"Krooneend","red-crested pochard",2004,1998,"index_100 = eerste analysejaar vanaf eerste positieve jaar",0,2.99634686031801,0,"model2_basis",FALSE,FALSE,NA
41,1960,"Krooneend","red-crested pochard",2005,1998,"index_100 = eerste analysejaar vanaf eerste positieve jaar",3,7.09051995800496,300,"model2_basis",FALSE,FALSE,NA
41,1960,"Krooneend","red-crested pochard",2006,1998,"index_100 = eerste analysejaar vanaf eerste positieve jaar",3.01837878531715,7.21066153735785,301.837878531715,"model2_basis",FALSE,FALSE,NA
41,1960,"Krooneend","red-crested pochard",2007,1998,"index_100 = eerste analysejaar vanaf eerste positieve jaar",19.3158132915256,40.9348416019262,1931.58132915256,"model2_basis",FALSE,FALSE,NA
41,1960,"Krooneend","red-crested pochard",2008,1998,"index_100 = eerste analysejaar vanaf eerste positieve jaar",19.7752751056368,41.9387762442011,1977.52751056368,"model2_basis",FALSE,FALSE,NA
41,1960,"Krooneend","red-crested pochard",2009,1998,"index_100 = eerste analysejaar vanaf eerste positieve jaar",22,46.662031451861,2200,"model2_basis",FALSE,FALSE,NA
41,1960,"Krooneend","red-crested pochard",2010,1998,"index_100 = eerste analysejaar vanaf eerste positieve jaar",34,71.9729868870959,3400,"model2_basis",FALSE,FALSE,NA
41,1960,"Krooneend","red-crested pochard",2011,1998,"index_100 = eerste analysejaar vanaf eerste positieve jaar",48,101.531647213364,4800,"model2_basis",FALSE,FALSE,NA
41,1960,"Krooneend","red-crested pochard",2012,1998,"index_100 = eerste analysejaar vanaf eerste positieve jaar",31.9368989480066,67.6412121402387,3193.68989480066,"model2_basis",FALSE,FALSE,NA
41,1960,"Krooneend","red-crested pochard",2013,1998,"index_100 = eerste analysejaar vanaf eerste positieve jaar",39,82.5684220362463,3900,"model2_basis",FALSE,FALSE,NA
41,1960,"Krooneend","red-crested pochard",2014,1998,"index_100 = eerste analysejaar vanaf eerste positieve jaar",33,69.9401872990297,3300,"model2_basis",FALSE,FALSE,NA
41,1960,"Krooneend","red-crested pochard",2015,1998,"index_100 = eerste analysejaar vanaf eerste positieve jaar",34,72.0719411780689,3400,"model2_basis",FALSE,FALSE,NA
41,1960,"Krooneend","red-crested pochard",2016,1998,"index_100 = eerste analysejaar vanaf eerste positieve jaar",46,97.391911052842,4600,"model2_basis",FALSE,FALSE,NA
41,1960,"Krooneend","red-crested pochard",2017,1998,"index_100 = eerste analysejaar vanaf eerste positieve jaar",44,93.1980885791735,4400,"model2_basis",FALSE,FALSE,NA
41,1960,"Krooneend","red-crested pochard",2018,1998,"index_100 = eerste analysejaar vanaf eerste positieve jaar",33.8836999655021,71.9108785723322,3388.36999655021,"model2_basis",FALSE,FALSE,NA
41,1960,"Krooneend","red-crested pochard",2019,1998,"index_100 = eerste analysejaar vanaf eerste positieve jaar",41,86.9360812165652,4100,"model2_basis",FALSE,FALSE,NA
41,1960,"Krooneend","red-crested pochard",2020,1998,"index_100 = eerste analysejaar vanaf eerste positieve jaar",36,76.4528413141697,3600,"model2_basis",FALSE,FALSE,NA
41,1960,"Krooneend","red-crested pochard",2021,1998,"index_100 = eerste analysejaar vanaf eerste positieve jaar",66,139.701287997793,6600,"model2_basis",FALSE,FALSE,NA
41,1960,"Krooneend","red-crested pochard",2022,1998,"index_100 = eerste analysejaar vanaf eerste positieve jaar",62.9554884622106,133.333564143923,6295.54884622106,"model2_basis",FALSE,FALSE,NA
42,1980,"Tafeleend","pochard",1997,1997,"index_100 = eerste analysejaar vanaf eerste positieve jaar",1,0,100,"model3_overdisp",TRUE,FALSE,NA
42,1980,"Tafeleend","pochard",1998,1997,"index_100 = eerste analysejaar vanaf eerste positieve jaar",1.29411764705882,0.283673407996528,129.411764705882,"model3_overdisp",TRUE,FALSE,NA
42,1980,"Tafeleend","pochard",1999,1997,"index_100 = eerste analysejaar vanaf eerste positieve jaar",1.11764705882353,0.253281245514455,111.764705882353,"model3_overdisp",TRUE,FALSE,NA
42,1980,"Tafeleend","pochard",2000,1997,"index_100 = eerste analysejaar vanaf eerste positieve jaar",1.08057723999366,0.25390694676526,108.057723999366,"model3_overdisp",TRUE,FALSE,NA
42,1980,"Tafeleend","pochard",2001,1997,"index_100 = eerste analysejaar vanaf eerste positieve jaar",1.19117647058824,0.265981012335923,119.117647058824,"model3_overdisp",TRUE,FALSE,NA
42,1980,"Tafeleend","pochard",2002,1997,"index_100 = eerste analysejaar vanaf eerste positieve jaar",0.985294117647059,0.230260411566705,98.5294117647059,"model3_overdisp",TRUE,FALSE,NA
42,1980,"Tafeleend","pochard",2003,1997,"index_100 = eerste analysejaar vanaf eerste positieve jaar",0.86764705882353,0.209576632257641,86.7647058823529,"model3_overdisp",TRUE,FALSE,NA
42,1980,"Tafeleend","pochard",2004,1997,"index_100 = eerste analysejaar vanaf eerste positieve jaar",0.955882352941176,0.225111400450081,95.5882352941176,"model3_overdisp",TRUE,FALSE,NA
42,1980,"Tafeleend","pochard",2005,1997,"index_100 = eerste analysejaar vanaf eerste positieve jaar",0.397058823529412,0.122619255723019,39.7058823529412,"model3_overdisp",TRUE,FALSE,NA
42,1980,"Tafeleend","pochard",2006,1997,"index_100 = eerste analysejaar vanaf eerste positieve jaar",0.573529411764706,0.156400876767362,57.3529411764706,"model3_overdisp",TRUE,FALSE,NA
42,1980,"Tafeleend","pochard",2007,1997,"index_100 = eerste analysejaar vanaf eerste positieve jaar",0.725189271078466,0.186865244470553,72.5189271078466,"model3_overdisp",TRUE,FALSE,NA
42,1980,"Tafeleend","pochard",2008,1997,"index_100 = eerste analysejaar vanaf eerste positieve jaar",0.637955561686357,0.171364626431961,63.7955561686357,"model3_overdisp",TRUE,FALSE,NA
42,1980,"Tafeleend","pochard",2009,1997,"index_100 = eerste analysejaar vanaf eerste positieve jaar",0.647058823529412,0.16996141595782,64.7058823529412,"model3_overdisp",TRUE,FALSE,NA
42,1980,"Tafeleend","pochard",2010,1997,"index_100 = eerste analysejaar vanaf eerste positieve jaar",0.63235294117647,0.167267169632917,63.2352941176471,"model3_overdisp",TRUE,FALSE,NA
42,1980,"Tafeleend","pochard",2011,1997,"index_100 = eerste analysejaar vanaf eerste positieve jaar",0.602941176470588,0.161852781873159,60.2941176470588,"model3_overdisp",TRUE,FALSE,NA
42,1980,"Tafeleend","pochard",2012,1997,"index_100 = eerste analysejaar vanaf eerste positieve jaar",0.600310213896076,0.166662849265756,60.0310213896076,"model3_overdisp",TRUE,FALSE,NA
42,1980,"Tafeleend","pochard",2013,1997,"index_100 = eerste analysejaar vanaf eerste positieve jaar",0.529842742378181,0.148265360343362,52.9842742378181,"model3_overdisp",TRUE,FALSE,NA
42,1980,"Tafeleend","pochard",2014,1997,"index_100 = eerste analysejaar vanaf eerste positieve jaar",0.441535618648484,0.131384777883293,44.1535618648484,"model3_overdisp",TRUE,FALSE,NA
42,1980,"Tafeleend","pochard",2015,1997,"index_100 = eerste analysejaar vanaf eerste positieve jaar",0.588235294117647,0.159131759371077,58.8235294117647,"model3_overdisp",TRUE,FALSE,NA
42,1980,"Tafeleend","pochard",2016,1997,"index_100 = eerste analysejaar vanaf eerste positieve jaar",0.514705882352941,0.145367601727392,51.4705882352941,"model3_overdisp",TRUE,FALSE,NA
42,1980,"Tafeleend","pochard",2017,1997,"index_100 = eerste analysejaar vanaf eerste positieve jaar",0.5,0.142578662176693,50,"model3_overdisp",TRUE,FALSE,NA
42,1980,"Tafeleend","pochard",2018,1997,"index_100 = eerste analysejaar vanaf eerste positieve jaar",0.697657816149494,0.184749470797051,69.7657816149494,"model3_overdisp",TRUE,FALSE,NA
42,1980,"Tafeleend","pochard",2019,1997,"index_100 = eerste analysejaar vanaf eerste positieve jaar",0.514705882352941,0.145367601727392,51.4705882352941,"model3_overdisp",TRUE,FALSE,NA
42,1980,"Tafeleend","pochard",2020,1997,"index_100 = eerste analysejaar vanaf eerste positieve jaar",0.588235294117647,0.159131759371077,58.8235294117647,"model3_overdisp",TRUE,FALSE,NA
42,1980,"Tafeleend","pochard",2021,1997,"index_100 = eerste analysejaar vanaf eerste positieve jaar",0.647058823529412,0.16996141595782,64.7058823529412,"model3_overdisp",TRUE,FALSE,NA
42,1980,"Tafeleend","pochard",2022,1997,"index_100 = eerste analysejaar vanaf eerste positieve jaar",0.720033385374303,0.186761157307835,72.0033385374303,"model3_overdisp",TRUE,FALSE,NA
44,2030,"Kuifeend","tufted duck",1997,1997,"index_100 = eerste analysejaar vanaf eerste positieve jaar",1,0,100,"model3_overdisp",TRUE,FALSE,NA
44,2030,"Kuifeend","tufted duck",1998,1997,"index_100 = eerste analysejaar vanaf eerste positieve jaar",0.835820895522388,0.160770833857581,83.5820895522388,"model3_overdisp",TRUE,FALSE,NA
44,2030,"Kuifeend","tufted duck",1999,1997,"index_100 = eerste analysejaar vanaf eerste positieve jaar",1.12639140399808,0.204396367359514,112.639140399808,"model3_overdisp",TRUE,FALSE,NA
44,2030,"Kuifeend","tufted duck",2000,1997,"index_100 = eerste analysejaar vanaf eerste positieve jaar",1.02881482169429,0.195176226185643,102.881482169429,"model3_overdisp",TRUE,FALSE,NA
44,2030,"Kuifeend","tufted duck",2001,1997,"index_100 = eerste analysejaar vanaf eerste positieve jaar",0.955223880597015,0.177372517398292,95.5223880597015,"model3_overdisp",TRUE,FALSE,NA
44,2030,"Kuifeend","tufted duck",2002,1997,"index_100 = eerste analysejaar vanaf eerste positieve jaar",0.865671641791045,0.164941408309242,86.5671641791045,"model3_overdisp",TRUE,FALSE,NA
44,2030,"Kuifeend","tufted duck",2003,1997,"index_100 = eerste analysejaar vanaf eerste positieve jaar",0.798507462686567,0.155536065806423,79.8507462686567,"model3_overdisp",TRUE,FALSE,NA
44,2030,"Kuifeend","tufted duck",2004,1997,"index_100 = eerste analysejaar vanaf eerste positieve jaar",0.686567164179104,0.139662185129018,68.6567164179104,"model3_overdisp",TRUE,FALSE,NA
44,2030,"Kuifeend","tufted duck",2005,1997,"index_100 = eerste analysejaar vanaf eerste positieve jaar",0.58955223880597,0.125641770231649,58.955223880597,"model3_overdisp",TRUE,FALSE,NA
44,2030,"Kuifeend","tufted duck",2006,1997,"index_100 = eerste analysejaar vanaf eerste positieve jaar",0.634328358208955,0.132148494463262,63.4328358208955,"model3_overdisp",TRUE,FALSE,NA
44,2030,"Kuifeend","tufted duck",2007,1997,"index_100 = eerste analysejaar vanaf eerste positieve jaar",0.850159263397048,0.165753301794223,85.0159263397048,"model3_overdisp",TRUE,FALSE,NA
44,2030,"Kuifeend","tufted duck",2008,1997,"index_100 = eerste analysejaar vanaf eerste positieve jaar",0.670391226006512,0.140834973699327,67.0391226006512,"model3_overdisp",TRUE,FALSE,NA
44,2030,"Kuifeend","tufted duck",2009,1997,"index_100 = eerste analysejaar vanaf eerste positieve jaar",0.73134328358209,0.146045348605248,73.134328358209,"model3_overdisp",TRUE,FALSE,NA
44,2030,"Kuifeend","tufted duck",2010,1997,"index_100 = eerste analysejaar vanaf eerste positieve jaar",0.582089552238806,0.1245506307439,58.2089552238806,"model3_overdisp",TRUE,FALSE,NA
44,2030,"Kuifeend","tufted duck",2011,1997,"index_100 = eerste analysejaar vanaf eerste positieve jaar",0.604477611940298,0.127818123919707,60.4477611940298,"model3_overdisp",TRUE,FALSE,NA
44,2030,"Kuifeend","tufted duck",2012,1997,"index_100 = eerste analysejaar vanaf eerste positieve jaar",0.42893832037657,0.111270919492213,42.893832037657,"model3_overdisp",TRUE,FALSE,NA
44,2030,"Kuifeend","tufted duck",2013,1997,"index_100 = eerste analysejaar vanaf eerste positieve jaar",0.586193202575522,0.125438870828346,58.6193202575522,"model3_overdisp",TRUE,FALSE,NA
44,2030,"Kuifeend","tufted duck",2014,1997,"index_100 = eerste analysejaar vanaf eerste positieve jaar",0.533586120293104,0.117684954148359,53.3586120293104,"model3_overdisp",TRUE,FALSE,NA
44,2030,"Kuifeend","tufted duck",2015,1997,"index_100 = eerste analysejaar vanaf eerste positieve jaar",0.432835820895522,0.102210452397071,43.2835820895522,"model3_overdisp",TRUE,FALSE,NA
44,2030,"Kuifeend","tufted duck",2016,1997,"index_100 = eerste analysejaar vanaf eerste positieve jaar",0.559701492537313,0.121264721629382,55.9701492537313,"model3_overdisp",TRUE,FALSE,NA
44,2030,"Kuifeend","tufted duck",2017,1997,"index_100 = eerste analysejaar vanaf eerste positieve jaar",0.507462686567164,0.113516983090986,50.7462686567164,"model3_overdisp",TRUE,FALSE,NA
44,2030,"Kuifeend","tufted duck",2018,1997,"index_100 = eerste analysejaar vanaf eerste positieve jaar",0.427250355060195,0.109010436306418,42.7250355060195,"model3_overdisp",TRUE,FALSE,NA
44,2030,"Kuifeend","tufted duck",2019,1997,"index_100 = eerste analysejaar vanaf eerste positieve jaar",0.380597014925373,0.0940809407997957,38.0597014925373,"model3_overdisp",TRUE,FALSE,NA
44,2030,"Kuifeend","tufted duck",2020,1997,"index_100 = eerste analysejaar vanaf eerste positieve jaar",0.470149253731343,0.107903141068398,47.0149253731343,"model3_overdisp",TRUE,FALSE,NA
44,2030,"Kuifeend","tufted duck",2021,1997,"index_100 = eerste analysejaar vanaf eerste positieve jaar",0.425373134328358,0.101061283800989,42.5373134328358,"model3_overdisp",TRUE,FALSE,NA
44,2030,"Kuifeend","tufted duck",2022,1997,"index_100 = eerste analysejaar vanaf eerste positieve jaar",0.398663376126701,0.100072823539399,39.8663376126701,"model3_overdisp",TRUE,FALSE,NA
60,2670,"Havik","goshawk",1997,1997,"index_100 = eerste analysejaar vanaf eerste positieve jaar",1,0,100,"model3_overdisp",TRUE,FALSE,"Overdispersion 0.8 <1; consider setting overdisp=FALSE"
60,2670,"Havik","goshawk",1998,1997,"index_100 = eerste analysejaar vanaf eerste positieve jaar",2.05525684692203,1.61918670629339,205.525684692203,"model3_overdisp",TRUE,FALSE,"Overdispersion 0.8 <1; consider setting overdisp=FALSE"
60,2670,"Havik","goshawk",1999,1997,"index_100 = eerste analysejaar vanaf eerste positieve jaar",1,0.909478625135085,100,"model3_overdisp",TRUE,FALSE,"Overdispersion 0.8 <1; consider setting overdisp=FALSE"
60,2670,"Havik","goshawk",2000,1997,"index_100 = eerste analysejaar vanaf eerste positieve jaar",0.682804745050264,0.761685193986674,68.2804745050264,"model3_overdisp",TRUE,FALSE,"Overdispersion 0.8 <1; consider setting overdisp=FALSE"
60,2670,"Havik","goshawk",2001,1997,"index_100 = eerste analysejaar vanaf eerste positieve jaar",1.5,1.24535489638818,150,"model3_overdisp",TRUE,FALSE,"Overdispersion 0.8 <1; consider setting overdisp=FALSE"
60,2670,"Havik","goshawk",2002,1997,"index_100 = eerste analysejaar vanaf eerste positieve jaar",2,1.57526318713185,200,"model3_overdisp",TRUE,FALSE,"Overdispersion 0.8 <1; consider setting overdisp=FALSE"
60,2670,"Havik","goshawk",2003,1997,"index_100 = eerste analysejaar vanaf eerste positieve jaar",1.5,1.24535489638818,150,"model3_overdisp",TRUE,FALSE,"Overdispersion 0.8 <1; consider setting overdisp=FALSE"
60,2670,"Havik","goshawk",2004,1997,"index_100 = eerste analysejaar vanaf eerste positieve jaar",1,0.909478625135085,100,"model3_overdisp",TRUE,FALSE,"Overdispersion 0.8 <1; consider setting overdisp=FALSE"
60,2670,"Havik","goshawk",2005,1997,"index_100 = eerste analysejaar vanaf eerste positieve jaar",1,0.909478625135085,100,"model3_overdisp",TRUE,FALSE,"Overdispersion 0.8 <1; consider setting overdisp=FALSE"
60,2670,"Havik","goshawk",2006,1997,"index_100 = eerste analysejaar vanaf eerste positieve jaar",0.520432893594308,0.579803027467415,52.0432893594308,"model3_overdisp",TRUE,FALSE,"Overdispersion 0.8 <1; consider setting overdisp=FALSE"
60,2670,"Havik","goshawk",2007,1997,"index_100 = eerste analysejaar vanaf eerste positieve jaar",1.73334161109221,1.44073342470182,173.334161109221,"model3_overdisp",TRUE,FALSE,"Overdispersion 0.8 <1; consider setting overdisp=FALSE"
60,2670,"Havik","goshawk",2008,1997,"index_100 = eerste analysejaar vanaf eerste positieve jaar",1.96983530671517,1.63925957783634,196.983530671517,"model3_overdisp",TRUE,FALSE,"Overdispersion 0.8 <1; consider setting overdisp=FALSE"
60,2670,"Havik","goshawk",2009,1997,"index_100 = eerste analysejaar vanaf eerste positieve jaar",1.57177811763473,1.30553070621353,157.177811763473,"model3_overdisp",TRUE,FALSE,"Overdispersion 0.8 <1; consider setting overdisp=FALSE"
60,2670,"Havik","goshawk",2010,1997,"index_100 = eerste analysejaar vanaf eerste positieve jaar",1,0.909478625135085,100,"model3_overdisp",TRUE,FALSE,"Overdispersion 0.8 <1; consider setting overdisp=FALSE"
60,2670,"Havik","goshawk",2011,1997,"index_100 = eerste analysejaar vanaf eerste positieve jaar",2.54785173752235,1.9392214049302,254.785173752235,"model3_overdisp",TRUE,FALSE,"Overdispersion 0.8 <1; consider setting overdisp=FALSE"
60,2670,"Havik","goshawk",2012,1997,"index_100 = eerste analysejaar vanaf eerste positieve jaar",2.54785173752235,1.9392214049302,254.785173752235,"model3_overdisp",TRUE,FALSE,"Overdispersion 0.8 <1; consider setting overdisp=FALSE"
60,2670,"Havik","goshawk",2013,1997,"index_100 = eerste analysejaar vanaf eerste positieve jaar",2.54785173752235,1.9392214049302,254.785173752235,"model3_overdisp",TRUE,FALSE,"Overdispersion 0.8 <1; consider setting overdisp=FALSE"
60,2670,"Havik","goshawk",2014,1997,"index_100 = eerste analysejaar vanaf eerste positieve jaar",3.05742208502681,2.27101277677955,305.742208502681,"model3_overdisp",TRUE,FALSE,"Overdispersion 0.8 <1; consider setting overdisp=FALSE"
60,2670,"Havik","goshawk",2015,1997,"index_100 = eerste analysejaar vanaf eerste positieve jaar",3.05742208502681,2.27101277677955,305.742208502681,"model3_overdisp",TRUE,FALSE,"Overdispersion 0.8 <1; consider setting overdisp=FALSE"
60,2670,"Havik","goshawk",2016,1997,"index_100 = eerste analysejaar vanaf eerste positieve jaar",2.54785173752235,1.9392214049302,254.785173752235,"model3_overdisp",TRUE,FALSE,"Overdispersion 0.8 <1; consider setting overdisp=FALSE"
60,2670,"Havik","goshawk",2017,1997,"index_100 = eerste analysejaar vanaf eerste positieve jaar",1.56129868078293,1.2966642956939,156.129868078293,"model3_overdisp",TRUE,FALSE,"Overdispersion 0.8 <1; consider setting overdisp=FALSE"
60,2670,"Havik","goshawk",2018,1997,"index_100 = eerste analysejaar vanaf eerste positieve jaar",1.70890275272682,1.42024938391331,170.890275272682,"model3_overdisp",TRUE,FALSE,"Overdispersion 0.8 <1; consider setting overdisp=FALSE"
60,2670,"Havik","goshawk",2019,1997,"index_100 = eerste analysejaar vanaf eerste positieve jaar",1.57177811763473,1.30553070621353,157.177811763473,"model3_overdisp",TRUE,FALSE,"Overdispersion 0.8 <1; consider setting overdisp=FALSE"
60,2670,"Havik","goshawk",2020,1997,"index_100 = eerste analysejaar vanaf eerste positieve jaar",2.08173157437723,1.64022360979653,208.173157437723,"model3_overdisp",TRUE,FALSE,"Overdispersion 0.8 <1; consider setting overdisp=FALSE"
60,2670,"Havik","goshawk",2021,1997,"index_100 = eerste analysejaar vanaf eerste positieve jaar",1.5,1.24535489638818,150,"model3_overdisp",TRUE,FALSE,"Overdispersion 0.8 <1; consider setting overdisp=FALSE"
60,2670,"Havik","goshawk",2022,1997,"index_100 = eerste analysejaar vanaf eerste positieve jaar",2.80874875648764,2.21948304757208,280.874875648764,"model3_overdisp",TRUE,FALSE,"Overdispersion 0.8 <1; consider setting overdisp=FALSE"
61,2690,"Sperwer","Sparrowhawk",1997,1997,"index_100 = eerste analysejaar vanaf eerste positieve jaar",1,0,100,"model2_basis",FALSE,FALSE,NA
61,2690,"Sperwer","Sparrowhawk",1998,1997,"index_100 = eerste analysejaar vanaf eerste positieve jaar",0.0182656027186405,0.494357045538207,1.82656027186405,"model2_basis",FALSE,FALSE,NA
61,2690,"Sperwer","Sparrowhawk",1999,1997,"index_100 = eerste analysejaar vanaf eerste positieve jaar",0,0.506691832921255,0,"model2_basis",FALSE,FALSE,NA
61,2690,"Sperwer","Sparrowhawk",2000,1997,"index_100 = eerste analysejaar vanaf eerste positieve jaar",0.57926712617655,0.547317314613464,57.926712617655,"model2_basis",FALSE,FALSE,NA
61,2690,"Sperwer","Sparrowhawk",2001,1997,"index_100 = eerste analysejaar vanaf eerste positieve jaar",0.563502107564538,0.555125691254264,56.3502107564538,"model2_basis",FALSE,FALSE,NA
61,2690,"Sperwer","Sparrowhawk",2002,1997,"index_100 = eerste analysejaar vanaf eerste positieve jaar",0.56502290309627,0.559576620453655,56.502290309627,"model2_basis",FALSE,FALSE,NA
61,2690,"Sperwer","Sparrowhawk",2003,1997,"index_100 = eerste analysejaar vanaf eerste positieve jaar",0.491429136279146,0.579799601113614,49.1429136279146,"model2_basis",FALSE,FALSE,NA
61,2690,"Sperwer","Sparrowhawk",2004,1997,"index_100 = eerste analysejaar vanaf eerste positieve jaar",0.491429136279146,0.58490538744483,49.1429136279146,"model2_basis",FALSE,FALSE,NA
61,2690,"Sperwer","Sparrowhawk",2005,1997,"index_100 = eerste analysejaar vanaf eerste positieve jaar",0.491429136279146,0.59007467131903,49.1429136279146,"model2_basis",FALSE,FALSE,NA
61,2690,"Sperwer","Sparrowhawk",2006,1997,"index_100 = eerste analysejaar vanaf eerste positieve jaar",0.491429136279146,0.595308078813679,49.1429136279146,"model2_basis",FALSE,FALSE,NA
61,2690,"Sperwer","Sparrowhawk",2007,1997,"index_100 = eerste analysejaar vanaf eerste positieve jaar",0.511399215254507,0.596352765933269,51.1399215254507,"model2_basis",FALSE,FALSE,NA
61,2690,"Sperwer","Sparrowhawk",2008,1997,"index_100 = eerste analysejaar vanaf eerste positieve jaar",1.58021117099699,0.920640749673934,158.021117099699,"model2_basis",FALSE,FALSE,NA
61,2690,"Sperwer","Sparrowhawk",2009,1997,"index_100 = eerste analysejaar vanaf eerste positieve jaar",0.81863802428521,0.559188148549478,81.863802428521,"model2_basis",FALSE,FALSE,NA
61,2690,"Sperwer","Sparrowhawk",2010,1997,"index_100 = eerste analysejaar vanaf eerste positieve jaar",1.00554379612282,0.743849910318491,100.554379612282,"model2_basis",FALSE,FALSE,NA
61,2690,"Sperwer","Sparrowhawk",2011,1997,"index_100 = eerste analysejaar vanaf eerste positieve jaar",0.80863027826103,0.576346254851863,80.863027826103,"model2_basis",FALSE,FALSE,NA
61,2690,"Sperwer","Sparrowhawk",2012,1997,"index_100 = eerste analysejaar vanaf eerste positieve jaar",0.83877027307277,0.582956021268908,83.877027307277,"model2_basis",FALSE,FALSE,NA
61,2690,"Sperwer","Sparrowhawk",2013,1997,"index_100 = eerste analysejaar vanaf eerste positieve jaar",0.354880837912453,0.458861465016718,35.4880837912453,"model2_basis",FALSE,FALSE,NA
61,2690,"Sperwer","Sparrowhawk",2014,1997,"index_100 = eerste analysejaar vanaf eerste positieve jaar",0.853798234810926,0.600543505750371,85.3798234810926,"model2_basis",FALSE,FALSE,NA
61,2690,"Sperwer","Sparrowhawk",2015,1997,"index_100 = eerste analysejaar vanaf eerste positieve jaar",0.344833273559964,0.48442845361229,34.4833273559964,"model2_basis",FALSE,FALSE,NA
61,2690,"Sperwer","Sparrowhawk",2016,1997,"index_100 = eerste analysejaar vanaf eerste positieve jaar",0.843538659066378,0.621816563111004,84.3538659066378,"model2_basis",FALSE,FALSE,NA
61,2690,"Sperwer","Sparrowhawk",2017,1997,"index_100 = eerste analysejaar vanaf eerste positieve jaar",0.491429136279146,0.657293015569952,49.1429136279146,"model2_basis",FALSE,FALSE,NA
61,2690,"Sperwer","Sparrowhawk",2018,1997,"index_100 = eerste analysejaar vanaf eerste positieve jaar",1.06229485430971,0.789332488026266,106.229485430971,"model2_basis",FALSE,FALSE,NA
61,2690,"Sperwer","Sparrowhawk",2019,1997,"index_100 = eerste analysejaar vanaf eerste positieve jaar",0.921757562836892,0.659038086459589,92.1757562836892,"model2_basis",FALSE,FALSE,NA
61,2690,"Sperwer","Sparrowhawk",2020,1997,"index_100 = eerste analysejaar vanaf eerste positieve jaar",0.519382550750317,0.673482886248956,51.9382550750317,"model2_basis",FALSE,FALSE,NA
61,2690,"Sperwer","Sparrowhawk",2021,1997,"index_100 = eerste analysejaar vanaf eerste positieve jaar",0.491429136279146,0.681949048185649,49.1429136279146,"model2_basis",FALSE,FALSE,NA
61,2690,"Sperwer","Sparrowhawk",2022,1997,"index_100 = eerste analysejaar vanaf eerste positieve jaar",0.982858272558292,0.805183114188752,98.2858272558292,"model2_basis",FALSE,FALSE,NA
62,2870,"Buizerd","buzzard",1997,1997,"index_100 = eerste analysejaar vanaf eerste positieve jaar",1,0,100,"model3_overdisp",TRUE,FALSE,"Overdispersion 0.7 <1; consider setting overdisp=FALSE"
62,2870,"Buizerd","buzzard",1998,1997,"index_100 = eerste analysejaar vanaf eerste positieve jaar",0.73853789278885,0.335854041276161,73.853789278885,"model3_overdisp",TRUE,FALSE,"Overdispersion 0.7 <1; consider setting overdisp=FALSE"
62,2870,"Buizerd","buzzard",1999,1997,"index_100 = eerste analysejaar vanaf eerste positieve jaar",0.822546341777703,0.358314809430478,82.2546341777703,"model3_overdisp",TRUE,FALSE,"Overdispersion 0.7 <1; consider setting overdisp=FALSE"
62,2870,"Buizerd","buzzard",2000,1997,"index_100 = eerste analysejaar vanaf eerste positieve jaar",0.737851660486451,0.354738778169307,73.7851660486451,"model3_overdisp",TRUE,FALSE,"Overdispersion 0.7 <1; consider setting overdisp=FALSE"
62,2870,"Buizerd","buzzard",2001,1997,"index_100 = eerste analysejaar vanaf eerste positieve jaar",0.822546341777703,0.358314809430478,82.2546341777703,"model3_overdisp",TRUE,FALSE,"Overdispersion 0.7 <1; consider setting overdisp=FALSE"
62,2870,"Buizerd","buzzard",2002,1997,"index_100 = eerste analysejaar vanaf eerste positieve jaar",1.17506620253958,0.469193661009772,117.506620253958,"model3_overdisp",TRUE,FALSE,"Overdispersion 0.7 <1; consider setting overdisp=FALSE"
62,2870,"Buizerd","buzzard",2003,1997,"index_100 = eerste analysejaar vanaf eerste positieve jaar",1.19565906570199,0.47750627962047,119.565906570199,"model3_overdisp",TRUE,FALSE,"Overdispersion 0.7 <1; consider setting overdisp=FALSE"
62,2870,"Buizerd","buzzard",2004,1997,"index_100 = eerste analysejaar vanaf eerste positieve jaar",0.94005296203166,0.395632773155745,94.005296203166,"model3_overdisp",TRUE,FALSE,"Overdispersion 0.7 <1; consider setting overdisp=FALSE"
62,2870,"Buizerd","buzzard",2005,1997,"index_100 = eerste analysejaar vanaf eerste positieve jaar",0.822546341777703,0.358314809430478,82.2546341777703,"model3_overdisp",TRUE,FALSE,"Overdispersion 0.7 <1; consider setting overdisp=FALSE"
62,2870,"Buizerd","buzzard",2006,1997,"index_100 = eerste analysejaar vanaf eerste positieve jaar",0.928538827078595,0.405123993748361,92.8538827078595,"model3_overdisp",TRUE,FALSE,"Overdispersion 0.7 <1; consider setting overdisp=FALSE"
62,2870,"Buizerd","buzzard",2007,1997,"index_100 = eerste analysejaar vanaf eerste positieve jaar",1.553952092089,0.6095529910726,155.3952092089,"model3_overdisp",TRUE,FALSE,"Overdispersion 0.7 <1; consider setting overdisp=FALSE"
62,2870,"Buizerd","buzzard",2008,1997,"index_100 = eerste analysejaar vanaf eerste positieve jaar",1.51220493431547,0.621720465531135,151.220493431547,"model3_overdisp",TRUE,FALSE,"Overdispersion 0.7 <1; consider setting overdisp=FALSE"
62,2870,"Buizerd","buzzard",2009,1997,"index_100 = eerste analysejaar vanaf eerste positieve jaar",0.800006272844912,0.364175746952618,80.0006272844912,"model3_overdisp",TRUE,FALSE,"Overdispersion 0.7 <1; consider setting overdisp=FALSE"
62,2870,"Buizerd","buzzard",2010,1997,"index_100 = eerste analysejaar vanaf eerste positieve jaar",0.742392163500325,0.337625279469507,74.2392163500325,"model3_overdisp",TRUE,FALSE,"Overdispersion 0.7 <1; consider setting overdisp=FALSE"
62,2870,"Buizerd","buzzard",2011,1997,"index_100 = eerste analysejaar vanaf eerste positieve jaar",1.01446371443209,0.427417955398824,101.446371443209,"model3_overdisp",TRUE,FALSE,"Overdispersion 0.7 <1; consider setting overdisp=FALSE"
62,2870,"Buizerd","buzzard",2012,1997,"index_100 = eerste analysejaar vanaf eerste positieve jaar",1.08463087242368,0.45671574994007,108.463087242368,"model3_overdisp",TRUE,FALSE,"Overdispersion 0.7 <1; consider setting overdisp=FALSE"
62,2870,"Buizerd","buzzard",2013,1997,"index_100 = eerste analysejaar vanaf eerste positieve jaar",1.21948371239371,0.49981097918342,121.948371239371,"model3_overdisp",TRUE,FALSE,"Overdispersion 0.7 <1; consider setting overdisp=FALSE"
62,2870,"Buizerd","buzzard",2014,1997,"index_100 = eerste analysejaar vanaf eerste positieve jaar",1.49048009292565,0.584307383922537,149.048009292565,"model3_overdisp",TRUE,FALSE,"Overdispersion 0.7 <1; consider setting overdisp=FALSE"
62,2870,"Buizerd","buzzard",2015,1997,"index_100 = eerste analysejaar vanaf eerste positieve jaar",1.01446371443209,0.427417955398824,101.446371443209,"model3_overdisp",TRUE,FALSE,"Overdispersion 0.7 <1; consider setting overdisp=FALSE"
62,2870,"Buizerd","buzzard",2016,1997,"index_100 = eerste analysejaar vanaf eerste positieve jaar",1.43868437204159,0.576322895016722,143.868437204159,"model3_overdisp",TRUE,FALSE,"Overdispersion 0.7 <1; consider setting overdisp=FALSE"
62,2870,"Buizerd","buzzard",2017,1997,"index_100 = eerste analysejaar vanaf eerste positieve jaar",1.05610370038992,0.445200524382353,105.610370038992,"model3_overdisp",TRUE,FALSE,"Overdispersion 0.7 <1; consider setting overdisp=FALSE"
62,2870,"Buizerd","buzzard",2018,1997,"index_100 = eerste analysejaar vanaf eerste positieve jaar",0.919358933279004,0.400470446742183,91.9358933279004,"model3_overdisp",TRUE,FALSE,"Overdispersion 0.7 <1; consider setting overdisp=FALSE"
62,2870,"Buizerd","buzzard",2019,1997,"index_100 = eerste analysejaar vanaf eerste positieve jaar",1.20000940926737,0.491721733838897,120.000940926737,"model3_overdisp",TRUE,FALSE,"Overdispersion 0.7 <1; consider setting overdisp=FALSE"
62,2870,"Buizerd","buzzard",2020,1997,"index_100 = eerste analysejaar vanaf eerste positieve jaar",1.67906451770841,0.64700869631929,167.906451770841,"model3_overdisp",TRUE,FALSE,"Overdispersion 0.7 <1; consider setting overdisp=FALSE"
62,2870,"Buizerd","buzzard",2021,1997,"index_100 = eerste analysejaar vanaf eerste positieve jaar",1.41007944304749,0.541806720965926,141.007944304749,"model3_overdisp",TRUE,FALSE,"Overdispersion 0.7 <1; consider setting overdisp=FALSE"
62,2870,"Buizerd","buzzard",2022,1997,"index_100 = eerste analysejaar vanaf eerste positieve jaar",1.16752714228925,0.478077195382168,116.752714228925,"model3_overdisp",TRUE,FALSE,"Overdispersion 0.7 <1; consider setting overdisp=FALSE"
64,3040,"Torenvalk","kestrel",1997,1997,"index_100 = eerste analysejaar vanaf eerste positieve jaar",1,0,100,"model2_basis",FALSE,FALSE,"Data ends with 1 years without positive observations."
64,3040,"Torenvalk","kestrel",1998,1997,"index_100 = eerste analysejaar vanaf eerste positieve jaar",2,1.24366753887823,200,"model2_basis",FALSE,FALSE,"Data ends with 1 years without positive observations."
64,3040,"Torenvalk","kestrel",1999,1997,"index_100 = eerste analysejaar vanaf eerste positieve jaar",0.75,0.628851034928075,75,"model2_basis",FALSE,FALSE,"Data ends with 1 years without positive observations."
64,3040,"Torenvalk","kestrel",2000,1997,"index_100 = eerste analysejaar vanaf eerste positieve jaar",0.698881681854574,0.520706784116639,69.8881681854574,"model2_basis",FALSE,FALSE,"Data ends with 1 years without positive observations."
64,3040,"Torenvalk","kestrel",2001,1997,"index_100 = eerste analysejaar vanaf eerste positieve jaar",0.5,0.473382825180806,50,"model2_basis",FALSE,FALSE,"Data ends with 1 years without positive observations."
64,3040,"Torenvalk","kestrel",2002,1997,"index_100 = eerste analysejaar vanaf eerste positieve jaar",0.5,0.444899194523141,50,"model2_basis",FALSE,FALSE,"Data ends with 1 years without positive observations."
64,3040,"Torenvalk","kestrel",2003,1997,"index_100 = eerste analysejaar vanaf eerste positieve jaar",0.25,0.341093772890972,25,"model2_basis",FALSE,FALSE,"Data ends with 1 years without positive observations."
64,3040,"Torenvalk","kestrel",2004,1997,"index_100 = eerste analysejaar vanaf eerste positieve jaar",0.25,0.314383050489048,25,"model2_basis",FALSE,FALSE,"Data ends with 1 years without positive observations."
64,3040,"Torenvalk","kestrel",2005,1997,"index_100 = eerste analysejaar vanaf eerste positieve jaar",0.25,0.29070986619919,25,"model2_basis",FALSE,FALSE,"Data ends with 1 years without positive observations."
64,3040,"Torenvalk","kestrel",2006,1997,"index_100 = eerste analysejaar vanaf eerste positieve jaar",0.25,0.269800999896792,25,"model2_basis",FALSE,FALSE,"Data ends with 1 years without positive observations."
64,3040,"Torenvalk","kestrel",2007,1997,"index_100 = eerste analysejaar vanaf eerste positieve jaar",0.00701779661028293,0.2039312284234,0.701779661028293,"model2_basis",FALSE,FALSE,"Data ends with 1 years without positive observations."
64,3040,"Torenvalk","kestrel",2008,1997,"index_100 = eerste analysejaar vanaf eerste positieve jaar",0.0286017926077807,0.17080264114435,2.86017926077807,"model2_basis",FALSE,FALSE,"Data ends with 1 years without positive observations."
64,3040,"Torenvalk","kestrel",2009,1997,"index_100 = eerste analysejaar vanaf eerste positieve jaar",0,0.169933320162607,0,"model2_basis",FALSE,FALSE,"Data ends with 1 years without positive observations."
64,3040,"Torenvalk","kestrel",2010,1997,"index_100 = eerste analysejaar vanaf eerste positieve jaar",0.0138533437515095,0.143615819471633,1.38533437515095,"model2_basis",FALSE,FALSE,"Data ends with 1 years without positive observations."
64,3040,"Torenvalk","kestrel",2011,1997,"index_100 = eerste analysejaar vanaf eerste positieve jaar",0,0.13903185478696,0,"model2_basis",FALSE,FALSE,"Data ends with 1 years without positive observations."
64,3040,"Torenvalk","kestrel",2012,1997,"index_100 = eerste analysejaar vanaf eerste positieve jaar",0.00456723571022222,0.1216875439989,0.456723571022222,"model2_basis",FALSE,FALSE,"Data ends with 1 years without positive observations."
64,3040,"Torenvalk","kestrel",2013,1997,"index_100 = eerste analysejaar vanaf eerste positieve jaar",0.00758685759294656,0.106136481861606,0.758685759294656,"model2_basis",FALSE,FALSE,"Data ends with 1 years without positive observations."
64,3040,"Torenvalk","kestrel",2014,1997,"index_100 = eerste analysejaar vanaf eerste positieve jaar",0.00620722811831463,0.0959455762072083,0.620722811831463,"model2_basis",FALSE,FALSE,"Data ends with 1 years without positive observations."
64,3040,"Torenvalk","kestrel",2015,1997,"index_100 = eerste analysejaar vanaf eerste positieve jaar",0,0.0930648891340626,0,"model2_basis",FALSE,FALSE,"Data ends with 1 years without positive observations."
64,3040,"Torenvalk","kestrel",2016,1997,"index_100 = eerste analysejaar vanaf eerste positieve jaar",0,0.0841789978641693,0,"model2_basis",FALSE,FALSE,"Data ends with 1 years without positive observations."
64,3040,"Torenvalk","kestrel",2017,1997,"index_100 = eerste analysejaar vanaf eerste positieve jaar",0,0.0761415368067336,0,"model2_basis",FALSE,FALSE,"Data ends with 1 years without positive observations."
64,3040,"Torenvalk","kestrel",2018,1997,"index_100 = eerste analysejaar vanaf eerste positieve jaar",0.00136983440174345,0.0665428693585858,0.136983440174344,"model2_basis",FALSE,FALSE,"Data ends with 1 years without positive observations."
64,3040,"Torenvalk","kestrel",2019,1997,"index_100 = eerste analysejaar vanaf eerste positieve jaar",0.00112073734240665,0.0601731691197605,0.112073734240665,"model2_basis",FALSE,FALSE,"Data ends with 1 years without positive observations."
64,3040,"Torenvalk","kestrel",2020,1997,"index_100 = eerste analysejaar vanaf eerste positieve jaar",0.00186171136228108,0.052347864228879,0.186171136228108,"model2_basis",FALSE,FALSE,"Data ends with 1 years without positive observations."
64,3040,"Torenvalk","kestrel",2021,1997,"index_100 = eerste analysejaar vanaf eerste positieve jaar",0.5,0.287840044707045,50,"model2_basis",FALSE,FALSE,"Data ends with 1 years without positive observations."
64,3040,"Torenvalk","kestrel",2022,1997,"index_100 = eerste analysejaar vanaf eerste positieve jaar",0.0020252256631227,0.0405640400853225,0.20252256631227,"model2_basis",FALSE,FALSE,"Data ends with 1 years without positive observations."
66,3100,"Boomvalk","hobby",1997,1997,"index_100 = eerste analysejaar vanaf eerste positieve jaar",1,0,100,"model2_basis",FALSE,FALSE,"Data ends with 5 years without positive observations."
66,3100,"Boomvalk","hobby",1998,1997,"index_100 = eerste analysejaar vanaf eerste positieve jaar",0.631376186247973,0.503209754983195,63.1376186247973,"model2_basis",FALSE,FALSE,"Data ends with 5 years without positive observations."
66,3100,"Boomvalk","hobby",1999,1997,"index_100 = eerste analysejaar vanaf eerste positieve jaar",0.6,0.475124998209561,60,"model2_basis",FALSE,FALSE,"Data ends with 5 years without positive observations."
66,3100,"Boomvalk","hobby",2000,1997,"index_100 = eerste analysejaar vanaf eerste positieve jaar",0.667563605292037,0.452889345104376,66.7563605292037,"model2_basis",FALSE,FALSE,"Data ends with 5 years without positive observations."
66,3100,"Boomvalk","hobby",2001,1997,"index_100 = eerste analysejaar vanaf eerste positieve jaar",0.821551514983712,0.494281608539292,82.1551514983712,"model2_basis",FALSE,FALSE,"Data ends with 5 years without positive observations."
66,3100,"Boomvalk","hobby",2002,1997,"index_100 = eerste analysejaar vanaf eerste positieve jaar",0.418371886240013,0.354759716825086,41.8371886240013,"model2_basis",FALSE,FALSE,"Data ends with 5 years without positive observations."
66,3100,"Boomvalk","hobby",2003,1997,"index_100 = eerste analysejaar vanaf eerste positieve jaar",0.8,0.461160882942411,80,"model2_basis",FALSE,FALSE,"Data ends with 5 years without positive observations."
66,3100,"Boomvalk","hobby",2004,1997,"index_100 = eerste analysejaar vanaf eerste positieve jaar",0.2,0.276165282355642,20,"model2_basis",FALSE,FALSE,"Data ends with 5 years without positive observations."
66,3100,"Boomvalk","hobby",2005,1997,"index_100 = eerste analysejaar vanaf eerste positieve jaar",0.4,0.301942269677144,40,"model2_basis",FALSE,FALSE,"Data ends with 5 years without positive observations."
66,3100,"Boomvalk","hobby",2006,1997,"index_100 = eerste analysejaar vanaf eerste positieve jaar",0.2079998689985,0.238512989117333,20.79998689985,"model2_basis",FALSE,FALSE,"Data ends with 5 years without positive observations."
66,3100,"Boomvalk","hobby",2007,1997,"index_100 = eerste analysejaar vanaf eerste positieve jaar",0.40681959868188,0.274303030828276,40.681959868188,"model2_basis",FALSE,FALSE,"Data ends with 5 years without positive observations."
66,3100,"Boomvalk","hobby",2008,1997,"index_100 = eerste analysejaar vanaf eerste positieve jaar",0.231013744724874,0.203302859290128,23.1013744724874,"model2_basis",FALSE,FALSE,"Data ends with 5 years without positive observations."
66,3100,"Boomvalk","hobby",2009,1997,"index_100 = eerste analysejaar vanaf eerste positieve jaar",0.0297743180904866,0.159584044690772,2.97743180904866,"model2_basis",FALSE,FALSE,"Data ends with 5 years without positive observations."
66,3100,"Boomvalk","hobby",2010,1997,"index_100 = eerste analysejaar vanaf eerste positieve jaar",0.0118135913027735,0.154954783540204,1.18135913027735,"model2_basis",FALSE,FALSE,"Data ends with 5 years without positive observations."
66,3100,"Boomvalk","hobby",2011,1997,"index_100 = eerste analysejaar vanaf eerste positieve jaar",0.0176978208432338,0.138519829660591,1.76978208432338,"model2_basis",FALSE,FALSE,"Data ends with 5 years without positive observations."
66,3100,"Boomvalk","hobby",2012,1997,"index_100 = eerste analysejaar vanaf eerste positieve jaar",0.0150867515102192,0.127889884264824,1.50867515102192,"model2_basis",FALSE,FALSE,"Data ends with 5 years without positive observations."
66,3100,"Boomvalk","hobby",2013,1997,"index_100 = eerste analysejaar vanaf eerste positieve jaar",0.0201792020606783,0.112643602030308,2.01792020606783,"model2_basis",FALSE,FALSE,"Data ends with 5 years without positive observations."
66,3100,"Boomvalk","hobby",2014,1997,"index_100 = eerste analysejaar vanaf eerste positieve jaar",0.017202039158417,0.103940825583429,1.7202039158417,"model2_basis",FALSE,FALSE,"Data ends with 5 years without positive observations."
66,3100,"Boomvalk","hobby",2015,1997,"index_100 = eerste analysejaar vanaf eerste positieve jaar",0.00934595242325533,0.100584247517209,0.934595242325533,"model2_basis",FALSE,FALSE,"Data ends with 5 years without positive observations."
66,3100,"Boomvalk","hobby",2016,1997,"index_100 = eerste analysejaar vanaf eerste positieve jaar",0.209588307377071,0.132877767984085,20.9588307377071,"model2_basis",FALSE,FALSE,"Data ends with 5 years without positive observations."
66,3100,"Boomvalk","hobby",2017,1997,"index_100 = eerste analysejaar vanaf eerste positieve jaar",0.201382032470673,0.129404646278394,20.1382032470673,"model2_basis",FALSE,FALSE,"Data ends with 5 years without positive observations."
66,3100,"Boomvalk","hobby",2018,1997,"index_100 = eerste analysejaar vanaf eerste positieve jaar",0.00128860262494359,0.0839236585795346,0.128860262494359,"model2_basis",FALSE,FALSE,"Data ends with 5 years without positive observations."
66,3100,"Boomvalk","hobby",2019,1997,"index_100 = eerste analysejaar vanaf eerste positieve jaar",0.00603394368389253,0.0715900212580532,0.603394368389253,"model2_basis",FALSE,FALSE,"Data ends with 5 years without positive observations."
66,3100,"Boomvalk","hobby",2020,1997,"index_100 = eerste analysejaar vanaf eerste positieve jaar",0.00325023748887116,0.0685663458941273,0.325023748887116,"model2_basis",FALSE,FALSE,"Data ends with 5 years without positive observations."
66,3100,"Boomvalk","hobby",2021,1997,"index_100 = eerste analysejaar vanaf eerste positieve jaar",0,0.0671220878281992,0,"model2_basis",FALSE,FALSE,"Data ends with 5 years without positive observations."
66,3100,"Boomvalk","hobby",2022,1997,"index_100 = eerste analysejaar vanaf eerste positieve jaar",0.00181772555962807,0.0592381007103095,0.181772555962807,"model2_basis",FALSE,FALSE,"Data ends with 5 years without positive observations."
70,3700,"Kwartel","Quail",2007,2007,"index_100 = eerste analysejaar vanaf eerste positieve jaar",1,0,100,"model2_basis",FALSE,FALSE,"Data ends with 2 years without positive observations."
70,3700,"Kwartel","Quail",2008,2007,"index_100 = eerste analysejaar vanaf eerste positieve jaar",1,0.926034665919625,100,"model2_basis",FALSE,FALSE,"Data ends with 2 years without positive observations."
70,3700,"Kwartel","Quail",2009,2007,"index_100 = eerste analysejaar vanaf eerste positieve jaar",0,0.588685668478836,0,"model2_basis",FALSE,FALSE,"Data ends with 2 years without positive observations."
70,3700,"Kwartel","Quail",2010,2007,"index_100 = eerste analysejaar vanaf eerste positieve jaar",0,0.548807605362559,0,"model2_basis",FALSE,FALSE,"Data ends with 2 years without positive observations."
70,3700,"Kwartel","Quail",2011,2007,"index_100 = eerste analysejaar vanaf eerste positieve jaar",0,0.511630915836733,0,"model2_basis",FALSE,FALSE,"Data ends with 2 years without positive observations."
70,3700,"Kwartel","Quail",2012,2007,"index_100 = eerste analysejaar vanaf eerste positieve jaar",0,0.47697260657859,0,"model2_basis",FALSE,FALSE,"Data ends with 2 years without positive observations."
70,3700,"Kwartel","Quail",2013,2007,"index_100 = eerste analysejaar vanaf eerste positieve jaar",0.0715321406760073,0.365302938771651,7.15321406760073,"model2_basis",FALSE,FALSE,"Data ends with 2 years without positive observations."
70,3700,"Kwartel","Quail",2014,2007,"index_100 = eerste analysejaar vanaf eerste positieve jaar",0.0621690939757324,0.341679516776053,6.21690939757324,"model2_basis",FALSE,FALSE,"Data ends with 2 years without positive observations."
70,3700,"Kwartel","Quail",2015,2007,"index_100 = eerste analysejaar vanaf eerste positieve jaar",0,0.386458987551442,0,"model2_basis",FALSE,FALSE,"Data ends with 2 years without positive observations."
70,3700,"Kwartel","Quail",2016,2007,"index_100 = eerste analysejaar vanaf eerste positieve jaar",0,0.360279930165432,0,"model2_basis",FALSE,FALSE,"Data ends with 2 years without positive observations."
70,3700,"Kwartel","Quail",2017,2007,"index_100 = eerste analysejaar vanaf eerste positieve jaar",0,0.335874264181087,0,"model2_basis",FALSE,FALSE,"Data ends with 2 years without positive observations."
70,3700,"Kwartel","Quail",2018,2007,"index_100 = eerste analysejaar vanaf eerste positieve jaar",0,0.31312185857088,0,"model2_basis",FALSE,FALSE,"Data ends with 2 years without positive observations."
70,3700,"Kwartel","Quail",2019,2007,"index_100 = eerste analysejaar vanaf eerste positieve jaar",0,0.29191072008429,0,"model2_basis",FALSE,FALSE,"Data ends with 2 years without positive observations."
70,3700,"Kwartel","Quail",2020,2007,"index_100 = eerste analysejaar vanaf eerste positieve jaar",1,0.72996914434723,100,"model2_basis",FALSE,FALSE,"Data ends with 2 years without positive observations."
70,3700,"Kwartel","Quail",2021,2007,"index_100 = eerste analysejaar vanaf eerste positieve jaar",0,0.253701690148509,0,"model2_basis",FALSE,FALSE,"Data ends with 2 years without positive observations."
70,3700,"Kwartel","Quail",2022,2007,"index_100 = eerste analysejaar vanaf eerste positieve jaar",0,0.236515723928894,0,"model2_basis",FALSE,FALSE,"Data ends with 2 years without positive observations."
71,3940,"Gewone Fazant","pheasant",1997,1997,"index_100 = eerste analysejaar vanaf eerste positieve jaar",1,0,100,"model2_basis",FALSE,FALSE,"Data ends with 11 years without positive observations."
71,3940,"Gewone Fazant","pheasant",1998,1997,"index_100 = eerste analysejaar vanaf eerste positieve jaar",0.908822359750138,0.179362394382189,90.8822359750138,"model2_basis",FALSE,FALSE,"Data ends with 11 years without positive observations."
71,3940,"Gewone Fazant","pheasant",1999,1997,"index_100 = eerste analysejaar vanaf eerste positieve jaar",0.431372549019608,0.132162836589142,43.1372549019608,"model2_basis",FALSE,FALSE,"Data ends with 11 years without positive observations."
71,3940,"Gewone Fazant","pheasant",2000,1997,"index_100 = eerste analysejaar vanaf eerste positieve jaar",0.443753890263866,0.115360412717739,44.3753890263866,"model2_basis",FALSE,FALSE,"Data ends with 11 years without positive observations."
71,3940,"Gewone Fazant","pheasant",2001,1997,"index_100 = eerste analysejaar vanaf eerste positieve jaar",0.431372549019608,0.114244501053504,43.1372549019608,"model2_basis",FALSE,FALSE,"Data ends with 11 years without positive observations."
71,3940,"Gewone Fazant","pheasant",2002,1997,"index_100 = eerste analysejaar vanaf eerste positieve jaar",0.392156862745098,0.103718109348427,39.2156862745098,"model2_basis",FALSE,FALSE,"Data ends with 11 years without positive observations."
71,3940,"Gewone Fazant","pheasant",2003,1997,"index_100 = eerste analysejaar vanaf eerste positieve jaar",0.384044877184114,0.0951187148172264,38.4044877184114,"model2_basis",FALSE,FALSE,"Data ends with 11 years without positive observations."
71,3940,"Gewone Fazant","pheasant",2004,1997,"index_100 = eerste analysejaar vanaf eerste positieve jaar",0.392156862745098,0.0910685261720774,39.2156862745098,"model2_basis",FALSE,FALSE,"Data ends with 11 years without positive observations."
71,3940,"Gewone Fazant","pheasant",2005,1997,"index_100 = eerste analysejaar vanaf eerste positieve jaar",0.372549019607843,0.0841089184783477,37.2549019607843,"model2_basis",FALSE,FALSE,"Data ends with 11 years without positive observations."
71,3940,"Gewone Fazant","pheasant",2006,1997,"index_100 = eerste analysejaar vanaf eerste positieve jaar",0.278964600574363,0.0707703247040101,27.8964600574363,"model2_basis",FALSE,FALSE,"Data ends with 11 years without positive observations."
71,3940,"Gewone Fazant","pheasant",2007,1997,"index_100 = eerste analysejaar vanaf eerste positieve jaar",0.261125436628905,0.0645236816273007,26.1125436628905,"model2_basis",FALSE,FALSE,"Data ends with 11 years without positive observations."
71,3940,"Gewone Fazant","pheasant",2008,1997,"index_100 = eerste analysejaar vanaf eerste positieve jaar",0.179303315765931,0.0514185610811016,17.9303315765931,"model2_basis",FALSE,FALSE,"Data ends with 11 years without positive observations."
71,3940,"Gewone Fazant","pheasant",2009,1997,"index_100 = eerste analysejaar vanaf eerste positieve jaar",0.209828365535352,0.0512183038626143,20.9828365535352,"model2_basis",FALSE,FALSE,"Data ends with 11 years without positive observations."
71,3940,"Gewone Fazant","pheasant",2010,1997,"index_100 = eerste analysejaar vanaf eerste positieve jaar",0.0614087825407356,0.0405836452201531,6.14087825407356,"model2_basis",FALSE,FALSE,"Data ends with 11 years without positive observations."
71,3940,"Gewone Fazant","pheasant",2011,1997,"index_100 = eerste analysejaar vanaf eerste positieve jaar",0.0252485405621915,0.0352970520612233,2.52485405621915,"model2_basis",FALSE,FALSE,"Data ends with 11 years without positive observations."
71,3940,"Gewone Fazant","pheasant",2012,1997,"index_100 = eerste analysejaar vanaf eerste positieve jaar",0.00636865237546024,0.0313833795920872,0.636865237546024,"model2_basis",FALSE,FALSE,"Data ends with 11 years without positive observations."
71,3940,"Gewone Fazant","pheasant",2013,1997,"index_100 = eerste analysejaar vanaf eerste positieve jaar",0.00526618781112706,0.0284609361999252,0.526618781112706,"model2_basis",FALSE,FALSE,"Data ends with 11 years without positive observations."
71,3940,"Gewone Fazant","pheasant",2014,1997,"index_100 = eerste analysejaar vanaf eerste positieve jaar",0.0043356847835685,0.0258147171272265,0.43356847835685,"model2_basis",FALSE,FALSE,"Data ends with 11 years without positive observations."
71,3940,"Gewone Fazant","pheasant",2015,1997,"index_100 = eerste analysejaar vanaf eerste positieve jaar",0.00259166122446151,0.0237774064542038,0.259166122446151,"model2_basis",FALSE,FALSE,"Data ends with 11 years without positive observations."
71,3940,"Gewone Fazant","pheasant",2016,1997,"index_100 = eerste analysejaar vanaf eerste positieve jaar",0.00232376995319327,0.0214901138868154,0.232376995319327,"model2_basis",FALSE,FALSE,"Data ends with 11 years without positive observations."
71,3940,"Gewone Fazant","pheasant",2017,1997,"index_100 = eerste analysejaar vanaf eerste positieve jaar",0.000156460558272619,0.0202779097249491,0.0156460558272619,"model2_basis",FALSE,FALSE,"Data ends with 11 years without positive observations."
71,3940,"Gewone Fazant","pheasant",2018,1997,"index_100 = eerste analysejaar vanaf eerste positieve jaar",0.00148055044866257,0.017725612031059,0.148055044866257,"model2_basis",FALSE,FALSE,"Data ends with 11 years without positive observations."
71,3940,"Gewone Fazant","pheasant",2019,1997,"index_100 = eerste analysejaar vanaf eerste positieve jaar",0.00240970469274,0.0153940901884601,0.240970469274,"model2_basis",FALSE,FALSE,"Data ends with 11 years without positive observations."
71,3940,"Gewone Fazant","pheasant",2020,1997,"index_100 = eerste analysejaar vanaf eerste positieve jaar",0.000457242536325381,0.014923089194299,0.0457242536325381,"model2_basis",FALSE,FALSE,"Data ends with 11 years without positive observations."
71,3940,"Gewone Fazant","pheasant",2021,1997,"index_100 = eerste analysejaar vanaf eerste positieve jaar",0,0.0137914539332358,0,"model2_basis",FALSE,FALSE,"Data ends with 11 years without positive observations."
71,3940,"Gewone Fazant","pheasant",2022,1997,"index_100 = eerste analysejaar vanaf eerste positieve jaar",0.00103390859124887,0.0117249957472595,0.103390859124887,"model2_basis",FALSE,FALSE,"Data ends with 11 years without positive observations."
72,4070,"Waterral","water rail",1997,1997,"index_100 = eerste analysejaar vanaf eerste positieve jaar",1,0,100,"model3_overdisp",TRUE,FALSE,NA
72,4070,"Waterral","water rail",1998,1997,"index_100 = eerste analysejaar vanaf eerste positieve jaar",1.96485453948017,1.52308477474979,196.485453948017,"model3_overdisp",TRUE,FALSE,NA
72,4070,"Waterral","water rail",1999,1997,"index_100 = eerste analysejaar vanaf eerste positieve jaar",1.63737878290014,1.31085407274206,163.737878290014,"model3_overdisp",TRUE,FALSE,NA
72,4070,"Waterral","water rail",2000,1997,"index_100 = eerste analysejaar vanaf eerste positieve jaar",3.97520821861834,2.87316832493573,397.520821861834,"model3_overdisp",TRUE,FALSE,NA
72,4070,"Waterral","water rail",2001,1997,"index_100 = eerste analysejaar vanaf eerste positieve jaar",3.92970907896034,2.78081791469577,392.970907896034,"model3_overdisp",TRUE,FALSE,NA
72,4070,"Waterral","water rail",2002,1997,"index_100 = eerste analysejaar vanaf eerste positieve jaar",4.25718483554037,2.98929531130368,425.718483554037,"model3_overdisp",TRUE,FALSE,NA
72,4070,"Waterral","water rail",2003,1997,"index_100 = eerste analysejaar vanaf eerste positieve jaar",3.35193966827701,2.41932087905997,335.193966827701,"model3_overdisp",TRUE,FALSE,NA
72,4070,"Waterral","water rail",2004,1997,"index_100 = eerste analysejaar vanaf eerste positieve jaar",4.5846605921204,3.19761656425842,458.46605921204,"model3_overdisp",TRUE,FALSE,NA
72,4070,"Waterral","water rail",2005,1997,"index_100 = eerste analysejaar vanaf eerste positieve jaar",2.61980605264023,1.94434205946904,261.980605264023,"model3_overdisp",TRUE,FALSE,NA
72,4070,"Waterral","water rail",2006,1997,"index_100 = eerste analysejaar vanaf eerste positieve jaar",3.95270578787142,2.79720985356887,395.270578787142,"model3_overdisp",TRUE,FALSE,NA
72,4070,"Waterral","water rail",2007,1997,"index_100 = eerste analysejaar vanaf eerste positieve jaar",2.66872462677242,1.980903876823,266.872462677242,"model3_overdisp",TRUE,FALSE,NA
72,4070,"Waterral","water rail",2008,1997,"index_100 = eerste analysejaar vanaf eerste positieve jaar",1.1666042808325,1.04510560360199,116.66042808325,"model3_overdisp",TRUE,FALSE,NA
72,4070,"Waterral","water rail",2009,1997,"index_100 = eerste analysejaar vanaf eerste positieve jaar",1.63737878290014,1.31085407274206,163.737878290014,"model3_overdisp",TRUE,FALSE,NA
72,4070,"Waterral","water rail",2010,1997,"index_100 = eerste analysejaar vanaf eerste positieve jaar",2.61980605264023,1.94434205946904,261.980605264023,"model3_overdisp",TRUE,FALSE,NA
72,4070,"Waterral","water rail",2011,1997,"index_100 = eerste analysejaar vanaf eerste positieve jaar",1.63737878290014,1.31085407274206,163.737878290014,"model3_overdisp",TRUE,FALSE,NA
72,4070,"Waterral","water rail",2012,1997,"index_100 = eerste analysejaar vanaf eerste positieve jaar",1,0.894988631898844,100,"model3_overdisp",TRUE,FALSE,NA
72,4070,"Waterral","water rail",2013,1997,"index_100 = eerste analysejaar vanaf eerste positieve jaar",0.654951513160056,0.655403851807778,65.4951513160056,"model3_overdisp",TRUE,FALSE,NA
72,4070,"Waterral","water rail",2014,1997,"index_100 = eerste analysejaar vanaf eerste positieve jaar",2.2923302960602,1.73411738716653,229.23302960602,"model3_overdisp",TRUE,FALSE,NA
72,4070,"Waterral","water rail",2015,1997,"index_100 = eerste analysejaar vanaf eerste positieve jaar",1.96485453948017,1.52308477474979,196.485453948017,"model3_overdisp",TRUE,FALSE,NA
72,4070,"Waterral","water rail",2016,1997,"index_100 = eerste analysejaar vanaf eerste positieve jaar",1.30990302632011,1.09672996645605,130.990302632011,"model3_overdisp",TRUE,FALSE,NA
72,4070,"Waterral","water rail",2017,1997,"index_100 = eerste analysejaar vanaf eerste positieve jaar",1.30990302632011,1.09672996645605,130.990302632011,"model3_overdisp",TRUE,FALSE,NA
72,4070,"Waterral","water rail",2018,1997,"index_100 = eerste analysejaar vanaf eerste positieve jaar",2.33333333333333,1.76494138376025,233.333333333333,"model3_overdisp",TRUE,FALSE,NA
72,4070,"Waterral","water rail",2019,1997,"index_100 = eerste analysejaar vanaf eerste positieve jaar",2.94728180922025,2.15399536357807,294.728180922025,"model3_overdisp",TRUE,FALSE,NA
72,4070,"Waterral","water rail",2020,1997,"index_100 = eerste analysejaar vanaf eerste positieve jaar",0.982427269740085,0.879330363952798,98.2427269740085,"model3_overdisp",TRUE,FALSE,NA
72,4070,"Waterral","water rail",2021,1997,"index_100 = eerste analysejaar vanaf eerste positieve jaar",3.27475756580028,2.36322937074668,327.475756580028,"model3_overdisp",TRUE,FALSE,NA
72,4070,"Waterral","water rail",2022,1997,"index_100 = eerste analysejaar vanaf eerste positieve jaar",1.1666042808325,1.04510560360199,116.66042808325,"model3_overdisp",TRUE,FALSE,NA
77,4240,"Waterhoen","moorhen",1997,1997,"index_100 = eerste analysejaar vanaf eerste positieve jaar",1,0,100,"model3_overdisp",TRUE,FALSE,"Overdispersion 0.9 <1; consider setting overdisp=FALSE"
77,4240,"Waterhoen","moorhen",1998,1997,"index_100 = eerste analysejaar vanaf eerste positieve jaar",0.900390015497444,0.216328259154869,90.0390015497444,"model3_overdisp",TRUE,FALSE,"Overdispersion 0.9 <1; consider setting overdisp=FALSE"
77,4240,"Waterhoen","moorhen",1999,1997,"index_100 = eerste analysejaar vanaf eerste positieve jaar",0.956664391466034,0.22634706070541,95.6664391466034,"model3_overdisp",TRUE,FALSE,"Overdispersion 0.9 <1; consider setting overdisp=FALSE"
77,4240,"Waterhoen","moorhen",2000,1997,"index_100 = eerste analysejaar vanaf eerste positieve jaar",0.709102311628536,0.199298054346838,70.9102311628536,"model3_overdisp",TRUE,FALSE,"Overdispersion 0.9 <1; consider setting overdisp=FALSE"
77,4240,"Waterhoen","moorhen",2001,1997,"index_100 = eerste analysejaar vanaf eerste positieve jaar",0.57172539432755,0.157179429286041,57.172539432755,"model3_overdisp",TRUE,FALSE,"Overdispersion 0.9 <1; consider setting overdisp=FALSE"
77,4240,"Waterhoen","moorhen",2002,1997,"index_100 = eerste analysejaar vanaf eerste positieve jaar",0.657484203476682,0.173193162407311,65.7484203476682,"model3_overdisp",TRUE,FALSE,"Overdispersion 0.9 <1; consider setting overdisp=FALSE"
77,4240,"Waterhoen","moorhen",2003,1997,"index_100 = eerste analysejaar vanaf eerste positieve jaar",0.603325984003957,0.163372239558094,60.3325984003957,"model3_overdisp",TRUE,FALSE,"Overdispersion 0.9 <1; consider setting overdisp=FALSE"
77,4240,"Waterhoen","moorhen",2004,1997,"index_100 = eerste analysejaar vanaf eerste positieve jaar",0.619018135654493,0.165189603209222,61.9018135654493,"model3_overdisp",TRUE,FALSE,"Overdispersion 0.9 <1; consider setting overdisp=FALSE"
77,4240,"Waterhoen","moorhen",2005,1997,"index_100 = eerste analysejaar vanaf eerste positieve jaar",0.534606571701607,0.149334053767723,53.4606571701607,"model3_overdisp",TRUE,FALSE,"Overdispersion 0.9 <1; consider setting overdisp=FALSE"
77,4240,"Waterhoen","moorhen",2006,1997,"index_100 = eerste analysejaar vanaf eerste positieve jaar",0.535980078538687,0.149724331355144,53.5980078538687,"model3_overdisp",TRUE,FALSE,"Overdispersion 0.9 <1; consider setting overdisp=FALSE"
77,4240,"Waterhoen","moorhen",2007,1997,"index_100 = eerste analysejaar vanaf eerste positieve jaar",0.356258886971538,0.116719867313559,35.6258886971538,"model3_overdisp",TRUE,FALSE,"Overdispersion 0.9 <1; consider setting overdisp=FALSE"
77,4240,"Waterhoen","moorhen",2008,1997,"index_100 = eerste analysejaar vanaf eerste positieve jaar",0.622216696177638,0.177623583764505,62.2216696177638,"model3_overdisp",TRUE,FALSE,"Overdispersion 0.9 <1; consider setting overdisp=FALSE"
77,4240,"Waterhoen","moorhen",2009,1997,"index_100 = eerste analysejaar vanaf eerste positieve jaar",0.225097503874361,0.0862285718315908,22.5097503874361,"model3_overdisp",TRUE,FALSE,"Overdispersion 0.9 <1; consider setting overdisp=FALSE"
77,4240,"Waterhoen","moorhen",2010,1997,"index_100 = eerste analysejaar vanaf eerste positieve jaar",0.309509067827246,0.104673412963295,30.9509067827246,"model3_overdisp",TRUE,FALSE,"Overdispersion 0.9 <1; consider setting overdisp=FALSE"
77,4240,"Waterhoen","moorhen",2011,1997,"index_100 = eerste analysejaar vanaf eerste positieve jaar",0.0281371879842951,0.0278201077715608,2.81371879842951,"model3_overdisp",TRUE,FALSE,"Overdispersion 0.9 <1; consider setting overdisp=FALSE"
77,4240,"Waterhoen","moorhen",2012,1997,"index_100 = eerste analysejaar vanaf eerste positieve jaar",0.117647058823529,0.0605981399706831,11.7647058823529,"model3_overdisp",TRUE,FALSE,"Overdispersion 0.9 <1; consider setting overdisp=FALSE"
77,4240,"Waterhoen","moorhen",2013,1997,"index_100 = eerste analysejaar vanaf eerste positieve jaar",0.116038940854462,0.0597930298321835,11.6038940854462,"model3_overdisp",TRUE,FALSE,"Overdispersion 0.9 <1; consider setting overdisp=FALSE"
77,4240,"Waterhoen","moorhen",2014,1997,"index_100 = eerste analysejaar vanaf eerste positieve jaar",0.174058411281694,0.0751460221792858,17.4058411281694,"model3_overdisp",TRUE,FALSE,"Overdispersion 0.9 <1; consider setting overdisp=FALSE"
77,4240,"Waterhoen","moorhen",2015,1997,"index_100 = eerste analysejaar vanaf eerste positieve jaar",0.11254875193718,0.0579856931158932,11.254875193718,"model3_overdisp",TRUE,FALSE,"Overdispersion 0.9 <1; consider setting overdisp=FALSE"
77,4240,"Waterhoen","moorhen",2016,1997,"index_100 = eerste analysejaar vanaf eerste positieve jaar",0.337646255811541,0.110539938402171,33.7646255811541,"model3_overdisp",TRUE,FALSE,"Overdispersion 0.9 <1; consider setting overdisp=FALSE"
77,4240,"Waterhoen","moorhen",2017,1997,"index_100 = eerste analysejaar vanaf eerste positieve jaar",0.225097503874361,0.0862285718315908,22.5097503874361,"model3_overdisp",TRUE,FALSE,"Overdispersion 0.9 <1; consider setting overdisp=FALSE"
77,4240,"Waterhoen","moorhen",2018,1997,"index_100 = eerste analysejaar vanaf eerste positieve jaar",0.217775346066088,0.0881206117714192,21.7775346066088,"model3_overdisp",TRUE,FALSE,"Overdispersion 0.9 <1; consider setting overdisp=FALSE"
77,4240,"Waterhoen","moorhen",2019,1997,"index_100 = eerste analysejaar vanaf eerste positieve jaar",0.441176470588235,0.133254280750121,44.1176470588235,"model3_overdisp",TRUE,FALSE,"Overdispersion 0.9 <1; consider setting overdisp=FALSE"
77,4240,"Waterhoen","moorhen",2020,1997,"index_100 = eerste analysejaar vanaf eerste positieve jaar",0.590880947670197,0.159940213956464,59.0880947670197,"model3_overdisp",TRUE,FALSE,"Overdispersion 0.9 <1; consider setting overdisp=FALSE"
77,4240,"Waterhoen","moorhen",2021,1997,"index_100 = eerste analysejaar vanaf eerste positieve jaar",0.281371879842951,0.0986832641208931,28.1371879842951,"model3_overdisp",TRUE,FALSE,"Overdispersion 0.9 <1; consider setting overdisp=FALSE"
77,4240,"Waterhoen","moorhen",2022,1997,"index_100 = eerste analysejaar vanaf eerste positieve jaar",0.272125362771062,0.104464986684011,27.2125362771062,"model3_overdisp",TRUE,FALSE,"Overdispersion 0.9 <1; consider setting overdisp=FALSE"
78,4290,"Meerkoet","Eurasian coot",1997,1997,"index_100 = eerste analysejaar vanaf eerste positieve jaar",1,0,100,"model3_overdisp",TRUE,FALSE,NA
78,4290,"Meerkoet","Eurasian coot",1998,1997,"index_100 = eerste analysejaar vanaf eerste positieve jaar",1.00505050505051,0.111951959687301,100.505050505051,"model3_overdisp",TRUE,FALSE,NA
78,4290,"Meerkoet","Eurasian coot",1999,1997,"index_100 = eerste analysejaar vanaf eerste positieve jaar",1.01010101010101,0.112374155879586,101.010101010101,"model3_overdisp",TRUE,FALSE,NA
78,4290,"Meerkoet","Eurasian coot",2000,1997,"index_100 = eerste analysejaar vanaf eerste positieve jaar",0.97077980116074,0.113229191110265,97.077980116074,"model3_overdisp",TRUE,FALSE,NA
78,4290,"Meerkoet","Eurasian coot",2001,1997,"index_100 = eerste analysejaar vanaf eerste positieve jaar",0.935297169386998,0.106131779784724,93.5297169386998,"model3_overdisp",TRUE,FALSE,NA
78,4290,"Meerkoet","Eurasian coot",2002,1997,"index_100 = eerste analysejaar vanaf eerste positieve jaar",0.910018867511674,0.104002133019232,91.0018867511674,"model3_overdisp",TRUE,FALSE,NA
78,4290,"Meerkoet","Eurasian coot",2003,1997,"index_100 = eerste analysejaar vanaf eerste positieve jaar",0.777777777777778,0.0927345568087273,77.7777777777778,"model3_overdisp",TRUE,FALSE,NA
78,4290,"Meerkoet","Eurasian coot",2004,1997,"index_100 = eerste analysejaar vanaf eerste positieve jaar",0.813131313131313,0.0957568984503968,81.3131313131313,"model3_overdisp",TRUE,FALSE,NA
78,4290,"Meerkoet","Eurasian coot",2005,1997,"index_100 = eerste analysejaar vanaf eerste positieve jaar",0.737373737373737,0.0892617830352449,73.7373737373737,"model3_overdisp",TRUE,FALSE,NA
78,4290,"Meerkoet","Eurasian coot",2006,1997,"index_100 = eerste analysejaar vanaf eerste positieve jaar",0.773392131837495,0.0923819897467347,77.3392131837495,"model3_overdisp",TRUE,FALSE,NA
78,4290,"Meerkoet","Eurasian coot",2007,1997,"index_100 = eerste analysejaar vanaf eerste positieve jaar",0.778900894282321,0.0939721334251818,77.8900894282321,"model3_overdisp",TRUE,FALSE,NA
78,4290,"Meerkoet","Eurasian coot",2008,1997,"index_100 = eerste analysejaar vanaf eerste positieve jaar",0.72357534812109,0.0905361614660504,72.357534812109,"model3_overdisp",TRUE,FALSE,NA
78,4290,"Meerkoet","Eurasian coot",2009,1997,"index_100 = eerste analysejaar vanaf eerste positieve jaar",0.681818181818182,0.0844498552666847,68.1818181818182,"model3_overdisp",TRUE,FALSE,NA
78,4290,"Meerkoet","Eurasian coot",2010,1997,"index_100 = eerste analysejaar vanaf eerste positieve jaar",0.580808080808081,0.0755667940581813,58.0808080808081,"model3_overdisp",TRUE,FALSE,NA
78,4290,"Meerkoet","Eurasian coot",2011,1997,"index_100 = eerste analysejaar vanaf eerste positieve jaar",0.560606060606061,0.0737650494184365,56.0606060606061,"model3_overdisp",TRUE,FALSE,NA
78,4290,"Meerkoet","Eurasian coot",2012,1997,"index_100 = eerste analysejaar vanaf eerste positieve jaar",0.50271747857563,0.0712696738714176,50.271747857563,"model3_overdisp",TRUE,FALSE,NA
78,4290,"Meerkoet","Eurasian coot",2013,1997,"index_100 = eerste analysejaar vanaf eerste positieve jaar",0.417760157815714,0.060884392931512,41.7760157815714,"model3_overdisp",TRUE,FALSE,NA
78,4290,"Meerkoet","Eurasian coot",2014,1997,"index_100 = eerste analysejaar vanaf eerste positieve jaar",0.48908506280864,0.0675045385814328,48.908506280864,"model3_overdisp",TRUE,FALSE,NA
78,4290,"Meerkoet","Eurasian coot",2015,1997,"index_100 = eerste analysejaar vanaf eerste positieve jaar",0.545454545454546,0.0724073243801737,54.5454545454546,"model3_overdisp",TRUE,FALSE,NA
78,4290,"Meerkoet","Eurasian coot",2016,1997,"index_100 = eerste analysejaar vanaf eerste positieve jaar",0.616161616161616,0.0786982025163567,61.6161616161616,"model3_overdisp",TRUE,FALSE,NA
78,4290,"Meerkoet","Eurasian coot",2017,1997,"index_100 = eerste analysejaar vanaf eerste positieve jaar",0.747474747474748,0.0901319600830288,74.7474747474748,"model3_overdisp",TRUE,FALSE,NA
78,4290,"Meerkoet","Eurasian coot",2018,1997,"index_100 = eerste analysejaar vanaf eerste positieve jaar",0.530960033551789,0.0738825143402878,53.0960033551789,"model3_overdisp",TRUE,FALSE,NA
78,4290,"Meerkoet","Eurasian coot",2019,1997,"index_100 = eerste analysejaar vanaf eerste positieve jaar",0.601010101010101,0.0773593871223044,60.1010101010101,"model3_overdisp",TRUE,FALSE,NA
78,4290,"Meerkoet","Eurasian coot",2020,1997,"index_100 = eerste analysejaar vanaf eerste positieve jaar",0.621212121212121,0.0791434504607,62.1212121212121,"model3_overdisp",TRUE,FALSE,NA
78,4290,"Meerkoet","Eurasian coot",2021,1997,"index_100 = eerste analysejaar vanaf eerste positieve jaar",0.54040404040404,0.0719534657286009,54.040404040404,"model3_overdisp",TRUE,FALSE,NA
78,4290,"Meerkoet","Eurasian coot",2022,1997,"index_100 = eerste analysejaar vanaf eerste positieve jaar",0.527402209591354,0.0731169577730218,52.7402209591354,"model3_overdisp",TRUE,FALSE,NA
80,4500,"Scholekster","oystercatcher",1997,1997,"index_100 = eerste analysejaar vanaf eerste positieve jaar",1,0,100,"model2_basis",FALSE,FALSE,"Data ends with 17 years without positive observations."
80,4500,"Scholekster","oystercatcher",1998,1997,"index_100 = eerste analysejaar vanaf eerste positieve jaar",0.25,0.451176332445902,25,"model2_basis",FALSE,FALSE,"Data ends with 17 years without positive observations."
80,4500,"Scholekster","oystercatcher",1999,1997,"index_100 = eerste analysejaar vanaf eerste positieve jaar",0.25,0.400736377985018,25,"model2_basis",FALSE,FALSE,"Data ends with 17 years without positive observations."
80,4500,"Scholekster","oystercatcher",2000,1997,"index_100 = eerste analysejaar vanaf eerste positieve jaar",0.5,0.416139288502952,50,"model2_basis",FALSE,FALSE,"Data ends with 17 years without positive observations."
80,4500,"Scholekster","oystercatcher",2001,1997,"index_100 = eerste analysejaar vanaf eerste positieve jaar",1,0.574947007166085,100,"model2_basis",FALSE,FALSE,"Data ends with 17 years without positive observations."
80,4500,"Scholekster","oystercatcher",2002,1997,"index_100 = eerste analysejaar vanaf eerste positieve jaar",0.5,0.357517194143979,50,"model2_basis",FALSE,FALSE,"Data ends with 17 years without positive observations."
80,4500,"Scholekster","oystercatcher",2003,1997,"index_100 = eerste analysejaar vanaf eerste positieve jaar",0.25,0.25850176542827,25,"model2_basis",FALSE,FALSE,"Data ends with 17 years without positive observations."
80,4500,"Scholekster","oystercatcher",2004,1997,"index_100 = eerste analysejaar vanaf eerste positieve jaar",0.25,0.234637052054538,25,"model2_basis",FALSE,FALSE,"Data ends with 17 years without positive observations."
80,4500,"Scholekster","oystercatcher",2005,1997,"index_100 = eerste analysejaar vanaf eerste positieve jaar",0.25,0.21440941005309,25,"model2_basis",FALSE,FALSE,"Data ends with 17 years without positive observations."
80,4500,"Scholekster","oystercatcher",2006,1997,"index_100 = eerste analysejaar vanaf eerste positieve jaar",0.00567678434158966,0.149951373732217,0.567678434158966,"model2_basis",FALSE,FALSE,"Data ends with 17 years without positive observations."
80,4500,"Scholekster","oystercatcher",2007,1997,"index_100 = eerste analysejaar vanaf eerste positieve jaar",0,0.135281334370599,0,"model2_basis",FALSE,FALSE,"Data ends with 17 years without positive observations."
80,4500,"Scholekster","oystercatcher",2008,1997,"index_100 = eerste analysejaar vanaf eerste positieve jaar",0,0.118848427853848,0,"model2_basis",FALSE,FALSE,"Data ends with 17 years without positive observations."
80,4500,"Scholekster","oystercatcher",2009,1997,"index_100 = eerste analysejaar vanaf eerste positieve jaar",0,0.10441166084773,0,"model2_basis",FALSE,FALSE,"Data ends with 17 years without positive observations."
80,4500,"Scholekster","oystercatcher",2010,1997,"index_100 = eerste analysejaar vanaf eerste positieve jaar",0,0.0917285581125878,0,"model2_basis",FALSE,FALSE,"Data ends with 17 years without positive observations."
80,4500,"Scholekster","oystercatcher",2011,1997,"index_100 = eerste analysejaar vanaf eerste positieve jaar",0,0.0805860983830651,0,"model2_basis",FALSE,FALSE,"Data ends with 17 years without positive observations."
80,4500,"Scholekster","oystercatcher",2012,1997,"index_100 = eerste analysejaar vanaf eerste positieve jaar",0,0.070797136532269,0,"model2_basis",FALSE,FALSE,"Data ends with 17 years without positive observations."
80,4500,"Scholekster","oystercatcher",2013,1997,"index_100 = eerste analysejaar vanaf eerste positieve jaar",0.00911434192466751,0.0421916492906016,0.911434192466751,"model2_basis",FALSE,FALSE,"Data ends with 17 years without positive observations."
80,4500,"Scholekster","oystercatcher",2014,1997,"index_100 = eerste analysejaar vanaf eerste positieve jaar",0.00703455197508353,0.0368183120252494,0.703455197508353,"model2_basis",FALSE,FALSE,"Data ends with 17 years without positive observations."
80,4500,"Scholekster","oystercatcher",2015,1997,"index_100 = eerste analysejaar vanaf eerste positieve jaar",0,0.0480045475809295,0,"model2_basis",FALSE,FALSE,"Data ends with 17 years without positive observations."
80,4500,"Scholekster","oystercatcher",2016,1997,"index_100 = eerste analysejaar vanaf eerste positieve jaar",0,0.0421733348238519,0,"model2_basis",FALSE,FALSE,"Data ends with 17 years without positive observations."
80,4500,"Scholekster","oystercatcher",2017,1997,"index_100 = eerste analysejaar vanaf eerste positieve jaar",0,0.0370504516716096,0,"model2_basis",FALSE,FALSE,"Data ends with 17 years without positive observations."
80,4500,"Scholekster","oystercatcher",2018,1997,"index_100 = eerste analysejaar vanaf eerste positieve jaar",0,0.0325498558462089,0,"model2_basis",FALSE,FALSE,"Data ends with 17 years without positive observations."
80,4500,"Scholekster","oystercatcher",2019,1997,"index_100 = eerste analysejaar vanaf eerste positieve jaar",0,0.0285959568050511,0,"model2_basis",FALSE,FALSE,"Data ends with 17 years without positive observations."
80,4500,"Scholekster","oystercatcher",2020,1997,"index_100 = eerste analysejaar vanaf eerste positieve jaar",0,0.025122346146783,0,"model2_basis",FALSE,FALSE,"Data ends with 17 years without positive observations."
80,4500,"Scholekster","oystercatcher",2021,1997,"index_100 = eerste analysejaar vanaf eerste positieve jaar",0,0.0220706822374029,0,"model2_basis",FALSE,FALSE,"Data ends with 17 years without positive observations."
80,4500,"Scholekster","oystercatcher",2022,1997,"index_100 = eerste analysejaar vanaf eerste positieve jaar",0,0.0193897103231653,0,"model2_basis",FALSE,FALSE,"Data ends with 17 years without positive observations."
84,4690,"Kleine Plevier","little ringed plover",1997,1997,"index_100 = eerste analysejaar vanaf eerste positieve jaar",1,0,100,"model2_basis",FALSE,FALSE,NA
84,4690,"Kleine Plevier","little ringed plover",1998,1997,"index_100 = eerste analysejaar vanaf eerste positieve jaar",0.25,0.214435488226274,25,"model2_basis",FALSE,FALSE,NA
84,4690,"Kleine Plevier","little ringed plover",1999,1997,"index_100 = eerste analysejaar vanaf eerste positieve jaar",0.25,0.223511968013412,25,"model2_basis",FALSE,FALSE,NA
84,4690,"Kleine Plevier","little ringed plover",2000,1997,"index_100 = eerste analysejaar vanaf eerste positieve jaar",0.774889004060819,0.26394420729878,77.4889004060819,"model2_basis",FALSE,FALSE,NA
84,4690,"Kleine Plevier","little ringed plover",2001,1997,"index_100 = eerste analysejaar vanaf eerste positieve jaar",0.258016442155175,0.239572781034725,25.8016442155175,"model2_basis",FALSE,FALSE,NA
84,4690,"Kleine Plevier","little ringed plover",2002,1997,"index_100 = eerste analysejaar vanaf eerste positieve jaar",0.00874911836408763,0.244559554344197,0.874911836408763,"model2_basis",FALSE,FALSE,NA
84,4690,"Kleine Plevier","little ringed plover",2003,1997,"index_100 = eerste analysejaar vanaf eerste positieve jaar",0.0180387086854689,0.251729549558739,1.80387086854689,"model2_basis",FALSE,FALSE,NA
84,4690,"Kleine Plevier","little ringed plover",2004,1997,"index_100 = eerste analysejaar vanaf eerste positieve jaar",0,0.271114284194123,0,"model2_basis",FALSE,FALSE,NA
84,4690,"Kleine Plevier","little ringed plover",2005,1997,"index_100 = eerste analysejaar vanaf eerste positieve jaar",0.5,0.300305406258435,50,"model2_basis",FALSE,FALSE,NA
84,4690,"Kleine Plevier","little ringed plover",2006,1997,"index_100 = eerste analysejaar vanaf eerste positieve jaar",0.0117890839046753,0.291346932613421,1.17890839046753,"model2_basis",FALSE,FALSE,NA
84,4690,"Kleine Plevier","little ringed plover",2007,1997,"index_100 = eerste analysejaar vanaf eerste positieve jaar",0.0196157874197433,0.301792725490707,1.96157874197433,"model2_basis",FALSE,FALSE,NA
84,4690,"Kleine Plevier","little ringed plover",2008,1997,"index_100 = eerste analysejaar vanaf eerste positieve jaar",0.264786318786443,0.321884052016551,26.4786318786443,"model2_basis",FALSE,FALSE,NA
84,4690,"Kleine Plevier","little ringed plover",2009,1997,"index_100 = eerste analysejaar vanaf eerste positieve jaar",0.5,0.351827072229869,50,"model2_basis",FALSE,FALSE,NA
84,4690,"Kleine Plevier","little ringed plover",2010,1997,"index_100 = eerste analysejaar vanaf eerste positieve jaar",0,0.352452249225587,0,"model2_basis",FALSE,FALSE,NA
84,4690,"Kleine Plevier","little ringed plover",2011,1997,"index_100 = eerste analysejaar vanaf eerste positieve jaar",0,0.368206627140146,0,"model2_basis",FALSE,FALSE,NA
84,4690,"Kleine Plevier","little ringed plover",2012,1997,"index_100 = eerste analysejaar vanaf eerste positieve jaar",0.25,0.387889084237605,25,"model2_basis",FALSE,FALSE,NA
84,4690,"Kleine Plevier","little ringed plover",2013,1997,"index_100 = eerste analysejaar vanaf eerste positieve jaar",0.296631790374046,0.392172452885844,29.6631790374046,"model2_basis",FALSE,FALSE,NA
84,4690,"Kleine Plevier","little ringed plover",2014,1997,"index_100 = eerste analysejaar vanaf eerste positieve jaar",0.300893781257873,0.409502202782441,30.0893781257873,"model2_basis",FALSE,FALSE,NA
84,4690,"Kleine Plevier","little ringed plover",2015,1997,"index_100 = eerste analysejaar vanaf eerste positieve jaar",1,0.481881061528934,100,"model2_basis",FALSE,FALSE,NA
84,4690,"Kleine Plevier","little ringed plover",2016,1997,"index_100 = eerste analysejaar vanaf eerste positieve jaar",1.25,0.52173355844443,125,"model2_basis",FALSE,FALSE,NA
84,4690,"Kleine Plevier","little ringed plover",2017,1997,"index_100 = eerste analysejaar vanaf eerste positieve jaar",1.25,0.539809018291969,125,"model2_basis",FALSE,FALSE,NA
84,4690,"Kleine Plevier","little ringed plover",2018,1997,"index_100 = eerste analysejaar vanaf eerste positieve jaar",1,0.53844203831515,100,"model2_basis",FALSE,FALSE,NA
84,4690,"Kleine Plevier","little ringed plover",2019,1997,"index_100 = eerste analysejaar vanaf eerste positieve jaar",1.75,0.628462932354455,175,"model2_basis",FALSE,FALSE,NA
84,4690,"Kleine Plevier","little ringed plover",2020,1997,"index_100 = eerste analysejaar vanaf eerste positieve jaar",1.75,0.648004744631656,175,"model2_basis",FALSE,FALSE,NA
84,4690,"Kleine Plevier","little ringed plover",2021,1997,"index_100 = eerste analysejaar vanaf eerste positieve jaar",1,0.604106136726288,100,"model2_basis",FALSE,FALSE,NA
84,4690,"Kleine Plevier","little ringed plover",2022,1997,"index_100 = eerste analysejaar vanaf eerste positieve jaar",1.5,0.666685122591542,150,"model2_basis",FALSE,FALSE,NA
88,4930,"Kievit","lapwing",1997,1997,"index_100 = eerste analysejaar vanaf eerste positieve jaar",1,0,100,"model3_overdisp",TRUE,FALSE,"Overdispersion 1.0 <1; consider setting overdisp=FALSE"
88,4930,"Kievit","lapwing",1998,1997,"index_100 = eerste analysejaar vanaf eerste positieve jaar",0.916666666666667,0.379508642283038,91.6666666666667,"model3_overdisp",TRUE,FALSE,"Overdispersion 1.0 <1; consider setting overdisp=FALSE"
88,4930,"Kievit","lapwing",1999,1997,"index_100 = eerste analysejaar vanaf eerste positieve jaar",1.41666666666667,0.529766960164706,141.666666666667,"model3_overdisp",TRUE,FALSE,"Overdispersion 1.0 <1; consider setting overdisp=FALSE"
88,4930,"Kievit","lapwing",2000,1997,"index_100 = eerste analysejaar vanaf eerste positieve jaar",2.08333333333333,0.725658482075765,208.333333333333,"model3_overdisp",TRUE,FALSE,"Overdispersion 1.0 <1; consider setting overdisp=FALSE"
88,4930,"Kievit","lapwing",2001,1997,"index_100 = eerste analysejaar vanaf eerste positieve jaar",1.33333333333333,0.505010510148709,133.333333333333,"model3_overdisp",TRUE,FALSE,"Overdispersion 1.0 <1; consider setting overdisp=FALSE"
88,4930,"Kievit","lapwing",2002,1997,"index_100 = eerste analysejaar vanaf eerste positieve jaar",1.16666666666667,0.455210322247349,116.666666666667,"model3_overdisp",TRUE,FALSE,"Overdispersion 1.0 <1; consider setting overdisp=FALSE"
88,4930,"Kievit","lapwing",2003,1997,"index_100 = eerste analysejaar vanaf eerste positieve jaar",1.25404231671793,0.481732772250353,125.404231671793,"model3_overdisp",TRUE,FALSE,"Overdispersion 1.0 <1; consider setting overdisp=FALSE"
88,4930,"Kievit","lapwing",2004,1997,"index_100 = eerste analysejaar vanaf eerste positieve jaar",0.833333333333333,0.353893633697686,83.3333333333333,"model3_overdisp",TRUE,FALSE,"Overdispersion 1.0 <1; consider setting overdisp=FALSE"
88,4930,"Kievit","lapwing",2005,1997,"index_100 = eerste analysejaar vanaf eerste positieve jaar",1.08333333333333,0.43013332389145,108.333333333333,"model3_overdisp",TRUE,FALSE,"Overdispersion 1.0 <1; consider setting overdisp=FALSE"
88,4930,"Kievit","lapwing",2006,1997,"index_100 = eerste analysejaar vanaf eerste positieve jaar",0.918051217404291,0.390216462752523,91.8051217404291,"model3_overdisp",TRUE,FALSE,"Overdispersion 1.0 <1; consider setting overdisp=FALSE"
88,4930,"Kievit","lapwing",2007,1997,"index_100 = eerste analysejaar vanaf eerste positieve jaar",1.08333333333333,0.43013332389145,108.333333333333,"model3_overdisp",TRUE,FALSE,"Overdispersion 1.0 <1; consider setting overdisp=FALSE"
88,4930,"Kievit","lapwing",2008,1997,"index_100 = eerste analysejaar vanaf eerste positieve jaar",0.916666666666667,0.379508642283038,91.6666666666667,"model3_overdisp",TRUE,FALSE,"Overdispersion 1.0 <1; consider setting overdisp=FALSE"
88,4930,"Kievit","lapwing",2009,1997,"index_100 = eerste analysejaar vanaf eerste positieve jaar",0.916666666666667,0.379508642283038,91.6666666666667,"model3_overdisp",TRUE,FALSE,"Overdispersion 1.0 <1; consider setting overdisp=FALSE"
88,4930,"Kievit","lapwing",2010,1997,"index_100 = eerste analysejaar vanaf eerste positieve jaar",0.75,0.328013948225191,75,"model3_overdisp",TRUE,FALSE,"Overdispersion 1.0 <1; consider setting overdisp=FALSE"
88,4930,"Kievit","lapwing",2011,1997,"index_100 = eerste analysejaar vanaf eerste positieve jaar",1,0.404909208363513,100,"model3_overdisp",TRUE,FALSE,"Overdispersion 1.0 <1; consider setting overdisp=FALSE"
88,4930,"Kievit","lapwing",2012,1997,"index_100 = eerste analysejaar vanaf eerste positieve jaar",0.916666666666667,0.379508642283038,91.6666666666667,"model3_overdisp",TRUE,FALSE,"Overdispersion 1.0 <1; consider setting overdisp=FALSE"
88,4930,"Kievit","lapwing",2013,1997,"index_100 = eerste analysejaar vanaf eerste positieve jaar",0.866157908909691,0.410045275496606,86.6157908909691,"model3_overdisp",TRUE,FALSE,"Overdispersion 1.0 <1; consider setting overdisp=FALSE"
88,4930,"Kievit","lapwing",2014,1997,"index_100 = eerste analysejaar vanaf eerste positieve jaar",1.48484212955947,0.604168662107417,148.484212955947,"model3_overdisp",TRUE,FALSE,"Overdispersion 1.0 <1; consider setting overdisp=FALSE"
88,4930,"Kievit","lapwing",2015,1997,"index_100 = eerste analysejaar vanaf eerste positieve jaar",1.25,0.48016325400165,125,"model3_overdisp",TRUE,FALSE,"Overdispersion 1.0 <1; consider setting overdisp=FALSE"
88,4930,"Kievit","lapwing",2016,1997,"index_100 = eerste analysejaar vanaf eerste positieve jaar",1.08333333333333,0.43013332389145,108.333333333333,"model3_overdisp",TRUE,FALSE,"Overdispersion 1.0 <1; consider setting overdisp=FALSE"
88,4930,"Kievit","lapwing",2017,1997,"index_100 = eerste analysejaar vanaf eerste positieve jaar",1.25,0.48016325400165,125,"model3_overdisp",TRUE,FALSE,"Overdispersion 1.0 <1; consider setting overdisp=FALSE"
88,4930,"Kievit","lapwing",2018,1997,"index_100 = eerste analysejaar vanaf eerste positieve jaar",0.833333333333333,0.353893633697686,83.3333333333333,"model3_overdisp",TRUE,FALSE,"Overdispersion 1.0 <1; consider setting overdisp=FALSE"
88,4930,"Kievit","lapwing",2019,1997,"index_100 = eerste analysejaar vanaf eerste positieve jaar",1,0.404909208363513,100,"model3_overdisp",TRUE,FALSE,"Overdispersion 1.0 <1; consider setting overdisp=FALSE"
88,4930,"Kievit","lapwing",2020,1997,"index_100 = eerste analysejaar vanaf eerste positieve jaar",0.75,0.328013948225191,75,"model3_overdisp",TRUE,FALSE,"Overdispersion 1.0 <1; consider setting overdisp=FALSE"
88,4930,"Kievit","lapwing",2021,1997,"index_100 = eerste analysejaar vanaf eerste positieve jaar",0.333333333333333,0.190876031332478,33.3333333333333,"model3_overdisp",TRUE,FALSE,"Overdispersion 1.0 <1; consider setting overdisp=FALSE"
88,4930,"Kievit","lapwing",2022,1997,"index_100 = eerste analysejaar vanaf eerste positieve jaar",0.666666666666667,0.301801504872147,66.6666666666667,"model3_overdisp",TRUE,FALSE,"Overdispersion 1.0 <1; consider setting overdisp=FALSE"
94,5290,"Houtsnip","Woodcock",1998,1998,"index_100 = eerste analysejaar vanaf eerste positieve jaar",1,0,100,"model2_basis",FALSE,FALSE,NA
94,5290,"Houtsnip","Woodcock",1999,1998,"index_100 = eerste analysejaar vanaf eerste positieve jaar",0.922508610766465,1.35264123930248,92.2508610766465,"model2_basis",FALSE,FALSE,NA
94,5290,"Houtsnip","Woodcock",2000,1998,"index_100 = eerste analysejaar vanaf eerste positieve jaar",1.04056911972208,1.39605746002547,104.056911972208,"model2_basis",FALSE,FALSE,NA
94,5290,"Houtsnip","Woodcock",2001,1998,"index_100 = eerste analysejaar vanaf eerste positieve jaar",1.96476881386843,2.14289513453837,196.476881386843,"model2_basis",FALSE,FALSE,NA
94,5290,"Houtsnip","Woodcock",2002,1998,"index_100 = eerste analysejaar vanaf eerste positieve jaar",0.121466898573843,0.994666743067038,12.1466898573843,"model2_basis",FALSE,FALSE,NA
94,5290,"Houtsnip","Woodcock",2003,1998,"index_100 = eerste analysejaar vanaf eerste positieve jaar",0.0344702331978485,1.03097831772558,3.44702331978485,"model2_basis",FALSE,FALSE,NA
94,5290,"Houtsnip","Woodcock",2004,1998,"index_100 = eerste analysejaar vanaf eerste positieve jaar",0.922508610766465,1.38226167307543,92.2508610766465,"model2_basis",FALSE,FALSE,NA
94,5290,"Houtsnip","Woodcock",2005,1998,"index_100 = eerste analysejaar vanaf eerste positieve jaar",0.922508610766465,1.38838308527256,92.2508610766465,"model2_basis",FALSE,FALSE,NA
94,5290,"Houtsnip","Woodcock",2006,1998,"index_100 = eerste analysejaar vanaf eerste positieve jaar",1.93718892298342,2.14947823715133,193.718892298342,"model2_basis",FALSE,FALSE,NA
94,5290,"Houtsnip","Woodcock",2007,1998,"index_100 = eerste analysejaar vanaf eerste positieve jaar",2.86101778921717,2.98060494289738,286.101778921717,"model2_basis",FALSE,FALSE,NA
94,5290,"Houtsnip","Woodcock",2008,1998,"index_100 = eerste analysejaar vanaf eerste positieve jaar",2.16147018580665,2.30256909082278,216.147018580665,"model2_basis",FALSE,FALSE,NA
94,5290,"Houtsnip","Woodcock",2009,1998,"index_100 = eerste analysejaar vanaf eerste positieve jaar",1.23094749364824,1.52898866425817,123.094749364824,"model2_basis",FALSE,FALSE,NA
94,5290,"Houtsnip","Woodcock",2010,1998,"index_100 = eerste analysejaar vanaf eerste positieve jaar",1.93339398675355,2.16728908709633,193.339398675355,"model2_basis",FALSE,FALSE,NA
94,5290,"Houtsnip","Woodcock",2011,1998,"index_100 = eerste analysejaar vanaf eerste positieve jaar",1.14661810802564,1.50635963615738,114.661810802564,"model2_basis",FALSE,FALSE,NA
94,5290,"Houtsnip","Woodcock",2012,1998,"index_100 = eerste analysejaar vanaf eerste positieve jaar",1.19112628820927,1.53352188199373,119.112628820927,"model2_basis",FALSE,FALSE,NA
94,5290,"Houtsnip","Woodcock",2013,1998,"index_100 = eerste analysejaar vanaf eerste positieve jaar",0.36460853141786,1.03279888927016,36.460853141786,"model2_basis",FALSE,FALSE,NA
94,5290,"Houtsnip","Woodcock",2014,1998,"index_100 = eerste analysejaar vanaf eerste positieve jaar",2.21484835814791,2.38028068314438,221.484835814791,"model2_basis",FALSE,FALSE,NA
94,5290,"Houtsnip","Woodcock",2015,1998,"index_100 = eerste analysejaar vanaf eerste positieve jaar",0.237228490056327,1.07323585873967,23.7228490056327,"model2_basis",FALSE,FALSE,NA
94,5290,"Houtsnip","Woodcock",2016,1998,"index_100 = eerste analysejaar vanaf eerste positieve jaar",2.19190233502439,2.38040169308676,219.190233502439,"model2_basis",FALSE,FALSE,NA
94,5290,"Houtsnip","Woodcock",2017,1998,"index_100 = eerste analysejaar vanaf eerste positieve jaar",0.107780627664152,1.12113467769119,10.7780627664152,"model2_basis",FALSE,FALSE,NA
94,5290,"Houtsnip","Woodcock",2018,1998,"index_100 = eerste analysejaar vanaf eerste positieve jaar",1.99298206562726,2.25736126458603,199.298206562726,"model2_basis",FALSE,FALSE,NA
94,5290,"Houtsnip","Woodcock",2019,1998,"index_100 = eerste analysejaar vanaf eerste positieve jaar",3.12310440278826,3.25631109201853,312.310440278826,"model2_basis",FALSE,FALSE,NA
94,5290,"Houtsnip","Woodcock",2020,1998,"index_100 = eerste analysejaar vanaf eerste positieve jaar",1.1368710684617,1.58398966046646,113.68710684617,"model2_basis",FALSE,FALSE,NA
94,5290,"Houtsnip","Woodcock",2021,1998,"index_100 = eerste analysejaar vanaf eerste positieve jaar",0.922508610766465,1.49582172936168,92.2508610766465,"model2_basis",FALSE,FALSE,NA
94,5290,"Houtsnip","Woodcock",2022,1998,"index_100 = eerste analysejaar vanaf eerste positieve jaar",1.1296356458041,1.59937007304157,112.96356458041,"model2_basis",FALSE,FALSE,NA
97,5410,"Wulp","Curlew",1997,1997,"index_100 = eerste analysejaar vanaf eerste positieve jaar",1,0,100,"model2_basis",FALSE,FALSE,"Data ends with 11 years without positive observations."
97,5410,"Wulp","Curlew",1998,1997,"index_100 = eerste analysejaar vanaf eerste positieve jaar",3,3.31707711247622,300,"model2_basis",FALSE,FALSE,"Data ends with 11 years without positive observations."
97,5410,"Wulp","Curlew",1999,1997,"index_100 = eerste analysejaar vanaf eerste positieve jaar",0,0.822766444298316,0,"model2_basis",FALSE,FALSE,"Data ends with 11 years without positive observations."
97,5410,"Wulp","Curlew",2000,1997,"index_100 = eerste analysejaar vanaf eerste positieve jaar",0,0.724556066993266,0,"model2_basis",FALSE,FALSE,"Data ends with 11 years without positive observations."
97,5410,"Wulp","Curlew",2001,1997,"index_100 = eerste analysejaar vanaf eerste positieve jaar",0,0.638068674111366,0,"model2_basis",FALSE,FALSE,"Data ends with 11 years without positive observations."
97,5410,"Wulp","Curlew",2002,1997,"index_100 = eerste analysejaar vanaf eerste positieve jaar",0,0.561904939353743,0,"model2_basis",FALSE,FALSE,"Data ends with 11 years without positive observations."
97,5410,"Wulp","Curlew",2003,1997,"index_100 = eerste analysejaar vanaf eerste positieve jaar",0,0.494832568468994,0,"model2_basis",FALSE,FALSE,"Data ends with 11 years without positive observations."
97,5410,"Wulp","Curlew",2004,1997,"index_100 = eerste analysejaar vanaf eerste positieve jaar",0,0.435766361298121,0,"model2_basis",FALSE,FALSE,"Data ends with 11 years without positive observations."
97,5410,"Wulp","Curlew",2005,1997,"index_100 = eerste analysejaar vanaf eerste positieve jaar",0,0.383750653734311,0,"model2_basis",FALSE,FALSE,"Data ends with 11 years without positive observations."
97,5410,"Wulp","Curlew",2006,1997,"index_100 = eerste analysejaar vanaf eerste positieve jaar",0,0.337943855516564,0,"model2_basis",FALSE,FALSE,"Data ends with 11 years without positive observations."
97,5410,"Wulp","Curlew",2007,1997,"index_100 = eerste analysejaar vanaf eerste positieve jaar",0,0.297604833685757,0,"model2_basis",FALSE,FALSE,"Data ends with 11 years without positive observations."
97,5410,"Wulp","Curlew",2008,1997,"index_100 = eerste analysejaar vanaf eerste positieve jaar",0,0.262080921393719,0,"model2_basis",FALSE,FALSE,"Data ends with 11 years without positive observations."
97,5410,"Wulp","Curlew",2009,1997,"index_100 = eerste analysejaar vanaf eerste positieve jaar",0,0.230797358053356,0,"model2_basis",FALSE,FALSE,"Data ends with 11 years without positive observations."
97,5410,"Wulp","Curlew",2010,1997,"index_100 = eerste analysejaar vanaf eerste positieve jaar",0,0.203247989976295,0,"model2_basis",FALSE,FALSE,"Data ends with 11 years without positive observations."
97,5410,"Wulp","Curlew",2011,1997,"index_100 = eerste analysejaar vanaf eerste positieve jaar",1,1.07591988424851,100,"model2_basis",FALSE,FALSE,"Data ends with 11 years without positive observations."
97,5410,"Wulp","Curlew",2012,1997,"index_100 = eerste analysejaar vanaf eerste positieve jaar",0,0.157622100875268,0,"model2_basis",FALSE,FALSE,"Data ends with 11 years without positive observations."
97,5410,"Wulp","Curlew",2013,1997,"index_100 = eerste analysejaar vanaf eerste positieve jaar",0.0038743726407943,0.125458750235373,0.38743726407943,"model2_basis",FALSE,FALSE,"Data ends with 11 years without positive observations."
97,5410,"Wulp","Curlew",2014,1997,"index_100 = eerste analysejaar vanaf eerste positieve jaar",0.00300463859586943,0.110349283296945,0.300463859586943,"model2_basis",FALSE,FALSE,"Data ends with 11 years without positive observations."
97,5410,"Wulp","Curlew",2015,1997,"index_100 = eerste analysejaar vanaf eerste positieve jaar",0,0.107647361711089,0,"model2_basis",FALSE,FALSE,"Data ends with 11 years without positive observations."
97,5410,"Wulp","Curlew",2016,1997,"index_100 = eerste analysejaar vanaf eerste positieve jaar",0,0.0947979217724491,0,"model2_basis",FALSE,FALSE,"Data ends with 11 years without positive observations."
97,5410,"Wulp","Curlew",2017,1997,"index_100 = eerste analysejaar vanaf eerste positieve jaar",0,0.0834822686736565,0,"model2_basis",FALSE,FALSE,"Data ends with 11 years without positive observations."
97,5410,"Wulp","Curlew",2018,1997,"index_100 = eerste analysejaar vanaf eerste positieve jaar",0,0.0735173203441052,0,"model2_basis",FALSE,FALSE,"Data ends with 11 years without positive observations."
97,5410,"Wulp","Curlew",2019,1997,"index_100 = eerste analysejaar vanaf eerste positieve jaar",0,0.0647418484960664,0,"model2_basis",FALSE,FALSE,"Data ends with 11 years without positive observations."
97,5410,"Wulp","Curlew",2020,1997,"index_100 = eerste analysejaar vanaf eerste positieve jaar",0,0.0570138700250343,0,"model2_basis",FALSE,FALSE,"Data ends with 11 years without positive observations."
97,5410,"Wulp","Curlew",2021,1997,"index_100 = eerste analysejaar vanaf eerste positieve jaar",0,0.050208349788298,0,"model2_basis",FALSE,FALSE,"Data ends with 11 years without positive observations."
97,5410,"Wulp","Curlew",2022,1997,"index_100 = eerste analysejaar vanaf eerste positieve jaar",0.000390581228507038,0.0396739595224404,0.0390581228507038,"model2_basis",FALSE,FALSE,"Data ends with 11 years without positive observations."
98,5460,"Tureluur","Redshank",1997,1997,"index_100 = eerste analysejaar vanaf eerste positieve jaar",1,0,100,"model2_basis",FALSE,FALSE,"Data ends with 2 years without positive observations."
98,5460,"Tureluur","Redshank",1998,1997,"index_100 = eerste analysejaar vanaf eerste positieve jaar",1,1.36470289717129,100,"model2_basis",FALSE,FALSE,"Data ends with 2 years without positive observations."
98,5460,"Tureluur","Redshank",1999,1997,"index_100 = eerste analysejaar vanaf eerste positieve jaar",1,1.33986797041901,100,"model2_basis",FALSE,FALSE,"Data ends with 2 years without positive observations."
98,5460,"Tureluur","Redshank",2000,1997,"index_100 = eerste analysejaar vanaf eerste positieve jaar",1,1.31648005457093,100,"model2_basis",FALSE,FALSE,"Data ends with 2 years without positive observations."
98,5460,"Tureluur","Redshank",2001,1997,"index_100 = eerste analysejaar vanaf eerste positieve jaar",1,1.29447142796003,100,"model2_basis",FALSE,FALSE,"Data ends with 2 years without positive observations."
98,5460,"Tureluur","Redshank",2002,1997,"index_100 = eerste analysejaar vanaf eerste positieve jaar",2,2.12721748991778,200,"model2_basis",FALSE,FALSE,"Data ends with 2 years without positive observations."
98,5460,"Tureluur","Redshank",2003,1997,"index_100 = eerste analysejaar vanaf eerste positieve jaar",0,0.778349861261865,0,"model2_basis",FALSE,FALSE,"Data ends with 2 years without positive observations."
98,5460,"Tureluur","Redshank",2004,1997,"index_100 = eerste analysejaar vanaf eerste positieve jaar",0,0.748570099844364,0,"model2_basis",FALSE,FALSE,"Data ends with 2 years without positive observations."
98,5460,"Tureluur","Redshank",2005,1997,"index_100 = eerste analysejaar vanaf eerste positieve jaar",0,0.71992971576117,0,"model2_basis",FALSE,FALSE,"Data ends with 2 years without positive observations."
98,5460,"Tureluur","Redshank",2006,1997,"index_100 = eerste analysejaar vanaf eerste positieve jaar",0.044737646569771,0.662053162043019,4.4737646569771,"model2_basis",FALSE,FALSE,"Data ends with 2 years without positive observations."
98,5460,"Tureluur","Redshank",2007,1997,"index_100 = eerste analysejaar vanaf eerste positieve jaar",0,0.665894376592668,0,"model2_basis",FALSE,FALSE,"Data ends with 2 years without positive observations."
98,5460,"Tureluur","Redshank",2008,1997,"index_100 = eerste analysejaar vanaf eerste positieve jaar",1,1.17373348828684,100,"model2_basis",FALSE,FALSE,"Data ends with 2 years without positive observations."
98,5460,"Tureluur","Redshank",2009,1997,"index_100 = eerste analysejaar vanaf eerste positieve jaar",0,0.61591473593908,0,"model2_basis",FALSE,FALSE,"Data ends with 2 years without positive observations."
98,5460,"Tureluur","Redshank",2010,1997,"index_100 = eerste analysejaar vanaf eerste positieve jaar",0,0.592349762393568,0,"model2_basis",FALSE,FALSE,"Data ends with 2 years without positive observations."
98,5460,"Tureluur","Redshank",2011,1997,"index_100 = eerste analysejaar vanaf eerste positieve jaar",0,0.569686387634053,0,"model2_basis",FALSE,FALSE,"Data ends with 2 years without positive observations."
98,5460,"Tureluur","Redshank",2012,1997,"index_100 = eerste analysejaar vanaf eerste positieve jaar",0,0.5478901163801,0,"model2_basis",FALSE,FALSE,"Data ends with 2 years without positive observations."
98,5460,"Tureluur","Redshank",2013,1997,"index_100 = eerste analysejaar vanaf eerste positieve jaar",1.07813376405031,1.15614752692523,107.813376405031,"model2_basis",FALSE,FALSE,"Data ends with 2 years without positive observations."
98,5460,"Tureluur","Redshank",2014,1997,"index_100 = eerste analysejaar vanaf eerste positieve jaar",0.0722693243021768,0.443611406072895,7.22693243021768,"model2_basis",FALSE,FALSE,"Data ends with 2 years without positive observations."
98,5460,"Tureluur","Redshank",2015,1997,"index_100 = eerste analysejaar vanaf eerste positieve jaar",0,0.487378466711488,0,"model2_basis",FALSE,FALSE,"Data ends with 2 years without positive observations."
98,5460,"Tureluur","Redshank",2016,1997,"index_100 = eerste analysejaar vanaf eerste positieve jaar",0,0.4687313066347,0,"model2_basis",FALSE,FALSE,"Data ends with 2 years without positive observations."
98,5460,"Tureluur","Redshank",2017,1997,"index_100 = eerste analysejaar vanaf eerste positieve jaar",0,0.450797589195777,0,"model2_basis",FALSE,FALSE,"Data ends with 2 years without positive observations."
98,5460,"Tureluur","Redshank",2018,1997,"index_100 = eerste analysejaar vanaf eerste positieve jaar",1,1.07493337491407,100,"model2_basis",FALSE,FALSE,"Data ends with 2 years without positive observations."
98,5460,"Tureluur","Redshank",2019,1997,"index_100 = eerste analysejaar vanaf eerste positieve jaar",0,0.416962340982995,0,"model2_basis",FALSE,FALSE,"Data ends with 2 years without positive observations."
98,5460,"Tureluur","Redshank",2020,1997,"index_100 = eerste analysejaar vanaf eerste positieve jaar",1,1.06222625157767,100,"model2_basis",FALSE,FALSE,"Data ends with 2 years without positive observations."
98,5460,"Tureluur","Redshank",2021,1997,"index_100 = eerste analysejaar vanaf eerste positieve jaar",0,0.385666644997329,0,"model2_basis",FALSE,FALSE,"Data ends with 2 years without positive observations."
98,5460,"Tureluur","Redshank",2022,1997,"index_100 = eerste analysejaar vanaf eerste positieve jaar",0,0.370910991728388,0,"model2_basis",FALSE,FALSE,"Data ends with 2 years without positive observations."
106,5900,"Stormmeeuw","common gull",1997,1997,"index_100 = eerste analysejaar vanaf eerste positieve jaar",1,0,100,"model2_basis",FALSE,FALSE,"Data ends with 10 years without positive observations."
106,5900,"Stormmeeuw","common gull",1998,1997,"index_100 = eerste analysejaar vanaf eerste positieve jaar",1.25,0.72978646296638,125,"model2_basis",FALSE,FALSE,"Data ends with 10 years without positive observations."
106,5900,"Stormmeeuw","common gull",1999,1997,"index_100 = eerste analysejaar vanaf eerste positieve jaar",1.25,0.711224210834024,125,"model2_basis",FALSE,FALSE,"Data ends with 10 years without positive observations."
106,5900,"Stormmeeuw","common gull",2000,1997,"index_100 = eerste analysejaar vanaf eerste positieve jaar",1,0.599274685890004,100,"model2_basis",FALSE,FALSE,"Data ends with 10 years without positive observations."
106,5900,"Stormmeeuw","common gull",2001,1997,"index_100 = eerste analysejaar vanaf eerste positieve jaar",1.125,0.630761709766321,112.5,"model2_basis",FALSE,FALSE,"Data ends with 10 years without positive observations."
106,5900,"Stormmeeuw","common gull",2002,1997,"index_100 = eerste analysejaar vanaf eerste positieve jaar",1.125,0.617206969193515,112.5,"model2_basis",FALSE,FALSE,"Data ends with 10 years without positive observations."
106,5900,"Stormmeeuw","common gull",2003,1997,"index_100 = eerste analysejaar vanaf eerste positieve jaar",0.811276812696227,0.473131461865795,81.1276812696227,"model2_basis",FALSE,FALSE,"Data ends with 10 years without positive observations."
106,5900,"Stormmeeuw","common gull",2004,1997,"index_100 = eerste analysejaar vanaf eerste positieve jaar",0.75,0.446400971780297,75,"model2_basis",FALSE,FALSE,"Data ends with 10 years without positive observations."
106,5900,"Stormmeeuw","common gull",2005,1997,"index_100 = eerste analysejaar vanaf eerste positieve jaar",0.75,0.434253486310937,75,"model2_basis",FALSE,FALSE,"Data ends with 10 years without positive observations."
106,5900,"Stormmeeuw","common gull",2006,1997,"index_100 = eerste analysejaar vanaf eerste positieve jaar",0.7547372828993,0.424691433052368,75.47372828993,"model2_basis",FALSE,FALSE,"Data ends with 10 years without positive observations."
106,5900,"Stormmeeuw","common gull",2007,1997,"index_100 = eerste analysejaar vanaf eerste positieve jaar",0.625,0.365649213878222,62.5,"model2_basis",FALSE,FALSE,"Data ends with 10 years without positive observations."
106,5900,"Stormmeeuw","common gull",2008,1997,"index_100 = eerste analysejaar vanaf eerste positieve jaar",0.625,0.356278006700591,62.5,"model2_basis",FALSE,FALSE,"Data ends with 10 years without positive observations."
106,5900,"Stormmeeuw","common gull",2009,1997,"index_100 = eerste analysejaar vanaf eerste positieve jaar",0.375,0.257151521470616,37.5,"model2_basis",FALSE,FALSE,"Data ends with 10 years without positive observations."
106,5900,"Stormmeeuw","common gull",2010,1997,"index_100 = eerste analysejaar vanaf eerste positieve jaar",0.375,0.24726993306848,37.5,"model2_basis",FALSE,FALSE,"Data ends with 10 years without positive observations."
106,5900,"Stormmeeuw","common gull",2011,1997,"index_100 = eerste analysejaar vanaf eerste positieve jaar",0.125,0.171359087021394,12.5,"model2_basis",FALSE,FALSE,"Data ends with 10 years without positive observations."
106,5900,"Stormmeeuw","common gull",2012,1997,"index_100 = eerste analysejaar vanaf eerste positieve jaar",0.25,0.189747296724546,25,"model2_basis",FALSE,FALSE,"Data ends with 10 years without positive observations."
106,5900,"Stormmeeuw","common gull",2013,1997,"index_100 = eerste analysejaar vanaf eerste positieve jaar",0,0.138209231877859,0,"model2_basis",FALSE,FALSE,"Data ends with 10 years without positive observations."
106,5900,"Stormmeeuw","common gull",2014,1997,"index_100 = eerste analysejaar vanaf eerste positieve jaar",0,0.128047142657442,0,"model2_basis",FALSE,FALSE,"Data ends with 10 years without positive observations."
106,5900,"Stormmeeuw","common gull",2015,1997,"index_100 = eerste analysejaar vanaf eerste positieve jaar",0,0.118632239829139,0,"model2_basis",FALSE,FALSE,"Data ends with 10 years without positive observations."
106,5900,"Stormmeeuw","common gull",2016,1997,"index_100 = eerste analysejaar vanaf eerste positieve jaar",0,0.109909585132476,0,"model2_basis",FALSE,FALSE,"Data ends with 10 years without positive observations."
106,5900,"Stormmeeuw","common gull",2017,1997,"index_100 = eerste analysejaar vanaf eerste positieve jaar",0,0.101828279744119,0,"model2_basis",FALSE,FALSE,"Data ends with 10 years without positive observations."
106,5900,"Stormmeeuw","common gull",2018,1997,"index_100 = eerste analysejaar vanaf eerste positieve jaar",0,0.0943411672707946,0,"model2_basis",FALSE,FALSE,"Data ends with 10 years without positive observations."
106,5900,"Stormmeeuw","common gull",2019,1997,"index_100 = eerste analysejaar vanaf eerste positieve jaar",0,0.0874045585802019,0,"model2_basis",FALSE,FALSE,"Data ends with 10 years without positive observations."
106,5900,"Stormmeeuw","common gull",2020,1997,"index_100 = eerste analysejaar vanaf eerste positieve jaar",0,0.0809779768642416,0,"model2_basis",FALSE,FALSE,"Data ends with 10 years without positive observations."
106,5900,"Stormmeeuw","common gull",2021,1997,"index_100 = eerste analysejaar vanaf eerste positieve jaar",0,0.0750239214469413,0,"model2_basis",FALSE,FALSE,"Data ends with 10 years without positive observations."
106,5900,"Stormmeeuw","common gull",2022,1997,"index_100 = eerste analysejaar vanaf eerste positieve jaar",0,0.0695076489588405,0,"model2_basis",FALSE,FALSE,"Data ends with 10 years without positive observations."
116,6150,"Visdief","Common Tern",1997,1997,"index_100 = eerste analysejaar vanaf eerste positieve jaar",1,0,100,"model2_basis",FALSE,FALSE,"Data ends with 19 years without positive observations."
116,6150,"Visdief","Common Tern",1998,1997,"index_100 = eerste analysejaar vanaf eerste positieve jaar",0,0.735333893119004,0,"model2_basis",FALSE,FALSE,"Data ends with 19 years without positive observations."
116,6150,"Visdief","Common Tern",1999,1997,"index_100 = eerste analysejaar vanaf eerste positieve jaar",0,0.647608015385507,0,"model2_basis",FALSE,FALSE,"Data ends with 19 years without positive observations."
116,6150,"Visdief","Common Tern",2000,1997,"index_100 = eerste analysejaar vanaf eerste positieve jaar",0,0.570347899799149,0,"model2_basis",FALSE,FALSE,"Data ends with 19 years without positive observations."
116,6150,"Visdief","Common Tern",2001,1997,"index_100 = eerste analysejaar vanaf eerste positieve jaar",1,0.974392374496494,100,"model2_basis",FALSE,FALSE,"Data ends with 19 years without positive observations."
116,6150,"Visdief","Common Tern",2002,1997,"index_100 = eerste analysejaar vanaf eerste positieve jaar",0,0.442379618088208,0,"model2_basis",FALSE,FALSE,"Data ends with 19 years without positive observations."
116,6150,"Visdief","Common Tern",2003,1997,"index_100 = eerste analysejaar vanaf eerste positieve jaar",1.10287134443922,0.940311568920934,110.287134443922,"model2_basis",FALSE,FALSE,"Data ends with 19 years without positive observations."
116,6150,"Visdief","Common Tern",2004,1997,"index_100 = eerste analysejaar vanaf eerste positieve jaar",0,0.343123427944217,0,"model2_basis",FALSE,FALSE,"Data ends with 19 years without positive observations."
116,6150,"Visdief","Common Tern",2005,1997,"index_100 = eerste analysejaar vanaf eerste positieve jaar",0,0.302188549015059,0,"model2_basis",FALSE,FALSE,"Data ends with 19 years without positive observations."
116,6150,"Visdief","Common Tern",2006,1997,"index_100 = eerste analysejaar vanaf eerste positieve jaar",0,0.266137231441605,0,"model2_basis",FALSE,FALSE,"Data ends with 19 years without positive observations."
116,6150,"Visdief","Common Tern",2007,1997,"index_100 = eerste analysejaar vanaf eerste positieve jaar",0,0.234386862739371,0,"model2_basis",FALSE,FALSE,"Data ends with 19 years without positive observations."
116,6150,"Visdief","Common Tern",2008,1997,"index_100 = eerste analysejaar vanaf eerste positieve jaar",0,0.206424336524516,0,"model2_basis",FALSE,FALSE,"Data ends with 19 years without positive observations."
116,6150,"Visdief","Common Tern",2009,1997,"index_100 = eerste analysejaar vanaf eerste positieve jaar",0,0.181797760384584,0,"model2_basis",FALSE,FALSE,"Data ends with 19 years without positive observations."
116,6150,"Visdief","Common Tern",2010,1997,"index_100 = eerste analysejaar vanaf eerste positieve jaar",0,0.160109153006411,0,"model2_basis",FALSE,FALSE,"Data ends with 19 years without positive observations."
116,6150,"Visdief","Common Tern",2011,1997,"index_100 = eerste analysejaar vanaf eerste positieve jaar",0,0.141008012542073,0,"model2_basis",FALSE,FALSE,"Data ends with 19 years without positive observations."
116,6150,"Visdief","Common Tern",2012,1997,"index_100 = eerste analysejaar vanaf eerste positieve jaar",0,0.124185652273543,0,"model2_basis",FALSE,FALSE,"Data ends with 19 years without positive observations."
116,6150,"Visdief","Common Tern",2013,1997,"index_100 = eerste analysejaar vanaf eerste positieve jaar",0,0.109370212036735,0,"model2_basis",FALSE,FALSE,"Data ends with 19 years without positive observations."
116,6150,"Visdief","Common Tern",2014,1997,"index_100 = eerste analysejaar vanaf eerste positieve jaar",0,0.096322264786372,0,"model2_basis",FALSE,FALSE,"Data ends with 19 years without positive observations."
116,6150,"Visdief","Common Tern",2015,1997,"index_100 = eerste analysejaar vanaf eerste positieve jaar",0,0.0848309473008944,0,"model2_basis",FALSE,FALSE,"Data ends with 19 years without positive observations."
116,6150,"Visdief","Common Tern",2016,1997,"index_100 = eerste analysejaar vanaf eerste positieve jaar",0,0.0747105524971551,0,"model2_basis",FALSE,FALSE,"Data ends with 19 years without positive observations."
116,6150,"Visdief","Common Tern",2017,1997,"index_100 = eerste analysejaar vanaf eerste positieve jaar",0,0.065797528284484,0,"model2_basis",FALSE,FALSE,"Data ends with 19 years without positive observations."
116,6150,"Visdief","Common Tern",2018,1997,"index_100 = eerste analysejaar vanaf eerste positieve jaar",0,0.0579478344576869,0,"model2_basis",FALSE,FALSE,"Data ends with 19 years without positive observations."
116,6150,"Visdief","Common Tern",2019,1997,"index_100 = eerste analysejaar vanaf eerste positieve jaar",0,0.051034614914666,0,"model2_basis",FALSE,FALSE,"Data ends with 19 years without positive observations."
116,6150,"Visdief","Common Tern",2020,1997,"index_100 = eerste analysejaar vanaf eerste positieve jaar",0,0.044946147580201,0,"model2_basis",FALSE,FALSE,"Data ends with 19 years without positive observations."
116,6150,"Visdief","Common Tern",2021,1997,"index_100 = eerste analysejaar vanaf eerste positieve jaar",0,0.0395840389053404,0,"model2_basis",FALSE,FALSE,"Data ends with 19 years without positive observations."
116,6150,"Visdief","Common Tern",2022,1997,"index_100 = eerste analysejaar vanaf eerste positieve jaar",0,0.0348616337643525,0,"model2_basis",FALSE,FALSE,"Data ends with 19 years without positive observations."
122,6680,"Holenduif","stock dove",1997,1997,"index_100 = eerste analysejaar vanaf eerste positieve jaar",1,0,100,"model2_basis",FALSE,FALSE,NA
122,6680,"Holenduif","stock dove",1998,1997,"index_100 = eerste analysejaar vanaf eerste positieve jaar",1.37612811857507,0.825394319130875,137.612811857507,"model2_basis",FALSE,FALSE,NA
122,6680,"Holenduif","stock dove",1999,1997,"index_100 = eerste analysejaar vanaf eerste positieve jaar",1.33333333333333,0.823386219083395,133.333333333333,"model2_basis",FALSE,FALSE,NA
122,6680,"Holenduif","stock dove",2000,1997,"index_100 = eerste analysejaar vanaf eerste positieve jaar",0.540976018243311,0.515372861655322,54.0976018243311,"model2_basis",FALSE,FALSE,NA
122,6680,"Holenduif","stock dove",2001,1997,"index_100 = eerste analysejaar vanaf eerste positieve jaar",0.827959342197831,0.615751078573497,82.7959342197831,"model2_basis",FALSE,FALSE,NA
122,6680,"Holenduif","stock dove",2002,1997,"index_100 = eerste analysejaar vanaf eerste positieve jaar",0.833266897658754,0.622896877572568,83.3266897658754,"model2_basis",FALSE,FALSE,NA
122,6680,"Holenduif","stock dove",2003,1997,"index_100 = eerste analysejaar vanaf eerste positieve jaar",0.677068886388838,0.628655421868828,67.7068886388838,"model2_basis",FALSE,FALSE,NA
122,6680,"Holenduif","stock dove",2004,1997,"index_100 = eerste analysejaar vanaf eerste positieve jaar",0,0.546765028714473,0,"model2_basis",FALSE,FALSE,NA
122,6680,"Holenduif","stock dove",2005,1997,"index_100 = eerste analysejaar vanaf eerste positieve jaar",0.333333333333333,0.579025294323759,33.3333333333333,"model2_basis",FALSE,FALSE,NA
122,6680,"Holenduif","stock dove",2006,1997,"index_100 = eerste analysejaar vanaf eerste positieve jaar",0.692979781384453,0.651517938909726,69.2979781384453,"model2_basis",FALSE,FALSE,NA
122,6680,"Holenduif","stock dove",2007,1997,"index_100 = eerste analysejaar vanaf eerste positieve jaar",0.746553096219411,0.659508275171403,74.6553096219411,"model2_basis",FALSE,FALSE,NA
122,6680,"Holenduif","stock dove",2008,1997,"index_100 = eerste analysejaar vanaf eerste positieve jaar",0.943948215907744,0.674709188476438,94.3948215907744,"model2_basis",FALSE,FALSE,NA
122,6680,"Holenduif","stock dove",2009,1997,"index_100 = eerste analysejaar vanaf eerste positieve jaar",1.13799682918997,0.704273178199969,113.799682918997,"model2_basis",FALSE,FALSE,NA
122,6680,"Holenduif","stock dove",2010,1997,"index_100 = eerste analysejaar vanaf eerste positieve jaar",1.69735920820683,1.0191833413432,169.735920820683,"model2_basis",FALSE,FALSE,NA
122,6680,"Holenduif","stock dove",2011,1997,"index_100 = eerste analysejaar vanaf eerste positieve jaar",1.10433638323701,0.720180849425372,110.433638323701,"model2_basis",FALSE,FALSE,NA
122,6680,"Holenduif","stock dove",2012,1997,"index_100 = eerste analysejaar vanaf eerste positieve jaar",0.785405168825775,0.62274469098064,78.5405168825775,"model2_basis",FALSE,FALSE,NA
122,6680,"Holenduif","stock dove",2013,1997,"index_100 = eerste analysejaar vanaf eerste positieve jaar",1.18267793599874,0.753011111404433,118.267793599874,"model2_basis",FALSE,FALSE,NA
122,6680,"Holenduif","stock dove",2014,1997,"index_100 = eerste analysejaar vanaf eerste positieve jaar",1.19965799055745,0.767575227244921,119.965799055745,"model2_basis",FALSE,FALSE,NA
122,6680,"Holenduif","stock dove",2015,1997,"index_100 = eerste analysejaar vanaf eerste positieve jaar",1.16485128040581,0.774334712423807,116.485128040581,"model2_basis",FALSE,FALSE,NA
122,6680,"Holenduif","stock dove",2016,1997,"index_100 = eerste analysejaar vanaf eerste positieve jaar",1.86838805823828,1.05762746633139,186.838805823828,"model2_basis",FALSE,FALSE,NA
122,6680,"Holenduif","stock dove",2017,1997,"index_100 = eerste analysejaar vanaf eerste positieve jaar",1.68781714634283,1.06233666873848,168.781714634283,"model2_basis",FALSE,FALSE,NA
122,6680,"Holenduif","stock dove",2018,1997,"index_100 = eerste analysejaar vanaf eerste positieve jaar",1.50732252528813,0.982760003935747,150.732252528813,"model2_basis",FALSE,FALSE,NA
122,6680,"Holenduif","stock dove",2019,1997,"index_100 = eerste analysejaar vanaf eerste positieve jaar",1.31819718695842,0.859834294770225,131.819718695842,"model2_basis",FALSE,FALSE,NA
122,6680,"Holenduif","stock dove",2020,1997,"index_100 = eerste analysejaar vanaf eerste positieve jaar",1.39906823566538,0.976763445331361,139.906823566538,"model2_basis",FALSE,FALSE,NA
122,6680,"Holenduif","stock dove",2021,1997,"index_100 = eerste analysejaar vanaf eerste positieve jaar",2.33333333333333,1.34756450287322,233.333333333333,"model2_basis",FALSE,FALSE,NA
122,6680,"Holenduif","stock dove",2022,1997,"index_100 = eerste analysejaar vanaf eerste positieve jaar",1,0.879632200267541,100,"model2_basis",FALSE,FALSE,NA
123,6700,"Houtduif","woodpigeon",1997,1997,"index_100 = eerste analysejaar vanaf eerste positieve jaar",1,0,100,"model3_overdisp",TRUE,FALSE,NA
123,6700,"Houtduif","woodpigeon",1998,1997,"index_100 = eerste analysejaar vanaf eerste positieve jaar",0.999958967609746,0.117419863603747,99.9958967609746,"model3_overdisp",TRUE,FALSE,NA
123,6700,"Houtduif","woodpigeon",1999,1997,"index_100 = eerste analysejaar vanaf eerste positieve jaar",0.928934010152284,0.108996337516881,92.8934010152284,"model3_overdisp",TRUE,FALSE,NA
123,6700,"Houtduif","woodpigeon",2000,1997,"index_100 = eerste analysejaar vanaf eerste positieve jaar",0.665853546426967,0.0887951169735583,66.5853546426968,"model3_overdisp",TRUE,FALSE,NA
123,6700,"Houtduif","woodpigeon",2001,1997,"index_100 = eerste analysejaar vanaf eerste positieve jaar",0.629441624365482,0.0824627703075437,62.9441624365482,"model3_overdisp",TRUE,FALSE,NA
123,6700,"Houtduif","woodpigeon",2002,1997,"index_100 = eerste analysejaar vanaf eerste positieve jaar",0.49746192893401,0.0702778728187595,49.746192893401,"model3_overdisp",TRUE,FALSE,NA
123,6700,"Houtduif","woodpigeon",2003,1997,"index_100 = eerste analysejaar vanaf eerste positieve jaar",0.446518185298815,0.0662607181719107,44.6518185298815,"model3_overdisp",TRUE,FALSE,NA
123,6700,"Houtduif","woodpigeon",2004,1997,"index_100 = eerste analysejaar vanaf eerste positieve jaar",0.456852791878173,0.0664288547227225,45.6852791878173,"model3_overdisp",TRUE,FALSE,NA
123,6700,"Houtduif","woodpigeon",2005,1997,"index_100 = eerste analysejaar vanaf eerste positieve jaar",0.416243654822335,0.0625177860253612,41.6243654822335,"model3_overdisp",TRUE,FALSE,NA
123,6700,"Houtduif","woodpigeon",2006,1997,"index_100 = eerste analysejaar vanaf eerste positieve jaar",0.499914988608958,0.0708860799692351,49.9914988608958,"model3_overdisp",TRUE,FALSE,NA
123,6700,"Houtduif","woodpigeon",2007,1997,"index_100 = eerste analysejaar vanaf eerste positieve jaar",0.452975645949654,0.0669517550615509,45.2975645949654,"model3_overdisp",TRUE,FALSE,NA
123,6700,"Houtduif","woodpigeon",2008,1997,"index_100 = eerste analysejaar vanaf eerste positieve jaar",0.466830259426109,0.0750052574383222,46.6830259426109,"model3_overdisp",TRUE,FALSE,NA
123,6700,"Houtduif","woodpigeon",2009,1997,"index_100 = eerste analysejaar vanaf eerste positieve jaar",0.309602096608628,0.0566509112674316,30.9602096608628,"model3_overdisp",TRUE,FALSE,NA
123,6700,"Houtduif","woodpigeon",2010,1997,"index_100 = eerste analysejaar vanaf eerste positieve jaar",0.314220030864867,0.0536933701779153,31.4220030864867,"model3_overdisp",TRUE,FALSE,NA
123,6700,"Houtduif","woodpigeon",2011,1997,"index_100 = eerste analysejaar vanaf eerste positieve jaar",0.175172138366129,0.0392819925348649,17.5172138366129,"model3_overdisp",TRUE,FALSE,NA
123,6700,"Houtduif","woodpigeon",2012,1997,"index_100 = eerste analysejaar vanaf eerste positieve jaar",0.208575362255991,0.0437929309523236,20.8575362255992,"model3_overdisp",TRUE,FALSE,NA
123,6700,"Houtduif","woodpigeon",2013,1997,"index_100 = eerste analysejaar vanaf eerste positieve jaar",0.158635242887508,0.0385545224700013,15.8635242887508,"model3_overdisp",TRUE,FALSE,NA
123,6700,"Houtduif","woodpigeon",2014,1997,"index_100 = eerste analysejaar vanaf eerste positieve jaar",0.177671472034009,0.0410840647125048,17.7671472034009,"model3_overdisp",TRUE,FALSE,NA
123,6700,"Houtduif","woodpigeon",2015,1997,"index_100 = eerste analysejaar vanaf eerste positieve jaar",0.134298639414032,0.0338522568637628,13.4298639414032,"model3_overdisp",TRUE,FALSE,NA
123,6700,"Houtduif","woodpigeon",2016,1997,"index_100 = eerste analysejaar vanaf eerste positieve jaar",0.209888561198102,0.0464688476285981,20.9888561198102,"model3_overdisp",TRUE,FALSE,NA
123,6700,"Houtduif","woodpigeon",2017,1997,"index_100 = eerste analysejaar vanaf eerste positieve jaar",0.132612755528337,0.0334224999987119,13.2612755528337,"model3_overdisp",TRUE,FALSE,NA
123,6700,"Houtduif","woodpigeon",2018,1997,"index_100 = eerste analysejaar vanaf eerste positieve jaar",0.177233775613414,0.0386357414264834,17.7233775613414,"model3_overdisp",TRUE,FALSE,NA
123,6700,"Houtduif","woodpigeon",2019,1997,"index_100 = eerste analysejaar vanaf eerste positieve jaar",0.132686612832269,0.0348596425327683,13.2686612832269,"model3_overdisp",TRUE,FALSE,NA
123,6700,"Houtduif","woodpigeon",2020,1997,"index_100 = eerste analysejaar vanaf eerste positieve jaar",0.1304174926965,0.0342559283959896,13.04174926965,"model3_overdisp",TRUE,FALSE,NA
123,6700,"Houtduif","woodpigeon",2021,1997,"index_100 = eerste analysejaar vanaf eerste positieve jaar",0.135439668476236,0.0328773178008813,13.5439668476236,"model3_overdisp",TRUE,FALSE,NA
123,6700,"Houtduif","woodpigeon",2022,1997,"index_100 = eerste analysejaar vanaf eerste positieve jaar",0.0795857183574518,0.0243664728251224,7.95857183574518,"model3_overdisp",TRUE,FALSE,NA
124,6840,"Turkse Tortel","Collared Dove",1999,1999,"index_100 = eerste analysejaar vanaf eerste positieve jaar",1,0,100,"model2_basis",FALSE,FALSE,NA
124,6840,"Turkse Tortel","Collared Dove",2000,1999,"index_100 = eerste analysejaar vanaf eerste positieve jaar",1.06420066249124,1.13002784067451,106.420066249124,"model2_basis",FALSE,FALSE,NA
124,6840,"Turkse Tortel","Collared Dove",2001,1999,"index_100 = eerste analysejaar vanaf eerste positieve jaar",1,1.13271323893475,100,"model2_basis",FALSE,FALSE,NA
124,6840,"Turkse Tortel","Collared Dove",2002,1999,"index_100 = eerste analysejaar vanaf eerste positieve jaar",1,1.14175680349206,100,"model2_basis",FALSE,FALSE,NA
124,6840,"Turkse Tortel","Collared Dove",2003,1999,"index_100 = eerste analysejaar vanaf eerste positieve jaar",1,1.15100731484925,100,"model2_basis",FALSE,FALSE,NA
124,6840,"Turkse Tortel","Collared Dove",2004,1999,"index_100 = eerste analysejaar vanaf eerste positieve jaar",1,1.16046840182037,100,"model2_basis",FALSE,FALSE,NA
124,6840,"Turkse Tortel","Collared Dove",2005,1999,"index_100 = eerste analysejaar vanaf eerste positieve jaar",0,0.864502434190851,0,"model2_basis",FALSE,FALSE,NA
124,6840,"Turkse Tortel","Collared Dove",2006,1999,"index_100 = eerste analysejaar vanaf eerste positieve jaar",0.133039621839539,0.811202168802538,13.3039621839539,"model2_basis",FALSE,FALSE,NA
124,6840,"Turkse Tortel","Collared Dove",2007,1999,"index_100 = eerste analysejaar vanaf eerste positieve jaar",0.0992300755451608,0.84156186578526,9.92300755451608,"model2_basis",FALSE,FALSE,NA
124,6840,"Turkse Tortel","Collared Dove",2008,1999,"index_100 = eerste analysejaar vanaf eerste positieve jaar",0.283666442761247,0.770674921893162,28.3666442761247,"model2_basis",FALSE,FALSE,NA
124,6840,"Turkse Tortel","Collared Dove",2009,1999,"index_100 = eerste analysejaar vanaf eerste positieve jaar",1.26414049965525,1.24595491219781,126.414049965525,"model2_basis",FALSE,FALSE,NA
124,6840,"Turkse Tortel","Collared Dove",2010,1999,"index_100 = eerste analysejaar vanaf eerste positieve jaar",2,1.83263986457726,200,"model2_basis",FALSE,FALSE,NA
124,6840,"Turkse Tortel","Collared Dove",2011,1999,"index_100 = eerste analysejaar vanaf eerste positieve jaar",0.129320427538662,0.886645468821412,12.9320427538662,"model2_basis",FALSE,FALSE,NA
124,6840,"Turkse Tortel","Collared Dove",2012,1999,"index_100 = eerste analysejaar vanaf eerste positieve jaar",0.133343664076601,0.900859770040644,13.3343664076601,"model2_basis",FALSE,FALSE,NA
124,6840,"Turkse Tortel","Collared Dove",2013,1999,"index_100 = eerste analysejaar vanaf eerste positieve jaar",2.13749206593102,1.91131206342038,213.749206593102,"model2_basis",FALSE,FALSE,NA
124,6840,"Turkse Tortel","Collared Dove",2014,1999,"index_100 = eerste analysejaar vanaf eerste positieve jaar",0.141769527070445,0.930940308993179,14.1769527070445,"model2_basis",FALSE,FALSE,NA
124,6840,"Turkse Tortel","Collared Dove",2015,1999,"index_100 = eerste analysejaar vanaf eerste positieve jaar",0.146180062607112,0.94689987032835,14.6180062607112,"model2_basis",FALSE,FALSE,NA
124,6840,"Turkse Tortel","Collared Dove",2016,1999,"index_100 = eerste analysejaar vanaf eerste positieve jaar",0.281462429461869,0.919567140166983,28.1462429461869,"model2_basis",FALSE,FALSE,NA
124,6840,"Turkse Tortel","Collared Dove",2017,1999,"index_100 = eerste analysejaar vanaf eerste positieve jaar",0.134801849718275,0.986831590248618,13.4801849718275,"model2_basis",FALSE,FALSE,NA
124,6840,"Turkse Tortel","Collared Dove",2018,1999,"index_100 = eerste analysejaar vanaf eerste positieve jaar",1.18775026222446,1.35657751568717,118.775026222446,"model2_basis",FALSE,FALSE,NA
124,6840,"Turkse Tortel","Collared Dove",2019,1999,"index_100 = eerste analysejaar vanaf eerste positieve jaar",2.35882899154735,2.08853846287695,235.882899154735,"model2_basis",FALSE,FALSE,NA
124,6840,"Turkse Tortel","Collared Dove",2020,1999,"index_100 = eerste analysejaar vanaf eerste positieve jaar",3.14777862126281,2.69513842261955,314.777862126281,"model2_basis",FALSE,FALSE,NA
124,6840,"Turkse Tortel","Collared Dove",2021,1999,"index_100 = eerste analysejaar vanaf eerste positieve jaar",1,1.3572144472246,100,"model2_basis",FALSE,FALSE,NA
124,6840,"Turkse Tortel","Collared Dove",2022,1999,"index_100 = eerste analysejaar vanaf eerste positieve jaar",1.06624954386644,1.38884512724124,106.624954386644,"model2_basis",FALSE,FALSE,NA
125,6870,"Tortelduif","turtle dove",1997,1997,"index_100 = eerste analysejaar vanaf eerste positieve jaar",1,0,100,"model2_basis",FALSE,FALSE,"Data ends with 3 years without positive observations."
125,6870,"Tortelduif","turtle dove",1998,1997,"index_100 = eerste analysejaar vanaf eerste positieve jaar",0.672843369330778,0.230741355725641,67.2843369330778,"model2_basis",FALSE,FALSE,"Data ends with 3 years without positive observations."
125,6870,"Tortelduif","turtle dove",1999,1997,"index_100 = eerste analysejaar vanaf eerste positieve jaar",0.931034482758621,0.259159295928813,93.1034482758621,"model2_basis",FALSE,FALSE,"Data ends with 3 years without positive observations."
125,6870,"Tortelduif","turtle dove",2000,1997,"index_100 = eerste analysejaar vanaf eerste positieve jaar",0.591218258986781,0.181916958129837,59.1218258986781,"model2_basis",FALSE,FALSE,"Data ends with 3 years without positive observations."
125,6870,"Tortelduif","turtle dove",2001,1997,"index_100 = eerste analysejaar vanaf eerste positieve jaar",0.689655172413793,0.203763202328238,68.9655172413793,"model2_basis",FALSE,FALSE,"Data ends with 3 years without positive observations."
125,6870,"Tortelduif","turtle dove",2002,1997,"index_100 = eerste analysejaar vanaf eerste positieve jaar",0.620689655172414,0.185048865057397,62.0689655172414,"model2_basis",FALSE,FALSE,"Data ends with 3 years without positive observations."
125,6870,"Tortelduif","turtle dove",2003,1997,"index_100 = eerste analysejaar vanaf eerste positieve jaar",0.560021268216156,0.167353626316377,56.0021268216156,"model2_basis",FALSE,FALSE,"Data ends with 3 years without positive observations."
125,6870,"Tortelduif","turtle dove",2004,1997,"index_100 = eerste analysejaar vanaf eerste positieve jaar",0.413793103448276,0.140808219429302,41.3793103448276,"model2_basis",FALSE,FALSE,"Data ends with 3 years without positive observations."
125,6870,"Tortelduif","turtle dove",2005,1997,"index_100 = eerste analysejaar vanaf eerste positieve jaar",0.689655172413793,0.175583649462776,68.9655172413793,"model2_basis",FALSE,FALSE,"Data ends with 3 years without positive observations."
125,6870,"Tortelduif","turtle dove",2006,1997,"index_100 = eerste analysejaar vanaf eerste positieve jaar",0.518523021464106,0.142327197734684,51.8523021464106,"model2_basis",FALSE,FALSE,"Data ends with 3 years without positive observations."
125,6870,"Tortelduif","turtle dove",2007,1997,"index_100 = eerste analysejaar vanaf eerste positieve jaar",0.349237844441926,0.111624286985351,34.9237844441926,"model2_basis",FALSE,FALSE,"Data ends with 3 years without positive observations."
125,6870,"Tortelduif","turtle dove",2008,1997,"index_100 = eerste analysejaar vanaf eerste positieve jaar",0.292012769773489,0.0909245720560768,29.2012769773489,"model2_basis",FALSE,FALSE,"Data ends with 3 years without positive observations."
125,6870,"Tortelduif","turtle dove",2009,1997,"index_100 = eerste analysejaar vanaf eerste positieve jaar",0.116211282823031,0.0733893345358407,11.6211282823031,"model2_basis",FALSE,FALSE,"Data ends with 3 years without positive observations."
125,6870,"Tortelduif","turtle dove",2010,1997,"index_100 = eerste analysejaar vanaf eerste positieve jaar",0.0356716022520492,0.0661607621681253,3.56716022520492,"model2_basis",FALSE,FALSE,"Data ends with 3 years without positive observations."
125,6870,"Tortelduif","turtle dove",2011,1997,"index_100 = eerste analysejaar vanaf eerste positieve jaar",0.0381489441045273,0.0600772229519877,3.81489441045273,"model2_basis",FALSE,FALSE,"Data ends with 3 years without positive observations."
125,6870,"Tortelduif","turtle dove",2012,1997,"index_100 = eerste analysejaar vanaf eerste positieve jaar",0.0084124643181901,0.0530478073974767,0.84124643181901,"model2_basis",FALSE,FALSE,"Data ends with 3 years without positive observations."
125,6870,"Tortelduif","turtle dove",2013,1997,"index_100 = eerste analysejaar vanaf eerste positieve jaar",0.0377648077485383,0.050363551987905,3.77648077485383,"model2_basis",FALSE,FALSE,"Data ends with 3 years without positive observations."
125,6870,"Tortelduif","turtle dove",2014,1997,"index_100 = eerste analysejaar vanaf eerste positieve jaar",0.00275334569560907,0.0455557474053011,0.275334569560907,"model2_basis",FALSE,FALSE,"Data ends with 3 years without positive observations."
125,6870,"Tortelduif","turtle dove",2015,1997,"index_100 = eerste analysejaar vanaf eerste positieve jaar",0.00181583797113445,0.0419019810005585,0.181583797113445,"model2_basis",FALSE,FALSE,"Data ends with 3 years without positive observations."
125,6870,"Tortelduif","turtle dove",2016,1997,"index_100 = eerste analysejaar vanaf eerste positieve jaar",0.00174459611945477,0.0382868531729462,0.174459611945477,"model2_basis",FALSE,FALSE,"Data ends with 3 years without positive observations."
125,6870,"Tortelduif","turtle dove",2017,1997,"index_100 = eerste analysejaar vanaf eerste positieve jaar",0.000185626124635538,0.035621384809372,0.0185626124635538,"model2_basis",FALSE,FALSE,"Data ends with 3 years without positive observations."
125,6870,"Tortelduif","turtle dove",2018,1997,"index_100 = eerste analysejaar vanaf eerste positieve jaar",0.00496992181478815,0.030242229770958,0.496992181478815,"model2_basis",FALSE,FALSE,"Data ends with 3 years without positive observations."
125,6870,"Tortelduif","turtle dove",2019,1997,"index_100 = eerste analysejaar vanaf eerste positieve jaar",0.0382468560079158,0.0290612996811099,3.82468560079158,"model2_basis",FALSE,FALSE,"Data ends with 3 years without positive observations."
125,6870,"Tortelduif","turtle dove",2020,1997,"index_100 = eerste analysejaar vanaf eerste positieve jaar",0.000314842985616944,0.0272506769972261,0.0314842985616944,"model2_basis",FALSE,FALSE,"Data ends with 3 years without positive observations."
125,6870,"Tortelduif","turtle dove",2021,1997,"index_100 = eerste analysejaar vanaf eerste positieve jaar",0,0.0251259509246268,0,"model2_basis",FALSE,FALSE,"Data ends with 3 years without positive observations."
125,6870,"Tortelduif","turtle dove",2022,1997,"index_100 = eerste analysejaar vanaf eerste positieve jaar",0.00348261446720192,0.0204459417249413,0.348261446720192,"model2_basis",FALSE,FALSE,"Data ends with 3 years without positive observations."
126,7120,"Halsbandparkiet","ring-necked parakeet",2003,2003,"index_100 = eerste analysejaar vanaf eerste positieve jaar",1,0,100,"model2_basis",FALSE,FALSE,NA
126,7120,"Halsbandparkiet","ring-necked parakeet",2004,2003,"index_100 = eerste analysejaar vanaf eerste positieve jaar",1,2.17973667872697,100,"model2_basis",FALSE,FALSE,NA
126,7120,"Halsbandparkiet","ring-necked parakeet",2005,2003,"index_100 = eerste analysejaar vanaf eerste positieve jaar",2,3.44175151780605,200,"model2_basis",FALSE,FALSE,NA
126,7120,"Halsbandparkiet","ring-necked parakeet",2006,2003,"index_100 = eerste analysejaar vanaf eerste positieve jaar",4,6.32551822735713,400,"model2_basis",FALSE,FALSE,NA
126,7120,"Halsbandparkiet","ring-necked parakeet",2007,2003,"index_100 = eerste analysejaar vanaf eerste positieve jaar",6,9.32254156455764,600,"model2_basis",FALSE,FALSE,NA
126,7120,"Halsbandparkiet","ring-necked parakeet",2008,2003,"index_100 = eerste analysejaar vanaf eerste positieve jaar",6.31652643369686,9.76647256611047,631.652643369686,"model2_basis",FALSE,FALSE,NA
126,7120,"Halsbandparkiet","ring-necked parakeet",2009,2003,"index_100 = eerste analysejaar vanaf eerste positieve jaar",2.41157516739022,3.5884545635856,241.157516739022,"model2_basis",FALSE,FALSE,NA
126,7120,"Halsbandparkiet","ring-necked parakeet",2010,2003,"index_100 = eerste analysejaar vanaf eerste positieve jaar",0,1.69386329325459,0,"model2_basis",FALSE,FALSE,NA
126,7120,"Halsbandparkiet","ring-necked parakeet",2011,2003,"index_100 = eerste analysejaar vanaf eerste positieve jaar",2.55587202096229,3.83677740807196,255.587202096229,"model2_basis",FALSE,FALSE,NA
126,7120,"Halsbandparkiet","ring-necked parakeet",2012,2003,"index_100 = eerste analysejaar vanaf eerste positieve jaar",4.63122661923875,6.99499939264159,463.122661923875,"model2_basis",FALSE,FALSE,NA
126,7120,"Halsbandparkiet","ring-necked parakeet",2013,2003,"index_100 = eerste analysejaar vanaf eerste positieve jaar",2.7644825146398,4.18251808269737,276.44825146398,"model2_basis",FALSE,FALSE,NA
126,7120,"Halsbandparkiet","ring-necked parakeet",2014,2003,"index_100 = eerste analysejaar vanaf eerste positieve jaar",2.84598756169397,4.32935683321173,284.598756169397,"model2_basis",FALSE,FALSE,NA
126,7120,"Halsbandparkiet","ring-necked parakeet",2015,2003,"index_100 = eerste analysejaar vanaf eerste positieve jaar",2.87088439763748,4.40081753049914,287.088439763748,"model2_basis",FALSE,FALSE,NA
126,7120,"Halsbandparkiet","ring-necked parakeet",2016,2003,"index_100 = eerste analysejaar vanaf eerste positieve jaar",2.95552648405958,4.55725808496313,295.552648405958,"model2_basis",FALSE,FALSE,NA
126,7120,"Halsbandparkiet","ring-necked parakeet",2017,2003,"index_100 = eerste analysejaar vanaf eerste positieve jaar",0,1.87519045130263,0,"model2_basis",FALSE,FALSE,NA
126,7120,"Halsbandparkiet","ring-necked parakeet",2018,2003,"index_100 = eerste analysejaar vanaf eerste positieve jaar",0,1.90263270635302,0,"model2_basis",FALSE,FALSE,NA
126,7120,"Halsbandparkiet","ring-necked parakeet",2019,2003,"index_100 = eerste analysejaar vanaf eerste positieve jaar",3.22472219148719,5.06776518274678,322.472219148719,"model2_basis",FALSE,FALSE,NA
126,7120,"Halsbandparkiet","ring-necked parakeet",2020,2003,"index_100 = eerste analysejaar vanaf eerste positieve jaar",8,12.3962875579984,800,"model2_basis",FALSE,FALSE,NA
126,7120,"Halsbandparkiet","ring-necked parakeet",2021,2003,"index_100 = eerste analysejaar vanaf eerste positieve jaar",4,6.43487079779571,400,"model2_basis",FALSE,FALSE,NA
126,7120,"Halsbandparkiet","ring-necked parakeet",2022,2003,"index_100 = eerste analysejaar vanaf eerste positieve jaar",6,9.39927138103107,600,"model2_basis",FALSE,FALSE,NA
127,7240,"Koekoek","cuckoo",1997,1997,"index_100 = eerste analysejaar vanaf eerste positieve jaar",1,0,100,"model3_overdisp",TRUE,FALSE,"Overdispersion 0.6 <1; consider setting overdisp=FALSE"
127,7240,"Koekoek","cuckoo",1998,1997,"index_100 = eerste analysejaar vanaf eerste positieve jaar",0.989196136415927,0.175018235604322,98.9196136415927,"model3_overdisp",TRUE,FALSE,"Overdispersion 0.6 <1; consider setting overdisp=FALSE"
127,7240,"Koekoek","cuckoo",1999,1997,"index_100 = eerste analysejaar vanaf eerste positieve jaar",0.72972972972973,0.138473507926613,72.972972972973,"model3_overdisp",TRUE,FALSE,"Overdispersion 0.6 <1; consider setting overdisp=FALSE"
127,7240,"Koekoek","cuckoo",2000,1997,"index_100 = eerste analysejaar vanaf eerste positieve jaar",0.562819961202874,0.12394094200024,56.2819961202874,"model3_overdisp",TRUE,FALSE,"Overdispersion 0.6 <1; consider setting overdisp=FALSE"
127,7240,"Koekoek","cuckoo",2001,1997,"index_100 = eerste analysejaar vanaf eerste positieve jaar",0.702702702702703,0.134819208733271,70.2702702702703,"model3_overdisp",TRUE,FALSE,"Overdispersion 0.6 <1; consider setting overdisp=FALSE"
127,7240,"Koekoek","cuckoo",2002,1997,"index_100 = eerste analysejaar vanaf eerste positieve jaar",0.702702702702703,0.134819208733271,70.2702702702703,"model3_overdisp",TRUE,FALSE,"Overdispersion 0.6 <1; consider setting overdisp=FALSE"
127,7240,"Koekoek","cuckoo",2003,1997,"index_100 = eerste analysejaar vanaf eerste positieve jaar",0.592278537460302,0.121382755542854,59.2278537460302,"model3_overdisp",TRUE,FALSE,"Overdispersion 0.6 <1; consider setting overdisp=FALSE"
127,7240,"Koekoek","cuckoo",2004,1997,"index_100 = eerste analysejaar vanaf eerste positieve jaar",0.594594594594595,0.120014072023958,59.4594594594595,"model3_overdisp",TRUE,FALSE,"Overdispersion 0.6 <1; consider setting overdisp=FALSE"
127,7240,"Koekoek","cuckoo",2005,1997,"index_100 = eerste analysejaar vanaf eerste positieve jaar",0.567567567567568,0.116256828005762,56.7567567567568,"model3_overdisp",TRUE,FALSE,"Overdispersion 0.6 <1; consider setting overdisp=FALSE"
127,7240,"Koekoek","cuckoo",2006,1997,"index_100 = eerste analysejaar vanaf eerste positieve jaar",0.585057443235163,0.121859931280621,58.5057443235163,"model3_overdisp",TRUE,FALSE,"Overdispersion 0.6 <1; consider setting overdisp=FALSE"
127,7240,"Koekoek","cuckoo",2007,1997,"index_100 = eerste analysejaar vanaf eerste positieve jaar",0.689200705967766,0.13554304481069,68.9200705967766,"model3_overdisp",TRUE,FALSE,"Overdispersion 0.6 <1; consider setting overdisp=FALSE"
127,7240,"Koekoek","cuckoo",2008,1997,"index_100 = eerste analysejaar vanaf eerste positieve jaar",0.543113606433209,0.119556385385029,54.3113606433209,"model3_overdisp",TRUE,FALSE,"Overdispersion 0.6 <1; consider setting overdisp=FALSE"
127,7240,"Koekoek","cuckoo",2009,1997,"index_100 = eerste analysejaar vanaf eerste positieve jaar",0.539699051790228,0.11427700964895,53.9699051790228,"model3_overdisp",TRUE,FALSE,"Overdispersion 0.6 <1; consider setting overdisp=FALSE"
127,7240,"Koekoek","cuckoo",2010,1997,"index_100 = eerste analysejaar vanaf eerste positieve jaar",0.537136897963721,0.113723393473771,53.7136897963721,"model3_overdisp",TRUE,FALSE,"Overdispersion 0.6 <1; consider setting overdisp=FALSE"
127,7240,"Koekoek","cuckoo",2011,1997,"index_100 = eerste analysejaar vanaf eerste positieve jaar",0.488831024958525,0.105324837558685,48.8831024958525,"model3_overdisp",TRUE,FALSE,"Overdispersion 0.6 <1; consider setting overdisp=FALSE"
127,7240,"Koekoek","cuckoo",2012,1997,"index_100 = eerste analysejaar vanaf eerste positieve jaar",0.420630618847521,0.0965651799726886,42.0630618847521,"model3_overdisp",TRUE,FALSE,"Overdispersion 0.6 <1; consider setting overdisp=FALSE"
127,7240,"Koekoek","cuckoo",2013,1997,"index_100 = eerste analysejaar vanaf eerste positieve jaar",0.398557358799075,0.0938096239281309,39.8557358799075,"model3_overdisp",TRUE,FALSE,"Overdispersion 0.6 <1; consider setting overdisp=FALSE"
127,7240,"Koekoek","cuckoo",2014,1997,"index_100 = eerste analysejaar vanaf eerste positieve jaar",0.512430889884525,0.110474433440396,51.2430889884525,"model3_overdisp",TRUE,FALSE,"Overdispersion 0.6 <1; consider setting overdisp=FALSE"
127,7240,"Koekoek","cuckoo",2015,1997,"index_100 = eerste analysejaar vanaf eerste positieve jaar",0.678931979109063,0.131791106160129,67.8931979109063,"model3_overdisp",TRUE,FALSE,"Overdispersion 0.6 <1; consider setting overdisp=FALSE"
127,7240,"Koekoek","cuckoo",2016,1997,"index_100 = eerste analysejaar vanaf eerste positieve jaar",0.530451842343467,0.112292655510195,53.0451842343467,"model3_overdisp",TRUE,FALSE,"Overdispersion 0.6 <1; consider setting overdisp=FALSE"
127,7240,"Koekoek","cuckoo",2017,1997,"index_100 = eerste analysejaar vanaf eerste positieve jaar",0.3611514388717,0.0873214501873967,36.11514388717,"model3_overdisp",TRUE,FALSE,"Overdispersion 0.6 <1; consider setting overdisp=FALSE"
127,7240,"Koekoek","cuckoo",2018,1997,"index_100 = eerste analysejaar vanaf eerste positieve jaar",0.438334167949393,0.100677137973458,43.8334167949393,"model3_overdisp",TRUE,FALSE,"Overdispersion 0.6 <1; consider setting overdisp=FALSE"
127,7240,"Koekoek","cuckoo",2019,1997,"index_100 = eerste analysejaar vanaf eerste positieve jaar",0.6517746999447,0.128082525978584,65.17746999447,"model3_overdisp",TRUE,FALSE,"Overdispersion 0.6 <1; consider setting overdisp=FALSE"
127,7240,"Koekoek","cuckoo",2020,1997,"index_100 = eerste analysejaar vanaf eerste positieve jaar",0.523732152308985,0.112942896748497,52.3732152308985,"model3_overdisp",TRUE,FALSE,"Overdispersion 0.6 <1; consider setting overdisp=FALSE"
127,7240,"Koekoek","cuckoo",2021,1997,"index_100 = eerste analysejaar vanaf eerste positieve jaar",0.567567567567568,0.116256828005762,56.7567567567568,"model3_overdisp",TRUE,FALSE,"Overdispersion 0.6 <1; consider setting overdisp=FALSE"
127,7240,"Koekoek","cuckoo",2022,1997,"index_100 = eerste analysejaar vanaf eerste positieve jaar",0.583263398812625,0.121482532489851,58.3263398812625,"model3_overdisp",TRUE,FALSE,"Overdispersion 0.6 <1; consider setting overdisp=FALSE"
131,7610,"Bosuil","tawny owl",1997,1997,"index_100 = eerste analysejaar vanaf eerste positieve jaar",1,0,100,"model3_overdisp",TRUE,FALSE,"Overdispersion 1.0 <1; consider setting overdisp=FALSE"
131,7610,"Bosuil","tawny owl",1998,1997,"index_100 = eerste analysejaar vanaf eerste positieve jaar",0.903535344772624,0.542108942096785,90.3535344772624,"model3_overdisp",TRUE,FALSE,"Overdispersion 1.0 <1; consider setting overdisp=FALSE"
131,7610,"Bosuil","tawny owl",1999,1997,"index_100 = eerste analysejaar vanaf eerste positieve jaar",1.33333333333333,0.7124173709373,133.333333333333,"model3_overdisp",TRUE,FALSE,"Overdispersion 1.0 <1; consider setting overdisp=FALSE"
131,7610,"Bosuil","tawny owl",2000,1997,"index_100 = eerste analysejaar vanaf eerste positieve jaar",0.636146055557072,0.446395999578599,63.6146055557072,"model3_overdisp",TRUE,FALSE,"Overdispersion 1.0 <1; consider setting overdisp=FALSE"
131,7610,"Bosuil","tawny owl",2001,1997,"index_100 = eerste analysejaar vanaf eerste positieve jaar",0.333333333333333,0.269268456168936,33.3333333333333,"model3_overdisp",TRUE,FALSE,"Overdispersion 1.0 <1; consider setting overdisp=FALSE"
131,7610,"Bosuil","tawny owl",2002,1997,"index_100 = eerste analysejaar vanaf eerste positieve jaar",0.333333333333333,0.269268456168936,33.3333333333333,"model3_overdisp",TRUE,FALSE,"Overdispersion 1.0 <1; consider setting overdisp=FALSE"
131,7610,"Bosuil","tawny owl",2003,1997,"index_100 = eerste analysejaar vanaf eerste positieve jaar",0.69474615441556,0.443911749625461,69.474615441556,"model3_overdisp",TRUE,FALSE,"Overdispersion 1.0 <1; consider setting overdisp=FALSE"
131,7610,"Bosuil","tawny owl",2004,1997,"index_100 = eerste analysejaar vanaf eerste positieve jaar",0.833333333333333,0.499237079315662,83.3333333333333,"model3_overdisp",TRUE,FALSE,"Overdispersion 1.0 <1; consider setting overdisp=FALSE"
131,7610,"Bosuil","tawny owl",2005,1997,"index_100 = eerste analysejaar vanaf eerste positieve jaar",0.5,0.349789985220173,50,"model3_overdisp",TRUE,FALSE,"Overdispersion 1.0 <1; consider setting overdisp=FALSE"
131,7610,"Bosuil","tawny owl",2006,1997,"index_100 = eerste analysejaar vanaf eerste positieve jaar",0.73057351828949,0.467246387082538,73.057351828949,"model3_overdisp",TRUE,FALSE,"Overdispersion 1.0 <1; consider setting overdisp=FALSE"
131,7610,"Bosuil","tawny owl",2007,1997,"index_100 = eerste analysejaar vanaf eerste positieve jaar",0.747857539850352,0.478462215699669,74.7857539850352,"model3_overdisp",TRUE,FALSE,"Overdispersion 1.0 <1; consider setting overdisp=FALSE"
131,7610,"Bosuil","tawny owl",2008,1997,"index_100 = eerste analysejaar vanaf eerste positieve jaar",0.519291036822369,0.42157031428024,51.9291036822369,"model3_overdisp",TRUE,FALSE,"Overdispersion 1.0 <1; consider setting overdisp=FALSE"
131,7610,"Bosuil","tawny owl",2009,1997,"index_100 = eerste analysejaar vanaf eerste positieve jaar",0.947998020181255,0.609578257138021,94.7998020181255,"model3_overdisp",TRUE,FALSE,"Overdispersion 1.0 <1; consider setting overdisp=FALSE"
131,7610,"Bosuil","tawny owl",2010,1997,"index_100 = eerste analysejaar vanaf eerste positieve jaar",0.525625011356902,0.367948898704265,52.5625011356902,"model3_overdisp",TRUE,FALSE,"Overdispersion 1.0 <1; consider setting overdisp=FALSE"
131,7610,"Bosuil","tawny owl",2011,1997,"index_100 = eerste analysejaar vanaf eerste positieve jaar",0.853679309615677,0.547770598267678,85.3679309615677,"model3_overdisp",TRUE,FALSE,"Overdispersion 1.0 <1; consider setting overdisp=FALSE"
131,7610,"Bosuil","tawny owl",2012,1997,"index_100 = eerste analysejaar vanaf eerste positieve jaar",0.213419827403919,0.228453325360285,21.3419827403919,"model3_overdisp",TRUE,FALSE,"Overdispersion 1.0 <1; consider setting overdisp=FALSE"
131,7610,"Bosuil","tawny owl",2013,1997,"index_100 = eerste analysejaar vanaf eerste positieve jaar",0.227630146716208,0.243766002617491,22.7630146716208,"model3_overdisp",TRUE,FALSE,"Overdispersion 1.0 <1; consider setting overdisp=FALSE"
131,7610,"Bosuil","tawny owl",2014,1997,"index_100 = eerste analysejaar vanaf eerste positieve jaar",0.227630146716208,0.243766002617491,22.7630146716208,"model3_overdisp",TRUE,FALSE,"Overdispersion 1.0 <1; consider setting overdisp=FALSE"
131,7610,"Bosuil","tawny owl",2015,1997,"index_100 = eerste analysejaar vanaf eerste positieve jaar",0.640259482211758,0.449685708057791,64.0259482211758,"model3_overdisp",TRUE,FALSE,"Overdispersion 1.0 <1; consider setting overdisp=FALSE"
131,7610,"Bosuil","tawny owl",2016,1997,"index_100 = eerste analysejaar vanaf eerste positieve jaar",0.721023712647431,0.507354124597004,72.1023712647431,"model3_overdisp",TRUE,FALSE,"Overdispersion 1.0 <1; consider setting overdisp=FALSE"
131,7610,"Bosuil","tawny owl",2017,1997,"index_100 = eerste analysejaar vanaf eerste positieve jaar",0.547930138717118,0.383788614659983,54.7930138717118,"model3_overdisp",TRUE,FALSE,"Overdispersion 1.0 <1; consider setting overdisp=FALSE"
131,7610,"Bosuil","tawny owl",2018,1997,"index_100 = eerste analysejaar vanaf eerste positieve jaar",0.763168163142734,0.488453910530821,76.3168163142734,"model3_overdisp",TRUE,FALSE,"Overdispersion 1.0 <1; consider setting overdisp=FALSE"
131,7610,"Bosuil","tawny owl",2019,1997,"index_100 = eerste analysejaar vanaf eerste positieve jaar",1.18499752522657,0.715456771665339,118.499752522657,"model3_overdisp",TRUE,FALSE,"Overdispersion 1.0 <1; consider setting overdisp=FALSE"
131,7610,"Bosuil","tawny owl",2020,1997,"index_100 = eerste analysejaar vanaf eerste positieve jaar",0.585661317912968,0.410585221301676,58.5661317912968,"model3_overdisp",TRUE,FALSE,"Overdispersion 1.0 <1; consider setting overdisp=FALSE"
131,7610,"Bosuil","tawny owl",2021,1997,"index_100 = eerste analysejaar vanaf eerste positieve jaar",0.70083334847587,0.447909633381279,70.083334847587,"model3_overdisp",TRUE,FALSE,"Overdispersion 1.0 <1; consider setting overdisp=FALSE"
131,7610,"Bosuil","tawny owl",2022,1997,"index_100 = eerste analysejaar vanaf eerste positieve jaar",0.484156031792852,0.392626349079499,48.4156031792852,"model3_overdisp",TRUE,FALSE,"Overdispersion 1.0 <1; consider setting overdisp=FALSE"
132,7670,"Ransuil","Long-eared Owl",2005,2005,"index_100 = eerste analysejaar vanaf eerste positieve jaar",1,0,100,"model2_basis",FALSE,FALSE,"Data ends with 2 years without positive observations."
132,7670,"Ransuil","Long-eared Owl",2006,2005,"index_100 = eerste analysejaar vanaf eerste positieve jaar",0,0.408229956602598,0,"model2_basis",FALSE,FALSE,"Data ends with 2 years without positive observations."
132,7670,"Ransuil","Long-eared Owl",2007,2005,"index_100 = eerste analysejaar vanaf eerste positieve jaar",0.0364980844465068,0.385266797558464,3.64980844465068,"model2_basis",FALSE,FALSE,"Data ends with 2 years without positive observations."
132,7670,"Ransuil","Long-eared Owl",2008,2005,"index_100 = eerste analysejaar vanaf eerste positieve jaar",0,0.434435563687145,0,"model2_basis",FALSE,FALSE,"Data ends with 2 years without positive observations."
132,7670,"Ransuil","Long-eared Owl",2009,2005,"index_100 = eerste analysejaar vanaf eerste positieve jaar",0,0.448162609105949,0,"model2_basis",FALSE,FALSE,"Data ends with 2 years without positive observations."
132,7670,"Ransuil","Long-eared Owl",2010,2005,"index_100 = eerste analysejaar vanaf eerste positieve jaar",0,0.462323393821625,0,"model2_basis",FALSE,FALSE,"Data ends with 2 years without positive observations."
132,7670,"Ransuil","Long-eared Owl",2011,2005,"index_100 = eerste analysejaar vanaf eerste positieve jaar",0,0.476931622879352,0,"model2_basis",FALSE,FALSE,"Data ends with 2 years without positive observations."
132,7670,"Ransuil","Long-eared Owl",2012,2005,"index_100 = eerste analysejaar vanaf eerste positieve jaar",0,0.492001434368458,0,"model2_basis",FALSE,FALSE,"Data ends with 2 years without positive observations."
132,7670,"Ransuil","Long-eared Owl",2013,2005,"index_100 = eerste analysejaar vanaf eerste positieve jaar",0,0.507547413105494,0,"model2_basis",FALSE,FALSE,"Data ends with 2 years without positive observations."
132,7670,"Ransuil","Long-eared Owl",2014,2005,"index_100 = eerste analysejaar vanaf eerste positieve jaar",0,0.523584604749668,0,"model2_basis",FALSE,FALSE,"Data ends with 2 years without positive observations."
132,7670,"Ransuil","Long-eared Owl",2015,2005,"index_100 = eerste analysejaar vanaf eerste positieve jaar",1,0.669580407627178,100,"model2_basis",FALSE,FALSE,"Data ends with 2 years without positive observations."
132,7670,"Ransuil","Long-eared Owl",2016,2005,"index_100 = eerste analysejaar vanaf eerste positieve jaar",1,0.683421967360255,100,"model2_basis",FALSE,FALSE,"Data ends with 2 years without positive observations."
132,7670,"Ransuil","Long-eared Owl",2017,2005,"index_100 = eerste analysejaar vanaf eerste positieve jaar",0,0.57480113538249,0,"model2_basis",FALSE,FALSE,"Data ends with 2 years without positive observations."
132,7670,"Ransuil","Long-eared Owl",2018,2005,"index_100 = eerste analysejaar vanaf eerste positieve jaar",0,0.592963371515298,0,"model2_basis",FALSE,FALSE,"Data ends with 2 years without positive observations."
132,7670,"Ransuil","Long-eared Owl",2019,2005,"index_100 = eerste analysejaar vanaf eerste positieve jaar",0,0.611699487553761,0,"model2_basis",FALSE,FALSE,"Data ends with 2 years without positive observations."
132,7670,"Ransuil","Long-eared Owl",2020,2005,"index_100 = eerste analysejaar vanaf eerste positieve jaar",2,1.01222143071705,200,"model2_basis",FALSE,FALSE,"Data ends with 2 years without positive observations."
132,7670,"Ransuil","Long-eared Owl",2021,2005,"index_100 = eerste analysejaar vanaf eerste positieve jaar",0,0.650966464818386,0,"model2_basis",FALSE,FALSE,"Data ends with 2 years without positive observations."
132,7670,"Ransuil","Long-eared Owl",2022,2005,"index_100 = eerste analysejaar vanaf eerste positieve jaar",0,0.67153532928436,0,"model2_basis",FALSE,FALSE,"Data ends with 2 years without positive observations."
135,7780,"Nachtzwaluw","Nightjar",2002,2002,"index_100 = eerste analysejaar vanaf eerste positieve jaar",1,0,100,"model2_basis",FALSE,FALSE,NA
135,7780,"Nachtzwaluw","Nightjar",2003,2002,"index_100 = eerste analysejaar vanaf eerste positieve jaar",1,1.01386298743369,100,"model2_basis",FALSE,FALSE,NA
135,7780,"Nachtzwaluw","Nightjar",2004,2002,"index_100 = eerste analysejaar vanaf eerste positieve jaar",1,0.987309021046873,100,"model2_basis",FALSE,FALSE,NA
135,7780,"Nachtzwaluw","Nightjar",2005,2002,"index_100 = eerste analysejaar vanaf eerste positieve jaar",0,0.619409615027932,0,"model2_basis",FALSE,FALSE,NA
135,7780,"Nachtzwaluw","Nightjar",2006,2002,"index_100 = eerste analysejaar vanaf eerste positieve jaar",0,0.584426779177168,0,"model2_basis",FALSE,FALSE,NA
135,7780,"Nachtzwaluw","Nightjar",2007,2002,"index_100 = eerste analysejaar vanaf eerste positieve jaar",0,0.551419693741751,0,"model2_basis",FALSE,FALSE,NA
135,7780,"Nachtzwaluw","Nightjar",2008,2002,"index_100 = eerste analysejaar vanaf eerste positieve jaar",0.210842815828981,0.295376758090935,21.0842815828981,"model2_basis",FALSE,FALSE,NA
135,7780,"Nachtzwaluw","Nightjar",2009,2002,"index_100 = eerste analysejaar vanaf eerste positieve jaar",0.187699509518951,0.278808844267022,18.7699509518951,"model2_basis",FALSE,FALSE,NA
135,7780,"Nachtzwaluw","Nightjar",2010,2002,"index_100 = eerste analysejaar vanaf eerste positieve jaar",0,0.463168236000484,0,"model2_basis",FALSE,FALSE,NA
135,7780,"Nachtzwaluw","Nightjar",2011,2002,"index_100 = eerste analysejaar vanaf eerste positieve jaar",0,0.437009555253234,0,"model2_basis",FALSE,FALSE,NA
135,7780,"Nachtzwaluw","Nightjar",2012,2002,"index_100 = eerste analysejaar vanaf eerste positieve jaar",0,0.412328256859198,0,"model2_basis",FALSE,FALSE,NA
135,7780,"Nachtzwaluw","Nightjar",2013,2002,"index_100 = eerste analysejaar vanaf eerste positieve jaar",0,0.389040901648081,0,"model2_basis",FALSE,FALSE,NA
135,7780,"Nachtzwaluw","Nightjar",2014,2002,"index_100 = eerste analysejaar vanaf eerste positieve jaar",0,0.367068762902746,0,"model2_basis",FALSE,FALSE,NA
135,7780,"Nachtzwaluw","Nightjar",2015,2002,"index_100 = eerste analysejaar vanaf eerste positieve jaar",0,0.346337560210663,0,"model2_basis",FALSE,FALSE,NA
135,7780,"Nachtzwaluw","Nightjar",2016,2002,"index_100 = eerste analysejaar vanaf eerste positieve jaar",0,0.326777208346804,0,"model2_basis",FALSE,FALSE,NA
135,7780,"Nachtzwaluw","Nightjar",2017,2002,"index_100 = eerste analysejaar vanaf eerste positieve jaar",0,0.308321580339074,0,"model2_basis",FALSE,FALSE,NA
135,7780,"Nachtzwaluw","Nightjar",2018,2002,"index_100 = eerste analysejaar vanaf eerste positieve jaar",0.0659177096163155,0.173943933686011,6.59177096163155,"model2_basis",FALSE,FALSE,NA
135,7780,"Nachtzwaluw","Nightjar",2019,2002,"index_100 = eerste analysejaar vanaf eerste positieve jaar",0.058682207003111,0.164442665482333,5.8682207003111,"model2_basis",FALSE,FALSE,NA
135,7780,"Nachtzwaluw","Nightjar",2020,2002,"index_100 = eerste analysejaar vanaf eerste positieve jaar",0,0.258976536578707,0,"model2_basis",FALSE,FALSE,NA
135,7780,"Nachtzwaluw","Nightjar",2021,2002,"index_100 = eerste analysejaar vanaf eerste positieve jaar",0,0.24435013516593,0,"model2_basis",FALSE,FALSE,NA
135,7780,"Nachtzwaluw","Nightjar",2022,2002,"index_100 = eerste analysejaar vanaf eerste positieve jaar",1,0.772630462993121,100,"model2_basis",FALSE,FALSE,NA
137,8310,"IJsvogel","kingfisher",2009,2009,"index_100 = eerste analysejaar vanaf eerste positieve jaar",1,0,100,"model2_basis",FALSE,FALSE,"Data ends with 1 years without positive observations."
137,8310,"IJsvogel","kingfisher",2010,2009,"index_100 = eerste analysejaar vanaf eerste positieve jaar",0,0.811545747672087,0,"model2_basis",FALSE,FALSE,"Data ends with 1 years without positive observations."
137,8310,"IJsvogel","kingfisher",2011,2009,"index_100 = eerste analysejaar vanaf eerste positieve jaar",0,0.855040578301468,0,"model2_basis",FALSE,FALSE,"Data ends with 1 years without positive observations."
137,8310,"IJsvogel","kingfisher",2012,2009,"index_100 = eerste analysejaar vanaf eerste positieve jaar",0.104490656550922,0.856312031646608,10.4490656550922,"model2_basis",FALSE,FALSE,"Data ends with 1 years without positive observations."
137,8310,"IJsvogel","kingfisher",2013,2009,"index_100 = eerste analysejaar vanaf eerste positieve jaar",0.0564365504530125,0.925275045708116,5.64365504530125,"model2_basis",FALSE,FALSE,"Data ends with 1 years without positive observations."
137,8310,"IJsvogel","kingfisher",2014,2009,"index_100 = eerste analysejaar vanaf eerste positieve jaar",2.06264809931631,1.85561461844021,206.264809931631,"model2_basis",FALSE,FALSE,"Data ends with 1 years without positive observations."
137,8310,"IJsvogel","kingfisher",2015,2009,"index_100 = eerste analysejaar vanaf eerste positieve jaar",4,3.25622406962557,400,"model2_basis",FALSE,FALSE,"Data ends with 1 years without positive observations."
137,8310,"IJsvogel","kingfisher",2016,2009,"index_100 = eerste analysejaar vanaf eerste positieve jaar",1,1.35114370341633,100,"model2_basis",FALSE,FALSE,"Data ends with 1 years without positive observations."
137,8310,"IJsvogel","kingfisher",2017,2009,"index_100 = eerste analysejaar vanaf eerste positieve jaar",1,1.40043476686082,100,"model2_basis",FALSE,FALSE,"Data ends with 1 years without positive observations."
137,8310,"IJsvogel","kingfisher",2018,2009,"index_100 = eerste analysejaar vanaf eerste positieve jaar",0.195506900453693,1.16804389213951,19.5506900453693,"model2_basis",FALSE,FALSE,"Data ends with 1 years without positive observations."
137,8310,"IJsvogel","kingfisher",2019,2009,"index_100 = eerste analysejaar vanaf eerste positieve jaar",2,2.01465059854506,200,"model2_basis",FALSE,FALSE,"Data ends with 1 years without positive observations."
137,8310,"IJsvogel","kingfisher",2020,2009,"index_100 = eerste analysejaar vanaf eerste positieve jaar",4,3.37105428987977,400,"model2_basis",FALSE,FALSE,"Data ends with 1 years without positive observations."
137,8310,"IJsvogel","kingfisher",2021,2009,"index_100 = eerste analysejaar vanaf eerste positieve jaar",2,2.10956804561937,200,"model2_basis",FALSE,FALSE,"Data ends with 1 years without positive observations."
137,8310,"IJsvogel","kingfisher",2022,2009,"index_100 = eerste analysejaar vanaf eerste positieve jaar",0.444592723676347,1.50944849974905,44.4592723676347,"model2_basis",FALSE,FALSE,"Data ends with 1 years without positive observations."
142,8560,"Groene Specht","European Green Woodpecker",1997,1997,"index_100 = eerste analysejaar vanaf eerste positieve jaar",1,0,100,"model3_overdisp",TRUE,FALSE,"Overdispersion 0.8 <1; consider setting overdisp=FALSE"
142,8560,"Groene Specht","European Green Woodpecker",1998,1997,"index_100 = eerste analysejaar vanaf eerste positieve jaar",0.924835436369741,0.260755420785056,92.4835436369741,"model3_overdisp",TRUE,FALSE,"Overdispersion 0.8 <1; consider setting overdisp=FALSE"
142,8560,"Groene Specht","European Green Woodpecker",1999,1997,"index_100 = eerste analysejaar vanaf eerste positieve jaar",0.787161860287716,0.22890657806432,78.7161860287715,"model3_overdisp",TRUE,FALSE,"Overdispersion 0.8 <1; consider setting overdisp=FALSE"
142,8560,"Groene Specht","European Green Woodpecker",2000,1997,"index_100 = eerste analysejaar vanaf eerste positieve jaar",0.771739417883415,0.245434085977215,77.1739417883415,"model3_overdisp",TRUE,FALSE,"Overdispersion 0.8 <1; consider setting overdisp=FALSE"
142,8560,"Groene Specht","European Green Woodpecker",2001,1997,"index_100 = eerste analysejaar vanaf eerste positieve jaar",0.393580930143858,0.142733481193967,39.3580930143858,"model3_overdisp",TRUE,FALSE,"Overdispersion 0.8 <1; consider setting overdisp=FALSE"
142,8560,"Groene Specht","European Green Woodpecker",2002,1997,"index_100 = eerste analysejaar vanaf eerste positieve jaar",0.541173778947804,0.176115960573326,54.1173778947804,"model3_overdisp",TRUE,FALSE,"Overdispersion 0.8 <1; consider setting overdisp=FALSE"
142,8560,"Groene Specht","European Green Woodpecker",2003,1997,"index_100 = eerste analysejaar vanaf eerste positieve jaar",0.614027477961661,0.194488011731296,61.4027477961661,"model3_overdisp",TRUE,FALSE,"Overdispersion 0.8 <1; consider setting overdisp=FALSE"
142,8560,"Groene Specht","European Green Woodpecker",2004,1997,"index_100 = eerste analysejaar vanaf eerste positieve jaar",0.541173778947804,0.176115960573326,54.1173778947804,"model3_overdisp",TRUE,FALSE,"Overdispersion 0.8 <1; consider setting overdisp=FALSE"
142,8560,"Groene Specht","European Green Woodpecker",2005,1997,"index_100 = eerste analysejaar vanaf eerste positieve jaar",0.541173778947804,0.176115960573326,54.1173778947804,"model3_overdisp",TRUE,FALSE,"Overdispersion 0.8 <1; consider setting overdisp=FALSE"
142,8560,"Groene Specht","European Green Woodpecker",2006,1997,"index_100 = eerste analysejaar vanaf eerste positieve jaar",0.44277854641184,0.154073913667028,44.277854641184,"model3_overdisp",TRUE,FALSE,"Overdispersion 0.8 <1; consider setting overdisp=FALSE"
142,8560,"Groene Specht","European Green Woodpecker",2007,1997,"index_100 = eerste analysejaar vanaf eerste positieve jaar",0.565326227696452,0.184093460575483,56.5326227696452,"model3_overdisp",TRUE,FALSE,"Overdispersion 0.8 <1; consider setting overdisp=FALSE"
142,8560,"Groene Specht","European Green Woodpecker",2008,1997,"index_100 = eerste analysejaar vanaf eerste positieve jaar",0.789517676275178,0.258622797883081,78.9517676275178,"model3_overdisp",TRUE,FALSE,"Overdispersion 0.8 <1; consider setting overdisp=FALSE"
142,8560,"Groene Specht","European Green Woodpecker",2009,1997,"index_100 = eerste analysejaar vanaf eerste positieve jaar",0.705825064983761,0.224209024178136,70.5825064983761,"model3_overdisp",TRUE,FALSE,"Overdispersion 0.8 <1; consider setting overdisp=FALSE"
142,8560,"Groene Specht","European Green Woodpecker",2010,1997,"index_100 = eerste analysejaar vanaf eerste positieve jaar",0.891746565968878,0.255363929272074,89.1746565968878,"model3_overdisp",TRUE,FALSE,"Overdispersion 0.8 <1; consider setting overdisp=FALSE"
142,8560,"Groene Specht","European Green Woodpecker",2011,1997,"index_100 = eerste analysejaar vanaf eerste positieve jaar",0.783670728833363,0.23741162479662,78.3670728833363,"model3_overdisp",TRUE,FALSE,"Overdispersion 0.8 <1; consider setting overdisp=FALSE"
142,8560,"Groene Specht","European Green Woodpecker",2012,1997,"index_100 = eerste analysejaar vanaf eerste positieve jaar",0.741228230089665,0.22948925893948,74.1228230089665,"model3_overdisp",TRUE,FALSE,"Overdispersion 0.8 <1; consider setting overdisp=FALSE"
142,8560,"Groene Specht","European Green Woodpecker",2013,1997,"index_100 = eerste analysejaar vanaf eerste positieve jaar",0.364509666014347,0.147441964315926,36.4509666014347,"model3_overdisp",TRUE,FALSE,"Overdispersion 0.8 <1; consider setting overdisp=FALSE"
142,8560,"Groene Specht","European Green Woodpecker",2014,1997,"index_100 = eerste analysejaar vanaf eerste positieve jaar",0.182254833007174,0.0979478989786455,18.2254833007174,"model3_overdisp",TRUE,FALSE,"Overdispersion 0.8 <1; consider setting overdisp=FALSE"
142,8560,"Groene Specht","European Green Woodpecker",2015,1997,"index_100 = eerste analysejaar vanaf eerste positieve jaar",0.447811845047636,0.162712289722667,44.7811845047636,"model3_overdisp",TRUE,FALSE,"Overdispersion 0.8 <1; consider setting overdisp=FALSE"
142,8560,"Groene Specht","European Green Woodpecker",2016,1997,"index_100 = eerste analysejaar vanaf eerste positieve jaar",0.3693948378039,0.149437491712355,36.93948378039,"model3_overdisp",TRUE,FALSE,"Overdispersion 0.8 <1; consider setting overdisp=FALSE"
142,8560,"Groene Specht","European Green Woodpecker",2017,1997,"index_100 = eerste analysejaar vanaf eerste positieve jaar",0.267317856868848,0.115943164058166,26.7317856868848,"model3_overdisp",TRUE,FALSE,"Overdispersion 0.8 <1; consider setting overdisp=FALSE"
142,8560,"Groene Specht","European Green Woodpecker",2018,1997,"index_100 = eerste analysejaar vanaf eerste positieve jaar",0.656874216816046,0.208200082137852,65.6874216816046,"model3_overdisp",TRUE,FALSE,"Overdispersion 0.8 <1; consider setting overdisp=FALSE"
142,8560,"Groene Specht","European Green Woodpecker",2019,1997,"index_100 = eerste analysejaar vanaf eerste positieve jaar",0.503788325678591,0.175669045668373,50.3788325678591,"model3_overdisp",TRUE,FALSE,"Overdispersion 0.8 <1; consider setting overdisp=FALSE"
142,8560,"Groene Specht","European Green Woodpecker",2020,1997,"index_100 = eerste analysejaar vanaf eerste positieve jaar",0.286666855133609,0.124413994485664,28.6666855133609,"model3_overdisp",TRUE,FALSE,"Overdispersion 0.8 <1; consider setting overdisp=FALSE"
142,8560,"Groene Specht","European Green Woodpecker",2021,1997,"index_100 = eerste analysejaar vanaf eerste positieve jaar",0.262278401755552,0.113740152210895,26.2278401755552,"model3_overdisp",TRUE,FALSE,"Overdispersion 0.8 <1; consider setting overdisp=FALSE"
142,8560,"Groene Specht","European Green Woodpecker",2022,1997,"index_100 = eerste analysejaar vanaf eerste positieve jaar",0.285110960082855,0.123720876404582,28.5110960082855,"model3_overdisp",TRUE,FALSE,"Overdispersion 0.8 <1; consider setting overdisp=FALSE"
144,8760,"Grote Bonte Specht","great spotted woodpecker",1997,1997,"index_100 = eerste analysejaar vanaf eerste positieve jaar",1,0,100,"model3_overdisp",TRUE,FALSE,"Overdispersion 0.5 <1; consider setting overdisp=FALSE"
144,8760,"Grote Bonte Specht","great spotted woodpecker",1998,1997,"index_100 = eerste analysejaar vanaf eerste positieve jaar",1.36859015881326,0.274473324792116,136.859015881326,"model3_overdisp",TRUE,FALSE,"Overdispersion 0.5 <1; consider setting overdisp=FALSE"
144,8760,"Grote Bonte Specht","great spotted woodpecker",1999,1997,"index_100 = eerste analysejaar vanaf eerste positieve jaar",1.39130434782609,0.275135380608821,139.130434782609,"model3_overdisp",TRUE,FALSE,"Overdispersion 0.5 <1; consider setting overdisp=FALSE"
144,8760,"Grote Bonte Specht","great spotted woodpecker",2000,1997,"index_100 = eerste analysejaar vanaf eerste positieve jaar",1.52380697677636,0.310648474168153,152.380697677636,"model3_overdisp",TRUE,FALSE,"Overdispersion 0.5 <1; consider setting overdisp=FALSE"
144,8760,"Grote Bonte Specht","great spotted woodpecker",2001,1997,"index_100 = eerste analysejaar vanaf eerste positieve jaar",1.8695652173913,0.349378602280108,186.95652173913,"model3_overdisp",TRUE,FALSE,"Overdispersion 0.5 <1; consider setting overdisp=FALSE"
144,8760,"Grote Bonte Specht","great spotted woodpecker",2002,1997,"index_100 = eerste analysejaar vanaf eerste positieve jaar",1.73913043478261,0.329223159075543,173.913043478261,"model3_overdisp",TRUE,FALSE,"Overdispersion 0.5 <1; consider setting overdisp=FALSE"
144,8760,"Grote Bonte Specht","great spotted woodpecker",2003,1997,"index_100 = eerste analysejaar vanaf eerste positieve jaar",1.69565217391304,0.322491487721131,169.565217391304,"model3_overdisp",TRUE,FALSE,"Overdispersion 0.5 <1; consider setting overdisp=FALSE"
144,8760,"Grote Bonte Specht","great spotted woodpecker",2004,1997,"index_100 = eerste analysejaar vanaf eerste positieve jaar",1.73913043478261,0.329223159075543,173.913043478261,"model3_overdisp",TRUE,FALSE,"Overdispersion 0.5 <1; consider setting overdisp=FALSE"
144,8760,"Grote Bonte Specht","great spotted woodpecker",2005,1997,"index_100 = eerste analysejaar vanaf eerste positieve jaar",1.52173913043478,0.295486828324543,152.173913043478,"model3_overdisp",TRUE,FALSE,"Overdispersion 0.5 <1; consider setting overdisp=FALSE"
144,8760,"Grote Bonte Specht","great spotted woodpecker",2006,1997,"index_100 = eerste analysejaar vanaf eerste positieve jaar",1.52173913043478,0.295486828324543,152.173913043478,"model3_overdisp",TRUE,FALSE,"Overdispersion 0.5 <1; consider setting overdisp=FALSE"
144,8760,"Grote Bonte Specht","great spotted woodpecker",2007,1997,"index_100 = eerste analysejaar vanaf eerste positieve jaar",1.84583104051783,0.349558085743632,184.583104051783,"model3_overdisp",TRUE,FALSE,"Overdispersion 0.5 <1; consider setting overdisp=FALSE"
144,8760,"Grote Bonte Specht","great spotted woodpecker",2008,1997,"index_100 = eerste analysejaar vanaf eerste positieve jaar",1.75223355210086,0.354752672705598,175.223355210086,"model3_overdisp",TRUE,FALSE,"Overdispersion 0.5 <1; consider setting overdisp=FALSE"
144,8760,"Grote Bonte Specht","great spotted woodpecker",2009,1997,"index_100 = eerste analysejaar vanaf eerste positieve jaar",1.7801247180143,0.348223235729912,178.01247180143,"model3_overdisp",TRUE,FALSE,"Overdispersion 0.5 <1; consider setting overdisp=FALSE"
144,8760,"Grote Bonte Specht","great spotted woodpecker",2010,1997,"index_100 = eerste analysejaar vanaf eerste positieve jaar",2.59151143046041,0.463277231137819,259.151143046041,"model3_overdisp",TRUE,FALSE,"Overdispersion 0.5 <1; consider setting overdisp=FALSE"
144,8760,"Grote Bonte Specht","great spotted woodpecker",2011,1997,"index_100 = eerste analysejaar vanaf eerste positieve jaar",2.3291059067967,0.429326391591227,232.91059067967,"model3_overdisp",TRUE,FALSE,"Overdispersion 0.5 <1; consider setting overdisp=FALSE"
144,8760,"Grote Bonte Specht","great spotted woodpecker",2012,1997,"index_100 = eerste analysejaar vanaf eerste positieve jaar",2.67282699598144,0.483529811162067,267.282699598144,"model3_overdisp",TRUE,FALSE,"Overdispersion 0.5 <1; consider setting overdisp=FALSE"
144,8760,"Grote Bonte Specht","great spotted woodpecker",2013,1997,"index_100 = eerste analysejaar vanaf eerste positieve jaar",1.68673096784059,0.334099236492175,168.673096784059,"model3_overdisp",TRUE,FALSE,"Overdispersion 0.5 <1; consider setting overdisp=FALSE"
144,8760,"Grote Bonte Specht","great spotted woodpecker",2014,1997,"index_100 = eerste analysejaar vanaf eerste positieve jaar",2.74093782274096,0.497492326652457,274.093782274096,"model3_overdisp",TRUE,FALSE,"Overdispersion 0.5 <1; consider setting overdisp=FALSE"
144,8760,"Grote Bonte Specht","great spotted woodpecker",2015,1997,"index_100 = eerste analysejaar vanaf eerste positieve jaar",2.37866135162216,0.436961752658567,237.866135162216,"model3_overdisp",TRUE,FALSE,"Overdispersion 0.5 <1; consider setting overdisp=FALSE"
144,8760,"Grote Bonte Specht","great spotted woodpecker",2016,1997,"index_100 = eerste analysejaar vanaf eerste positieve jaar",2.49079871996423,0.46290783049667,249.079871996423,"model3_overdisp",TRUE,FALSE,"Overdispersion 0.5 <1; consider setting overdisp=FALSE"
144,8760,"Grote Bonte Specht","great spotted woodpecker",2017,1997,"index_100 = eerste analysejaar vanaf eerste positieve jaar",2.53745418094399,0.458708321487686,253.745418094399,"model3_overdisp",TRUE,FALSE,"Overdispersion 0.5 <1; consider setting overdisp=FALSE"
144,8760,"Grote Bonte Specht","great spotted woodpecker",2018,1997,"index_100 = eerste analysejaar vanaf eerste positieve jaar",2.5498208467576,0.458259482612558,254.98208467576,"model3_overdisp",TRUE,FALSE,"Overdispersion 0.5 <1; consider setting overdisp=FALSE"
144,8760,"Grote Bonte Specht","great spotted woodpecker",2019,1997,"index_100 = eerste analysejaar vanaf eerste positieve jaar",2.22999501714578,0.414039722729242,222.999501714578,"model3_overdisp",TRUE,FALSE,"Overdispersion 0.5 <1; consider setting overdisp=FALSE"
144,8760,"Grote Bonte Specht","great spotted woodpecker",2020,1997,"index_100 = eerste analysejaar vanaf eerste positieve jaar",2.96751378460817,0.528385731805018,296.751378460817,"model3_overdisp",TRUE,FALSE,"Overdispersion 0.5 <1; consider setting overdisp=FALSE"
144,8760,"Grote Bonte Specht","great spotted woodpecker",2021,1997,"index_100 = eerste analysejaar vanaf eerste positieve jaar",3,0.522526795856619,300,"model3_overdisp",TRUE,FALSE,"Overdispersion 0.5 <1; consider setting overdisp=FALSE"
144,8760,"Grote Bonte Specht","great spotted woodpecker",2022,1997,"index_100 = eerste analysejaar vanaf eerste positieve jaar",2.83864407598881,0.505183654640569,283.864407598881,"model3_overdisp",TRUE,FALSE,"Overdispersion 0.5 <1; consider setting overdisp=FALSE"
146,8870,"Kleine Bonte Specht","lesser spotted woodpecker",2005,2005,"index_100 = eerste analysejaar vanaf eerste positieve jaar",1,0,100,"model2_basis",FALSE,FALSE,NA
146,8870,"Kleine Bonte Specht","lesser spotted woodpecker",2006,2005,"index_100 = eerste analysejaar vanaf eerste positieve jaar",0.123179090587495,1.09595885341895,12.3179090587495,"model2_basis",FALSE,FALSE,NA
146,8870,"Kleine Bonte Specht","lesser spotted woodpecker",2007,2005,"index_100 = eerste analysejaar vanaf eerste positieve jaar",0.384416299593264,1.14220575368875,38.4416299593264,"model2_basis",FALSE,FALSE,NA
146,8870,"Kleine Bonte Specht","lesser spotted woodpecker",2008,2005,"index_100 = eerste analysejaar vanaf eerste positieve jaar",1.41831056375182,1.87029430540754,141.831056375182,"model2_basis",FALSE,FALSE,NA
146,8870,"Kleine Bonte Specht","lesser spotted woodpecker",2009,2005,"index_100 = eerste analysejaar vanaf eerste positieve jaar",3.16559733477513,3.59149091129331,316.559733477513,"model2_basis",FALSE,FALSE,NA
146,8870,"Kleine Bonte Specht","lesser spotted woodpecker",2010,2005,"index_100 = eerste analysejaar vanaf eerste positieve jaar",1,1.84220747576127,100,"model2_basis",FALSE,FALSE,NA
146,8870,"Kleine Bonte Specht","lesser spotted woodpecker",2011,2005,"index_100 = eerste analysejaar vanaf eerste positieve jaar",2.14442672151315,2.75374456319419,214.442672151315,"model2_basis",FALSE,FALSE,NA
146,8870,"Kleine Bonte Specht","lesser spotted woodpecker",2012,2005,"index_100 = eerste analysejaar vanaf eerste positieve jaar",6.24460413682522,6.7841965253759,624.460413682522,"model2_basis",FALSE,FALSE,NA
146,8870,"Kleine Bonte Specht","lesser spotted woodpecker",2013,2005,"index_100 = eerste analysejaar vanaf eerste positieve jaar",1.19243681304347,2.21318323556198,119.243681304347,"model2_basis",FALSE,FALSE,NA
146,8870,"Kleine Bonte Specht","lesser spotted woodpecker",2014,2005,"index_100 = eerste analysejaar vanaf eerste positieve jaar",4.22213063465231,4.85717117499633,422.213063465231,"model2_basis",FALSE,FALSE,NA
146,8870,"Kleine Bonte Specht","lesser spotted woodpecker",2015,2005,"index_100 = eerste analysejaar vanaf eerste positieve jaar",4.25640633967417,4.95056651856068,425.640633967417,"model2_basis",FALSE,FALSE,NA
146,8870,"Kleine Bonte Specht","lesser spotted woodpecker",2016,2005,"index_100 = eerste analysejaar vanaf eerste positieve jaar",8.81326799047916,9.52062842768496,881.326799047916,"model2_basis",FALSE,FALSE,NA
146,8870,"Kleine Bonte Specht","lesser spotted woodpecker",2017,2005,"index_100 = eerste analysejaar vanaf eerste positieve jaar",6.5971182022043,7.34621061362237,659.71182022043,"model2_basis",FALSE,FALSE,NA
146,8870,"Kleine Bonte Specht","lesser spotted woodpecker",2018,2005,"index_100 = eerste analysejaar vanaf eerste positieve jaar",8.56659175609344,9.34212840856317,856.659175609344,"model2_basis",FALSE,FALSE,NA
146,8870,"Kleine Bonte Specht","lesser spotted woodpecker",2019,2005,"index_100 = eerste analysejaar vanaf eerste positieve jaar",9.69543470175738,10.592837224057,969.543470175738,"model2_basis",FALSE,FALSE,NA
146,8870,"Kleine Bonte Specht","lesser spotted woodpecker",2020,2005,"index_100 = eerste analysejaar vanaf eerste positieve jaar",14.9183774569446,16.0221617142637,1491.83774569446,"model2_basis",FALSE,FALSE,NA
146,8870,"Kleine Bonte Specht","lesser spotted woodpecker",2021,2005,"index_100 = eerste analysejaar vanaf eerste positieve jaar",5,6.23539645202189,500,"model2_basis",FALSE,FALSE,NA
146,8870,"Kleine Bonte Specht","lesser spotted woodpecker",2022,2005,"index_100 = eerste analysejaar vanaf eerste positieve jaar",9.51498290548363,10.6605664831593,951.498290548363,"model2_basis",FALSE,FALSE,NA
148,9740,"Boomleeuwerik","woodlark",1997,1997,"index_100 = eerste analysejaar vanaf eerste positieve jaar",1,0,100,"model3_overdisp",TRUE,FALSE,"Overdispersion 0.9 <1; consider setting overdisp=FALSE"
148,9740,"Boomleeuwerik","woodlark",1998,1997,"index_100 = eerste analysejaar vanaf eerste positieve jaar",2.04375872745463,1.65796599497323,204.375872745463,"model3_overdisp",TRUE,FALSE,"Overdispersion 0.9 <1; consider setting overdisp=FALSE"
148,9740,"Boomleeuwerik","woodlark",1999,1997,"index_100 = eerste analysejaar vanaf eerste positieve jaar",5.3145995929315,3.82678026641157,531.45995929315,"model3_overdisp",TRUE,FALSE,"Overdispersion 0.9 <1; consider setting overdisp=FALSE"
148,9740,"Boomleeuwerik","woodlark",2000,1997,"index_100 = eerste analysejaar vanaf eerste positieve jaar",9.76847302289523,6.84105285970396,976.847302289523,"model3_overdisp",TRUE,FALSE,"Overdispersion 0.9 <1; consider setting overdisp=FALSE"
148,9740,"Boomleeuwerik","woodlark",2001,1997,"index_100 = eerste analysejaar vanaf eerste positieve jaar",12.0786354384807,8.31415814745136,1207.86354384807,"model3_overdisp",TRUE,FALSE,"Overdispersion 0.9 <1; consider setting overdisp=FALSE"
148,9740,"Boomleeuwerik","woodlark",2002,1997,"index_100 = eerste analysejaar vanaf eerste positieve jaar",18.8426712840298,12.7964913691359,1884.26712840298,"model3_overdisp",TRUE,FALSE,"Overdispersion 0.9 <1; consider setting overdisp=FALSE"
148,9740,"Boomleeuwerik","woodlark",2003,1997,"index_100 = eerste analysejaar vanaf eerste positieve jaar",26.925698409109,18.1558313192706,2692.5698409109,"model3_overdisp",TRUE,FALSE,"Overdispersion 0.9 <1; consider setting overdisp=FALSE"
148,9740,"Boomleeuwerik","woodlark",2004,1997,"index_100 = eerste analysejaar vanaf eerste positieve jaar",25.606707129579,17.2777065661508,2560.6707129579,"model3_overdisp",TRUE,FALSE,"Overdispersion 0.9 <1; consider setting overdisp=FALSE"
148,9740,"Boomleeuwerik","woodlark",2005,1997,"index_100 = eerste analysejaar vanaf eerste positieve jaar",20.7752529541868,14.0769059538088,2077.52529541868,"model3_overdisp",TRUE,FALSE,"Overdispersion 0.9 <1; consider setting overdisp=FALSE"
148,9740,"Boomleeuwerik","woodlark",2006,1997,"index_100 = eerste analysejaar vanaf eerste positieve jaar",22.8724585918736,15.4909959099244,2287.24585918736,"model3_overdisp",TRUE,FALSE,"Overdispersion 0.9 <1; consider setting overdisp=FALSE"
148,9740,"Boomleeuwerik","woodlark",2007,1997,"index_100 = eerste analysejaar vanaf eerste positieve jaar",21.9916092681856,14.9017657571204,2199.16092681856,"model3_overdisp",TRUE,FALSE,"Overdispersion 0.9 <1; consider setting overdisp=FALSE"
148,9740,"Boomleeuwerik","woodlark",2008,1997,"index_100 = eerste analysejaar vanaf eerste positieve jaar",24.5336791317623,16.6350412397391,2453.36791317623,"model3_overdisp",TRUE,FALSE,"Overdispersion 0.9 <1; consider setting overdisp=FALSE"
148,9740,"Boomleeuwerik","woodlark",2009,1997,"index_100 = eerste analysejaar vanaf eerste positieve jaar",24.5251047294555,16.5800318037021,2452.51047294555,"model3_overdisp",TRUE,FALSE,"Overdispersion 0.9 <1; consider setting overdisp=FALSE"
148,9740,"Boomleeuwerik","woodlark",2010,1997,"index_100 = eerste analysejaar vanaf eerste positieve jaar",16.9752395118916,11.5905611988364,1697.52395118916,"model3_overdisp",TRUE,FALSE,"Overdispersion 0.9 <1; consider setting overdisp=FALSE"
148,9740,"Boomleeuwerik","woodlark",2011,1997,"index_100 = eerste analysejaar vanaf eerste positieve jaar",22.2246892068044,15.0371762434783,2222.46892068044,"model3_overdisp",TRUE,FALSE,"Overdispersion 0.9 <1; consider setting overdisp=FALSE"
148,9740,"Boomleeuwerik","woodlark",2012,1997,"index_100 = eerste analysejaar vanaf eerste positieve jaar",24.5000000000001,16.5550828420973,2450.00000000001,"model3_overdisp",TRUE,FALSE,"Overdispersion 0.9 <1; consider setting overdisp=FALSE"
148,9740,"Boomleeuwerik","woodlark",2013,1997,"index_100 = eerste analysejaar vanaf eerste positieve jaar",27.673074176005,18.6800881007308,2767.3074176005,"model3_overdisp",TRUE,FALSE,"Overdispersion 0.9 <1; consider setting overdisp=FALSE"
148,9740,"Boomleeuwerik","woodlark",2014,1997,"index_100 = eerste analysejaar vanaf eerste positieve jaar",35.123517223391,23.6160453013338,3512.3517223391,"model3_overdisp",TRUE,FALSE,"Overdispersion 0.9 <1; consider setting overdisp=FALSE"
148,9740,"Boomleeuwerik","woodlark",2015,1997,"index_100 = eerste analysejaar vanaf eerste positieve jaar",36.235906315442,24.3188438576784,3623.5906315442,"model3_overdisp",TRUE,FALSE,"Overdispersion 0.9 <1; consider setting overdisp=FALSE"
148,9740,"Boomleeuwerik","woodlark",2016,1997,"index_100 = eerste analysejaar vanaf eerste positieve jaar",42.6757401179551,28.5898646418372,4267.57401179551,"model3_overdisp",TRUE,FALSE,"Overdispersion 0.9 <1; consider setting overdisp=FALSE"
148,9740,"Boomleeuwerik","woodlark",2017,1997,"index_100 = eerste analysejaar vanaf eerste positieve jaar",44.1473173634019,29.5646438083568,4414.73173634019,"model3_overdisp",TRUE,FALSE,"Overdispersion 0.9 <1; consider setting overdisp=FALSE"
148,9740,"Boomleeuwerik","woodlark",2018,1997,"index_100 = eerste analysejaar vanaf eerste positieve jaar",42.9159999784661,28.7750201119937,4291.59999784661,"model3_overdisp",TRUE,FALSE,"Overdispersion 0.9 <1; consider setting overdisp=FALSE"
148,9740,"Boomleeuwerik","woodlark",2019,1997,"index_100 = eerste analysejaar vanaf eerste positieve jaar",47.51739041332,31.8114631351861,4751.739041332,"model3_overdisp",TRUE,FALSE,"Overdispersion 0.9 <1; consider setting overdisp=FALSE"
148,9740,"Boomleeuwerik","woodlark",2020,1997,"index_100 = eerste analysejaar vanaf eerste positieve jaar",57.7143812474165,38.5868303418947,5771.43812474165,"model3_overdisp",TRUE,FALSE,"Overdispersion 0.9 <1; consider setting overdisp=FALSE"
148,9740,"Boomleeuwerik","woodlark",2021,1997,"index_100 = eerste analysejaar vanaf eerste positieve jaar",59.4268863573249,39.6802685954336,5942.68863573249,"model3_overdisp",TRUE,FALSE,"Overdispersion 0.9 <1; consider setting overdisp=FALSE"
148,9740,"Boomleeuwerik","woodlark",2022,1997,"index_100 = eerste analysejaar vanaf eerste positieve jaar",54.3142338124359,36.3527397374014,5431.42338124359,"model3_overdisp",TRUE,FALSE,"Overdispersion 0.9 <1; consider setting overdisp=FALSE"
150,9760,"Veldleeuwerik","Skylark",1999,1999,"index_100 = eerste analysejaar vanaf eerste positieve jaar",1,0,100,"model2_basis",FALSE,FALSE,NA
150,9760,"Veldleeuwerik","Skylark",2000,1999,"index_100 = eerste analysejaar vanaf eerste positieve jaar",0.594437998980861,0.567331325403632,59.4437998980861,"model2_basis",FALSE,FALSE,NA
150,9760,"Veldleeuwerik","Skylark",2001,1999,"index_100 = eerste analysejaar vanaf eerste positieve jaar",0.0814956077290293,0.445662426520522,8.14956077290292,"model2_basis",FALSE,FALSE,NA
150,9760,"Veldleeuwerik","Skylark",2002,1999,"index_100 = eerste analysejaar vanaf eerste positieve jaar",0.570326925080971,0.504107130103908,57.0326925080971,"model2_basis",FALSE,FALSE,NA
150,9760,"Veldleeuwerik","Skylark",2003,1999,"index_100 = eerste analysejaar vanaf eerste positieve jaar",0.5,0.495890150559649,50,"model2_basis",FALSE,FALSE,NA
150,9760,"Veldleeuwerik","Skylark",2004,1999,"index_100 = eerste analysejaar vanaf eerste positieve jaar",0.5,0.471887818075003,50,"model2_basis",FALSE,FALSE,NA
150,9760,"Veldleeuwerik","Skylark",2005,1999,"index_100 = eerste analysejaar vanaf eerste positieve jaar",0,0.355277857837469,0,"model2_basis",FALSE,FALSE,NA
150,9760,"Veldleeuwerik","Skylark",2006,1999,"index_100 = eerste analysejaar vanaf eerste positieve jaar",0.0529681276291368,0.29078919565594,5.29681276291368,"model2_basis",FALSE,FALSE,NA
150,9760,"Veldleeuwerik","Skylark",2007,1999,"index_100 = eerste analysejaar vanaf eerste positieve jaar",0,0.306588293373306,0,"model2_basis",FALSE,FALSE,NA
150,9760,"Veldleeuwerik","Skylark",2008,1999,"index_100 = eerste analysejaar vanaf eerste positieve jaar",0.0290433151370689,0.26034021364992,2.90433151370689,"model2_basis",FALSE,FALSE,NA
150,9760,"Veldleeuwerik","Skylark",2009,1999,"index_100 = eerste analysejaar vanaf eerste positieve jaar",0.5,0.382633411320851,50,"model2_basis",FALSE,FALSE,NA
150,9760,"Veldleeuwerik","Skylark",2010,1999,"index_100 = eerste analysejaar vanaf eerste positieve jaar",0,0.245774435607856,0,"model2_basis",FALSE,FALSE,NA
150,9760,"Veldleeuwerik","Skylark",2011,1999,"index_100 = eerste analysejaar vanaf eerste positieve jaar",0,0.228312884341577,0,"model2_basis",FALSE,FALSE,NA
150,9760,"Veldleeuwerik","Skylark",2012,1999,"index_100 = eerste analysejaar vanaf eerste positieve jaar",0,0.212091924969531,0,"model2_basis",FALSE,FALSE,NA
150,9760,"Veldleeuwerik","Skylark",2013,1999,"index_100 = eerste analysejaar vanaf eerste positieve jaar",0,0.197023417083998,0,"model2_basis",FALSE,FALSE,NA
150,9760,"Veldleeuwerik","Skylark",2014,1999,"index_100 = eerste analysejaar vanaf eerste positieve jaar",0,0.183025482394164,0,"model2_basis",FALSE,FALSE,NA
150,9760,"Veldleeuwerik","Skylark",2015,1999,"index_100 = eerste analysejaar vanaf eerste positieve jaar",0,0.170022059821116,0,"model2_basis",FALSE,FALSE,NA
150,9760,"Veldleeuwerik","Skylark",2016,1999,"index_100 = eerste analysejaar vanaf eerste positieve jaar",0,0.157942492202042,0,"model2_basis",FALSE,FALSE,NA
150,9760,"Veldleeuwerik","Skylark",2017,1999,"index_100 = eerste analysejaar vanaf eerste positieve jaar",0,0.146721142357869,0,"model2_basis",FALSE,FALSE,NA
150,9760,"Veldleeuwerik","Skylark",2018,1999,"index_100 = eerste analysejaar vanaf eerste positieve jaar",0,0.136297036438177,0,"model2_basis",FALSE,FALSE,NA
150,9760,"Veldleeuwerik","Skylark",2019,1999,"index_100 = eerste analysejaar vanaf eerste positieve jaar",0,0.1266135326054,0,"model2_basis",FALSE,FALSE,NA
150,9760,"Veldleeuwerik","Skylark",2020,1999,"index_100 = eerste analysejaar vanaf eerste positieve jaar",0,0.117618013258053,0,"model2_basis",FALSE,FALSE,NA
150,9760,"Veldleeuwerik","Skylark",2021,1999,"index_100 = eerste analysejaar vanaf eerste positieve jaar",0,0.109261599120578,0,"model2_basis",FALSE,FALSE,NA
150,9760,"Veldleeuwerik","Skylark",2022,1999,"index_100 = eerste analysejaar vanaf eerste positieve jaar",0.502390228393242,0.294705522554914,50.2390228393242,"model2_basis",FALSE,FALSE,NA
155,10090,"Boompieper","tree pipit",1997,1997,"index_100 = eerste analysejaar vanaf eerste positieve jaar",1,0,100,"model3_overdisp",TRUE,FALSE,NA
155,10090,"Boompieper","tree pipit",1998,1997,"index_100 = eerste analysejaar vanaf eerste positieve jaar",1.20101180598599,0.309562078378372,120.101180598599,"model3_overdisp",TRUE,FALSE,NA
155,10090,"Boompieper","tree pipit",1999,1997,"index_100 = eerste analysejaar vanaf eerste positieve jaar",1.10728909204301,0.287000268339479,110.728909204301,"model3_overdisp",TRUE,FALSE,NA
155,10090,"Boompieper","tree pipit",2000,1997,"index_100 = eerste analysejaar vanaf eerste positieve jaar",1.46644403715416,0.370054852859335,146.644403715416,"model3_overdisp",TRUE,FALSE,NA
155,10090,"Boompieper","tree pipit",2001,1997,"index_100 = eerste analysejaar vanaf eerste positieve jaar",1.69007282469722,0.400810178600116,169.007282469722,"model3_overdisp",TRUE,FALSE,NA
155,10090,"Boompieper","tree pipit",2002,1997,"index_100 = eerste analysejaar vanaf eerste positieve jaar",1.28212421183927,0.321440224328516,128.212421183927,"model3_overdisp",TRUE,FALSE,NA
155,10090,"Boompieper","tree pipit",2003,1997,"index_100 = eerste analysejaar vanaf eerste positieve jaar",1.49867498381725,0.365865710595296,149.867498381725,"model3_overdisp",TRUE,FALSE,NA
155,10090,"Boompieper","tree pipit",2004,1997,"index_100 = eerste analysejaar vanaf eerste positieve jaar",1.66093363806451,0.395174302451773,166.093363806451,"model3_overdisp",TRUE,FALSE,NA
155,10090,"Boompieper","tree pipit",2005,1997,"index_100 = eerste analysejaar vanaf eerste positieve jaar",1.45695933163554,0.355593015747848,145.695933163554,"model3_overdisp",TRUE,FALSE,NA
155,10090,"Boompieper","tree pipit",2006,1997,"index_100 = eerste analysejaar vanaf eerste positieve jaar",1.52499784736582,0.370822394828732,152.499784736582,"model3_overdisp",TRUE,FALSE,NA
155,10090,"Boompieper","tree pipit",2007,1997,"index_100 = eerste analysejaar vanaf eerste positieve jaar",1.26457060135485,0.322223051679025,126.457060135485,"model3_overdisp",TRUE,FALSE,NA
155,10090,"Boompieper","tree pipit",2008,1997,"index_100 = eerste analysejaar vanaf eerste positieve jaar",1.23088397527757,0.328415889715136,123.088397527757,"model3_overdisp",TRUE,FALSE,NA
155,10090,"Boompieper","tree pipit",2009,1997,"index_100 = eerste analysejaar vanaf eerste positieve jaar",1.27639827356275,0.325278242221292,127.639827356275,"model3_overdisp",TRUE,FALSE,NA
155,10090,"Boompieper","tree pipit",2010,1997,"index_100 = eerste analysejaar vanaf eerste positieve jaar",1.27465139888127,0.33301698772549,127.465139888127,"model3_overdisp",TRUE,FALSE,NA
155,10090,"Boompieper","tree pipit",2011,1997,"index_100 = eerste analysejaar vanaf eerste positieve jaar",1.03040995230932,0.272452572898676,103.040995230932,"model3_overdisp",TRUE,FALSE,NA
155,10090,"Boompieper","tree pipit",2012,1997,"index_100 = eerste analysejaar vanaf eerste positieve jaar",1.06986785656173,0.280922414700957,106.986785656173,"model3_overdisp",TRUE,FALSE,NA
155,10090,"Boompieper","tree pipit",2013,1997,"index_100 = eerste analysejaar vanaf eerste positieve jaar",1.6126835468818,0.401263641682606,161.26835468818,"model3_overdisp",TRUE,FALSE,NA
155,10090,"Boompieper","tree pipit",2014,1997,"index_100 = eerste analysejaar vanaf eerste positieve jaar",1.68280022283318,0.4150014980036,168.280022283318,"model3_overdisp",TRUE,FALSE,NA
155,10090,"Boompieper","tree pipit",2015,1997,"index_100 = eerste analysejaar vanaf eerste positieve jaar",1.38369336452966,0.342085692039586,138.369336452966,"model3_overdisp",TRUE,FALSE,NA
155,10090,"Boompieper","tree pipit",2016,1997,"index_100 = eerste analysejaar vanaf eerste positieve jaar",1.05766748934717,0.279726707388294,105.766748934717,"model3_overdisp",TRUE,FALSE,NA
155,10090,"Boompieper","tree pipit",2017,1997,"index_100 = eerste analysejaar vanaf eerste positieve jaar",0.986763313001415,0.264811747629234,98.6763313001415,"model3_overdisp",TRUE,FALSE,NA
155,10090,"Boompieper","tree pipit",2018,1997,"index_100 = eerste analysejaar vanaf eerste positieve jaar",1.24399104906069,0.318744816575379,124.399104906069,"model3_overdisp",TRUE,FALSE,NA
155,10090,"Boompieper","tree pipit",2019,1997,"index_100 = eerste analysejaar vanaf eerste positieve jaar",1.28916273524095,0.328504877928772,128.916273524095,"model3_overdisp",TRUE,FALSE,NA
155,10090,"Boompieper","tree pipit",2020,1997,"index_100 = eerste analysejaar vanaf eerste positieve jaar",1.42084978548976,0.364630808711988,142.084978548976,"model3_overdisp",TRUE,FALSE,NA
155,10090,"Boompieper","tree pipit",2021,1997,"index_100 = eerste analysejaar vanaf eerste positieve jaar",1.71921201132993,0.406441987222548,171.921201132993,"model3_overdisp",TRUE,FALSE,NA
155,10090,"Boompieper","tree pipit",2022,1997,"index_100 = eerste analysejaar vanaf eerste positieve jaar",2.61272204364342,0.594344614830882,261.272204364342,"model3_overdisp",TRUE,FALSE,NA
156,10110,"Graspieper","meadow pipit",1997,1997,"index_100 = eerste analysejaar vanaf eerste positieve jaar",1,0,100,"model3_overdisp",TRUE,FALSE,"Overdispersion 0.9 <1; consider setting overdisp=FALSE"
156,10110,"Graspieper","meadow pipit",1998,1997,"index_100 = eerste analysejaar vanaf eerste positieve jaar",0.916660134744139,0.268815324735674,91.6660134744139,"model3_overdisp",TRUE,FALSE,"Overdispersion 0.9 <1; consider setting overdisp=FALSE"
156,10110,"Graspieper","meadow pipit",1999,1997,"index_100 = eerste analysejaar vanaf eerste positieve jaar",1.21353337830733,0.331786047360351,121.353337830733,"model3_overdisp",TRUE,FALSE,"Overdispersion 0.9 <1; consider setting overdisp=FALSE"
156,10110,"Graspieper","meadow pipit",2000,1997,"index_100 = eerste analysejaar vanaf eerste positieve jaar",1.58037277750418,0.414883898965943,158.037277750418,"model3_overdisp",TRUE,FALSE,"Overdispersion 0.9 <1; consider setting overdisp=FALSE"
156,10110,"Graspieper","meadow pipit",2001,1997,"index_100 = eerste analysejaar vanaf eerste positieve jaar",1.06702388213776,0.305905479102916,106.702388213776,"model3_overdisp",TRUE,FALSE,"Overdispersion 0.9 <1; consider setting overdisp=FALSE"
156,10110,"Graspieper","meadow pipit",2002,1997,"index_100 = eerste analysejaar vanaf eerste positieve jaar",1.69027863407093,0.431741877971534,169.027863407093,"model3_overdisp",TRUE,FALSE,"Overdispersion 0.9 <1; consider setting overdisp=FALSE"
156,10110,"Graspieper","meadow pipit",2003,1997,"index_100 = eerste analysejaar vanaf eerste positieve jaar",2.16702388983452,0.530449282892421,216.702388983452,"model3_overdisp",TRUE,FALSE,"Overdispersion 0.9 <1; consider setting overdisp=FALSE"
156,10110,"Graspieper","meadow pipit",2004,1997,"index_100 = eerste analysejaar vanaf eerste positieve jaar",2.17091632454408,0.531415652825259,217.091632454408,"model3_overdisp",TRUE,FALSE,"Overdispersion 0.9 <1; consider setting overdisp=FALSE"
156,10110,"Graspieper","meadow pipit",2005,1997,"index_100 = eerste analysejaar vanaf eerste positieve jaar",2.42706675661467,0.583990248894976,242.706675661467,"model3_overdisp",TRUE,FALSE,"Overdispersion 0.9 <1; consider setting overdisp=FALSE"
156,10110,"Graspieper","meadow pipit",2006,1997,"index_100 = eerste analysejaar vanaf eerste positieve jaar",1.57725688312311,0.428953076796528,157.725688312311,"model3_overdisp",TRUE,FALSE,"Overdispersion 0.9 <1; consider setting overdisp=FALSE"
156,10110,"Graspieper","meadow pipit",2007,1997,"index_100 = eerste analysejaar vanaf eerste positieve jaar",1.87057271448322,0.46950241186184,187.057271448322,"model3_overdisp",TRUE,FALSE,"Overdispersion 0.9 <1; consider setting overdisp=FALSE"
156,10110,"Graspieper","meadow pipit",2008,1997,"index_100 = eerste analysejaar vanaf eerste positieve jaar",1.45217566582524,0.388626695997801,145.217566582524,"model3_overdisp",TRUE,FALSE,"Overdispersion 0.9 <1; consider setting overdisp=FALSE"
156,10110,"Graspieper","meadow pipit",2009,1997,"index_100 = eerste analysejaar vanaf eerste positieve jaar",1.04761158256473,0.297013067607056,104.761158256473,"model3_overdisp",TRUE,FALSE,"Overdispersion 0.9 <1; consider setting overdisp=FALSE"
156,10110,"Graspieper","meadow pipit",2010,1997,"index_100 = eerste analysejaar vanaf eerste positieve jaar",0.648649046698196,0.213727519313023,64.8649046698196,"model3_overdisp",TRUE,FALSE,"Overdispersion 0.9 <1; consider setting overdisp=FALSE"
156,10110,"Graspieper","meadow pipit",2011,1997,"index_100 = eerste analysejaar vanaf eerste positieve jaar",0.563426211356976,0.18993815437541,56.3426211356976,"model3_overdisp",TRUE,FALSE,"Overdispersion 0.9 <1; consider setting overdisp=FALSE"
156,10110,"Graspieper","meadow pipit",2012,1997,"index_100 = eerste analysejaar vanaf eerste positieve jaar",0.521739130434783,0.180502539188772,52.1739130434783,"model3_overdisp",TRUE,FALSE,"Overdispersion 0.9 <1; consider setting overdisp=FALSE"
156,10110,"Graspieper","meadow pipit",2013,1997,"index_100 = eerste analysejaar vanaf eerste positieve jaar",0.509652822405726,0.181592718652135,50.9652822405726,"model3_overdisp",TRUE,FALSE,"Overdispersion 0.9 <1; consider setting overdisp=FALSE"
156,10110,"Graspieper","meadow pipit",2014,1997,"index_100 = eerste analysejaar vanaf eerste positieve jaar",0.602316971934039,0.203145929003313,60.231697193404,"model3_overdisp",TRUE,FALSE,"Overdispersion 0.9 <1; consider setting overdisp=FALSE"
156,10110,"Graspieper","meadow pipit",2015,1997,"index_100 = eerste analysejaar vanaf eerste positieve jaar",0.693447644747048,0.219322313562487,69.3447644747048,"model3_overdisp",TRUE,FALSE,"Overdispersion 0.9 <1; consider setting overdisp=FALSE"
156,10110,"Graspieper","meadow pipit",2016,1997,"index_100 = eerste analysejaar vanaf eerste positieve jaar",0.564506063920392,0.190305103531031,56.4506063920392,"model3_overdisp",TRUE,FALSE,"Overdispersion 0.9 <1; consider setting overdisp=FALSE"
156,10110,"Graspieper","meadow pipit",2017,1997,"index_100 = eerste analysejaar vanaf eerste positieve jaar",0.651353150677375,0.210022779801898,65.1353150677375,"model3_overdisp",TRUE,FALSE,"Overdispersion 0.9 <1; consider setting overdisp=FALSE"
156,10110,"Graspieper","meadow pipit",2018,1997,"index_100 = eerste analysejaar vanaf eerste positieve jaar",0.919595186382549,0.269668586402771,91.9595186382549,"model3_overdisp",TRUE,FALSE,"Overdispersion 0.9 <1; consider setting overdisp=FALSE"
156,10110,"Graspieper","meadow pipit",2019,1997,"index_100 = eerste analysejaar vanaf eerste positieve jaar",1.04761158256473,0.297013067607056,104.761158256473,"model3_overdisp",TRUE,FALSE,"Overdispersion 0.9 <1; consider setting overdisp=FALSE"
156,10110,"Graspieper","meadow pipit",2020,1997,"index_100 = eerste analysejaar vanaf eerste positieve jaar",1.0213943510187,0.296127353194974,102.13943510187,"model3_overdisp",TRUE,FALSE,"Overdispersion 0.9 <1; consider setting overdisp=FALSE"
156,10110,"Graspieper","meadow pipit",2021,1997,"index_100 = eerste analysejaar vanaf eerste positieve jaar",0.833977345754824,0.255129193950954,83.3977345754824,"model3_overdisp",TRUE,FALSE,"Overdispersion 0.9 <1; consider setting overdisp=FALSE"
156,10110,"Graspieper","meadow pipit",2022,1997,"index_100 = eerste analysejaar vanaf eerste positieve jaar",1.0358587015696,0.296867799539388,103.58587015696,"model3_overdisp",TRUE,FALSE,"Overdispersion 0.9 <1; consider setting overdisp=FALSE"
162,10201,"Witte Kwikstaart","White Wagtail",1997,1997,"index_100 = eerste analysejaar vanaf eerste positieve jaar",1,0,100,"model2_basis",FALSE,FALSE,NA
162,10201,"Witte Kwikstaart","White Wagtail",1998,1997,"index_100 = eerste analysejaar vanaf eerste positieve jaar",1.03473098558586,1.77723195003916,103.473098558586,"model2_basis",FALSE,FALSE,NA
162,10201,"Witte Kwikstaart","White Wagtail",1999,1997,"index_100 = eerste analysejaar vanaf eerste positieve jaar",4,5.09712694177166,400,"model2_basis",FALSE,FALSE,NA
162,10201,"Witte Kwikstaart","White Wagtail",2000,1997,"index_100 = eerste analysejaar vanaf eerste positieve jaar",4.06171290527461,5.164808565901,406.171290527461,"model2_basis",FALSE,FALSE,NA
162,10201,"Witte Kwikstaart","White Wagtail",2001,1997,"index_100 = eerste analysejaar vanaf eerste positieve jaar",3,3.92469139132705,300,"model2_basis",FALSE,FALSE,NA
162,10201,"Witte Kwikstaart","White Wagtail",2002,1997,"index_100 = eerste analysejaar vanaf eerste positieve jaar",2,2.79839663243995,200,"model2_basis",FALSE,FALSE,NA
162,10201,"Witte Kwikstaart","White Wagtail",2003,1997,"index_100 = eerste analysejaar vanaf eerste positieve jaar",2.13139589538823,2.92209880948048,213.139589538823,"model2_basis",FALSE,FALSE,NA
162,10201,"Witte Kwikstaart","White Wagtail",2004,1997,"index_100 = eerste analysejaar vanaf eerste positieve jaar",0,1.35312703039374,0,"model2_basis",FALSE,FALSE,NA
162,10201,"Witte Kwikstaart","White Wagtail",2005,1997,"index_100 = eerste analysejaar vanaf eerste positieve jaar",1,1.84475615266213,100,"model2_basis",FALSE,FALSE,NA
162,10201,"Witte Kwikstaart","White Wagtail",2006,1997,"index_100 = eerste analysejaar vanaf eerste positieve jaar",0.0813013547927703,1.36501520621816,8.13013547927703,"model2_basis",FALSE,FALSE,NA
162,10201,"Witte Kwikstaart","White Wagtail",2007,1997,"index_100 = eerste analysejaar vanaf eerste positieve jaar",0.0846508108476173,1.38263788197084,8.46508108476173,"model2_basis",FALSE,FALSE,NA
162,10201,"Witte Kwikstaart","White Wagtail",2008,1997,"index_100 = eerste analysejaar vanaf eerste positieve jaar",1.09328988725227,1.93802742074594,109.328988725227,"model2_basis",FALSE,FALSE,NA
162,10201,"Witte Kwikstaart","White Wagtail",2009,1997,"index_100 = eerste analysejaar vanaf eerste positieve jaar",1.27111165975639,2.06461970286921,127.111165975639,"model2_basis",FALSE,FALSE,NA
162,10201,"Witte Kwikstaart","White Wagtail",2010,1997,"index_100 = eerste analysejaar vanaf eerste positieve jaar",1,1.91492288911995,100,"model2_basis",FALSE,FALSE,NA
162,10201,"Witte Kwikstaart","White Wagtail",2011,1997,"index_100 = eerste analysejaar vanaf eerste positieve jaar",3.23686799301835,4.22997913376825,323.686799301835,"model2_basis",FALSE,FALSE,NA
162,10201,"Witte Kwikstaart","White Wagtail",2012,1997,"index_100 = eerste analysejaar vanaf eerste positieve jaar",2.24317204659599,3.10996925784203,224.317204659599,"model2_basis",FALSE,FALSE,NA
162,10201,"Witte Kwikstaart","White Wagtail",2013,1997,"index_100 = eerste analysejaar vanaf eerste positieve jaar",3.29478529023894,4.30721491889859,329.478529023894,"model2_basis",FALSE,FALSE,NA
162,10201,"Witte Kwikstaart","White Wagtail",2014,1997,"index_100 = eerste analysejaar vanaf eerste positieve jaar",1.30263076669984,2.16357663566358,130.263076669984,"model2_basis",FALSE,FALSE,NA
162,10201,"Witte Kwikstaart","White Wagtail",2015,1997,"index_100 = eerste analysejaar vanaf eerste positieve jaar",3.26310885150143,4.29248701788902,326.310885150143,"model2_basis",FALSE,FALSE,NA
162,10201,"Witte Kwikstaart","White Wagtail",2016,1997,"index_100 = eerste analysejaar vanaf eerste positieve jaar",3.32949116820237,4.37231724793935,332.949116820237,"model2_basis",FALSE,FALSE,NA
162,10201,"Witte Kwikstaart","White Wagtail",2017,1997,"index_100 = eerste analysejaar vanaf eerste positieve jaar",1.06096023196429,2.05902564742198,106.096023196429,"model2_basis",FALSE,FALSE,NA
162,10201,"Witte Kwikstaart","White Wagtail",2018,1997,"index_100 = eerste analysejaar vanaf eerste positieve jaar",3.05873033804503,4.10537742136832,305.873033804503,"model2_basis",FALSE,FALSE,NA
162,10201,"Witte Kwikstaart","White Wagtail",2019,1997,"index_100 = eerste analysejaar vanaf eerste positieve jaar",3.35255014058237,4.42905962466918,335.255014058238,"model2_basis",FALSE,FALSE,NA
162,10201,"Witte Kwikstaart","White Wagtail",2020,1997,"index_100 = eerste analysejaar vanaf eerste positieve jaar",4.06595814298521,5.28580785011038,406.595814298521,"model2_basis",FALSE,FALSE,NA
162,10201,"Witte Kwikstaart","White Wagtail",2021,1997,"index_100 = eerste analysejaar vanaf eerste positieve jaar",4,5.21887308890997,400,"model2_basis",FALSE,FALSE,NA
162,10201,"Witte Kwikstaart","White Wagtail",2022,1997,"index_100 = eerste analysejaar vanaf eerste positieve jaar",2.11056612026545,3.11001939433832,211.056612026545,"model2_basis",FALSE,FALSE,NA
164,10660,"Winterkoning","wren",1997,1997,"index_100 = eerste analysejaar vanaf eerste positieve jaar",1,0,100,"model3_overdisp",TRUE,FALSE,NA
164,10660,"Winterkoning","wren",1998,1997,"index_100 = eerste analysejaar vanaf eerste positieve jaar",1.91652579148272,0.274542360195818,191.652579148272,"model3_overdisp",TRUE,FALSE,NA
164,10660,"Winterkoning","wren",1999,1997,"index_100 = eerste analysejaar vanaf eerste positieve jaar",3.42391304347826,0.448501077542012,342.391304347826,"model3_overdisp",TRUE,FALSE,NA
164,10660,"Winterkoning","wren",2000,1997,"index_100 = eerste analysejaar vanaf eerste positieve jaar",4.12507034846524,0.542239093067745,412.507034846524,"model3_overdisp",TRUE,FALSE,NA
164,10660,"Winterkoning","wren",2001,1997,"index_100 = eerste analysejaar vanaf eerste positieve jaar",4.10869565217391,0.527965857120012,410.869565217391,"model3_overdisp",TRUE,FALSE,NA
164,10660,"Winterkoning","wren",2002,1997,"index_100 = eerste analysejaar vanaf eerste positieve jaar",3.98913043478261,0.514103291229505,398.913043478261,"model3_overdisp",TRUE,FALSE,NA
164,10660,"Winterkoning","wren",2003,1997,"index_100 = eerste analysejaar vanaf eerste positieve jaar",2.89130434782609,0.386539019713392,289.130434782609,"model3_overdisp",TRUE,FALSE,NA
164,10660,"Winterkoning","wren",2004,1997,"index_100 = eerste analysejaar vanaf eerste positieve jaar",3.09782608695652,0.410585978734588,309.782608695652,"model3_overdisp",TRUE,FALSE,NA
164,10660,"Winterkoning","wren",2005,1997,"index_100 = eerste analysejaar vanaf eerste positieve jaar",2.30434782608696,0.317991661248466,230.434782608696,"model3_overdisp",TRUE,FALSE,NA
164,10660,"Winterkoning","wren",2006,1997,"index_100 = eerste analysejaar vanaf eerste positieve jaar",2.3374673977538,0.32307401672312,233.74673977538,"model3_overdisp",TRUE,FALSE,NA
164,10660,"Winterkoning","wren",2007,1997,"index_100 = eerste analysejaar vanaf eerste positieve jaar",3.2173193796403,0.42713093508984,321.73193796403,"model3_overdisp",TRUE,FALSE,NA
164,10660,"Winterkoning","wren",2008,1997,"index_100 = eerste analysejaar vanaf eerste positieve jaar",2.39337810458058,0.343036516089297,239.337810458058,"model3_overdisp",TRUE,FALSE,NA
164,10660,"Winterkoning","wren",2009,1997,"index_100 = eerste analysejaar vanaf eerste positieve jaar",1.5552045155513,0.234345004478337,155.52045155513,"model3_overdisp",TRUE,FALSE,NA
164,10660,"Winterkoning","wren",2010,1997,"index_100 = eerste analysejaar vanaf eerste positieve jaar",1.27075792907439,0.197277356970896,127.075792907439,"model3_overdisp",TRUE,FALSE,NA
164,10660,"Winterkoning","wren",2011,1997,"index_100 = eerste analysejaar vanaf eerste positieve jaar",1.0410720309839,0.170180107005575,104.10720309839,"model3_overdisp",TRUE,FALSE,NA
164,10660,"Winterkoning","wren",2012,1997,"index_100 = eerste analysejaar vanaf eerste positieve jaar",1.56905474471747,0.236055620794913,156.905474471747,"model3_overdisp",TRUE,FALSE,NA
164,10660,"Winterkoning","wren",2013,1997,"index_100 = eerste analysejaar vanaf eerste positieve jaar",0.827729931042737,0.145771059471125,82.7729931042737,"model3_overdisp",TRUE,FALSE,NA
164,10660,"Winterkoning","wren",2014,1997,"index_100 = eerste analysejaar vanaf eerste positieve jaar",1.93136983909972,0.279191191348681,193.136983909972,"model3_overdisp",TRUE,FALSE,NA
164,10660,"Winterkoning","wren",2015,1997,"index_100 = eerste analysejaar vanaf eerste positieve jaar",2.0135019500348,0.286435032216436,201.35019500348,"model3_overdisp",TRUE,FALSE,NA
164,10660,"Winterkoning","wren",2016,1997,"index_100 = eerste analysejaar vanaf eerste positieve jaar",2.45289978833539,0.341025697146505,245.289978833539,"model3_overdisp",TRUE,FALSE,NA
164,10660,"Winterkoning","wren",2017,1997,"index_100 = eerste analysejaar vanaf eerste positieve jaar",1.95765753469967,0.279875277217471,195.765753469967,"model3_overdisp",TRUE,FALSE,NA
164,10660,"Winterkoning","wren",2018,1997,"index_100 = eerste analysejaar vanaf eerste positieve jaar",2.12437053076822,0.301393819551962,212.437053076822,"model3_overdisp",TRUE,FALSE,NA
164,10660,"Winterkoning","wren",2019,1997,"index_100 = eerste analysejaar vanaf eerste positieve jaar",2.16222652588964,0.303941801228572,216.222652588964,"model3_overdisp",TRUE,FALSE,NA
164,10660,"Winterkoning","wren",2020,1997,"index_100 = eerste analysejaar vanaf eerste positieve jaar",1.96979798474117,0.283155229584254,196.979798474117,"model3_overdisp",TRUE,FALSE,NA
164,10660,"Winterkoning","wren",2021,1997,"index_100 = eerste analysejaar vanaf eerste positieve jaar",1.67391304347826,0.243802931477105,167.391304347826,"model3_overdisp",TRUE,FALSE,NA
164,10660,"Winterkoning","wren",2022,1997,"index_100 = eerste analysejaar vanaf eerste positieve jaar",1.94914149710857,0.282434952001297,194.914149710857,"model3_overdisp",TRUE,FALSE,NA
165,10840,"Heggenmus","dunnock",1997,1997,"index_100 = eerste analysejaar vanaf eerste positieve jaar",1,0,100,"model3_overdisp",TRUE,FALSE,NA
165,10840,"Heggenmus","dunnock",1998,1997,"index_100 = eerste analysejaar vanaf eerste positieve jaar",1.00024134382923,0.0797298282483066,100.024134382923,"model3_overdisp",TRUE,FALSE,NA
165,10840,"Heggenmus","dunnock",1999,1997,"index_100 = eerste analysejaar vanaf eerste positieve jaar",0.926190476190476,0.0741440236517901,92.6190476190476,"model3_overdisp",TRUE,FALSE,NA
165,10840,"Heggenmus","dunnock",2000,1997,"index_100 = eerste analysejaar vanaf eerste positieve jaar",0.868026635258012,0.0734114679532673,86.8026635258012,"model3_overdisp",TRUE,FALSE,NA
165,10840,"Heggenmus","dunnock",2001,1997,"index_100 = eerste analysejaar vanaf eerste positieve jaar",0.864285714285714,0.0704630248510187,86.4285714285714,"model3_overdisp",TRUE,FALSE,NA
165,10840,"Heggenmus","dunnock",2002,1997,"index_100 = eerste analysejaar vanaf eerste positieve jaar",0.861904761904762,0.0703209535258414,86.1904761904762,"model3_overdisp",TRUE,FALSE,NA
165,10840,"Heggenmus","dunnock",2003,1997,"index_100 = eerste analysejaar vanaf eerste positieve jaar",0.797619047619048,0.0664695851881492,79.7619047619048,"model3_overdisp",TRUE,FALSE,NA
165,10840,"Heggenmus","dunnock",2004,1997,"index_100 = eerste analysejaar vanaf eerste positieve jaar",0.783333333333333,0.0656093820022431,78.3333333333333,"model3_overdisp",TRUE,FALSE,NA
165,10840,"Heggenmus","dunnock",2005,1997,"index_100 = eerste analysejaar vanaf eerste positieve jaar",0.766666666666667,0.0646036384052597,76.6666666666667,"model3_overdisp",TRUE,FALSE,NA
165,10840,"Heggenmus","dunnock",2006,1997,"index_100 = eerste analysejaar vanaf eerste positieve jaar",0.716753091071644,0.0638390390764152,71.6753091071644,"model3_overdisp",TRUE,FALSE,NA
165,10840,"Heggenmus","dunnock",2007,1997,"index_100 = eerste analysejaar vanaf eerste positieve jaar",0.753536369329817,0.0644588243777571,75.3536369329817,"model3_overdisp",TRUE,FALSE,NA
165,10840,"Heggenmus","dunnock",2008,1997,"index_100 = eerste analysejaar vanaf eerste positieve jaar",0.621798016854827,0.0589024164788139,62.1798016854827,"model3_overdisp",TRUE,FALSE,NA
165,10840,"Heggenmus","dunnock",2009,1997,"index_100 = eerste analysejaar vanaf eerste positieve jaar",0.605701871014451,0.0560335219258281,60.5701871014451,"model3_overdisp",TRUE,FALSE,NA
165,10840,"Heggenmus","dunnock",2010,1997,"index_100 = eerste analysejaar vanaf eerste positieve jaar",0.577976622965221,0.0540494097263431,57.7976622965221,"model3_overdisp",TRUE,FALSE,NA
165,10840,"Heggenmus","dunnock",2011,1997,"index_100 = eerste analysejaar vanaf eerste positieve jaar",0.5936617271569,0.0542336525783363,59.36617271569,"model3_overdisp",TRUE,FALSE,NA
165,10840,"Heggenmus","dunnock",2012,1997,"index_100 = eerste analysejaar vanaf eerste positieve jaar",0.613862042456385,0.0564025205713027,61.3862042456385,"model3_overdisp",TRUE,FALSE,NA
165,10840,"Heggenmus","dunnock",2013,1997,"index_100 = eerste analysejaar vanaf eerste positieve jaar",0.61965136879584,0.0570996424027725,61.965136879584,"model3_overdisp",TRUE,FALSE,NA
165,10840,"Heggenmus","dunnock",2014,1997,"index_100 = eerste analysejaar vanaf eerste positieve jaar",0.67128898286216,0.0603281100370208,67.128898286216,"model3_overdisp",TRUE,FALSE,NA
165,10840,"Heggenmus","dunnock",2015,1997,"index_100 = eerste analysejaar vanaf eerste positieve jaar",0.58642194999645,0.053780327157248,58.642194999645,"model3_overdisp",TRUE,FALSE,NA
165,10840,"Heggenmus","dunnock",2016,1997,"index_100 = eerste analysejaar vanaf eerste positieve jaar",0.562965594358778,0.0524774517627584,56.2965594358778,"model3_overdisp",TRUE,FALSE,NA
165,10840,"Heggenmus","dunnock",2017,1997,"index_100 = eerste analysejaar vanaf eerste positieve jaar",0.514485366210966,0.0491623971817399,51.4485366210966,"model3_overdisp",TRUE,FALSE,NA
165,10840,"Heggenmus","dunnock",2018,1997,"index_100 = eerste analysejaar vanaf eerste positieve jaar",0.504310260705394,0.0502184945143977,50.4310260705394,"model3_overdisp",TRUE,FALSE,NA
165,10840,"Heggenmus","dunnock",2019,1997,"index_100 = eerste analysejaar vanaf eerste positieve jaar",0.554587789072303,0.05279200790143,55.4587789072303,"model3_overdisp",TRUE,FALSE,NA
165,10840,"Heggenmus","dunnock",2020,1997,"index_100 = eerste analysejaar vanaf eerste positieve jaar",0.538046476785055,0.0516897349594574,53.8046476785055,"model3_overdisp",TRUE,FALSE,NA
165,10840,"Heggenmus","dunnock",2021,1997,"index_100 = eerste analysejaar vanaf eerste positieve jaar",0.483333333333333,0.0470023023097477,48.3333333333333,"model3_overdisp",TRUE,FALSE,NA
165,10840,"Heggenmus","dunnock",2022,1997,"index_100 = eerste analysejaar vanaf eerste positieve jaar",0.404798219737351,0.0433140057908485,40.4798219737351,"model3_overdisp",TRUE,FALSE,NA
166,10990,"Roodborst","robin",1997,1997,"index_100 = eerste analysejaar vanaf eerste positieve jaar",1,0,100,"model3_overdisp",TRUE,FALSE,NA
166,10990,"Roodborst","robin",1998,1997,"index_100 = eerste analysejaar vanaf eerste positieve jaar",1.02053806035437,0.161117556151623,102.053806035437,"model3_overdisp",TRUE,FALSE,NA
166,10990,"Roodborst","robin",1999,1997,"index_100 = eerste analysejaar vanaf eerste positieve jaar",1.35411286840285,0.195700664606013,135.411286840285,"model3_overdisp",TRUE,FALSE,NA
166,10990,"Roodborst","robin",2000,1997,"index_100 = eerste analysejaar vanaf eerste positieve jaar",1.40118327199484,0.209463642173265,140.118327199484,"model3_overdisp",TRUE,FALSE,NA
166,10990,"Roodborst","robin",2001,1997,"index_100 = eerste analysejaar vanaf eerste positieve jaar",1.36273779113154,0.196684919584429,136.273779113154,"model3_overdisp",TRUE,FALSE,NA
166,10990,"Roodborst","robin",2002,1997,"index_100 = eerste analysejaar vanaf eerste positieve jaar",1.36273779113154,0.196684919584429,136.273779113154,"model3_overdisp",TRUE,FALSE,NA
166,10990,"Roodborst","robin",2003,1997,"index_100 = eerste analysejaar vanaf eerste positieve jaar",1.10399010927112,0.166979337545366,110.399010927112,"model3_overdisp",TRUE,FALSE,NA
166,10990,"Roodborst","robin",2004,1997,"index_100 = eerste analysejaar vanaf eerste positieve jaar",1.13848980018584,0.170964430793434,113.848980018584,"model3_overdisp",TRUE,FALSE,NA
166,10990,"Roodborst","robin",2005,1997,"index_100 = eerste analysejaar vanaf eerste positieve jaar",1.00911595925563,0.155971601768291,100.911595925563,"model3_overdisp",TRUE,FALSE,NA
166,10990,"Roodborst","robin",2006,1997,"index_100 = eerste analysejaar vanaf eerste positieve jaar",1.00049103652695,0.154966988563407,100.049103652695,"model3_overdisp",TRUE,FALSE,NA
166,10990,"Roodborst","robin",2007,1997,"index_100 = eerste analysejaar vanaf eerste positieve jaar",1.21306015899354,0.182302336734705,121.306015899354,"model3_overdisp",TRUE,FALSE,NA
166,10990,"Roodborst","robin",2008,1997,"index_100 = eerste analysejaar vanaf eerste positieve jaar",1.195738146118,0.197826985007934,119.5738146118,"model3_overdisp",TRUE,FALSE,NA
166,10990,"Roodborst","robin",2009,1997,"index_100 = eerste analysejaar vanaf eerste positieve jaar",0.543197323601447,0.111698722821589,54.3197323601447,"model3_overdisp",TRUE,FALSE,NA
166,10990,"Roodborst","robin",2010,1997,"index_100 = eerste analysejaar vanaf eerste positieve jaar",0.813805208850275,0.135273618156043,81.3805208850275,"model3_overdisp",TRUE,FALSE,NA
166,10990,"Roodborst","robin",2011,1997,"index_100 = eerste analysejaar vanaf eerste positieve jaar",0.650017087064873,0.117654135004023,65.0017087064873,"model3_overdisp",TRUE,FALSE,NA
166,10990,"Roodborst","robin",2012,1997,"index_100 = eerste analysejaar vanaf eerste positieve jaar",0.524071981971824,0.102414916491129,52.4071981971824,"model3_overdisp",TRUE,FALSE,NA
166,10990,"Roodborst","robin",2013,1997,"index_100 = eerste analysejaar vanaf eerste positieve jaar",0.680456582718905,0.119368910574535,68.0456582718905,"model3_overdisp",TRUE,FALSE,NA
166,10990,"Roodborst","robin",2014,1997,"index_100 = eerste analysejaar vanaf eerste positieve jaar",0.865650471421069,0.14700710818818,86.565047142107,"model3_overdisp",TRUE,FALSE,NA
166,10990,"Roodborst","robin",2015,1997,"index_100 = eerste analysejaar vanaf eerste positieve jaar",1.14480621303963,0.176859037516949,114.480621303963,"model3_overdisp",TRUE,FALSE,NA
166,10990,"Roodborst","robin",2016,1997,"index_100 = eerste analysejaar vanaf eerste positieve jaar",1.21125529957331,0.193669303219825,121.125529957331,"model3_overdisp",TRUE,FALSE,NA
166,10990,"Roodborst","robin",2017,1997,"index_100 = eerste analysejaar vanaf eerste positieve jaar",0.810289118701336,0.13903058620075,81.0289118701336,"model3_overdisp",TRUE,FALSE,NA
166,10990,"Roodborst","robin",2018,1997,"index_100 = eerste analysejaar vanaf eerste positieve jaar",0.847103084991509,0.141285635829736,84.7103084991509,"model3_overdisp",TRUE,FALSE,NA
166,10990,"Roodborst","robin",2019,1997,"index_100 = eerste analysejaar vanaf eerste positieve jaar",0.902262523836317,0.148278495197727,90.2262523836317,"model3_overdisp",TRUE,FALSE,NA
166,10990,"Roodborst","robin",2020,1997,"index_100 = eerste analysejaar vanaf eerste positieve jaar",1.04178079307612,0.169950534401113,104.178079307612,"model3_overdisp",TRUE,FALSE,NA
166,10990,"Roodborst","robin",2021,1997,"index_100 = eerste analysejaar vanaf eerste positieve jaar",0.905616886511463,0.143866326326626,90.5616886511463,"model3_overdisp",TRUE,FALSE,NA
166,10990,"Roodborst","robin",2022,1997,"index_100 = eerste analysejaar vanaf eerste positieve jaar",0.942572199144794,0.151812810995611,94.2572199144794,"model3_overdisp",TRUE,FALSE,NA
167,11040,"Nachtegaal","nightingale",1997,1997,"index_100 = eerste analysejaar vanaf eerste positieve jaar",1,0,100,"model3_overdisp",TRUE,FALSE,NA
167,11040,"Nachtegaal","nightingale",1998,1997,"index_100 = eerste analysejaar vanaf eerste positieve jaar",1.08566964926753,0.107704548412207,108.566964926753,"model3_overdisp",TRUE,FALSE,NA
167,11040,"Nachtegaal","nightingale",1999,1997,"index_100 = eerste analysejaar vanaf eerste positieve jaar",1.12627986348123,0.109486541382954,112.627986348123,"model3_overdisp",TRUE,FALSE,NA
167,11040,"Nachtegaal","nightingale",2000,1997,"index_100 = eerste analysejaar vanaf eerste positieve jaar",1.04184435478445,0.107709122273187,104.184435478445,"model3_overdisp",TRUE,FALSE,NA
167,11040,"Nachtegaal","nightingale",2001,1997,"index_100 = eerste analysejaar vanaf eerste positieve jaar",1.08191126279863,0.106182829065821,108.191126279863,"model3_overdisp",TRUE,FALSE,NA
167,11040,"Nachtegaal","nightingale",2002,1997,"index_100 = eerste analysejaar vanaf eerste positieve jaar",1,0.100055821438647,100,"model3_overdisp",TRUE,FALSE,NA
167,11040,"Nachtegaal","nightingale",2003,1997,"index_100 = eerste analysejaar vanaf eerste positieve jaar",0.986348122866894,0.0990307703298907,98.6348122866894,"model3_overdisp",TRUE,FALSE,NA
167,11040,"Nachtegaal","nightingale",2004,1997,"index_100 = eerste analysejaar vanaf eerste positieve jaar",1.05460750853242,0.104144713347923,105.460750853242,"model3_overdisp",TRUE,FALSE,NA
167,11040,"Nachtegaal","nightingale",2005,1997,"index_100 = eerste analysejaar vanaf eerste positieve jaar",1.04095563139932,0.103124119930675,104.095563139932,"model3_overdisp",TRUE,FALSE,NA
167,11040,"Nachtegaal","nightingale",2006,1997,"index_100 = eerste analysejaar vanaf eerste positieve jaar",1.00783487541161,0.102966403515607,100.783487541161,"model3_overdisp",TRUE,FALSE,NA
167,11040,"Nachtegaal","nightingale",2007,1997,"index_100 = eerste analysejaar vanaf eerste positieve jaar",0.970658986356263,0.099127333937397,97.0658986356263,"model3_overdisp",TRUE,FALSE,NA
167,11040,"Nachtegaal","nightingale",2008,1997,"index_100 = eerste analysejaar vanaf eerste positieve jaar",0.829053782260208,0.0918647472575493,82.9053782260208,"model3_overdisp",TRUE,FALSE,NA
167,11040,"Nachtegaal","nightingale",2009,1997,"index_100 = eerste analysejaar vanaf eerste positieve jaar",0.817466880762477,0.0879349695227349,81.7466880762477,"model3_overdisp",TRUE,FALSE,NA
167,11040,"Nachtegaal","nightingale",2010,1997,"index_100 = eerste analysejaar vanaf eerste positieve jaar",0.774445150340444,0.0846294558088826,77.4445150340444,"model3_overdisp",TRUE,FALSE,NA
167,11040,"Nachtegaal","nightingale",2011,1997,"index_100 = eerste analysejaar vanaf eerste positieve jaar",0.860610069124904,0.0900540021846712,86.0610069124904,"model3_overdisp",TRUE,FALSE,NA
167,11040,"Nachtegaal","nightingale",2012,1997,"index_100 = eerste analysejaar vanaf eerste positieve jaar",0.852614484328949,0.090372812746536,85.2614484328949,"model3_overdisp",TRUE,FALSE,NA
167,11040,"Nachtegaal","nightingale",2013,1997,"index_100 = eerste analysejaar vanaf eerste positieve jaar",0.837704263905629,0.0897830548850543,83.7704263905629,"model3_overdisp",TRUE,FALSE,NA
167,11040,"Nachtegaal","nightingale",2014,1997,"index_100 = eerste analysejaar vanaf eerste positieve jaar",0.988737485207141,0.101944621754997,98.8737485207141,"model3_overdisp",TRUE,FALSE,NA
167,11040,"Nachtegaal","nightingale",2015,1997,"index_100 = eerste analysejaar vanaf eerste positieve jaar",0.909389587212955,0.0937640632265919,90.9389587212955,"model3_overdisp",TRUE,FALSE,NA
167,11040,"Nachtegaal","nightingale",2016,1997,"index_100 = eerste analysejaar vanaf eerste positieve jaar",0.749593260508727,0.082002637425291,74.9593260508727,"model3_overdisp",TRUE,FALSE,NA
167,11040,"Nachtegaal","nightingale",2017,1997,"index_100 = eerste analysejaar vanaf eerste positieve jaar",0.64700089321491,0.0734723774992189,64.700089321491,"model3_overdisp",TRUE,FALSE,NA
167,11040,"Nachtegaal","nightingale",2018,1997,"index_100 = eerste analysejaar vanaf eerste positieve jaar",0.563377192227442,0.0682485682743896,56.3377192227442,"model3_overdisp",TRUE,FALSE,NA
167,11040,"Nachtegaal","nightingale",2019,1997,"index_100 = eerste analysejaar vanaf eerste positieve jaar",0.797893545868838,0.0852522232446603,79.7893545868838,"model3_overdisp",TRUE,FALSE,NA
167,11040,"Nachtegaal","nightingale",2020,1997,"index_100 = eerste analysejaar vanaf eerste positieve jaar",0.823936193576222,0.088989991347772,82.3936193576222,"model3_overdisp",TRUE,FALSE,NA
167,11040,"Nachtegaal","nightingale",2021,1997,"index_100 = eerste analysejaar vanaf eerste positieve jaar",0.658703071672355,0.0739531253838127,65.8703071672355,"model3_overdisp",TRUE,FALSE,NA
167,11040,"Nachtegaal","nightingale",2022,1997,"index_100 = eerste analysejaar vanaf eerste positieve jaar",0.652675312189146,0.0757152478136165,65.2675312189146,"model3_overdisp",TRUE,FALSE,NA
168,11060,"Blauwborst","bluethroat",1997,1997,"index_100 = eerste analysejaar vanaf eerste positieve jaar",1,0,100,"model3_overdisp",TRUE,FALSE,NA
168,11060,"Blauwborst","bluethroat",1998,1997,"index_100 = eerste analysejaar vanaf eerste positieve jaar",1.07692307692308,0.478350067178901,107.692307692308,"model3_overdisp",TRUE,FALSE,NA
168,11060,"Blauwborst","bluethroat",1999,1997,"index_100 = eerste analysejaar vanaf eerste positieve jaar",1.07692307692308,0.478350067178901,107.692307692308,"model3_overdisp",TRUE,FALSE,NA
168,11060,"Blauwborst","bluethroat",2000,1997,"index_100 = eerste analysejaar vanaf eerste positieve jaar",1.17407659786665,0.513173814970589,117.407659786665,"model3_overdisp",TRUE,FALSE,NA
168,11060,"Blauwborst","bluethroat",2001,1997,"index_100 = eerste analysejaar vanaf eerste positieve jaar",0.769230769230769,0.37313316968665,76.9230769230769,"model3_overdisp",TRUE,FALSE,NA
168,11060,"Blauwborst","bluethroat",2002,1997,"index_100 = eerste analysejaar vanaf eerste positieve jaar",0.769230769230769,0.37313316968665,76.9230769230769,"model3_overdisp",TRUE,FALSE,NA
168,11060,"Blauwborst","bluethroat",2003,1997,"index_100 = eerste analysejaar vanaf eerste positieve jaar",1,0.452333017300775,100,"model3_overdisp",TRUE,FALSE,NA
168,11060,"Blauwborst","bluethroat",2004,1997,"index_100 = eerste analysejaar vanaf eerste positieve jaar",0.769230769230769,0.37313316968665,76.9230769230769,"model3_overdisp",TRUE,FALSE,NA
168,11060,"Blauwborst","bluethroat",2005,1997,"index_100 = eerste analysejaar vanaf eerste positieve jaar",0.692307692307692,0.346204361232925,69.2307692307692,"model3_overdisp",TRUE,FALSE,NA
168,11060,"Blauwborst","bluethroat",2006,1997,"index_100 = eerste analysejaar vanaf eerste positieve jaar",1.2442836078808,0.564200830446791,124.42836078808,"model3_overdisp",TRUE,FALSE,NA
168,11060,"Blauwborst","bluethroat",2007,1997,"index_100 = eerste analysejaar vanaf eerste positieve jaar",0.769230769230769,0.37313316968665,76.9230769230769,"model3_overdisp",TRUE,FALSE,NA
168,11060,"Blauwborst","bluethroat",2008,1997,"index_100 = eerste analysejaar vanaf eerste positieve jaar",0.547902412337768,0.296259432893269,54.7902412337768,"model3_overdisp",TRUE,FALSE,NA
168,11060,"Blauwborst","bluethroat",2009,1997,"index_100 = eerste analysejaar vanaf eerste positieve jaar",0.846153846153846,0.399762362304904,84.6153846153846,"model3_overdisp",TRUE,FALSE,NA
168,11060,"Blauwborst","bluethroat",2010,1997,"index_100 = eerste analysejaar vanaf eerste positieve jaar",0.615384615384615,0.318900044785934,61.5384615384615,"model3_overdisp",TRUE,FALSE,NA
168,11060,"Blauwborst","bluethroat",2011,1997,"index_100 = eerste analysejaar vanaf eerste positieve jaar",0.692307692307692,0.346204361232925,69.2307692307692,"model3_overdisp",TRUE,FALSE,NA
168,11060,"Blauwborst","bluethroat",2012,1997,"index_100 = eerste analysejaar vanaf eerste positieve jaar",0.307692307692308,0.202887081871619,30.7692307692308,"model3_overdisp",TRUE,FALSE,NA
168,11060,"Blauwborst","bluethroat",2013,1997,"index_100 = eerste analysejaar vanaf eerste positieve jaar",0.461538461538462,0.262695337709793,46.1538461538462,"model3_overdisp",TRUE,FALSE,NA
168,11060,"Blauwborst","bluethroat",2014,1997,"index_100 = eerste analysejaar vanaf eerste positieve jaar",0.692307692307692,0.346204361232925,69.2307692307692,"model3_overdisp",TRUE,FALSE,NA
168,11060,"Blauwborst","bluethroat",2015,1997,"index_100 = eerste analysejaar vanaf eerste positieve jaar",0.461538461538462,0.262695337709793,46.1538461538462,"model3_overdisp",TRUE,FALSE,NA
168,11060,"Blauwborst","bluethroat",2016,1997,"index_100 = eerste analysejaar vanaf eerste positieve jaar",0.615384615384615,0.318900044785934,61.5384615384615,"model3_overdisp",TRUE,FALSE,NA
168,11060,"Blauwborst","bluethroat",2017,1997,"index_100 = eerste analysejaar vanaf eerste positieve jaar",1.15384615384615,0.504225243726628,115.384615384615,"model3_overdisp",TRUE,FALSE,NA
168,11060,"Blauwborst","bluethroat",2018,1997,"index_100 = eerste analysejaar vanaf eerste positieve jaar",1.07692307692308,0.478350067178901,107.692307692308,"model3_overdisp",TRUE,FALSE,NA
168,11060,"Blauwborst","bluethroat",2019,1997,"index_100 = eerste analysejaar vanaf eerste positieve jaar",1.84615384615385,0.73317293096371,184.615384615385,"model3_overdisp",TRUE,FALSE,NA
168,11060,"Blauwborst","bluethroat",2020,1997,"index_100 = eerste analysejaar vanaf eerste positieve jaar",2.07692307692308,0.80855918905184,207.692307692308,"model3_overdisp",TRUE,FALSE,NA
168,11060,"Blauwborst","bluethroat",2021,1997,"index_100 = eerste analysejaar vanaf eerste positieve jaar",2.30769230769231,0.883679529244487,230.769230769231,"model3_overdisp",TRUE,FALSE,NA
168,11060,"Blauwborst","bluethroat",2022,1997,"index_100 = eerste analysejaar vanaf eerste positieve jaar",2.27729507920928,0.876852893110807,227.729507920928,"model3_overdisp",TRUE,FALSE,NA
170,11220,"Gekraagde Roodstaart","redstart",1997,1997,"index_100 = eerste analysejaar vanaf eerste positieve jaar",1,0,100,"model3_overdisp",TRUE,FALSE,"Overdispersion 1.0 <1; consider setting overdisp=FALSE"
170,11220,"Gekraagde Roodstaart","redstart",1998,1997,"index_100 = eerste analysejaar vanaf eerste positieve jaar",1.10688493869682,0.176494111519977,110.688493869682,"model3_overdisp",TRUE,FALSE,"Overdispersion 1.0 <1; consider setting overdisp=FALSE"
170,11220,"Gekraagde Roodstaart","redstart",1999,1997,"index_100 = eerste analysejaar vanaf eerste positieve jaar",0.862157032869513,0.142851216351137,86.2157032869513,"model3_overdisp",TRUE,FALSE,"Overdispersion 1.0 <1; consider setting overdisp=FALSE"
170,11220,"Gekraagde Roodstaart","redstart",2000,1997,"index_100 = eerste analysejaar vanaf eerste positieve jaar",0.781727830211053,0.139574511909114,78.1727830211052,"model3_overdisp",TRUE,FALSE,"Overdispersion 1.0 <1; consider setting overdisp=FALSE"
170,11220,"Gekraagde Roodstaart","redstart",2001,1997,"index_100 = eerste analysejaar vanaf eerste positieve jaar",0.744590164750943,0.12847783258614,74.4590164750943,"model3_overdisp",TRUE,FALSE,"Overdispersion 1.0 <1; consider setting overdisp=FALSE"
170,11220,"Gekraagde Roodstaart","redstart",2002,1997,"index_100 = eerste analysejaar vanaf eerste positieve jaar",0.666212252671896,0.118754418546462,66.6212252671896,"model3_overdisp",TRUE,FALSE,"Overdispersion 1.0 <1; consider setting overdisp=FALSE"
170,11220,"Gekraagde Roodstaart","redstart",2003,1997,"index_100 = eerste analysejaar vanaf eerste positieve jaar",0.465267706891021,0.0936047509121096,46.5267706891021,"model3_overdisp",TRUE,FALSE,"Overdispersion 1.0 <1; consider setting overdisp=FALSE"
170,11220,"Gekraagde Roodstaart","redstart",2004,1997,"index_100 = eerste analysejaar vanaf eerste positieve jaar",0.522519413860311,0.10051187031554,52.2519413860311,"model3_overdisp",TRUE,FALSE,"Overdispersion 1.0 <1; consider setting overdisp=FALSE"
170,11220,"Gekraagde Roodstaart","redstart",2005,1997,"index_100 = eerste analysejaar vanaf eerste positieve jaar",0.522519413860311,0.10051187031554,52.2519413860311,"model3_overdisp",TRUE,FALSE,"Overdispersion 1.0 <1; consider setting overdisp=FALSE"
170,11220,"Gekraagde Roodstaart","redstart",2006,1997,"index_100 = eerste analysejaar vanaf eerste positieve jaar",0.483330457820787,0.0954106993676158,48.3330457820787,"model3_overdisp",TRUE,FALSE,"Overdispersion 1.0 <1; consider setting overdisp=FALSE"
170,11220,"Gekraagde Roodstaart","redstart",2007,1997,"index_100 = eerste analysejaar vanaf eerste positieve jaar",0.555566630126963,0.106923225674442,55.5566630126963,"model3_overdisp",TRUE,FALSE,"Overdispersion 1.0 <1; consider setting overdisp=FALSE"
170,11220,"Gekraagde Roodstaart","redstart",2008,1997,"index_100 = eerste analysejaar vanaf eerste positieve jaar",0.467964243382557,0.103467998403646,46.7964243382557,"model3_overdisp",TRUE,FALSE,"Overdispersion 1.0 <1; consider setting overdisp=FALSE"
170,11220,"Gekraagde Roodstaart","redstart",2009,1997,"index_100 = eerste analysejaar vanaf eerste positieve jaar",0.566146989532288,0.113014562590524,56.6146989532288,"model3_overdisp",TRUE,FALSE,"Overdispersion 1.0 <1; consider setting overdisp=FALSE"
170,11220,"Gekraagde Roodstaart","redstart",2010,1997,"index_100 = eerste analysejaar vanaf eerste positieve jaar",0.546572954370822,0.106087987891965,54.6572954370822,"model3_overdisp",TRUE,FALSE,"Overdispersion 1.0 <1; consider setting overdisp=FALSE"
170,11220,"Gekraagde Roodstaart","redstart",2011,1997,"index_100 = eerste analysejaar vanaf eerste positieve jaar",1.00601749462145,0.163736822270508,100.601749462145,"model3_overdisp",TRUE,FALSE,"Overdispersion 1.0 <1; consider setting overdisp=FALSE"
170,11220,"Gekraagde Roodstaart","redstart",2012,1997,"index_100 = eerste analysejaar vanaf eerste positieve jaar",1.11391758269057,0.177038564075979,111.391758269057,"model3_overdisp",TRUE,FALSE,"Overdispersion 1.0 <1; consider setting overdisp=FALSE"
170,11220,"Gekraagde Roodstaart","redstart",2013,1997,"index_100 = eerste analysejaar vanaf eerste positieve jaar",1.22756035609109,0.190019977651331,122.756035609109,"model3_overdisp",TRUE,FALSE,"Overdispersion 1.0 <1; consider setting overdisp=FALSE"
170,11220,"Gekraagde Roodstaart","redstart",2014,1997,"index_100 = eerste analysejaar vanaf eerste positieve jaar",1.07865867489473,0.176412241980335,107.865867489473,"model3_overdisp",TRUE,FALSE,"Overdispersion 1.0 <1; consider setting overdisp=FALSE"
170,11220,"Gekraagde Roodstaart","redstart",2015,1997,"index_100 = eerste analysejaar vanaf eerste positieve jaar",1.37441826729973,0.207666965964939,137.441826729973,"model3_overdisp",TRUE,FALSE,"Overdispersion 1.0 <1; consider setting overdisp=FALSE"
170,11220,"Gekraagde Roodstaart","redstart",2016,1997,"index_100 = eerste analysejaar vanaf eerste positieve jaar",1.25686575243705,0.197601189147927,125.686575243705,"model3_overdisp",TRUE,FALSE,"Overdispersion 1.0 <1; consider setting overdisp=FALSE"
170,11220,"Gekraagde Roodstaart","redstart",2017,1997,"index_100 = eerste analysejaar vanaf eerste positieve jaar",1.23563365766113,0.190751849083452,123.563365766113,"model3_overdisp",TRUE,FALSE,"Overdispersion 1.0 <1; consider setting overdisp=FALSE"
170,11220,"Gekraagde Roodstaart","redstart",2018,1997,"index_100 = eerste analysejaar vanaf eerste positieve jaar",1.04329057147334,0.169175750672223,104.329057147334,"model3_overdisp",TRUE,FALSE,"Overdispersion 1.0 <1; consider setting overdisp=FALSE"
170,11220,"Gekraagde Roodstaart","redstart",2019,1997,"index_100 = eerste analysejaar vanaf eerste positieve jaar",1.28955703171243,0.202831633844556,128.955703171243,"model3_overdisp",TRUE,FALSE,"Overdispersion 1.0 <1; consider setting overdisp=FALSE"
170,11220,"Gekraagde Roodstaart","redstart",2020,1997,"index_100 = eerste analysejaar vanaf eerste positieve jaar",1.18145953093963,0.187928243091828,118.145953093963,"model3_overdisp",TRUE,FALSE,"Overdispersion 1.0 <1; consider setting overdisp=FALSE"
170,11220,"Gekraagde Roodstaart","redstart",2021,1997,"index_100 = eerste analysejaar vanaf eerste positieve jaar",1.12341673979967,0.174172559640576,112.341673979967,"model3_overdisp",TRUE,FALSE,"Overdispersion 1.0 <1; consider setting overdisp=FALSE"
170,11220,"Gekraagde Roodstaart","redstart",2022,1997,"index_100 = eerste analysejaar vanaf eerste positieve jaar",0.856008125643522,0.14870384250608,85.6008125643522,"model3_overdisp",TRUE,FALSE,"Overdispersion 1.0 <1; consider setting overdisp=FALSE"
172,11390,"Roodborsttapuit","stonechat",1997,1997,"index_100 = eerste analysejaar vanaf eerste positieve jaar",1,0,100,"model3_overdisp",TRUE,FALSE,"Overdispersion 0.9 <1; consider setting overdisp=FALSE"
172,11390,"Roodborsttapuit","stonechat",1998,1997,"index_100 = eerste analysejaar vanaf eerste positieve jaar",1.89029605477509,0.420472046495653,189.029605477509,"model3_overdisp",TRUE,FALSE,"Overdispersion 0.9 <1; consider setting overdisp=FALSE"
172,11390,"Roodborsttapuit","stonechat",1999,1997,"index_100 = eerste analysejaar vanaf eerste positieve jaar",1.62962962962963,0.369562191759181,162.962962962963,"model3_overdisp",TRUE,FALSE,"Overdispersion 0.9 <1; consider setting overdisp=FALSE"
172,11390,"Roodborsttapuit","stonechat",2000,1997,"index_100 = eerste analysejaar vanaf eerste positieve jaar",1.69962445299337,0.39322219220454,169.962445299337,"model3_overdisp",TRUE,FALSE,"Overdispersion 0.9 <1; consider setting overdisp=FALSE"
172,11390,"Roodborsttapuit","stonechat",2001,1997,"index_100 = eerste analysejaar vanaf eerste positieve jaar",1.44444444444444,0.33545656284172,144.444444444444,"model3_overdisp",TRUE,FALSE,"Overdispersion 0.9 <1; consider setting overdisp=FALSE"
172,11390,"Roodborsttapuit","stonechat",2002,1997,"index_100 = eerste analysejaar vanaf eerste positieve jaar",1.51851851851852,0.349122956125679,151.851851851852,"model3_overdisp",TRUE,FALSE,"Overdispersion 0.9 <1; consider setting overdisp=FALSE"
172,11390,"Roodborsttapuit","stonechat",2003,1997,"index_100 = eerste analysejaar vanaf eerste positieve jaar",1.7836189050439,0.398035058263866,178.36189050439,"model3_overdisp",TRUE,FALSE,"Overdispersion 0.9 <1; consider setting overdisp=FALSE"
172,11390,"Roodborsttapuit","stonechat",2004,1997,"index_100 = eerste analysejaar vanaf eerste positieve jaar",1.74074074074074,0.3899391227741,174.074074074074,"model3_overdisp",TRUE,FALSE,"Overdispersion 0.9 <1; consider setting overdisp=FALSE"
172,11390,"Roodborsttapuit","stonechat",2005,1997,"index_100 = eerste analysejaar vanaf eerste positieve jaar",1.37037037037037,0.321753196781378,137.037037037037,"model3_overdisp",TRUE,FALSE,"Overdispersion 0.9 <1; consider setting overdisp=FALSE"
172,11390,"Roodborsttapuit","stonechat",2006,1997,"index_100 = eerste analysejaar vanaf eerste positieve jaar",1.15958146144935,0.293101451832803,115.958146144935,"model3_overdisp",TRUE,FALSE,"Overdispersion 0.9 <1; consider setting overdisp=FALSE"
172,11390,"Roodborsttapuit","stonechat",2007,1997,"index_100 = eerste analysejaar vanaf eerste positieve jaar",1.12725125680134,0.277425796932108,112.725125680134,"model3_overdisp",TRUE,FALSE,"Overdispersion 0.9 <1; consider setting overdisp=FALSE"
172,11390,"Roodborsttapuit","stonechat",2008,1997,"index_100 = eerste analysejaar vanaf eerste positieve jaar",0.836825121090904,0.232736116491545,83.6825121090904,"model3_overdisp",TRUE,FALSE,"Overdispersion 0.9 <1; consider setting overdisp=FALSE"
172,11390,"Roodborsttapuit","stonechat",2009,1997,"index_100 = eerste analysejaar vanaf eerste positieve jaar",1.00301423314597,0.255745755337183,100.301423314597,"model3_overdisp",TRUE,FALSE,"Overdispersion 0.9 <1; consider setting overdisp=FALSE"
172,11390,"Roodborsttapuit","stonechat",2010,1997,"index_100 = eerste analysejaar vanaf eerste positieve jaar",1.03727182542477,0.264551237637919,103.727182542477,"model3_overdisp",TRUE,FALSE,"Overdispersion 0.9 <1; consider setting overdisp=FALSE"
172,11390,"Roodborsttapuit","stonechat",2011,1997,"index_100 = eerste analysejaar vanaf eerste positieve jaar",1.22222222222222,0.294214868569503,122.222222222222,"model3_overdisp",TRUE,FALSE,"Overdispersion 0.9 <1; consider setting overdisp=FALSE"
172,11390,"Roodborsttapuit","stonechat",2012,1997,"index_100 = eerste analysejaar vanaf eerste positieve jaar",1.42784156337892,0.333426464354122,142.784156337892,"model3_overdisp",TRUE,FALSE,"Overdispersion 0.9 <1; consider setting overdisp=FALSE"
172,11390,"Roodborsttapuit","stonechat",2013,1997,"index_100 = eerste analysejaar vanaf eerste positieve jaar",1.12517926478133,0.281725666575922,112.517926478133,"model3_overdisp",TRUE,FALSE,"Overdispersion 0.9 <1; consider setting overdisp=FALSE"
172,11390,"Roodborsttapuit","stonechat",2014,1997,"index_100 = eerste analysejaar vanaf eerste positieve jaar",1.40647408097667,0.334448515951497,140.647408097667,"model3_overdisp",TRUE,FALSE,"Overdispersion 0.9 <1; consider setting overdisp=FALSE"
172,11390,"Roodborsttapuit","stonechat",2015,1997,"index_100 = eerste analysejaar vanaf eerste positieve jaar",1.25925925925926,0.301117778353601,125.925925925926,"model3_overdisp",TRUE,FALSE,"Overdispersion 0.9 <1; consider setting overdisp=FALSE"
172,11390,"Roodborsttapuit","stonechat",2016,1997,"index_100 = eerste analysejaar vanaf eerste positieve jaar",1.11396208688398,0.274127830509823,111.396208688398,"model3_overdisp",TRUE,FALSE,"Overdispersion 0.9 <1; consider setting overdisp=FALSE"
172,11390,"Roodborsttapuit","stonechat",2017,1997,"index_100 = eerste analysejaar vanaf eerste positieve jaar",0.891169669507182,0.231923475144678,89.1169669507182,"model3_overdisp",TRUE,FALSE,"Overdispersion 0.9 <1; consider setting overdisp=FALSE"
172,11390,"Roodborsttapuit","stonechat",2018,1997,"index_100 = eerste analysejaar vanaf eerste positieve jaar",1.38789896383078,0.329994390377438,138.789896383078,"model3_overdisp",TRUE,FALSE,"Overdispersion 0.9 <1; consider setting overdisp=FALSE"
172,11390,"Roodborsttapuit","stonechat",2019,1997,"index_100 = eerste analysejaar vanaf eerste positieve jaar",1.84057758958964,0.412559416339946,184.057758958964,"model3_overdisp",TRUE,FALSE,"Overdispersion 0.9 <1; consider setting overdisp=FALSE"
172,11390,"Roodborsttapuit","stonechat",2020,1997,"index_100 = eerste analysejaar vanaf eerste positieve jaar",1.64021964496894,0.377403148185835,164.021964496894,"model3_overdisp",TRUE,FALSE,"Overdispersion 0.9 <1; consider setting overdisp=FALSE"
172,11390,"Roodborsttapuit","stonechat",2021,1997,"index_100 = eerste analysejaar vanaf eerste positieve jaar",1.22222222222222,0.294214868569503,122.222222222222,"model3_overdisp",TRUE,FALSE,"Overdispersion 0.9 <1; consider setting overdisp=FALSE"
172,11390,"Roodborsttapuit","stonechat",2022,1997,"index_100 = eerste analysejaar vanaf eerste positieve jaar",1.93376696742215,0.431891638331355,193.376696742215,"model3_overdisp",TRUE,FALSE,"Overdispersion 0.9 <1; consider setting overdisp=FALSE"
173,11460,"Tapuit","Wheatear",1997,1997,"index_100 = eerste analysejaar vanaf eerste positieve jaar",1,0,100,"model2_basis",FALSE,FALSE,"Data ends with 11 years without positive observations."
173,11460,"Tapuit","Wheatear",1998,1997,"index_100 = eerste analysejaar vanaf eerste positieve jaar",1,0.817680979514554,100,"model2_basis",FALSE,FALSE,"Data ends with 11 years without positive observations."
173,11460,"Tapuit","Wheatear",1999,1997,"index_100 = eerste analysejaar vanaf eerste positieve jaar",0,0.490300511968731,0,"model2_basis",FALSE,FALSE,"Data ends with 11 years without positive observations."
173,11460,"Tapuit","Wheatear",2000,1997,"index_100 = eerste analysejaar vanaf eerste positieve jaar",0.182122019974529,0.342958392888542,18.2122019974529,"model2_basis",FALSE,FALSE,"Data ends with 11 years without positive observations."
173,11460,"Tapuit","Wheatear",2001,1997,"index_100 = eerste analysejaar vanaf eerste positieve jaar",0.5,0.498641568409098,50,"model2_basis",FALSE,FALSE,"Data ends with 11 years without positive observations."
173,11460,"Tapuit","Wheatear",2002,1997,"index_100 = eerste analysejaar vanaf eerste positieve jaar",0.0813771822331427,0.299683723044585,8.13771822331427,"model2_basis",FALSE,FALSE,"Data ends with 11 years without positive observations."
173,11460,"Tapuit","Wheatear",2003,1997,"index_100 = eerste analysejaar vanaf eerste positieve jaar",0,0.318332414840725,0,"model2_basis",FALSE,FALSE,"Data ends with 11 years without positive observations."
173,11460,"Tapuit","Wheatear",2004,1997,"index_100 = eerste analysejaar vanaf eerste positieve jaar",0,0.285749509146619,0,"model2_basis",FALSE,FALSE,"Data ends with 11 years without positive observations."
173,11460,"Tapuit","Wheatear",2005,1997,"index_100 = eerste analysejaar vanaf eerste positieve jaar",0.5,0.397942146364086,50,"model2_basis",FALSE,FALSE,"Data ends with 11 years without positive observations."
173,11460,"Tapuit","Wheatear",2006,1997,"index_100 = eerste analysejaar vanaf eerste positieve jaar",0,0.230247408915973,0,"model2_basis",FALSE,FALSE,"Data ends with 11 years without positive observations."
173,11460,"Tapuit","Wheatear",2007,1997,"index_100 = eerste analysejaar vanaf eerste positieve jaar",0,0.206680441616161,0,"model2_basis",FALSE,FALSE,"Data ends with 11 years without positive observations."
173,11460,"Tapuit","Wheatear",2008,1997,"index_100 = eerste analysejaar vanaf eerste positieve jaar",0.022271947748478,0.157073492381123,2.2271947748478,"model2_basis",FALSE,FALSE,"Data ends with 11 years without positive observations."
173,11460,"Tapuit","Wheatear",2009,1997,"index_100 = eerste analysejaar vanaf eerste positieve jaar",0,0.166536195627593,0,"model2_basis",FALSE,FALSE,"Data ends with 11 years without positive observations."
173,11460,"Tapuit","Wheatear",2010,1997,"index_100 = eerste analysejaar vanaf eerste positieve jaar",0.00602914392699169,0.140334627499801,0.602914392699169,"model2_basis",FALSE,FALSE,"Data ends with 11 years without positive observations."
173,11460,"Tapuit","Wheatear",2011,1997,"index_100 = eerste analysejaar vanaf eerste positieve jaar",0.5,0.332523137356285,50,"model2_basis",FALSE,FALSE,"Data ends with 11 years without positive observations."
173,11460,"Tapuit","Wheatear",2012,1997,"index_100 = eerste analysejaar vanaf eerste positieve jaar",0,0.120454360744765,0,"model2_basis",FALSE,FALSE,"Data ends with 11 years without positive observations."
173,11460,"Tapuit","Wheatear",2013,1997,"index_100 = eerste analysejaar vanaf eerste positieve jaar",0.00315415787297308,0.101380278845927,0.315415787297308,"model2_basis",FALSE,FALSE,"Data ends with 11 years without positive observations."
173,11460,"Tapuit","Wheatear",2014,1997,"index_100 = eerste analysejaar vanaf eerste positieve jaar",0.00254151504838223,0.090954307857626,0.254151504838223,"model2_basis",FALSE,FALSE,"Data ends with 11 years without positive observations."
173,11460,"Tapuit","Wheatear",2015,1997,"index_100 = eerste analysejaar vanaf eerste positieve jaar",0,0.0871237208689185,0,"model2_basis",FALSE,FALSE,"Data ends with 11 years without positive observations."
173,11460,"Tapuit","Wheatear",2016,1997,"index_100 = eerste analysejaar vanaf eerste positieve jaar",0,0.0782061747804629,0,"model2_basis",FALSE,FALSE,"Data ends with 11 years without positive observations."
173,11460,"Tapuit","Wheatear",2017,1997,"index_100 = eerste analysejaar vanaf eerste positieve jaar",0,0.0702013838802225,0,"model2_basis",FALSE,FALSE,"Data ends with 11 years without positive observations."
173,11460,"Tapuit","Wheatear",2018,1997,"index_100 = eerste analysejaar vanaf eerste positieve jaar",0,0.0630159231356437,0,"model2_basis",FALSE,FALSE,"Data ends with 11 years without positive observations."
173,11460,"Tapuit","Wheatear",2019,1997,"index_100 = eerste analysejaar vanaf eerste positieve jaar",0,0.0565659300308479,0,"model2_basis",FALSE,FALSE,"Data ends with 11 years without positive observations."
173,11460,"Tapuit","Wheatear",2020,1997,"index_100 = eerste analysejaar vanaf eerste positieve jaar",0.000695581842553479,0.0474258481025814,0.0695581842553479,"model2_basis",FALSE,FALSE,"Data ends with 11 years without positive observations."
173,11460,"Tapuit","Wheatear",2021,1997,"index_100 = eerste analysejaar vanaf eerste positieve jaar",0,0.0455789368157486,0,"model2_basis",FALSE,FALSE,"Data ends with 11 years without positive observations."
173,11460,"Tapuit","Wheatear",2022,1997,"index_100 = eerste analysejaar vanaf eerste positieve jaar",0.000441055533502516,0.0382449339045768,0.0441055533502516,"model2_basis",FALSE,FALSE,"Data ends with 11 years without positive observations."
175,11870,"Merel","blackbird",1997,1997,"index_100 = eerste analysejaar vanaf eerste positieve jaar",1,0,100,"model3_overdisp",TRUE,FALSE,NA
175,11870,"Merel","blackbird",1998,1997,"index_100 = eerste analysejaar vanaf eerste positieve jaar",1.1748979899397,0.143827335103023,117.48979899397,"model3_overdisp",TRUE,FALSE,NA
175,11870,"Merel","blackbird",1999,1997,"index_100 = eerste analysejaar vanaf eerste positieve jaar",1.23926380368098,0.147648028554975,123.926380368098,"model3_overdisp",TRUE,FALSE,NA
175,11870,"Merel","blackbird",2000,1997,"index_100 = eerste analysejaar vanaf eerste positieve jaar",1.46506173235056,0.17481755926305,146.506173235056,"model3_overdisp",TRUE,FALSE,NA
175,11870,"Merel","blackbird",2001,1997,"index_100 = eerste analysejaar vanaf eerste positieve jaar",1.60122699386503,0.180887567049878,160.122699386503,"model3_overdisp",TRUE,FALSE,NA
175,11870,"Merel","blackbird",2002,1997,"index_100 = eerste analysejaar vanaf eerste positieve jaar",1.54601226993865,0.175844931268811,154.601226993865,"model3_overdisp",TRUE,FALSE,NA
175,11870,"Merel","blackbird",2003,1997,"index_100 = eerste analysejaar vanaf eerste positieve jaar",1.67484662576687,0.187598820591265,167.484662576687,"model3_overdisp",TRUE,FALSE,NA
175,11870,"Merel","blackbird",2004,1997,"index_100 = eerste analysejaar vanaf eerste positieve jaar",1.7239263803681,0.192065862362119,172.39263803681,"model3_overdisp",TRUE,FALSE,NA
175,11870,"Merel","blackbird",2005,1997,"index_100 = eerste analysejaar vanaf eerste positieve jaar",1.69938650306748,0.189833020638058,169.938650306748,"model3_overdisp",TRUE,FALSE,NA
175,11870,"Merel","blackbird",2006,1997,"index_100 = eerste analysejaar vanaf eerste positieve jaar",1.54972366476979,0.177150364790396,154.972366476979,"model3_overdisp",TRUE,FALSE,NA
175,11870,"Merel","blackbird",2007,1997,"index_100 = eerste analysejaar vanaf eerste positieve jaar",1.5924416739598,0.181623778728653,159.24416739598,"model3_overdisp",TRUE,FALSE,NA
175,11870,"Merel","blackbird",2008,1997,"index_100 = eerste analysejaar vanaf eerste positieve jaar",1.56891740198735,0.188916277741056,156.891740198735,"model3_overdisp",TRUE,FALSE,NA
175,11870,"Merel","blackbird",2009,1997,"index_100 = eerste analysejaar vanaf eerste positieve jaar",1.5012731841451,0.177433348409039,150.12731841451,"model3_overdisp",TRUE,FALSE,NA
175,11870,"Merel","blackbird",2010,1997,"index_100 = eerste analysejaar vanaf eerste positieve jaar",1.60519165565107,0.183877422698167,160.519165565107,"model3_overdisp",TRUE,FALSE,NA
175,11870,"Merel","blackbird",2011,1997,"index_100 = eerste analysejaar vanaf eerste positieve jaar",1.56309674762137,0.180466949288428,156.309674762137,"model3_overdisp",TRUE,FALSE,NA
175,11870,"Merel","blackbird",2012,1997,"index_100 = eerste analysejaar vanaf eerste positieve jaar",1.3776516813512,0.165481343164917,137.76516813512,"model3_overdisp",TRUE,FALSE,NA
175,11870,"Merel","blackbird",2013,1997,"index_100 = eerste analysejaar vanaf eerste positieve jaar",1.29114273304583,0.155354006211669,129.114273304583,"model3_overdisp",TRUE,FALSE,NA
175,11870,"Merel","blackbird",2014,1997,"index_100 = eerste analysejaar vanaf eerste positieve jaar",1.54799800098059,0.182621807283561,154.799800098059,"model3_overdisp",TRUE,FALSE,NA
175,11870,"Merel","blackbird",2015,1997,"index_100 = eerste analysejaar vanaf eerste positieve jaar",1.45002166375089,0.170059239963789,145.002166375089,"model3_overdisp",TRUE,FALSE,NA
175,11870,"Merel","blackbird",2016,1997,"index_100 = eerste analysejaar vanaf eerste positieve jaar",1.4580507785742,0.173612275228342,145.80507785742,"model3_overdisp",TRUE,FALSE,NA
175,11870,"Merel","blackbird",2017,1997,"index_100 = eerste analysejaar vanaf eerste positieve jaar",1.37641520563556,0.162689092568566,137.641520563556,"model3_overdisp",TRUE,FALSE,NA
175,11870,"Merel","blackbird",2018,1997,"index_100 = eerste analysejaar vanaf eerste positieve jaar",1.43316529269888,0.169829594801647,143.316529269888,"model3_overdisp",TRUE,FALSE,NA
175,11870,"Merel","blackbird",2019,1997,"index_100 = eerste analysejaar vanaf eerste positieve jaar",1.22387149600992,0.149091878909765,122.387149600992,"model3_overdisp",TRUE,FALSE,NA
175,11870,"Merel","blackbird",2020,1997,"index_100 = eerste analysejaar vanaf eerste positieve jaar",1.13719026641212,0.143156985443506,113.719026641212,"model3_overdisp",TRUE,FALSE,NA
175,11870,"Merel","blackbird",2021,1997,"index_100 = eerste analysejaar vanaf eerste positieve jaar",1,0.125345324148748,100,"model3_overdisp",TRUE,FALSE,NA
175,11870,"Merel","blackbird",2022,1997,"index_100 = eerste analysejaar vanaf eerste positieve jaar",0.708876767066697,0.101347607399178,70.8876767066697,"model3_overdisp",TRUE,FALSE,NA
177,12000,"Zanglijster","song thrush",1997,1997,"index_100 = eerste analysejaar vanaf eerste positieve jaar",1,0,100,"model3_overdisp",TRUE,FALSE,"Overdispersion 0.9 <1; consider setting overdisp=FALSE"
177,12000,"Zanglijster","song thrush",1998,1997,"index_100 = eerste analysejaar vanaf eerste positieve jaar",1.24953411175999,0.519987998553148,124.953411175999,"model3_overdisp",TRUE,FALSE,"Overdispersion 0.9 <1; consider setting overdisp=FALSE"
177,12000,"Zanglijster","song thrush",1999,1997,"index_100 = eerste analysejaar vanaf eerste positieve jaar",2.32496775357719,0.850367225294864,232.496775357719,"model3_overdisp",TRUE,FALSE,"Overdispersion 0.9 <1; consider setting overdisp=FALSE"
177,12000,"Zanglijster","song thrush",2000,1997,"index_100 = eerste analysejaar vanaf eerste positieve jaar",3.45882235241792,1.23928478686549,345.882235241792,"model3_overdisp",TRUE,FALSE,"Overdispersion 0.9 <1; consider setting overdisp=FALSE"
177,12000,"Zanglijster","song thrush",2001,1997,"index_100 = eerste analysejaar vanaf eerste positieve jaar",4.06869356876008,1.39121256283474,406.869356876008,"model3_overdisp",TRUE,FALSE,"Overdispersion 0.9 <1; consider setting overdisp=FALSE"
177,12000,"Zanglijster","song thrush",2002,1997,"index_100 = eerste analysejaar vanaf eerste positieve jaar",4.26244088155818,1.45107811918944,426.244088155818,"model3_overdisp",TRUE,FALSE,"Overdispersion 0.9 <1; consider setting overdisp=FALSE"
177,12000,"Zanglijster","song thrush",2003,1997,"index_100 = eerste analysejaar vanaf eerste positieve jaar",5.2026262292283,1.74593140725125,520.26262292283,"model3_overdisp",TRUE,FALSE,"Overdispersion 0.9 <1; consider setting overdisp=FALSE"
177,12000,"Zanglijster","song thrush",2004,1997,"index_100 = eerste analysejaar vanaf eerste positieve jaar",4.45618819435628,1.51091793868272,445.618819435628,"model3_overdisp",TRUE,FALSE,"Overdispersion 0.9 <1; consider setting overdisp=FALSE"
177,12000,"Zanglijster","song thrush",2005,1997,"index_100 = eerste analysejaar vanaf eerste positieve jaar",4.06869356876008,1.39121256283474,406.869356876008,"model3_overdisp",TRUE,FALSE,"Overdispersion 0.9 <1; consider setting overdisp=FALSE"
177,12000,"Zanglijster","song thrush",2006,1997,"index_100 = eerste analysejaar vanaf eerste positieve jaar",3.96783074625181,1.36333230214316,396.783074625181,"model3_overdisp",TRUE,FALSE,"Overdispersion 0.9 <1; consider setting overdisp=FALSE"
177,12000,"Zanglijster","song thrush",2007,1997,"index_100 = eerste analysejaar vanaf eerste positieve jaar",4.41163981888462,1.50539190105131,441.163981888462,"model3_overdisp",TRUE,FALSE,"Overdispersion 0.9 <1; consider setting overdisp=FALSE"
177,12000,"Zanglijster","song thrush",2008,1997,"index_100 = eerste analysejaar vanaf eerste positieve jaar",5.83322667733164,1.98843763224419,583.322667733164,"model3_overdisp",TRUE,FALSE,"Overdispersion 0.9 <1; consider setting overdisp=FALSE"
177,12000,"Zanglijster","song thrush",2009,1997,"index_100 = eerste analysejaar vanaf eerste positieve jaar",3.03158238359982,1.0970161835098,303.158238359982,"model3_overdisp",TRUE,FALSE,"Overdispersion 0.9 <1; consider setting overdisp=FALSE"
177,12000,"Zanglijster","song thrush",2010,1997,"index_100 = eerste analysejaar vanaf eerste positieve jaar",4.23855689124641,1.4495222137176,423.855689124641,"model3_overdisp",TRUE,FALSE,"Overdispersion 0.9 <1; consider setting overdisp=FALSE"
177,12000,"Zanglijster","song thrush",2011,1997,"index_100 = eerste analysejaar vanaf eerste positieve jaar",3.76525319097366,1.31261866420959,376.525319097366,"model3_overdisp",TRUE,FALSE,"Overdispersion 0.9 <1; consider setting overdisp=FALSE"
177,12000,"Zanglijster","song thrush",2012,1997,"index_100 = eerste analysejaar vanaf eerste positieve jaar",6.46398016396906,2.15174133699618,646.398016396906,"model3_overdisp",TRUE,FALSE,"Overdispersion 0.9 <1; consider setting overdisp=FALSE"
177,12000,"Zanglijster","song thrush",2013,1997,"index_100 = eerste analysejaar vanaf eerste positieve jaar",5.51325175750396,1.84482372076635,551.325175750396,"model3_overdisp",TRUE,FALSE,"Overdispersion 0.9 <1; consider setting overdisp=FALSE"
177,12000,"Zanglijster","song thrush",2014,1997,"index_100 = eerste analysejaar vanaf eerste positieve jaar",8.554434614809,2.80086567569163,855.4434614809,"model3_overdisp",TRUE,FALSE,"Overdispersion 0.9 <1; consider setting overdisp=FALSE"
177,12000,"Zanglijster","song thrush",2015,1997,"index_100 = eerste analysejaar vanaf eerste positieve jaar",8.39113568274131,2.74045502844918,839.113568274131,"model3_overdisp",TRUE,FALSE,"Overdispersion 0.9 <1; consider setting overdisp=FALSE"
177,12000,"Zanglijster","song thrush",2016,1997,"index_100 = eerste analysejaar vanaf eerste positieve jaar",7.1437176163554,2.36493526938181,714.37176163554,"model3_overdisp",TRUE,FALSE,"Overdispersion 0.9 <1; consider setting overdisp=FALSE"
177,12000,"Zanglijster","song thrush",2017,1997,"index_100 = eerste analysejaar vanaf eerste positieve jaar",7.41407458013134,2.42989843015548,741.407458013134,"model3_overdisp",TRUE,FALSE,"Overdispersion 0.9 <1; consider setting overdisp=FALSE"
177,12000,"Zanglijster","song thrush",2018,1997,"index_100 = eerste analysejaar vanaf eerste positieve jaar",8.08115153547397,2.64420185396773,808.115153547397,"model3_overdisp",TRUE,FALSE,"Overdispersion 0.9 <1; consider setting overdisp=FALSE"
177,12000,"Zanglijster","song thrush",2019,1997,"index_100 = eerste analysejaar vanaf eerste positieve jaar",7.53050638194733,2.47527989904973,753.050638194733,"model3_overdisp",TRUE,FALSE,"Overdispersion 0.9 <1; consider setting overdisp=FALSE"
177,12000,"Zanglijster","song thrush",2020,1997,"index_100 = eerste analysejaar vanaf eerste positieve jaar",6.89110686323456,2.27559333201207,689.110686323456,"model3_overdisp",TRUE,FALSE,"Overdispersion 0.9 <1; consider setting overdisp=FALSE"
177,12000,"Zanglijster","song thrush",2021,1997,"index_100 = eerste analysejaar vanaf eerste positieve jaar",7.26552422992872,2.37690310162034,726.552422992872,"model3_overdisp",TRUE,FALSE,"Overdispersion 0.9 <1; consider setting overdisp=FALSE"
177,12000,"Zanglijster","song thrush",2022,1997,"index_100 = eerste analysejaar vanaf eerste positieve jaar",7.8025569175793,2.56975887698544,780.25569175793,"model3_overdisp",TRUE,FALSE,"Overdispersion 0.9 <1; consider setting overdisp=FALSE"
179,12020,"Grote Lijster","mistle thrush",1998,1998,"index_100 = eerste analysejaar vanaf eerste positieve jaar",1,0,100,"model2_basis",FALSE,FALSE,NA
179,12020,"Grote Lijster","mistle thrush",1999,1998,"index_100 = eerste analysejaar vanaf eerste positieve jaar",0,0.866948748639423,0,"model2_basis",FALSE,FALSE,NA
179,12020,"Grote Lijster","mistle thrush",2000,1998,"index_100 = eerste analysejaar vanaf eerste positieve jaar",1.01670756450747,1.14720810997645,101.670756450747,"model2_basis",FALSE,FALSE,NA
179,12020,"Grote Lijster","mistle thrush",2001,1998,"index_100 = eerste analysejaar vanaf eerste positieve jaar",3.68473557788,3.01899295259823,368.473557788,"model2_basis",FALSE,FALSE,NA
179,12020,"Grote Lijster","mistle thrush",2002,1998,"index_100 = eerste analysejaar vanaf eerste positieve jaar",1.01506343787517,1.19624590878948,101.506343787517,"model2_basis",FALSE,FALSE,NA
179,12020,"Grote Lijster","mistle thrush",2003,1998,"index_100 = eerste analysejaar vanaf eerste positieve jaar",0.892545939852059,1.20911763454976,89.2545939852059,"model2_basis",FALSE,FALSE,NA
179,12020,"Grote Lijster","mistle thrush",2004,1998,"index_100 = eerste analysejaar vanaf eerste positieve jaar",0.892545939852059,1.23714641283524,89.2545939852059,"model2_basis",FALSE,FALSE,NA
179,12020,"Grote Lijster","mistle thrush",2005,1998,"index_100 = eerste analysejaar vanaf eerste positieve jaar",1.78509187970412,1.75458138510813,178.509187970412,"model2_basis",FALSE,FALSE,NA
179,12020,"Grote Lijster","mistle thrush",2006,1998,"index_100 = eerste analysejaar vanaf eerste positieve jaar",0.958993167487127,1.30322412981835,95.8993167487127,"model2_basis",FALSE,FALSE,NA
179,12020,"Grote Lijster","mistle thrush",2007,1998,"index_100 = eerste analysejaar vanaf eerste positieve jaar",1.88346773418309,1.83546154007074,188.346773418309,"model2_basis",FALSE,FALSE,NA
179,12020,"Grote Lijster","mistle thrush",2008,1998,"index_100 = eerste analysejaar vanaf eerste positieve jaar",0.4698664707419,1.04983860370359,46.98664707419,"model2_basis",FALSE,FALSE,NA
179,12020,"Grote Lijster","mistle thrush",2009,1998,"index_100 = eerste analysejaar vanaf eerste positieve jaar",1.35426179338849,1.47432317555967,135.426179338849,"model2_basis",FALSE,FALSE,NA
179,12020,"Grote Lijster","mistle thrush",2010,1998,"index_100 = eerste analysejaar vanaf eerste positieve jaar",1.01127746583753,1.44551939157453,101.127746583753,"model2_basis",FALSE,FALSE,NA
179,12020,"Grote Lijster","mistle thrush",2011,1998,"index_100 = eerste analysejaar vanaf eerste positieve jaar",1.16321059936922,1.50566952727925,116.321059936922,"model2_basis",FALSE,FALSE,NA
179,12020,"Grote Lijster","mistle thrush",2012,1998,"index_100 = eerste analysejaar vanaf eerste positieve jaar",2.96712389956543,2.64127195911131,296.712389956543,"model2_basis",FALSE,FALSE,NA
179,12020,"Grote Lijster","mistle thrush",2013,1998,"index_100 = eerste analysejaar vanaf eerste positieve jaar",0.540489498941845,1.2801078102718,54.0489498941845,"model2_basis",FALSE,FALSE,NA
179,12020,"Grote Lijster","mistle thrush",2014,1998,"index_100 = eerste analysejaar vanaf eerste positieve jaar",0.578073940698261,1.33151627607902,57.8073940698261,"model2_basis",FALSE,FALSE,NA
179,12020,"Grote Lijster","mistle thrush",2015,1998,"index_100 = eerste analysejaar vanaf eerste positieve jaar",2.13926539324081,2.17799754522384,213.926539324081,"model2_basis",FALSE,FALSE,NA
179,12020,"Grote Lijster","mistle thrush",2016,1998,"index_100 = eerste analysejaar vanaf eerste positieve jaar",3.18658797849749,2.87453076879206,318.658797849749,"model2_basis",FALSE,FALSE,NA
179,12020,"Grote Lijster","mistle thrush",2017,1998,"index_100 = eerste analysejaar vanaf eerste positieve jaar",3.70938218136287,3.31882707960374,370.938218136287,"model2_basis",FALSE,FALSE,NA
179,12020,"Grote Lijster","mistle thrush",2018,1998,"index_100 = eerste analysejaar vanaf eerste positieve jaar",3.0898733866457,2.90182344238495,308.98733866457,"model2_basis",FALSE,FALSE,NA
179,12020,"Grote Lijster","mistle thrush",2019,1998,"index_100 = eerste analysejaar vanaf eerste positieve jaar",2.68944096053615,2.6181978549809,268.944096053615,"model2_basis",FALSE,FALSE,NA
179,12020,"Grote Lijster","mistle thrush",2020,1998,"index_100 = eerste analysejaar vanaf eerste positieve jaar",5.75813470018827,4.86767334190953,575.813470018827,"model2_basis",FALSE,FALSE,NA
179,12020,"Grote Lijster","mistle thrush",2021,1998,"index_100 = eerste analysejaar vanaf eerste positieve jaar",4.4627296992603,3.98105658817868,446.27296992603,"model2_basis",FALSE,FALSE,NA
179,12020,"Grote Lijster","mistle thrush",2022,1998,"index_100 = eerste analysejaar vanaf eerste positieve jaar",3.22017095873184,3.14747088113357,322.017095873184,"model2_basis",FALSE,FALSE,NA
180,12200,"Cetti's Zanger","Cetti's warbler",2019,2019,"index_100 = eerste analysejaar vanaf eerste positieve jaar",1,0,100,"model3_overdisp",TRUE,FALSE,"Overdispersion 0.7 <1; consider setting overdisp=FALSE"
180,12200,"Cetti's Zanger","Cetti's warbler",2020,2019,"index_100 = eerste analysejaar vanaf eerste positieve jaar",3,1.08611066968852,300,"model3_overdisp",TRUE,FALSE,"Overdispersion 0.7 <1; consider setting overdisp=FALSE"
180,12200,"Cetti's Zanger","Cetti's warbler",2021,2019,"index_100 = eerste analysejaar vanaf eerste positieve jaar",2,0.767996219655812,200,"model3_overdisp",TRUE,FALSE,"Overdispersion 0.7 <1; consider setting overdisp=FALSE"
180,12200,"Cetti's Zanger","Cetti's warbler",2022,2019,"index_100 = eerste analysejaar vanaf eerste positieve jaar",3.38461538461538,1.22428404372697,338.461538461538,"model3_overdisp",TRUE,FALSE,"Overdispersion 0.7 <1; consider setting overdisp=FALSE"
182,12360,"Sprinkhaanrietzanger","grasshopper warbler",1997,1997,"index_100 = eerste analysejaar vanaf eerste positieve jaar",1,0,100,"model3_overdisp",TRUE,FALSE,NA
182,12360,"Sprinkhaanrietzanger","grasshopper warbler",1998,1997,"index_100 = eerste analysejaar vanaf eerste positieve jaar",1.28723359372195,0.283818660740005,128.723359372195,"model3_overdisp",TRUE,FALSE,NA
182,12360,"Sprinkhaanrietzanger","grasshopper warbler",1999,1997,"index_100 = eerste analysejaar vanaf eerste positieve jaar",1.00527131684882,0.230603125233711,100.527131684882,"model3_overdisp",TRUE,FALSE,NA
182,12360,"Sprinkhaanrietzanger","grasshopper warbler",2000,1997,"index_100 = eerste analysejaar vanaf eerste positieve jaar",1.61599206768674,0.346979828658159,161.599206768674,"model3_overdisp",TRUE,FALSE,NA
182,12360,"Sprinkhaanrietzanger","grasshopper warbler",2001,1997,"index_100 = eerste analysejaar vanaf eerste positieve jaar",1.29249169309134,0.279974391831634,129.249169309134,"model3_overdisp",TRUE,FALSE,NA
182,12360,"Sprinkhaanrietzanger","grasshopper warbler",2002,1997,"index_100 = eerste analysejaar vanaf eerste positieve jaar",1.0531413795559,0.238893346223512,105.31413795559,"model3_overdisp",TRUE,FALSE,NA
182,12360,"Sprinkhaanrietzanger","grasshopper warbler",2003,1997,"index_100 = eerste analysejaar vanaf eerste positieve jaar",1.07707641090945,0.243027791957061,107.707641090945,"model3_overdisp",TRUE,FALSE,NA
182,12360,"Sprinkhaanrietzanger","grasshopper warbler",2004,1997,"index_100 = eerste analysejaar vanaf eerste positieve jaar",1.65151716339449,0.340814259108444,165.151716339449,"model3_overdisp",TRUE,FALSE,NA
182,12360,"Sprinkhaanrietzanger","grasshopper warbler",2005,1997,"index_100 = eerste analysejaar vanaf eerste positieve jaar",1.62758213204094,0.336778992423746,162.758213204094,"model3_overdisp",TRUE,FALSE,NA
182,12360,"Sprinkhaanrietzanger","grasshopper warbler",2006,1997,"index_100 = eerste analysejaar vanaf eerste positieve jaar",1.62642114445167,0.344118406454695,162.642114445167,"model3_overdisp",TRUE,FALSE,NA
182,12360,"Sprinkhaanrietzanger","grasshopper warbler",2007,1997,"index_100 = eerste analysejaar vanaf eerste positieve jaar",1.57753502348338,0.330317473700296,157.753502348338,"model3_overdisp",TRUE,FALSE,NA
182,12360,"Sprinkhaanrietzanger","grasshopper warbler",2008,1997,"index_100 = eerste analysejaar vanaf eerste positieve jaar",1.25961143086661,0.289814977669606,125.961143086661,"model3_overdisp",TRUE,FALSE,NA
182,12360,"Sprinkhaanrietzanger","grasshopper warbler",2009,1997,"index_100 = eerste analysejaar vanaf eerste positieve jaar",1.055531546852,0.243787781900747,105.5531546852,"model3_overdisp",TRUE,FALSE,NA
182,12360,"Sprinkhaanrietzanger","grasshopper warbler",2010,1997,"index_100 = eerste analysejaar vanaf eerste positieve jaar",1.2647917795878,0.278800907021725,126.47917795878,"model3_overdisp",TRUE,FALSE,NA
182,12360,"Sprinkhaanrietzanger","grasshopper warbler",2011,1997,"index_100 = eerste analysejaar vanaf eerste positieve jaar",0.933466222788188,0.21810838435648,93.3466222788188,"model3_overdisp",TRUE,FALSE,NA
182,12360,"Sprinkhaanrietzanger","grasshopper warbler",2012,1997,"index_100 = eerste analysejaar vanaf eerste positieve jaar",0.575,0.156162681254605,57.5,"model3_overdisp",TRUE,FALSE,NA
182,12360,"Sprinkhaanrietzanger","grasshopper warbler",2013,1997,"index_100 = eerste analysejaar vanaf eerste positieve jaar",0.506427979439586,0.144047683235496,50.6427979439586,"model3_overdisp",TRUE,FALSE,NA
182,12360,"Sprinkhaanrietzanger","grasshopper warbler",2014,1997,"index_100 = eerste analysejaar vanaf eerste positieve jaar",0.506427979439586,0.144047683235496,50.6427979439585,"model3_overdisp",TRUE,FALSE,NA
182,12360,"Sprinkhaanrietzanger","grasshopper warbler",2015,1997,"index_100 = eerste analysejaar vanaf eerste positieve jaar",0.574440752485039,0.153984352928924,57.4440752485039,"model3_overdisp",TRUE,FALSE,NA
182,12360,"Sprinkhaanrietzanger","grasshopper warbler",2016,1997,"index_100 = eerste analysejaar vanaf eerste positieve jaar",0.503854906999264,0.140963131372705,50.3854906999264,"model3_overdisp",TRUE,FALSE,NA
182,12360,"Sprinkhaanrietzanger","grasshopper warbler",2017,1997,"index_100 = eerste analysejaar vanaf eerste positieve jaar",0.431875634570798,0.1272527758344,43.1875634570798,"model3_overdisp",TRUE,FALSE,NA
182,12360,"Sprinkhaanrietzanger","grasshopper warbler",2018,1997,"index_100 = eerste analysejaar vanaf eerste positieve jaar",0.333758131907998,0.114077137653017,33.3758131907998,"model3_overdisp",TRUE,FALSE,NA
182,12360,"Sprinkhaanrietzanger","grasshopper warbler",2019,1997,"index_100 = eerste analysejaar vanaf eerste positieve jaar",0.813791066020471,0.197091868152093,81.3791066020471,"model3_overdisp",TRUE,FALSE,NA
182,12360,"Sprinkhaanrietzanger","grasshopper warbler",2020,1997,"index_100 = eerste analysejaar vanaf eerste positieve jaar",0.887624272399104,0.21344855758899,88.7624272399104,"model3_overdisp",TRUE,FALSE,NA
182,12360,"Sprinkhaanrietzanger","grasshopper warbler",2021,1997,"index_100 = eerste analysejaar vanaf eerste positieve jaar",0.657691725385654,0.172103943972647,65.7691725385654,"model3_overdisp",TRUE,FALSE,NA
182,12360,"Sprinkhaanrietzanger","grasshopper warbler",2022,1997,"index_100 = eerste analysejaar vanaf eerste positieve jaar",0.950687493984081,0.228789026222851,95.0687493984081,"model3_overdisp",TRUE,FALSE,NA
186,12430,"Rietzanger","sedge warbler",1997,1997,"index_100 = eerste analysejaar vanaf eerste positieve jaar",1,0,100,"model3_overdisp",TRUE,FALSE,NA
186,12430,"Rietzanger","sedge warbler",1998,1997,"index_100 = eerste analysejaar vanaf eerste positieve jaar",0.823529411764706,0.318996859189655,82.3529411764706,"model3_overdisp",TRUE,FALSE,NA
186,12430,"Rietzanger","sedge warbler",1999,1997,"index_100 = eerste analysejaar vanaf eerste positieve jaar",0.764705882352941,0.302394470709548,76.4705882352941,"model3_overdisp",TRUE,FALSE,NA
186,12430,"Rietzanger","sedge warbler",2000,1997,"index_100 = eerste analysejaar vanaf eerste positieve jaar",0.694843747652505,0.297949289721698,69.4843747652505,"model3_overdisp",TRUE,FALSE,NA
186,12430,"Rietzanger","sedge warbler",2001,1997,"index_100 = eerste analysejaar vanaf eerste positieve jaar",0.705882352941176,0.285647984632809,70.5882352941176,"model3_overdisp",TRUE,FALSE,NA
186,12430,"Rietzanger","sedge warbler",2002,1997,"index_100 = eerste analysejaar vanaf eerste positieve jaar",0.647058823529412,0.268730463104013,64.7058823529412,"model3_overdisp",TRUE,FALSE,NA
186,12430,"Rietzanger","sedge warbler",2003,1997,"index_100 = eerste analysejaar vanaf eerste positieve jaar",0.554736667991425,0.245582005501594,55.4736667991425,"model3_overdisp",TRUE,FALSE,NA
186,12430,"Rietzanger","sedge warbler",2004,1997,"index_100 = eerste analysejaar vanaf eerste positieve jaar",0.647058823529412,0.268730463104013,64.7058823529412,"model3_overdisp",TRUE,FALSE,NA
186,12430,"Rietzanger","sedge warbler",2005,1997,"index_100 = eerste analysejaar vanaf eerste positieve jaar",0.411764705882353,0.198470600250237,41.1764705882353,"model3_overdisp",TRUE,FALSE,NA
186,12430,"Rietzanger","sedge warbler",2006,1997,"index_100 = eerste analysejaar vanaf eerste positieve jaar",0.595673252419893,0.254831088333547,59.5673252419893,"model3_overdisp",TRUE,FALSE,NA
186,12430,"Rietzanger","sedge warbler",2007,1997,"index_100 = eerste analysejaar vanaf eerste positieve jaar",0.413550789934787,0.199340750901453,41.3550789934787,"model3_overdisp",TRUE,FALSE,NA
186,12430,"Rietzanger","sedge warbler",2008,1997,"index_100 = eerste analysejaar vanaf eerste positieve jaar",0.26604222432958,0.158828708584402,26.604222432958,"model3_overdisp",TRUE,FALSE,NA
186,12430,"Rietzanger","sedge warbler",2009,1997,"index_100 = eerste analysejaar vanaf eerste positieve jaar",0.470588235294118,0.216549178302389,47.0588235294118,"model3_overdisp",TRUE,FALSE,NA
186,12430,"Rietzanger","sedge warbler",2010,1997,"index_100 = eerste analysejaar vanaf eerste positieve jaar",0.352941176470588,0.179879257198192,35.2941176470588,"model3_overdisp",TRUE,FALSE,NA
186,12430,"Rietzanger","sedge warbler",2011,1997,"index_100 = eerste analysejaar vanaf eerste positieve jaar",0.352941176470588,0.179879257198192,35.2941176470588,"model3_overdisp",TRUE,FALSE,NA
186,12430,"Rietzanger","sedge warbler",2012,1997,"index_100 = eerste analysejaar vanaf eerste positieve jaar",0.300567300852239,0.164148724681138,30.0567300852239,"model3_overdisp",TRUE,FALSE,NA
186,12430,"Rietzanger","sedge warbler",2013,1997,"index_100 = eerste analysejaar vanaf eerste positieve jaar",0.235294117647059,0.140339907303107,23.5294117647059,"model3_overdisp",TRUE,FALSE,NA
186,12430,"Rietzanger","sedge warbler",2014,1997,"index_100 = eerste analysejaar vanaf eerste positieve jaar",0.470588235294118,0.216549178302389,47.0588235294118,"model3_overdisp",TRUE,FALSE,NA
186,12430,"Rietzanger","sedge warbler",2015,1997,"index_100 = eerste analysejaar vanaf eerste positieve jaar",0.529411764705882,0.234233749808657,52.9411764705882,"model3_overdisp",TRUE,FALSE,NA
186,12430,"Rietzanger","sedge warbler",2016,1997,"index_100 = eerste analysejaar vanaf eerste positieve jaar",0.588235294117647,0.251607408360016,58.8235294117647,"model3_overdisp",TRUE,FALSE,NA
186,12430,"Rietzanger","sedge warbler",2017,1997,"index_100 = eerste analysejaar vanaf eerste positieve jaar",0.529411764705882,0.234233749808657,52.9411764705882,"model3_overdisp",TRUE,FALSE,NA
186,12430,"Rietzanger","sedge warbler",2018,1997,"index_100 = eerste analysejaar vanaf eerste positieve jaar",0.721361522045374,0.292008564062337,72.1361522045374,"model3_overdisp",TRUE,FALSE,NA
186,12430,"Rietzanger","sedge warbler",2019,1997,"index_100 = eerste analysejaar vanaf eerste positieve jaar",0.823529411764706,0.318996859189655,82.3529411764706,"model3_overdisp",TRUE,FALSE,NA
186,12430,"Rietzanger","sedge warbler",2020,1997,"index_100 = eerste analysejaar vanaf eerste positieve jaar",0.88235294117647,0.335476544480021,88.2352941176471,"model3_overdisp",TRUE,FALSE,NA
186,12430,"Rietzanger","sedge warbler",2021,1997,"index_100 = eerste analysejaar vanaf eerste positieve jaar",0.411764705882353,0.198470600250237,41.1764705882353,"model3_overdisp",TRUE,FALSE,NA
186,12430,"Rietzanger","sedge warbler",2022,1997,"index_100 = eerste analysejaar vanaf eerste positieve jaar",0.534589468939917,0.246403810951741,53.4589468939917,"model3_overdisp",TRUE,FALSE,NA
187,12500,"Bosrietzanger","marsh warbler",1997,1997,"index_100 = eerste analysejaar vanaf eerste positieve jaar",1,0,100,"model3_overdisp",TRUE,FALSE,NA
187,12500,"Bosrietzanger","marsh warbler",1998,1997,"index_100 = eerste analysejaar vanaf eerste positieve jaar",0.872338942876264,0.289379971578546,87.2338942876264,"model3_overdisp",TRUE,FALSE,NA
187,12500,"Bosrietzanger","marsh warbler",1999,1997,"index_100 = eerste analysejaar vanaf eerste positieve jaar",0.695652173913043,0.245699841313771,69.5652173913043,"model3_overdisp",TRUE,FALSE,NA
187,12500,"Bosrietzanger","marsh warbler",2000,1997,"index_100 = eerste analysejaar vanaf eerste positieve jaar",0.981087365202673,0.330941961796006,98.1087365202673,"model3_overdisp",TRUE,FALSE,NA
187,12500,"Bosrietzanger","marsh warbler",2001,1997,"index_100 = eerste analysejaar vanaf eerste positieve jaar",0.812205820318198,0.277468740660158,81.2205820318198,"model3_overdisp",TRUE,FALSE,NA
187,12500,"Bosrietzanger","marsh warbler",2002,1997,"index_100 = eerste analysejaar vanaf eerste positieve jaar",1.04347826086957,0.33034453838238,104.347826086957,"model3_overdisp",TRUE,FALSE,NA
187,12500,"Bosrietzanger","marsh warbler",2003,1997,"index_100 = eerste analysejaar vanaf eerste positieve jaar",0.91304347826087,0.298984426069323,91.304347826087,"model3_overdisp",TRUE,FALSE,NA
187,12500,"Bosrietzanger","marsh warbler",2004,1997,"index_100 = eerste analysejaar vanaf eerste positieve jaar",0.782608695652174,0.26720265067091,78.2608695652174,"model3_overdisp",TRUE,FALSE,NA
187,12500,"Bosrietzanger","marsh warbler",2005,1997,"index_100 = eerste analysejaar vanaf eerste positieve jaar",0.521739130434783,0.201575258934589,52.1739130434783,"model3_overdisp",TRUE,FALSE,NA
187,12500,"Bosrietzanger","marsh warbler",2006,1997,"index_100 = eerste analysejaar vanaf eerste positieve jaar",0.632101206521889,0.232579558431853,63.2101206521889,"model3_overdisp",TRUE,FALSE,NA
187,12500,"Bosrietzanger","marsh warbler",2007,1997,"index_100 = eerste analysejaar vanaf eerste positieve jaar",0.851048603820606,0.28638016706767,85.1048603820606,"model3_overdisp",TRUE,FALSE,NA
187,12500,"Bosrietzanger","marsh warbler",2008,1997,"index_100 = eerste analysejaar vanaf eerste positieve jaar",0.544836936912668,0.217036327377082,54.4836936912668,"model3_overdisp",TRUE,FALSE,NA
187,12500,"Bosrietzanger","marsh warbler",2009,1997,"index_100 = eerste analysejaar vanaf eerste positieve jaar",0.479786418581945,0.190830537209445,47.9786418581945,"model3_overdisp",TRUE,FALSE,NA
187,12500,"Bosrietzanger","marsh warbler",2010,1997,"index_100 = eerste analysejaar vanaf eerste positieve jaar",0.498030543709748,0.198165984669689,49.8030543709748,"model3_overdisp",TRUE,FALSE,NA
187,12500,"Bosrietzanger","marsh warbler",2011,1997,"index_100 = eerste analysejaar vanaf eerste positieve jaar",0.391304347826087,0.166920172567532,39.1304347826087,"model3_overdisp",TRUE,FALSE,NA
187,12500,"Bosrietzanger","marsh warbler",2012,1997,"index_100 = eerste analysejaar vanaf eerste positieve jaar",0.630721621252356,0.232067417301422,63.0721621252356,"model3_overdisp",TRUE,FALSE,NA
187,12500,"Bosrietzanger","marsh warbler",2013,1997,"index_100 = eerste analysejaar vanaf eerste positieve jaar",0.228308167887035,0.122259341085403,22.8308167887035,"model3_overdisp",TRUE,FALSE,NA
187,12500,"Bosrietzanger","marsh warbler",2014,1997,"index_100 = eerste analysejaar vanaf eerste positieve jaar",0.365293068619256,0.162742137701445,36.5293068619256,"model3_overdisp",TRUE,FALSE,NA
187,12500,"Bosrietzanger","marsh warbler",2015,1997,"index_100 = eerste analysejaar vanaf eerste positieve jaar",0.608695652173913,0.223860495661787,60.8695652173913,"model3_overdisp",TRUE,FALSE,NA
187,12500,"Bosrietzanger","marsh warbler",2016,1997,"index_100 = eerste analysejaar vanaf eerste positieve jaar",0.574011879806617,0.216135890337215,57.4011879806617,"model3_overdisp",TRUE,FALSE,NA
187,12500,"Bosrietzanger","marsh warbler",2017,1997,"index_100 = eerste analysejaar vanaf eerste positieve jaar",0.485702359836368,0.193210539659689,48.5702359836368,"model3_overdisp",TRUE,FALSE,NA
187,12500,"Bosrietzanger","marsh warbler",2018,1997,"index_100 = eerste analysejaar vanaf eerste positieve jaar",0.63280652824681,0.232845489924266,63.280652824681,"model3_overdisp",TRUE,FALSE,NA
187,12500,"Bosrietzanger","marsh warbler",2019,1997,"index_100 = eerste analysejaar vanaf eerste positieve jaar",0.452004663033436,0.185830161625495,45.2004663033436,"model3_overdisp",TRUE,FALSE,NA
187,12500,"Bosrietzanger","marsh warbler",2020,1997,"index_100 = eerste analysejaar vanaf eerste positieve jaar",0.23004779747161,0.12319778201313,23.004779747161,"model3_overdisp",TRUE,FALSE,NA
187,12500,"Bosrietzanger","marsh warbler",2021,1997,"index_100 = eerste analysejaar vanaf eerste positieve jaar",0.521739130434783,0.201575258934589,52.1739130434783,"model3_overdisp",TRUE,FALSE,NA
187,12500,"Bosrietzanger","marsh warbler",2022,1997,"index_100 = eerste analysejaar vanaf eerste positieve jaar",0.90712944167096,0.30557502743478,90.712944167096,"model3_overdisp",TRUE,FALSE,NA
188,12510,"Kleine Karekiet","reed warbler",1997,1997,"index_100 = eerste analysejaar vanaf eerste positieve jaar",1,0,100,"model3_overdisp",TRUE,FALSE,NA
188,12510,"Kleine Karekiet","reed warbler",1998,1997,"index_100 = eerste analysejaar vanaf eerste positieve jaar",0.860009831825277,0.0956590811689181,86.0009831825277,"model3_overdisp",TRUE,FALSE,NA
188,12510,"Kleine Karekiet","reed warbler",1999,1997,"index_100 = eerste analysejaar vanaf eerste positieve jaar",0.911680911680912,0.0996713255320576,91.1680911680912,"model3_overdisp",TRUE,FALSE,NA
188,12510,"Kleine Karekiet","reed warbler",2000,1997,"index_100 = eerste analysejaar vanaf eerste positieve jaar",0.91646317393347,0.106020948113708,91.646317393347,"model3_overdisp",TRUE,FALSE,NA
188,12510,"Kleine Karekiet","reed warbler",2001,1997,"index_100 = eerste analysejaar vanaf eerste positieve jaar",0.911911269954762,0.0996970425021844,91.1911269954762,"model3_overdisp",TRUE,FALSE,NA
188,12510,"Kleine Karekiet","reed warbler",2002,1997,"index_100 = eerste analysejaar vanaf eerste positieve jaar",0.772079772079772,0.0883108007143647,77.2079772079772,"model3_overdisp",TRUE,FALSE,NA
188,12510,"Kleine Karekiet","reed warbler",2003,1997,"index_100 = eerste analysejaar vanaf eerste positieve jaar",0.680911680911681,0.0807716474564509,68.0911680911681,"model3_overdisp",TRUE,FALSE,NA
188,12510,"Kleine Karekiet","reed warbler",2004,1997,"index_100 = eerste analysejaar vanaf eerste positieve jaar",0.660968660968661,0.0791065154150413,66.0968660968661,"model3_overdisp",TRUE,FALSE,NA
188,12510,"Kleine Karekiet","reed warbler",2005,1997,"index_100 = eerste analysejaar vanaf eerste positieve jaar",0.635327635327635,0.0769559781176632,63.5327635327635,"model3_overdisp",TRUE,FALSE,NA
188,12510,"Kleine Karekiet","reed warbler",2006,1997,"index_100 = eerste analysejaar vanaf eerste positieve jaar",0.538664618264641,0.0688669385743927,53.8664618264641,"model3_overdisp",TRUE,FALSE,NA
188,12510,"Kleine Karekiet","reed warbler",2007,1997,"index_100 = eerste analysejaar vanaf eerste positieve jaar",0.467644254835459,0.0629784781378178,46.764425483546,"model3_overdisp",TRUE,FALSE,NA
188,12510,"Kleine Karekiet","reed warbler",2008,1997,"index_100 = eerste analysejaar vanaf eerste positieve jaar",0.359801182709571,0.056508779919539,35.9801182709571,"model3_overdisp",TRUE,FALSE,NA
188,12510,"Kleine Karekiet","reed warbler",2009,1997,"index_100 = eerste analysejaar vanaf eerste positieve jaar",0.39906278038567,0.0564237374090201,39.906278038567,"model3_overdisp",TRUE,FALSE,NA
188,12510,"Kleine Karekiet","reed warbler",2010,1997,"index_100 = eerste analysejaar vanaf eerste positieve jaar",0.390497744883571,0.0556431418966528,39.0497744883571,"model3_overdisp",TRUE,FALSE,NA
188,12510,"Kleine Karekiet","reed warbler",2011,1997,"index_100 = eerste analysejaar vanaf eerste positieve jaar",0.39031339031339,0.05561656717007,39.031339031339,"model3_overdisp",TRUE,FALSE,NA
188,12510,"Kleine Karekiet","reed warbler",2012,1997,"index_100 = eerste analysejaar vanaf eerste positieve jaar",0.377874317791913,0.0552102535594379,37.7874317791913,"model3_overdisp",TRUE,FALSE,NA
188,12510,"Kleine Karekiet","reed warbler",2013,1997,"index_100 = eerste analysejaar vanaf eerste positieve jaar",0.333639509317654,0.0503793534316708,33.3639509317654,"model3_overdisp",TRUE,FALSE,NA
188,12510,"Kleine Karekiet","reed warbler",2014,1997,"index_100 = eerste analysejaar vanaf eerste positieve jaar",0.345045988268684,0.051451793589795,34.5045988268684,"model3_overdisp",TRUE,FALSE,NA
188,12510,"Kleine Karekiet","reed warbler",2015,1997,"index_100 = eerste analysejaar vanaf eerste positieve jaar",0.415954415954416,0.0579413496282137,41.5954415954416,"model3_overdisp",TRUE,FALSE,NA
188,12510,"Kleine Karekiet","reed warbler",2016,1997,"index_100 = eerste analysejaar vanaf eerste positieve jaar",0.264957264957265,0.0437086048267649,26.4957264957265,"model3_overdisp",TRUE,FALSE,NA
188,12510,"Kleine Karekiet","reed warbler",2017,1997,"index_100 = eerste analysejaar vanaf eerste positieve jaar",0.319088319088319,0.0489816591218994,31.9088319088319,"model3_overdisp",TRUE,FALSE,NA
188,12510,"Kleine Karekiet","reed warbler",2018,1997,"index_100 = eerste analysejaar vanaf eerste positieve jaar",0.328473776628602,0.0509742185656542,32.8473776628602,"model3_overdisp",TRUE,FALSE,NA
188,12510,"Kleine Karekiet","reed warbler",2019,1997,"index_100 = eerste analysejaar vanaf eerste positieve jaar",0.28355474685857,0.0462097732972237,28.355474685857,"model3_overdisp",TRUE,FALSE,NA
188,12510,"Kleine Karekiet","reed warbler",2020,1997,"index_100 = eerste analysejaar vanaf eerste positieve jaar",0.327790077821976,0.0498176273744093,32.7790077821976,"model3_overdisp",TRUE,FALSE,NA
188,12510,"Kleine Karekiet","reed warbler",2021,1997,"index_100 = eerste analysejaar vanaf eerste positieve jaar",0.321937321937322,0.0492529442316943,32.1937321937322,"model3_overdisp",TRUE,FALSE,NA
188,12510,"Kleine Karekiet","reed warbler",2022,1997,"index_100 = eerste analysejaar vanaf eerste positieve jaar",0.252771261232334,0.0458009733752815,25.2771261232334,"model3_overdisp",TRUE,FALSE,NA
189,12530,"Grote Karekiet","Great Reed Warbler",1997,1997,"index_100 = eerste analysejaar vanaf eerste positieve jaar",1,0,100,"model2_basis",FALSE,FALSE,"Data ends with 11 years without positive observations."
189,12530,"Grote Karekiet","Great Reed Warbler",1998,1997,"index_100 = eerste analysejaar vanaf eerste positieve jaar",0,0.605050147267162,0,"model2_basis",FALSE,FALSE,"Data ends with 11 years without positive observations."
189,12530,"Grote Karekiet","Great Reed Warbler",1999,1997,"index_100 = eerste analysejaar vanaf eerste positieve jaar",0,0.564131960900125,0,"model2_basis",FALSE,FALSE,"Data ends with 11 years without positive observations."
189,12530,"Grote Karekiet","Great Reed Warbler",2000,1997,"index_100 = eerste analysejaar vanaf eerste positieve jaar",0.100327988367836,0.436110553942038,10.0327988367836,"model2_basis",FALSE,FALSE,"Data ends with 11 years without positive observations."
189,12530,"Grote Karekiet","Great Reed Warbler",2001,1997,"index_100 = eerste analysejaar vanaf eerste positieve jaar",1,0.813400449379711,100,"model2_basis",FALSE,FALSE,"Data ends with 11 years without positive observations."
189,12530,"Grote Karekiet","Great Reed Warbler",2002,1997,"index_100 = eerste analysejaar vanaf eerste positieve jaar",0,0.45724472987567,0,"model2_basis",FALSE,FALSE,"Data ends with 11 years without positive observations."
189,12530,"Grote Karekiet","Great Reed Warbler",2003,1997,"index_100 = eerste analysejaar vanaf eerste positieve jaar",0,0.426322292856351,0,"model2_basis",FALSE,FALSE,"Data ends with 11 years without positive observations."
189,12530,"Grote Karekiet","Great Reed Warbler",2004,1997,"index_100 = eerste analysejaar vanaf eerste positieve jaar",0,0.397491070997618,0,"model2_basis",FALSE,FALSE,"Data ends with 11 years without positive observations."
189,12530,"Grote Karekiet","Great Reed Warbler",2005,1997,"index_100 = eerste analysejaar vanaf eerste positieve jaar",0,0.370609640101722,0,"model2_basis",FALSE,FALSE,"Data ends with 11 years without positive observations."
189,12530,"Grote Karekiet","Great Reed Warbler",2006,1997,"index_100 = eerste analysejaar vanaf eerste positieve jaar",0,0.345546140172671,0,"model2_basis",FALSE,FALSE,"Data ends with 11 years without positive observations."
189,12530,"Grote Karekiet","Great Reed Warbler",2007,1997,"index_100 = eerste analysejaar vanaf eerste positieve jaar",0.0376420082944432,0.262727043233153,3.76420082944432,"model2_basis",FALSE,FALSE,"Data ends with 11 years without positive observations."
189,12530,"Grote Karekiet","Great Reed Warbler",2008,1997,"index_100 = eerste analysejaar vanaf eerste positieve jaar",0,0.30038947714865,0,"model2_basis",FALSE,FALSE,"Data ends with 11 years without positive observations."
189,12530,"Grote Karekiet","Great Reed Warbler",2009,1997,"index_100 = eerste analysejaar vanaf eerste positieve jaar",0,0.280074809572447,0,"model2_basis",FALSE,FALSE,"Data ends with 11 years without positive observations."
189,12530,"Grote Karekiet","Great Reed Warbler",2010,1997,"index_100 = eerste analysejaar vanaf eerste positieve jaar",0,0.261133977466943,0,"model2_basis",FALSE,FALSE,"Data ends with 11 years without positive observations."
189,12530,"Grote Karekiet","Great Reed Warbler",2011,1997,"index_100 = eerste analysejaar vanaf eerste positieve jaar",1,0.693107411198712,100,"model2_basis",FALSE,FALSE,"Data ends with 11 years without positive observations."
189,12530,"Grote Karekiet","Great Reed Warbler",2012,1997,"index_100 = eerste analysejaar vanaf eerste positieve jaar",0,0.22700846525979,0,"model2_basis",FALSE,FALSE,"Data ends with 11 years without positive observations."
189,12530,"Grote Karekiet","Great Reed Warbler",2013,1997,"index_100 = eerste analysejaar vanaf eerste positieve jaar",0,0.211656391170807,0,"model2_basis",FALSE,FALSE,"Data ends with 11 years without positive observations."
189,12530,"Grote Karekiet","Great Reed Warbler",2014,1997,"index_100 = eerste analysejaar vanaf eerste positieve jaar",0,0.197342543469391,0,"model2_basis",FALSE,FALSE,"Data ends with 11 years without positive observations."
189,12530,"Grote Karekiet","Great Reed Warbler",2015,1997,"index_100 = eerste analysejaar vanaf eerste positieve jaar",0,0.1839967092302,0,"model2_basis",FALSE,FALSE,"Data ends with 11 years without positive observations."
189,12530,"Grote Karekiet","Great Reed Warbler",2016,1997,"index_100 = eerste analysejaar vanaf eerste positieve jaar",0,0.171553423870783,0,"model2_basis",FALSE,FALSE,"Data ends with 11 years without positive observations."
189,12530,"Grote Karekiet","Great Reed Warbler",2017,1997,"index_100 = eerste analysejaar vanaf eerste positieve jaar",0,0.159951650031781,0,"model2_basis",FALSE,FALSE,"Data ends with 11 years without positive observations."
189,12530,"Grote Karekiet","Great Reed Warbler",2018,1997,"index_100 = eerste analysejaar vanaf eerste positieve jaar",0,0.149134478173751,0,"model2_basis",FALSE,FALSE,"Data ends with 11 years without positive observations."
189,12530,"Grote Karekiet","Great Reed Warbler",2019,1997,"index_100 = eerste analysejaar vanaf eerste positieve jaar",0,0.139048847421942,0,"model2_basis",FALSE,FALSE,"Data ends with 11 years without positive observations."
189,12530,"Grote Karekiet","Great Reed Warbler",2020,1997,"index_100 = eerste analysejaar vanaf eerste positieve jaar",0,0.129645285289727,0,"model2_basis",FALSE,FALSE,"Data ends with 11 years without positive observations."
189,12530,"Grote Karekiet","Great Reed Warbler",2021,1997,"index_100 = eerste analysejaar vanaf eerste positieve jaar",0,0.120877665003948,0,"model2_basis",FALSE,FALSE,"Data ends with 11 years without positive observations."
189,12530,"Grote Karekiet","Great Reed Warbler",2022,1997,"index_100 = eerste analysejaar vanaf eerste positieve jaar",0,0.112702979241811,0,"model2_basis",FALSE,FALSE,"Data ends with 11 years without positive observations."
190,12590,"Spotvogel","Icterine Warbler",1997,1997,"index_100 = eerste analysejaar vanaf eerste positieve jaar",1,0,100,"model2_basis",FALSE,FALSE,"Data ends with 1 years without positive observations."
190,12590,"Spotvogel","Icterine Warbler",1998,1997,"index_100 = eerste analysejaar vanaf eerste positieve jaar",0.520238250950602,0.763045639504202,52.0238250950602,"model2_basis",FALSE,FALSE,"Data ends with 1 years without positive observations."
190,12590,"Spotvogel","Icterine Warbler",1999,1997,"index_100 = eerste analysejaar vanaf eerste positieve jaar",0.479212488603904,0.743967501115101,47.9212488603904,"model2_basis",FALSE,FALSE,"Data ends with 1 years without positive observations."
190,12590,"Spotvogel","Icterine Warbler",2000,1997,"index_100 = eerste analysejaar vanaf eerste positieve jaar",1.1237306785269,0.965372890017973,112.37306785269,"model2_basis",FALSE,FALSE,"Data ends with 1 years without positive observations."
190,12590,"Spotvogel","Icterine Warbler",2001,1997,"index_100 = eerste analysejaar vanaf eerste positieve jaar",0.958424977207808,0.915339882952354,95.8424977207808,"model2_basis",FALSE,FALSE,"Data ends with 1 years without positive observations."
190,12590,"Spotvogel","Icterine Warbler",2002,1997,"index_100 = eerste analysejaar vanaf eerste positieve jaar",0.958424977207808,0.902966664767279,95.8424977207808,"model2_basis",FALSE,FALSE,"Data ends with 1 years without positive observations."
190,12590,"Spotvogel","Icterine Warbler",2003,1997,"index_100 = eerste analysejaar vanaf eerste positieve jaar",1.46369012323624,1.17239854675413,146.369012323624,"model2_basis",FALSE,FALSE,"Data ends with 1 years without positive observations."
190,12590,"Spotvogel","Icterine Warbler",2004,1997,"index_100 = eerste analysejaar vanaf eerste positieve jaar",0,0.572747498749791,0,"model2_basis",FALSE,FALSE,"Data ends with 1 years without positive observations."
190,12590,"Spotvogel","Icterine Warbler",2005,1997,"index_100 = eerste analysejaar vanaf eerste positieve jaar",0.479212488603904,0.647889602236713,47.9212488603904,"model2_basis",FALSE,FALSE,"Data ends with 1 years without positive observations."
190,12590,"Spotvogel","Icterine Warbler",2006,1997,"index_100 = eerste analysejaar vanaf eerste positieve jaar",0.565283350322735,0.634366152968926,56.5283350322735,"model2_basis",FALSE,FALSE,"Data ends with 1 years without positive observations."
190,12590,"Spotvogel","Icterine Warbler",2007,1997,"index_100 = eerste analysejaar vanaf eerste positieve jaar",0.958424977207808,0.849081899057877,95.8424977207808,"model2_basis",FALSE,FALSE,"Data ends with 1 years without positive observations."
190,12590,"Spotvogel","Icterine Warbler",2008,1997,"index_100 = eerste analysejaar vanaf eerste positieve jaar",1.082456529661,0.87415494863581,108.2456529661,"model2_basis",FALSE,FALSE,"Data ends with 1 years without positive observations."
190,12590,"Spotvogel","Icterine Warbler",2009,1997,"index_100 = eerste analysejaar vanaf eerste positieve jaar",0.0210317542089135,0.482472732672756,2.10317542089135,"model2_basis",FALSE,FALSE,"Data ends with 1 years without positive observations."
190,12590,"Spotvogel","Icterine Warbler",2010,1997,"index_100 = eerste analysejaar vanaf eerste positieve jaar",0.976502833554579,0.82769491057826,97.6502833554579,"model2_basis",FALSE,FALSE,"Data ends with 1 years without positive observations."
190,12590,"Spotvogel","Icterine Warbler",2011,1997,"index_100 = eerste analysejaar vanaf eerste positieve jaar",0.479212488603904,0.57145691962759,47.9212488603904,"model2_basis",FALSE,FALSE,"Data ends with 1 years without positive observations."
190,12590,"Spotvogel","Icterine Warbler",2012,1997,"index_100 = eerste analysejaar vanaf eerste positieve jaar",0.495928432740431,0.561478071577508,49.5928432740431,"model2_basis",FALSE,FALSE,"Data ends with 1 years without positive observations."
190,12590,"Spotvogel","Icterine Warbler",2013,1997,"index_100 = eerste analysejaar vanaf eerste positieve jaar",0.494278788714282,0.550501188788943,49.4278788714282,"model2_basis",FALSE,FALSE,"Data ends with 1 years without positive observations."
190,12590,"Spotvogel","Icterine Warbler",2014,1997,"index_100 = eerste analysejaar vanaf eerste positieve jaar",0.493390865225384,0.540441068739229,49.3390865225384,"model2_basis",FALSE,FALSE,"Data ends with 1 years without positive observations."
190,12590,"Spotvogel","Icterine Warbler",2015,1997,"index_100 = eerste analysejaar vanaf eerste positieve jaar",0,0.410083806538914,0,"model2_basis",FALSE,FALSE,"Data ends with 1 years without positive observations."
190,12590,"Spotvogel","Icterine Warbler",2016,1997,"index_100 = eerste analysejaar vanaf eerste positieve jaar",0.479212488603904,0.520457126565378,47.9212488603904,"model2_basis",FALSE,FALSE,"Data ends with 1 years without positive observations."
190,12590,"Spotvogel","Icterine Warbler",2017,1997,"index_100 = eerste analysejaar vanaf eerste positieve jaar",0,0.385915759866886,0,"model2_basis",FALSE,FALSE,"Data ends with 1 years without positive observations."
190,12590,"Spotvogel","Icterine Warbler",2018,1997,"index_100 = eerste analysejaar vanaf eerste positieve jaar",0.0237850784073938,0.361597643777112,2.37850784073938,"model2_basis",FALSE,FALSE,"Data ends with 1 years without positive observations."
190,12590,"Spotvogel","Icterine Warbler",2019,1997,"index_100 = eerste analysejaar vanaf eerste positieve jaar",0.501595807478534,0.497782195896355,50.1595807478534,"model2_basis",FALSE,FALSE,"Data ends with 1 years without positive observations."
190,12590,"Spotvogel","Icterine Warbler",2020,1997,"index_100 = eerste analysejaar vanaf eerste positieve jaar",0.00984795089542425,0.346844541827744,0.984795089542425,"model2_basis",FALSE,FALSE,"Data ends with 1 years without positive observations."
190,12590,"Spotvogel","Icterine Warbler",2021,1997,"index_100 = eerste analysejaar vanaf eerste positieve jaar",0.479212488603904,0.479227471486055,47.9212488603904,"model2_basis",FALSE,FALSE,"Data ends with 1 years without positive observations."
190,12590,"Spotvogel","Icterine Warbler",2022,1997,"index_100 = eerste analysejaar vanaf eerste positieve jaar",0.0642603527124436,0.294890255151283,6.42603527124436,"model2_basis",FALSE,FALSE,"Data ends with 1 years without positive observations."
192,12740,"Braamsluiper","lesser whitethroat",1997,1997,"index_100 = eerste analysejaar vanaf eerste positieve jaar",1,0,100,"model3_overdisp",TRUE,FALSE,"Overdispersion 0.8 <1; consider setting overdisp=FALSE"
192,12740,"Braamsluiper","lesser whitethroat",1998,1997,"index_100 = eerste analysejaar vanaf eerste positieve jaar",1.13137150624575,0.169955702787492,113.137150624575,"model3_overdisp",TRUE,FALSE,"Overdispersion 0.8 <1; consider setting overdisp=FALSE"
192,12740,"Braamsluiper","lesser whitethroat",1999,1997,"index_100 = eerste analysejaar vanaf eerste positieve jaar",1.05714285714286,0.158679475580396,105.714285714286,"model3_overdisp",TRUE,FALSE,"Overdispersion 0.8 <1; consider setting overdisp=FALSE"
192,12740,"Braamsluiper","lesser whitethroat",2000,1997,"index_100 = eerste analysejaar vanaf eerste positieve jaar",1.18299794887008,0.179034045030315,118.299794887008,"model3_overdisp",TRUE,FALSE,"Overdispersion 0.8 <1; consider setting overdisp=FALSE"
192,12740,"Braamsluiper","lesser whitethroat",2001,1997,"index_100 = eerste analysejaar vanaf eerste positieve jaar",1.07142857142857,0.160301757334558,107.142857142857,"model3_overdisp",TRUE,FALSE,"Overdispersion 0.8 <1; consider setting overdisp=FALSE"
192,12740,"Braamsluiper","lesser whitethroat",2002,1997,"index_100 = eerste analysejaar vanaf eerste positieve jaar",1.1,0.163541388451518,110,"model3_overdisp",TRUE,FALSE,"Overdispersion 0.8 <1; consider setting overdisp=FALSE"
192,12740,"Braamsluiper","lesser whitethroat",2003,1997,"index_100 = eerste analysejaar vanaf eerste positieve jaar",1.08571428571429,0.161922378502605,108.571428571429,"model3_overdisp",TRUE,FALSE,"Overdispersion 0.8 <1; consider setting overdisp=FALSE"
192,12740,"Braamsluiper","lesser whitethroat",2004,1997,"index_100 = eerste analysejaar vanaf eerste positieve jaar",1.22857142857143,0.178047211116166,122.857142857143,"model3_overdisp",TRUE,FALSE,"Overdispersion 0.8 <1; consider setting overdisp=FALSE"
192,12740,"Braamsluiper","lesser whitethroat",2005,1997,"index_100 = eerste analysejaar vanaf eerste positieve jaar",1.22857142857143,0.178047211116166,122.857142857143,"model3_overdisp",TRUE,FALSE,"Overdispersion 0.8 <1; consider setting overdisp=FALSE"
192,12740,"Braamsluiper","lesser whitethroat",2006,1997,"index_100 = eerste analysejaar vanaf eerste positieve jaar",1.16799155266113,0.173754442175614,116.799155266113,"model3_overdisp",TRUE,FALSE,"Overdispersion 0.8 <1; consider setting overdisp=FALSE"
192,12740,"Braamsluiper","lesser whitethroat",2007,1997,"index_100 = eerste analysejaar vanaf eerste positieve jaar",0.885319845532171,0.140924544563625,88.5319845532171,"model3_overdisp",TRUE,FALSE,"Overdispersion 0.8 <1; consider setting overdisp=FALSE"
192,12740,"Braamsluiper","lesser whitethroat",2008,1997,"index_100 = eerste analysejaar vanaf eerste positieve jaar",0.988738699389137,0.158335470084022,98.8738699389137,"model3_overdisp",TRUE,FALSE,"Overdispersion 0.8 <1; consider setting overdisp=FALSE"
192,12740,"Braamsluiper","lesser whitethroat",2009,1997,"index_100 = eerste analysejaar vanaf eerste positieve jaar",1.00918606155742,0.15664244145291,100.918606155742,"model3_overdisp",TRUE,FALSE,"Overdispersion 0.8 <1; consider setting overdisp=FALSE"
192,12740,"Braamsluiper","lesser whitethroat",2010,1997,"index_100 = eerste analysejaar vanaf eerste positieve jaar",0.938342244555203,0.146768120117367,93.8342244555203,"model3_overdisp",TRUE,FALSE,"Overdispersion 0.8 <1; consider setting overdisp=FALSE"
192,12740,"Braamsluiper","lesser whitethroat",2011,1997,"index_100 = eerste analysejaar vanaf eerste positieve jaar",0.956507853132519,0.147769215893728,95.6507853132519,"model3_overdisp",TRUE,FALSE,"Overdispersion 0.8 <1; consider setting overdisp=FALSE"
192,12740,"Braamsluiper","lesser whitethroat",2012,1997,"index_100 = eerste analysejaar vanaf eerste positieve jaar",0.811000305224747,0.133022524545766,81.1000305224747,"model3_overdisp",TRUE,FALSE,"Overdispersion 0.8 <1; consider setting overdisp=FALSE"
192,12740,"Braamsluiper","lesser whitethroat",2013,1997,"index_100 = eerste analysejaar vanaf eerste positieve jaar",0.748081242582796,0.124756222714065,74.8081242582795,"model3_overdisp",TRUE,FALSE,"Overdispersion 0.8 <1; consider setting overdisp=FALSE"
192,12740,"Braamsluiper","lesser whitethroat",2014,1997,"index_100 = eerste analysejaar vanaf eerste positieve jaar",0.926507284748784,0.146193302697296,92.6507284748784,"model3_overdisp",TRUE,FALSE,"Overdispersion 0.8 <1; consider setting overdisp=FALSE"
192,12740,"Braamsluiper","lesser whitethroat",2015,1997,"index_100 = eerste analysejaar vanaf eerste positieve jaar",1.15940345834245,0.170860123760748,115.940345834245,"model3_overdisp",TRUE,FALSE,"Overdispersion 0.8 <1; consider setting overdisp=FALSE"
192,12740,"Braamsluiper","lesser whitethroat",2016,1997,"index_100 = eerste analysejaar vanaf eerste positieve jaar",1.10920146845519,0.165469857096559,110.920146845519,"model3_overdisp",TRUE,FALSE,"Overdispersion 0.8 <1; consider setting overdisp=FALSE"
192,12740,"Braamsluiper","lesser whitethroat",2017,1997,"index_100 = eerste analysejaar vanaf eerste positieve jaar",1.02133646250046,0.154883199365771,102.133646250046,"model3_overdisp",TRUE,FALSE,"Overdispersion 0.8 <1; consider setting overdisp=FALSE"
192,12740,"Braamsluiper","lesser whitethroat",2018,1997,"index_100 = eerste analysejaar vanaf eerste positieve jaar",0.773551354588489,0.131494780794347,77.3551354588489,"model3_overdisp",TRUE,FALSE,"Overdispersion 0.8 <1; consider setting overdisp=FALSE"
192,12740,"Braamsluiper","lesser whitethroat",2019,1997,"index_100 = eerste analysejaar vanaf eerste positieve jaar",1.39733454677181,0.200694476792471,139.733454677181,"model3_overdisp",TRUE,FALSE,"Overdispersion 0.8 <1; consider setting overdisp=FALSE"
192,12740,"Braamsluiper","lesser whitethroat",2020,1997,"index_100 = eerste analysejaar vanaf eerste positieve jaar",1.39521401760436,0.198878685389225,139.521401760436,"model3_overdisp",TRUE,FALSE,"Overdispersion 0.8 <1; consider setting overdisp=FALSE"
192,12740,"Braamsluiper","lesser whitethroat",2021,1997,"index_100 = eerste analysejaar vanaf eerste positieve jaar",1.42985484884602,0.202426774138365,142.985484884602,"model3_overdisp",TRUE,FALSE,"Overdispersion 0.8 <1; consider setting overdisp=FALSE"
192,12740,"Braamsluiper","lesser whitethroat",2022,1997,"index_100 = eerste analysejaar vanaf eerste positieve jaar",1.35937714580256,0.197777306626017,135.937714580256,"model3_overdisp",TRUE,FALSE,"Overdispersion 0.8 <1; consider setting overdisp=FALSE"
193,12750,"Grasmus","whitethroat",1997,1997,"index_100 = eerste analysejaar vanaf eerste positieve jaar",1,0,100,"model3_overdisp",TRUE,FALSE,NA
193,12750,"Grasmus","whitethroat",1998,1997,"index_100 = eerste analysejaar vanaf eerste positieve jaar",0.906215087484392,0.0779744301893482,90.6215087484392,"model3_overdisp",TRUE,FALSE,NA
193,12750,"Grasmus","whitethroat",1999,1997,"index_100 = eerste analysejaar vanaf eerste positieve jaar",0.842657342657343,0.0729770321415226,84.2657342657343,"model3_overdisp",TRUE,FALSE,NA
193,12750,"Grasmus","whitethroat",2000,1997,"index_100 = eerste analysejaar vanaf eerste positieve jaar",0.957738933296387,0.083199217395629,95.7738933296388,"model3_overdisp",TRUE,FALSE,NA
193,12750,"Grasmus","whitethroat",2001,1997,"index_100 = eerste analysejaar vanaf eerste positieve jaar",0.905594405594406,0.0769343876844864,90.5594405594406,"model3_overdisp",TRUE,FALSE,NA
193,12750,"Grasmus","whitethroat",2002,1997,"index_100 = eerste analysejaar vanaf eerste positieve jaar",0.81993006993007,0.0715408603858509,81.993006993007,"model3_overdisp",TRUE,FALSE,NA
193,12750,"Grasmus","whitethroat",2003,1997,"index_100 = eerste analysejaar vanaf eerste positieve jaar",0.706293706293706,0.0642921522017504,70.6293706293706,"model3_overdisp",TRUE,FALSE,NA
193,12750,"Grasmus","whitethroat",2004,1997,"index_100 = eerste analysejaar vanaf eerste positieve jaar",0.931818181818182,0.0785754933145315,93.1818181818182,"model3_overdisp",TRUE,FALSE,NA
193,12750,"Grasmus","whitethroat",2005,1997,"index_100 = eerste analysejaar vanaf eerste positieve jaar",0.832167832167832,0.0723146836152481,83.2167832167832,"model3_overdisp",TRUE,FALSE,NA
193,12750,"Grasmus","whitethroat",2006,1997,"index_100 = eerste analysejaar vanaf eerste positieve jaar",0.758657340517828,0.0699278377803758,75.8657340517828,"model3_overdisp",TRUE,FALSE,NA
193,12750,"Grasmus","whitethroat",2007,1997,"index_100 = eerste analysejaar vanaf eerste positieve jaar",0.73305557856511,0.0668610743111311,73.305557856511,"model3_overdisp",TRUE,FALSE,NA
193,12750,"Grasmus","whitethroat",2008,1997,"index_100 = eerste analysejaar vanaf eerste positieve jaar",0.642474257937877,0.0631210044723091,64.2474257937877,"model3_overdisp",TRUE,FALSE,NA
193,12750,"Grasmus","whitethroat",2009,1997,"index_100 = eerste analysejaar vanaf eerste positieve jaar",0.627616855603059,0.0603562180523317,62.7616855603059,"model3_overdisp",TRUE,FALSE,NA
193,12750,"Grasmus","whitethroat",2010,1997,"index_100 = eerste analysejaar vanaf eerste positieve jaar",0.661546213495602,0.0631784603587592,66.1546213495602,"model3_overdisp",TRUE,FALSE,NA
193,12750,"Grasmus","whitethroat",2011,1997,"index_100 = eerste analysejaar vanaf eerste positieve jaar",0.790335663876704,0.0699437038393513,79.0335663876704,"model3_overdisp",TRUE,FALSE,NA
193,12750,"Grasmus","whitethroat",2012,1997,"index_100 = eerste analysejaar vanaf eerste positieve jaar",0.587056749229325,0.0578569853584904,58.7056749229325,"model3_overdisp",TRUE,FALSE,NA
193,12750,"Grasmus","whitethroat",2013,1997,"index_100 = eerste analysejaar vanaf eerste positieve jaar",0.643237632604181,0.0621785400510836,64.3237632604181,"model3_overdisp",TRUE,FALSE,NA
193,12750,"Grasmus","whitethroat",2014,1997,"index_100 = eerste analysejaar vanaf eerste positieve jaar",0.641162918274349,0.0623483705574828,64.1162918274349,"model3_overdisp",TRUE,FALSE,NA
193,12750,"Grasmus","whitethroat",2015,1997,"index_100 = eerste analysejaar vanaf eerste positieve jaar",0.533387970463874,0.053208135886891,53.3387970463874,"model3_overdisp",TRUE,FALSE,NA
193,12750,"Grasmus","whitethroat",2016,1997,"index_100 = eerste analysejaar vanaf eerste positieve jaar",0.553066322681204,0.0547074416363278,55.3066322681204,"model3_overdisp",TRUE,FALSE,NA
193,12750,"Grasmus","whitethroat",2017,1997,"index_100 = eerste analysejaar vanaf eerste positieve jaar",0.499659112299251,0.0508682159700587,49.9659112299251,"model3_overdisp",TRUE,FALSE,NA
193,12750,"Grasmus","whitethroat",2018,1997,"index_100 = eerste analysejaar vanaf eerste positieve jaar",0.487303920213542,0.0517301105299127,48.7303920213542,"model3_overdisp",TRUE,FALSE,NA
193,12750,"Grasmus","whitethroat",2019,1997,"index_100 = eerste analysejaar vanaf eerste positieve jaar",0.588321615262479,0.0568650805248066,58.8321615262479,"model3_overdisp",TRUE,FALSE,NA
193,12750,"Grasmus","whitethroat",2020,1997,"index_100 = eerste analysejaar vanaf eerste positieve jaar",0.651329468038782,0.0627254929467713,65.1329468038782,"model3_overdisp",TRUE,FALSE,NA
193,12750,"Grasmus","whitethroat",2021,1997,"index_100 = eerste analysejaar vanaf eerste positieve jaar",0.52972027972028,0.052719066738129,52.972027972028,"model3_overdisp",TRUE,FALSE,NA
193,12750,"Grasmus","whitethroat",2022,1997,"index_100 = eerste analysejaar vanaf eerste positieve jaar",0.547954949798463,0.0557025923094236,54.7954949798463,"model3_overdisp",TRUE,FALSE,NA
194,12760,"Tuinfluiter","garden warbler",1997,1997,"index_100 = eerste analysejaar vanaf eerste positieve jaar",1,0,100,"model3_overdisp",TRUE,FALSE,NA
194,12760,"Tuinfluiter","garden warbler",1998,1997,"index_100 = eerste analysejaar vanaf eerste positieve jaar",0.913126072010488,0.186295515214361,91.3126072010488,"model3_overdisp",TRUE,FALSE,NA
194,12760,"Tuinfluiter","garden warbler",1999,1997,"index_100 = eerste analysejaar vanaf eerste positieve jaar",0.746031746031746,0.158908481925892,74.6031746031746,"model3_overdisp",TRUE,FALSE,NA
194,12760,"Tuinfluiter","garden warbler",2000,1997,"index_100 = eerste analysejaar vanaf eerste positieve jaar",0.747985139219873,0.168653471777678,74.7985139219873,"model3_overdisp",TRUE,FALSE,NA
194,12760,"Tuinfluiter","garden warbler",2001,1997,"index_100 = eerste analysejaar vanaf eerste positieve jaar",0.904761904761905,0.182780498779635,90.4761904761905,"model3_overdisp",TRUE,FALSE,NA
194,12760,"Tuinfluiter","garden warbler",2002,1997,"index_100 = eerste analysejaar vanaf eerste positieve jaar",0.693634096580252,0.151649025315234,69.3634096580252,"model3_overdisp",TRUE,FALSE,NA
194,12760,"Tuinfluiter","garden warbler",2003,1997,"index_100 = eerste analysejaar vanaf eerste positieve jaar",0.777777777777778,0.16372268510583,77.7777777777778,"model3_overdisp",TRUE,FALSE,NA
194,12760,"Tuinfluiter","garden warbler",2004,1997,"index_100 = eerste analysejaar vanaf eerste positieve jaar",0.984126984126984,0.19455959721847,98.4126984126984,"model3_overdisp",TRUE,FALSE,NA
194,12760,"Tuinfluiter","garden warbler",2005,1997,"index_100 = eerste analysejaar vanaf eerste positieve jaar",0.968253968253968,0.192210703096726,96.8253968253968,"model3_overdisp",TRUE,FALSE,NA
194,12760,"Tuinfluiter","garden warbler",2006,1997,"index_100 = eerste analysejaar vanaf eerste positieve jaar",0.669134181758706,0.148410557554901,66.9134181758706,"model3_overdisp",TRUE,FALSE,NA
194,12760,"Tuinfluiter","garden warbler",2007,1997,"index_100 = eerste analysejaar vanaf eerste positieve jaar",1.17672389899586,0.225173403471298,117.672389899586,"model3_overdisp",TRUE,FALSE,NA
194,12760,"Tuinfluiter","garden warbler",2008,1997,"index_100 = eerste analysejaar vanaf eerste positieve jaar",0.996773367690119,0.206732293101876,99.6773367690119,"model3_overdisp",TRUE,FALSE,NA
194,12760,"Tuinfluiter","garden warbler",2009,1997,"index_100 = eerste analysejaar vanaf eerste positieve jaar",1.17419726927958,0.226289796346441,117.419726927958,"model3_overdisp",TRUE,FALSE,NA
194,12760,"Tuinfluiter","garden warbler",2010,1997,"index_100 = eerste analysejaar vanaf eerste positieve jaar",1.41248344026054,0.259639447061852,141.248344026054,"model3_overdisp",TRUE,FALSE,NA
194,12760,"Tuinfluiter","garden warbler",2011,1997,"index_100 = eerste analysejaar vanaf eerste positieve jaar",1.1701437159081,0.223154390551189,117.01437159081,"model3_overdisp",TRUE,FALSE,NA
194,12760,"Tuinfluiter","garden warbler",2012,1997,"index_100 = eerste analysejaar vanaf eerste positieve jaar",1.19340866874149,0.230021930341604,119.340866874149,"model3_overdisp",TRUE,FALSE,NA
194,12760,"Tuinfluiter","garden warbler",2013,1997,"index_100 = eerste analysejaar vanaf eerste positieve jaar",1.17910979133102,0.226429901185999,117.910979133102,"model3_overdisp",TRUE,FALSE,NA
194,12760,"Tuinfluiter","garden warbler",2014,1997,"index_100 = eerste analysejaar vanaf eerste positieve jaar",1.43356238436526,0.264984761021909,143.356238436526,"model3_overdisp",TRUE,FALSE,NA
194,12760,"Tuinfluiter","garden warbler",2015,1997,"index_100 = eerste analysejaar vanaf eerste positieve jaar",1.52768762910224,0.274980034537585,152.768762910224,"model3_overdisp",TRUE,FALSE,NA
194,12760,"Tuinfluiter","garden warbler",2016,1997,"index_100 = eerste analysejaar vanaf eerste positieve jaar",1.36329134463588,0.251856863156392,136.329134463588,"model3_overdisp",TRUE,FALSE,NA
194,12760,"Tuinfluiter","garden warbler",2017,1997,"index_100 = eerste analysejaar vanaf eerste positieve jaar",1.37928452368934,0.252809297886462,137.928452368934,"model3_overdisp",TRUE,FALSE,NA
194,12760,"Tuinfluiter","garden warbler",2018,1997,"index_100 = eerste analysejaar vanaf eerste positieve jaar",1.66314804189823,0.299627735675243,166.314804189823,"model3_overdisp",TRUE,FALSE,NA
194,12760,"Tuinfluiter","garden warbler",2019,1997,"index_100 = eerste analysejaar vanaf eerste positieve jaar",1.88523154229638,0.326177733858277,188.523154229638,"model3_overdisp",TRUE,FALSE,NA
194,12760,"Tuinfluiter","garden warbler",2020,1997,"index_100 = eerste analysejaar vanaf eerste positieve jaar",1.96543310847353,0.339673150582343,196.543310847353,"model3_overdisp",TRUE,FALSE,NA
194,12760,"Tuinfluiter","garden warbler",2021,1997,"index_100 = eerste analysejaar vanaf eerste positieve jaar",2.22222222222222,0.372575114892865,222.222222222222,"model3_overdisp",TRUE,FALSE,NA
194,12760,"Tuinfluiter","garden warbler",2022,1997,"index_100 = eerste analysejaar vanaf eerste positieve jaar",2.06277469050488,0.358437145548069,206.277469050488,"model3_overdisp",TRUE,FALSE,NA
195,12770,"Zwartkop","blackcap",1997,1997,"index_100 = eerste analysejaar vanaf eerste positieve jaar",1,0,100,"model3_overdisp",TRUE,FALSE,"Overdispersion 0.9 <1; consider setting overdisp=FALSE"
195,12770,"Zwartkop","blackcap",1998,1997,"index_100 = eerste analysejaar vanaf eerste positieve jaar",1.22116213056451,0.172226698804382,122.116213056451,"model3_overdisp",TRUE,FALSE,"Overdispersion 0.9 <1; consider setting overdisp=FALSE"
195,12770,"Zwartkop","blackcap",1999,1997,"index_100 = eerste analysejaar vanaf eerste positieve jaar",1.51162790697674,0.20047029300689,151.162790697674,"model3_overdisp",TRUE,FALSE,"Overdispersion 0.9 <1; consider setting overdisp=FALSE"
195,12770,"Zwartkop","blackcap",2000,1997,"index_100 = eerste analysejaar vanaf eerste positieve jaar",1.6955080283747,0.2301170664949,169.55080283747,"model3_overdisp",TRUE,FALSE,"Overdispersion 0.9 <1; consider setting overdisp=FALSE"
195,12770,"Zwartkop","blackcap",2001,1997,"index_100 = eerste analysejaar vanaf eerste positieve jaar",1.44186046511628,0.193050958996817,144.186046511628,"model3_overdisp",TRUE,FALSE,"Overdispersion 0.9 <1; consider setting overdisp=FALSE"
195,12770,"Zwartkop","blackcap",2002,1997,"index_100 = eerste analysejaar vanaf eerste positieve jaar",1.53488372093023,0.202939546628878,153.488372093023,"model3_overdisp",TRUE,FALSE,"Overdispersion 0.9 <1; consider setting overdisp=FALSE"
195,12770,"Zwartkop","blackcap",2003,1997,"index_100 = eerste analysejaar vanaf eerste positieve jaar",1.65804892108885,0.217693750901024,165.804892108885,"model3_overdisp",TRUE,FALSE,"Overdispersion 0.9 <1; consider setting overdisp=FALSE"
195,12770,"Zwartkop","blackcap",2004,1997,"index_100 = eerste analysejaar vanaf eerste positieve jaar",1.75581395348837,0.226315406684601,175.581395348837,"model3_overdisp",TRUE,FALSE,"Overdispersion 0.9 <1; consider setting overdisp=FALSE"
195,12770,"Zwartkop","blackcap",2005,1997,"index_100 = eerste analysejaar vanaf eerste positieve jaar",1.8953488372093,0.241015486504496,189.53488372093,"model3_overdisp",TRUE,FALSE,"Overdispersion 0.9 <1; consider setting overdisp=FALSE"
195,12770,"Zwartkop","blackcap",2006,1997,"index_100 = eerste analysejaar vanaf eerste positieve jaar",1.61200877436376,0.211612089597751,161.200877436376,"model3_overdisp",TRUE,FALSE,"Overdispersion 0.9 <1; consider setting overdisp=FALSE"
195,12770,"Zwartkop","blackcap",2007,1997,"index_100 = eerste analysejaar vanaf eerste positieve jaar",1.64292842601992,0.216333070990898,164.292842601992,"model3_overdisp",TRUE,FALSE,"Overdispersion 0.9 <1; consider setting overdisp=FALSE"
195,12770,"Zwartkop","blackcap",2008,1997,"index_100 = eerste analysejaar vanaf eerste positieve jaar",1.46995898673305,0.209140709708646,146.995898673305,"model3_overdisp",TRUE,FALSE,"Overdispersion 0.9 <1; consider setting overdisp=FALSE"
195,12770,"Zwartkop","blackcap",2009,1997,"index_100 = eerste analysejaar vanaf eerste positieve jaar",1.70150612321896,0.226962800079776,170.150612321896,"model3_overdisp",TRUE,FALSE,"Overdispersion 0.9 <1; consider setting overdisp=FALSE"
195,12770,"Zwartkop","blackcap",2010,1997,"index_100 = eerste analysejaar vanaf eerste positieve jaar",2.10467224674427,0.265043613146211,210.467224674427,"model3_overdisp",TRUE,FALSE,"Overdispersion 0.9 <1; consider setting overdisp=FALSE"
195,12770,"Zwartkop","blackcap",2011,1997,"index_100 = eerste analysejaar vanaf eerste positieve jaar",2.36352711940824,0.293278969460132,236.352711940824,"model3_overdisp",TRUE,FALSE,"Overdispersion 0.9 <1; consider setting overdisp=FALSE"
195,12770,"Zwartkop","blackcap",2012,1997,"index_100 = eerste analysejaar vanaf eerste positieve jaar",2.40825686004116,0.300189612109283,240.825686004116,"model3_overdisp",TRUE,FALSE,"Overdispersion 0.9 <1; consider setting overdisp=FALSE"
195,12770,"Zwartkop","blackcap",2013,1997,"index_100 = eerste analysejaar vanaf eerste positieve jaar",2.26311816657081,0.282436319201148,226.311816657081,"model3_overdisp",TRUE,FALSE,"Overdispersion 0.9 <1; consider setting overdisp=FALSE"
195,12770,"Zwartkop","blackcap",2014,1997,"index_100 = eerste analysejaar vanaf eerste positieve jaar",2.79068968543404,0.341311042789147,279.068968543404,"model3_overdisp",TRUE,FALSE,"Overdispersion 0.9 <1; consider setting overdisp=FALSE"
195,12770,"Zwartkop","blackcap",2015,1997,"index_100 = eerste analysejaar vanaf eerste positieve jaar",2.46304405075174,0.303700197415946,246.304405075174,"model3_overdisp",TRUE,FALSE,"Overdispersion 0.9 <1; consider setting overdisp=FALSE"
195,12770,"Zwartkop","blackcap",2016,1997,"index_100 = eerste analysejaar vanaf eerste positieve jaar",2.14687228910155,0.272700515455098,214.687228910155,"model3_overdisp",TRUE,FALSE,"Overdispersion 0.9 <1; consider setting overdisp=FALSE"
195,12770,"Zwartkop","blackcap",2017,1997,"index_100 = eerste analysejaar vanaf eerste positieve jaar",2.23117761367954,0.278163476587764,223.117761367954,"model3_overdisp",TRUE,FALSE,"Overdispersion 0.9 <1; consider setting overdisp=FALSE"
195,12770,"Zwartkop","blackcap",2018,1997,"index_100 = eerste analysejaar vanaf eerste positieve jaar",2.63425089588744,0.323911160164815,263.425089588744,"model3_overdisp",TRUE,FALSE,"Overdispersion 0.9 <1; consider setting overdisp=FALSE"
195,12770,"Zwartkop","blackcap",2019,1997,"index_100 = eerste analysejaar vanaf eerste positieve jaar",3.25917950149978,0.386738345653368,325.917950149978,"model3_overdisp",TRUE,FALSE,"Overdispersion 0.9 <1; consider setting overdisp=FALSE"
195,12770,"Zwartkop","blackcap",2020,1997,"index_100 = eerste analysejaar vanaf eerste positieve jaar",2.65681119380198,0.324994576858601,265.681119380198,"model3_overdisp",TRUE,FALSE,"Overdispersion 0.9 <1; consider setting overdisp=FALSE"
195,12770,"Zwartkop","blackcap",2021,1997,"index_100 = eerste analysejaar vanaf eerste positieve jaar",2.74418604651163,0.329788426632143,274.418604651163,"model3_overdisp",TRUE,FALSE,"Overdispersion 0.9 <1; consider setting overdisp=FALSE"
195,12770,"Zwartkop","blackcap",2022,1997,"index_100 = eerste analysejaar vanaf eerste positieve jaar",2.7448535240663,0.337360033474552,274.48535240663,"model3_overdisp",TRUE,FALSE,"Overdispersion 0.9 <1; consider setting overdisp=FALSE"
197,13080,"Fluiter","Wood Warbler",1997,1997,"index_100 = eerste analysejaar vanaf eerste positieve jaar",1,0,100,"model2_basis",FALSE,FALSE,"Data ends with 2 years without positive observations."
197,13080,"Fluiter","Wood Warbler",1998,1997,"index_100 = eerste analysejaar vanaf eerste positieve jaar",2,1.95369993618167,200,"model2_basis",FALSE,FALSE,"Data ends with 2 years without positive observations."
197,13080,"Fluiter","Wood Warbler",1999,1997,"index_100 = eerste analysejaar vanaf eerste positieve jaar",1,1.2105730329196,100,"model2_basis",FALSE,FALSE,"Data ends with 2 years without positive observations."
197,13080,"Fluiter","Wood Warbler",2000,1997,"index_100 = eerste analysejaar vanaf eerste positieve jaar",0.140894601058234,0.74124092813998,14.0894601058234,"model2_basis",FALSE,FALSE,"Data ends with 2 years without positive observations."
197,13080,"Fluiter","Wood Warbler",2001,1997,"index_100 = eerste analysejaar vanaf eerste positieve jaar",0.0701805620906578,0.752881463911717,7.01805620906578,"model2_basis",FALSE,FALSE,"Data ends with 2 years without positive observations."
197,13080,"Fluiter","Wood Warbler",2002,1997,"index_100 = eerste analysejaar vanaf eerste positieve jaar",0.0665795989666567,0.731850457947762,6.65795989666567,"model2_basis",FALSE,FALSE,"Data ends with 2 years without positive observations."
197,13080,"Fluiter","Wood Warbler",2003,1997,"index_100 = eerste analysejaar vanaf eerste positieve jaar",1,1.15481954800356,100,"model2_basis",FALSE,FALSE,"Data ends with 2 years without positive observations."
197,13080,"Fluiter","Wood Warbler",2004,1997,"index_100 = eerste analysejaar vanaf eerste positieve jaar",0,0.730378366483143,0,"model2_basis",FALSE,FALSE,"Data ends with 2 years without positive observations."
197,13080,"Fluiter","Wood Warbler",2005,1997,"index_100 = eerste analysejaar vanaf eerste positieve jaar",1,1.13021454752101,100,"model2_basis",FALSE,FALSE,"Data ends with 2 years without positive observations."
197,13080,"Fluiter","Wood Warbler",2006,1997,"index_100 = eerste analysejaar vanaf eerste positieve jaar",0,0.692902668285164,0,"model2_basis",FALSE,FALSE,"Data ends with 2 years without positive observations."
197,13080,"Fluiter","Wood Warbler",2007,1997,"index_100 = eerste analysejaar vanaf eerste positieve jaar",0.0462823435243722,0.642423255482509,4.62823435243722,"model2_basis",FALSE,FALSE,"Data ends with 2 years without positive observations."
197,13080,"Fluiter","Wood Warbler",2008,1997,"index_100 = eerste analysejaar vanaf eerste positieve jaar",0.0485385916286313,0.622425056416061,4.85385916286313,"model2_basis",FALSE,FALSE,"Data ends with 2 years without positive observations."
197,13080,"Fluiter","Wood Warbler",2009,1997,"index_100 = eerste analysejaar vanaf eerste positieve jaar",0.285667417517786,0.448715180933902,28.5667417517786,"model2_basis",FALSE,FALSE,"Data ends with 2 years without positive observations."
197,13080,"Fluiter","Wood Warbler",2010,1997,"index_100 = eerste analysejaar vanaf eerste positieve jaar",0,0.623621240891958,0,"model2_basis",FALSE,FALSE,"Data ends with 2 years without positive observations."
197,13080,"Fluiter","Wood Warbler",2011,1997,"index_100 = eerste analysejaar vanaf eerste positieve jaar",0.257104320056574,0.428306674128879,25.7104320056574,"model2_basis",FALSE,FALSE,"Data ends with 2 years without positive observations."
197,13080,"Fluiter","Wood Warbler",2012,1997,"index_100 = eerste analysejaar vanaf eerste positieve jaar",0.243912302951479,0.418838146500275,24.3912302951479,"model2_basis",FALSE,FALSE,"Data ends with 2 years without positive observations."
197,13080,"Fluiter","Wood Warbler",2013,1997,"index_100 = eerste analysejaar vanaf eerste positieve jaar",0.231397167958917,0.409743330734133,23.1397167958917,"model2_basis",FALSE,FALSE,"Data ends with 2 years without positive observations."
197,13080,"Fluiter","Wood Warbler",2014,1997,"index_100 = eerste analysejaar vanaf eerste positieve jaar",1.21952418427232,1.13627413883879,121.952418427232,"model2_basis",FALSE,FALSE,"Data ends with 2 years without positive observations."
197,13080,"Fluiter","Wood Warbler",2015,1997,"index_100 = eerste analysejaar vanaf eerste positieve jaar",1.20826040312207,1.1278199568887,120.826040312207,"model2_basis",FALSE,FALSE,"Data ends with 2 years without positive observations."
197,13080,"Fluiter","Wood Warbler",2016,1997,"index_100 = eerste analysejaar vanaf eerste positieve jaar",0.197574566339178,0.384075581078072,19.7574566339178,"model2_basis",FALSE,FALSE,"Data ends with 2 years without positive observations."
197,13080,"Fluiter","Wood Warbler",2017,1997,"index_100 = eerste analysejaar vanaf eerste positieve jaar",0,0.518628123475078,0,"model2_basis",FALSE,FALSE,"Data ends with 2 years without positive observations."
197,13080,"Fluiter","Wood Warbler",2018,1997,"index_100 = eerste analysejaar vanaf eerste positieve jaar",0.02592883480686,0.484334804901595,2.592883480686,"model2_basis",FALSE,FALSE,"Data ends with 2 years without positive observations."
197,13080,"Fluiter","Wood Warbler",2019,1997,"index_100 = eerste analysejaar vanaf eerste positieve jaar",0.168695708804202,0.359966326260878,16.8695708804202,"model2_basis",FALSE,FALSE,"Data ends with 2 years without positive observations."
197,13080,"Fluiter","Wood Warbler",2020,1997,"index_100 = eerste analysejaar vanaf eerste positieve jaar",1,1.00048172387769,100,"model2_basis",FALSE,FALSE,"Data ends with 2 years without positive observations."
197,13080,"Fluiter","Wood Warbler",2021,1997,"index_100 = eerste analysejaar vanaf eerste positieve jaar",0,0.466771927323405,0,"model2_basis",FALSE,FALSE,"Data ends with 2 years without positive observations."
197,13080,"Fluiter","Wood Warbler",2022,1997,"index_100 = eerste analysejaar vanaf eerste positieve jaar",0,0.454639217003308,0,"model2_basis",FALSE,FALSE,"Data ends with 2 years without positive observations."
198,13110,"Tjiftjaf","Common Chiffchaff",1997,1997,"index_100 = eerste analysejaar vanaf eerste positieve jaar",1,0,100,"model3_overdisp",TRUE,FALSE,NA
198,13110,"Tjiftjaf","Common Chiffchaff",1998,1997,"index_100 = eerste analysejaar vanaf eerste positieve jaar",1.37932908702113,0.118976100237204,137.932908702113,"model3_overdisp",TRUE,FALSE,NA
198,13110,"Tjiftjaf","Common Chiffchaff",1999,1997,"index_100 = eerste analysejaar vanaf eerste positieve jaar",1.11194029850746,0.0993438546034098,111.194029850746,"model3_overdisp",TRUE,FALSE,NA
198,13110,"Tjiftjaf","Common Chiffchaff",2000,1997,"index_100 = eerste analysejaar vanaf eerste positieve jaar",1.01340804822227,0.0975502139344471,101.340804822227,"model3_overdisp",TRUE,FALSE,NA
198,13110,"Tjiftjaf","Common Chiffchaff",2001,1997,"index_100 = eerste analysejaar vanaf eerste positieve jaar",1.0634328358209,0.0960306027770049,106.34328358209,"model3_overdisp",TRUE,FALSE,NA
198,13110,"Tjiftjaf","Common Chiffchaff",2002,1997,"index_100 = eerste analysejaar vanaf eerste positieve jaar",1.19402985074627,0.104927255001698,119.402985074627,"model3_overdisp",TRUE,FALSE,NA
198,13110,"Tjiftjaf","Common Chiffchaff",2003,1997,"index_100 = eerste analysejaar vanaf eerste positieve jaar",1.67910447761194,0.137496973314554,167.910447761194,"model3_overdisp",TRUE,FALSE,NA
198,13110,"Tjiftjaf","Common Chiffchaff",2004,1997,"index_100 = eerste analysejaar vanaf eerste positieve jaar",1.75,0.14221480971362,175,"model3_overdisp",TRUE,FALSE,NA
198,13110,"Tjiftjaf","Common Chiffchaff",2005,1997,"index_100 = eerste analysejaar vanaf eerste positieve jaar",1.16044776119403,0.10264649765319,116.044776119403,"model3_overdisp",TRUE,FALSE,NA
198,13110,"Tjiftjaf","Common Chiffchaff",2006,1997,"index_100 = eerste analysejaar vanaf eerste positieve jaar",0.940335331832522,0.0891362994211949,94.0335331832522,"model3_overdisp",TRUE,FALSE,NA
198,13110,"Tjiftjaf","Common Chiffchaff",2007,1997,"index_100 = eerste analysejaar vanaf eerste positieve jaar",1.08306884560939,0.0985317116072785,108.306884560939,"model3_overdisp",TRUE,FALSE,NA
198,13110,"Tjiftjaf","Common Chiffchaff",2008,1997,"index_100 = eerste analysejaar vanaf eerste positieve jaar",1.08678813928808,0.104833271443481,108.678813928808,"model3_overdisp",TRUE,FALSE,NA
198,13110,"Tjiftjaf","Common Chiffchaff",2009,1997,"index_100 = eerste analysejaar vanaf eerste positieve jaar",0.933988987644861,0.0896139757587369,93.3988987644861,"model3_overdisp",TRUE,FALSE,NA
198,13110,"Tjiftjaf","Common Chiffchaff",2010,1997,"index_100 = eerste analysejaar vanaf eerste positieve jaar",0.91740044231782,0.0874640605134146,91.740044231782,"model3_overdisp",TRUE,FALSE,NA
198,13110,"Tjiftjaf","Common Chiffchaff",2011,1997,"index_100 = eerste analysejaar vanaf eerste positieve jaar",1.0819170266738,0.0983447936687868,108.19170266738,"model3_overdisp",TRUE,FALSE,NA
198,13110,"Tjiftjaf","Common Chiffchaff",2012,1997,"index_100 = eerste analysejaar vanaf eerste positieve jaar",0.99641405139655,0.0936592324818663,99.641405139655,"model3_overdisp",TRUE,FALSE,NA
198,13110,"Tjiftjaf","Common Chiffchaff",2013,1997,"index_100 = eerste analysejaar vanaf eerste positieve jaar",0.957874009664411,0.0905071928569151,95.787400966441,"model3_overdisp",TRUE,FALSE,NA
198,13110,"Tjiftjaf","Common Chiffchaff",2014,1997,"index_100 = eerste analysejaar vanaf eerste positieve jaar",1.12386782178197,0.103173011845073,112.386782178197,"model3_overdisp",TRUE,FALSE,NA
198,13110,"Tjiftjaf","Common Chiffchaff",2015,1997,"index_100 = eerste analysejaar vanaf eerste positieve jaar",1.02354020868781,0.0943304032169945,102.354020868781,"model3_overdisp",TRUE,FALSE,NA
198,13110,"Tjiftjaf","Common Chiffchaff",2016,1997,"index_100 = eerste analysejaar vanaf eerste positieve jaar",0.873523796405253,0.0851786048338212,87.3523796405253,"model3_overdisp",TRUE,FALSE,NA
198,13110,"Tjiftjaf","Common Chiffchaff",2017,1997,"index_100 = eerste analysejaar vanaf eerste positieve jaar",0.87489187830639,0.084199570927281,87.489187830639,"model3_overdisp",TRUE,FALSE,NA
198,13110,"Tjiftjaf","Common Chiffchaff",2018,1997,"index_100 = eerste analysejaar vanaf eerste positieve jaar",0.809302010086661,0.080919336270077,80.9302010086661,"model3_overdisp",TRUE,FALSE,NA
198,13110,"Tjiftjaf","Common Chiffchaff",2019,1997,"index_100 = eerste analysejaar vanaf eerste positieve jaar",1.00797305722488,0.0932567037612708,100.797305722488,"model3_overdisp",TRUE,FALSE,NA
198,13110,"Tjiftjaf","Common Chiffchaff",2020,1997,"index_100 = eerste analysejaar vanaf eerste positieve jaar",0.992931839438424,0.0940724865426844,99.2931839438425,"model3_overdisp",TRUE,FALSE,NA
198,13110,"Tjiftjaf","Common Chiffchaff",2021,1997,"index_100 = eerste analysejaar vanaf eerste positieve jaar",1.01492537313433,0.0927056047238825,101.492537313433,"model3_overdisp",TRUE,FALSE,NA
198,13110,"Tjiftjaf","Common Chiffchaff",2022,1997,"index_100 = eerste analysejaar vanaf eerste positieve jaar",1.24028441553128,0.111795874466229,124.028441553128,"model3_overdisp",TRUE,FALSE,NA
200,13120,"Fitis","willow warbler",1997,1997,"index_100 = eerste analysejaar vanaf eerste positieve jaar",1,0,100,"model3_overdisp",TRUE,FALSE,NA
200,13120,"Fitis","willow warbler",1998,1997,"index_100 = eerste analysejaar vanaf eerste positieve jaar",0.956866952706622,0.0715381633903038,95.6866952706622,"model3_overdisp",TRUE,FALSE,NA
200,13120,"Fitis","willow warbler",1999,1997,"index_100 = eerste analysejaar vanaf eerste positieve jaar",0.949250288350634,0.0698688839157062,94.9250288350634,"model3_overdisp",TRUE,FALSE,NA
200,13120,"Fitis","willow warbler",2000,1997,"index_100 = eerste analysejaar vanaf eerste positieve jaar",0.908335858134956,0.0706090862384218,90.8335858134956,"model3_overdisp",TRUE,FALSE,NA
200,13120,"Fitis","willow warbler",2001,1997,"index_100 = eerste analysejaar vanaf eerste positieve jaar",0.926182237600923,0.0686051225093266,92.6182237600923,"model3_overdisp",TRUE,FALSE,NA
200,13120,"Fitis","willow warbler",2002,1997,"index_100 = eerste analysejaar vanaf eerste positieve jaar",0.785467128027682,0.060827444356047,78.5467128027682,"model3_overdisp",TRUE,FALSE,NA
200,13120,"Fitis","willow warbler",2003,1997,"index_100 = eerste analysejaar vanaf eerste positieve jaar",0.824682814302191,0.0630081598809198,82.4682814302192,"model3_overdisp",TRUE,FALSE,NA
200,13120,"Fitis","willow warbler",2004,1997,"index_100 = eerste analysejaar vanaf eerste positieve jaar",0.945790080738178,0.0696794964433245,94.5790080738178,"model3_overdisp",TRUE,FALSE,NA
200,13120,"Fitis","willow warbler",2005,1997,"index_100 = eerste analysejaar vanaf eerste positieve jaar",0.885813148788927,0.0663865385104168,88.5813148788927,"model3_overdisp",TRUE,FALSE,NA
200,13120,"Fitis","willow warbler",2006,1997,"index_100 = eerste analysejaar vanaf eerste positieve jaar",0.787498299371063,0.0620603353038253,78.7498299371063,"model3_overdisp",TRUE,FALSE,NA
200,13120,"Fitis","willow warbler",2007,1997,"index_100 = eerste analysejaar vanaf eerste positieve jaar",0.818062178303596,0.0633312497579978,81.8062178303596,"model3_overdisp",TRUE,FALSE,NA
200,13120,"Fitis","willow warbler",2008,1997,"index_100 = eerste analysejaar vanaf eerste positieve jaar",0.812174710969095,0.0666465045979106,81.2174710969095,"model3_overdisp",TRUE,FALSE,NA
200,13120,"Fitis","willow warbler",2009,1997,"index_100 = eerste analysejaar vanaf eerste positieve jaar",0.801010328039123,0.0631186014318779,80.1010328039123,"model3_overdisp",TRUE,FALSE,NA
200,13120,"Fitis","willow warbler",2010,1997,"index_100 = eerste analysejaar vanaf eerste positieve jaar",0.764554646050555,0.0607821915645786,76.4554646050555,"model3_overdisp",TRUE,FALSE,NA
200,13120,"Fitis","willow warbler",2011,1997,"index_100 = eerste analysejaar vanaf eerste positieve jaar",0.750584223140392,0.0590908146470861,75.0584223140391,"model3_overdisp",TRUE,FALSE,NA
200,13120,"Fitis","willow warbler",2012,1997,"index_100 = eerste analysejaar vanaf eerste positieve jaar",0.618005286886434,0.0526660819828216,61.8005286886434,"model3_overdisp",TRUE,FALSE,NA
200,13120,"Fitis","willow warbler",2013,1997,"index_100 = eerste analysejaar vanaf eerste positieve jaar",0.621486676043643,0.0526565862522596,62.1486676043643,"model3_overdisp",TRUE,FALSE,NA
200,13120,"Fitis","willow warbler",2014,1997,"index_100 = eerste analysejaar vanaf eerste positieve jaar",0.61453412631091,0.0524747273109527,61.453412631091,"model3_overdisp",TRUE,FALSE,NA
200,13120,"Fitis","willow warbler",2015,1997,"index_100 = eerste analysejaar vanaf eerste positieve jaar",0.578988763106741,0.0493064179962317,57.8988763106741,"model3_overdisp",TRUE,FALSE,NA
200,13120,"Fitis","willow warbler",2016,1997,"index_100 = eerste analysejaar vanaf eerste positieve jaar",0.524402524752469,0.0466591132152126,52.4402524752469,"model3_overdisp",TRUE,FALSE,NA
200,13120,"Fitis","willow warbler",2017,1997,"index_100 = eerste analysejaar vanaf eerste positieve jaar",0.540609884275078,0.0474176201944448,54.0609884275078,"model3_overdisp",TRUE,FALSE,NA
200,13120,"Fitis","willow warbler",2018,1997,"index_100 = eerste analysejaar vanaf eerste positieve jaar",0.422932532465651,0.0418395028736553,42.2932532465651,"model3_overdisp",TRUE,FALSE,NA
200,13120,"Fitis","willow warbler",2019,1997,"index_100 = eerste analysejaar vanaf eerste positieve jaar",0.52645954064746,0.0462334911889158,52.645954064746,"model3_overdisp",TRUE,FALSE,NA
200,13120,"Fitis","willow warbler",2020,1997,"index_100 = eerste analysejaar vanaf eerste positieve jaar",0.511583181449914,0.0467336579963918,51.1583181449914,"model3_overdisp",TRUE,FALSE,NA
200,13120,"Fitis","willow warbler",2021,1997,"index_100 = eerste analysejaar vanaf eerste positieve jaar",0.423298731257209,0.0398686149115349,42.3298731257209,"model3_overdisp",TRUE,FALSE,NA
200,13120,"Fitis","willow warbler",2022,1997,"index_100 = eerste analysejaar vanaf eerste positieve jaar",0.437096692583103,0.0426192798116107,43.7096692583103,"model3_overdisp",TRUE,FALSE,NA
201,13140,"Goudhaan","goldcrest",1997,1997,"index_100 = eerste analysejaar vanaf eerste positieve jaar",1,0,100,"model2_basis",FALSE,FALSE,NA
201,13140,"Goudhaan","goldcrest",1998,1997,"index_100 = eerste analysejaar vanaf eerste positieve jaar",0.0315204044150257,0.864779329585613,3.15204044150257,"model2_basis",FALSE,FALSE,NA
201,13140,"Goudhaan","goldcrest",1999,1997,"index_100 = eerste analysejaar vanaf eerste positieve jaar",1.39582264279251,1.46934748563194,139.582264279251,"model2_basis",FALSE,FALSE,NA
201,13140,"Goudhaan","goldcrest",2000,1997,"index_100 = eerste analysejaar vanaf eerste positieve jaar",1.70148232810009,1.63793846892526,170.148232810009,"model2_basis",FALSE,FALSE,NA
201,13140,"Goudhaan","goldcrest",2001,1997,"index_100 = eerste analysejaar vanaf eerste positieve jaar",3.72219371411336,3.26769990536492,372.219371411336,"model2_basis",FALSE,FALSE,NA
201,13140,"Goudhaan","goldcrest",2002,1997,"index_100 = eerste analysejaar vanaf eerste positieve jaar",2.79164528558502,2.52730047126872,279.164528558502,"model2_basis",FALSE,FALSE,NA
201,13140,"Goudhaan","goldcrest",2003,1997,"index_100 = eerste analysejaar vanaf eerste positieve jaar",2.32637107132085,2.1720353148753,232.637107132085,"model2_basis",FALSE,FALSE,NA
201,13140,"Goudhaan","goldcrest",2004,1997,"index_100 = eerste analysejaar vanaf eerste positieve jaar",1.86109685705668,1.83230631420354,186.109685705668,"model2_basis",FALSE,FALSE,NA
201,13140,"Goudhaan","goldcrest",2005,1997,"index_100 = eerste analysejaar vanaf eerste positieve jaar",2.32637107132085,2.1841266185027,232.637107132085,"model2_basis",FALSE,FALSE,NA
201,13140,"Goudhaan","goldcrest",2006,1997,"index_100 = eerste analysejaar vanaf eerste positieve jaar",2.02963552215326,1.94533144087413,202.963552215326,"model2_basis",FALSE,FALSE,NA
201,13140,"Goudhaan","goldcrest",2007,1997,"index_100 = eerste analysejaar vanaf eerste positieve jaar",3.03843848337269,2.71996459691302,303.843848337269,"model2_basis",FALSE,FALSE,NA
201,13140,"Goudhaan","goldcrest",2008,1997,"index_100 = eerste analysejaar vanaf eerste positieve jaar",2.83676779110315,2.53720892977083,283.676779110315,"model2_basis",FALSE,FALSE,NA
201,13140,"Goudhaan","goldcrest",2009,1997,"index_100 = eerste analysejaar vanaf eerste positieve jaar",2.24960570665898,2.04499925719491,224.960570665898,"model2_basis",FALSE,FALSE,NA
201,13140,"Goudhaan","goldcrest",2010,1997,"index_100 = eerste analysejaar vanaf eerste positieve jaar",0.0214611044936198,1.02752346313932,2.14611044936198,"model2_basis",FALSE,FALSE,NA
201,13140,"Goudhaan","goldcrest",2011,1997,"index_100 = eerste analysejaar vanaf eerste positieve jaar",0.857867354193055,1.10503422876944,85.7867354193055,"model2_basis",FALSE,FALSE,NA
201,13140,"Goudhaan","goldcrest",2012,1997,"index_100 = eerste analysejaar vanaf eerste positieve jaar",2.84957229028388,2.53520870515177,284.957229028388,"model2_basis",FALSE,FALSE,NA
201,13140,"Goudhaan","goldcrest",2013,1997,"index_100 = eerste analysejaar vanaf eerste positieve jaar",3.74555090498267,3.33866247768326,374.555090498267,"model2_basis",FALSE,FALSE,NA
201,13140,"Goudhaan","goldcrest",2014,1997,"index_100 = eerste analysejaar vanaf eerste positieve jaar",1.88823401620824,1.81888703865857,188.823401620824,"model2_basis",FALSE,FALSE,NA
201,13140,"Goudhaan","goldcrest",2015,1997,"index_100 = eerste analysejaar vanaf eerste positieve jaar",1.89093230889839,1.83524470237314,189.093230889839,"model2_basis",FALSE,FALSE,NA
201,13140,"Goudhaan","goldcrest",2016,1997,"index_100 = eerste analysejaar vanaf eerste positieve jaar",2.60718715125172,2.37102758173278,260.718715125172,"model2_basis",FALSE,FALSE,NA
201,13140,"Goudhaan","goldcrest",2017,1997,"index_100 = eerste analysejaar vanaf eerste positieve jaar",0.695162865304701,1.24617971380588,69.5162865304701,"model2_basis",FALSE,FALSE,NA
201,13140,"Goudhaan","goldcrest",2018,1997,"index_100 = eerste analysejaar vanaf eerste positieve jaar",3.53812661920264,3.19188718192812,353.812661920264,"model2_basis",FALSE,FALSE,NA
201,13140,"Goudhaan","goldcrest",2019,1997,"index_100 = eerste analysejaar vanaf eerste positieve jaar",7.18072877570983,6.15880258932302,718.072877570983,"model2_basis",FALSE,FALSE,NA
201,13140,"Goudhaan","goldcrest",2020,1997,"index_100 = eerste analysejaar vanaf eerste positieve jaar",2.60502898329835,2.48735163812603,260.502898329835,"model2_basis",FALSE,FALSE,NA
201,13140,"Goudhaan","goldcrest",2021,1997,"index_100 = eerste analysejaar vanaf eerste positieve jaar",1.86109685705668,1.98338373626274,186.109685705668,"model2_basis",FALSE,FALSE,NA
201,13140,"Goudhaan","goldcrest",2022,1997,"index_100 = eerste analysejaar vanaf eerste positieve jaar",2.95531702866422,2.77742182242665,295.531702866422,"model2_basis",FALSE,FALSE,NA
203,13350,"Grauwe Vliegenvanger","Spotted Flycatcher",1997,1997,"index_100 = eerste analysejaar vanaf eerste positieve jaar",1,0,100,"model2_basis",FALSE,FALSE,NA
203,13350,"Grauwe Vliegenvanger","Spotted Flycatcher",1998,1997,"index_100 = eerste analysejaar vanaf eerste positieve jaar",0.340877675032923,0.285635018132504,34.0877675032923,"model2_basis",FALSE,FALSE,NA
203,13350,"Grauwe Vliegenvanger","Spotted Flycatcher",1999,1997,"index_100 = eerste analysejaar vanaf eerste positieve jaar",0.666666666666667,0.338459659086283,66.6666666666667,"model2_basis",FALSE,FALSE,NA
203,13350,"Grauwe Vliegenvanger","Spotted Flycatcher",2000,1997,"index_100 = eerste analysejaar vanaf eerste positieve jaar",0.352774698750394,0.30948077265332,35.2774698750394,"model2_basis",FALSE,FALSE,NA
203,13350,"Grauwe Vliegenvanger","Spotted Flycatcher",2001,1997,"index_100 = eerste analysejaar vanaf eerste positieve jaar",0.333333333333333,0.33290191629158,33.3333333333333,"model2_basis",FALSE,FALSE,NA
203,13350,"Grauwe Vliegenvanger","Spotted Flycatcher",2002,1997,"index_100 = eerste analysejaar vanaf eerste positieve jaar",0.666666666666667,0.380516647456865,66.6666666666667,"model2_basis",FALSE,FALSE,NA
203,13350,"Grauwe Vliegenvanger","Spotted Flycatcher",2003,1997,"index_100 = eerste analysejaar vanaf eerste positieve jaar",0.333333333333333,0.366438852805569,33.3333333333333,"model2_basis",FALSE,FALSE,NA
203,13350,"Grauwe Vliegenvanger","Spotted Flycatcher",2004,1997,"index_100 = eerste analysejaar vanaf eerste positieve jaar",0,0.374591779442272,0,"model2_basis",FALSE,FALSE,NA
203,13350,"Grauwe Vliegenvanger","Spotted Flycatcher",2005,1997,"index_100 = eerste analysejaar vanaf eerste positieve jaar",0.333333333333333,0.403807996492706,33.3333333333333,"model2_basis",FALSE,FALSE,NA
203,13350,"Grauwe Vliegenvanger","Spotted Flycatcher",2006,1997,"index_100 = eerste analysejaar vanaf eerste positieve jaar",0.379903628931094,0.409451291457747,37.9903628931094,"model2_basis",FALSE,FALSE,NA
203,13350,"Grauwe Vliegenvanger","Spotted Flycatcher",2007,1997,"index_100 = eerste analysejaar vanaf eerste positieve jaar",0.0826644093151536,0.407474713452082,8.26644093151536,"model2_basis",FALSE,FALSE,NA
203,13350,"Grauwe Vliegenvanger","Spotted Flycatcher",2008,1997,"index_100 = eerste analysejaar vanaf eerste positieve jaar",0.421166948505703,0.44253491015529,42.1166948505703,"model2_basis",FALSE,FALSE,NA
203,13350,"Grauwe Vliegenvanger","Spotted Flycatcher",2009,1997,"index_100 = eerste analysejaar vanaf eerste positieve jaar",0.303485677119365,0.381479524081918,30.3485677119365,"model2_basis",FALSE,FALSE,NA
203,13350,"Grauwe Vliegenvanger","Spotted Flycatcher",2010,1997,"index_100 = eerste analysejaar vanaf eerste positieve jaar",0,0.509277517143722,0,"model2_basis",FALSE,FALSE,NA
203,13350,"Grauwe Vliegenvanger","Spotted Flycatcher",2011,1997,"index_100 = eerste analysejaar vanaf eerste positieve jaar",0.343896591099862,0.433122256258323,34.3896591099862,"model2_basis",FALSE,FALSE,NA
203,13350,"Grauwe Vliegenvanger","Spotted Flycatcher",2012,1997,"index_100 = eerste analysejaar vanaf eerste positieve jaar",0.380972204877214,0.456906559531349,38.0972204877214,"model2_basis",FALSE,FALSE,NA
203,13350,"Grauwe Vliegenvanger","Spotted Flycatcher",2013,1997,"index_100 = eerste analysejaar vanaf eerste positieve jaar",0.422044953760124,0.482519186412862,42.2044953760124,"model2_basis",FALSE,FALSE,NA
203,13350,"Grauwe Vliegenvanger","Spotted Flycatcher",2014,1997,"index_100 = eerste analysejaar vanaf eerste positieve jaar",1.80087910363905,0.67900897340841,180.087910363905,"model2_basis",FALSE,FALSE,NA
203,13350,"Grauwe Vliegenvanger","Spotted Flycatcher",2015,1997,"index_100 = eerste analysejaar vanaf eerste positieve jaar",1.18461871273002,0.605965846194501,118.461871273002,"model2_basis",FALSE,FALSE,NA
203,13350,"Grauwe Vliegenvanger","Spotted Flycatcher",2016,1997,"index_100 = eerste analysejaar vanaf eerste positieve jaar",2.03677319103421,0.73871511886579,203.677319103421,"model2_basis",FALSE,FALSE,NA
203,13350,"Grauwe Vliegenvanger","Spotted Flycatcher",2017,1997,"index_100 = eerste analysejaar vanaf eerste positieve jaar",0.810291196639702,0.730177544126027,81.0291196639702,"model2_basis",FALSE,FALSE,NA
203,13350,"Grauwe Vliegenvanger","Spotted Flycatcher",2018,1997,"index_100 = eerste analysejaar vanaf eerste positieve jaar",3.09598633577082,1.01488501952653,309.598633577082,"model2_basis",FALSE,FALSE,NA
203,13350,"Grauwe Vliegenvanger","Spotted Flycatcher",2019,1997,"index_100 = eerste analysejaar vanaf eerste positieve jaar",3.84487489383244,1.20261457855996,384.487489383244,"model2_basis",FALSE,FALSE,NA
203,13350,"Grauwe Vliegenvanger","Spotted Flycatcher",2020,1997,"index_100 = eerste analysejaar vanaf eerste positieve jaar",2.19526521413392,1.00302897515755,219.526521413392,"model2_basis",FALSE,FALSE,NA
203,13350,"Grauwe Vliegenvanger","Spotted Flycatcher",2021,1997,"index_100 = eerste analysejaar vanaf eerste positieve jaar",1.66666666666667,0.995107218312244,166.666666666667,"model2_basis",FALSE,FALSE,NA
203,13350,"Grauwe Vliegenvanger","Spotted Flycatcher",2022,1997,"index_100 = eerste analysejaar vanaf eerste positieve jaar",2.4128602740085,1.12827832178033,241.28602740085,"model2_basis",FALSE,FALSE,NA
207,14370,"Staartmees","long-tailed tit",1997,1997,"index_100 = eerste analysejaar vanaf eerste positieve jaar",1,0,100,"model3_overdisp",TRUE,FALSE,"Overdispersion 0.7 <1; consider setting overdisp=FALSE"
207,14370,"Staartmees","long-tailed tit",1998,1997,"index_100 = eerste analysejaar vanaf eerste positieve jaar",0.910739359362936,0.166612128294833,91.0739359362936,"model3_overdisp",TRUE,FALSE,"Overdispersion 0.7 <1; consider setting overdisp=FALSE"
207,14370,"Staartmees","long-tailed tit",1999,1997,"index_100 = eerste analysejaar vanaf eerste positieve jaar",1.13333333333333,0.192299731770589,113.333333333333,"model3_overdisp",TRUE,FALSE,"Overdispersion 0.7 <1; consider setting overdisp=FALSE"
207,14370,"Staartmees","long-tailed tit",2000,1997,"index_100 = eerste analysejaar vanaf eerste positieve jaar",1.36613347697629,0.232392718339777,136.613347697629,"model3_overdisp",TRUE,FALSE,"Overdispersion 0.7 <1; consider setting overdisp=FALSE"
207,14370,"Staartmees","long-tailed tit",2001,1997,"index_100 = eerste analysejaar vanaf eerste positieve jaar",1.22222222222222,0.203816490221017,122.222222222222,"model3_overdisp",TRUE,FALSE,"Overdispersion 0.7 <1; consider setting overdisp=FALSE"
207,14370,"Staartmees","long-tailed tit",2002,1997,"index_100 = eerste analysejaar vanaf eerste positieve jaar",1.11111111111111,0.189410817589015,111.111111111111,"model3_overdisp",TRUE,FALSE,"Overdispersion 0.7 <1; consider setting overdisp=FALSE"
207,14370,"Staartmees","long-tailed tit",2003,1997,"index_100 = eerste analysejaar vanaf eerste positieve jaar",1,0.174898258647372,100,"model3_overdisp",TRUE,FALSE,"Overdispersion 0.7 <1; consider setting overdisp=FALSE"
207,14370,"Staartmees","long-tailed tit",2004,1997,"index_100 = eerste analysejaar vanaf eerste positieve jaar",1.02222222222222,0.177810574804483,102.222222222222,"model3_overdisp",TRUE,FALSE,"Overdispersion 0.7 <1; consider setting overdisp=FALSE"
207,14370,"Staartmees","long-tailed tit",2005,1997,"index_100 = eerste analysejaar vanaf eerste positieve jaar",0.844444444444444,0.154343668455518,84.4444444444444,"model3_overdisp",TRUE,FALSE,"Overdispersion 0.7 <1; consider setting overdisp=FALSE"
207,14370,"Staartmees","long-tailed tit",2006,1997,"index_100 = eerste analysejaar vanaf eerste positieve jaar",0.869161984989067,0.157757877176962,86.9161984989067,"model3_overdisp",TRUE,FALSE,"Overdispersion 0.7 <1; consider setting overdisp=FALSE"
207,14370,"Staartmees","long-tailed tit",2007,1997,"index_100 = eerste analysejaar vanaf eerste positieve jaar",0.769144577989668,0.146309941182864,76.9144577989668,"model3_overdisp",TRUE,FALSE,"Overdispersion 0.7 <1; consider setting overdisp=FALSE"
207,14370,"Staartmees","long-tailed tit",2008,1997,"index_100 = eerste analysejaar vanaf eerste positieve jaar",0.782005784011779,0.158358301508397,78.2005784011779,"model3_overdisp",TRUE,FALSE,"Overdispersion 0.7 <1; consider setting overdisp=FALSE"
207,14370,"Staartmees","long-tailed tit",2009,1997,"index_100 = eerste analysejaar vanaf eerste positieve jaar",0.996884994489124,0.18126799155814,99.6884994489124,"model3_overdisp",TRUE,FALSE,"Overdispersion 0.7 <1; consider setting overdisp=FALSE"
207,14370,"Staartmees","long-tailed tit",2010,1997,"index_100 = eerste analysejaar vanaf eerste positieve jaar",1.06363821896889,0.185107198532409,106.363821896889,"model3_overdisp",TRUE,FALSE,"Overdispersion 0.7 <1; consider setting overdisp=FALSE"
207,14370,"Staartmees","long-tailed tit",2011,1997,"index_100 = eerste analysejaar vanaf eerste positieve jaar",0.943451334279685,0.1702258528939,94.3451334279685,"model3_overdisp",TRUE,FALSE,"Overdispersion 0.7 <1; consider setting overdisp=FALSE"
207,14370,"Staartmees","long-tailed tit",2012,1997,"index_100 = eerste analysejaar vanaf eerste positieve jaar",1.09443267408757,0.192788753965395,109.443267408757,"model3_overdisp",TRUE,FALSE,"Overdispersion 0.7 <1; consider setting overdisp=FALSE"
207,14370,"Staartmees","long-tailed tit",2013,1997,"index_100 = eerste analysejaar vanaf eerste positieve jaar",0.791919993375535,0.149362951740054,79.1919993375535,"model3_overdisp",TRUE,FALSE,"Overdispersion 0.7 <1; consider setting overdisp=FALSE"
207,14370,"Staartmees","long-tailed tit",2014,1997,"index_100 = eerste analysejaar vanaf eerste positieve jaar",1.01658386999047,0.182347825265217,101.658386999047,"model3_overdisp",TRUE,FALSE,"Overdispersion 0.7 <1; consider setting overdisp=FALSE"
207,14370,"Staartmees","long-tailed tit",2015,1997,"index_100 = eerste analysejaar vanaf eerste positieve jaar",0.684002217352772,0.135220150752737,68.4002217352772,"model3_overdisp",TRUE,FALSE,"Overdispersion 0.7 <1; consider setting overdisp=FALSE"
207,14370,"Staartmees","long-tailed tit",2016,1997,"index_100 = eerste analysejaar vanaf eerste positieve jaar",0.784834052997819,0.150734903603426,78.4834052997819,"model3_overdisp",TRUE,FALSE,"Overdispersion 0.7 <1; consider setting overdisp=FALSE"
207,14370,"Staartmees","long-tailed tit",2017,1997,"index_100 = eerste analysejaar vanaf eerste positieve jaar",0.922181120635025,0.166321922670161,92.2181120635025,"model3_overdisp",TRUE,FALSE,"Overdispersion 0.7 <1; consider setting overdisp=FALSE"
207,14370,"Staartmees","long-tailed tit",2018,1997,"index_100 = eerste analysejaar vanaf eerste positieve jaar",0.662691914126805,0.141243602315654,66.2691914126805,"model3_overdisp",TRUE,FALSE,"Overdispersion 0.7 <1; consider setting overdisp=FALSE"
207,14370,"Staartmees","long-tailed tit",2019,1997,"index_100 = eerste analysejaar vanaf eerste positieve jaar",0.894640379669727,0.167564578913733,89.4640379669727,"model3_overdisp",TRUE,FALSE,"Overdispersion 0.7 <1; consider setting overdisp=FALSE"
207,14370,"Staartmees","long-tailed tit",2020,1997,"index_100 = eerste analysejaar vanaf eerste positieve jaar",0.672701521008399,0.134431579801486,67.2701521008399,"model3_overdisp",TRUE,FALSE,"Overdispersion 0.7 <1; consider setting overdisp=FALSE"
207,14370,"Staartmees","long-tailed tit",2021,1997,"index_100 = eerste analysejaar vanaf eerste positieve jaar",0.644444444444444,0.12731302367014,64.4444444444444,"model3_overdisp",TRUE,FALSE,"Overdispersion 0.7 <1; consider setting overdisp=FALSE"
207,14370,"Staartmees","long-tailed tit",2022,1997,"index_100 = eerste analysejaar vanaf eerste positieve jaar",0.887375235104545,0.166152920193577,88.7375235104545,"model3_overdisp",TRUE,FALSE,"Overdispersion 0.7 <1; consider setting overdisp=FALSE"
208,14400,"Glanskop","marsh tit",1997,1997,"index_100 = eerste analysejaar vanaf eerste positieve jaar",1,0,100,"model3_overdisp",TRUE,FALSE,"Overdispersion 0.9 <1; consider setting overdisp=FALSE"
208,14400,"Glanskop","marsh tit",1998,1997,"index_100 = eerste analysejaar vanaf eerste positieve jaar",0.669164385599775,0.183275237735362,66.9164385599775,"model3_overdisp",TRUE,FALSE,"Overdispersion 0.9 <1; consider setting overdisp=FALSE"
208,14400,"Glanskop","marsh tit",1999,1997,"index_100 = eerste analysejaar vanaf eerste positieve jaar",0.810030085796666,0.202930689637933,81.0030085796666,"model3_overdisp",TRUE,FALSE,"Overdispersion 0.9 <1; consider setting overdisp=FALSE"
208,14400,"Glanskop","marsh tit",2000,1997,"index_100 = eerste analysejaar vanaf eerste positieve jaar",0.789699325583077,0.210213847043135,78.9699325583077,"model3_overdisp",TRUE,FALSE,"Overdispersion 0.9 <1; consider setting overdisp=FALSE"
208,14400,"Glanskop","marsh tit",2001,1997,"index_100 = eerste analysejaar vanaf eerste positieve jaar",1.11004122868432,0.256594994669123,111.004122868432,"model3_overdisp",TRUE,FALSE,"Overdispersion 0.9 <1; consider setting overdisp=FALSE"
208,14400,"Glanskop","marsh tit",2002,1997,"index_100 = eerste analysejaar vanaf eerste positieve jaar",1.14004234297309,0.261890625793432,114.004234297308,"model3_overdisp",TRUE,FALSE,"Overdispersion 0.9 <1; consider setting overdisp=FALSE"
208,14400,"Glanskop","marsh tit",2003,1997,"index_100 = eerste analysejaar vanaf eerste positieve jaar",0.968592069085425,0.233989286122555,96.8592069085425,"model3_overdisp",TRUE,FALSE,"Overdispersion 0.9 <1; consider setting overdisp=FALSE"
208,14400,"Glanskop","marsh tit",2004,1997,"index_100 = eerste analysejaar vanaf eerste positieve jaar",0.960035657240493,0.229946201212779,96.0035657240493,"model3_overdisp",TRUE,FALSE,"Overdispersion 0.9 <1; consider setting overdisp=FALSE"
208,14400,"Glanskop","marsh tit",2005,1997,"index_100 = eerste analysejaar vanaf eerste positieve jaar",0.7800289715079,0.197470372683323,78.00289715079,"model3_overdisp",TRUE,FALSE,"Overdispersion 0.9 <1; consider setting overdisp=FALSE"
208,14400,"Glanskop","marsh tit",2006,1997,"index_100 = eerste analysejaar vanaf eerste positieve jaar",0.78745437204744,0.204144351785472,78.745437204744,"model3_overdisp",TRUE,FALSE,"Overdispersion 0.9 <1; consider setting overdisp=FALSE"
208,14400,"Glanskop","marsh tit",2007,1997,"index_100 = eerste analysejaar vanaf eerste positieve jaar",0.986454027726664,0.238358374547738,98.6454027726664,"model3_overdisp",TRUE,FALSE,"Overdispersion 0.9 <1; consider setting overdisp=FALSE"
208,14400,"Glanskop","marsh tit",2008,1997,"index_100 = eerste analysejaar vanaf eerste positieve jaar",0.980104056633795,0.258101214296801,98.0104056633795,"model3_overdisp",TRUE,FALSE,"Overdispersion 0.9 <1; consider setting overdisp=FALSE"
208,14400,"Glanskop","marsh tit",2009,1997,"index_100 = eerste analysejaar vanaf eerste positieve jaar",1.42538899430288,0.330893552873517,142.538899430288,"model3_overdisp",TRUE,FALSE,"Overdispersion 0.9 <1; consider setting overdisp=FALSE"
208,14400,"Glanskop","marsh tit",2010,1997,"index_100 = eerste analysejaar vanaf eerste positieve jaar",0.998196578577091,0.239202912065122,99.8196578577091,"model3_overdisp",TRUE,FALSE,"Overdispersion 0.9 <1; consider setting overdisp=FALSE"
208,14400,"Glanskop","marsh tit",2011,1997,"index_100 = eerste analysejaar vanaf eerste positieve jaar",0.8842966095524,0.22427977369443,88.42966095524,"model3_overdisp",TRUE,FALSE,"Overdispersion 0.9 <1; consider setting overdisp=FALSE"
208,14400,"Glanskop","marsh tit",2012,1997,"index_100 = eerste analysejaar vanaf eerste positieve jaar",1.23839843528466,0.288727984378161,123.839843528466,"model3_overdisp",TRUE,FALSE,"Overdispersion 0.9 <1; consider setting overdisp=FALSE"
208,14400,"Glanskop","marsh tit",2013,1997,"index_100 = eerste analysejaar vanaf eerste positieve jaar",1.19556879185261,0.274822318948555,119.556879185261,"model3_overdisp",TRUE,FALSE,"Overdispersion 0.9 <1; consider setting overdisp=FALSE"
208,14400,"Glanskop","marsh tit",2014,1997,"index_100 = eerste analysejaar vanaf eerste positieve jaar",1.22065759490494,0.288806417328205,122.065759490494,"model3_overdisp",TRUE,FALSE,"Overdispersion 0.9 <1; consider setting overdisp=FALSE"
208,14400,"Glanskop","marsh tit",2015,1997,"index_100 = eerste analysejaar vanaf eerste positieve jaar",1.25842209820918,0.29153835471744,125.842209820918,"model3_overdisp",TRUE,FALSE,"Overdispersion 0.9 <1; consider setting overdisp=FALSE"
208,14400,"Glanskop","marsh tit",2016,1997,"index_100 = eerste analysejaar vanaf eerste positieve jaar",0.941699016554659,0.241791099763003,94.1699016554659,"model3_overdisp",TRUE,FALSE,"Overdispersion 0.9 <1; consider setting overdisp=FALSE"
208,14400,"Glanskop","marsh tit",2017,1997,"index_100 = eerste analysejaar vanaf eerste positieve jaar",0.78745437204744,0.204144351785472,78.745437204744,"model3_overdisp",TRUE,FALSE,"Overdispersion 0.9 <1; consider setting overdisp=FALSE"
208,14400,"Glanskop","marsh tit",2018,1997,"index_100 = eerste analysejaar vanaf eerste positieve jaar",1.01502484089022,0.247529889494307,101.502484089022,"model3_overdisp",TRUE,FALSE,"Overdispersion 0.9 <1; consider setting overdisp=FALSE"
208,14400,"Glanskop","marsh tit",2019,1997,"index_100 = eerste analysejaar vanaf eerste positieve jaar",1.07867275244542,0.26855501181563,107.867275244542,"model3_overdisp",TRUE,FALSE,"Overdispersion 0.9 <1; consider setting overdisp=FALSE"
208,14400,"Glanskop","marsh tit",2020,1997,"index_100 = eerste analysejaar vanaf eerste positieve jaar",0.513633988874765,0.154577553285707,51.3633988874765,"model3_overdisp",TRUE,FALSE,"Overdispersion 0.9 <1; consider setting overdisp=FALSE"
208,14400,"Glanskop","marsh tit",2021,1997,"index_100 = eerste analysejaar vanaf eerste positieve jaar",0.450016714331481,0.135282724566145,45.0016714331481,"model3_overdisp",TRUE,FALSE,"Overdispersion 0.9 <1; consider setting overdisp=FALSE"
208,14400,"Glanskop","marsh tit",2022,1997,"index_100 = eerste analysejaar vanaf eerste positieve jaar",0.342634042486727,0.119484143292741,34.2634042486727,"model3_overdisp",TRUE,FALSE,"Overdispersion 0.9 <1; consider setting overdisp=FALSE"
209,14420,"Matkop","Willow Tit",1997,1997,"index_100 = eerste analysejaar vanaf eerste positieve jaar",1,0,100,"model2_basis",FALSE,FALSE,"Data ends with 15 years without positive observations."
209,14420,"Matkop","Willow Tit",1998,1997,"index_100 = eerste analysejaar vanaf eerste positieve jaar",0.309816177818473,0.393258492480816,30.9816177818473,"model2_basis",FALSE,FALSE,"Data ends with 15 years without positive observations."
209,14420,"Matkop","Willow Tit",1999,1997,"index_100 = eerste analysejaar vanaf eerste positieve jaar",0.4,0.397621058932471,40,"model2_basis",FALSE,FALSE,"Data ends with 15 years without positive observations."
209,14420,"Matkop","Willow Tit",2000,1997,"index_100 = eerste analysejaar vanaf eerste positieve jaar",0.0910706600798719,0.299516324592107,9.10706600798719,"model2_basis",FALSE,FALSE,"Data ends with 15 years without positive observations."
209,14420,"Matkop","Willow Tit",2001,1997,"index_100 = eerste analysejaar vanaf eerste positieve jaar",0,0.293256947707049,0,"model2_basis",FALSE,FALSE,"Data ends with 15 years without positive observations."
209,14420,"Matkop","Willow Tit",2002,1997,"index_100 = eerste analysejaar vanaf eerste positieve jaar",1.2,0.586344366049137,120,"model2_basis",FALSE,FALSE,"Data ends with 15 years without positive observations."
209,14420,"Matkop","Willow Tit",2003,1997,"index_100 = eerste analysejaar vanaf eerste positieve jaar",1.4,0.655593391984078,140,"model2_basis",FALSE,FALSE,"Data ends with 15 years without positive observations."
209,14420,"Matkop","Willow Tit",2004,1997,"index_100 = eerste analysejaar vanaf eerste positieve jaar",0.2,0.234722411728888,20,"model2_basis",FALSE,FALSE,"Data ends with 15 years without positive observations."
209,14420,"Matkop","Willow Tit",2005,1997,"index_100 = eerste analysejaar vanaf eerste positieve jaar",0.2,0.215795372196652,20,"model2_basis",FALSE,FALSE,"Data ends with 15 years without positive observations."
209,14420,"Matkop","Willow Tit",2006,1997,"index_100 = eerste analysejaar vanaf eerste positieve jaar",0.2,0.198925219437476,20,"model2_basis",FALSE,FALSE,"Data ends with 15 years without positive observations."
209,14420,"Matkop","Willow Tit",2007,1997,"index_100 = eerste analysejaar vanaf eerste positieve jaar",0.217115714841541,0.17921609809701,21.7115714841541,"model2_basis",FALSE,FALSE,"Data ends with 15 years without positive observations."
209,14420,"Matkop","Willow Tit",2008,1997,"index_100 = eerste analysejaar vanaf eerste positieve jaar",0.0198509204420257,0.13432469669597,1.98509204420257,"model2_basis",FALSE,FALSE,"Data ends with 15 years without positive observations."
209,14420,"Matkop","Willow Tit",2009,1997,"index_100 = eerste analysejaar vanaf eerste positieve jaar",0.0124608070624559,0.124383018676389,1.24608070624559,"model2_basis",FALSE,FALSE,"Data ends with 15 years without positive observations."
209,14420,"Matkop","Willow Tit",2010,1997,"index_100 = eerste analysejaar vanaf eerste positieve jaar",0,0.120394943631783,0,"model2_basis",FALSE,FALSE,"Data ends with 15 years without positive observations."
209,14420,"Matkop","Willow Tit",2011,1997,"index_100 = eerste analysejaar vanaf eerste positieve jaar",0,0.10905566762861,0,"model2_basis",FALSE,FALSE,"Data ends with 15 years without positive observations."
209,14420,"Matkop","Willow Tit",2012,1997,"index_100 = eerste analysejaar vanaf eerste positieve jaar",0,0.0987843698676904,0,"model2_basis",FALSE,FALSE,"Data ends with 15 years without positive observations."
209,14420,"Matkop","Willow Tit",2013,1997,"index_100 = eerste analysejaar vanaf eerste positieve jaar",0,0.0894804638983904,0,"model2_basis",FALSE,FALSE,"Data ends with 15 years without positive observations."
209,14420,"Matkop","Willow Tit",2014,1997,"index_100 = eerste analysejaar vanaf eerste positieve jaar",0,0.0810528369031985,0,"model2_basis",FALSE,FALSE,"Data ends with 15 years without positive observations."
209,14420,"Matkop","Willow Tit",2015,1997,"index_100 = eerste analysejaar vanaf eerste positieve jaar",0,0.073418957433173,0,"model2_basis",FALSE,FALSE,"Data ends with 15 years without positive observations."
209,14420,"Matkop","Willow Tit",2016,1997,"index_100 = eerste analysejaar vanaf eerste positieve jaar",0,0.0665040671804215,0,"model2_basis",FALSE,FALSE,"Data ends with 15 years without positive observations."
209,14420,"Matkop","Willow Tit",2017,1997,"index_100 = eerste analysejaar vanaf eerste positieve jaar",0,0.0602404488726732,0,"model2_basis",FALSE,FALSE,"Data ends with 15 years without positive observations."
209,14420,"Matkop","Willow Tit",2018,1997,"index_100 = eerste analysejaar vanaf eerste positieve jaar",0.00210022607981684,0.0508899138486674,0.210022607981684,"model2_basis",FALSE,FALSE,"Data ends with 15 years without positive observations."
209,14420,"Matkop","Willow Tit",2019,1997,"index_100 = eerste analysejaar vanaf eerste positieve jaar",0.00172324105660885,0.0460725160773122,0.172324105660885,"model2_basis",FALSE,FALSE,"Data ends with 15 years without positive observations."
209,14420,"Matkop","Willow Tit",2020,1997,"index_100 = eerste analysejaar vanaf eerste positieve jaar",0,0.0447721735479187,0,"model2_basis",FALSE,FALSE,"Data ends with 15 years without positive observations."
209,14420,"Matkop","Willow Tit",2021,1997,"index_100 = eerste analysejaar vanaf eerste positieve jaar",0,0.0405553516631514,0,"model2_basis",FALSE,FALSE,"Data ends with 15 years without positive observations."
209,14420,"Matkop","Willow Tit",2022,1997,"index_100 = eerste analysejaar vanaf eerste positieve jaar",0.000549491653682278,0.0352913488491324,0.0549491653682278,"model2_basis",FALSE,FALSE,"Data ends with 15 years without positive observations."
210,14540,"Kuifmees","crested tit",1997,1997,"index_100 = eerste analysejaar vanaf eerste positieve jaar",1,0,100,"model3_overdisp",TRUE,FALSE,"Overdispersion 0.6 <1; consider setting overdisp=FALSE"
210,14540,"Kuifmees","crested tit",1998,1997,"index_100 = eerste analysejaar vanaf eerste positieve jaar",0.333333333333333,0.307864758083597,33.3333333333333,"model3_overdisp",TRUE,FALSE,"Overdispersion 0.6 <1; consider setting overdisp=FALSE"
210,14540,"Kuifmees","crested tit",1999,1997,"index_100 = eerste analysejaar vanaf eerste positieve jaar",1,0.653079774387803,100,"model3_overdisp",TRUE,FALSE,"Overdispersion 0.6 <1; consider setting overdisp=FALSE"
210,14540,"Kuifmees","crested tit",2000,1997,"index_100 = eerste analysejaar vanaf eerste positieve jaar",0.411936941272169,0.380817351067724,41.1936941272169,"model3_overdisp",TRUE,FALSE,"Overdispersion 0.6 <1; consider setting overdisp=FALSE"
210,14540,"Kuifmees","crested tit",2001,1997,"index_100 = eerste analysejaar vanaf eerste positieve jaar",1.64774776508868,1.00875347130324,164.774776508868,"model3_overdisp",TRUE,FALSE,"Overdispersion 0.6 <1; consider setting overdisp=FALSE"
210,14540,"Kuifmees","crested tit",2002,1997,"index_100 = eerste analysejaar vanaf eerste positieve jaar",2.66666666666667,1.44401371320953,266.666666666667,"model3_overdisp",TRUE,FALSE,"Overdispersion 0.6 <1; consider setting overdisp=FALSE"
210,14540,"Kuifmees","crested tit",2003,1997,"index_100 = eerste analysejaar vanaf eerste positieve jaar",2,1.13116735063529,200,"model3_overdisp",TRUE,FALSE,"Overdispersion 0.6 <1; consider setting overdisp=FALSE"
210,14540,"Kuifmees","crested tit",2004,1997,"index_100 = eerste analysejaar vanaf eerste positieve jaar",1.66666666666667,0.973553846840902,166.666666666667,"model3_overdisp",TRUE,FALSE,"Overdispersion 0.6 <1; consider setting overdisp=FALSE"
210,14540,"Kuifmees","crested tit",2005,1997,"index_100 = eerste analysejaar vanaf eerste positieve jaar",2.66666666666667,1.44401371320953,266.666666666667,"model3_overdisp",TRUE,FALSE,"Overdispersion 0.6 <1; consider setting overdisp=FALSE"
210,14540,"Kuifmees","crested tit",2006,1997,"index_100 = eerste analysejaar vanaf eerste positieve jaar",3,1.59971220858208,300,"model3_overdisp",TRUE,FALSE,"Overdispersion 0.6 <1; consider setting overdisp=FALSE"
210,14540,"Kuifmees","crested tit",2007,1997,"index_100 = eerste analysejaar vanaf eerste positieve jaar",2.33333333333333,1.28789068333565,233.333333333333,"model3_overdisp",TRUE,FALSE,"Overdispersion 0.6 <1; consider setting overdisp=FALSE"
210,14540,"Kuifmees","crested tit",2008,1997,"index_100 = eerste analysejaar vanaf eerste positieve jaar",1.23581082381651,0.808587433619524,123.581082381651,"model3_overdisp",TRUE,FALSE,"Overdispersion 0.6 <1; consider setting overdisp=FALSE"
210,14540,"Kuifmees","crested tit",2009,1997,"index_100 = eerste analysejaar vanaf eerste positieve jaar",2.61735027142832,1.53897494238015,261.735027142831,"model3_overdisp",TRUE,FALSE,"Overdispersion 0.6 <1; consider setting overdisp=FALSE"
210,14540,"Kuifmees","crested tit",2010,1997,"index_100 = eerste analysejaar vanaf eerste positieve jaar",0.355296536217119,0.32823453485645,35.5296536217119,"model3_overdisp",TRUE,FALSE,"Overdispersion 0.6 <1; consider setting overdisp=FALSE"
210,14540,"Kuifmees","crested tit",2011,1997,"index_100 = eerste analysejaar vanaf eerste positieve jaar",1.04694010857133,0.767673999536044,104.694010857133,"model3_overdisp",TRUE,FALSE,"Overdispersion 0.6 <1; consider setting overdisp=FALSE"
210,14540,"Kuifmees","crested tit",2012,1997,"index_100 = eerste analysejaar vanaf eerste positieve jaar",1.04694010857133,0.767673999536044,104.694010857133,"model3_overdisp",TRUE,FALSE,"Overdispersion 0.6 <1; consider setting overdisp=FALSE"
210,14540,"Kuifmees","crested tit",2013,1997,"index_100 = eerste analysejaar vanaf eerste positieve jaar",1.7764826810856,1.03837031945743,177.64826810856,"model3_overdisp",TRUE,FALSE,"Overdispersion 0.6 <1; consider setting overdisp=FALSE"
210,14540,"Kuifmees","crested tit",2014,1997,"index_100 = eerste analysejaar vanaf eerste positieve jaar",0.579750701017589,0.537200509873123,57.9750701017589,"model3_overdisp",TRUE,FALSE,"Overdispersion 0.6 <1; consider setting overdisp=FALSE"
210,14540,"Kuifmees","crested tit",2015,1997,"index_100 = eerste analysejaar vanaf eerste positieve jaar",0.523470054285663,0.484753533414158,52.3470054285663,"model3_overdisp",TRUE,FALSE,"Overdispersion 0.6 <1; consider setting overdisp=FALSE"
210,14540,"Kuifmees","crested tit",2016,1997,"index_100 = eerste analysejaar vanaf eerste positieve jaar",0.523470054285663,0.484753533414158,52.3470054285663,"model3_overdisp",TRUE,FALSE,"Overdispersion 0.6 <1; consider setting overdisp=FALSE"
210,14540,"Kuifmees","crested tit",2017,1997,"index_100 = eerste analysejaar vanaf eerste positieve jaar",1.33333333333333,0.81453358733026,133.333333333333,"model3_overdisp",TRUE,FALSE,"Overdispersion 0.6 <1; consider setting overdisp=FALSE"
210,14540,"Kuifmees","crested tit",2018,1997,"index_100 = eerste analysejaar vanaf eerste positieve jaar",1.04694010857133,0.767673999536044,104.694010857133,"model3_overdisp",TRUE,FALSE,"Overdispersion 0.6 <1; consider setting overdisp=FALSE"
210,14540,"Kuifmees","crested tit",2019,1997,"index_100 = eerste analysejaar vanaf eerste positieve jaar",1.57041016285699,1.03102480291139,157.041016285699,"model3_overdisp",TRUE,FALSE,"Overdispersion 0.6 <1; consider setting overdisp=FALSE"
210,14540,"Kuifmees","crested tit",2020,1997,"index_100 = eerste analysejaar vanaf eerste positieve jaar",1.42118614486848,0.86871494868599,142.118614486848,"model3_overdisp",TRUE,FALSE,"Overdispersion 0.6 <1; consider setting overdisp=FALSE"
210,14540,"Kuifmees","crested tit",2021,1997,"index_100 = eerste analysejaar vanaf eerste positieve jaar",1,0.653079774387803,100,"model3_overdisp",TRUE,FALSE,"Overdispersion 0.6 <1; consider setting overdisp=FALSE"
210,14540,"Kuifmees","crested tit",2022,1997,"index_100 = eerste analysejaar vanaf eerste positieve jaar",1.68278355447766,0.983053767048982,168.278355447766,"model3_overdisp",TRUE,FALSE,"Overdispersion 0.6 <1; consider setting overdisp=FALSE"
212,14610,"Zwarte Mees","coal tit",1997,1997,"index_100 = eerste analysejaar vanaf eerste positieve jaar",1,0,100,"model2_basis",FALSE,FALSE,"Data ends with 2 years without positive observations."
212,14610,"Zwarte Mees","coal tit",1998,1997,"index_100 = eerste analysejaar vanaf eerste positieve jaar",1.03597130550031,1.20361062987263,103.597130550031,"model2_basis",FALSE,FALSE,"Data ends with 2 years without positive observations."
212,14610,"Zwarte Mees","coal tit",1999,1997,"index_100 = eerste analysejaar vanaf eerste positieve jaar",0,0.816166780103884,0,"model2_basis",FALSE,FALSE,"Data ends with 2 years without positive observations."
212,14610,"Zwarte Mees","coal tit",2000,1997,"index_100 = eerste analysejaar vanaf eerste positieve jaar",0.0335231986330661,0.791674924329216,3.35231986330661,"model2_basis",FALSE,FALSE,"Data ends with 2 years without positive observations."
212,14610,"Zwarte Mees","coal tit",2001,1997,"index_100 = eerste analysejaar vanaf eerste positieve jaar",1.0321918547955,1.16818211918284,103.21918547955,"model2_basis",FALSE,FALSE,"Data ends with 2 years without positive observations."
212,14610,"Zwarte Mees","coal tit",2002,1997,"index_100 = eerste analysejaar vanaf eerste positieve jaar",3.53091338408718,3.09276276156943,353.091338408718,"model2_basis",FALSE,FALSE,"Data ends with 2 years without positive observations."
212,14610,"Zwarte Mees","coal tit",2003,1997,"index_100 = eerste analysejaar vanaf eerste positieve jaar",2.5,2.2541582834752,250,"model2_basis",FALSE,FALSE,"Data ends with 2 years without positive observations."
212,14610,"Zwarte Mees","coal tit",2004,1997,"index_100 = eerste analysejaar vanaf eerste positieve jaar",1,1.12530753734166,100,"model2_basis",FALSE,FALSE,"Data ends with 2 years without positive observations."
212,14610,"Zwarte Mees","coal tit",2005,1997,"index_100 = eerste analysejaar vanaf eerste positieve jaar",1.5,1.46549336590055,150,"model2_basis",FALSE,FALSE,"Data ends with 2 years without positive observations."
212,14610,"Zwarte Mees","coal tit",2006,1997,"index_100 = eerste analysejaar vanaf eerste positieve jaar",1.5,1.45839849328373,150,"model2_basis",FALSE,FALSE,"Data ends with 2 years without positive observations."
212,14610,"Zwarte Mees","coal tit",2007,1997,"index_100 = eerste analysejaar vanaf eerste positieve jaar",1,1.09729169364907,100,"model2_basis",FALSE,FALSE,"Data ends with 2 years without positive observations."
212,14610,"Zwarte Mees","coal tit",2008,1997,"index_100 = eerste analysejaar vanaf eerste positieve jaar",1.54822717549988,1.47163748332939,154.822717549988,"model2_basis",FALSE,FALSE,"Data ends with 2 years without positive observations."
212,14610,"Zwarte Mees","coal tit",2009,1997,"index_100 = eerste analysejaar vanaf eerste positieve jaar",0.870445323741593,0.898214616279821,87.0445323741593,"model2_basis",FALSE,FALSE,"Data ends with 2 years without positive observations."
212,14610,"Zwarte Mees","coal tit",2010,1997,"index_100 = eerste analysejaar vanaf eerste positieve jaar",0.0421377994498989,0.63881388458989,4.21377994498989,"model2_basis",FALSE,FALSE,"Data ends with 2 years without positive observations."
212,14610,"Zwarte Mees","coal tit",2011,1997,"index_100 = eerste analysejaar vanaf eerste positieve jaar",0.320365352682234,0.578908173182581,32.0365352682234,"model2_basis",FALSE,FALSE,"Data ends with 2 years without positive observations."
212,14610,"Zwarte Mees","coal tit",2012,1997,"index_100 = eerste analysejaar vanaf eerste positieve jaar",0.807642329359478,0.851731493022446,80.7642329359478,"model2_basis",FALSE,FALSE,"Data ends with 2 years without positive observations."
212,14610,"Zwarte Mees","coal tit",2013,1997,"index_100 = eerste analysejaar vanaf eerste positieve jaar",0.537314145536949,0.754875390006781,53.7314145536949,"model2_basis",FALSE,FALSE,"Data ends with 2 years without positive observations."
212,14610,"Zwarte Mees","coal tit",2014,1997,"index_100 = eerste analysejaar vanaf eerste positieve jaar",0.819524313928169,0.844539987745033,81.9524313928169,"model2_basis",FALSE,FALSE,"Data ends with 2 years without positive observations."
212,14610,"Zwarte Mees","coal tit",2015,1997,"index_100 = eerste analysejaar vanaf eerste positieve jaar",0.272425489724359,0.534646475166393,27.2425489724359,"model2_basis",FALSE,FALSE,"Data ends with 2 years without positive observations."
212,14610,"Zwarte Mees","coal tit",2016,1997,"index_100 = eerste analysejaar vanaf eerste positieve jaar",1.26160635516297,1.17897526558434,126.160635516297,"model2_basis",FALSE,FALSE,"Data ends with 2 years without positive observations."
212,14610,"Zwarte Mees","coal tit",2017,1997,"index_100 = eerste analysejaar vanaf eerste positieve jaar",0.5,0.708368184871913,50,"model2_basis",FALSE,FALSE,"Data ends with 2 years without positive observations."
212,14610,"Zwarte Mees","coal tit",2018,1997,"index_100 = eerste analysejaar vanaf eerste positieve jaar",0.757234410818094,0.794235800473209,75.7234410818094,"model2_basis",FALSE,FALSE,"Data ends with 2 years without positive observations."
212,14610,"Zwarte Mees","coal tit",2019,1997,"index_100 = eerste analysejaar vanaf eerste positieve jaar",1.24701857636267,1.16048992564491,124.701857636267,"model2_basis",FALSE,FALSE,"Data ends with 2 years without positive observations."
212,14610,"Zwarte Mees","coal tit",2020,1997,"index_100 = eerste analysejaar vanaf eerste positieve jaar",0.528098125591216,0.690329136685508,52.8098125591216,"model2_basis",FALSE,FALSE,"Data ends with 2 years without positive observations."
212,14610,"Zwarte Mees","coal tit",2021,1997,"index_100 = eerste analysejaar vanaf eerste positieve jaar",0.0269822336752215,0.513366805932619,2.69822336752215,"model2_basis",FALSE,FALSE,"Data ends with 2 years without positive observations."
212,14610,"Zwarte Mees","coal tit",2022,1997,"index_100 = eerste analysejaar vanaf eerste positieve jaar",0.0226401942059806,0.504177865308375,2.26401942059806,"model2_basis",FALSE,FALSE,"Data ends with 2 years without positive observations."
213,14620,"Pimpelmees","blue tit",1997,1997,"index_100 = eerste analysejaar vanaf eerste positieve jaar",1,0,100,"model3_overdisp",TRUE,FALSE,"Overdispersion 1.0 <1; consider setting overdisp=FALSE"
213,14620,"Pimpelmees","blue tit",1998,1997,"index_100 = eerste analysejaar vanaf eerste positieve jaar",0.919762100999508,0.114538779594264,91.9762100999508,"model3_overdisp",TRUE,FALSE,"Overdispersion 1.0 <1; consider setting overdisp=FALSE"
213,14620,"Pimpelmees","blue tit",1999,1997,"index_100 = eerste analysejaar vanaf eerste positieve jaar",0.963235294117647,0.116367994043482,96.3235294117647,"model3_overdisp",TRUE,FALSE,"Overdispersion 1.0 <1; consider setting overdisp=FALSE"
213,14620,"Pimpelmees","blue tit",2000,1997,"index_100 = eerste analysejaar vanaf eerste positieve jaar",0.955996586601076,0.127867943734874,95.5996586601076,"model3_overdisp",TRUE,FALSE,"Overdispersion 1.0 <1; consider setting overdisp=FALSE"
213,14620,"Pimpelmees","blue tit",2001,1997,"index_100 = eerste analysejaar vanaf eerste positieve jaar",1.07352941176471,0.126253449145646,107.352941176471,"model3_overdisp",TRUE,FALSE,"Overdispersion 1.0 <1; consider setting overdisp=FALSE"
213,14620,"Pimpelmees","blue tit",2002,1997,"index_100 = eerste analysejaar vanaf eerste positieve jaar",1.00735294117647,0.120332759617418,100.735294117647,"model3_overdisp",TRUE,FALSE,"Overdispersion 1.0 <1; consider setting overdisp=FALSE"
213,14620,"Pimpelmees","blue tit",2003,1997,"index_100 = eerste analysejaar vanaf eerste positieve jaar",0.985294117647059,0.118352258724111,98.5294117647059,"model3_overdisp",TRUE,FALSE,"Overdispersion 1.0 <1; consider setting overdisp=FALSE"
213,14620,"Pimpelmees","blue tit",2004,1997,"index_100 = eerste analysejaar vanaf eerste positieve jaar",0.99264705882353,0.119012834600762,99.2647058823529,"model3_overdisp",TRUE,FALSE,"Overdispersion 1.0 <1; consider setting overdisp=FALSE"
213,14620,"Pimpelmees","blue tit",2005,1997,"index_100 = eerste analysejaar vanaf eerste positieve jaar",1.04411764705882,0.123625721617012,104.411764705882,"model3_overdisp",TRUE,FALSE,"Overdispersion 1.0 <1; consider setting overdisp=FALSE"
213,14620,"Pimpelmees","blue tit",2006,1997,"index_100 = eerste analysejaar vanaf eerste positieve jaar",0.916265545441175,0.112279306827718,91.6265545441175,"model3_overdisp",TRUE,FALSE,"Overdispersion 1.0 <1; consider setting overdisp=FALSE"
213,14620,"Pimpelmees","blue tit",2007,1997,"index_100 = eerste analysejaar vanaf eerste positieve jaar",1.07199821147367,0.127903617378229,107.199821147367,"model3_overdisp",TRUE,FALSE,"Overdispersion 1.0 <1; consider setting overdisp=FALSE"
213,14620,"Pimpelmees","blue tit",2008,1997,"index_100 = eerste analysejaar vanaf eerste positieve jaar",0.932017284522554,0.124178986519676,93.2017284522554,"model3_overdisp",TRUE,FALSE,"Overdispersion 1.0 <1; consider setting overdisp=FALSE"
213,14620,"Pimpelmees","blue tit",2009,1997,"index_100 = eerste analysejaar vanaf eerste positieve jaar",0.892322533765112,0.116280908596199,89.2322533765112,"model3_overdisp",TRUE,FALSE,"Overdispersion 1.0 <1; consider setting overdisp=FALSE"
213,14620,"Pimpelmees","blue tit",2010,1997,"index_100 = eerste analysejaar vanaf eerste positieve jaar",1.11469907951661,0.131854678282823,111.469907951661,"model3_overdisp",TRUE,FALSE,"Overdispersion 1.0 <1; consider setting overdisp=FALSE"
213,14620,"Pimpelmees","blue tit",2011,1997,"index_100 = eerste analysejaar vanaf eerste positieve jaar",0.819127574647335,0.106960399193732,81.9127574647335,"model3_overdisp",TRUE,FALSE,"Overdispersion 1.0 <1; consider setting overdisp=FALSE"
213,14620,"Pimpelmees","blue tit",2012,1997,"index_100 = eerste analysejaar vanaf eerste positieve jaar",1.09787505453488,0.133441043197302,109.787505453488,"model3_overdisp",TRUE,FALSE,"Overdispersion 1.0 <1; consider setting overdisp=FALSE"
213,14620,"Pimpelmees","blue tit",2013,1997,"index_100 = eerste analysejaar vanaf eerste positieve jaar",0.92052963047942,0.114636139097547,92.052963047942,"model3_overdisp",TRUE,FALSE,"Overdispersion 1.0 <1; consider setting overdisp=FALSE"
213,14620,"Pimpelmees","blue tit",2014,1997,"index_100 = eerste analysejaar vanaf eerste positieve jaar",1.16111821355203,0.140944405253464,116.111821355203,"model3_overdisp",TRUE,FALSE,"Overdispersion 1.0 <1; consider setting overdisp=FALSE"
213,14620,"Pimpelmees","blue tit",2015,1997,"index_100 = eerste analysejaar vanaf eerste positieve jaar",1.00942994047449,0.124435313871119,100.942994047449,"model3_overdisp",TRUE,FALSE,"Overdispersion 1.0 <1; consider setting overdisp=FALSE"
213,14620,"Pimpelmees","blue tit",2016,1997,"index_100 = eerste analysejaar vanaf eerste positieve jaar",0.871736021850073,0.11497000715658,87.1736021850074,"model3_overdisp",TRUE,FALSE,"Overdispersion 1.0 <1; consider setting overdisp=FALSE"
213,14620,"Pimpelmees","blue tit",2017,1997,"index_100 = eerste analysejaar vanaf eerste positieve jaar",0.838224396873711,0.107556516075515,83.8224396873711,"model3_overdisp",TRUE,FALSE,"Overdispersion 1.0 <1; consider setting overdisp=FALSE"
213,14620,"Pimpelmees","blue tit",2018,1997,"index_100 = eerste analysejaar vanaf eerste positieve jaar",0.855900151261758,0.109544759017443,85.5900151261758,"model3_overdisp",TRUE,FALSE,"Overdispersion 1.0 <1; consider setting overdisp=FALSE"
213,14620,"Pimpelmees","blue tit",2019,1997,"index_100 = eerste analysejaar vanaf eerste positieve jaar",0.951511829135793,0.119156074097026,95.1511829135793,"model3_overdisp",TRUE,FALSE,"Overdispersion 1.0 <1; consider setting overdisp=FALSE"
213,14620,"Pimpelmees","blue tit",2020,1997,"index_100 = eerste analysejaar vanaf eerste positieve jaar",0.799656115951359,0.106009194873201,79.9656115951359,"model3_overdisp",TRUE,FALSE,"Overdispersion 1.0 <1; consider setting overdisp=FALSE"
213,14620,"Pimpelmees","blue tit",2021,1997,"index_100 = eerste analysejaar vanaf eerste positieve jaar",0.808823529411765,0.102354317232439,80.8823529411765,"model3_overdisp",TRUE,FALSE,"Overdispersion 1.0 <1; consider setting overdisp=FALSE"
213,14620,"Pimpelmees","blue tit",2022,1997,"index_100 = eerste analysejaar vanaf eerste positieve jaar",0.863281703760828,0.110798750054407,86.3281703760828,"model3_overdisp",TRUE,FALSE,"Overdispersion 1.0 <1; consider setting overdisp=FALSE"
214,14640,"Koolmees","great tit",1997,1997,"index_100 = eerste analysejaar vanaf eerste positieve jaar",1,0,100,"model3_overdisp",TRUE,FALSE,NA
214,14640,"Koolmees","great tit",1998,1997,"index_100 = eerste analysejaar vanaf eerste positieve jaar",0.891051978756069,0.0855098702938438,89.1051978756069,"model3_overdisp",TRUE,FALSE,NA
214,14640,"Koolmees","great tit",1999,1997,"index_100 = eerste analysejaar vanaf eerste positieve jaar",0.879858657243816,0.0833576920448472,87.9858657243816,"model3_overdisp",TRUE,FALSE,NA
214,14640,"Koolmees","great tit",2000,1997,"index_100 = eerste analysejaar vanaf eerste positieve jaar",0.849654641731761,0.0853702383498507,84.9654641731761,"model3_overdisp",TRUE,FALSE,NA
214,14640,"Koolmees","great tit",2001,1997,"index_100 = eerste analysejaar vanaf eerste positieve jaar",0.855123674911661,0.0816352123257685,85.5123674911661,"model3_overdisp",TRUE,FALSE,NA
214,14640,"Koolmees","great tit",2002,1997,"index_100 = eerste analysejaar vanaf eerste positieve jaar",0.787985865724382,0.0769339236084777,78.7985865724382,"model3_overdisp",TRUE,FALSE,NA
214,14640,"Koolmees","great tit",2003,1997,"index_100 = eerste analysejaar vanaf eerste positieve jaar",0.823321554770318,0.0794132560937807,82.3321554770318,"model3_overdisp",TRUE,FALSE,NA
214,14640,"Koolmees","great tit",2004,1997,"index_100 = eerste analysejaar vanaf eerste positieve jaar",0.826855123674912,0.0796605668064995,82.6855123674912,"model3_overdisp",TRUE,FALSE,NA
214,14640,"Koolmees","great tit",2005,1997,"index_100 = eerste analysejaar vanaf eerste positieve jaar",0.752650176678445,0.0744424798282415,75.2650176678445,"model3_overdisp",TRUE,FALSE,NA
214,14640,"Koolmees","great tit",2006,1997,"index_100 = eerste analysejaar vanaf eerste positieve jaar",0.776278660884123,0.0768032927145311,77.6278660884123,"model3_overdisp",TRUE,FALSE,NA
214,14640,"Koolmees","great tit",2007,1997,"index_100 = eerste analysejaar vanaf eerste positieve jaar",0.913103758806919,0.0869353852321643,91.3103758806919,"model3_overdisp",TRUE,FALSE,NA
214,14640,"Koolmees","great tit",2008,1997,"index_100 = eerste analysejaar vanaf eerste positieve jaar",0.83302902442825,0.0873234128039025,83.302902442825,"model3_overdisp",TRUE,FALSE,NA
214,14640,"Koolmees","great tit",2009,1997,"index_100 = eerste analysejaar vanaf eerste positieve jaar",0.660224032783383,0.071476073774672,66.0224032783383,"model3_overdisp",TRUE,FALSE,NA
214,14640,"Koolmees","great tit",2010,1997,"index_100 = eerste analysejaar vanaf eerste positieve jaar",0.94859175872571,0.0893648248070642,94.859175872571,"model3_overdisp",TRUE,FALSE,NA
214,14640,"Koolmees","great tit",2011,1997,"index_100 = eerste analysejaar vanaf eerste positieve jaar",0.837464418334533,0.0827235996589853,83.7464418334533,"model3_overdisp",TRUE,FALSE,NA
214,14640,"Koolmees","great tit",2012,1997,"index_100 = eerste analysejaar vanaf eerste positieve jaar",0.856988068458944,0.0849088053789445,85.6988068458944,"model3_overdisp",TRUE,FALSE,NA
214,14640,"Koolmees","great tit",2013,1997,"index_100 = eerste analysejaar vanaf eerste positieve jaar",0.985109238772464,0.0920684869416887,98.5109238772464,"model3_overdisp",TRUE,FALSE,NA
214,14640,"Koolmees","great tit",2014,1997,"index_100 = eerste analysejaar vanaf eerste positieve jaar",1.00954374856472,0.0964947718916003,100.954374856472,"model3_overdisp",TRUE,FALSE,NA
214,14640,"Koolmees","great tit",2015,1997,"index_100 = eerste analysejaar vanaf eerste positieve jaar",0.91536808515635,0.0882113210390903,91.536808515635,"model3_overdisp",TRUE,FALSE,NA
214,14640,"Koolmees","great tit",2016,1997,"index_100 = eerste analysejaar vanaf eerste positieve jaar",0.976242271051412,0.0952228232306098,97.6242271051412,"model3_overdisp",TRUE,FALSE,NA
214,14640,"Koolmees","great tit",2017,1997,"index_100 = eerste analysejaar vanaf eerste positieve jaar",0.896138734711409,0.0867424183265155,89.6138734711409,"model3_overdisp",TRUE,FALSE,NA
214,14640,"Koolmees","great tit",2018,1997,"index_100 = eerste analysejaar vanaf eerste positieve jaar",0.845829017431762,0.0830871964954698,84.5829017431762,"model3_overdisp",TRUE,FALSE,NA
214,14640,"Koolmees","great tit",2019,1997,"index_100 = eerste analysejaar vanaf eerste positieve jaar",1.01664285202471,0.0952754274933737,101.664285202471,"model3_overdisp",TRUE,FALSE,NA
214,14640,"Koolmees","great tit",2020,1997,"index_100 = eerste analysejaar vanaf eerste positieve jaar",0.829255044685183,0.0834314372189628,82.9255044685183,"model3_overdisp",TRUE,FALSE,NA
214,14640,"Koolmees","great tit",2021,1997,"index_100 = eerste analysejaar vanaf eerste positieve jaar",0.812720848056537,0.0786706597940779,81.2720848056537,"model3_overdisp",TRUE,FALSE,NA
214,14640,"Koolmees","great tit",2022,1997,"index_100 = eerste analysejaar vanaf eerste positieve jaar",0.82219452411816,0.0820932645561105,82.219452411816,"model3_overdisp",TRUE,FALSE,NA
215,14790,"Boomklever","nuthatch",1997,1997,"index_100 = eerste analysejaar vanaf eerste positieve jaar",1,0,100,"model3_overdisp",TRUE,FALSE,"Overdispersion 0.8 <1; consider setting overdisp=FALSE"
215,14790,"Boomklever","nuthatch",1998,1997,"index_100 = eerste analysejaar vanaf eerste positieve jaar",3,3.16941001904314,300,"model3_overdisp",TRUE,FALSE,"Overdispersion 0.8 <1; consider setting overdisp=FALSE"
215,14790,"Boomklever","nuthatch",1999,1997,"index_100 = eerste analysejaar vanaf eerste positieve jaar",2,2.24111131682599,200,"model3_overdisp",TRUE,FALSE,"Overdispersion 0.8 <1; consider setting overdisp=FALSE"
215,14790,"Boomklever","nuthatch",2000,1997,"index_100 = eerste analysejaar vanaf eerste positieve jaar",3.83337076599671,4.0545497765897,383.337076599671,"model3_overdisp",TRUE,FALSE,"Overdispersion 0.8 <1; consider setting overdisp=FALSE"
215,14790,"Boomklever","nuthatch",2001,1997,"index_100 = eerste analysejaar vanaf eerste positieve jaar",4,4.09169074035234,400,"model3_overdisp",TRUE,FALSE,"Overdispersion 0.8 <1; consider setting overdisp=FALSE"
215,14790,"Boomklever","nuthatch",2002,1997,"index_100 = eerste analysejaar vanaf eerste positieve jaar",5,5.01127724956698,500,"model3_overdisp",TRUE,FALSE,"Overdispersion 0.8 <1; consider setting overdisp=FALSE"
215,14790,"Boomklever","nuthatch",2003,1997,"index_100 = eerste analysejaar vanaf eerste positieve jaar",4.03473322669139,4.12734462054354,403.473322669139,"model3_overdisp",TRUE,FALSE,"Overdispersion 0.8 <1; consider setting overdisp=FALSE"
215,14790,"Boomklever","nuthatch",2004,1997,"index_100 = eerste analysejaar vanaf eerste positieve jaar",3,3.16941001904314,300,"model3_overdisp",TRUE,FALSE,"Overdispersion 0.8 <1; consider setting overdisp=FALSE"
215,14790,"Boomklever","nuthatch",2005,1997,"index_100 = eerste analysejaar vanaf eerste positieve jaar",4,4.09169074035234,400,"model3_overdisp",TRUE,FALSE,"Overdispersion 0.8 <1; consider setting overdisp=FALSE"
215,14790,"Boomklever","nuthatch",2006,1997,"index_100 = eerste analysejaar vanaf eerste positieve jaar",5.27477543129974,5.28800524252922,527.477543129974,"model3_overdisp",TRUE,FALSE,"Overdispersion 0.8 <1; consider setting overdisp=FALSE"
215,14790,"Boomklever","nuthatch",2007,1997,"index_100 = eerste analysejaar vanaf eerste positieve jaar",3.16486525877984,3.34434388365845,316.486525877984,"model3_overdisp",TRUE,FALSE,"Overdispersion 0.8 <1; consider setting overdisp=FALSE"
215,14790,"Boomklever","nuthatch",2008,1997,"index_100 = eerste analysejaar vanaf eerste positieve jaar",1.36890907781427,1.7732370136683,136.890907781427,"model3_overdisp",TRUE,FALSE,"Overdispersion 0.8 <1; consider setting overdisp=FALSE"
215,14790,"Boomklever","nuthatch",2009,1997,"index_100 = eerste analysejaar vanaf eerste positieve jaar",3.2115285396954,4.18473371475734,321.15285396954,"model3_overdisp",TRUE,FALSE,"Overdispersion 0.8 <1; consider setting overdisp=FALSE"
215,14790,"Boomklever","nuthatch",2010,1997,"index_100 = eerste analysejaar vanaf eerste positieve jaar",4,4.09169074035234,400,"model3_overdisp",TRUE,FALSE,"Overdispersion 0.8 <1; consider setting overdisp=FALSE"
215,14790,"Boomklever","nuthatch",2011,1997,"index_100 = eerste analysejaar vanaf eerste positieve jaar",3.2115285396954,4.18473371475733,321.15285396954,"model3_overdisp",TRUE,FALSE,"Overdispersion 0.8 <1; consider setting overdisp=FALSE"
215,14790,"Boomklever","nuthatch",2012,1997,"index_100 = eerste analysejaar vanaf eerste positieve jaar",6.42305707939079,7.26501866912777,642.305707939079,"model3_overdisp",TRUE,FALSE,"Overdispersion 0.8 <1; consider setting overdisp=FALSE"
215,14790,"Boomklever","nuthatch",2013,1997,"index_100 = eerste analysejaar vanaf eerste positieve jaar",2,2.24111131682599,200,"model3_overdisp",TRUE,FALSE,"Overdispersion 0.8 <1; consider setting overdisp=FALSE"
215,14790,"Boomklever","nuthatch",2014,1997,"index_100 = eerste analysejaar vanaf eerste positieve jaar",3.2115285396954,4.18473371475733,321.15285396954,"model3_overdisp",TRUE,FALSE,"Overdispersion 0.8 <1; consider setting overdisp=FALSE"
215,14790,"Boomklever","nuthatch",2015,1997,"index_100 = eerste analysejaar vanaf eerste positieve jaar",3.2115285396954,4.18473371475733,321.15285396954,"model3_overdisp",TRUE,FALSE,"Overdispersion 0.8 <1; consider setting overdisp=FALSE"
215,14790,"Boomklever","nuthatch",2016,1997,"index_100 = eerste analysejaar vanaf eerste positieve jaar",3.85674713153594,5.03175690473692,385.674713153594,"model3_overdisp",TRUE,FALSE,"Overdispersion 0.8 <1; consider setting overdisp=FALSE"
215,14790,"Boomklever","nuthatch",2017,1997,"index_100 = eerste analysejaar vanaf eerste positieve jaar",2.1099101725199,2.36474863847311,210.99101725199,"model3_overdisp",TRUE,FALSE,"Overdispersion 0.8 <1; consider setting overdisp=FALSE"
215,14790,"Boomklever","nuthatch",2018,1997,"index_100 = eerste analysejaar vanaf eerste positieve jaar",6,5.92942320473406,600,"model3_overdisp",TRUE,FALSE,"Overdispersion 0.8 <1; consider setting overdisp=FALSE"
215,14790,"Boomklever","nuthatch",2019,1997,"index_100 = eerste analysejaar vanaf eerste positieve jaar",12.8461141587816,13.2886044214295,1284.61141587816,"model3_overdisp",TRUE,FALSE,"Overdispersion 0.8 <1; consider setting overdisp=FALSE"
215,14790,"Boomklever","nuthatch",2020,1997,"index_100 = eerste analysejaar vanaf eerste positieve jaar",8.43964069007959,8.19228013018422,843.964069007959,"model3_overdisp",TRUE,FALSE,"Overdispersion 0.8 <1; consider setting overdisp=FALSE"
215,14790,"Boomklever","nuthatch",2021,1997,"index_100 = eerste analysejaar vanaf eerste positieve jaar",11,10.5117438399593,1100,"model3_overdisp",TRUE,FALSE,"Overdispersion 0.8 <1; consider setting overdisp=FALSE"
215,14790,"Boomklever","nuthatch",2022,1997,"index_100 = eerste analysejaar vanaf eerste positieve jaar",11,10.5117438399593,1100,"model3_overdisp",TRUE,FALSE,"Overdispersion 0.8 <1; consider setting overdisp=FALSE"
217,14870,"Boomkruiper","short-toed treecreeper",1997,1997,"index_100 = eerste analysejaar vanaf eerste positieve jaar",1,0,100,"model3_overdisp",TRUE,FALSE,"Overdispersion 0.9 <1; consider setting overdisp=FALSE"
217,14870,"Boomkruiper","short-toed treecreeper",1998,1997,"index_100 = eerste analysejaar vanaf eerste positieve jaar",0.712120087695884,0.273989907180828,71.2120087695884,"model3_overdisp",TRUE,FALSE,"Overdispersion 0.9 <1; consider setting overdisp=FALSE"
217,14870,"Boomkruiper","short-toed treecreeper",1999,1997,"index_100 = eerste analysejaar vanaf eerste positieve jaar",0.806157898818377,0.287126411167225,80.6157898818377,"model3_overdisp",TRUE,FALSE,"Overdispersion 0.9 <1; consider setting overdisp=FALSE"
217,14870,"Boomkruiper","short-toed treecreeper",2000,1997,"index_100 = eerste analysejaar vanaf eerste positieve jaar",1.10325589640552,0.378564612072942,110.325589640552,"model3_overdisp",TRUE,FALSE,"Overdispersion 0.9 <1; consider setting overdisp=FALSE"
217,14870,"Boomkruiper","short-toed treecreeper",2001,1997,"index_100 = eerste analysejaar vanaf eerste positieve jaar",1.24024292125904,0.39680079865727,124.024292125904,"model3_overdisp",TRUE,FALSE,"Overdispersion 0.9 <1; consider setting overdisp=FALSE"
217,14870,"Boomkruiper","short-toed treecreeper",2002,1997,"index_100 = eerste analysejaar vanaf eerste positieve jaar",1.30225506732199,0.412208769319013,130.225506732199,"model3_overdisp",TRUE,FALSE,"Overdispersion 0.9 <1; consider setting overdisp=FALSE"
217,14870,"Boomkruiper","short-toed treecreeper",2003,1997,"index_100 = eerste analysejaar vanaf eerste positieve jaar",1.49324656693205,0.463814374671317,149.324656693205,"model3_overdisp",TRUE,FALSE,"Overdispersion 0.9 <1; consider setting overdisp=FALSE"
217,14870,"Boomkruiper","short-toed treecreeper",2004,1997,"index_100 = eerste analysejaar vanaf eerste positieve jaar",1.4262793594479,0.442898009891041,142.62793594479,"model3_overdisp",TRUE,FALSE,"Overdispersion 0.9 <1; consider setting overdisp=FALSE"
217,14870,"Boomkruiper","short-toed treecreeper",2005,1997,"index_100 = eerste analysejaar vanaf eerste positieve jaar",1.48829150551085,0.458187766247581,148.829150551085,"model3_overdisp",TRUE,FALSE,"Overdispersion 0.9 <1; consider setting overdisp=FALSE"
217,14870,"Boomkruiper","short-toed treecreeper",2006,1997,"index_100 = eerste analysejaar vanaf eerste positieve jaar",1.5503036515738,0.473445674328959,155.03036515738,"model3_overdisp",TRUE,FALSE,"Overdispersion 0.9 <1; consider setting overdisp=FALSE"
217,14870,"Boomkruiper","short-toed treecreeper",2007,1997,"index_100 = eerste analysejaar vanaf eerste positieve jaar",1.42329109439896,0.446186696874014,142.329109439896,"model3_overdisp",TRUE,FALSE,"Overdispersion 0.9 <1; consider setting overdisp=FALSE"
217,14870,"Boomkruiper","short-toed treecreeper",2008,1997,"index_100 = eerste analysejaar vanaf eerste positieve jaar",1.45363775968124,0.491489071522646,145.363775968124,"model3_overdisp",TRUE,FALSE,"Overdispersion 0.9 <1; consider setting overdisp=FALSE"
217,14870,"Boomkruiper","short-toed treecreeper",2009,1997,"index_100 = eerste analysejaar vanaf eerste positieve jaar",2.18651375817905,0.6817622761468,218.651375817905,"model3_overdisp",TRUE,FALSE,"Overdispersion 0.9 <1; consider setting overdisp=FALSE"
217,14870,"Boomkruiper","short-toed treecreeper",2010,1997,"index_100 = eerste analysejaar vanaf eerste positieve jaar",1.51747406606708,0.467233561200652,151.747406606708,"model3_overdisp",TRUE,FALSE,"Overdispersion 0.9 <1; consider setting overdisp=FALSE"
217,14870,"Boomkruiper","short-toed treecreeper",2011,1997,"index_100 = eerste analysejaar vanaf eerste positieve jaar",2.85661551209301,0.821225062334837,285.661551209301,"model3_overdisp",TRUE,FALSE,"Overdispersion 0.9 <1; consider setting overdisp=FALSE"
217,14870,"Boomkruiper","short-toed treecreeper",2012,1997,"index_100 = eerste analysejaar vanaf eerste positieve jaar",3.20603943707951,0.907426291175892,320.603943707951,"model3_overdisp",TRUE,FALSE,"Overdispersion 0.9 <1; consider setting overdisp=FALSE"
217,14870,"Boomkruiper","short-toed treecreeper",2013,1997,"index_100 = eerste analysejaar vanaf eerste positieve jaar",2.87819511268358,0.79932624550584,287.819511268358,"model3_overdisp",TRUE,FALSE,"Overdispersion 0.9 <1; consider setting overdisp=FALSE"
217,14870,"Boomkruiper","short-toed treecreeper",2014,1997,"index_100 = eerste analysejaar vanaf eerste positieve jaar",2.80730698422049,0.81457346332975,280.730698422049,"model3_overdisp",TRUE,FALSE,"Overdispersion 0.9 <1; consider setting overdisp=FALSE"
217,14870,"Boomkruiper","short-toed treecreeper",2015,1997,"index_100 = eerste analysejaar vanaf eerste positieve jaar",2.22181206496123,0.666048457575594,222.181206496123,"model3_overdisp",TRUE,FALSE,"Overdispersion 0.9 <1; consider setting overdisp=FALSE"
217,14870,"Boomkruiper","short-toed treecreeper",2016,1997,"index_100 = eerste analysejaar vanaf eerste positieve jaar",3.06275171394628,0.885190005904108,306.275171394628,"model3_overdisp",TRUE,FALSE,"Overdispersion 0.9 <1; consider setting overdisp=FALSE"
217,14870,"Boomkruiper","short-toed treecreeper",2017,1997,"index_100 = eerste analysejaar vanaf eerste positieve jaar",2.71272294663813,0.799611089593018,271.272294663813,"model3_overdisp",TRUE,FALSE,"Overdispersion 0.9 <1; consider setting overdisp=FALSE"
217,14870,"Boomkruiper","short-toed treecreeper",2018,1997,"index_100 = eerste analysejaar vanaf eerste positieve jaar",3.54771541458097,0.981095910308877,354.771541458097,"model3_overdisp",TRUE,FALSE,"Overdispersion 0.9 <1; consider setting overdisp=FALSE"
217,14870,"Boomkruiper","short-toed treecreeper",2019,1997,"index_100 = eerste analysejaar vanaf eerste positieve jaar",3.72947025189921,1.03307751016794,372.947025189921,"model3_overdisp",TRUE,FALSE,"Overdispersion 0.9 <1; consider setting overdisp=FALSE"
217,14870,"Boomkruiper","short-toed treecreeper",2020,1997,"index_100 = eerste analysejaar vanaf eerste positieve jaar",3.07354744319038,0.854087721436327,307.354744319038,"model3_overdisp",TRUE,FALSE,"Overdispersion 0.9 <1; consider setting overdisp=FALSE"
217,14870,"Boomkruiper","short-toed treecreeper",2021,1997,"index_100 = eerste analysejaar vanaf eerste positieve jaar",3.16261944921055,0.864442487584071,316.261944921055,"model3_overdisp",TRUE,FALSE,"Overdispersion 0.9 <1; consider setting overdisp=FALSE"
217,14870,"Boomkruiper","short-toed treecreeper",2022,1997,"index_100 = eerste analysejaar vanaf eerste positieve jaar",3.45893231869332,0.943794573862705,345.893231869332,"model3_overdisp",TRUE,FALSE,"Overdispersion 0.9 <1; consider setting overdisp=FALSE"
218,15080,"Wielewaal","golden oriole",1997,1997,"index_100 = eerste analysejaar vanaf eerste positieve jaar",1,0,100,"model2_basis",FALSE,FALSE,NA
218,15080,"Wielewaal","golden oriole",1998,1997,"index_100 = eerste analysejaar vanaf eerste positieve jaar",3.06690573600573,3.05201957816206,306.690573600573,"model2_basis",FALSE,FALSE,NA
218,15080,"Wielewaal","golden oriole",1999,1997,"index_100 = eerste analysejaar vanaf eerste positieve jaar",3.87117053047538,3.8108192781271,387.117053047538,"model2_basis",FALSE,FALSE,NA
218,15080,"Wielewaal","golden oriole",2000,1997,"index_100 = eerste analysejaar vanaf eerste positieve jaar",1.62332435864611,1.76671428756702,162.332435864611,"model2_basis",FALSE,FALSE,NA
218,15080,"Wielewaal","golden oriole",2001,1997,"index_100 = eerste analysejaar vanaf eerste positieve jaar",0.513492012939316,1.01534824650341,51.3492012939316,"model2_basis",FALSE,FALSE,NA
218,15080,"Wielewaal","golden oriole",2002,1997,"index_100 = eerste analysejaar vanaf eerste positieve jaar",0.996404794071812,1.29089891058361,99.6404794071812,"model2_basis",FALSE,FALSE,NA
218,15080,"Wielewaal","golden oriole",2003,1997,"index_100 = eerste analysejaar vanaf eerste positieve jaar",0.719378705859728,1.04919728816235,71.9378705859728,"model2_basis",FALSE,FALSE,NA
218,15080,"Wielewaal","golden oriole",2004,1997,"index_100 = eerste analysejaar vanaf eerste positieve jaar",1.45168894892827,1.62743451998904,145.168894892827,"model2_basis",FALSE,FALSE,NA
218,15080,"Wielewaal","golden oriole",2005,1997,"index_100 = eerste analysejaar vanaf eerste positieve jaar",2.41948158154711,2.45808551319402,241.948158154711,"model2_basis",FALSE,FALSE,NA
218,15080,"Wielewaal","golden oriole",2006,1997,"index_100 = eerste analysejaar vanaf eerste positieve jaar",2.01230698660759,2.08000310751383,201.230698660759,"model2_basis",FALSE,FALSE,NA
218,15080,"Wielewaal","golden oriole",2007,1997,"index_100 = eerste analysejaar vanaf eerste positieve jaar",1.13111279938835,1.31784266514946,113.111279938835,"model2_basis",FALSE,FALSE,NA
218,15080,"Wielewaal","golden oriole",2008,1997,"index_100 = eerste analysejaar vanaf eerste positieve jaar",1.68481485183563,1.75907874248432,168.481485183563,"model2_basis",FALSE,FALSE,NA
218,15080,"Wielewaal","golden oriole",2009,1997,"index_100 = eerste analysejaar vanaf eerste positieve jaar",0.671027034814707,0.96672754895345,67.1027034814707,"model2_basis",FALSE,FALSE,NA
218,15080,"Wielewaal","golden oriole",2010,1997,"index_100 = eerste analysejaar vanaf eerste positieve jaar",0.10161423485153,0.746772873267605,10.161423485153,"model2_basis",FALSE,FALSE,NA
218,15080,"Wielewaal","golden oriole",2011,1997,"index_100 = eerste analysejaar vanaf eerste positieve jaar",1.03730737382396,1.23484284880423,103.730737382396,"model2_basis",FALSE,FALSE,NA
218,15080,"Wielewaal","golden oriole",2012,1997,"index_100 = eerste analysejaar vanaf eerste positieve jaar",0.570500247716653,0.902835530103144,57.0500247716653,"model2_basis",FALSE,FALSE,NA
218,15080,"Wielewaal","golden oriole",2013,1997,"index_100 = eerste analysejaar vanaf eerste positieve jaar",1.12458039079311,1.27444797843766,112.458039079311,"model2_basis",FALSE,FALSE,NA
218,15080,"Wielewaal","golden oriole",2014,1997,"index_100 = eerste analysejaar vanaf eerste positieve jaar",0.635473645501244,0.90797846052348,63.5473645501243,"model2_basis",FALSE,FALSE,NA
218,15080,"Wielewaal","golden oriole",2015,1997,"index_100 = eerste analysejaar vanaf eerste positieve jaar",1.99630995582063,2.02953819254761,199.630995582063,"model2_basis",FALSE,FALSE,NA
218,15080,"Wielewaal","golden oriole",2016,1997,"index_100 = eerste analysejaar vanaf eerste positieve jaar",0.597322131003406,0.87582391695123,59.7322131003406,"model2_basis",FALSE,FALSE,NA
218,15080,"Wielewaal","golden oriole",2017,1997,"index_100 = eerste analysejaar vanaf eerste positieve jaar",0.0529007024793395,0.671308526204775,5.29007024793395,"model2_basis",FALSE,FALSE,NA
218,15080,"Wielewaal","golden oriole",2018,1997,"index_100 = eerste analysejaar vanaf eerste positieve jaar",1.12828301412815,1.2495738162169,112.828301412815,"model2_basis",FALSE,FALSE,NA
218,15080,"Wielewaal","golden oriole",2019,1997,"index_100 = eerste analysejaar vanaf eerste positieve jaar",2.56825851576358,2.53597128451747,256.825851576358,"model2_basis",FALSE,FALSE,NA
218,15080,"Wielewaal","golden oriole",2020,1997,"index_100 = eerste analysejaar vanaf eerste positieve jaar",0.604169184336862,0.847101839278383,60.4169184336862,"model2_basis",FALSE,FALSE,NA
218,15080,"Wielewaal","golden oriole",2021,1997,"index_100 = eerste analysejaar vanaf eerste positieve jaar",1.45168894892827,1.52831115377923,145.168894892827,"model2_basis",FALSE,FALSE,NA
218,15080,"Wielewaal","golden oriole",2022,1997,"index_100 = eerste analysejaar vanaf eerste positieve jaar",0.545690073840134,0.806102262246308,54.5690073840134,"model2_basis",FALSE,FALSE,NA
222,15390,"Gaai","jay",1997,1997,"index_100 = eerste analysejaar vanaf eerste positieve jaar",1,0,100,"model3_overdisp",TRUE,FALSE,"Overdispersion 0.5 <1; consider setting overdisp=FALSE"
222,15390,"Gaai","jay",1998,1997,"index_100 = eerste analysejaar vanaf eerste positieve jaar",0.937935796937641,0.131854133729171,93.7935796937641,"model3_overdisp",TRUE,FALSE,"Overdispersion 0.5 <1; consider setting overdisp=FALSE"
222,15390,"Gaai","jay",1999,1997,"index_100 = eerste analysejaar vanaf eerste positieve jaar",1.14035087719298,0.150017474498646,114.035087719298,"model3_overdisp",TRUE,FALSE,"Overdispersion 0.5 <1; consider setting overdisp=FALSE"
222,15390,"Gaai","jay",2000,1997,"index_100 = eerste analysejaar vanaf eerste positieve jaar",1.1347432486046,0.155777807376401,113.47432486046,"model3_overdisp",TRUE,FALSE,"Overdispersion 0.5 <1; consider setting overdisp=FALSE"
222,15390,"Gaai","jay",2001,1997,"index_100 = eerste analysejaar vanaf eerste positieve jaar",1.19298245614035,0.155315471405436,119.298245614035,"model3_overdisp",TRUE,FALSE,"Overdispersion 0.5 <1; consider setting overdisp=FALSE"
222,15390,"Gaai","jay",2002,1997,"index_100 = eerste analysejaar vanaf eerste positieve jaar",1.15789473684211,0.151785323227082,115.789473684211,"model3_overdisp",TRUE,FALSE,"Overdispersion 0.5 <1; consider setting overdisp=FALSE"
222,15390,"Gaai","jay",2003,1997,"index_100 = eerste analysejaar vanaf eerste positieve jaar",1.21052631578947,0.157077895569166,121.052631578947,"model3_overdisp",TRUE,FALSE,"Overdispersion 0.5 <1; consider setting overdisp=FALSE"
222,15390,"Gaai","jay",2004,1997,"index_100 = eerste analysejaar vanaf eerste positieve jaar",1.26315789473684,0.162355258568257,126.315789473684,"model3_overdisp",TRUE,FALSE,"Overdispersion 0.5 <1; consider setting overdisp=FALSE"
222,15390,"Gaai","jay",2005,1997,"index_100 = eerste analysejaar vanaf eerste positieve jaar",1.10526315789474,0.146475892886517,110.526315789474,"model3_overdisp",TRUE,FALSE,"Overdispersion 0.5 <1; consider setting overdisp=FALSE"
222,15390,"Gaai","jay",2006,1997,"index_100 = eerste analysejaar vanaf eerste positieve jaar",1.20262347246672,0.157714252729363,120.262347246672,"model3_overdisp",TRUE,FALSE,"Overdispersion 0.5 <1; consider setting overdisp=FALSE"
222,15390,"Gaai","jay",2007,1997,"index_100 = eerste analysejaar vanaf eerste positieve jaar",1.3279256241699,0.170783210848924,132.79256241699,"model3_overdisp",TRUE,FALSE,"Overdispersion 0.5 <1; consider setting overdisp=FALSE"
222,15390,"Gaai","jay",2008,1997,"index_100 = eerste analysejaar vanaf eerste positieve jaar",1.30680810703326,0.177254325217308,130.680810703326,"model3_overdisp",TRUE,FALSE,"Overdispersion 0.5 <1; consider setting overdisp=FALSE"
222,15390,"Gaai","jay",2009,1997,"index_100 = eerste analysejaar vanaf eerste positieve jaar",1.35088795369625,0.176817556579566,135.088795369625,"model3_overdisp",TRUE,FALSE,"Overdispersion 0.5 <1; consider setting overdisp=FALSE"
222,15390,"Gaai","jay",2010,1997,"index_100 = eerste analysejaar vanaf eerste positieve jaar",1.3050009519458,0.168918300631441,130.50009519458,"model3_overdisp",TRUE,FALSE,"Overdispersion 0.5 <1; consider setting overdisp=FALSE"
222,15390,"Gaai","jay",2011,1997,"index_100 = eerste analysejaar vanaf eerste positieve jaar",0.957055338037978,0.133846934647192,95.7055338037978,"model3_overdisp",TRUE,FALSE,"Overdispersion 0.5 <1; consider setting overdisp=FALSE"
222,15390,"Gaai","jay",2012,1997,"index_100 = eerste analysejaar vanaf eerste positieve jaar",0.926294662208616,0.131698074714854,92.6294662208616,"model3_overdisp",TRUE,FALSE,"Overdispersion 0.5 <1; consider setting overdisp=FALSE"
222,15390,"Gaai","jay",2013,1997,"index_100 = eerste analysejaar vanaf eerste positieve jaar",0.764936550245791,0.113627218699083,76.4936550245791,"model3_overdisp",TRUE,FALSE,"Overdispersion 0.5 <1; consider setting overdisp=FALSE"
222,15390,"Gaai","jay",2014,1997,"index_100 = eerste analysejaar vanaf eerste positieve jaar",0.801801303088678,0.120062348667101,80.1801303088678,"model3_overdisp",TRUE,FALSE,"Overdispersion 0.5 <1; consider setting overdisp=FALSE"
222,15390,"Gaai","jay",2015,1997,"index_100 = eerste analysejaar vanaf eerste positieve jaar",0.99458691992182,0.137706088102381,99.458691992182,"model3_overdisp",TRUE,FALSE,"Overdispersion 0.5 <1; consider setting overdisp=FALSE"
222,15390,"Gaai","jay",2016,1997,"index_100 = eerste analysejaar vanaf eerste positieve jaar",0.798185840421297,0.1195150653101,79.8185840421297,"model3_overdisp",TRUE,FALSE,"Overdispersion 0.5 <1; consider setting overdisp=FALSE"
222,15390,"Gaai","jay",2017,1997,"index_100 = eerste analysejaar vanaf eerste positieve jaar",0.705989173578632,0.107244451399927,70.5989173578632,"model3_overdisp",TRUE,FALSE,"Overdispersion 0.5 <1; consider setting overdisp=FALSE"
222,15390,"Gaai","jay",2018,1997,"index_100 = eerste analysejaar vanaf eerste positieve jaar",0.771612947883609,0.11548908240223,77.1612947883609,"model3_overdisp",TRUE,FALSE,"Overdispersion 0.5 <1; consider setting overdisp=FALSE"
222,15390,"Gaai","jay",2019,1997,"index_100 = eerste analysejaar vanaf eerste positieve jaar",0.705687737005505,0.110015318308095,70.5687737005505,"model3_overdisp",TRUE,FALSE,"Overdispersion 0.5 <1; consider setting overdisp=FALSE"
222,15390,"Gaai","jay",2020,1997,"index_100 = eerste analysejaar vanaf eerste positieve jaar",0.71336576085904,0.110220613732423,71.336576085904,"model3_overdisp",TRUE,FALSE,"Overdispersion 0.5 <1; consider setting overdisp=FALSE"
222,15390,"Gaai","jay",2021,1997,"index_100 = eerste analysejaar vanaf eerste positieve jaar",0.684210526315789,0.103079707219077,68.4210526315789,"model3_overdisp",TRUE,FALSE,"Overdispersion 0.5 <1; consider setting overdisp=FALSE"
222,15390,"Gaai","jay",2022,1997,"index_100 = eerste analysejaar vanaf eerste positieve jaar",0.743029798839934,0.113855484000774,74.3029798839934,"model3_overdisp",TRUE,FALSE,"Overdispersion 0.5 <1; consider setting overdisp=FALSE"
223,15490,"Ekster","magpie",1997,1997,"index_100 = eerste analysejaar vanaf eerste positieve jaar",1,0,100,"model3_overdisp",TRUE,FALSE,"Overdispersion 1.0 <1; consider setting overdisp=FALSE"
223,15490,"Ekster","magpie",1998,1997,"index_100 = eerste analysejaar vanaf eerste positieve jaar",0.601198715359826,0.109138145235452,60.1198715359826,"model3_overdisp",TRUE,FALSE,"Overdispersion 1.0 <1; consider setting overdisp=FALSE"
223,15490,"Ekster","magpie",1999,1997,"index_100 = eerste analysejaar vanaf eerste positieve jaar",0.731707317073171,0.122278635966851,73.1707317073171,"model3_overdisp",TRUE,FALSE,"Overdispersion 1.0 <1; consider setting overdisp=FALSE"
223,15490,"Ekster","magpie",2000,1997,"index_100 = eerste analysejaar vanaf eerste positieve jaar",0.567728099583535,0.10622733289991,56.7728099583535,"model3_overdisp",TRUE,FALSE,"Overdispersion 1.0 <1; consider setting overdisp=FALSE"
223,15490,"Ekster","magpie",2001,1997,"index_100 = eerste analysejaar vanaf eerste positieve jaar",0.634146341463415,0.11058210661409,63.4146341463415,"model3_overdisp",TRUE,FALSE,"Overdispersion 1.0 <1; consider setting overdisp=FALSE"
223,15490,"Ekster","magpie",2002,1997,"index_100 = eerste analysejaar vanaf eerste positieve jaar",0.536585365853659,0.0986375777893608,53.6585365853659,"model3_overdisp",TRUE,FALSE,"Overdispersion 1.0 <1; consider setting overdisp=FALSE"
223,15490,"Ekster","magpie",2003,1997,"index_100 = eerste analysejaar vanaf eerste positieve jaar",0.479295532678515,0.0925845013212449,47.9295532678515,"model3_overdisp",TRUE,FALSE,"Overdispersion 1.0 <1; consider setting overdisp=FALSE"
223,15490,"Ekster","magpie",2004,1997,"index_100 = eerste analysejaar vanaf eerste positieve jaar",0.341463414634146,0.073520109690978,34.1463414634146,"model3_overdisp",TRUE,FALSE,"Overdispersion 1.0 <1; consider setting overdisp=FALSE"
223,15490,"Ekster","magpie",2005,1997,"index_100 = eerste analysejaar vanaf eerste positieve jaar",0.439024390243902,0.086342186448688,43.9024390243902,"model3_overdisp",TRUE,FALSE,"Overdispersion 1.0 <1; consider setting overdisp=FALSE"
223,15490,"Ekster","magpie",2006,1997,"index_100 = eerste analysejaar vanaf eerste positieve jaar",0.432780397931254,0.0869049361801586,43.2780397931254,"model3_overdisp",TRUE,FALSE,"Overdispersion 1.0 <1; consider setting overdisp=FALSE"
223,15490,"Ekster","magpie",2007,1997,"index_100 = eerste analysejaar vanaf eerste positieve jaar",0.42699675601152,0.0857253624721754,42.699675601152,"model3_overdisp",TRUE,FALSE,"Overdispersion 1.0 <1; consider setting overdisp=FALSE"
223,15490,"Ekster","magpie",2008,1997,"index_100 = eerste analysejaar vanaf eerste positieve jaar",0.554782737716099,0.10859755680183,55.4782737716099,"model3_overdisp",TRUE,FALSE,"Overdispersion 1.0 <1; consider setting overdisp=FALSE"
223,15490,"Ekster","magpie",2009,1997,"index_100 = eerste analysejaar vanaf eerste positieve jaar",0.15596677893634,0.0493274641097067,15.596677893634,"model3_overdisp",TRUE,FALSE,"Overdispersion 1.0 <1; consider setting overdisp=FALSE"
223,15490,"Ekster","magpie",2010,1997,"index_100 = eerste analysejaar vanaf eerste positieve jaar",0.180324056637606,0.0513214338901784,18.0324056637606,"model3_overdisp",TRUE,FALSE,"Overdispersion 1.0 <1; consider setting overdisp=FALSE"
223,15490,"Ekster","magpie",2011,1997,"index_100 = eerste analysejaar vanaf eerste positieve jaar",0.144710114671361,0.0457360422950451,14.4710114671361,"model3_overdisp",TRUE,FALSE,"Overdispersion 1.0 <1; consider setting overdisp=FALSE"
223,15490,"Ekster","magpie",2012,1997,"index_100 = eerste analysejaar vanaf eerste positieve jaar",0.149710701975246,0.0473291886807668,14.9710701975246,"model3_overdisp",TRUE,FALSE,"Overdispersion 1.0 <1; consider setting overdisp=FALSE"
223,15490,"Ekster","magpie",2013,1997,"index_100 = eerste analysejaar vanaf eerste positieve jaar",0.194117517912074,0.0536553231206181,19.4117517912074,"model3_overdisp",TRUE,FALSE,"Overdispersion 1.0 <1; consider setting overdisp=FALSE"
223,15490,"Ekster","magpie",2014,1997,"index_100 = eerste analysejaar vanaf eerste positieve jaar",0.168334072686586,0.0512429117904965,16.8334072686586,"model3_overdisp",TRUE,FALSE,"Overdispersion 1.0 <1; consider setting overdisp=FALSE"
223,15490,"Ekster","magpie",2015,1997,"index_100 = eerste analysejaar vanaf eerste positieve jaar",0.171021044611608,0.0502570014486975,17.1021044611608,"model3_overdisp",TRUE,FALSE,"Overdispersion 1.0 <1; consider setting overdisp=FALSE"
223,15490,"Ekster","magpie",2016,1997,"index_100 = eerste analysejaar vanaf eerste positieve jaar",0.180958110517521,0.053206613645391,18.0958110517521,"model3_overdisp",TRUE,FALSE,"Overdispersion 1.0 <1; consider setting overdisp=FALSE"
223,15490,"Ekster","magpie",2017,1997,"index_100 = eerste analysejaar vanaf eerste positieve jaar",0.0385476313115465,0.0222917881713074,3.85476313115465,"model3_overdisp",TRUE,FALSE,"Overdispersion 1.0 <1; consider setting overdisp=FALSE"
223,15490,"Ekster","magpie",2018,1997,"index_100 = eerste analysejaar vanaf eerste positieve jaar",0.0675905783360057,0.0306398955306216,6.75905783360057,"model3_overdisp",TRUE,FALSE,"Overdispersion 1.0 <1; consider setting overdisp=FALSE"
223,15490,"Ekster","magpie",2019,1997,"index_100 = eerste analysejaar vanaf eerste positieve jaar",0.0882497721277031,0.036747607058365,8.82497721277031,"model3_overdisp",TRUE,FALSE,"Overdispersion 1.0 <1; consider setting overdisp=FALSE"
223,15490,"Ekster","magpie",2020,1997,"index_100 = eerste analysejaar vanaf eerste positieve jaar",0.136121466524686,0.0448868870696781,13.6121466524686,"model3_overdisp",TRUE,FALSE,"Overdispersion 1.0 <1; consider setting overdisp=FALSE"
223,15490,"Ekster","magpie",2021,1997,"index_100 = eerste analysejaar vanaf eerste positieve jaar",0.103042318078632,0.0375557167242832,10.3042318078632,"model3_overdisp",TRUE,FALSE,"Overdispersion 1.0 <1; consider setting overdisp=FALSE"
223,15490,"Ekster","magpie",2022,1997,"index_100 = eerste analysejaar vanaf eerste positieve jaar",0.0521346639559661,0.0262649215219257,5.21346639559661,"model3_overdisp",TRUE,FALSE,"Overdispersion 1.0 <1; consider setting overdisp=FALSE"
224,15600,"Kauw","jackdaw",1997,1997,"index_100 = eerste analysejaar vanaf eerste positieve jaar",1,0,100,"model2_basis",FALSE,FALSE,NA
224,15600,"Kauw","jackdaw",1998,1997,"index_100 = eerste analysejaar vanaf eerste positieve jaar",0.896771526537448,0.0525798151566913,89.6771526537448,"model2_basis",FALSE,FALSE,NA
224,15600,"Kauw","jackdaw",1999,1997,"index_100 = eerste analysejaar vanaf eerste positieve jaar",0.857994970453515,0.0577999710292861,85.7994970453515,"model2_basis",FALSE,FALSE,NA
224,15600,"Kauw","jackdaw",2000,1997,"index_100 = eerste analysejaar vanaf eerste positieve jaar",0.697665666845347,0.0430056105938378,69.7665666845347,"model2_basis",FALSE,FALSE,NA
224,15600,"Kauw","jackdaw",2001,1997,"index_100 = eerste analysejaar vanaf eerste positieve jaar",0.614398552520803,0.0480443044243546,61.4398552520803,"model2_basis",FALSE,FALSE,NA
224,15600,"Kauw","jackdaw",2002,1997,"index_100 = eerste analysejaar vanaf eerste positieve jaar",0.547745252716179,0.0475608960372511,54.7745252716179,"model2_basis",FALSE,FALSE,NA
224,15600,"Kauw","jackdaw",2003,1997,"index_100 = eerste analysejaar vanaf eerste positieve jaar",0.527010464032405,0.0522424612638143,52.7010464032405,"model2_basis",FALSE,FALSE,NA
224,15600,"Kauw","jackdaw",2004,1997,"index_100 = eerste analysejaar vanaf eerste positieve jaar",0.493711591843683,0.0544128664234475,49.3711591843683,"model2_basis",FALSE,FALSE,NA
224,15600,"Kauw","jackdaw",2005,1997,"index_100 = eerste analysejaar vanaf eerste positieve jaar",0.447018594409065,0.0533753473991732,44.7018594409065,"model2_basis",FALSE,FALSE,NA
224,15600,"Kauw","jackdaw",2006,1997,"index_100 = eerste analysejaar vanaf eerste positieve jaar",0.354809771118815,0.0441560995805056,35.4809771118815,"model2_basis",FALSE,FALSE,NA
224,15600,"Kauw","jackdaw",2007,1997,"index_100 = eerste analysejaar vanaf eerste positieve jaar",0.330557779174542,0.0444011337324649,33.0557779174542,"model2_basis",FALSE,FALSE,NA
224,15600,"Kauw","jackdaw",2008,1997,"index_100 = eerste analysejaar vanaf eerste positieve jaar",0.235591720040474,0.0309841926426346,23.5591720040474,"model2_basis",FALSE,FALSE,NA
224,15600,"Kauw","jackdaw",2009,1997,"index_100 = eerste analysejaar vanaf eerste positieve jaar",0.204002581696621,0.0312798800660451,20.4002581696621,"model2_basis",FALSE,FALSE,NA
224,15600,"Kauw","jackdaw",2010,1997,"index_100 = eerste analysejaar vanaf eerste positieve jaar",0.0194848447952804,0.0332553151275094,1.94848447952804,"model2_basis",FALSE,FALSE,NA
224,15600,"Kauw","jackdaw",2011,1997,"index_100 = eerste analysejaar vanaf eerste positieve jaar",0.151163075504605,0.0269211745796885,15.1163075504605,"model2_basis",FALSE,FALSE,NA
224,15600,"Kauw","jackdaw",2012,1997,"index_100 = eerste analysejaar vanaf eerste positieve jaar",0.129008231004515,0.0247438865760534,12.9008231004515,"model2_basis",FALSE,FALSE,NA
224,15600,"Kauw","jackdaw",2013,1997,"index_100 = eerste analysejaar vanaf eerste positieve jaar",0.160219715103988,0.0364608096780652,16.0219715103988,"model2_basis",FALSE,FALSE,NA
224,15600,"Kauw","jackdaw",2014,1997,"index_100 = eerste analysejaar vanaf eerste positieve jaar",0.0907387408304687,0.0204791841119556,9.07387408304687,"model2_basis",FALSE,FALSE,NA
224,15600,"Kauw","jackdaw",2015,1997,"index_100 = eerste analysejaar vanaf eerste positieve jaar",0.0734510138484752,0.0184598382259454,7.34510138484752,"model2_basis",FALSE,FALSE,NA
224,15600,"Kauw","jackdaw",2016,1997,"index_100 = eerste analysejaar vanaf eerste positieve jaar",0.0643810570797457,0.0171812535289803,6.43810570797457,"model2_basis",FALSE,FALSE,NA
224,15600,"Kauw","jackdaw",2017,1997,"index_100 = eerste analysejaar vanaf eerste positieve jaar",0.0563010488151975,0.0159686385443723,5.63010488151975,"model2_basis",FALSE,FALSE,NA
224,15600,"Kauw","jackdaw",2018,1997,"index_100 = eerste analysejaar vanaf eerste positieve jaar",0.0559386393045296,0.0155170517623181,5.59386393045296,"model2_basis",FALSE,FALSE,NA
224,15600,"Kauw","jackdaw",2019,1997,"index_100 = eerste analysejaar vanaf eerste positieve jaar",0.0497204689560791,0.0144294695052192,4.97204689560791,"model2_basis",FALSE,FALSE,NA
224,15600,"Kauw","jackdaw",2020,1997,"index_100 = eerste analysejaar vanaf eerste positieve jaar",0.0768783148420294,0.0227915760945531,7.68783148420294,"model2_basis",FALSE,FALSE,NA
224,15600,"Kauw","jackdaw",2021,1997,"index_100 = eerste analysejaar vanaf eerste positieve jaar",0.0383556199908602,0.0181098081282346,3.83556199908602,"model2_basis",FALSE,FALSE,NA
224,15600,"Kauw","jackdaw",2022,1997,"index_100 = eerste analysejaar vanaf eerste positieve jaar",0.0831038433135305,0.0223654409536142,8.31038433135305,"model2_basis",FALSE,FALSE,NA
226,15671,"Zwarte Kraai","carrion crow",1997,1997,"index_100 = eerste analysejaar vanaf eerste positieve jaar",1,0,100,"model3_overdisp",TRUE,FALSE,"Overdispersion 0.6 <1; consider setting overdisp=FALSE"
226,15671,"Zwarte Kraai","carrion crow",1998,1997,"index_100 = eerste analysejaar vanaf eerste positieve jaar",1.31110812658366,0.196102285545851,131.110812658366,"model3_overdisp",TRUE,FALSE,"Overdispersion 0.6 <1; consider setting overdisp=FALSE"
226,15671,"Zwarte Kraai","carrion crow",1999,1997,"index_100 = eerste analysejaar vanaf eerste positieve jaar",1.25,0.187549004565504,125,"model3_overdisp",TRUE,FALSE,"Overdispersion 0.6 <1; consider setting overdisp=FALSE"
226,15671,"Zwarte Kraai","carrion crow",2000,1997,"index_100 = eerste analysejaar vanaf eerste positieve jaar",1.19552867722562,0.186608932659302,119.552867722562,"model3_overdisp",TRUE,FALSE,"Overdispersion 0.6 <1; consider setting overdisp=FALSE"
226,15671,"Zwarte Kraai","carrion crow",2001,1997,"index_100 = eerste analysejaar vanaf eerste positieve jaar",1.25,0.187549004565504,125,"model3_overdisp",TRUE,FALSE,"Overdispersion 0.6 <1; consider setting overdisp=FALSE"
226,15671,"Zwarte Kraai","carrion crow",2002,1997,"index_100 = eerste analysejaar vanaf eerste positieve jaar",1.22916666666667,0.185116510522827,122.916666666667,"model3_overdisp",TRUE,FALSE,"Overdispersion 0.6 <1; consider setting overdisp=FALSE"
226,15671,"Zwarte Kraai","carrion crow",2003,1997,"index_100 = eerste analysejaar vanaf eerste positieve jaar",1.04166666666667,0.163089236847011,104.166666666667,"model3_overdisp",TRUE,FALSE,"Overdispersion 0.6 <1; consider setting overdisp=FALSE"
226,15671,"Zwarte Kraai","carrion crow",2004,1997,"index_100 = eerste analysejaar vanaf eerste positieve jaar",1,0.158155207286483,100,"model3_overdisp",TRUE,FALSE,"Overdispersion 0.6 <1; consider setting overdisp=FALSE"
226,15671,"Zwarte Kraai","carrion crow",2005,1997,"index_100 = eerste analysejaar vanaf eerste positieve jaar",0.895833333333333,0.145741147435226,89.5833333333333,"model3_overdisp",TRUE,FALSE,"Overdispersion 0.6 <1; consider setting overdisp=FALSE"
226,15671,"Zwarte Kraai","carrion crow",2006,1997,"index_100 = eerste analysejaar vanaf eerste positieve jaar",0.896173412841792,0.14774597909709,89.6173412841792,"model3_overdisp",TRUE,FALSE,"Overdispersion 0.6 <1; consider setting overdisp=FALSE"
226,15671,"Zwarte Kraai","carrion crow",2007,1997,"index_100 = eerste analysejaar vanaf eerste positieve jaar",0.811839784098596,0.136624606481675,81.1839784098596,"model3_overdisp",TRUE,FALSE,"Overdispersion 0.6 <1; consider setting overdisp=FALSE"
226,15671,"Zwarte Kraai","carrion crow",2008,1997,"index_100 = eerste analysejaar vanaf eerste positieve jaar",1.06344991706852,0.172338597795448,106.344991706852,"model3_overdisp",TRUE,FALSE,"Overdispersion 0.6 <1; consider setting overdisp=FALSE"
226,15671,"Zwarte Kraai","carrion crow",2009,1997,"index_100 = eerste analysejaar vanaf eerste positieve jaar",0.721109151161897,0.127633805156756,72.1109151161897,"model3_overdisp",TRUE,FALSE,"Overdispersion 0.6 <1; consider setting overdisp=FALSE"
226,15671,"Zwarte Kraai","carrion crow",2010,1997,"index_100 = eerste analysejaar vanaf eerste positieve jaar",0.745352311790269,0.129528440137001,74.5352311790269,"model3_overdisp",TRUE,FALSE,"Overdispersion 0.6 <1; consider setting overdisp=FALSE"
226,15671,"Zwarte Kraai","carrion crow",2011,1997,"index_100 = eerste analysejaar vanaf eerste positieve jaar",0.828779517112036,0.139521630722234,82.8779517112036,"model3_overdisp",TRUE,FALSE,"Overdispersion 0.6 <1; consider setting overdisp=FALSE"
226,15671,"Zwarte Kraai","carrion crow",2012,1997,"index_100 = eerste analysejaar vanaf eerste positieve jaar",0.520823270914298,0.102416871511539,52.0823270914298,"model3_overdisp",TRUE,FALSE,"Overdispersion 0.6 <1; consider setting overdisp=FALSE"
226,15671,"Zwarte Kraai","carrion crow",2013,1997,"index_100 = eerste analysejaar vanaf eerste positieve jaar",0.55245176627522,0.105635046501608,55.245176627522,"model3_overdisp",TRUE,FALSE,"Overdispersion 0.6 <1; consider setting overdisp=FALSE"
226,15671,"Zwarte Kraai","carrion crow",2014,1997,"index_100 = eerste analysejaar vanaf eerste positieve jaar",0.626401088364195,0.1168921844219,62.6401088364195,"model3_overdisp",TRUE,FALSE,"Overdispersion 0.6 <1; consider setting overdisp=FALSE"
226,15671,"Zwarte Kraai","carrion crow",2015,1997,"index_100 = eerste analysejaar vanaf eerste positieve jaar",0.479819720433284,0.0957593199414899,47.9819720433284,"model3_overdisp",TRUE,FALSE,"Overdispersion 0.6 <1; consider setting overdisp=FALSE"
226,15671,"Zwarte Kraai","carrion crow",2016,1997,"index_100 = eerste analysejaar vanaf eerste positieve jaar",0.490544620118102,0.0979195979969376,49.0544620118102,"model3_overdisp",TRUE,FALSE,"Overdispersion 0.6 <1; consider setting overdisp=FALSE"
226,15671,"Zwarte Kraai","carrion crow",2017,1997,"index_100 = eerste analysejaar vanaf eerste positieve jaar",0.40427632540209,0.0849142559346844,40.427632540209,"model3_overdisp",TRUE,FALSE,"Overdispersion 0.6 <1; consider setting overdisp=FALSE"
226,15671,"Zwarte Kraai","carrion crow",2018,1997,"index_100 = eerste analysejaar vanaf eerste positieve jaar",0.401464642745461,0.0860162269269613,40.1464642745461,"model3_overdisp",TRUE,FALSE,"Overdispersion 0.6 <1; consider setting overdisp=FALSE"
226,15671,"Zwarte Kraai","carrion crow",2019,1997,"index_100 = eerste analysejaar vanaf eerste positieve jaar",0.501629707725706,0.0986097435550742,50.1629707725706,"model3_overdisp",TRUE,FALSE,"Overdispersion 0.6 <1; consider setting overdisp=FALSE"
226,15671,"Zwarte Kraai","carrion crow",2020,1997,"index_100 = eerste analysejaar vanaf eerste positieve jaar",0.537952915832204,0.104275686199796,53.7952915832204,"model3_overdisp",TRUE,FALSE,"Overdispersion 0.6 <1; consider setting overdisp=FALSE"
226,15671,"Zwarte Kraai","carrion crow",2021,1997,"index_100 = eerste analysejaar vanaf eerste positieve jaar",0.372676155895134,0.0815269385317296,37.2676155895134,"model3_overdisp",TRUE,FALSE,"Overdispersion 0.6 <1; consider setting overdisp=FALSE"
226,15671,"Zwarte Kraai","carrion crow",2022,1997,"index_100 = eerste analysejaar vanaf eerste positieve jaar",0.324324814566611,0.076377242831569,32.4324814566611,"model3_overdisp",TRUE,FALSE,"Overdispersion 0.6 <1; consider setting overdisp=FALSE"
229,15820,"Spreeuw","starling",1997,1997,"index_100 = eerste analysejaar vanaf eerste positieve jaar",1,0,100,"model2_basis",FALSE,FALSE,"Data ends with 1 years without positive observations."
229,15820,"Spreeuw","starling",1998,1997,"index_100 = eerste analysejaar vanaf eerste positieve jaar",0.85839323557633,0.109985925684213,85.839323557633,"model2_basis",FALSE,FALSE,"Data ends with 1 years without positive observations."
229,15820,"Spreeuw","starling",1999,1997,"index_100 = eerste analysejaar vanaf eerste positieve jaar",0.927450553001814,0.118187461356163,92.7450553001814,"model2_basis",FALSE,FALSE,"Data ends with 1 years without positive observations."
229,15820,"Spreeuw","starling",2000,1997,"index_100 = eerste analysejaar vanaf eerste positieve jaar",0.764573403512711,0.0814449546042234,76.4573403512711,"model2_basis",FALSE,FALSE,"Data ends with 1 years without positive observations."
229,15820,"Spreeuw","starling",2001,1997,"index_100 = eerste analysejaar vanaf eerste positieve jaar",0.759685052478834,0.0956633427244566,75.9685052478834,"model2_basis",FALSE,FALSE,"Data ends with 1 years without positive observations."
229,15820,"Spreeuw","starling",2002,1997,"index_100 = eerste analysejaar vanaf eerste positieve jaar",0.665171161277984,0.0884542865746845,66.5171161277984,"model2_basis",FALSE,FALSE,"Data ends with 1 years without positive observations."
229,15820,"Spreeuw","starling",2003,1997,"index_100 = eerste analysejaar vanaf eerste positieve jaar",0.622576177394521,0.0795846411786073,62.2576177394521,"model2_basis",FALSE,FALSE,"Data ends with 1 years without positive observations."
229,15820,"Spreeuw","starling",2004,1997,"index_100 = eerste analysejaar vanaf eerste positieve jaar",0.683670996089644,0.11358531170716,68.3670996089644,"model2_basis",FALSE,FALSE,"Data ends with 1 years without positive observations."
229,15820,"Spreeuw","starling",2005,1997,"index_100 = eerste analysejaar vanaf eerste positieve jaar",0.627042485633903,0.109670500458706,62.7042485633904,"model2_basis",FALSE,FALSE,"Data ends with 1 years without positive observations."
229,15820,"Spreeuw","starling",2006,1997,"index_100 = eerste analysejaar vanaf eerste positieve jaar",0.623860436252252,0.115936955578205,62.3860436252252,"model2_basis",FALSE,FALSE,"Data ends with 1 years without positive observations."
229,15820,"Spreeuw","starling",2007,1997,"index_100 = eerste analysejaar vanaf eerste positieve jaar",0.577186067770015,0.111918464665422,57.7186067770015,"model2_basis",FALSE,FALSE,"Data ends with 1 years without positive observations."
229,15820,"Spreeuw","starling",2008,1997,"index_100 = eerste analysejaar vanaf eerste positieve jaar",0.470928528547834,0.0854835677366046,47.0928528547834,"model2_basis",FALSE,FALSE,"Data ends with 1 years without positive observations."
229,15820,"Spreeuw","starling",2009,1997,"index_100 = eerste analysejaar vanaf eerste positieve jaar",0.477093364564637,0.101913117173126,47.7093364564637,"model2_basis",FALSE,FALSE,"Data ends with 1 years without positive observations."
229,15820,"Spreeuw","starling",2010,1997,"index_100 = eerste analysejaar vanaf eerste positieve jaar",0.347252330854011,0.0829225994238707,34.7252330854011,"model2_basis",FALSE,FALSE,"Data ends with 1 years without positive observations."
229,15820,"Spreeuw","starling",2011,1997,"index_100 = eerste analysejaar vanaf eerste positieve jaar",0.378339591259004,0.0908910443535625,37.8339591259004,"model2_basis",FALSE,FALSE,"Data ends with 1 years without positive observations."
229,15820,"Spreeuw","starling",2012,1997,"index_100 = eerste analysejaar vanaf eerste positieve jaar",0.462139856343225,0.11244986559456,46.2139856343225,"model2_basis",FALSE,FALSE,"Data ends with 1 years without positive observations."
229,15820,"Spreeuw","starling",2013,1997,"index_100 = eerste analysejaar vanaf eerste positieve jaar",0.513992152103333,0.139047527029866,51.3992152103333,"model2_basis",FALSE,FALSE,"Data ends with 1 years without positive observations."
229,15820,"Spreeuw","starling",2014,1997,"index_100 = eerste analysejaar vanaf eerste positieve jaar",0.326209351516664,0.088644683134787,32.6209351516664,"model2_basis",FALSE,FALSE,"Data ends with 1 years without positive observations."
229,15820,"Spreeuw","starling",2015,1997,"index_100 = eerste analysejaar vanaf eerste positieve jaar",0.25897611437776,0.0777833864963434,25.897611437776,"model2_basis",FALSE,FALSE,"Data ends with 1 years without positive observations."
229,15820,"Spreeuw","starling",2016,1997,"index_100 = eerste analysejaar vanaf eerste positieve jaar",0.296101482915006,0.0864572030658129,29.6101482915006,"model2_basis",FALSE,FALSE,"Data ends with 1 years without positive observations."
229,15820,"Spreeuw","starling",2017,1997,"index_100 = eerste analysejaar vanaf eerste positieve jaar",0.257205597417731,0.0799636294373414,25.7205597417731,"model2_basis",FALSE,FALSE,"Data ends with 1 years without positive observations."
229,15820,"Spreeuw","starling",2018,1997,"index_100 = eerste analysejaar vanaf eerste positieve jaar",0.250452336349346,0.078987230011179,25.0452336349346,"model2_basis",FALSE,FALSE,"Data ends with 1 years without positive observations."
229,15820,"Spreeuw","starling",2019,1997,"index_100 = eerste analysejaar vanaf eerste positieve jaar",0.159089507617316,0.063516593079828,15.9089507617316,"model2_basis",FALSE,FALSE,"Data ends with 1 years without positive observations."
229,15820,"Spreeuw","starling",2020,1997,"index_100 = eerste analysejaar vanaf eerste positieve jaar",0.0256642502193223,0.0708873465535448,2.56642502193223,"model2_basis",FALSE,FALSE,"Data ends with 1 years without positive observations."
229,15820,"Spreeuw","starling",2021,1997,"index_100 = eerste analysejaar vanaf eerste positieve jaar",0.187067095969929,0.0689397204065206,18.7067095969929,"model2_basis",FALSE,FALSE,"Data ends with 1 years without positive observations."
229,15820,"Spreeuw","starling",2022,1997,"index_100 = eerste analysejaar vanaf eerste positieve jaar",0.137302626247181,0.058206765935916,13.7302626247181,"model2_basis",FALSE,FALSE,"Data ends with 1 years without positive observations."
232,15980,"Ringmus","Tree Sparrow",1997,1997,"index_100 = eerste analysejaar vanaf eerste positieve jaar",1,0,100,"model2_basis",FALSE,FALSE,"Data ends with 19 years without positive observations."
232,15980,"Ringmus","Tree Sparrow",1998,1997,"index_100 = eerste analysejaar vanaf eerste positieve jaar",0.204104185808394,0.872818846808347,20.4104185808394,"model2_basis",FALSE,FALSE,"Data ends with 19 years without positive observations."
232,15980,"Ringmus","Tree Sparrow",1999,1997,"index_100 = eerste analysejaar vanaf eerste positieve jaar",1,1.34409670031612,100,"model2_basis",FALSE,FALSE,"Data ends with 19 years without positive observations."
232,15980,"Ringmus","Tree Sparrow",2000,1997,"index_100 = eerste analysejaar vanaf eerste positieve jaar",0,0.744595929443384,0,"model2_basis",FALSE,FALSE,"Data ends with 19 years without positive observations."
232,15980,"Ringmus","Tree Sparrow",2001,1997,"index_100 = eerste analysejaar vanaf eerste positieve jaar",0,0.663423819525568,0,"model2_basis",FALSE,FALSE,"Data ends with 19 years without positive observations."
232,15980,"Ringmus","Tree Sparrow",2002,1997,"index_100 = eerste analysejaar vanaf eerste positieve jaar",2,2.18682594471545,200,"model2_basis",FALSE,FALSE,"Data ends with 19 years without positive observations."
232,15980,"Ringmus","Tree Sparrow",2003,1997,"index_100 = eerste analysejaar vanaf eerste positieve jaar",1,1.17710434288945,100,"model2_basis",FALSE,FALSE,"Data ends with 19 years without positive observations."
232,15980,"Ringmus","Tree Sparrow",2004,1997,"index_100 = eerste analysejaar vanaf eerste positieve jaar",0,0.469247825003297,0,"model2_basis",FALSE,FALSE,"Data ends with 19 years without positive observations."
232,15980,"Ringmus","Tree Sparrow",2005,1997,"index_100 = eerste analysejaar vanaf eerste positieve jaar",0,0.418092783021886,0,"model2_basis",FALSE,FALSE,"Data ends with 19 years without positive observations."
232,15980,"Ringmus","Tree Sparrow",2006,1997,"index_100 = eerste analysejaar vanaf eerste positieve jaar",0.0265645967606118,0.341227512876031,2.65645967606118,"model2_basis",FALSE,FALSE,"Data ends with 19 years without positive observations."
232,15980,"Ringmus","Tree Sparrow",2007,1997,"index_100 = eerste analysejaar vanaf eerste positieve jaar",0,0.331904756491545,0,"model2_basis",FALSE,FALSE,"Data ends with 19 years without positive observations."
232,15980,"Ringmus","Tree Sparrow",2008,1997,"index_100 = eerste analysejaar vanaf eerste positieve jaar",0.0202889683435888,0.265264114169628,2.02889683435888,"model2_basis",FALSE,FALSE,"Data ends with 19 years without positive observations."
232,15980,"Ringmus","Tree Sparrow",2009,1997,"index_100 = eerste analysejaar vanaf eerste positieve jaar",0.0431876966955592,0.183806896698278,4.31876966955592,"model2_basis",FALSE,FALSE,"Data ends with 19 years without positive observations."
232,15980,"Ringmus","Tree Sparrow",2010,1997,"index_100 = eerste analysejaar vanaf eerste positieve jaar",0,0.234760315364143,0,"model2_basis",FALSE,FALSE,"Data ends with 19 years without positive observations."
232,15980,"Ringmus","Tree Sparrow",2011,1997,"index_100 = eerste analysejaar vanaf eerste positieve jaar",0.0170667058869019,0.170841893585539,1.70667058869019,"model2_basis",FALSE,FALSE,"Data ends with 19 years without positive observations."
232,15980,"Ringmus","Tree Sparrow",2012,1997,"index_100 = eerste analysejaar vanaf eerste positieve jaar",0.01354847797315,0.151687591762861,1.354847797315,"model2_basis",FALSE,FALSE,"Data ends with 19 years without positive observations."
232,15980,"Ringmus","Tree Sparrow",2013,1997,"index_100 = eerste analysejaar vanaf eerste positieve jaar",0.0107555175911133,0.134672921648613,1.07555175911133,"model2_basis",FALSE,FALSE,"Data ends with 19 years without positive observations."
232,15980,"Ringmus","Tree Sparrow",2014,1997,"index_100 = eerste analysejaar vanaf eerste positieve jaar",0.00853831396279355,0.119570426352374,0.853831396279355,"model2_basis",FALSE,FALSE,"Data ends with 19 years without positive observations."
232,15980,"Ringmus","Tree Sparrow",2015,1997,"index_100 = eerste analysejaar vanaf eerste positieve jaar",0.0067781773131468,0.106172360777886,0.67781773131468,"model2_basis",FALSE,FALSE,"Data ends with 19 years without positive observations."
232,15980,"Ringmus","Tree Sparrow",2016,1997,"index_100 = eerste analysejaar vanaf eerste positieve jaar",0.00538088525306771,0.094290248485223,0.538088525306771,"model2_basis",FALSE,FALSE,"Data ends with 19 years without positive observations."
232,15980,"Ringmus","Tree Sparrow",2017,1997,"index_100 = eerste analysejaar vanaf eerste positieve jaar",0,0.104644763990398,0,"model2_basis",FALSE,FALSE,"Data ends with 19 years without positive observations."
232,15980,"Ringmus","Tree Sparrow",2018,1997,"index_100 = eerste analysejaar vanaf eerste positieve jaar",0.0020168240784321,0.0825590796248838,0.20168240784321,"model2_basis",FALSE,FALSE,"Data ends with 19 years without positive observations."
232,15980,"Ringmus","Tree Sparrow",2019,1997,"index_100 = eerste analysejaar vanaf eerste positieve jaar",0.00429307124505175,0.0534091135166555,0.429307124505174,"model2_basis",FALSE,FALSE,"Data ends with 19 years without positive observations."
232,15980,"Ringmus","Tree Sparrow",2020,1997,"index_100 = eerste analysejaar vanaf eerste positieve jaar",0,0.0740165282814137,0,"model2_basis",FALSE,FALSE,"Data ends with 19 years without positive observations."
232,15980,"Ringmus","Tree Sparrow",2021,1997,"index_100 = eerste analysejaar vanaf eerste positieve jaar",0,0.0659476179747386,0,"model2_basis",FALSE,FALSE,"Data ends with 19 years without positive observations."
232,15980,"Ringmus","Tree Sparrow",2022,1997,"index_100 = eerste analysejaar vanaf eerste positieve jaar",0,0.0587583397590152,0,"model2_basis",FALSE,FALSE,"Data ends with 19 years without positive observations."
233,16360,"Vink","chaffinch",1997,1997,"index_100 = eerste analysejaar vanaf eerste positieve jaar",1,0,100,"model3_overdisp",TRUE,FALSE,NA
233,16360,"Vink","chaffinch",1998,1997,"index_100 = eerste analysejaar vanaf eerste positieve jaar",1.02173526503553,0.296489984347564,102.173526503553,"model3_overdisp",TRUE,FALSE,NA
233,16360,"Vink","chaffinch",1999,1997,"index_100 = eerste analysejaar vanaf eerste positieve jaar",1.62012028648544,0.416843139735272,162.012028648544,"model3_overdisp",TRUE,FALSE,NA
233,16360,"Vink","chaffinch",2000,1997,"index_100 = eerste analysejaar vanaf eerste positieve jaar",1.41971739467433,0.391206262582284,141.971739467433,"model3_overdisp",TRUE,FALSE,NA
233,16360,"Vink","chaffinch",2001,1997,"index_100 = eerste analysejaar vanaf eerste positieve jaar",2.04135156097166,0.504495694451981,204.135156097166,"model3_overdisp",TRUE,FALSE,NA
233,16360,"Vink","chaffinch",2002,1997,"index_100 = eerste analysejaar vanaf eerste positieve jaar",2.33297321253904,0.564824734243131,233.297321253904,"model3_overdisp",TRUE,FALSE,NA
233,16360,"Vink","chaffinch",2003,1997,"index_100 = eerste analysejaar vanaf eerste positieve jaar",2.60470141310946,0.623494943670736,260.470141310946,"model3_overdisp",TRUE,FALSE,NA
233,16360,"Vink","chaffinch",2004,1997,"index_100 = eerste analysejaar vanaf eerste positieve jaar",3.3050453844303,0.764783159740835,330.50453844303,"model3_overdisp",TRUE,FALSE,NA
233,16360,"Vink","chaffinch",2005,1997,"index_100 = eerste analysejaar vanaf eerste positieve jaar",3.07822854432234,0.718236270463433,307.822854432234,"model3_overdisp",TRUE,FALSE,NA
233,16360,"Vink","chaffinch",2006,1997,"index_100 = eerste analysejaar vanaf eerste positieve jaar",3.09027852691268,0.722000407430337,309.027852691268,"model3_overdisp",TRUE,FALSE,NA
233,16360,"Vink","chaffinch",2007,1997,"index_100 = eerste analysejaar vanaf eerste positieve jaar",3.63562085239615,0.838730400147878,363.562085239615,"model3_overdisp",TRUE,FALSE,NA
233,16360,"Vink","chaffinch",2008,1997,"index_100 = eerste analysejaar vanaf eerste positieve jaar",3.42840714074315,0.818626861954278,342.840714074315,"model3_overdisp",TRUE,FALSE,NA
233,16360,"Vink","chaffinch",2009,1997,"index_100 = eerste analysejaar vanaf eerste positieve jaar",4.10292026510629,0.943109049626708,410.292026510629,"model3_overdisp",TRUE,FALSE,NA
233,16360,"Vink","chaffinch",2010,1997,"index_100 = eerste analysejaar vanaf eerste positieve jaar",5.01730042652508,1.12448196233989,501.730042652508,"model3_overdisp",TRUE,FALSE,NA
233,16360,"Vink","chaffinch",2011,1997,"index_100 = eerste analysejaar vanaf eerste positieve jaar",5.02663712285831,1.12302206730118,502.663712285831,"model3_overdisp",TRUE,FALSE,NA
233,16360,"Vink","chaffinch",2012,1997,"index_100 = eerste analysejaar vanaf eerste positieve jaar",6.42222984689994,1.41083261744204,642.222984689994,"model3_overdisp",TRUE,FALSE,NA
233,16360,"Vink","chaffinch",2013,1997,"index_100 = eerste analysejaar vanaf eerste positieve jaar",6.56347805272425,1.43436759555346,656.347805272425,"model3_overdisp",TRUE,FALSE,NA
233,16360,"Vink","chaffinch",2014,1997,"index_100 = eerste analysejaar vanaf eerste positieve jaar",8.13817972346924,1.76241435732916,813.817972346924,"model3_overdisp",TRUE,FALSE,NA
233,16360,"Vink","chaffinch",2015,1997,"index_100 = eerste analysejaar vanaf eerste positieve jaar",8.67611339013899,1.86765190294288,867.611339013899,"model3_overdisp",TRUE,FALSE,NA
233,16360,"Vink","chaffinch",2016,1997,"index_100 = eerste analysejaar vanaf eerste positieve jaar",7.8325351059134,1.70345565530609,783.25351059134,"model3_overdisp",TRUE,FALSE,NA
233,16360,"Vink","chaffinch",2017,1997,"index_100 = eerste analysejaar vanaf eerste positieve jaar",7.72074304607255,1.67332620385535,772.074304607255,"model3_overdisp",TRUE,FALSE,NA
233,16360,"Vink","chaffinch",2018,1997,"index_100 = eerste analysejaar vanaf eerste positieve jaar",9.33826235330964,2.00783475015725,933.826235330964,"model3_overdisp",TRUE,FALSE,NA
233,16360,"Vink","chaffinch",2019,1997,"index_100 = eerste analysejaar vanaf eerste positieve jaar",8.05439875826678,1.74372973367027,805.439875826678,"model3_overdisp",TRUE,FALSE,NA
233,16360,"Vink","chaffinch",2020,1997,"index_100 = eerste analysejaar vanaf eerste positieve jaar",7.6590700639107,1.66435471506899,765.90700639107,"model3_overdisp",TRUE,FALSE,NA
233,16360,"Vink","chaffinch",2021,1997,"index_100 = eerste analysejaar vanaf eerste positieve jaar",7.97099180950837,1.71743482080854,797.099180950837,"model3_overdisp",TRUE,FALSE,NA
233,16360,"Vink","chaffinch",2022,1997,"index_100 = eerste analysejaar vanaf eerste positieve jaar",8.13359018738679,1.7636313880027,813.359018738679,"model3_overdisp",TRUE,FALSE,NA
236,16490,"Groenling","greenfinch",1997,1997,"index_100 = eerste analysejaar vanaf eerste positieve jaar",1,0,100,"model2_basis",FALSE,FALSE,NA
236,16490,"Groenling","greenfinch",1998,1997,"index_100 = eerste analysejaar vanaf eerste positieve jaar",0.338268289205215,0.208531809625342,33.8268289205215,"model2_basis",FALSE,FALSE,NA
236,16490,"Groenling","greenfinch",1999,1997,"index_100 = eerste analysejaar vanaf eerste positieve jaar",0.332520002535919,0.228409439155008,33.2520002535919,"model2_basis",FALSE,FALSE,NA
236,16490,"Groenling","greenfinch",2000,1997,"index_100 = eerste analysejaar vanaf eerste positieve jaar",0.684750524038011,0.257844608372887,68.4750524038011,"model2_basis",FALSE,FALSE,NA
236,16490,"Groenling","greenfinch",2001,1997,"index_100 = eerste analysejaar vanaf eerste positieve jaar",0.334399838090979,0.26359048273524,33.4399838090979,"model2_basis",FALSE,FALSE,NA
236,16490,"Groenling","greenfinch",2002,1997,"index_100 = eerste analysejaar vanaf eerste positieve jaar",0.334719408917754,0.283984825486406,33.4719408917754,"model2_basis",FALSE,FALSE,NA
236,16490,"Groenling","greenfinch",2003,1997,"index_100 = eerste analysejaar vanaf eerste positieve jaar",0.332520002535919,0.307296094298392,33.2520002535919,"model2_basis",FALSE,FALSE,NA
236,16490,"Groenling","greenfinch",2004,1997,"index_100 = eerste analysejaar vanaf eerste positieve jaar",0.332520002535919,0.331416960367526,33.2520002535919,"model2_basis",FALSE,FALSE,NA
236,16490,"Groenling","greenfinch",2005,1997,"index_100 = eerste analysejaar vanaf eerste positieve jaar",0.665040005071838,0.37321004017032,66.5040005071838,"model2_basis",FALSE,FALSE,NA
236,16490,"Groenling","greenfinch",2006,1997,"index_100 = eerste analysejaar vanaf eerste positieve jaar",0.36662420062405,0.373494189723112,36.662420062405,"model2_basis",FALSE,FALSE,NA
236,16490,"Groenling","greenfinch",2007,1997,"index_100 = eerste analysejaar vanaf eerste positieve jaar",0.0464120257593723,0.395199895807302,4.64120257593723,"model2_basis",FALSE,FALSE,NA
236,16490,"Groenling","greenfinch",2008,1997,"index_100 = eerste analysejaar vanaf eerste positieve jaar",0.435298599503552,0.417010170109369,43.5298599503552,"model2_basis",FALSE,FALSE,NA
236,16490,"Groenling","greenfinch",2009,1997,"index_100 = eerste analysejaar vanaf eerste positieve jaar",0.163260997288118,0.429503935947681,16.3260997288118,"model2_basis",FALSE,FALSE,NA
236,16490,"Groenling","greenfinch",2010,1997,"index_100 = eerste analysejaar vanaf eerste positieve jaar",0.351391837825715,0.520134808585179,35.1391837825715,"model2_basis",FALSE,FALSE,NA
236,16490,"Groenling","greenfinch",2011,1997,"index_100 = eerste analysejaar vanaf eerste positieve jaar",0.1792338372993,0.51516050460932,17.92338372993,"model2_basis",FALSE,FALSE,NA
236,16490,"Groenling","greenfinch",2012,1997,"index_100 = eerste analysejaar vanaf eerste positieve jaar",0.900457665276749,0.572002893196143,90.0457665276749,"model2_basis",FALSE,FALSE,NA
236,16490,"Groenling","greenfinch",2013,1997,"index_100 = eerste analysejaar vanaf eerste positieve jaar",0.72121472777571,0.66033714544081,72.121472777571,"model2_basis",FALSE,FALSE,NA
236,16490,"Groenling","greenfinch",2014,1997,"index_100 = eerste analysejaar vanaf eerste positieve jaar",0.352787156285602,0.636736258945361,35.2787156285601,"model2_basis",FALSE,FALSE,NA
236,16490,"Groenling","greenfinch",2015,1997,"index_100 = eerste analysejaar vanaf eerste positieve jaar",1.33342325918993,0.743472937797267,133.342325918993,"model2_basis",FALSE,FALSE,NA
236,16490,"Groenling","greenfinch",2016,1997,"index_100 = eerste analysejaar vanaf eerste positieve jaar",0.831239908858154,0.753820786851578,83.1239908858154,"model2_basis",FALSE,FALSE,NA
236,16490,"Groenling","greenfinch",2017,1997,"index_100 = eerste analysejaar vanaf eerste positieve jaar",1.12129927893564,0.906819846289726,112.129927893564,"model2_basis",FALSE,FALSE,NA
236,16490,"Groenling","greenfinch",2018,1997,"index_100 = eerste analysejaar vanaf eerste positieve jaar",3.64022133000183,1.14902089354476,364.022133000183,"model2_basis",FALSE,FALSE,NA
236,16490,"Groenling","greenfinch",2019,1997,"index_100 = eerste analysejaar vanaf eerste positieve jaar",3.18957747084349,1.10899106075315,318.957747084349,"model2_basis",FALSE,FALSE,NA
236,16490,"Groenling","greenfinch",2020,1997,"index_100 = eerste analysejaar vanaf eerste positieve jaar",7.27181532112581,1.75210421410051,727.181532112581,"model2_basis",FALSE,FALSE,NA
236,16490,"Groenling","greenfinch",2021,1997,"index_100 = eerste analysejaar vanaf eerste positieve jaar",6.9829200532543,1.79440505098624,698.29200532543,"model2_basis",FALSE,FALSE,NA
236,16490,"Groenling","greenfinch",2022,1997,"index_100 = eerste analysejaar vanaf eerste positieve jaar",4.18549490670245,1.52651767284613,418.549490670245,"model2_basis",FALSE,FALSE,NA
237,16530,"Putter","goldfinch",1997,1997,"index_100 = eerste analysejaar vanaf eerste positieve jaar",1,0,100,"model2_basis",FALSE,FALSE,NA
237,16530,"Putter","goldfinch",1998,1997,"index_100 = eerste analysejaar vanaf eerste positieve jaar",0.00919309773104766,0.509446684328458,0.919309773104766,"model2_basis",FALSE,FALSE,NA
237,16530,"Putter","goldfinch",1999,1997,"index_100 = eerste analysejaar vanaf eerste positieve jaar",2.98947055970088,1.52824796700289,298.947055970088,"model2_basis",FALSE,FALSE,NA
237,16530,"Putter","goldfinch",2000,1997,"index_100 = eerste analysejaar vanaf eerste positieve jaar",2.04363125845889,1.12046502576999,204.363125845889,"model2_basis",FALSE,FALSE,NA
237,16530,"Putter","goldfinch",2001,1997,"index_100 = eerste analysejaar vanaf eerste positieve jaar",1.03819740488785,0.792219442626596,103.819740488785,"model2_basis",FALSE,FALSE,NA
237,16530,"Putter","goldfinch",2002,1997,"index_100 = eerste analysejaar vanaf eerste positieve jaar",1.04511624831281,0.83358900527473,104.511624831281,"model2_basis",FALSE,FALSE,NA
237,16530,"Putter","goldfinch",2003,1997,"index_100 = eerste analysejaar vanaf eerste positieve jaar",0.00788250443817164,0.75497273868458,0.788250443817164,"model2_basis",FALSE,FALSE,NA
237,16530,"Putter","goldfinch",2004,1997,"index_100 = eerste analysejaar vanaf eerste positieve jaar",0,0.8201553341237,0,"model2_basis",FALSE,FALSE,NA
237,16530,"Putter","goldfinch",2005,1997,"index_100 = eerste analysejaar vanaf eerste positieve jaar",0,0.88557439218792,0,"model2_basis",FALSE,FALSE,NA
237,16530,"Putter","goldfinch",2006,1997,"index_100 = eerste analysejaar vanaf eerste positieve jaar",0,0.956211550994704,0,"model2_basis",FALSE,FALSE,NA
237,16530,"Putter","goldfinch",2007,1997,"index_100 = eerste analysejaar vanaf eerste positieve jaar",0,1.03248302832776,0,"model2_basis",FALSE,FALSE,NA
237,16530,"Putter","goldfinch",2008,1997,"index_100 = eerste analysejaar vanaf eerste positieve jaar",0.164790244132439,1.04915590734202,16.4790244132439,"model2_basis",FALSE,FALSE,NA
237,16530,"Putter","goldfinch",2009,1997,"index_100 = eerste analysejaar vanaf eerste positieve jaar",0.26301795606564,1.10815529506116,26.301795606564,"model2_basis",FALSE,FALSE,NA
237,16530,"Putter","goldfinch",2010,1997,"index_100 = eerste analysejaar vanaf eerste positieve jaar",2.10871503580945,1.60682542649535,210.871503580945,"model2_basis",FALSE,FALSE,NA
237,16530,"Putter","goldfinch",2011,1997,"index_100 = eerste analysejaar vanaf eerste positieve jaar",0.289910149154672,1.3140006093524,28.9910149154672,"model2_basis",FALSE,FALSE,NA
237,16530,"Putter","goldfinch",2012,1997,"index_100 = eerste analysejaar vanaf eerste positieve jaar",0.373091047487839,1.40972452651646,37.3091047487839,"model2_basis",FALSE,FALSE,NA
237,16530,"Putter","goldfinch",2013,1997,"index_100 = eerste analysejaar vanaf eerste positieve jaar",5.63874396406669,3.02958091476931,563.874396406669,"model2_basis",FALSE,FALSE,NA
237,16530,"Putter","goldfinch",2014,1997,"index_100 = eerste analysejaar vanaf eerste positieve jaar",1.76165618767792,1.75848712914249,176.165618767792,"model2_basis",FALSE,FALSE,NA
237,16530,"Putter","goldfinch",2015,1997,"index_100 = eerste analysejaar vanaf eerste positieve jaar",1.53215720440908,1.91497743243047,153.215720440908,"model2_basis",FALSE,FALSE,NA
237,16530,"Putter","goldfinch",2016,1997,"index_100 = eerste analysejaar vanaf eerste positieve jaar",1.62101942954847,2.06320634389499,162.101942954847,"model2_basis",FALSE,FALSE,NA
237,16530,"Putter","goldfinch",2017,1997,"index_100 = eerste analysejaar vanaf eerste positieve jaar",5.97894111940177,3.6114831551452,597.894111940177,"model2_basis",FALSE,FALSE,NA
237,16530,"Putter","goldfinch",2018,1997,"index_100 = eerste analysejaar vanaf eerste positieve jaar",3.27557468802119,2.81868181342531,327.557468802119,"model2_basis",FALSE,FALSE,NA
237,16530,"Putter","goldfinch",2019,1997,"index_100 = eerste analysejaar vanaf eerste positieve jaar",11.1854758723028,5.83454388073096,1118.54758723028,"model2_basis",FALSE,FALSE,NA
237,16530,"Putter","goldfinch",2020,1997,"index_100 = eerste analysejaar vanaf eerste positieve jaar",7.5125152489865,4.49999513052307,751.25152489865,"model2_basis",FALSE,FALSE,NA
237,16530,"Putter","goldfinch",2021,1997,"index_100 = eerste analysejaar vanaf eerste positieve jaar",11.9578822388035,6.4462621902063,1195.78822388035,"model2_basis",FALSE,FALSE,NA
237,16530,"Putter","goldfinch",2022,1997,"index_100 = eerste analysejaar vanaf eerste positieve jaar",11.9750939264041,6.5538733530379,1197.50939264041,"model2_basis",FALSE,FALSE,NA
238,16540,"Sijs","Eurasian Siskin",1998,1998,"index_100 = eerste analysejaar vanaf eerste positieve jaar",1,0,100,"model2_basis",FALSE,FALSE,"Data ends with 1 years without positive observations."
238,16540,"Sijs","Eurasian Siskin",1999,1998,"index_100 = eerste analysejaar vanaf eerste positieve jaar",0,0.389442126734164,0,"model2_basis",FALSE,FALSE,"Data ends with 1 years without positive observations."
238,16540,"Sijs","Eurasian Siskin",2000,1998,"index_100 = eerste analysejaar vanaf eerste positieve jaar",0,0.39037963817463,0,"model2_basis",FALSE,FALSE,"Data ends with 1 years without positive observations."
238,16540,"Sijs","Eurasian Siskin",2001,1998,"index_100 = eerste analysejaar vanaf eerste positieve jaar",1,0.551424032327827,100,"model2_basis",FALSE,FALSE,"Data ends with 1 years without positive observations."
238,16540,"Sijs","Eurasian Siskin",2002,1998,"index_100 = eerste analysejaar vanaf eerste positieve jaar",0,0.392261437155992,0,"model2_basis",FALSE,FALSE,"Data ends with 1 years without positive observations."
238,16540,"Sijs","Eurasian Siskin",2003,1998,"index_100 = eerste analysejaar vanaf eerste positieve jaar",0,0.393205735576071,0,"model2_basis",FALSE,FALSE,"Data ends with 1 years without positive observations."
238,16540,"Sijs","Eurasian Siskin",2004,1998,"index_100 = eerste analysejaar vanaf eerste positieve jaar",0,0.394152307223702,0,"model2_basis",FALSE,FALSE,"Data ends with 1 years without positive observations."
238,16540,"Sijs","Eurasian Siskin",2005,1998,"index_100 = eerste analysejaar vanaf eerste positieve jaar",0,0.395101157571267,0,"model2_basis",FALSE,FALSE,"Data ends with 1 years without positive observations."
238,16540,"Sijs","Eurasian Siskin",2006,1998,"index_100 = eerste analysejaar vanaf eerste positieve jaar",0,0.396052292104325,0,"model2_basis",FALSE,FALSE,"Data ends with 1 years without positive observations."
238,16540,"Sijs","Eurasian Siskin",2007,1998,"index_100 = eerste analysejaar vanaf eerste positieve jaar",0,0.397005716321639,0,"model2_basis",FALSE,FALSE,"Data ends with 1 years without positive observations."
238,16540,"Sijs","Eurasian Siskin",2008,1998,"index_100 = eerste analysejaar vanaf eerste positieve jaar",0,0.397961435735209,0,"model2_basis",FALSE,FALSE,"Data ends with 1 years without positive observations."
238,16540,"Sijs","Eurasian Siskin",2009,1998,"index_100 = eerste analysejaar vanaf eerste positieve jaar",0,0.398919455870305,0,"model2_basis",FALSE,FALSE,"Data ends with 1 years without positive observations."
238,16540,"Sijs","Eurasian Siskin",2010,1998,"index_100 = eerste analysejaar vanaf eerste positieve jaar",0,0.399879782265498,0,"model2_basis",FALSE,FALSE,"Data ends with 1 years without positive observations."
238,16540,"Sijs","Eurasian Siskin",2011,1998,"index_100 = eerste analysejaar vanaf eerste positieve jaar",0,0.400842420472692,0,"model2_basis",FALSE,FALSE,"Data ends with 1 years without positive observations."
238,16540,"Sijs","Eurasian Siskin",2012,1998,"index_100 = eerste analysejaar vanaf eerste positieve jaar",0,0.401807376057154,0,"model2_basis",FALSE,FALSE,"Data ends with 1 years without positive observations."
238,16540,"Sijs","Eurasian Siskin",2013,1998,"index_100 = eerste analysejaar vanaf eerste positieve jaar",0,0.402774654597553,0,"model2_basis",FALSE,FALSE,"Data ends with 1 years without positive observations."
238,16540,"Sijs","Eurasian Siskin",2014,1998,"index_100 = eerste analysejaar vanaf eerste positieve jaar",0,0.403744261685984,0,"model2_basis",FALSE,FALSE,"Data ends with 1 years without positive observations."
238,16540,"Sijs","Eurasian Siskin",2015,1998,"index_100 = eerste analysejaar vanaf eerste positieve jaar",0,0.404716202928004,0,"model2_basis",FALSE,FALSE,"Data ends with 1 years without positive observations."
238,16540,"Sijs","Eurasian Siskin",2016,1998,"index_100 = eerste analysejaar vanaf eerste positieve jaar",0,0.405690483942667,0,"model2_basis",FALSE,FALSE,"Data ends with 1 years without positive observations."
238,16540,"Sijs","Eurasian Siskin",2017,1998,"index_100 = eerste analysejaar vanaf eerste positieve jaar",0,0.406667110362551,0,"model2_basis",FALSE,FALSE,"Data ends with 1 years without positive observations."
238,16540,"Sijs","Eurasian Siskin",2018,1998,"index_100 = eerste analysejaar vanaf eerste positieve jaar",0,0.407646087833795,0,"model2_basis",FALSE,FALSE,"Data ends with 1 years without positive observations."
238,16540,"Sijs","Eurasian Siskin",2019,1998,"index_100 = eerste analysejaar vanaf eerste positieve jaar",0,0.40862742201613,0,"model2_basis",FALSE,FALSE,"Data ends with 1 years without positive observations."
238,16540,"Sijs","Eurasian Siskin",2020,1998,"index_100 = eerste analysejaar vanaf eerste positieve jaar",0,0.409611118582911,0,"model2_basis",FALSE,FALSE,"Data ends with 1 years without positive observations."
238,16540,"Sijs","Eurasian Siskin",2021,1998,"index_100 = eerste analysejaar vanaf eerste positieve jaar",2,0.878828987321536,200,"model2_basis",FALSE,FALSE,"Data ends with 1 years without positive observations."
238,16540,"Sijs","Eurasian Siskin",2022,1998,"index_100 = eerste analysejaar vanaf eerste positieve jaar",0,0.411585621631553,0,"model2_basis",FALSE,FALSE,"Data ends with 1 years without positive observations."
239,16600,"Kneu","common linnet",1997,1997,"index_100 = eerste analysejaar vanaf eerste positieve jaar",1,0,100,"model3_overdisp",TRUE,FALSE,NA
239,16600,"Kneu","common linnet",1998,1997,"index_100 = eerste analysejaar vanaf eerste positieve jaar",0.964156991015771,0.177817976271013,96.4156991015771,"model3_overdisp",TRUE,FALSE,NA
239,16600,"Kneu","common linnet",1999,1997,"index_100 = eerste analysejaar vanaf eerste positieve jaar",1.19402985074627,0.207703805189533,119.402985074627,"model3_overdisp",TRUE,FALSE,NA
239,16600,"Kneu","common linnet",2000,1997,"index_100 = eerste analysejaar vanaf eerste positieve jaar",1.00167023863715,0.184059764827739,100.167023863715,"model3_overdisp",TRUE,FALSE,NA
239,16600,"Kneu","common linnet",2001,1997,"index_100 = eerste analysejaar vanaf eerste positieve jaar",0.850746268656716,0.161023425968862,85.0746268656716,"model3_overdisp",TRUE,FALSE,NA
239,16600,"Kneu","common linnet",2002,1997,"index_100 = eerste analysejaar vanaf eerste positieve jaar",0.850746268656716,0.161023425968862,85.0746268656716,"model3_overdisp",TRUE,FALSE,NA
239,16600,"Kneu","common linnet",2003,1997,"index_100 = eerste analysejaar vanaf eerste positieve jaar",0.674378287376437,0.136535659379171,67.4378287376437,"model3_overdisp",TRUE,FALSE,NA
239,16600,"Kneu","common linnet",2004,1997,"index_100 = eerste analysejaar vanaf eerste positieve jaar",0.626865671641791,0.129592147376091,62.6865671641791,"model3_overdisp",TRUE,FALSE,NA
239,16600,"Kneu","common linnet",2005,1997,"index_100 = eerste analysejaar vanaf eerste positieve jaar",0.671641791044776,0.135974058487342,67.1641791044776,"model3_overdisp",TRUE,FALSE,NA
239,16600,"Kneu","common linnet",2006,1997,"index_100 = eerste analysejaar vanaf eerste positieve jaar",0.647014508361828,0.139492999933554,64.7014508361828,"model3_overdisp",TRUE,FALSE,NA
239,16600,"Kneu","common linnet",2007,1997,"index_100 = eerste analysejaar vanaf eerste positieve jaar",0.377845375718423,0.0930272565929828,37.7845375718423,"model3_overdisp",TRUE,FALSE,NA
239,16600,"Kneu","common linnet",2008,1997,"index_100 = eerste analysejaar vanaf eerste positieve jaar",0.352349768823663,0.0910051817792412,35.2349768823663,"model3_overdisp",TRUE,FALSE,NA
239,16600,"Kneu","common linnet",2009,1997,"index_100 = eerste analysejaar vanaf eerste positieve jaar",0.306081584449451,0.0819402905081729,30.6081584449451,"model3_overdisp",TRUE,FALSE,NA
239,16600,"Kneu","common linnet",2010,1997,"index_100 = eerste analysejaar vanaf eerste positieve jaar",0.304157914133825,0.083092062624612,30.4157914133825,"model3_overdisp",TRUE,FALSE,NA
239,16600,"Kneu","common linnet",2011,1997,"index_100 = eerste analysejaar vanaf eerste positieve jaar",0.238805970149254,0.0697974939347746,23.8805970149254,"model3_overdisp",TRUE,FALSE,NA
239,16600,"Kneu","common linnet",2012,1997,"index_100 = eerste analysejaar vanaf eerste positieve jaar",0.3046861198581,0.0815618050036764,30.46861198581,"model3_overdisp",TRUE,FALSE,NA
239,16600,"Kneu","common linnet",2013,1997,"index_100 = eerste analysejaar vanaf eerste positieve jaar",0.322637642215933,0.0864145803120477,32.2637642215933,"model3_overdisp",TRUE,FALSE,NA
239,16600,"Kneu","common linnet",2014,1997,"index_100 = eerste analysejaar vanaf eerste positieve jaar",0.435560816991509,0.104384476104573,43.5560816991509,"model3_overdisp",TRUE,FALSE,NA
239,16600,"Kneu","common linnet",2015,1997,"index_100 = eerste analysejaar vanaf eerste positieve jaar",0.432835820895522,0.101059095664162,43.2835820895522,"model3_overdisp",TRUE,FALSE,NA
239,16600,"Kneu","common linnet",2016,1997,"index_100 = eerste analysejaar vanaf eerste positieve jaar",0.34491226212908,0.0875593224319492,34.491226212908,"model3_overdisp",TRUE,FALSE,NA
239,16600,"Kneu","common linnet",2017,1997,"index_100 = eerste analysejaar vanaf eerste positieve jaar",0.32991607681912,0.0851574957522603,32.991607681912,"model3_overdisp",TRUE,FALSE,NA
239,16600,"Kneu","common linnet",2018,1997,"index_100 = eerste analysejaar vanaf eerste positieve jaar",0.519976675966446,0.116236612595451,51.9976675966446,"model3_overdisp",TRUE,FALSE,NA
239,16600,"Kneu","common linnet",2019,1997,"index_100 = eerste analysejaar vanaf eerste positieve jaar",0.578275181020546,0.124491920921647,57.8275181020546,"model3_overdisp",TRUE,FALSE,NA
239,16600,"Kneu","common linnet",2020,1997,"index_100 = eerste analysejaar vanaf eerste positieve jaar",0.691861404539779,0.142172115554547,69.1861404539779,"model3_overdisp",TRUE,FALSE,NA
239,16600,"Kneu","common linnet",2021,1997,"index_100 = eerste analysejaar vanaf eerste positieve jaar",0.836298124876653,0.164482066412999,83.6298124876653,"model3_overdisp",TRUE,FALSE,NA
239,16600,"Kneu","common linnet",2022,1997,"index_100 = eerste analysejaar vanaf eerste positieve jaar",0.529679093111384,0.11842413344498,52.9679093111384,"model3_overdisp",TRUE,FALSE,NA
242,16634,"Kleine Barmsijs","Lesser Redpoll",1997,1997,"index_100 = eerste analysejaar vanaf eerste positieve jaar",1,0,100,"model2_basis",FALSE,FALSE,"Data ends with 2 years without positive observations."
242,16634,"Kleine Barmsijs","Lesser Redpoll",1998,1997,"index_100 = eerste analysejaar vanaf eerste positieve jaar",0.140177503033203,0.530109214862023,14.0177503033203,"model2_basis",FALSE,FALSE,"Data ends with 2 years without positive observations."
242,16634,"Kleine Barmsijs","Lesser Redpoll",1999,1997,"index_100 = eerste analysejaar vanaf eerste positieve jaar",0.5,0.616261687243719,50,"model2_basis",FALSE,FALSE,"Data ends with 2 years without positive observations."
242,16634,"Kleine Barmsijs","Lesser Redpoll",2000,1997,"index_100 = eerste analysejaar vanaf eerste positieve jaar",0.5,0.58596744293614,50,"model2_basis",FALSE,FALSE,"Data ends with 2 years without positive observations."
242,16634,"Kleine Barmsijs","Lesser Redpoll",2001,1997,"index_100 = eerste analysejaar vanaf eerste positieve jaar",0.5,0.558190533210128,50,"model2_basis",FALSE,FALSE,"Data ends with 2 years without positive observations."
242,16634,"Kleine Barmsijs","Lesser Redpoll",2002,1997,"index_100 = eerste analysejaar vanaf eerste positieve jaar",0,0.435860926335525,0,"model2_basis",FALSE,FALSE,"Data ends with 2 years without positive observations."
242,16634,"Kleine Barmsijs","Lesser Redpoll",2003,1997,"index_100 = eerste analysejaar vanaf eerste positieve jaar",0,0.407154474901958,0,"model2_basis",FALSE,FALSE,"Data ends with 2 years without positive observations."
242,16634,"Kleine Barmsijs","Lesser Redpoll",2004,1997,"index_100 = eerste analysejaar vanaf eerste positieve jaar",2.5,1.57841300318807,250,"model2_basis",FALSE,FALSE,"Data ends with 2 years without positive observations."
242,16634,"Kleine Barmsijs","Lesser Redpoll",2005,1997,"index_100 = eerste analysejaar vanaf eerste positieve jaar",0,0.355289000285989,0,"model2_basis",FALSE,FALSE,"Data ends with 2 years without positive observations."
242,16634,"Kleine Barmsijs","Lesser Redpoll",2006,1997,"index_100 = eerste analysejaar vanaf eerste positieve jaar",0,0.331889136211596,0,"model2_basis",FALSE,FALSE,"Data ends with 2 years without positive observations."
242,16634,"Kleine Barmsijs","Lesser Redpoll",2007,1997,"index_100 = eerste analysejaar vanaf eerste positieve jaar",0,0.310030422125689,0,"model2_basis",FALSE,FALSE,"Data ends with 2 years without positive observations."
242,16634,"Kleine Barmsijs","Lesser Redpoll",2008,1997,"index_100 = eerste analysejaar vanaf eerste positieve jaar",0.0358842452382957,0.260239248805585,3.58842452382957,"model2_basis",FALSE,FALSE,"Data ends with 2 years without positive observations."
242,16634,"Kleine Barmsijs","Lesser Redpoll",2009,1997,"index_100 = eerste analysejaar vanaf eerste positieve jaar",0.0313131216838556,0.243245749457445,3.13131216838556,"model2_basis",FALSE,FALSE,"Data ends with 2 years without positive observations."
242,16634,"Kleine Barmsijs","Lesser Redpoll",2010,1997,"index_100 = eerste analysejaar vanaf eerste positieve jaar",0,0.252719140624424,0,"model2_basis",FALSE,FALSE,"Data ends with 2 years without positive observations."
242,16634,"Kleine Barmsijs","Lesser Redpoll",2011,1997,"index_100 = eerste analysejaar vanaf eerste positieve jaar",0,0.236074680664085,0,"model2_basis",FALSE,FALSE,"Data ends with 2 years without positive observations."
242,16634,"Kleine Barmsijs","Lesser Redpoll",2012,1997,"index_100 = eerste analysejaar vanaf eerste positieve jaar",0,0.220526449690149,0,"model2_basis",FALSE,FALSE,"Data ends with 2 years without positive observations."
242,16634,"Kleine Barmsijs","Lesser Redpoll",2013,1997,"index_100 = eerste analysejaar vanaf eerste positieve jaar",0,0.206002248424689,0,"model2_basis",FALSE,FALSE,"Data ends with 2 years without positive observations."
242,16634,"Kleine Barmsijs","Lesser Redpoll",2014,1997,"index_100 = eerste analysejaar vanaf eerste positieve jaar",0,0.192434632742028,0,"model2_basis",FALSE,FALSE,"Data ends with 2 years without positive observations."
242,16634,"Kleine Barmsijs","Lesser Redpoll",2015,1997,"index_100 = eerste analysejaar vanaf eerste positieve jaar",0,0.179760600487316,0,"model2_basis",FALSE,FALSE,"Data ends with 2 years without positive observations."
242,16634,"Kleine Barmsijs","Lesser Redpoll",2016,1997,"index_100 = eerste analysejaar vanaf eerste positieve jaar",0,0.167921298921693,0,"model2_basis",FALSE,FALSE,"Data ends with 2 years without positive observations."
242,16634,"Kleine Barmsijs","Lesser Redpoll",2017,1997,"index_100 = eerste analysejaar vanaf eerste positieve jaar",0,0.156861751435561,0,"model2_basis",FALSE,FALSE,"Data ends with 2 years without positive observations."
242,16634,"Kleine Barmsijs","Lesser Redpoll",2018,1997,"index_100 = eerste analysejaar vanaf eerste positieve jaar",0.00918606073341984,0.131927695201041,0.918606073341984,"model2_basis",FALSE,FALSE,"Data ends with 2 years without positive observations."
242,16634,"Kleine Barmsijs","Lesser Redpoll",2019,1997,"index_100 = eerste analysejaar vanaf eerste positieve jaar",0.00801589208943119,0.123194345181956,0.801589208943119,"model2_basis",FALSE,FALSE,"Data ends with 2 years without positive observations."
242,16634,"Kleine Barmsijs","Lesser Redpoll",2020,1997,"index_100 = eerste analysejaar vanaf eerste positieve jaar",0.5,0.33199187065346,50,"model2_basis",FALSE,FALSE,"Data ends with 2 years without positive observations."
242,16634,"Kleine Barmsijs","Lesser Redpoll",2021,1997,"index_100 = eerste analysejaar vanaf eerste positieve jaar",0,0.119443400504569,0,"model2_basis",FALSE,FALSE,"Data ends with 2 years without positive observations."
242,16634,"Kleine Barmsijs","Lesser Redpoll",2022,1997,"index_100 = eerste analysejaar vanaf eerste positieve jaar",0,0.111576679795117,0,"model2_basis",FALSE,FALSE,"Data ends with 2 years without positive observations."
243,16660,"Kruisbek","Crossbill",1998,1998,"index_100 = eerste analysejaar vanaf eerste positieve jaar",1,0,100,"model2_basis",FALSE,FALSE,"Data ends with 19 years without positive observations."
243,16660,"Kruisbek","Crossbill",1999,1998,"index_100 = eerste analysejaar vanaf eerste positieve jaar",0,0.791672084444618,0,"model2_basis",FALSE,FALSE,"Data ends with 19 years without positive observations."
243,16660,"Kruisbek","Crossbill",2000,1998,"index_100 = eerste analysejaar vanaf eerste positieve jaar",1,1.15348160914298,100,"model2_basis",FALSE,FALSE,"Data ends with 19 years without positive observations."
243,16660,"Kruisbek","Crossbill",2001,1998,"index_100 = eerste analysejaar vanaf eerste positieve jaar",0,0.558547270754689,0,"model2_basis",FALSE,FALSE,"Data ends with 19 years without positive observations."
243,16660,"Kruisbek","Crossbill",2002,1998,"index_100 = eerste analysejaar vanaf eerste positieve jaar",0,0.469155957385053,0,"model2_basis",FALSE,FALSE,"Data ends with 19 years without positive observations."
243,16660,"Kruisbek","Crossbill",2003,1998,"index_100 = eerste analysejaar vanaf eerste positieve jaar",1,1.02157992201122,100,"model2_basis",FALSE,FALSE,"Data ends with 19 years without positive observations."
243,16660,"Kruisbek","Crossbill",2004,1998,"index_100 = eerste analysejaar vanaf eerste positieve jaar",0,0.331002930006757,0,"model2_basis",FALSE,FALSE,"Data ends with 19 years without positive observations."
243,16660,"Kruisbek","Crossbill",2005,1998,"index_100 = eerste analysejaar vanaf eerste positieve jaar",0,0.278028386594303,0,"model2_basis",FALSE,FALSE,"Data ends with 19 years without positive observations."
243,16660,"Kruisbek","Crossbill",2006,1998,"index_100 = eerste analysejaar vanaf eerste positieve jaar",0,0.23353202266413,0,"model2_basis",FALSE,FALSE,"Data ends with 19 years without positive observations."
243,16660,"Kruisbek","Crossbill",2007,1998,"index_100 = eerste analysejaar vanaf eerste positieve jaar",0,0.196156968997485,0,"model2_basis",FALSE,FALSE,"Data ends with 19 years without positive observations."
243,16660,"Kruisbek","Crossbill",2008,1998,"index_100 = eerste analysejaar vanaf eerste positieve jaar",0,0.164763513146202,0,"model2_basis",FALSE,FALSE,"Data ends with 19 years without positive observations."
243,16660,"Kruisbek","Crossbill",2009,1998,"index_100 = eerste analysejaar vanaf eerste positieve jaar",0.00645296605346361,0.116294062069722,0.645296605346361,"model2_basis",FALSE,FALSE,"Data ends with 19 years without positive observations."
243,16660,"Kruisbek","Crossbill",2010,1998,"index_100 = eerste analysejaar vanaf eerste positieve jaar",0,0.116245365216239,0,"model2_basis",FALSE,FALSE,"Data ends with 19 years without positive observations."
243,16660,"Kruisbek","Crossbill",2011,1998,"index_100 = eerste analysejaar vanaf eerste positieve jaar",0.00321209651274128,0.0813562870852682,0.321209651274128,"model2_basis",FALSE,FALSE,"Data ends with 19 years without positive observations."
243,16660,"Kruisbek","Crossbill",2012,1998,"index_100 = eerste analysejaar vanaf eerste positieve jaar",0.00226622584760067,0.068077872365133,0.226622584760067,"model2_basis",FALSE,FALSE,"Data ends with 19 years without positive observations."
243,16660,"Kruisbek","Crossbill",2013,1998,"index_100 = eerste analysejaar vanaf eerste positieve jaar",0.00159888707327489,0.0569907495012988,0.159888707327489,"model2_basis",FALSE,FALSE,"Data ends with 19 years without positive observations."
243,16660,"Kruisbek","Crossbill",2014,1998,"index_100 = eerste analysejaar vanaf eerste positieve jaar",0.00112806050455745,0.0477305336048802,0.112806050455745,"model2_basis",FALSE,FALSE,"Data ends with 19 years without positive observations."
243,16660,"Kruisbek","Crossbill",2015,1998,"index_100 = eerste analysejaar vanaf eerste positieve jaar",0.000795878910532431,0.0399923777877411,0.0795878910532431,"model2_basis",FALSE,FALSE,"Data ends with 19 years without positive observations."
243,16660,"Kruisbek","Crossbill",2016,1998,"index_100 = eerste analysejaar vanaf eerste positieve jaar",0.000561515306733293,0.0335222896366602,0.0561515306733293,"model2_basis",FALSE,FALSE,"Data ends with 19 years without positive observations."
243,16660,"Kruisbek","Crossbill",2017,1998,"index_100 = eerste analysejaar vanaf eerste positieve jaar",0,0.0342907319806826,0,"model2_basis",FALSE,FALSE,"Data ends with 19 years without positive observations."
243,16660,"Kruisbek","Crossbill",2018,1998,"index_100 = eerste analysejaar vanaf eerste positieve jaar",0,0.0288027567838515,0,"model2_basis",FALSE,FALSE,"Data ends with 19 years without positive observations."
243,16660,"Kruisbek","Crossbill",2019,1998,"index_100 = eerste analysejaar vanaf eerste positieve jaar",0.00019719931755404,0.0197817627720991,0.019719931755404,"model2_basis",FALSE,FALSE,"Data ends with 19 years without positive observations."
243,16660,"Kruisbek","Crossbill",2020,1998,"index_100 = eerste analysejaar vanaf eerste positieve jaar",0,0.0203211677005353,0,"model2_basis",FALSE,FALSE,"Data ends with 19 years without positive observations."
243,16660,"Kruisbek","Crossbill",2021,1998,"index_100 = eerste analysejaar vanaf eerste positieve jaar",0,0.0170689167898808,0,"model2_basis",FALSE,FALSE,"Data ends with 19 years without positive observations."
243,16660,"Kruisbek","Crossbill",2022,1998,"index_100 = eerste analysejaar vanaf eerste positieve jaar",0,0.0143371643142437,0,"model2_basis",FALSE,FALSE,"Data ends with 19 years without positive observations."
246,17100,"Goudvink","bullfinch",1997,1997,"index_100 = eerste analysejaar vanaf eerste positieve jaar",1,0,100,"model3_overdisp",TRUE,FALSE,"Overdispersion 0.7 <1; consider setting overdisp=FALSE"
246,17100,"Goudvink","bullfinch",1998,1997,"index_100 = eerste analysejaar vanaf eerste positieve jaar",0.994293514265902,0.176477385061611,99.4293514265902,"model3_overdisp",TRUE,FALSE,"Overdispersion 0.7 <1; consider setting overdisp=FALSE"
246,17100,"Goudvink","bullfinch",1999,1997,"index_100 = eerste analysejaar vanaf eerste positieve jaar",1.1304347826087,0.190002319228572,113.04347826087,"model3_overdisp",TRUE,FALSE,"Overdispersion 0.7 <1; consider setting overdisp=FALSE"
246,17100,"Goudvink","bullfinch",2000,1997,"index_100 = eerste analysejaar vanaf eerste positieve jaar",1.40315604002202,0.235740394149857,140.315604002202,"model3_overdisp",TRUE,FALSE,"Overdispersion 0.7 <1; consider setting overdisp=FALSE"
246,17100,"Goudvink","bullfinch",2001,1997,"index_100 = eerste analysejaar vanaf eerste positieve jaar",1.17391304347826,0.195587489550575,117.391304347826,"model3_overdisp",TRUE,FALSE,"Overdispersion 0.7 <1; consider setting overdisp=FALSE"
246,17100,"Goudvink","bullfinch",2002,1997,"index_100 = eerste analysejaar vanaf eerste positieve jaar",1,0.173147817604626,100,"model3_overdisp",TRUE,FALSE,"Overdispersion 0.7 <1; consider setting overdisp=FALSE"
246,17100,"Goudvink","bullfinch",2003,1997,"index_100 = eerste analysejaar vanaf eerste positieve jaar",1.11662303120748,0.190511004544997,111.662303120748,"model3_overdisp",TRUE,FALSE,"Overdispersion 0.7 <1; consider setting overdisp=FALSE"
246,17100,"Goudvink","bullfinch",2004,1997,"index_100 = eerste analysejaar vanaf eerste positieve jaar",0.91304347826087,0.161811794304085,91.304347826087,"model3_overdisp",TRUE,FALSE,"Overdispersion 0.7 <1; consider setting overdisp=FALSE"
246,17100,"Goudvink","bullfinch",2005,1997,"index_100 = eerste analysejaar vanaf eerste positieve jaar",0.869565217391304,0.156107372400653,86.9565217391304,"model3_overdisp",TRUE,FALSE,"Overdispersion 0.7 <1; consider setting overdisp=FALSE"
246,17100,"Goudvink","bullfinch",2006,1997,"index_100 = eerste analysejaar vanaf eerste positieve jaar",0.951096388940828,0.167578806799414,95.1096388940828,"model3_overdisp",TRUE,FALSE,"Overdispersion 0.7 <1; consider setting overdisp=FALSE"
246,17100,"Goudvink","bullfinch",2007,1997,"index_100 = eerste analysejaar vanaf eerste positieve jaar",0.867250360762371,0.159228690596601,86.7250360762371,"model3_overdisp",TRUE,FALSE,"Overdispersion 0.7 <1; consider setting overdisp=FALSE"
246,17100,"Goudvink","bullfinch",2008,1997,"index_100 = eerste analysejaar vanaf eerste positieve jaar",0.638438103894082,0.135819003923961,63.8438103894082,"model3_overdisp",TRUE,FALSE,"Overdispersion 0.7 <1; consider setting overdisp=FALSE"
246,17100,"Goudvink","bullfinch",2009,1997,"index_100 = eerste analysejaar vanaf eerste positieve jaar",0.481796710355312,0.107282699891609,48.1796710355312,"model3_overdisp",TRUE,FALSE,"Overdispersion 0.7 <1; consider setting overdisp=FALSE"
246,17100,"Goudvink","bullfinch",2010,1997,"index_100 = eerste analysejaar vanaf eerste positieve jaar",0.560635477065324,0.115718786751165,56.0635477065324,"model3_overdisp",TRUE,FALSE,"Overdispersion 0.7 <1; consider setting overdisp=FALSE"
246,17100,"Goudvink","bullfinch",2011,1997,"index_100 = eerste analysejaar vanaf eerste positieve jaar",0.508060087119247,0.107761331416612,50.8060087119247,"model3_overdisp",TRUE,FALSE,"Overdispersion 0.7 <1; consider setting overdisp=FALSE"
246,17100,"Goudvink","bullfinch",2012,1997,"index_100 = eerste analysejaar vanaf eerste positieve jaar",0.397933703539224,0.093853304243868,39.7933703539224,"model3_overdisp",TRUE,FALSE,"Overdispersion 0.7 <1; consider setting overdisp=FALSE"
246,17100,"Goudvink","bullfinch",2013,1997,"index_100 = eerste analysejaar vanaf eerste positieve jaar",0.448508381652259,0.0997858750037616,44.8508381652259,"model3_overdisp",TRUE,FALSE,"Overdispersion 0.7 <1; consider setting overdisp=FALSE"
246,17100,"Goudvink","bullfinch",2014,1997,"index_100 = eerste analysejaar vanaf eerste positieve jaar",0.501567505239428,0.108021667604119,50.1567505239428,"model3_overdisp",TRUE,FALSE,"Overdispersion 0.7 <1; consider setting overdisp=FALSE"
246,17100,"Goudvink","bullfinch",2015,1997,"index_100 = eerste analysejaar vanaf eerste positieve jaar",0.397612242093324,0.0918094554584172,39.7612242093324,"model3_overdisp",TRUE,FALSE,"Overdispersion 0.7 <1; consider setting overdisp=FALSE"
246,17100,"Goudvink","bullfinch",2016,1997,"index_100 = eerste analysejaar vanaf eerste positieve jaar",0.224173971174756,0.0649635398065815,22.4173971174756,"model3_overdisp",TRUE,FALSE,"Overdispersion 0.7 <1; consider setting overdisp=FALSE"
246,17100,"Goudvink","bullfinch",2017,1997,"index_100 = eerste analysejaar vanaf eerste positieve jaar",0.264678776411514,0.071251302247192,26.4678776411514,"model3_overdisp",TRUE,FALSE,"Overdispersion 0.7 <1; consider setting overdisp=FALSE"
246,17100,"Goudvink","bullfinch",2018,1997,"index_100 = eerste analysejaar vanaf eerste positieve jaar",0.220462624000177,0.0702217214760467,22.0462624000177,"model3_overdisp",TRUE,FALSE,"Overdispersion 0.7 <1; consider setting overdisp=FALSE"
246,17100,"Goudvink","bullfinch",2019,1997,"index_100 = eerste analysejaar vanaf eerste positieve jaar",0.264988190695421,0.0739081892560988,26.4988190695421,"model3_overdisp",TRUE,FALSE,"Overdispersion 0.7 <1; consider setting overdisp=FALSE"
246,17100,"Goudvink","bullfinch",2020,1997,"index_100 = eerste analysejaar vanaf eerste positieve jaar",0.159343574855551,0.053693142709691,15.9343574855551,"model3_overdisp",TRUE,FALSE,"Overdispersion 0.7 <1; consider setting overdisp=FALSE"
246,17100,"Goudvink","bullfinch",2021,1997,"index_100 = eerste analysejaar vanaf eerste positieve jaar",0.112127095413065,0.0438488116825228,11.2127095413065,"model3_overdisp",TRUE,FALSE,"Overdispersion 0.7 <1; consider setting overdisp=FALSE"
246,17100,"Goudvink","bullfinch",2022,1997,"index_100 = eerste analysejaar vanaf eerste positieve jaar",0.0999511983405328,0.0432829141788671,9.99511983405328,"model3_overdisp",TRUE,FALSE,"Overdispersion 0.7 <1; consider setting overdisp=FALSE"
248,17170,"Appelvink","hawfinch",2001,2001,"index_100 = eerste analysejaar vanaf eerste positieve jaar",1,0,100,"model2_basis",FALSE,FALSE,NA
248,17170,"Appelvink","hawfinch",2002,2001,"index_100 = eerste analysejaar vanaf eerste positieve jaar",0.0289650762743921,0.584691918930809,2.89650762743921,"model2_basis",FALSE,FALSE,NA
248,17170,"Appelvink","hawfinch",2003,2001,"index_100 = eerste analysejaar vanaf eerste positieve jaar",0.0267886233023758,0.639850326115119,2.67886233023758,"model2_basis",FALSE,FALSE,NA
248,17170,"Appelvink","hawfinch",2004,2001,"index_100 = eerste analysejaar vanaf eerste positieve jaar",0,0.713707177677376,0,"model2_basis",FALSE,FALSE,NA
248,17170,"Appelvink","hawfinch",2005,2001,"index_100 = eerste analysejaar vanaf eerste positieve jaar",0.975434986090248,0.933600100618461,97.5434986090248,"model2_basis",FALSE,FALSE,NA
248,17170,"Appelvink","hawfinch",2006,2001,"index_100 = eerste analysejaar vanaf eerste positieve jaar",0.181408882287769,0.748630273290686,18.1408882287769,"model2_basis",FALSE,FALSE,NA
248,17170,"Appelvink","hawfinch",2007,2001,"index_100 = eerste analysejaar vanaf eerste positieve jaar",1.24145376686246,1.01047520992757,124.145376686246,"model2_basis",FALSE,FALSE,NA
248,17170,"Appelvink","hawfinch",2008,2001,"index_100 = eerste analysejaar vanaf eerste positieve jaar",0.502730118508727,0.775775058871194,50.2730118508727,"model2_basis",FALSE,FALSE,NA
248,17170,"Appelvink","hawfinch",2009,2001,"index_100 = eerste analysejaar vanaf eerste positieve jaar",1.20668657537975,1.16602693205098,120.668657537975,"model2_basis",FALSE,FALSE,NA
248,17170,"Appelvink","hawfinch",2010,2001,"index_100 = eerste analysejaar vanaf eerste positieve jaar",0.0534325413333888,1.15063983565535,5.34325413333888,"model2_basis",FALSE,FALSE,NA
248,17170,"Appelvink","hawfinch",2011,2001,"index_100 = eerste analysejaar vanaf eerste positieve jaar",0.0384463706027896,1.257834811812,3.84463706027896,"model2_basis",FALSE,FALSE,NA
248,17170,"Appelvink","hawfinch",2012,2001,"index_100 = eerste analysejaar vanaf eerste positieve jaar",0.0822398036286403,1.3542383383829,8.22398036286403,"model2_basis",FALSE,FALSE,NA
248,17170,"Appelvink","hawfinch",2013,2001,"index_100 = eerste analysejaar vanaf eerste positieve jaar",3.06735268351748,2.19238949091712,306.735268351748,"model2_basis",FALSE,FALSE,NA
248,17170,"Appelvink","hawfinch",2014,2001,"index_100 = eerste analysejaar vanaf eerste positieve jaar",5.04348699260234,3.13115433938946,504.348699260234,"model2_basis",FALSE,FALSE,NA
248,17170,"Appelvink","hawfinch",2015,2001,"index_100 = eerste analysejaar vanaf eerste positieve jaar",3.00062158632933,2.37425135629027,300.062158632933,"model2_basis",FALSE,FALSE,NA
248,17170,"Appelvink","hawfinch",2016,2001,"index_100 = eerste analysejaar vanaf eerste positieve jaar",4.9317678608434,3.10994682550407,493.17678608434,"model2_basis",FALSE,FALSE,NA
248,17170,"Appelvink","hawfinch",2017,2001,"index_100 = eerste analysejaar vanaf eerste positieve jaar",6.96381144596747,4.15576338027089,696.381144596747,"model2_basis",FALSE,FALSE,NA
248,17170,"Appelvink","hawfinch",2018,2001,"index_100 = eerste analysejaar vanaf eerste positieve jaar",10.7505400011872,6.13716693086827,1075.05400011872,"model2_basis",FALSE,FALSE,NA
248,17170,"Appelvink","hawfinch",2019,2001,"index_100 = eerste analysejaar vanaf eerste positieve jaar",6.19545536213379,4.00982359087896,619.545536213379,"model2_basis",FALSE,FALSE,NA
248,17170,"Appelvink","hawfinch",2020,2001,"index_100 = eerste analysejaar vanaf eerste positieve jaar",8.92727493194189,5.36693088462694,892.727493194189,"model2_basis",FALSE,FALSE,NA
248,17170,"Appelvink","hawfinch",2021,2001,"index_100 = eerste analysejaar vanaf eerste positieve jaar",5.85260991654149,4.28787485214135,585.260991654149,"model2_basis",FALSE,FALSE,NA
248,17170,"Appelvink","hawfinch",2022,2001,"index_100 = eerste analysejaar vanaf eerste positieve jaar",4.87717493045124,4.10885668378811,487.717493045124,"model2_basis",FALSE,FALSE,NA
251,18770,"Rietgors","reed bunting",1997,1997,"index_100 = eerste analysejaar vanaf eerste positieve jaar",1,0,100,"model3_overdisp",TRUE,FALSE,"Overdispersion 0.9 <1; consider setting overdisp=FALSE"
251,18770,"Rietgors","reed bunting",1998,1997,"index_100 = eerste analysejaar vanaf eerste positieve jaar",0.951504347489952,0.145631821139586,95.1504347489952,"model3_overdisp",TRUE,FALSE,"Overdispersion 0.9 <1; consider setting overdisp=FALSE"
251,18770,"Rietgors","reed bunting",1999,1997,"index_100 = eerste analysejaar vanaf eerste positieve jaar",0.730769230769231,0.120091928576849,73.0769230769231,"model3_overdisp",TRUE,FALSE,"Overdispersion 0.9 <1; consider setting overdisp=FALSE"
251,18770,"Rietgors","reed bunting",2000,1997,"index_100 = eerste analysejaar vanaf eerste positieve jaar",0.663850345113474,0.116671733469163,66.3850345113474,"model3_overdisp",TRUE,FALSE,"Overdispersion 0.9 <1; consider setting overdisp=FALSE"
251,18770,"Rietgors","reed bunting",2001,1997,"index_100 = eerste analysejaar vanaf eerste positieve jaar",0.67948717948718,0.114073059532252,67.948717948718,"model3_overdisp",TRUE,FALSE,"Overdispersion 0.9 <1; consider setting overdisp=FALSE"
251,18770,"Rietgors","reed bunting",2002,1997,"index_100 = eerste analysejaar vanaf eerste positieve jaar",0.474358974358974,0.08930161013438,47.4358974358974,"model3_overdisp",TRUE,FALSE,"Overdispersion 0.9 <1; consider setting overdisp=FALSE"
251,18770,"Rietgors","reed bunting",2003,1997,"index_100 = eerste analysejaar vanaf eerste positieve jaar",0.692307692307692,0.115582837699749,69.2307692307692,"model3_overdisp",TRUE,FALSE,"Overdispersion 0.9 <1; consider setting overdisp=FALSE"
251,18770,"Rietgors","reed bunting",2004,1997,"index_100 = eerste analysejaar vanaf eerste positieve jaar",0.5,0.0924772148565483,50,"model3_overdisp",TRUE,FALSE,"Overdispersion 0.9 <1; consider setting overdisp=FALSE"
251,18770,"Rietgors","reed bunting",2005,1997,"index_100 = eerste analysejaar vanaf eerste positieve jaar",0.435897435897436,0.0844807920741695,43.5897435897436,"model3_overdisp",TRUE,FALSE,"Overdispersion 0.9 <1; consider setting overdisp=FALSE"
251,18770,"Rietgors","reed bunting",2006,1997,"index_100 = eerste analysejaar vanaf eerste positieve jaar",0.499800748592631,0.0932866966353856,49.9800748592631,"model3_overdisp",TRUE,FALSE,"Overdispersion 0.9 <1; consider setting overdisp=FALSE"
251,18770,"Rietgors","reed bunting",2007,1997,"index_100 = eerste analysejaar vanaf eerste positieve jaar",0.399572547432821,0.0800141458888888,39.9572547432821,"model3_overdisp",TRUE,FALSE,"Overdispersion 0.9 <1; consider setting overdisp=FALSE"
251,18770,"Rietgors","reed bunting",2008,1997,"index_100 = eerste analysejaar vanaf eerste positieve jaar",0.215885108171047,0.0574610668658754,21.5885108171047,"model3_overdisp",TRUE,FALSE,"Overdispersion 0.9 <1; consider setting overdisp=FALSE"
251,18770,"Rietgors","reed bunting",2009,1997,"index_100 = eerste analysejaar vanaf eerste positieve jaar",0.21858883658553,0.0551800976730555,21.858883658553,"model3_overdisp",TRUE,FALSE,"Overdispersion 0.9 <1; consider setting overdisp=FALSE"
251,18770,"Rietgors","reed bunting",2010,1997,"index_100 = eerste analysejaar vanaf eerste positieve jaar",0.243589743589744,0.0587722307191975,24.3589743589744,"model3_overdisp",TRUE,FALSE,"Overdispersion 0.9 <1; consider setting overdisp=FALSE"
251,18770,"Rietgors","reed bunting",2011,1997,"index_100 = eerste analysejaar vanaf eerste positieve jaar",0.243589743589744,0.0587722307191975,24.3589743589744,"model3_overdisp",TRUE,FALSE,"Overdispersion 0.9 <1; consider setting overdisp=FALSE"
251,18770,"Rietgors","reed bunting",2012,1997,"index_100 = eerste analysejaar vanaf eerste positieve jaar",0.306569757893827,0.0686317163726887,30.6569757893827,"model3_overdisp",TRUE,FALSE,"Overdispersion 0.9 <1; consider setting overdisp=FALSE"
251,18770,"Rietgors","reed bunting",2013,1997,"index_100 = eerste analysejaar vanaf eerste positieve jaar",0.256733216782726,0.0606861644006986,25.6733216782726,"model3_overdisp",TRUE,FALSE,"Overdispersion 0.9 <1; consider setting overdisp=FALSE"
251,18770,"Rietgors","reed bunting",2014,1997,"index_100 = eerste analysejaar vanaf eerste positieve jaar",0.20538657342618,0.0531599621181155,20.538657342618,"model3_overdisp",TRUE,FALSE,"Overdispersion 0.9 <1; consider setting overdisp=FALSE"
251,18770,"Rietgors","reed bunting",2015,1997,"index_100 = eerste analysejaar vanaf eerste positieve jaar",0.243589743589744,0.0587722307191975,24.3589743589744,"model3_overdisp",TRUE,FALSE,"Overdispersion 0.9 <1; consider setting overdisp=FALSE"
251,18770,"Rietgors","reed bunting",2016,1997,"index_100 = eerste analysejaar vanaf eerste positieve jaar",0.230769230769231,0.0569090552963374,23.0769230769231,"model3_overdisp",TRUE,FALSE,"Overdispersion 0.9 <1; consider setting overdisp=FALSE"
251,18770,"Rietgors","reed bunting",2017,1997,"index_100 = eerste analysejaar vanaf eerste positieve jaar",0.17948717948718,0.0491323388887272,17.948717948718,"model3_overdisp",TRUE,FALSE,"Overdispersion 0.9 <1; consider setting overdisp=FALSE"
251,18770,"Rietgors","reed bunting",2018,1997,"index_100 = eerste analysejaar vanaf eerste positieve jaar",0.267396510449268,0.0632336469980262,26.7396510449268,"model3_overdisp",TRUE,FALSE,"Overdispersion 0.9 <1; consider setting overdisp=FALSE"
251,18770,"Rietgors","reed bunting",2019,1997,"index_100 = eerste analysejaar vanaf eerste positieve jaar",0.244305170301474,0.0589467821311758,24.4305170301474,"model3_overdisp",TRUE,FALSE,"Overdispersion 0.9 <1; consider setting overdisp=FALSE"
251,18770,"Rietgors","reed bunting",2020,1997,"index_100 = eerste analysejaar vanaf eerste positieve jaar",0.256410256410256,0.0606090592179972,25.6410256410256,"model3_overdisp",TRUE,FALSE,"Overdispersion 0.9 <1; consider setting overdisp=FALSE"
251,18770,"Rietgors","reed bunting",2021,1997,"index_100 = eerste analysejaar vanaf eerste positieve jaar",0.269230769230769,0.0624218666931862,26.9230769230769,"model3_overdisp",TRUE,FALSE,"Overdispersion 0.9 <1; consider setting overdisp=FALSE"
251,18770,"Rietgors","reed bunting",2022,1997,"index_100 = eerste analysejaar vanaf eerste positieve jaar",0.244542113370396,0.0618004052692043,24.4542113370396,"model3_overdisp",TRUE,FALSE,"Overdispersion 0.9 <1; consider setting overdisp=FALSE"
