"soort_id","soort_naam","status","reden","row_hash","m0_status","m1_status","m2_status","m0_familie","m1_familie","m2_familie","trend_m0_pct_jaar","trend_m0_se","trend_m0_laag","trend_m0_hoog","trend_m2_pct_jaar","trend_m2_se","trend_m2_laag","trend_m2_hoog","trendverschil_pctpunt","intervalbreedte_ratio_m2_m0","team_sd","ervaring_plot_beta","ervaring_elders_beta","ratio_plot_1","ratio_plot_3","ratio_plot_5","ratio_elders_1","ratio_elders_3","ratio_elders_5","analyse","gee_status","gee_reden","gee_row_hash","gee_correlatiestructuur","gee_trend_m0_pct_jaar","gee_trend_m2_pct_jaar","gee_trendverschil_pctpunt","gee_trend_m0_se","gee_trend_m2_se","gee_ervaring_plot_beta","gee_ervaring_elders_beta","gee_ervaring_plot_se","gee_ervaring_elders_se","gee_gee_error_m0","gee_gee_error_m2","gee_checkpoint_contract_hash"
1,"Dodaars","geslaagd","","b0553e72cd262498cd9dcdf50918547b06febc9e366823215b0f59b4027eafd3","geslaagd","geslaagd","geslaagd","nbinom2","nbinom2","nbinom2",0.252516044548612,0.0441426452681418,-0.611123088678156,1.1236597655685,0.868036426542451,0.0573569317881358,-0.259567750666245,2.00838860525649,0.615520381993839,1.30734307776383,0.953195810314844,0.0206190215406993,0.0566937213235268,1.01428432358454,1.02877268906935,1.03734359013389,1.03553292938489,1.07232844784046,1.09445560183116,"een_teller",,,,,,,,,,,,,,,,
2,"Fuut","geslaagd","","76baca04086a787826b6087053ec38c566e5c277fe49c54b35b1c59ec32dc133","geslaagd","geslaagd","geslaagd","poisson_na_nb_uitval","nbinom2","poisson_na_nb_uitval",0.330224472046869,0.0633490249258034,-0.907814712820343,1.5837314863784,-0.098807183180849,0.0652807926455736,-1.3689036852509,1.18764465898826,-0.429031655227718,1.02608907876616,0.796081448595791,-0.108167422722769,-0.0103514049277237,0.928295261695545,0.8617320928864,0.825030240381844,0.993645114727727,0.987330614022279,0.983655486466363,"een_teller",,,,,,,,,,,,,,,,
4,"Geoorde Fuut","geslaagd","","a410ec7a1e4aa838347515500920bd8e9ab0e09074bcc0f2db856d1462caaadb","geslaagd","geslaagd","geslaagd","nbinom2","nbinom2","nbinom2",-1.58884616326402,0.134108494034322,-4.14190845088908,1.03221379611891,-0.560745975503785,0.138156414657291,-3.21729720932453,2.1687239127296,1.02810018776024,1.0409535888273,2.02717312284509,0.134086507014738,0.331790979172707,1.09662190558536,1.20257960380968,1.26924548751305,1.22671702166696,1.50483465124747,1.69590267092407,"een_teller",,,,,,,,,,,,,,,,
5,"Aalscholver","geslaagd","","c17104929f02f979da82223a3a5f8e64e891807bbc507c250983fb15080d80f5","geslaagd","geslaagd","geslaagd","nbinom2","nbinom2","nbinom2",35.6014830839432,0.327031987833022,27.1823702998066,44.5779172948225,44.9814508476439,0.48279873552518,31.8911890000478,59.370927271572,9.3799677637007,1.57969957940373,6.25080423055693,-0.588213777730284,0.302771664734636,0.667232810667426,0.445199623631153,0.351369170700009,1.20498758632453,1.45199508319621,1.61933578803041,"een_teller",,,,,,,,,,,,,,,,
7,"Roerdomp","geslaagd","","e79b796a81af04edc0cad0b0d373c838c1d0d2649a80b100e29aed1ba94c242a","geslaagd","geslaagd","geslaagd","poisson_na_nb_uitval","nbinom2","poisson_na_nb_uitval",9.52234076934417,0.10980902624667,7.19032413118041,11.9050924122273,9.13711679033933,0.153214302513068,5.90844988367039,12.4642110652274,-0.385223979004845,1.39047367564399,1.05865655027634,-0.12303308277631,-0.000857116269825526,0.918851176966442,0.844287485412615,0.803507913102704,0.999472263481494,0.998944805468821,0.998636391359445,"een_teller",,,,,,,,,,,,,,,,
17,"Knobbelzwaan","geslaagd","","418c57b85382f3641473a82bf9e95a8961dfc7c6bdc320e6dea9f3aaf8b5054b","geslaagd","geslaagd","geslaagd","poisson_na_nb_uitval","nbinom2","nbinom2",0.515146113072684,0.0424740923520408,-0.318161226301172,1.35541962733252,1.05249405087575,0.0611418285152486,-0.151271417025356,2.27077198500729,0.537347937803068,1.4472222222033,0.531631341434041,-0.0743451593288509,-0.157991619114324,0.950145629257086,0.902776716796344,0.876170113176954,0.90728108884922,0.823158974183427,0.777614390872836,"een_teller",,,,,,,,,,,,,,,,
21,"Grauwe Gans","geslaagd","","eae2e6309239a37767c2c4ddf02d9c0edcfee6ffb30b1a5d1cac6f9b535a30d4","geslaagd","geslaagd","geslaagd","nbinom2","nbinom2","nbinom2",15.4578976995082,0.144808005288538,12.2269962447205,18.7818135319399,15.1967406936481,0.15139604444304,11.8286546395987,18.6662676861049,-0.261157005860113,1.04314319482837,0.383144697228994,0.0132079394994555,0.0546546179200162,1.00912677955563,1.01833685721632,1.02376332531394,1.03423329102326,1.0696385002608,1.09090845679417,"een_teller",,,,,,,,,,,,,,,,
22,"Soepgans","geslaagd","","024e5cc98deb400743779e6f2f49eed6724153c724554a2bba7b80b0218371bf","geslaagd","geslaagd","geslaagd","nbinom2","nbinom2","nbinom2",8.74583343634212,0.408880594913471,0.37094364072292,17.8195188848131,9.64063391163183,0.413245552781833,1.1102923826817,18.8906521904535,0.894800475289713,1.01901499457923,0.577293351039299,-0.344027981707779,-0.310781891483133,0.789269466207349,0.622946290287233,0.542414461040283,0.825800089381522,0.68194578762253,0.609712080057956,"een_teller",,,,,,,,,,,,,,,,
25,"Grote Canadese Gans","geslaagd","","7019c5a026463d57c8598768256729056f1d7a4f99e127d7159bc3c76798fcb4","geslaagd","geslaagd","geslaagd","nbinom2","nbinom2","poisson_na_nb_uitval",11.2287920021292,0.136804744637239,8.28596362996652,14.2515960104473,11.1343913315172,0.138931532170566,8.14896922492703,14.2022251820046,-0.094400670612016,1.01468806171891,0.00205997659034351,0.0340291986840029,0.0291382786712947,1.02368387163267,1.04792866904085,1.06237628928704,1.018107503152,1.0365428879744,1.04748126056376,"een_teller",,,,,,,,,,,,,,,,
27,"Nijlgans","geslaagd","","cae0aebb8276f1835c583a89c867b07972caed1adf192d157d4570986518c1a6","geslaagd","geslaagd","geslaagd","nbinom2","nbinom2","nbinom2",1.13299454981464,0.0622665925125227,-0.0937569956203754,2.37480941170487,1.86753991947179,0.0698813482005479,0.481798018090474,3.27239255190213,0.734545369657158,1.1304514739935,0.702939622831124,-0.0469722426697272,-0.0535604511862654,0.968205493439208,0.93742187752586,0.919870355988499,0.967551620004883,0.936156137374074,0.918265357765532,"een_teller",,,,,,,,,,,,,,,,
29,"Bergeend","geslaagd","","f186228cfabd57ce2f0b878459ca68f0918c0f1edc0c97fd75f4b961f242c324","geslaagd","geslaagd","geslaagd","poisson_na_nb_uitval","nbinom2","poisson_na_nb_uitval",-8.42837151250577,0.108179773604374,-10.3495467861766,-6.46602618001367,-8.85055627626837,0.110864764449376,-10.8098235169413,-6.84824922704538,-0.4221847637626,1.02009869179247,0.618088735005323,0.115047104922035,0.0967524146671837,1.08235343094311,1.17148894947432,1.22699510430793,1.06139843678871,1.12656664161751,1.1665270300929,"een_teller",,,,,,,,,,,,,,,,
34,"Krakeend","geslaagd","","3ee36b7df608e3665cd22ad89e1bdc29e9fe183d1d8de200b16f5f3bd5c0cbd6","geslaagd","geslaagd","geslaagd","nbinom2","nbinom2","nbinom2",1.85086377243528,0.0875132036286103,0.11875541512345,3.61293853663094,1.49015904365832,0.0896716675936333,-0.278012257163485,3.28968180286775,-0.360704728776962,1.02103808986749,0.580313389817496,-0.00387782978097084,0.111227369420009,0.997336100902017,0.994679298162437,0.993128450306639,1.07090284193448,1.14683289686335,1.19372095627563,"een_teller",,,,,,,,,,,,,,,,
35,"Wintertaling","geslaagd","","9e337d362c8c0c85db68bace52b2c791a6a8f370be75f5307a40c541456eb6ae","geslaagd","geslaagd","geslaagd","nbinom2","nbinom2","nbinom2",-6.08838868046216,0.133025669268708,-8.50530397898708,-3.60762837436541,-7.30102778523629,0.178405440294644,-10.4864581883698,-4.0022406022475,-1.21263910477413,1.32393774303948,1.10016254008067,0.259622710675653,0.0919088025780943,1.19552736585848,1.4292856825165,1.58667673938136,1.05823694376903,1.11986542915762,1.15756643045667,"een_teller",,,,,,,,,,,,,,,,
36,"Wilde Eend","geslaagd","","7ca4bd7e8d3fe8cb6690ef90dcb1bb134401f8d39a91d12fb63e70b5c0dae364","geslaagd","geslaagd","geslaagd","nbinom2","nbinom2","nbinom2",-2.66121887591534,0.0272000717083196,-3.17877193503561,-2.14089926265856,-2.60521395854378,0.0313159271526709,-3.20118464961162,-2.00557399669689,0.0560049173715549,1.151982015459,0.444117025418306,-0.0418253665935643,0.00309653236160669,0.971639399408819,0.94408312248353,0.928327456938871,1.00190889409875,1.00382143207419,1.0049418870474,"een_teller",,,,,,,,,,,,,,,,
37,"Soepeend","geslaagd","","84bc070bd7c6ca8562ffaeee78663fe56dec3efe8c17e6a42e8c7f9994de5b54","geslaagd","geslaagd","geslaagd","nbinom2","poisson_na_nb_uitval","poisson_na_nb_uitval",0.825366302000718,0.146286396636352,-2.02446153048933,3.75808746482302,-0.793233979384766,0.176378175576543,-4.16422060120607,2.696325798264,-1.61860028138548,1.18642252837487,1.49721432195939,0.34066695171233,0.42733750025182,1.26406854966407,1.59786929824982,1.83262350371419,1.30106889401285,1.69278026696783,1.97452198405273,"een_teller",,,,,,,,,,,,,,,,
39,"Zomertaling","geslaagd","","a929eaedfc3dd66e2c5c8a08f21c69a4ddc1da13a24d4bdfcc0df9f09d630009","geslaagd","geslaagd","geslaagd","nbinom2","poisson_na_nb_uitval","poisson_na_nb_uitval",-11.3036427200664,0.309327033239743,-16.5213657317906,-5.75979274584774,-14.4182500502818,0.404309356069816,-20.9383897498594,-7.36040030954133,-3.1146073302154,1.26171048210648,1.50064619751088,0.569896983034508,0.43138116492498,1.47996231973453,2.19028846783401,2.75480947065393,1.30431309947759,1.70123266146884,1.98727409356874,"een_teller",,,,,,,,,,,,,,,,
40,"Slobeend","geslaagd","","2147a04a1d454c2efe15ef23f43e729ac7cf7f4f86233f89048b618edead3f2c","geslaagd","geslaagd","geslaagd","nbinom2","nbinom2","nbinom2",-6.40949938702796,0.0700590871908192,-7.6858616440258,-5.11548977243029,-7.00697440064105,0.0905361793573295,-8.64258913091937,-5.34207648993487,-0.59747501361309,1.28406036397207,0.953957100430198,-0.0123045065752386,0.102814137216591,0.991571782987524,0.983214600817057,0.978358653033864,1.06536831741298,1.13500965174737,1.1778388990975,"een_teller",,,,,,,,,,,,,,,,
41,"Krooneend","geslaagd","","cfc31741162360744b39954cbcab55d89c5007aeb754e6f6de0970ced1f29076","geslaagd","geslaagd","geslaagd","nbinom2","nbinom2","nbinom2",18.7230809103086,0.16557613158231,14.9320183006321,22.6391927092623,19.2675666746849,0.168415717200148,15.3948756515895,23.270226517242,0.544485764376358,1.02182076700301,0.210962923327525,-0.0621428613509789,-0.129917328692363,0.958154363082751,0.918059783494513,0.895388301658,0.923104591102137,0.852122086113843,0.813157941691986,"een_teller",,,,,,,,,,,,,,,,
42,"Tafeleend","geslaagd","","c55838c3f979b19a34cdda694bdf67a0344435dece9513dce6b09d05f982169b","geslaagd","geslaagd","geslaagd","nbinom2","nbinom2","nbinom2",-0.189801493042641,0.0601063703102099,-1.35875119904065,0.993000870254046,-1.31092983396257,0.0605118286591413,-2.474499835428,-0.133477359236034,-1.12112834091993,0.995437617237454,0.871897898562796,0.0266814417157603,0.0199990467990088,1.01852289723052,1.03738889218286,1.04858637584628,1.01239306286296,1.02493971373305,1.03235099240022,"een_teller",,,,,,,,,,,,,,,,
44,"Kuifeend","geslaagd","","c8035a527d8578678615b473d716ec56dd671c089258b1fa020f387c4af6f522","geslaagd","geslaagd","geslaagd","nbinom2","nbinom2","nbinom2",-2.97675575789932,0.0448923210042877,-3.82670828335622,-2.11929159087711,-3.14164317632456,0.054749912588855,-4.17547162550694,-2.09666099353691,-0.164887418425241,1.21751804414638,0.726192544018717,-0.000678382543874437,0.0592372761818822,0.99953346796669,0.999067153585518,0.99879447801582,1.03715637319148,1.0756933424517,1.09889644198351,"een_teller",,,,,,,,,,,,,,,,
60,"Havik","geslaagd","","f10c32636732a20f4293c806fe5525e00060043af6111e7efe10fc21384db4d7","geslaagd","geslaagd","geslaagd","nbinom2","poisson_na_nb_uitval","poisson_na_nb_uitval",4.99032985279995,0.0921855699857788,3.11036068243218,6.9045757346266,4.71307168925661,0.114247188493471,2.39434742241691,7.08430356380096,-0.277258163543337,1.23608073787794,0.736100714524524,0.0645047975744502,0.294441463613909,1.04537021466627,1.09279888571141,1.12153425330053,1.19882140170192,1.43717275317856,1.59800228849361,"een_teller",,,,,,,,,,,,,,,,
61,"Sperwer","geslaagd","","dcdba30a2cde94987652a7aae265caddab81b38954c3f72d65bf7217e6e9f84f","geslaagd","geslaagd","geslaagd","poisson_na_nb_uitval","nbinom2","poisson_na_nb_uitval",2.98079501918633,0.132533558025615,0.340152345434563,5.69093124629085,2.67262921796405,0.181430028508688,-0.914284979198299,6.38939011861037,-0.308165801222282,1.3649741903258,1.43299766995788,0.116906683025714,-0.0806027986274946,1.08373881264354,1.17448981403003,1.23105895590848,0.951570799865265,0.90548698715622,0.879571338835963,"een_teller",,,,,,,,,,,,,,,,
62,"Buizerd","geslaagd","","a1cd136e57fd35ee3464935ec01e548abda8be91fdffa710f9614ec6b84f0e01","geslaagd","geslaagd","geslaagd","nbinom2","nbinom2","nbinom2",6.61133424786307,0.0927607683280161,4.69053582394348,8.56737431570296,6.97272045236277,0.100136729155541,4.89365779053546,9.09299153081746,0.361386204499703,1.08318511312968,0.727134401032853,-0.0708662588290672,-0.0467725537963536,0.952422089442507,0.90710783645803,0.881606830698286,0.971604927407328,0.9440161349622,0.928242322629882,"een_teller",,,,,,,,,,,,,,,,
64,"Torenvalk","geslaagd","","fa5cf05c84079dff2eda4b28c461ba6d29d62e18a86c9922b9121acc3d05b869","geslaagd","geslaagd","geslaagd","poisson_na_nb_uitval","nbinom2","nbinom2",-8.15305777919444,0.129749389789692,-10.4593564838987,-5.78735572974696,-8.38074099993305,0.145721954720196,-10.9605083652693,-5.72622927636803,-0.227683220738607,1.12035065153829,1.03488512263702,0.0981621182226016,-0.308375449723074,1.06985491962789,1.14458954905201,1.19070379011346,0.827024886561183,0.683970162991537,0.612052418184125,"een_teller",,,,,,,,,,,,,,,,
66,"Boomvalk","geslaagd","","69048e962cab9f0138fff9d1879ecee234235e5b060f4c2c1d6d5327363535cb","geslaagd","geslaagd","geslaagd","poisson_na_nb_uitval","nbinom2","nbinom2",-6.01985644945897,0.119806256388831,-8.20099168679482,-3.78689765747952,-6.07201925638114,0.169832871365193,-9.14715737840778,-2.89279551417279,-0.0521628069221736,1.41690725723057,1.66658340451893,0.308530572612372,-0.239838618316358,1.23643196698005,1.52876400897016,1.73083861203394,0.862680890676396,0.74421831913822,0.68261388160417,"een_teller",,,,,,,,,,,,,,,,
69,"Patrijs","geslaagd","","798937f448d7d36bca53cc1318e78e4ca861e528da4ba5e08cd597f982bc98a1","geslaagd","geslaagd","geslaagd","poisson_na_nb_uitval","poisson_na_nb_uitval","nbinom2",-20.4662296210518,0.711518854811714,-30.8191548190711,-8.56398741374375,-24.3168623441007,1.84290340138428,-47.2614695374261,8.61010489298057,-3.85063272304892,2.5104989512248,6.44575100452273,0.198652470159761,0.212117461417464,1.14642411063381,1.31428824144253,1.42365711869649,1.13955482033439,1.29858518854735,1.40171081029446,"een_teller",,,,,,,,,,,,,,,,
71,"Gewone Fazant","geslaagd","","0c40016e769094a7cb24529a029cb0e6be6cb9d1afeed6157b9706e854a25ea3","geslaagd","geslaagd","geslaagd","nbinom2","poisson_na_nb_uitval","nbinom2",7.26778050697308,0.327342856893632,0.60169734387896,14.3755725667411,7.29634437818469,0.328897488659946,0.59782851654997,14.4408948651214,0.0285638712116176,1.00502335940974,0.575525784706177,0.0101622481711971,-0.036886885901798,1.00701482341818,1.01407885458394,1.01823399702417,0.977538421166,0.955581364855717,0.942966655505344,"een_teller",,,,,,,,,,,,,,,,
72,"Waterral","geslaagd","","19399ce1a3752d830601651d6f98ec96bb0619388ae6d45bffe605214fabe05a","geslaagd","geslaagd","geslaagd","poisson_na_nb_uitval","poisson_na_nb_uitval","poisson_na_nb_uitval",0.408558165495432,0.0793986973507663,-1.14191868023737,1.98335248145487,1.07899103733962,0.0918886528173358,-0.725164034156311,2.91593362734752,0.670432871844184,1.16505015825004,0.61439233847399,-0.14867838099332,0.063579349424497,0.902784130063109,0.815019185493805,0.767690362556849,1.03993361845,1.08146193078252,1.10651902413246,"een_teller",,,,,,,,,,,,,,,,
77,"Waterhoen","geslaagd","","c18b41dea1e03ef718f96778743f7c43b47d3360187c2d504db7b64b12716274","geslaagd","geslaagd","geslaagd","nbinom2","nbinom2","nbinom2",-3.68937930585295,0.0449866115911408,-4.53485334010426,-2.83641744627895,-4.32652736543915,0.0551227919379515,-5.35462617001264,-3.28726069170107,-0.637148059586201,1.21721725608103,0.704479497712249,0.154402925545223,0.0949138878182412,1.11205490676961,1.23666611567036,1.31593542002765,1.06019729411223,1.12401830244289,1.16311764831858,"een_teller",,,,,,,,,,,,,,,,
78,"Meerkoet","geslaagd","","d878a80b264b59e8d0e8bd23cd35a7574ac273c8578ca71d6aceba4231a1ebe5","geslaagd","geslaagd","geslaagd","nbinom2","nbinom2","nbinom2",-0.95178178884967,0.0282456503116568,-1.49861226689632,-0.401915581270673,-1.18508265243088,0.0329370613928692,-1.82094389866376,-0.545103221113352,-0.23330086358121,1.16334871279616,0.481273457381609,0.00947206218816498,0.123960316030648,1.00653684637285,1.01311642310619,1.01698514885292,1.07933376212128,1.16496137005488,1.2181657986746,"een_teller",,,,,,,,,,,,,,,,
80,"Scholekster","geslaagd","","ca8c4faa3b47f3895d1bd2e438af76c83be3882620770e1438599982ebb1cfe5","geslaagd","geslaagd","geslaagd","poisson_na_nb_uitval","nbinom2","poisson_na_nb_uitval",-7.31030626343744,0.100128341795057,-9.11162250011528,-5.47328975051116,-7.79735596151307,0.111133478100998,-9.7840134673894,-5.76695002260013,-0.487049698075637,1.1040945733252,0.54046657842418,0.0585486759544613,0.112931648691779,1.04109603819447,1.08388096074421,1.1097190619692,1.07202747489055,1.1492429069202,1.19696419683087,"een_teller",,,,,,,,,,,,,,,,
84,"Kleine Plevier","geslaagd","","43390696dd598a0a795fd68c17ce6ceed1c5be0ff7dfb44f95a96bb42b26bead","geslaagd","geslaagd","geslaagd","nbinom2","nbinom2","nbinom2",4.25679936565997,0.182067194782901,0.601977055084868,8.04439964455037,3.7776605091969,0.210719015153195,-0.421148876622113,8.15351552327486,-0.479138856463068,1.15213350180278,1.26059051449668,0.130264051201912,-0.315368588036651,1.09374227559912,1.19627216543275,1.26064792369809,0.823470637704168,0.678103891160909,0.60527613226888,"een_teller",,,,,,,,,,,,,,,,
88,"Kievit","geslaagd","","539ce2b8c0fbc4866ff56953afc3dcf3f9ff5f9efb0aafc0fc5de95f21a28eec","geslaagd","geslaagd","geslaagd","nbinom2","nbinom2","nbinom2",-2.87515427149356,0.05459750480327,-3.9089567379954,-1.83022956608719,-2.81798825627053,0.0787421906504738,-4.30632918308255,-1.30649889450444,0.0571660152230313,1.44310919158495,1.24684174608366,0.194773079284035,0.216748964627479,1.14336892468981,1.30729249794633,1.41387046340062,1.14280995354108,1.30601458991256,1.41208439288045,"een_teller",,,,,,,,,,,,,,,,
94,"Houtsnip","geslaagd","","3f9c61971c12ad7ea187029a527414b545c136b41f971f084efbc9b4cae5e798","geslaagd","geslaagd","geslaagd","nbinom2","nbinom2","nbinom2",-1.52549937406733,0.0868029846046655,-3.18671246487112,0.164218367320279,-1.86440427718789,0.103053520638149,-3.82671060353633,0.137940672593229,-0.338904903120563,1.18314924260517,1.45488080994987,-0.0876044150423259,0.119445317920196,0.941519053781221,0.886458128633085,0.855754594410336,1.07633665896903,1.15850060344062,1.20944110177257,"een_teller",,,,,,,,,,,,,,,,
97,"Wulp","geslaagd","","da80cb7e668d2e2ff3ef0680e81849ec30649293cedba71ad95672eeb5c70319","geslaagd","geslaagd","geslaagd","poisson_na_nb_uitval","poisson_na_nb_uitval","poisson_na_nb_uitval",-9.39147329038815,0.118511497216179,-11.4718952887533,-7.26216110392509,-10.6164596910702,0.130739422286423,-12.8778091692757,-8.29641447284929,-1.22498640068207,1.08828598084354,0.769878991155019,0.213451614996041,0.123619553404138,1.15815423133969,1.34132122357002,1.46161754710561,1.07910726943721,1.16447249895223,1.2175051252464,"een_teller",,,,,,,,,,,,,,,,
98,"Tureluur","geslaagd","","2f84363ed1edced4aa3a109f27f2889cbdc15d0d5b3ee7fe16b3f0fbaa5d290b","geslaagd","geslaagd","geslaagd","nbinom2","poisson_na_nb_uitval","nbinom2",-1.29586471428039,0.207167895111535,-5.22345759611437,2.79448981146011,-5.74433946924631,0.454170517378403,-13.7721284029632,3.03083420180328,-4.44847475496591,2.0956688477269,3.60664516464355,1.19778673725252,-0.0479731853381044,2.27942884486967,5.19579585882387,8.41331005953178,0.970886751336626,0.942621083920987,0.926469756694998,"een_teller",,,,,,,,,,,,,,,,
105,"Kokmeeuw","geslaagd","","cc17e91bb26ae1490ada7efa793ecd083811698d8e4089681e49ba94473c73c8","geslaagd","geslaagd","geslaagd","nbinom2","nbinom2","nbinom2",-12.4060005131799,0.714112130967666,-23.8468443108689,0.753654614369781,-4.04177349493885,1.21887686522117,-24.4334979350592,21.852685811544,8.36422701824104,1.88151402486867,16.5335778349897,-1.8200702372719,0.879861633792322,0.285938995784959,0.0817611093105106,0.0393085565440592,1.71924304508997,2.95579664809023,4.05824286597753,"een_teller",,,,,,,,,,,,,,,,
106,"Stormmeeuw","geslaagd","","67ae8b5a8ae3f0c8a2aa9c0e54c6920c702be963cea41a54a8fea5424753dbbe","geslaagd","geslaagd","geslaagd","nbinom2","nbinom2","nbinom2",-10.4350261994031,0.150926900740584,-13.0457034506053,-7.74596713177088,-8.72687487012425,0.229314301922196,-12.7383755907437,-4.53096160687251,1.7081513292789,1.54864572312841,2.53466883787213,0.11208822659255,-1.03964236253458,1.0801527228319,1.16672990464118,1.2205565205681,0.527140091889828,0.277876676477617,0.191068573628569,"een_teller",,,,,,,,,,,,,,,,
107,"Kleine Mantelmeeuw","geslaagd","","bfc8fb748accd56c612db0242f57ec87a56e97bf6f3fe39f017c5ec17c73aaa5","geslaagd","geslaagd","geslaagd","nbinom2","nbinom2","nbinom2",-15.0162854838202,0.324644771405032,-20.2553807626099,-9.43298993668987,-22.2366342264559,0.457645784448192,-28.9082092454398,-14.9389684484475,-7.22034874263566,1.29077216131721,3.17502457759964,-0.0165120413467116,0.0578100637413263,0.988706076694397,0.977539706092427,0.971066351763428,1.03624513054089,1.0738039705697,1.09640243093938,"een_teller",,,,,,,,,,,,,,,,
108,"Zilvermeeuw","geslaagd","","a2085a3a90a8b9003891b8c0620c72e89f8ebbd4664e9357df75712128199263","geslaagd","geslaagd","geslaagd","nbinom2","nbinom2","nbinom2",-3.1269138730656,0.398371350081162,-10.4030797882526,4.74014947810701,-8.41756884633872,0.546713006570609,-17.7236498944782,1.94110075687732,-5.29065497327312,1.29858369740465,3.21221398825058,-0.00275494921220503,0.58318984667427,0.998106739880947,0.996217064195773,0.995113333712708,1.43214253073738,2.05103222834686,2.53057135070364,"een_teller",,,,,,,,,,,,,,,,
122,"Holenduif","geslaagd","","c0ef8db139be37ed795a72344be71bf909eab04aa572c10fe4f410d4a2795eee","geslaagd","geslaagd","geslaagd","nbinom2","poisson_na_nb_uitval","nbinom2",-1.49777658966936,0.079548323463207,-3.02166052185757,0.0500531251675929,-1.26007083714459,0.105886945846238,-3.288185287047,0.810574592391622,0.237705752524775,1.33435611207057,1.07096492931304,-0.0193561072237695,-0.0200238082245474,0.98677370691099,0.973722348650856,0.966167962871296,0.987743581889614,0.975637383564125,0.968624612808138,"een_teller",,,,,,,,,,,,,,,,
123,"Houtduif","geslaagd","","2bda52a551ba2a3263ffb34ffd563a5830e4fcb84e1238f4464e24ae06ad13b6","geslaagd","geslaagd","geslaagd","nbinom2","nbinom2","nbinom2",-2.37697576728317,0.0565744592328229,-3.45349825810294,-1.28844972737222,-2.85459872655076,0.0574543838870271,-3.94242232667869,-1.75445584653198,-0.477622959267587,1.01058542064563,0.652439754914244,0.032472921713371,0.00784374846188214,1.02258858334753,1.04568741079271,1.05944048652459,1.0048424494682,1.00970834825325,1.01256563235151,"een_teller",,,,,,,,,,,,,,,,
124,"Turkse Tortel","geslaagd","","95a975a298bf3000ed3c125b66371073d927e0d78218fa1db38a956bf2bf79e4","geslaagd","geslaagd","geslaagd","nbinom2","poisson_na_nb_uitval","poisson_na_nb_uitval",-0.902470088224672,0.128377099508056,-3.36484442958819,1.62264836899622,-0.838575683827458,0.163087115605065,-3.95815362573895,2.38233065714184,0.0638944043972134,1.27127687977422,1.31923815427532,0.0714289024345629,0.36593848996559,1.05036108803087,1.1032584152494,1.13542785358526,1.25278877310004,1.56947971000551,1.79064947248414,"een_teller",,,,,,,,,,,,,,,,
125,"Tortelduif","geslaagd","","3902019a37f5db9571159d2a981aff8bce7c337eeb9ff027edddea77b7dd6e08","geslaagd","geslaagd","geslaagd","nbinom2","nbinom2","nbinom2",-7.48418097134623,0.108706857465168,-9.43452204968067,-5.49183900693548,-8.02691944950115,0.105749915508557,-9.9136235795803,-6.10070154812937,-0.542738478154915,0.967088145334678,1.06217919375209,0.0898440835692369,0.000840010209346978,1.06375095688293,1.13156609826936,1.17322227460826,1.0005174744824,1.00103521674464,1.00133820074363,"een_teller",,,,,,,,,,,,,,,,
126,"Halsbandparkiet","geslaagd","","21bbf10711efb7a2c062860170d946a6601538acba50d93cfa67e0c72360e57f","geslaagd","geslaagd","geslaagd","nbinom2","nbinom2","nbinom2",8.46591481576062,0.217035860575349,3.94864153674668,13.1794942472708,11.1181618417661,0.339865782919894,3.95732337456418,18.7722566365535,2.65224702600546,1.60493658891326,3.21247592728825,-0.497097648946994,0.0666395040320831,0.710390864705668,0.504655180657267,0.413167607166306,1.04189539858513,1.08554602159288,1.11192291860477,"een_teller",,,,,,,,,,,,,,,,
127,"Koekoek","geslaagd","","888c42e9428bef7952df23674a7ba58f2731d79f146a605dd0b54211b5b18db0","geslaagd","geslaagd","geslaagd","nbinom2","poisson_na_nb_uitval","nbinom2",0.918052584745355,0.0744002125562933,-0.542901005435936,2.4004665373768,-1.35029778585236,0.0446565600941352,-2.20997987954127,-0.483058138731129,-2.26835037059772,0.586716309020606,0.735632105578342,-0.0515073380920802,0.0282287269396418,0.965189816098327,0.931591381099922,0.912482378916445,1.01753735011765,1.03538225888445,1.04596558743896,"een_teller",,,,,,,,,,,,,,,,
131,"Bosuil","geslaagd","","395ac68a2951a50a5a31faa02a480ff30dc77b162744bb6472f1f8f2914f9cb0","geslaagd","geslaagd","geslaagd","nbinom2","poisson_na_nb_uitval","poisson_na_nb_uitval",-2.11399853699528,0.0519044943085133,-3.10477207076263,-1.11309414109783,-1.12669291701175,0.0719292021083031,-2.51084115017433,0.277107412383581,0.987305619983525,1.39979889370322,0.771855696536833,0.0385047856026878,-0.260109367788994,1.02684027629238,1.05440095301621,1.07086457482461,0.851977930280053,0.725866393684282,0.660936719400208,"een_teller",,,,,,,,,,,,,,,,
132,"Ransuil","geslaagd","","a84c6a30198a2b4bc9fdf48edee7fadc74eac644f8ed7f89aa8dadb23180eb52","geslaagd","geslaagd","geslaagd","nbinom2","nbinom2","nbinom2",-4.46628803927434,0.144026685941771,-7.12542197316912,-1.73101924233502,-5.12000373752605,0.165951548189472,-8.15646778028936,-1.98315032971809,-0.653715698251711,1.14439313462544,1.08593625306198,-0.123928835836498,-0.318118708812359,0.918285188194676,0.843247686857731,0.802229135507048,0.822077082494923,0.675810729563364,0.602631890135813,"een_teller",,,,,,,,,,,,,,,,
137,"IJsvogel","geslaagd","","be0444adde888747e5deb32bc0041b4423ac3b61bf027af54988fc36fb423d10","geslaagd","geslaagd","geslaagd","nbinom2","nbinom2","nbinom2",12.6998705894894,0.348954259328216,5.24944905768454,20.6776942264697,14.1451987217051,0.395036670799392,5.64074329124564,23.3342930510908,1.44532813221569,1.14682840247076,1.15545112792025,-0.250281286323767,-0.0621025392915536,0.841843047302899,0.708699716292231,0.640804087634345,0.962474840017784,0.926357817667259,0.90586229723384,"een_teller",,,,,,,,,,,,,,,,
142,"Groene Specht","geslaagd","","cab1cb42c0e4eb979615cf8b609b3ab5f129340e09daf7993c1b8c5647464255","geslaagd","geslaagd","geslaagd","poisson_na_nb_uitval","nbinom2","nbinom2",-1.12598947874687,0.059208755026005,-2.26678186117716,0.0281188190353943,-1.87697771147364,0.0539272887093349,-2.90865151646201,-0.83434154107862,-0.750988232726768,0.903877885988195,0.514223169119069,-0.00240023132487272,0.000956355490170918,0.998350308421117,0.99670333832454,0.995741182387093,1.00058916819003,1.00117868349921,1.00152368884502,"een_teller",,,,,,,,,,,,,,,,
143,"Zwarte Specht","geslaagd","","60469a29becb385c06e288bcb58e89782c616cc68158091b5cc9c0d46b864c96","geslaagd","geslaagd","geslaagd","nbinom2","nbinom2","poisson_na_nb_uitval",-14.6700202041591,0.326157231776211,-19.9541945980839,-9.03701430200953,-14.2980416149383,0.286140482219027,-18.9722132240526,-9.35423558656159,0.371978589220777,0.880994668646211,0.000524798534579483,-0.252900943960358,0.315199508447563,0.840327419517495,0.706150171992932,0.637826112330755,1.21424593407233,1.47439318841118,1.65169384059343,"een_teller",,,,,,,,,,,,,,,,
144,"Grote Bonte Specht","geslaagd","","aa3445726e0b08f793ad69ac5dc5868ae94200d7674b29443a35f8d826a4d151","geslaagd","geslaagd","geslaagd","nbinom2","nbinom2","nbinom2",5.01310349732198,0.0337210077517537,4.32132715560536,5.70946715133616,5.14092342657837,0.0355661023646223,4.41053936420535,5.87641675169266,0.12781992925639,1.05600111803968,0.388964319843542,-0.0503167397532062,-0.00277567165268942,0.965980611226783,0.933118541266069,0.914416180562973,0.99829199566794,0.996586908614678,0.995590847005634,"een_teller",,,,,,,,,,,,,,,,
146,"Kleine Bonte Specht","geslaagd","","2b2ce8ec8a47e83dff733f5f4d0d4ba481ed83d22c5597d91e2fa46f3d15e66c","geslaagd","geslaagd","geslaagd","nbinom2","nbinom2","poisson_na_nb_uitval",11.6528897984812,0.104434384001734,9.39068294694261,13.9618792433932,12.255901655795,0.127340733495282,9.4888061919349,15.0929295408077,0.603011857313819,1.22596427399635,1.0276256327431,-0.164761160799046,-0.10297757244917,0.89285175530307,0.797184256947774,0.746047506148319,0.938548043127518,0.880872429258493,0.848791667346632,"een_teller",,,,,,,,,,,,,,,,
148,"Boomleeuwerik","geslaagd","","80614b52abf0c77bb5b8dcab0458f5f8dd00d4dbae22040c6fd96372e20ae759","geslaagd","geslaagd","geslaagd","nbinom2","poisson_na_nb_uitval","nbinom2",5.35106273190762,0.08011091322146,3.70978700446796,7.01831272938764,6.3044270593152,0.0806388418440404,4.63747094585243,7.99793907726507,0.95336432740758,1.01569956252772,0.647581162086859,-0.0397085260972371,0.0795772323326888,0.973055250607589,0.946836520734998,0.931828273131287,1.05023039769811,1.10298388824914,1.13506269980055,"een_teller",,,,,,,,,,,,,,,,
150,"Veldleeuwerik","geslaagd","","d3ab3ecf1d1b0907b10a5b513f64836510480b2d7d7e0271746d00c9d8f7f678","geslaagd","geslaagd","geslaagd","nbinom2","nbinom2","nbinom2",-4.8439440907043,0.153282858844068,-7.66024190973953,-1.94175116462592,-3.99231304591632,0.170205124357826,-7.14231462415078,-0.735454292611015,0.851631044787982,1.12037609521609,1.31079223675051,0.17221847365443,0.132816892501635,1.12576679832706,1.26735088421557,1.35828929522461,1.08523711365728,1.17773959285919,1.23546332025638,"een_teller",,,,,,,,,,,,,,,,
151,"Oeverzwaluw","geslaagd","","2272bdf07f99c5ebdd592d19ec1d3f9a81030741b2fa8f12bfe85c66cebf4a87","geslaagd","geslaagd","geslaagd","nbinom2","nbinom2","nbinom2",4.65585979016656,0.917144915586563,-12.5631308053936,25.2657956455586,16.2277288288455,1.20275480578686,-8.18171101381409,47.1262980161182,11.571869038679,1.46205600366806,7.00621458795944,1.40973883266055,-0.281951226469857,2.63720853382379,6.95486885087301,12.2642972674045,0.840594000370467,0.706598273458825,0.638349286311298,"een_teller",,,,,,,,,,,,,,,,
152,"Boerenzwaluw","geslaagd","","5f905308b0108c5070b36e4eaeba2f1e736b73b9407d64f8a52094ec93590e23","geslaagd","geslaagd","geslaagd","poisson_na_nb_uitval","poisson_na_nb_uitval","poisson_na_nb_uitval",-5.64450548757885,0.194108797695572,-9.16686143481654,-1.98555851623892,-6.30113530336173,0.247968422594892,-10.7461763304601,-1.63472124236692,-0.656629815782873,1.26877464875104,5.85489933285254,0.402657109438306,0.490541260558119,1.31913585819849,1.74011941238506,2.04618036956193,1.35271234306531,1.82983068308123,2.18354011749461,"een_teller",,,,,,,,,,,,,,,,
155,"Boompieper","geslaagd","","3d171bd2ce91a90267542e0b8e1b27d588d20e62ab9b67a59d8d13cd4db3b902","geslaagd","geslaagd","geslaagd","nbinom2","nbinom2","nbinom2",-0.55142182687945,0.0513467144652601,-1.54724856210507,0.454477464695358,0.119943170971548,0.0480206027619374,-0.817968797404267,1.06672447636089,0.671364997850998,0.941534080354473,0.916181422447075,0.0719860103817885,-0.0659461115768658,1.05076368391113,1.10410431942649,1.13655317452714,0.960199205310641,0.921982513879187,0.900336238886697,"een_teller",,,,,,,,,,,,,,,,
156,"Graspieper","geslaagd","","ca14ca452179ca06a7e25b0e92d7f9cebe85ce3d3dd4630205a41d4082ba9c47","geslaagd","geslaagd","geslaagd","nbinom2","poisson_na_nb_uitval","poisson_na_nb_uitval",1.82601717422153,0.0527716577533309,0.778233820529817,2.88469424885531,2.08192182647382,0.0657251904404226,0.775322456300653,3.40546187093631,0.255904652252292,1.24860613532933,0.972466126893426,0.0369860522638539,-0.0954824249582772,1.02576810118725,1.05220019741329,1.06797660811539,0.942890459609845,0.889042418823265,0.858980424821124,"een_teller",,,,,,,,,,,,,,,,
158,"Gele Kwikstaart","geslaagd","","727db14c9d4bf131dd44fe2c2d7afc2137fceac1b9eddaa6e795535d15838dcb","geslaagd","geslaagd","geslaagd","nbinom2","poisson_na_nb_uitval","poisson_na_nb_uitval",-4.52531080310389,0.354531958963185,-10.9344234296125,2.3449982389111,-18.921385949229,1.36410166801739,-37.9428769179744,5.93049322806762,-14.3960751461251,3.30386151153221,6.27995630345881,1.49270705799635,-1.02454185229696,2.79209600163194,7.79580008232904,14.213898968464,0.532065369771469,0.28309355771005,0.195717555795609,"een_teller",,,,,,,,,,,,,,,,
162,"Witte Kwikstaart","geslaagd","","63b7bc1e4c886e7aec2929d604f1ec2a52b83e2c33bbbd0760638df20a111055","geslaagd","geslaagd","geslaagd","nbinom2","nbinom2","nbinom2",2.01361310276134,0.0823853145029449,0.379574419961859,3.67425164347328,1.70996330331152,0.114154470922286,-0.540453909258021,4.01129948575059,-0.303649799449812,1.38154759517153,1.44289441256351,0.0649537570138292,-0.293074013083868,1.04569310305074,1.09347406576788,1.1224299384808,0.834855409528773,0.696983554819456,0.627145139873557,"een_teller",,,,,,,,,,,,,,,,
164,"Winterkoning","geslaagd","","e390c2b5b4bd2c75998b70213fe242f3a7addb3371cadf1d59ec5bd5c220bc88","geslaagd","geslaagd","geslaagd","nbinom2","nbinom2","nbinom2",2.60580779008657,0.049453815547003,1.6160595843846,3.60519621914197,2.63095621757914,0.051378990758585,1.60262003527709,3.66970035297793,0.0251484274925717,1.0391846802183,0.434389654983217,-0.0701538335777004,0.0382918614129081,0.952888945838836,0.907997343101848,0.882724341515722,1.02386324773135,1.048295950055,1.06285756243928,"een_teller",,,,,,,,,,,,,,,,
165,"Heggenmus","geslaagd","","a84d26ccd8cb1162eba0377c5bb685dcee9eef6344f2b1e60b195bae1036464b","geslaagd","geslaagd","geslaagd","nbinom2","nbinom2","nbinom2",0.41052054889561,0.0340287746697857,-0.256953080157418,1.08246086569519,-0.433208583025513,0.0313341994809673,-1.04282444601584,0.18016275801207,-0.843729131921123,0.91307635538274,0.527839809313122,0.0129394582035273,0.0937016020885516,1.00894043024304,1.01796079177901,1.02327470409769,1.05940602976193,1.12234113589593,1.1608750272639,"een_teller",,,,,,,,,,,,,,,,
166,"Roodborst","geslaagd","","a3e2d7e04cff0240e08447d1dbe438def5b6a70b8b9fa6796485f34e3d2ecced","geslaagd","geslaagd","geslaagd","nbinom2","nbinom2","nbinom2",2.66036262107787,0.0431161503257409,1.7964594370588,3.53159738338056,2.37342395842919,0.0392030316359331,1.58982201053195,3.16307013399211,-0.286938662648684,0.906699162908178,0.592572110603214,-0.0041177959415255,-0.0322494287442208,0.997171488015682,0.99435097651141,0.992704782803873,0.980334350023527,0.96105543783605,0.949954233746261,"een_teller",,,,,,,,,,,,,,,,
167,"Nachtegaal","geslaagd","","d37abcac0a263b09f781c7eae27b131c98191c4447a99c79a1bdeadd42f3d8d7","geslaagd","geslaagd","geslaagd","nbinom2","nbinom2","nbinom2",0.358751883343378,0.0237046278498789,-0.106444110155424,0.826114255948807,-0.334794653602832,0.0261122049151694,-0.843577310121579,0.176598623433999,-0.69354653694621,1.09395397718362,0.615276452308827,0.0347571525518837,0.0758709745891513,1.02419659910542,1.04897867361912,1.06375231233857,1.04783588761994,1.09796004738427,1.12838508871995,"een_teller",,,,,,,,,,,,,,,,
168,"Blauwborst","geslaagd","","d2d6026da14c071b4f25961e6baf9231848613e48b2b59ca1dfe6817ffa336df","geslaagd","geslaagd","geslaagd","nbinom2","nbinom2","nbinom2",7.52037934191261,0.107572306615817,5.2771327593526,9.81142505328885,7.55039878692987,0.117185693123598,5.10829165481164,10.0492463260212,0.0300194450172597,1.08968596440444,0.564643463779312,0.0327346313551593,0.0598444959048239,1.0227726893234,1.04606397402583,1.05993361459011,1.03754431210882,1.07649819958936,1.09995925985277,"een_teller",,,,,,,,,,,,,,,,
169,"Zwarte Roodstaart","geslaagd","","d4bfcd8385ceb5e79fdffdc7cc5e754f65cbef2df72726e194824b3087580500","geslaagd","geslaagd","geslaagd","nbinom2","nbinom2","poisson_na_nb_uitval",-3.01911652975844,0.27112321317374,-8.03815785927889,2.27385119446046,-2.32788972676191,0.309698945847438,-8.08032829581274,3.78454305111502,0.691226802996525,1.15058775502387,1.468738881814e-05,-0.541463585745751,-2.67372344785796,0.689038544069901,0.474774115213969,0.381826051158411,0.192689082109348,0.0371290823641432,0.0141704108244081,"een_teller",,,,,,,,,,,,,,,,
170,"Gekraagde Roodstaart","geslaagd","","821c080f9149e0bcb6e9df8012af98c6ee9434fa6f1a7ba9ef5aabc6500f2232","geslaagd","geslaagd","geslaagd","nbinom2","poisson_na_nb_uitval","nbinom2",0.696777824509764,0.0273515782945595,0.158395924858623,1.23805369093422,1.00818526070763,0.0330220439079915,0.356539008444234,1.6640628549671,0.311407436197864,1.21105399100266,0.449921639595838,0.0129011558277342,-0.00516105764766986,1.00891384787616,1.01790715243627,1.0232050148879,0.996826483890275,0.993663038985049,0.991817198298216,"een_teller",,,,,,,,,,,,,,,,
171,"Paapje","geslaagd","","5a440a860c94bc56421533edb024bacaf6a97040ac32cc10b4b6c2982d540013","geslaagd","geslaagd","geslaagd","poisson_na_nb_uitval","nbinom2","nbinom2",-13.9934857401304,0.289195829246504,-18.7329489669954,-8.97761883682734,-16.7848665284363,0.298459114619037,-21.5131388018102,-11.7717496536877,-2.79138078830592,0.998570936927862,0.809943429597472,0.532111164854962,0.525681737420984,1.44199099152449,2.07933801963779,2.57580050287896,1.38230698807208,1.91077260927291,2.30917777593719,"een_teller",,,,,,,,,,,,,,,,
172,"Roodborsttapuit","geslaagd","","36eec1577c9dda0af9e91647d8278387c4ee8e5e1344c203d3f9a62d71886809","geslaagd","geslaagd","geslaagd","nbinom2","nbinom2","poisson_na_nb_uitval",2.18117900525652,0.0498975149065763,1.18672672701954,3.18540465363479,2.67072615197868,0.0524950246640251,1.619760478424,3.73256105846393,0.489547146722158,1.05709907129356,0.900263545637454,-0.0398438766655142,0.0347217115923554,0.972964659515023,0.946660228665184,0.931604036745414,1.02161448798778,1.04369616206653,1.05683371219435,"een_teller",,,,,,,,,,,,,,,,
173,"Tapuit","geslaagd","","27bd56d257ae1ff4f42b5575584b8910fa83954598154ab032bec8420cdd8505","geslaagd","geslaagd","geslaagd","nbinom2","nbinom2","poisson_na_nb_uitval",-11.09467337644,0.135803027195108,-13.4298849317371,-8.69646995606684,-11.4995583369288,0.143884538277096,-13.960527540359,-8.96819854128451,-0.404884960488882,1.05469920231694,0.585733195121374,0.00540986837896121,0.167068433068549,1.00372823389446,1.0074703675169,1.00966583957231,1.10837296437573,1.22849062815905,1.30470232850384,"een_teller",,,,,,,,,,,,,,,,
175,"Merel","geslaagd","","d764f9f0daf526185d1f812388a0106224796b86c89668759d525a8168d6cd3b","geslaagd","geslaagd","geslaagd","nbinom2","nbinom2","nbinom2",0.909417053457418,0.0233572271008337,0.448507905825002,1.37244108807824,0.700699536623572,0.0257877670440086,0.19300182029085,1.2109698574944,-0.208717516833845,1.10177668337552,0.47050540543253,0.0532917212726862,0.0284609613763285,1.03733811270752,1.07607036007559,1.09939426669155,1.01768289604834,1.03567847690933,1.0463523732905,"een_teller",,,,,,,,,,,,,,,,
177,"Zanglijster","geslaagd","","54f411d7b8220f07c6a18d56b82cf64096704f2013681ea53aec806def910d16","geslaagd","geslaagd","geslaagd","nbinom2","nbinom2","nbinom2",3.9884152850046,0.0480234861871137,3.01420570172672,4.97183800840897,4.74838935106616,0.0486532597951415,3.75425223211487,5.75205194574511,0.759974066061564,1.02051836129332,0.776493551501452,-0.0927829117920141,-0.125862593774533,0.938171190830921,0.880165183305108,0.847910959617655,0.925412654760455,0.856388581590793,0.818424005686942,"een_teller",,,,,,,,,,,,,,,,
179,"Grote Lijster","geslaagd","","39ee4ef7547bb33122915db3128c8d7bb5c21eb1b872d398fd042a5b1d46ba7a","geslaagd","geslaagd","geslaagd","nbinom2","poisson_na_nb_uitval","poisson_na_nb_uitval",5.04520475997232,0.0928072021892895,3.15168423528442,6.97348399949844,5.93989814164577,0.108306182667884,3.71470649140482,8.21283112045821,0.89469338167345,1.17696501820222,1.1860931654687,-0.235344045637928,-0.114611039209826,0.850537509433614,0.723414054953536,0.658052069568264,0.931847610959089,0.868339970050161,0.833216201502545,"een_teller",,,,,,,,,,,,,,,,
180,"Cetti's Zanger","geslaagd","","bc6570c237e5e732bc5490a911de578b1356f775208f6706308c2817bd753f5d","geslaagd","geslaagd","geslaagd","nbinom2","poisson_na_nb_uitval","poisson_na_nb_uitval",78.3025336773579,0.858466289805561,50.6896377008197,110.975313238758,75.9091067732309,0.853424031786642,48.813867350888,107.937703633446,-2.39342690412704,0.980727772476425,0.000113771310726551,0.222724433836204,0.211922396831988,1.16556515122182,1.35854212174276,1.48591681535507,1.13941792785315,1.29827321431317,1.40127558342706,"een_teller",,,,,,,,,,,,,,,,
182,"Sprinkhaanrietzanger","geslaagd","","6521f1ef74bf94ebc98fa955d69d7c47fa6dbeb4a5e565b0c019231919dd9d3b","geslaagd","geslaagd","geslaagd","nbinom2","nbinom2","nbinom2",-0.216845422682188,0.0415118048532328,-1.02541861223359,0.598333408375296,-0.729115385598123,0.0477549021812642,-1.65395200764501,0.20441830964022,-0.512269962915934,1.14449145786951,0.639693481910334,-0.0156636661587026,0.134411013376765,0.989283228448774,0.97868130609003,0.972532327740729,1.08630309873403,1.18005442231915,1.23860273424074,"een_teller",,,,,,,,,,,,,,,,
186,"Rietzanger","geslaagd","","35cbaf3234335853174f3caf35c31a9da2d379e2ad8fe9893678d058e6537396","geslaagd","geslaagd","geslaagd","nbinom2","nbinom2","nbinom2",1.41036648629969,0.054392900245771,0.334972291252655,2.49728679879444,0.558775218749252,0.0847508730924695,-1.09782666381971,2.24312502337856,-0.851591267550433,1.54508128930625,1.16054576559985,0.0430854885201233,0.0183139394192118,1.03008089212655,1.06106664432422,1.07962245371024,1.01134293197535,1.02281452605651,1.02958520480223,"een_teller",,,,,,,,,,,,,,,,
187,"Bosrietzanger","geslaagd","","827f52c6252d7510d2855b8934818118159cf02e03b92ea1964b6d7b1eec4142","geslaagd","geslaagd","geslaagd","nbinom2","nbinom2","nbinom2",-0.016854317944015,0.0824520930302945,-1.61965694809377,1.61206101105922,-0.932321985276996,0.0843590833940671,-2.55687713642994,0.719317472716496,-0.915467667332981,1.01376254071537,0.923139118920348,-0.0609820691614984,-0.193654196014363,0.958919733175802,0.919527054673952,0.897238322186478,0.887571117592084,0.787782488783662,0.73469505144257,"een_teller",,,,,,,,,,,,,,,,
188,"Kleine Karekiet","geslaagd","","bbeec51697ade59a495955ae73ac4e3865b57dede17b6efa3370f100007c0a43","geslaagd","geslaagd","geslaagd","nbinom2","nbinom2","nbinom2",4.40794581400932,0.0880372877477233,2.62180899818365,6.22517041474144,3.9022094079995,0.0926938050698248,2.03155996418107,5.80715539048582,-0.505736406009816,1.04779815007052,1.02016438293438,-0.0485500783444668,-0.0514322223598934,0.967155221445758,0.935389222369793,0.91729319416783,0.968820641992055,0.938613436349898,0.92138186929642,"een_teller",,,,,,,,,,,,,,,,
190,"Spotvogel","geslaagd","","b8f2619c77fafc6f8642dd6f29381a666cc2a6d16924f822a4ce14c87a057b00","geslaagd","geslaagd","geslaagd","nbinom2","poisson_na_nb_uitval","poisson_na_nb_uitval",1.74539129849907,0.117884804829358,-0.578527924867811,4.12363078532627,2.01475800824127,0.146847613122574,-0.879591656417311,4.99362366835732,0.269366709742203,1.24904659471441,1.8660935306815,-0.21014052003871,-0.293359045090341,0.865411687609304,0.748937389050784,0.688213486195037,0.834708868644553,0.69673889539387,0.626860622077,"een_teller",,,,,,,,,,,,,,,,
192,"Braamsluiper","geslaagd","","aca132486fcaa9c151ff6ad52356d6d9356ad1a4dfec220d06ca2993e31a558c","geslaagd","geslaagd","geslaagd","nbinom2","nbinom2","nbinom2",1.20974531175484,0.0280801502245614,0.65424633534672,1.76831002184064,0.798164603596141,0.0306797490829725,0.193860703907944,1.40611326954658,-0.411580708158699,1.08813578643222,0.649851628688818,0.051305247001138,0.0718212443912876,1.03592161875588,1.07313360020579,1.09551783613369,1.04522571091198,1.09249678675145,1.12113354510828,"een_teller",,,,,,,,,,,,,,,,
193,"Grasmus","geslaagd","","bfab0ba219f728243de87911518347356a6e0178896b2b6792e291194ed26784","geslaagd","geslaagd","geslaagd","nbinom2","nbinom2","nbinom2",0.649792848297315,0.037603696107316,-0.089301750288806,1.39435493770503,0.553185175101101,0.0392034486036694,-0.216492184180661,1.32879941964936,-0.096607673196214,1.041542572709,0.467320346690592,0.03050726589055,0.0395396371203212,1.02120685403404,1.04286343872611,1.05574401238336,1.02465036128924,1.04990836289017,1.06497099940643,"een_teller",,,,,,,,,,,,,,,,
194,"Tuinfluiter","geslaagd","","5ca5a480fb69f8cd4ff507f621a9929c8f5ac00cb91244e6ac81d193a58267c3","geslaagd","geslaagd","geslaagd","nbinom2","poisson_na_nb_uitval","poisson_na_nb_uitval",4.50892447540336,0.026376867044149,3.97002157443422,5.05062064631971,4.41920100113355,0.0342430660993537,3.72072340255885,5.12238229767437,-0.0897234742698094,1.29711280675989,0.76311079885987,0.0157380124545313,0.128770857366404,1.01088456100663,1.02188759568157,1.02837939392351,1.08253623338843,1.17188469659881,1.22753086161885,"een_teller",,,,,,,,,,,,,,,,
195,"Zwartkop","geslaagd","","9930f2e079878be0f6750b799454ec8adefbb0e379c1960f9e73bf4fc5ffa730","geslaagd","geslaagd","geslaagd","nbinom2","nbinom2","nbinom2",4.1439614235921,0.024221570403417,3.65071723301289,4.63955282254607,4.20695905251063,0.0273602061988051,3.64963446080044,4.76728038127774,0.0629976289185263,1.13026465906727,0.513253767203534,-0.00970162941543822,0.0425687309620113,0.993348731366853,0.986741702108137,0.982897228262417,1.02656367249922,1.05383297369508,1.07011906852036,"een_teller",,,,,,,,,,,,,,,,
197,"Fluiter","modeluitval","fit_mislukt_M2","646fcbeaa10e4871c1f72a1cd758cebe5947113a00c2dae5a66910b9ef1f6ef3","geslaagd","geslaagd","modeluitval",,,,,,,,,,,,,,,,,,,,,,,"een_teller",,,,,,,,,,,,,,,,
198,"Tjiftjaf","geslaagd","","cb7249617573efbde489be48b340fc9bbf175784e43975fd33a5877776648af8","geslaagd","geslaagd","geslaagd","nbinom2","poisson_na_nb_uitval","nbinom2",8.27621230346485,0.0546205513708433,7.12323015683842,9.44160415644997,8.2018295585524,0.057771592916676,6.98354558976115,9.43398683674306,-0.0743827449124499,1.05696546260115,0.481213940402514,-0.0287619162969908,0.00276279847873855,0.980409890045823,0.961203552499663,0.95014346215538,1.00170298481287,1.003408869783,1.0044080949247,"een_teller",,,,,,,,,,,,,,,,
200,"Fitis","geslaagd","","affc83bd87c3290ee2e556c56b6580b5e4c675b84926f215f76f7a0dc6223eba","geslaagd","geslaagd","geslaagd","nbinom2","nbinom2","nbinom2",-0.76262173477788,0.024708205337007,-1.24204750802436,-0.280868563420633,-0.892327601089082,0.0242197269101488,-1.3616833971101,-0.420738445144198,-0.129705866311203,0.978948776654527,0.407442007751676,0.0411942011616749,0.0712279428136799,1.02874166415645,1.05830941157138,1.07599783977237,1.04484385609388,1.09169868361713,1.12007508611019,"een_teller",,,,,,,,,,,,,,,,
201,"Goudhaan","geslaagd","","611211975a97c41be1f897cb977efa0715af603b51ce26cc1150acb77eded29b","geslaagd","geslaagd","geslaagd","nbinom2","nbinom2","nbinom2",5.35173074069766,0.118342679866347,2.93620252285614,7.82394238408028,6.65051195950597,0.150016470396576,3.56029640935893,9.83293883462471,1.29878121880831,1.28334211790371,1.77547478890828,-0.362793915289668,-0.345491020907993,0.779146598498684,0.607069421952069,0.524613717155685,0.808334746881624,0.653405063016179,0.576934939018836,"een_teller",,,,,,,,,,,,,,,,
203,"Grauwe Vliegenvanger","geslaagd","","9b4e9bc34e755dbea250f7f092bd186232d7620928d002b5e7c8d3ba5fcda4c0","geslaagd","geslaagd","geslaagd","nbinom2","poisson_na_nb_uitval","nbinom2",5.1086108106424,0.113823495856548,2.78966356952435,7.47987378196469,6.17522392585599,0.13022230644874,3.49954464798308,8.9200750983724,1.06661311521359,1.15571162162666,1.27127685336442,-0.179582736396738,-0.224550433268614,0.883795058103871,0.781093704728825,0.726642536403443,0.870841908284229,0.758365629224118,0.69943183653027,"een_teller",,,,,,,,,,,,,,,,
205,"Bonte Vliegenvanger","geslaagd","","ec843b4f7fbf9a6cf932ca1027b48e46a384507ce45c681aa7eadbb448c45550","geslaagd","geslaagd","geslaagd","nbinom2","nbinom2","nbinom2",-2.88159718282376,0.332702490790961,-9.01258561199607,3.66251452687558,-4.87172646006704,0.541990643645995,-14.4589769636138,5.79004208120131,-1.99012927724328,1.59754312178694,5.38354477607051,-0.163242988253759,0.474940025877636,0.893784655982575,0.79885101126989,0.748064183009381,1.33977718659766,1.79500290972755,2.12997473331679,"een_teller",,,,,,,,,,,,,,,,
207,"Staartmees","geslaagd","","3975a3deea26d710a67c43b62ddcfff3710079a219ee8bfc93af8aff3814c5c3","geslaagd","geslaagd","geslaagd","nbinom2","poisson_na_nb_uitval","nbinom2",1.11554278074919,0.0421307807651553,0.284005723872993,1.95397479432331,0.441999941373417,0.0400274491816984,-0.342922685954827,1.23310480429895,-0.673542839375774,0.943746514915266,0.635349148374727,-0.0641563586417716,-0.0255411722760059,0.95682820913936,0.915520221804834,0.892188318932379,0.984392922902093,0.969029426659726,0.960153753727256,"een_teller",,,,,,,,,,,,,,,,
208,"Glanskop","geslaagd","","1fb7136e45af26359947856b8e638838c9955af98aff801aff01103dea57d889","geslaagd","geslaagd","geslaagd","nbinom2","nbinom2","nbinom2",1.54662415130136,0.0475147462241565,0.605321511654777,2.49673398569761,1.8448879933828,0.0565600146495564,0.722094724103495,2.98019753060703,0.298263842081448,1.19387116109947,0.737549778644792,-0.0555658281744624,-0.0870299513002789,0.962499029374405,0.926404381546672,0.90592114906946,0.947811625250237,0.898346876959496,0.87061736161776,"een_teller",,,,,,,,,,,,,,,,
209,"Matkop","geslaagd","","5cb3f97d0eadfbd86db0005aaa2c80960f2de1106cf6ae16a34972e5d0807e16","geslaagd","geslaagd","geslaagd","nbinom2","nbinom2","nbinom2",-6.23494378268494,0.144589303440889,-8.85489945353483,-3.5396777805494,-7.0154427575392,0.164918029883446,-9.97301179241248,-3.96071158528696,-0.78049897485426,1.13114759402848,1.49599600646803,0.0250376165020814,-0.126338246146856,1.01737186085024,1.03504550324987,1.04552590902861,0.925141602195315,0.855886984112514,0.817804493461423,"een_teller",,,,,,,,,,,,,,,,
210,"Kuifmees","geslaagd","","24563f16f5182cd3509cd0dd3ca217c74b4bc5a05e56b465fd607a545676c153","geslaagd","geslaagd","geslaagd","poisson_na_nb_uitval","nbinom2","nbinom2",0.876059307353172,0.071865530274093,-0.534884590648932,2.30701788763978,0.686541839718835,0.108755986930832,-1.43699668426881,2.85583197142094,-0.189517467634337,1.51054749010062,0.747398164957176,-0.0909687656301191,-0.233300794200533,0.939342667123532,0.882364646278751,0.850650549529667,0.866161458276306,0.750235671803337,0.689755830179487,"een_teller",,,,,,,,,,,,,,,,
212,"Zwarte Mees","geslaagd","","ad7a027cd6c5757b982cbf418f7c40efa4969b228d058289845109ea6ef86b57","geslaagd","geslaagd","geslaagd","nbinom2","nbinom2","nbinom2",-1.02076149201517,0.128857863864797,-3.48929114449078,1.51090766816291,-0.301980445098293,0.167824499487153,-3.5280578806151,3.03197888220288,0.718781046916872,1.31195518590519,1.3597672546257,-0.115096238939196,-0.15126440853946,0.923881399577908,0.853556840486034,0.814927976373619,0.911047856985452,0.830008197717785,0.78598724004421,"een_teller",,,,,,,,,,,,,,,,
213,"Pimpelmees","geslaagd","","f9b224c1a4f4c54a645ee5fcbe87cb53477a97edc2139eb265d1493c5cadec48","geslaagd","geslaagd","geslaagd","nbinom2","nbinom2","nbinom2",4.64575579314999,0.0451478401882065,3.72383299335324,5.57587286830523,3.65818964709943,0.0428615035290588,2.79101984202281,4.53267510554727,-0.987566146050556,0.940398361330962,0.630066585069627,-0.0386477707102175,-0.0342200544430417,0.973765513836523,0.948219275937308,0.933587505249633,0.979145281515966,0.95872548231498,0.946978650989266,"een_teller",,,,,,,,,,,,,,,,
214,"Koolmees","geslaagd","","900b744ffc102047ff781097b236a320001615183de47da22ccd72ee140f6ec8","geslaagd","geslaagd","geslaagd","nbinom2","nbinom2","nbinom2",2.77386988477255,0.029591868536932,2.17950612179425,3.37169097785697,1.77382337902789,0.0304536536256372,1.16815336001919,2.3831194024633,-1.00004650574466,1.0191087701421,0.523652927553618,-0.0211833915660397,-0.020151709578934,0.985534171551539,0.971277603295778,0.963033841632599,0.987665779258267,0.97548369151784,0.968427401094634,"een_teller",,,,,,,,,,,,,,,,
215,"Boomklever","geslaagd","","ac0d98775377eb58ae9e8c00faa45b3f2e21d64375fca65b8476e7508d48439a","geslaagd","geslaagd","geslaagd","nbinom2","nbinom2","poisson_na_nb_uitval",4.2723066418662,0.0636796738942804,2.97894957564342,5.58190753760601,5.77921028403257,0.106179202366457,3.60057461644352,8.00366088449882,1.50690364216637,1.69157025676106,0.388255442723142,-0.199112778064815,0.0514940487741998,0.872001388986289,0.760386422394017,0.701841641911292,1.03222210043321,1.06548246462275,1.08543315920465,"een_teller",,,,,,,,,,,,,,,,
217,"Boomkruiper","geslaagd","","c1fdb3ff7010be1be5543c26012f554fdf1227e3cf5f80f8326ea1911cf9b172","geslaagd","geslaagd","geslaagd","nbinom2","poisson_na_nb_uitval","nbinom2",5.74361265941039,0.0374499501159116,4.97027611848548,6.52264652178329,6.42804219170199,0.0475611846024699,5.44053075257438,7.42480224552688,0.684429532291597,1.27822038396067,0.693766402718427,-0.138210472160967,-0.139158481150487,0.909308168404209,0.826841345126617,0.782113391803386,0.917865767280929,0.842477566746208,0.801282314317365,"een_teller",,,,,,,,,,,,,,,,
218,"Wielewaal","geslaagd","","01c181994f42c3cf8822c0c1878885e37002a7a0855cd8d65a5aaea825276a39","geslaagd","geslaagd","geslaagd","poisson_na_nb_uitval","nbinom2","nbinom2",-1.63719268336112,0.0856617090612586,-3.27488754542952,0.0282307012510419,-0.798651494621494,0.097883718029584,-2.68370963597079,1.12292102867737,0.838541188739628,1.15243548076839,0.876549588712192,-0.00592178465307235,-0.0351716309919882,0.995934850648986,0.991886226737218,0.989525567452191,0.978571620096553,0.957602415658393,0.945545139173035,"een_teller",,,,,,,,,,,,,,,,
219,"Grauwe Klauwier","geslaagd","","6bbfad32e037f9e761fd9eb483a33a27404ccabeb78abf45006403ddcd6ab402","geslaagd","geslaagd","geslaagd","nbinom2","nbinom2","nbinom2",-1.50120361103566,0.204907869952417,-5.37872110854124,2.5352119918391,3.09480860428566,0.350637257393745,-3.75239071208767,10.4291279522631,4.59601221532132,1.79196847944914,4.70824837173733,-0.0115439313465937,-0.775984361916794,0.992090688254311,0.984243933720912,0.979682678528314,0.620078764598415,0.384497674305897,0.290725357098059,"een_teller",,,,,,,,,,,,,,,,
222,"Gaai","geslaagd","","edc9e8e155cb46b2619b633785c058fcc09d770972c2899701ef6a9678fcbcad","geslaagd","geslaagd","geslaagd","nbinom2","nbinom2","poisson_na_nb_uitval",1.30612616286188,0.0371519325546831,0.571116698948848,2.0465073371603,0.662968039058454,0.0375414322750207,-0.0750038596397329,1.40639005078445,-0.643158123803422,1.00406893744426,0.541184774061741,0.0104693513469921,-0.024365332478381,1.00722757567436,1.01450738919885,1.01879017381424,0.98510604834153,0.970433926479065,0.961952797662291,"een_teller",,,,,,,,,,,,,,,,
223,"Ekster","geslaagd","","bd9dd02d996b6b3e17bb8f863578a6281017041e98293c3f1190525f8e658ace","geslaagd","geslaagd","geslaagd","nbinom2","nbinom2","nbinom2",-0.241865480342918,0.0661857251736178,-1.52761048611918,1.0606673806691,-2.30361260290993,0.0736441054108381,-3.70365755744914,-0.883212504810627,-2.06174712256701,1.08969948274461,0.938503818294868,0.111164319274535,0.0658612000800802,1.07946647070106,1.16524786136779,1.21855300835354,1.04139609888697,1.084505834777,1.11054602252755,"een_teller",,,,,,,,,,,,,,,,
224,"Kauw","geslaagd","","b45d8ff2170ed749eaca32658d53987d765407d73b5ab00c28fd6e602a5d6b88","geslaagd","geslaagd","geslaagd","nbinom2","nbinom2","nbinom2",-1.39986724298153,0.114205705330152,-3.58244510252458,0.832117035527769,-3.7111063711616,0.115665188634993,-5.86945417014312,-1.50326916169914,-2.31123912818006,0.989041465926741,1.16308128736144,0.140649069577634,0.113971787804228,1.10158347556085,1.21348615362872,1.28414313969921,1.07271443020038,1.15071624876012,1.19894790824435,"een_teller",,,,,,,,,,,,,,,,
226,"Zwarte Kraai","geslaagd","","23c0a99bbf635b923cbdbc81f9488a0e5e3fe75d59ea965ace2656195e47730a","geslaagd","geslaagd","geslaagd","nbinom2","nbinom2","nbinom2",3.33126167355271,0.0567730355351081,2.18781517056621,4.48750294960496,3.15313106893513,0.064384724388618,1.85957892607969,4.46311050477497,-0.178130604617577,1.1321239354429,0.485678353087982,0.0457685208236025,-0.0180457460578757,1.03198374928608,1.06499045879055,1.08478538753684,0.988947621424067,0.978017397920319,0.971679714790467,"een_teller",,,,,,,,,,,,,,,,
229,"Spreeuw","geslaagd","","00b2ccea316ceea85cfba6539165a5cb056f1fd71da2f86ae2aa882a4766e765","geslaagd","geslaagd","geslaagd","nbinom2","nbinom2","nbinom2",-3.76580175523277,0.0683299840611196,-5.04604321098397,-2.46829911058064,-5.37802272236544,0.0812284014107942,-6.87254857826125,-3.85951245049087,-1.61222096713267,1.16886549262161,1.45132124501082,0.109750354803932,-0.0799273772902379,1.07841706215066,1.16298335993765,1.2154931631063,0.951966711481492,0.906240619768886,0.880517631858976,"een_teller",,,,,,,,,,,,,,,,
231,"Huismus","geslaagd","","08d40b1e2ecde722823dec156021999f9289b5c035b68ccb34c11954c03f1ca6","geslaagd","geslaagd","geslaagd","nbinom2","nbinom2","nbinom2",-7.04466975152155,0.183165585390927,-10.3226164338244,-3.64690540700852,0.658166740202115,0.342418293610326,-5.87569491115403,7.64559187910554,7.70283649172366,2.02544519017456,6.64775146870658,-0.328954371382299,0.391957724858393,0.797495759744603,0.635999486810621,0.557149255030484,1.27302589483844,1.62059492892921,1.86638110212414,"een_teller",,,,,,,,,,,,,,,,
232,"Ringmus","geslaagd","","a6252e140d7b0160b5127d5d2fd104fbaa53c5cc02bd5baeaf1dd102e46406df","geslaagd","geslaagd","geslaagd","nbinom2","nbinom2","nbinom2",-9.46839024317233,0.227373852469936,-13.414376298734,-5.34257287976669,-10.3606110924058,0.238933821219041,-14.4617364471604,-6.06285760333065,-0.892220849233437,1.04052073717428,1.14315731261473,-0.0224484163289197,0.0149349275295064,0.984676956274892,0.969588708218787,0.96087005416989,1.00924046889183,1.01856632404901,1.02406149712833,"een_teller",,,,,,,,,,,,,,,,
233,"Vink","geslaagd","","c0fdc42961e62c3345ff09fd9ee5b98f2a5f8200f738923fc046e00688eb95f6","geslaagd","geslaagd","geslaagd","nbinom2","poisson_na_nb_uitval","poisson_na_nb_uitval",13.7611313884758,0.0643111616791371,12.3361733839497,15.2041646509843,13.7485578708922,0.0694802868689562,12.210014339262,15.3081968119888,-0.0125735175836361,1.08026217106655,0.503899188124583,-0.0183889658756036,-0.0250029970750697,0.987430396483519,0.9750187878996,0.967830910005057,0.984719252277639,0.969672005806232,0.96097674798395,"een_teller",,,,,,,,,,,,,,,,
236,"Groenling","geslaagd","","27404f6021fefbc4172d7d3587844e11a1ad62fc27cca067e6e46a70fb90c4a8","geslaagd","geslaagd","geslaagd","nbinom2","nbinom2","poisson_na_nb_uitval",1.31060274902661,0.104665691340312,-0.746558195567215,3.41040111832858,1.1995213713023,0.117157220585768,-1.09782680230271,3.55023347473942,-0.111081377724309,1.11813946831394,1.33237420786382,-0.0192507154775001,0.21699101141939,0.986845246763844,0.973863541060393,0.966349039460335,1.14298032535459,1.30640402414768,1.4126286322315,"een_teller",,,,,,,,,,,,,,,,
237,"Putter","geslaagd","","c24e5c169feeb3569c7e42e9752923156c4fb816e10c08685ebd5a2123e7ce0c","geslaagd","geslaagd","geslaagd","nbinom2","nbinom2","nbinom2",7.08707455139193,0.116625533873969,4.66697883509761,9.56312739324014,9.15113870742772,0.147588958147183,6.03890760533636,12.3547134743263,2.06406415603579,1.28995388803848,1.34949021301299,-0.182334888528622,-0.377716259709308,0.882123501402198,0.778141871726074,0.723095273166292,0.792450124489843,0.627977199803968,0.548082894552417,"een_teller",,,,,,,,,,,,,,,,
238,"Sijs","geslaagd","","6b01743bf7d8431d837c6195faec3b362d03ff04748f9e0045185d3aea549ea2","geslaagd","geslaagd","geslaagd","poisson_na_nb_uitval","nbinom2","nbinom2",2.43728328726027,0.400533818660447,-5.29695891714603,10.8031683807696,1.25225465121206,0.378278616503771,-5.98330573509203,9.04466650430289,-1.18502863604821,0.933407044635011,3.27727767007076,0.0282756116463336,0.994841603539197,1.01964040791196,1.03966656144687,1.05156295119074,1.84540230261859,3.40550965851,4.87343757153843,"een_teller",,,,,,,,,,,,,,,,
239,"Kneu","geslaagd","","d75cf45958a11c63b2b1d09eacffff8951b351d28b9e6f9426d56e4cfe2aa90f","geslaagd","geslaagd","geslaagd","nbinom2","nbinom2","nbinom2",-2.24399662228685,0.0434119077053657,-3.0722477618694,-1.40866804683707,-3.20084665657124,0.0497264990474231,-4.13970664424318,-2.25279143231496,-0.956850034284396,1.13424995200278,0.900353999076491,0.111344443716448,0.0789202776236873,1.07960022780022,1.16553665186629,1.21894335369703,1.04980555888236,1.10209171146031,1.13387618142135,"een_teller",,,,,,,,,,,,,,,,
240,"Barmsijs","geslaagd","","101197c32025c5fe0e567cdf217c971e757c96f5881ae79f95726e5d7eecf7f0","geslaagd","geslaagd","geslaagd","nbinom2","poisson_na_nb_uitval","poisson_na_nb_uitval",3.08325064219335,0.326301656901953,-3.30305632785304,9.89133843763939,3.36102332239971,0.241743821948033,-1.42219336371729,8.37633243019906,0.277772680206367,0.742627908901335,1.82154962468067,0.28608969210641,0.348948647547784,1.21749237697063,1.4822876879816,1.66313327613887,1.23974842838086,1.53697616567281,1.74286508303977,"een_teller",,,,,,,,,,,,,,,,
242,"Kleine Barmsijs","geslaagd","","4226d4291851cd859ae539974b9a2e2cbe2cde1f9080164b1316efe2bc1cc261","geslaagd","geslaagd","geslaagd","nbinom2","nbinom2","nbinom2",-24.8356381298252,0.290397469751243,-28.9943605150665,-20.4333439381336,-24.6027040503766,0.29112283585434,-28.7844398619306,-20.1754191711226,0.232934079448665,1.00560729131216,0.739865611239767,0.142834942387994,-0.169740212723053,1.10324106501587,1.21714084753736,1.28914400288888,0.900740008028131,0.811332562062518,0.763205144110846,"een_teller",,,,,,,,,,,,,,,,
246,"Goudvink","geslaagd","","60f24c8f3fc4c8b17890a76891f368a057fc0abab6a31a663155e521c05f3c74","geslaagd","geslaagd","geslaagd","nbinom2","nbinom2","poisson_na_nb_uitval",0.402894636565887,0.083603495807031,-1.22892954614513,2.06167863808868,-1.14681907950093,0.0870679027357237,-2.81946643646025,0.554617470912588,-1.54971371606681,1.02536787075987,0.924247038875139,0.0582501406901395,0.112418860554398,1.0408822666119,1.08343589294712,1.10913014265258,1.07168896813509,1.14851724442246,1.19598743619611,"een_teller",,,,,,,,,,,,,,,,
248,"Appelvink","geslaagd","","82af5b9e222d16052ab4cba1d9b3c06deacfd9cd0e7bb8ee07864c890a9e243f","geslaagd","geslaagd","geslaagd","nbinom2","nbinom2","nbinom2",13.9766608739458,0.190682285812476,9.79554673012053,18.3169956419614,16.0284812216452,0.233107032237646,10.8465386919865,21.4526733397668,2.05182034769937,1.24463982093969,1.69773580688507,-0.0979277699363119,-0.380330934708484,0.934856863724225,0.873957355652294,0.840189470942383,0.791175060281539,0.625957976011497,0.545806190093904,"een_teller",,,,,,,,,,,,,,,,
251,"Rietgors","geslaagd","","abcc72ea3c1010b1cc95073ed13b95eae75abd964bef4872c0dcc23482fb2291","geslaagd","geslaagd","geslaagd","nbinom2","poisson_na_nb_uitval","nbinom2",-1.90033311543628,0.0528784469114882,-2.91180470023327,-0.878323949178506,-2.7499010225268,0.0582912137793816,-3.85466793786856,-1.63243967979001,-0.84956790709052,1.09281991330672,0.445011777045582,0.0250732330467186,0.104602100328194,1.01739678641205,1.03509622100156,1.04559212499372,1.06654210496101,1.13751206165465,1.18119634460368,"een_teller",,,,,,,,,,,,,,,,
1,"Dodaars","geslaagd","","f6cb8548884fa22fa2f8d2f6bce70e67428e6565f99e6e8c2dab526f9cc05abc","geslaagd","geslaagd","geslaagd","nbinom2","poisson_na_nb_uitval","poisson_na_nb_uitval",1.08756719690859,0.0571984523289242,-0.0393861898832948,2.22722582717183,1.79474669023161,0.0669640802627594,0.467424319540188,3.13960494071361,0.707179493323018,1.1789316394101,0.755398239944729,0.0851490015527692,0.184883758054931,1.05962464261548,1.12280438323799,1.16149435992955,1.11274250821324,1.23819588958469,1.31803974181917,"inspanning_bezoeken",,,,,,,,,,,,,,,,
2,"Fuut","geslaagd","","13c89fced329b534b45ad69d841be53800dedc4db3a252d247c97418e326dc12","geslaagd","geslaagd","geslaagd","nbinom2","nbinom2","poisson_na_nb_uitval",-2.76858938103784,0.0283393228090381,-3.30716481297113,-2.22701410433509,-2.74148046796404,0.032551284936459,-3.36001961115427,-2.11898239731833,0.0271089130738034,1.14894820131449,0.19623208908301,0.0280977994702192,-0.0385471850243523,1.01929471262411,1.03896171118347,1.05064161262299,0.977973259373484,0.956431696049596,0.944051325252915,"inspanning_bezoeken",,,,,,,,,,,,,,,,
4,"Geoorde Fuut","geslaagd","","aec913cdd7ffc07ae2d788dbbac7e73c85c15dc11ee98286724a456955eff0af","geslaagd","geslaagd","geslaagd","nbinom2","nbinom2","nbinom2",-7.06527772452806,0.129324662420071,-9.39134830177539,-4.67949315497507,-6.15798373761066,0.157537013495793,-9.01128974929471,-3.21520118346459,0.9072939869174,1.23010754474616,1.22912809337544,0.405510944793585,0.335196438783263,1.31759923996107,1.73606775714599,2.04002472390979,1.21370768379961,1.47308634171422,1.64980189423021,"inspanning_bezoeken",,,,,,,,,,,,,,,,
5,"Aalscholver","geslaagd","","75b13b1d3a273db54cbfdc67bb984ed4b36ab54e7c927d78d66047e5a01f5f71","geslaagd","geslaagd","geslaagd","nbinom2","nbinom2","nbinom2",31.5135184966188,0.327437390476548,23.338415151981,40.2304831471049,42.0547709099502,0.483565494429004,29.2093370542985,56.1772422824075,10.5412524133314,1.59648334566813,5.83547899057329,-0.896673437592726,0.651582456853748,0.543416514433919,0.29530150815951,0.206694206745858,1.45716228150047,2.12332191462765,2.64643873463281,"inspanning_bezoeken",,,,,,,,,,,,,,,,
7,"Roerdomp","geslaagd","","d04c9614c3268cf76fdf9e259e26cf1273fa5cee04c27190a2f9cdca5e2f6b89","geslaagd","geslaagd","geslaagd","poisson_na_nb_uitval","nbinom2","poisson_na_nb_uitval",9.60025973437502,0.106276713813753,7.34087393300416,11.9072026685732,9.4880223190464,0.133338725066191,6.66368652917628,12.3871433794571,-0.112237415328618,1.25340447035676,0.640501614123659,-0.173659846398838,-0.140756866180179,0.888592923308686,0.789597383354277,0.736883431047824,0.921888741102609,0.849878850971753,0.810392243373931,"inspanning_bezoeken",,,,,,,,,,,,,,,,
17,"Knobbelzwaan","geslaagd","","8af2ce78dff4bf247e2c500310b2ed2bd5e2ae81914f744adec2ead5f52b5651","geslaagd","geslaagd","geslaagd","poisson_na_nb_uitval","nbinom2","poisson_na_nb_uitval",0.260513551143404,0.0434542202156773,-0.589781831627811,1.11808185063569,0.366425256570624,0.0551117058715173,-0.711887868333538,1.45644934233782,0.10591170542722,1.26961960324466,0.351499063826616,-0.015897909825429,-0.155449100379559,0.989245168138957,0.978606002686273,0.972435612097317,0.914095657638615,0.835570871313771,0.792802237767172,"inspanning_bezoeken",,,,,,,,,,,,,,,,
21,"Grauwe Gans","geslaagd","","81346ed6aa231c2e2a8dfdbc41598570fa626d64e14c2e19ded987707003fd2c","geslaagd","geslaagd","geslaagd","nbinom2","nbinom2","nbinom2",15.1511657321761,0.135034360849993,12.1434679147345,18.2395302734961,15.0043784203969,0.141416243371167,11.8605064769546,18.2366097956713,-0.146787311779239,1.0459380077621,0.334111431037255,0.0326103510423553,0.0584103952784616,1.02242798471031,1.04535898391879,1.05901043778941,1.03432611110541,1.06983050411445,1.09116155955297,"inspanning_bezoeken",,,,,,,,,,,,,,,,
25,"Grote Canadese Gans","geslaagd","","05f5ae023daf24402e78d58aa94c82b7a993c8826607c77f6c621776fac2ce52","geslaagd","geslaagd","geslaagd","poisson_na_nb_uitval","poisson_na_nb_uitval","poisson_na_nb_uitval",10.1314755000415,0.119404442506578,7.58396507529537,12.739309127782,10.128821336864,0.121899687685103,7.52877055845316,12.7917414665676,-0.00265416317743927,1.02087675517523,5.32642518215336e-05,0.0716427306503748,0.0383192977792429,1.04993508956907,1.1023636923084,1.13423786279555,1.02238821311488,1.04527765831623,1.05890395451807,"inspanning_bezoeken",,,,,,,,,,,,,,,,
27,"Nijlgans","geslaagd","","ee6e65aa45ee242426a490944ea9d21dc5eb0db743c85984574707a7a9b844ec","geslaagd","geslaagd","geslaagd","poisson_na_nb_uitval","poisson_na_nb_uitval","poisson_na_nb_uitval",-0.0985291876240746,0.0487764805848566,-1.04905540399568,0.861127816651552,0.116257868253444,0.0611528978326619,-1.07656951649726,1.32346847003229,0.214787055877519,1.25644386391183,0.336844970023613,0.0414400659397289,0.0435320159969625,1.02858675025627,1.05799070280275,1.07557904825457,1.02547224875782,1.05159333297242,1.06718055386288,"inspanning_bezoeken",,,,,,,,,,,,,,,,
29,"Bergeend","geslaagd","","3ca00ad82a65f5ea527f33a9f9bbb5eb93993aab17b171ef63a7cba897b678b8","geslaagd","geslaagd","geslaagd","poisson_na_nb_uitval","poisson_na_nb_uitval","poisson_na_nb_uitval",-12.46826703388,0.095889163350073,-14.0979997882934,-10.8076149895286,-12.4045098615044,0.120567016406691,-14.4502242582603,-10.309877190483,0.0637571723756132,1.25831698144593,0.513157287473729,0.136961092983369,0.199436093331782,1.09763198548604,1.20479597556202,1.27226972323107,1.12213843517949,1.25919466770707,1.34700176696116,"inspanning_bezoeken",,,,,,,,,,,,,,,,
34,"Krakeend","geslaagd","","3e76dfba02215d46b0769bec10a24a776e960033c62225965ece6aa3026fb9ae","geslaagd","geslaagd","geslaagd","nbinom2","nbinom2","nbinom2",-1.46243783375227,0.028732500662892,-2.01579941577683,-0.905951165860464,-2.0192995790949,0.0398735692336002,-2.78205583041807,-1.25055886570661,-0.556861745342629,1.3799156459695,0.382939565431458,0.106499575440587,0.106615404792173,1.07512452093029,1.15589273550559,1.20592343062229,1.0635405183018,1.13111843406966,1.17262241190619,"inspanning_bezoeken",,,,,,,,,,,,,,,,
35,"Wintertaling","geslaagd","","30b1cb5fefeb8405f71f9c5b4f7472406defe069285ee45f50e425e20a8467bf","geslaagd","geslaagd","geslaagd","nbinom2","poisson_na_nb_uitval","poisson_na_nb_uitval",-2.23330285254165,0.235499753451691,-6.64344870780295,2.38517746018909,-4.58259845289614,0.362649263569683,-11.1293703925362,2.44645006134416,-2.34929560035448,1.50364188319246,1.80114907727801,0.626485241602022,0.378695707871542,1.5312871484047,2.34484033086941,3.00860012227341,1.24459999792715,1.54902915484027,1.76055038624485,"inspanning_bezoeken",,,,,,,,,,,,,,,,
36,"Wilde Eend","geslaagd","","5616f56d981c9a0dcb89d6658d68dc8b58ace362cb8c296b423a4e54888cba34","geslaagd","geslaagd","geslaagd","nbinom2","nbinom2","poisson_na_nb_uitval",-1.75253916518632,0.0219542245140718,-2.1743924663493,-1.32886670631824,-2.0228694614332,0.0323778815552921,-2.64266995215265,-1.39912316973391,-0.270330296246879,1.47073790202806,0.38966055390525,0.0247525511248097,0.0230556176455989,1.01697815201868,1.03424456168333,1.04448034343694,1.01341089802548,1.0270016482368,1.03503606397318,"inspanning_bezoeken",,,,,,,,,,,,,,,,
37,"Soepeend","geslaagd","","28ace6dac7385c7b2bc6e53e6735e7ba4d79ba240235c04fd079d579197a6ea0","geslaagd","geslaagd","geslaagd","nbinom2","nbinom2","poisson_na_nb_uitval",0.644750159668783,0.150633993336808,-2.28327529724771,3.66051221543702,-2.03887130865549,0.181163365388586,-5.45624583681188,1.50202749425663,-2.68362146832427,1.170680027881,1.19910569123365,0.493346254845001,0.52718586423242,1.39871389876942,1.95640057061076,2.38069476509008,1.35610049529938,1.83900855335123,2.19770570195141,"inspanning_bezoeken",,,,,,,,,,,,,,,,
40,"Slobeend","geslaagd","","b35a6359b856a4fdf7f90bbbc9705ce9a903388012ac9a9faed4ddbdfd473980","geslaagd","geslaagd","geslaagd","nbinom2","nbinom2","nbinom2",-6.90937171442377,0.117460603225291,-9.02804810246279,-4.74135275932309,-7.62590664011141,0.143818479148487,-10.1934293431777,-4.98497981101571,-0.71653492568764,1.21502675493314,1.03375257716974,0.0692675202879218,0.200288040044994,1.04824027072933,1.0988076651787,1.12951110361912,1.12269095882704,1.26043498903199,1.34871689399475,"inspanning_bezoeken",,,,,,,,,,,,,,,,
41,"Krooneend","geslaagd","","fb325581c26cfd96820276f1bd5a364bdf8164135439f803945c5d756d6bd740","geslaagd","geslaagd","geslaagd","nbinom2","nbinom2","nbinom2",19.52674875878,0.174282808479999,15.5127316758826,23.6802511859165,19.6815769344458,0.174694924420855,15.6530181033636,23.8504631562148,0.154828175665767,1.0036639695541,0.105841183333451,-0.0244754417106618,-0.0797148618258482,0.983490642186093,0.967253843267615,0.957880474914033,0.954984614145602,0.911995613254824,0.887751426161408,"inspanning_bezoeken",,,,,,,,,,,,,,,,
42,"Tafeleend","geslaagd","","3a2be4b95c4b47dd2c4c71b89585425f33d4b1dc3e52571a18a89f094cfe9ab0","geslaagd","geslaagd","geslaagd","nbinom2","nbinom2","nbinom2",-2.93582008848289,0.0263085755786414,-3.4350414510161,-2.43401785217772,-3.18501442830071,0.0443729294994477,-4.02337255185151,-2.33933322660046,-0.249194339817826,1.68231730720961,0.58672472929449,0.0717512498330147,0.0357676202113442,1.05001258828439,1.10252643555568,1.13445429199088,1.02088192998245,1.0421999149647,1.05487590889901,"inspanning_bezoeken",,,,,,,,,,,,,,,,
44,"Kuifeend","geslaagd","","92b529572be3826ad05c2ed4bfa641ced0f8850bbcc09734eeb986b069efeeba","geslaagd","geslaagd","geslaagd","nbinom2","nbinom2","nbinom2",-4.11526497069805,0.0260410564159978,-4.60341833177197,-3.62461368255211,-4.32403311581951,0.0404984110154613,-5.08047297976338,-3.56156497417845,-0.208768145121462,1.55179892820856,0.54032736596223,0.0162087613804424,0.0985009281728631,1.0110855049819,1.02229389838449,1.02890789934979,1.05856564607014,1.1205612270399,1.15849609633989,"inspanning_bezoeken",,,,,,,,,,,,,,,,
60,"Havik","geslaagd","","3b66960c803739b34054a00262d31d6357de22d9390aa07d619d9b58de336753","geslaagd","geslaagd","geslaagd","nbinom2","nbinom2","nbinom2",5.49320660043531,0.0886472158349142,3.67610912044165,7.34215175758246,5.2765760498827,0.109704504752326,3.03707364765733,7.56475385438826,-0.21663055055261,1.23503206451034,0.724168644070969,0.0478932217330971,0.298397999319607,1.03311130690458,1.06731897245408,1.08785186601331,1.18817363457412,1.41175658589708,1.56157109862965,"inspanning_bezoeken",,,,,,,,,,,,,,,,
61,"Sperwer","geslaagd","","e72fa84d2e1f4662d3e2ba634cbe942d44286b341b64650483a72bae8b535c71","geslaagd","geslaagd","geslaagd","poisson_na_nb_uitval","nbinom2","poisson_na_nb_uitval",1.4476997798996,0.128596780437942,-1.07733100747587,4.03718273523748,1.11722233585849,0.176440894415172,-2.31988122840273,4.67526843233634,-0.330477444041111,1.36770571214225,1.32373128118931,0.19596070181307,0.126534463390474,1.14257461151558,1.30547674287998,1.41133282278048,1.07585197920864,1.15745748116715,1.20803378868122,"inspanning_bezoeken",,,,,,,,,,,,,,,,
62,"Buizerd","geslaagd","","b2f75f795fab36c069509ed37e29b4079837600c0bbdb0c1d45b7e9b5bc85e28","geslaagd","geslaagd","geslaagd","nbinom2","poisson_na_nb_uitval","poisson_na_nb_uitval",5.17477810300724,0.0714539331550371,3.71207486229983,6.65811057876966,5.54421702537002,0.0752050425019101,3.99988522176764,7.11148116889309,0.369438922362786,1.0561976318651,0.52704117664783,-0.0826051633546821,-0.084299972272895,0.945364677357762,0.893714373195746,0.864819133989992,0.952457899995588,0.907176051264006,0.881692519427749,"inspanning_bezoeken",,,,,,,,,,,,,,,,
64,"Torenvalk","geslaagd","","609c794634b4bfc7b2de1fe190060a5b8cae2e8e6edc97fdadca292767122dd7","geslaagd","geslaagd","geslaagd","nbinom2","poisson_na_nb_uitval","poisson_na_nb_uitval",-8.87241866182084,0.14700221397421,-11.4605616847371,-6.20862026504491,-9.43133189865906,0.171665754993658,-12.4279539005783,-6.33216868841643,-0.558913236838221,1.16067273509672,1.01295168471173,0.344637320264944,-0.10629643556181,1.26415974575774,1.59809986279427,1.83296529260217,0.940428976052219,0.884406658998625,0.85319581249968,"inspanning_bezoeken",,,,,,,,,,,,,,,,
66,"Boomvalk","geslaagd","","d03dcd257ea970f6427fdb4e21da581df43138f695f9f3bccb8bdd173c5e802d","geslaagd","geslaagd","geslaagd","nbinom2","nbinom2","nbinom2",-8.53602177049545,0.151876221223385,-11.2185728099527,-5.77241684052245,-8.41067185085469,0.208822022315679,-12.0836632422193,-4.58422927784896,0.12534991964076,1.37701417411938,1.5706247391656,0.365658349639114,-0.150062382516165,1.28236403944831,1.64445752967019,1.90197690839121,0.916945212506893,0.840788522739311,0.79920661224841,"inspanning_bezoeken",,,,,,,,,,,,,,,,
71,"Gewone Fazant","geslaagd","","39308d138d459076bd3f16102f8594c304b6930c54571775d1947db1b87a895d","geslaagd","geslaagd","geslaagd","nbinom2","poisson_na_nb_uitval","nbinom2",-16.3670864344227,0.147455096456837,-18.7495835575722,-13.9147276072925,-16.6312710759898,0.163639727366332,-19.2627625433615,-13.9140106677799,-0.264184641567034,1.1062898110278,0.479780419863603,0.0166370366785101,-0.0550265124576767,1.01138007170054,1.022889649433,1.02968294414663,0.968705269571273,0.938389899295153,0.921098265823673,"inspanning_bezoeken",,,,,,,,,,,,,,,,
72,"Waterral","geslaagd","","aef3c90ae3872fe4ec45b66a8ecf07c9bc1394f407615da8827705ef709c174b","geslaagd","geslaagd","geslaagd","nbinom2","nbinom2","nbinom2",-0.574594967622111,0.075066847466677,-2.02674211285357,0.899075717571973,-0.938306959387425,0.106851515814585,-2.991372196425,1.15820881357636,-0.363711991765314,1.41826362764281,0.931487116809885,-0.0891338718138517,0.118420169142834,0.94117604482461,0.885812347351697,0.854948929519436,1.07081963108846,1.14665468232442,1.19348120540719,"inspanning_bezoeken",,,,,,,,,,,,,,,,
77,"Waterhoen","geslaagd","","5f785e107eb6000314d8d3faa5e0a335c7a132457f5158095ab1ae01ef361d47","geslaagd","geslaagd","geslaagd","nbinom2","nbinom2","nbinom2",-3.98297995562229,0.0622042231274489,-5.14651478954011,-2.80517244309139,-4.61450022127058,0.073401073937638,-5.97695023502599,-3.23230749501411,-0.631520265648288,1.17225178290346,0.793900759856627,0.208791842641388,0.0803991606954781,1.15258972367696,1.32846307112573,1.44353360409837,1.04755140358781,1.09736394315879,1.12759334839374,"inspanning_bezoeken",,,,,,,,,,,,,,,,
78,"Meerkoet","geslaagd","","31f5443475f52f2faede86adfcb45c737c21ae8e7b8a7879ede55b0b651f9d33","geslaagd","geslaagd","geslaagd","nbinom2","nbinom2","nbinom2",-2.1080848890166,0.0230292586690502,-2.54894730651867,-1.66522803773683,-2.37899130728924,0.0277909388347132,-2.90928970046969,-1.84579648472907,-0.270906418272632,1.20342879612277,0.373795474192871,0.0495843652763314,0.0988032926219549,1.03430032070125,1.06977715340272,1.09109123040064,1.05875060340691,1.1209528402145,1.15901941078476,"inspanning_bezoeken",,,,,,,,,,,,,,,,
80,"Scholekster","geslaagd","","f066e0d16e01eee83ec2f2ed6a84817951cac9d545dd9861aee538e8dff4a35b","geslaagd","geslaagd","geslaagd","nbinom2","poisson_na_nb_uitval","nbinom2",-12.4764011448741,0.125970295112976,-14.6109151674999,-10.2885295986054,-12.1502993636285,0.159031785986647,-14.8463580738799,-9.36888044558432,0.326101781245614,1.26723485005909,0.794085950249482,-0.0232626511841468,-0.268924825226657,0.984302247110936,0.968850913667638,0.959925148477773,0.856083405993894,0.732878798018106,0.669201020587081,"inspanning_bezoeken",,,,,,,,,,,,,,,,
84,"Kleine Plevier","geslaagd","","cac47db24a203d6757d6ad90f6366355fc797490018bda2ee5eeb228b55c2b26","geslaagd","geslaagd","geslaagd","nbinom2","poisson_na_nb_uitval","poisson_na_nb_uitval",7.79422261389044,0.154784472620236,4.57309565573618,11.1145687719306,6.74557035649612,0.215461743174313,2.33151132266889,11.3500293648989,-1.04865225739432,1.37866775297193,1.1927992432455,0.322841475970997,-0.234343606834107,1.24555730118497,1.55141299053518,1.76405295871645,0.87336117237349,0.762759737409598,0.704674223698775,"inspanning_bezoeken",,,,,,,,,,,,,,,,
88,"Kievit","geslaagd","","4c502ffa0a38893d96567467934fa6d3da23818e96613320c1d5ace461467a21","geslaagd","geslaagd","geslaagd","nbinom2","nbinom2","nbinom2",-0.863009134798554,0.0840453843732412,-2.48270524108282,0.783589024943998,-0.913037554981044,0.108616408098397,-3.00018637518765,1.21902052880971,-0.0500284201824908,1.29174120895411,1.19544492926845,0.315289648578154,0.335219232390943,1.23917598309694,1.53555711708426,1.74078558029031,1.21372366889134,1.47312514442706,1.64985806257286,"inspanning_bezoeken",,,,,,,,,,,,,,,,
94,"Houtsnip","geslaagd","","1a3ede167fe40f90e22437cf7d8457655bfbf54d10ca97149fb8371901448323","geslaagd","geslaagd","geslaagd","poisson_na_nb_uitval","nbinom2","poisson_na_nb_uitval",-2.83904674176421,0.110236367557723,-4.91582163912102,-0.716912100561018,-2.95930186788952,0.12467475982875,-5.30187449569258,-0.558780400156333,-0.120255126125313,1.12960140054907,1.0247354604855,-0.252149578242603,0.155966543702982,0.842399059508694,0.709636175461132,0.641898699119639,1.09430454056028,1.19750242749085,1.26232383485579,"inspanning_bezoeken",,,,,,,,,,,,,,,,
97,"Wulp","geslaagd","","1e6d9ebf83be312d06467a9ba151fd2d6f6f1ab5e025f1e4795ec848c7837792","geslaagd","geslaagd","geslaagd","nbinom2","nbinom2","nbinom2",-19.6492542089627,0.228443489873761,-23.1675981778445,-15.9697966475107,-21.7809563897112,0.300773573839231,-26.2588106339839,-17.0311892727911,-2.13170218074852,1.28200552936959,0.504908296997867,0.259185055453387,-0.308903818742285,1.19277994078794,1.42272398714609,1.57726829680124,0.836534316480909,0.699789662650181,0.630410488244614,"inspanning_bezoeken",,,,,,,,,,,,,,,,
98,"Tureluur","geslaagd","","7ac445929d0ed18b17d387a4c56fcf458768bbbc842734f2b916a10578c0aa00","geslaagd","geslaagd","geslaagd","poisson_na_nb_uitval","poisson_na_nb_uitval","nbinom2",0.735268052819471,0.244677171038644,-3.98165741495049,5.68391368227406,-0.895433625350461,0.358321789100845,-7.61686428683437,6.31502168103624,-1.63070167816993,1.44139294282064,0.25439062294527,1.17025185496042,0.0546521883893603,2.21655815559066,4.91313005711545,7.82649999248901,1.03208247810703,1.06519424161554,1.085053676058,"inspanning_bezoeken",,,,,,,,,,,,,,,,
106,"Stormmeeuw","geslaagd","","fa6b3fba5a105078cd9405fc6374c3bc6900d482a1bf27a26fc03561bd194bae","geslaagd","geslaagd","geslaagd","nbinom2","nbinom2","nbinom2",-14.9510553089285,0.148347106251136,-17.3883362785673,-12.4418675617554,-13.4787942276788,0.212654038571612,-17.0108940332186,-9.79636470246134,1.4722610812497,1.4585211680884,1.25509864281818,0.0216331697124467,-1.0938038481848,1.01482274654891,1.02986520691307,1.03876763416067,0.531521902956,0.282515533321968,0.195201210230968,"inspanning_bezoeken",,,,,,,,,,,,,,,,
107,"Kleine Mantelmeeuw","geslaagd","","3265b79717604c100e52e7cdd9d91bb6210053abb810e386e3ae591658bc283c","geslaagd","geslaagd","geslaagd","nbinom2","nbinom2","nbinom2",-24.6780215077497,0.570465300513653,-32.6461023758911,-15.7673030943311,-53.3469109442059,1.55130875459391,-65.5784567061808,-36.7689385722959,-28.6688894364561,1.70684642037062,11.8984243378124,0.0957515979824566,-3.48802440079175,1.06729367684785,1.13911579263941,1.1833491826443,0.133265006267255,0.0177595618954116,0.00546290946555436,"inspanning_bezoeken",,,,,,,,,,,,,,,,
108,"Zilvermeeuw","geslaagd","","89ef5d1ae5cbdd6133fca756cda867fee113e5e05b2f60fd3896fe152a4e4c0f","geslaagd","geslaagd","geslaagd","nbinom2","nbinom2","nbinom2",-25.3289939445765,0.682871534924008,-34.6832143596166,-14.6351264738025,-50.7098702702916,2.05442722276146,-67.0478629231214,-26.2713406689428,-25.3808763257151,2.03393572925385,12.314017784239,-0.166861965156055,-4.38150899714403,0.892710961121384,0.796932860106266,0.745743437385276,0.0795253056934714,0.00632427424564008,0.00143829361589992,"inspanning_bezoeken",,,,,,,,,,,,,,,,
122,"Holenduif","geslaagd","","b7a4c62df4d0cbced2cdd55928e6f2b47b77c9d1b03ed9b03554652b9e82b23b","geslaagd","geslaagd","geslaagd","nbinom2","poisson_na_nb_uitval","poisson_na_nb_uitval",-2.53748016278795,0.0587876229307127,-3.65403474348613,-1.40798581727077,-2.95882063851161,0.0929541805648482,-4.71080756357624,-1.1746216849145,-0.421340475723653,1.57440287136589,1.03085427753304,0.00969055048801445,0.066090404694666,1.00661287000162,1.0132694700529,1.01718371891463,1.03892622208581,1.07936769493749,1.103750333531,"inspanning_bezoeken",,,,,,,,,,,,,,,,
123,"Houtduif","geslaagd","","e2f1a71fd20969a706e7fc324ddcf0a742f2c49835e4876a3d4be75b87837a15","geslaagd","geslaagd","geslaagd","nbinom2","nbinom2","nbinom2",-7.99666926665553,0.0259399572336676,-8.46324840643956,-7.52771188982582,-7.92646922718603,0.0364233046822585,-8.58143850705823,-7.26680741277194,0.0702000394695039,1.40521622720266,0.594508771453355,0.0690142609030938,-0.0734000389478105,1.04805972031285,1.09842917734226,1.12900827136945,0.958475496489816,0.918675277371399,0.896164246789218,"inspanning_bezoeken",,,,,,,,,,,,,,,,
124,"Turkse Tortel","geslaagd","","b000b984b1f55598646623d0d2ff61dcf3964238a932e9fd2a90154868fe1144","geslaagd","geslaagd","geslaagd","poisson_na_nb_uitval","poisson_na_nb_uitval","nbinom2",-0.180042240892531,0.142885062766066,-2.93676546125231,2.65497553610123,-0.738865112997311,0.160153802361482,-3.80629121297998,2.42637510599066,-0.558822872104781,1.11461999436677,0.577382816745457,-0.0281941261794178,0.270055355496798,0.981006251111848,0.962373264720522,0.951638163260923,1.16887377814455,1.3662659092339,1.49684470773923,"inspanning_bezoeken",,,,,,,,,,,,,,,,
125,"Tortelduif","geslaagd","","7d10e42b54cc489663a3e93b1df549fcf5eac4374eec6d9fc1e6f9bb5c7f2144","geslaagd","geslaagd","geslaagd","nbinom2","nbinom2","nbinom2",-13.4890024154097,0.120356271893237,-15.5058994228022,-11.4239615315732,-13.4953544018002,0.102860927641556,-15.2218896326432,-11.7336576901172,-0.00635198639057499,0.854552919587864,0.555036519877582,0.233209334408338,0.0654270617010578,1.17189147075355,1.37332961922492,1.50685453223015,1.03852809224544,1.07854059838295,1.10265730067594,"inspanning_bezoeken",,,,,,,,,,,,,,,,
126,"Halsbandparkiet","geslaagd","","d695aee7a9c99defffa40f8156f3d2f9e9ecf0275d04e13b2c2b3d45068a8b2f","geslaagd","geslaagd","geslaagd","nbinom2","poisson_na_nb_uitval","nbinom2",7.3643539561012,0.21472628454795,2.93954512332297,11.9793611541741,11.4578992462833,0.322069218955387,4.63952700081651,18.7205605803026,4.09354529018213,1.55766815734195,2.19165662305857,-0.498155117090537,0.148754463461687,0.712607889426924,0.507810004073496,0.416508996717348,1.08975382941978,1.18756340873508,1.24879894762016,"inspanning_bezoeken",,,,,,,,,,,,,,,,
127,"Koekoek","geslaagd","","1b04c79e2c36e600bccee4287bfb925dbb6f90725ee1d0a334fcdb54c0c06e78","geslaagd","geslaagd","geslaagd","poisson_na_nb_uitval","poisson_na_nb_uitval","nbinom2",-2.82782534247397,0.0274931081136926,-3.35004381303006,-2.30278522417224,-2.91322608002877,0.0311382103843476,-3.50395086819129,-2.31888502178589,-0.0854007375548083,1.13158856753601,0.285075573673648,0.0263321735642536,0.0612836505189653,1.01807137247809,1.03646931945942,1.04738517221739,1.03604472118723,1.07338866429992,1.09585438980479,"inspanning_bezoeken",,,,,,,,,,,,,,,,
131,"Bosuil","geslaagd","","ce5db7bcdcf0f7d2dab743748bde75c04537a99d25e978c688047c7de1913cfe","geslaagd","geslaagd","geslaagd","nbinom2","poisson_na_nb_uitval","poisson_na_nb_uitval",-2.35692178567962,0.0533299316448966,-3.37223670981021,-1.33093845362919,-2.04898679267052,0.0692619040454181,-3.36971945749704,-0.710202490591705,0.307934993009107,1.30285565024727,0.572496522183046,0.105177691849747,-0.164550648754436,1.07415832262863,1.15381610207235,1.20312398441495,0.909301077737619,0.826828449974796,0.782097626684209,"inspanning_bezoeken",,,,,,,,,,,,,,,,
132,"Ransuil","geslaagd","","b741e7df865890c1d6f184bac1a23a3be4c5095d79058bfccd04895a88fb12bf","geslaagd","geslaagd","geslaagd","nbinom2","poisson_na_nb_uitval","nbinom2",1.19735975924331,0.175566101657842,-2.22570489547076,4.74026543779524,1.85368347795838,0.204402635284168,-2.14621338859603,6.01708117056265,0.656323718715068,1.17188190138779,1.11916825878552,-0.213976199809664,-0.312849226107939,0.86455744800446,0.747459580899985,0.686458819722319,0.834629444563795,0.696606309732869,0.6267064486036,"inspanning_bezoeken",,,,,,,,,,,,,,,,
135,"Nachtzwaluw","geslaagd","","5b83992e384ecfcabb611664881ec375f1256ed8defee657bc77634774543d0f","geslaagd","geslaagd","geslaagd","nbinom2","nbinom2","nbinom2",3.41163175670678,0.310037605389593,-2.68529795782593,9.89054436964924,4.48344523837119,0.404047090946195,-3.47177908964115,13.0942870999105,1.07181348166441,1.3172927711855,1.58763138966785,1.0145744883177,1.06286738570886,1.99385605345598,3.97546196190306,5.95247030858379,1.84805821244077,3.41531915656979,4.8915888453844,"inspanning_bezoeken",,,,,,,,,,,,,,,,
137,"IJsvogel","geslaagd","","1adf7c86c79463331bdca8b8c0dcafc1425c59302fc5188c8bdd8e84fac25463","geslaagd","geslaagd","geslaagd","nbinom2","nbinom2","poisson_na_nb_uitval",15.573095860173,0.459341869699948,5.62258145170731,26.4610304266411,15.4196667074448,0.456233422734606,5.54664741354105,26.2162256150312,-0.153429152728203,0.991896192771025,0.866825609974783,-0.0763149290145472,-0.114506894807972,0.949417943032277,0.901394430551641,0.874436576512374,0.935978066220865,0.87605494044655,0.842796723436246,"inspanning_bezoeken",,,,,,,,,,,,,,,,
142,"Groene Specht","geslaagd","","06f273a48e4cacee0c1a68ebb5e98271fea6ca65844f99c18ec1a69dfed7bc2b","geslaagd","geslaagd","geslaagd","nbinom2","nbinom2","nbinom2",-3.78304082593713,0.0314331335629462,-4.37400103866648,-3.18842853138044,-3.85815620165348,0.0334328077102808,-4.48609774571874,-3.22608635193369,-0.0751153757163503,1.06278729140693,0.183493264081738,-0.059809663590973,-0.0572012123237716,0.960136331019752,0.921861774144072,0.900183851788415,0.967488794365114,0.936034567222062,0.918111236390481,"inspanning_bezoeken",,,,,,,,,,,,,,,,
143,"Zwarte Specht","geslaagd","","ea13cb8ef7aa9647e289a522356d9b7faa6a1f2f2d7888bb889641c0615f315b","geslaagd","geslaagd","geslaagd","nbinom2","nbinom2","poisson_na_nb_uitval",-25.6333031901442,0.645207049093053,-34.4674060465826,-15.6083215881825,-25.6061869095079,0.680544921326633,-34.8960009663995,-14.9907915290009,0.0271162806362533,1.05547061318412,6.13328537684012e-05,-0.018445325588427,0.177072550862702,0.987532642445098,0.975220719894598,0.968089987115279,1.10773157935931,1.22706925190988,1.30275158851914,"inspanning_bezoeken",,,,,,,,,,,,,,,,
144,"Grote Bonte Specht","geslaagd","","4ccccb537b50b74b7a05704c20d4e0872840ca7aed6452952a8f67ce600846f5","geslaagd","geslaagd","geslaagd","nbinom2","nbinom2","poisson_na_nb_uitval",4.06732049161584,0.0271509869777858,3.51498747014329,4.62260063962596,4.06899793179407,0.0287375416078513,3.48447098518319,4.656826550125,0.00167744017822713,1.05845217197028,0.196394101031204,-0.0216041519966747,-0.0350068092590565,0.985413206605227,0.971039187751997,0.962728320397388,0.979975912476871,0.960352789034877,0.949056659550994,"inspanning_bezoeken",,,,,,,,,,,,,,,,
146,"Kleine Bonte Specht","geslaagd","","d842ee28ceca999c7d0f0f65c4d80ecd50d4b34f260a6f3a2d9b3c061a8e8b18","geslaagd","geslaagd","geslaagd","poisson_na_nb_uitval","poisson_na_nb_uitval","poisson_na_nb_uitval",13.3364535599926,0.137399850836798,10.3249927246392,16.4301160446631,13.5328070517219,0.14213646759101,10.4135759032454,16.7401578256886,0.196353491729351,1.03627422261773,0.712779149989342,-0.223736383420739,-0.0527192372536465,0.858837123989013,0.737601205541719,0.674779560997937,0.969997576548597,0.940895298510152,0.924278017888035,"inspanning_bezoeken",,,,,,,,,,,,,,,,
148,"Boomleeuwerik","geslaagd","","aa95769f079efd0c48be99b1f50e8f4eb88915c1f6a9b8dd881be9e8103f4ac2","geslaagd","geslaagd","geslaagd","poisson_na_nb_uitval","nbinom2","nbinom2",12.4635989175861,0.101618810996158,10.2457888420773,14.7260245886899,12.790359370179,0.104564775851756,10.5022820486027,15.1258139742192,0.326760452592946,1.03198407117574,0.393168611692687,-0.0233405248818044,-0.0267487642995167,0.984250113562849,0.968748286048482,0.95979372825647,0.984663121210285,0.969561462271581,0.960835156093638,"inspanning_bezoeken",,,,,,,,,,,,,,,,
150,"Veldleeuwerik","geslaagd","","a32102c11ed0e593865f3f4915f613150dfea144eb9ee4df3693f7760de8ddbf","geslaagd","geslaagd","geslaagd","nbinom2","nbinom2","nbinom2",-4.76033736341032,0.21105770674133,-8.61976856057585,-0.737903633519432,-2.34415084861278,0.234854490576428,-6.73750217096971,2.25615971557187,2.41618651479754,1.14105760118632,1.61376065446557,-0.657284351661869,-0.348221278810125,0.639507518073681,0.408969865672759,0.314860584508192,0.817744155484334,0.668705503828786,0.594455544480083,"inspanning_bezoeken",,,,,,,,,,,,,,,,
151,"Oeverzwaluw","geslaagd","","46a6e63292cb1002c4c75e7814d5dc3eb896bc3144bb47e4b89db7e3c265fc40","geslaagd","geslaagd","geslaagd","nbinom2","nbinom2","nbinom2",51.682673108843,1.86754779340667,5.18821761648713,118.728236325186,48.7105464255334,1.9436529143129,1.60023050842935,117.665122485583,-2.97212668330958,1.02223773870367,2.29635219381839,1.28372541237456,1.14333623688608,2.39440677505067,5.73318380440853,9.55459837538386,1.9360139319261,3.74814994461196,5.51629721166038,"inspanning_bezoeken",,,,,,,,,,,,,,,,
152,"Boerenzwaluw","modeluitval","fit_mislukt_M0_M1_M2","295a3238cc5def508ee852889926871fc2727049c15501286845b0f3d81f5a9e","modeluitval","modeluitval","modeluitval",,,,,,,,,,,,,,,,,,,,,,,"inspanning_bezoeken",,,,,,,,,,,,,,,,
155,"Boompieper","geslaagd","","5a6c77880a07d97fa64dc6f9872b7dd721a121c1253a16976bc440dca36dba3a","geslaagd","geslaagd","geslaagd","nbinom2","poisson_na_nb_uitval","nbinom2",3.94557516734826,0.0346706339457094,3.24161338141549,4.65433697702946,2.59292580569637,0.0478683340965336,1.63488043701154,3.56000203981353,-1.35264936165189,1.36270223614784,0.791070491297006,-0.0634839898741853,-0.0462385317900843,0.957739830266172,0.917265582478276,0.894387287580025,0.973636655036941,0.947968336031524,0.933268187232359,"inspanning_bezoeken",,,,,,,,,,,,,,,,
156,"Graspieper","geslaagd","","c6710ac2b19486bd94c4166e9d8f5b427496c5baa82440a3afd96f58e3afabfa","geslaagd","geslaagd","geslaagd","poisson_na_nb_uitval","poisson_na_nb_uitval","nbinom2",1.11034495656783,0.0544894304432924,0.0362396087967509,2.19598314786262,1.02045342304742,0.0650456150193583,-0.259275404583814,2.3166018814655,-0.0898915335204142,1.19267738944756,0.430592662543185,0.0321654407977889,0.00948910661192183,1.02211863555387,1.04472650514651,1.05818236873236,1.00549795991831,1.01102614739989,1.01427400876476,"inspanning_bezoeken",,,,,,,,,,,,,,,,
162,"Witte Kwikstaart","modeluitval","fit_mislukt_M0","e43763f0d387217b3cd5541b478f56f415dd6763230243781470b691a3513aea","modeluitval","geslaagd","geslaagd",,,,,,,,,,,,,,,,,,,,,,,"inspanning_bezoeken",,,,,,,,,,,,,,,,
164,"Winterkoning","geslaagd","","c53fbfa262772c58539b8a4074b6394a4c7afaf2c187cff8bbf551304c2ac0f0","geslaagd","geslaagd","geslaagd","nbinom2","poisson_na_nb_uitval","nbinom2",-0.0934791851534555,0.0587384884624346,-1.23708172425422,1.0633654370112,-0.224553400118632,0.0618925662607061,-1.42761178455071,0.993188096922903,-0.131074214965177,1.05231709827319,0.311278456605182,-0.0677305971943435,0.0347467131685011,0.954977522175219,0.91198206785992,0.887734384434219,1.02027989915218,1.04097107261399,1.05326861295044,"inspanning_bezoeken",,,,,,,,,,,,,,,,
165,"Heggenmus","geslaagd","","c001a5c545ea85d362783482cb1387cee44e617e2f52e1e6be8f002576307a05","geslaagd","geslaagd","geslaagd","nbinom2","nbinom2","nbinom2",-2.47814693184343,0.0106126674732028,-2.68078963358109,-2.2750822778066,-2.80328324206148,0.0159350118014053,-3.10638051193921,-2.49923784004159,-0.325136310218055,1.49650397819034,0.380410856209637,0.070109475094001,0.140304503542289,1.04884072991037,1.10006687671891,1.13118436785344,1.0844461049344,1.17602335450739,1.23313689104383,"inspanning_bezoeken",,,,,,,,,,,,,,,,
166,"Roodborst","geslaagd","","6ec2d61ffd5483150dd9622ade88dd1a32850d91ad393b9d5f02edf26202cbed","geslaagd","geslaagd","geslaagd","nbinom2","poisson_na_nb_uitval","poisson_na_nb_uitval",-0.306833745563628,0.033183441380744,-0.953129546390441,0.343679233052385,-0.121731221238885,0.0351835382078858,-0.808119736270829,0.569406968789776,0.185102524324743,1.06224350644238,0.400261120008631,0.0423015096392409,-0.0282600695459004,1.02918959374206,1.05923121986695,1.0772093271949,0.983803642040848,0.967869606092838,0.958668697724305,"inspanning_bezoeken",,,,,,,,,,,,,,,,
167,"Nachtegaal","geslaagd","","8cc0ef8d04ba01a8cf643626652766af48e75bed167d4ed637bfaca8d9d8060d","geslaagd","geslaagd","geslaagd","nbinom2","nbinom2","nbinom2",-1.32217828668684,0.0161484182558118,-1.63400872523721,-1.0093593131647,-1.51961239313627,0.0219316038165974,-1.94203107696268,-1.09537399443705,-0.197434106449434,1.35541163757206,0.370582618016471,0.0716585347363753,0.0741382794771326,1.04994637566351,1.10238739176893,1.13426937968274,1.04376862784988,1.08945294848361,1.11709796568044,"inspanning_bezoeken",,,,,,,,,,,,,,,,
168,"Blauwborst","geslaagd","","0f70717dfdb03b506872e1f87f3a3bb272bba5fb0590def9d4d3e8f3c6691a53","geslaagd","geslaagd","geslaagd","nbinom2","nbinom2","nbinom2",6.13473415553993,0.0850351791916213,4.38045745469096,7.91849421772093,5.7028676696772,0.100210645604264,3.64698355518034,7.79953116189698,-0.431866485862731,1.17368695828938,0.523675811820555,0.214550417112551,0.146453224637379,1.15711296780787,1.33891042026914,1.45822307092161,1.08830576962833,1.18440944820631,1.24451398134661,"inspanning_bezoeken",,,,,,,,,,,,,,,,
169,"Zwarte Roodstaart","geslaagd","","fe532428c6722d41eb610d24eb56866dd452c4add01acc3a2cadf8512225567f","geslaagd","geslaagd","geslaagd","nbinom2","nbinom2","nbinom2",3.86854699098593,0.360294976160527,-3.21342340882333,11.4687122325822,5.66290984172952,0.521711765247496,-4.60764632924441,17.0392603452892,1.79436285074359,1.47437043242445,4.78500093224256,-0.390483780842384,-1.96194581726713,0.766753060622921,0.587910255974617,0.503313802035637,0.32186211490776,0.103595221012896,0.0533758804354259,"inspanning_bezoeken",,,,,,,,,,,,,,,,
170,"Gekraagde Roodstaart","geslaagd","","daab93b045a6b5d3bf736fadc686008287b8c04119640a6bdd3f4576cf9dcd8b","geslaagd","geslaagd","geslaagd","nbinom2","nbinom2","nbinom2",0.541789098406564,0.0421607171887073,-0.285614698842918,1.37605847519742,0.780992975494788,0.046652447462984,-0.136335936465648,1.7067482990095,0.239203877088223,1.10917373179571,0.392864411453274,0.0260239310195599,-0.0520711794780374,1.01785795263652,1.03603481174541,1.04681769937239,0.970360864330348,0.941600207023941,0.925173106237956,"inspanning_bezoeken",,,,,,,,,,,,,,,,
171,"Paapje","geslaagd","","951193c55fef2a0cfa4ffa11739f352012a76a0c0b067a7a86fff9c72d9a3666","geslaagd","geslaagd","geslaagd","nbinom2","nbinom2","poisson_na_nb_uitval",-16.9255829193273,0.651684988663319,-26.8869744007615,-5.60698703507838,-16.881714037912,0.699078553484257,-27.5247351727942,-4.67576106486923,0.043868881415321,1.07373062376776,4.49766056376105e-05,-0.252300097670481,0.292238563508151,0.842312821699964,0.709490889600156,0.641728849199021,1.18395245961608,1.40174342663098,1.54727077527713,"inspanning_bezoeken",,,,,,,,,,,,,,,,
172,"Roodborsttapuit","geslaagd","","65cd435c7657ca211e3559322be168d060a7ccdce09a93bccba394e3157cfb3d","geslaagd","geslaagd","geslaagd","poisson_na_nb_uitval","nbinom2","poisson_na_nb_uitval",4.65067412763494,0.0615878285187463,3.39500736291369,5.92159016854696,4.10084674138798,0.0647289416694227,2.78847511331859,5.42997432666232,-0.549827386246959,1.04548293744984,0.456404955364837,-0.0600805371666686,0.0659619711361564,0.95995945496222,0.921522155171362,0.899755245828279,1.03884912602091,1.07920750663441,1.10353862075901,"inspanning_bezoeken",,,,,,,,,,,,,,,,
173,"Tapuit","geslaagd","","545f79bc0888adb464cab097e5bfcbe32561658446994df960b6ddd4b16a4165","geslaagd","geslaagd","geslaagd","nbinom2","nbinom2","nbinom2",-25.5501199726727,0.206013163493882,-28.4964164781349,-22.4824216762716,-24.7080824954234,0.233457536835186,-28.0756325681808,-21.1828613315259,0.842037477249303,1.14612191459148,0.474033406704899,-0.185099796819717,0.330281481079292,0.881705639439079,0.777404834618676,0.722210177593395,1.21026575045571,1.46474318672612,1.63773493583293,"inspanning_bezoeken",,,,,,,,,,,,,,,,
175,"Merel","geslaagd","","5e8a382cccc16101331ee09b97933d45e899138dfde40770e0c9687bce7252ed","geslaagd","geslaagd","geslaagd","nbinom2","nbinom2","poisson_na_nb_uitval",0.077357397391542,0.0337555060798033,-0.582576828643411,0.741672275919791,0.248853250051551,0.0364675201656128,-0.465134157097502,0.967962259698885,0.171495852660009,1.08219549619336,0.365055614243541,0.0846449050566225,0.0356939458883009,1.05926139665818,1.12203470645024,1.16046539138035,1.02083847220323,1.04211118633022,1.05475983542497,"inspanning_bezoeken",,,,,,,,,,,,,,,,
177,"Zanglijster","geslaagd","","4fdb75840cac9716e7b8fc325eeaf302eb989ad724291dae2d471ab8d3f36055","geslaagd","geslaagd","geslaagd","poisson_na_nb_uitval","poisson_na_nb_uitval","poisson_na_nb_uitval",5.49705100790847,0.0570890460189178,4.32317646672884,6.68413432478971,5.52387588937129,0.0597134899260673,4.29604011987221,6.76616648069419,0.0268248814628169,1.04623907300521,0.452161006254457,-0.0477801025943343,-0.0534192106764023,0.968024389153628,0.937071217996255,0.919425645189457,0.969605338716673,0.940134512867874,0.923312197166927,"inspanning_bezoeken",,,,,,,,,,,,,,,,
179,"Grote Lijster","geslaagd","","07b904a224dd4cbf0b54784791db179af317b026c30b0d4b2282bd9b6064287d","geslaagd","geslaagd","geslaagd","nbinom2","nbinom2","poisson_na_nb_uitval",7.10105682773889,0.102357622558992,4.97379536481197,9.27142658560671,7.72015575008302,0.115813261510619,5.30251621834861,10.1933018462882,0.61909892234413,1.13801891708966,0.671074914228004,-0.177335065159745,-0.116181449032803,0.88637445688388,0.785659677816193,0.732137260287667,0.935072875902644,0.874361283248841,0.840691402058384,"inspanning_bezoeken",,,,,,,,,,,,,,,,
180,"Cetti's Zanger","geslaagd","","ff6f8182596c88c301f99f494254d18b2c5f21618034d0cacf3b46c4b38b5c70","geslaagd","geslaagd","geslaagd","nbinom2","poisson_na_nb_uitval","nbinom2",79.5565278566116,0.863797241972929,51.5909564411052,112.681201127245,77.9407030785537,0.858070246163061,50.3955160798192,110.530836539606,-1.6158247780579,0.984368629864561,5.56145132517294e-05,0.144681026249304,0.144802132191344,1.10341055711104,1.2175148575441,1.2896560236642,1.08726800161948,1.18215170734562,1.24144866625511,"inspanning_bezoeken",,,,,,,,,,,,,,,,
182,"Sprinkhaanrietzanger","geslaagd","","5192cad9a3b13b6ba701552ea0305c1a1d06ee8f2c026a11b60e76168b87296f","geslaagd","geslaagd","geslaagd","nbinom2","nbinom2","poisson_na_nb_uitval",-0.105201029972857,0.0531794151941167,-1.14101344027442,0.941464286945215,-0.737110292537924,0.0590681690258146,-1.87968584640104,0.418770140213387,-0.631909262565067,1.10371215815266,0.501207161568066,0.0315207566141654,0.19923005684826,1.02167054826877,1.04381070919982,1.05698362820563,1.12200485260219,1.25889488926285,1.34658730486309,"inspanning_bezoeken",,,,,,,,,,,,,,,,
186,"Rietzanger","geslaagd","","988b007598855ccb65d53da789ed73a5944dd16c0ad8fded30768707f0c9ae17","geslaagd","geslaagd","geslaagd","nbinom2","nbinom2","nbinom2",1.22272409513386,0.0568948387750994,0.100220552585584,2.35781516442364,0.712689487789797,0.0880731009360285,-1.01092635806547,2.46631724783704,-0.510034607344068,1.54024269355934,0.896357847916654,-0.00961764410915601,-0.185258982489165,0.993479836047132,0.987002184632236,0.98323259828121,0.898485685292991,0.807276526676415,0.758277374788109,"inspanning_bezoeken",,,,,,,,,,,,,,,,
187,"Bosrietzanger","geslaagd","","b8dc94f672e391b0c5bd0fec6ccef5976f7c5c6ecdb23d80766d77d9baf12d19","geslaagd","geslaagd","geslaagd","nbinom2","nbinom2","nbinom2",-2.61387612673531,0.0391340018608897,-3.35799599601447,-1.86402671588092,-3.15666474125698,0.0563323768792013,-4.22004486195128,-2.0814786296384,-0.542788614521661,1.43146600184556,0.618182165809181,0.0278659454165359,-0.106037168608473,1.01913398529313,1.03863407997946,1.05021341472157,0.940569869500801,0.884671679412754,0.8535262728214,"inspanning_bezoeken",,,,,,,,,,,,,,,,
188,"Kleine Karekiet","geslaagd","","e1f6776f5993ce0dec7285f3c3edb5c5b114f3116886586e7e0530574fe8ec09","geslaagd","geslaagd","geslaagd","nbinom2","nbinom2","nbinom2",-3.84694956315623,0.0367725878059154,-4.5374742328271,-3.15143000868011,-4.34014482993259,0.0431063624271997,-5.1449556644283,-3.52850546582247,-0.493195266776358,1.16623277269572,0.711012074960415,0.061540429501782,0.00213993972367413,1.04274555007169,1.08731828219432,1.11426975012662,1.00123724346528,1.00247601770194,1.00320136455614,"inspanning_bezoeken",,,,,,,,,,,,,,,,
190,"Spotvogel","geslaagd","","20c83fbe82fdc421b05358286ba0eb254fb12885806dc956c992763265e33d42","geslaagd","geslaagd","geslaagd","poisson_na_nb_uitval","poisson_na_nb_uitval","poisson_na_nb_uitval",2.62642760555818,0.131361988452679,0.0178358749649776,5.30305470961645,2.16495836353763,0.156631190798234,-0.923821659638546,5.35003360309567,-0.461469242020551,1.18705685781655,1.03344703006059,0.0382532238070967,-0.12136554358409,1.02635964679134,1.05341412456165,1.06956937964651,0.932276128840747,0.869138780406288,0.834207020355137,"inspanning_bezoeken",,,,,,,,,,,,,,,,
192,"Braamsluiper","geslaagd","","9c7804962532b0787dddee50ba86956a2a5bff81115f1010b61abf7a33c3a87e","geslaagd","geslaagd","geslaagd","poisson_na_nb_uitval","poisson_na_nb_uitval","nbinom2",0.770848270628033,0.0239404345193399,0.299106332158705,1.24480897718662,0.518203063716483,0.029635089848357,-0.0639622842330101,1.10375974576427,-0.25264520691155,1.23476658983312,0.441295143443577,0.0652167551719305,0.0622094510880431,1.0453561776329,1.09276953811526,1.12149532482661,1.03659908798734,1.07453766921618,1.09737077644271,"inspanning_bezoeken",,,,,,,,,,,,,,,,
193,"Grasmus","geslaagd","","592d55db0ac9795c593415ceec5d2921710167e203fd327578bf0e11fb6204e2","geslaagd","geslaagd","geslaagd","nbinom2","nbinom2","nbinom2",1.11806083491044,0.0478371895269506,0.174399720664309,2.07061140894893,0.766842282952895,0.0501554278241681,-0.218889479264861,1.76231203166903,-0.351218551957544,1.04482085158232,0.351916462196912,0.0407672953682088,0.0549197166440504,1.02811618694586,1.0570228938601,1.07430754858824,1.0322420302828,1.06552360908235,1.08548733369632,"inspanning_bezoeken",,,,,,,,,,,,,,,,
194,"Tuinfluiter","geslaagd","","2e7e8713a32ada96b4ce44284b7805cc6ba4d2e61b9a8dcd61790a48f492f2cc","geslaagd","geslaagd","geslaagd","nbinom2","nbinom2","nbinom2",4.34765766180052,0.0234182109426244,3.86980262087713,4.82771108410498,4.12787929209435,0.0337122002464092,3.44211295506343,4.81819189616846,-0.21977836970617,1.43654534220115,0.568784330945942,0.0515701097418435,0.145729499737755,1.03569821021659,1.07267078264584,1.09490721427763,1.08785076192827,1.18341928022792,1.24316942831464,"inspanning_bezoeken",,,,,,,,,,,,,,,,
195,"Zwartkop","geslaagd","","e187743381dc79eb4a4ed6f52c24ac9df51947b42af4c7e1ec86226bb1b6edce","geslaagd","geslaagd","geslaagd","poisson_na_nb_uitval","nbinom2","nbinom2",3.4382819055891,0.0200712329513395,3.03215903023024,3.84600559948307,3.38176403092416,0.0241637167181869,2.89329647541883,3.87255049894328,-0.0565178746649408,1.20324156975126,0.277678853188861,0.0158434273000499,0.0463281389358916,1.01083429688906,1.0217859757672,1.02824721962969,1.0271303695044,1.05499679595824,1.07164678002193,"inspanning_bezoeken",,,,,,,,,,,,,,,,
197,"Fluiter","geslaagd","","7885b955cc1d651101a6d74f1de0d1d8cb2f60afe2435b395ac21bc118ea2f81","geslaagd","geslaagd","geslaagd","poisson_na_nb_uitval","poisson_na_nb_uitval","nbinom2",-3.13415896347454,0.192083656905002,-6.71320713019419,0.582203236514278,-3.53711104122801,0.215514399089123,-7.52692308424235,0.624844080285625,-0.402952077753471,1.11738295103006,1.16864154526694,-0.128852963715127,0.871055797220555,0.916090322632204,0.839221479220375,0.797281929456882,1.65417898901624,2.73630812770279,3.67305614094076,"inspanning_bezoeken",,,,,,,,,,,,,,,,
198,"Tjiftjaf","geslaagd","","5afb5869504ddb829c1f05778669f0475752b62e31be8eb3aa3a9bb6a7388366","geslaagd","geslaagd","geslaagd","nbinom2","nbinom2","nbinom2",4.24518157606477,0.0630894986185376,2.96407057315233,5.5422325606878,4.06499239727443,0.0653445991201552,2.74067442723844,5.40638070576727,-0.180189178790346,1.03395608631909,0.263354554421651,-0.00659360863320371,-0.00995201575356116,0.995525348648513,0.991070719801744,0.988474175036757,0.994266126892966,0.988565131086739,0.985245427968557,"inspanning_bezoeken",,,,,,,,,,,,,,,,
200,"Fitis","geslaagd","","e1ba0c2f0de80a1023b68489c9707084a614839862902335ac9b3c89ff41d0b2","geslaagd","geslaagd","geslaagd","nbinom2","nbinom2","nbinom2",-3.06578007451234,0.0113588800028146,-3.28134859877677,-2.84973108667671,-2.9403054844507,0.0166199806034548,-3.25596460006147,-2.62361642754324,0.125474590061636,1.46506607074746,0.328175934747288,0.0605007384876933,0.0794335063387559,1.04200842938521,1.08578156690984,1.11223476372144,1.04696706980573,1.09614004525759,1.12596817238864,"inspanning_bezoeken",,,,,,,,,,,,,,,,
201,"Goudhaan","geslaagd","","8b02e9b675d11886aabfd0a46809b9cf6ef201446008d334dbf527036d61b7b9","geslaagd","geslaagd","geslaagd","nbinom2","nbinom2","nbinom2",4.76241253944645,0.107569488946375,2.57676332217387,6.99463236731588,5.62858748455111,0.14235541802365,2.72211066879966,8.61730177990168,0.866174945104659,1.33439697982549,1.75243255803837,-0.34772163645237,-0.377389588272139,0.789381548774926,0.623123229546302,0.542613595834477,0.804077595666458,0.646540779852751,0.569113360716631,"inspanning_bezoeken",,,,,,,,,,,,,,,,
203,"Grauwe Vliegenvanger","geslaagd","","0f154d71341e5ad1663e83f08c027378a881ace6c7a420646cf53c59a2223755","geslaagd","geslaagd","geslaagd","nbinom2","nbinom2","nbinom2",7.74736645143599,0.12951783637884,5.04657166283464,10.5175998935286,7.87204138352093,0.140688236326386,4.93811845405063,10.8879926920292,0.124674932084945,1.08752395109171,1.0756414578615,-0.206246678670695,-0.0802641647306863,0.869114647740388,0.755360270916899,0.695851405909183,0.954681557052168,0.911416875375551,0.887023370676262,"inspanning_bezoeken",,,,,,,,,,,,,,,,
207,"Staartmees","geslaagd","","9f1c124f0736f13a7cdb387ad365d769e88eaae0d89ec3bd1945bbde46a2ce8c","geslaagd","geslaagd","geslaagd","nbinom2","nbinom2","nbinom2",-0.897645355827792,0.0248893768673671,-1.37992084006429,-0.413011430544841,-1.15106491617815,0.028368866741732,-1.69916921677032,-0.599904503832538,-0.253419560350354,1.13688490577842,0.293424516545922,-0.0502344566995508,0.0154628426667412,0.966409768185361,0.933947840044084,0.91546668717429,1.00897461867308,1.0180297811265,1.02336433789191,"inspanning_bezoeken",,,,,,,,,,,,,,,,
208,"Glanskop","geslaagd","","860b92b6e0af72ce01dd74ba34629ba6947557688014373d1ad7161885b83abd","geslaagd","geslaagd","geslaagd","nbinom2","poisson_na_nb_uitval","nbinom2",-0.163488531094191,0.0496954383515486,-1.13120611095443,0.813700968848563,-0.359561498867156,0.0552825644578356,-1.43337567612096,0.725951130019564,-0.196072967772964,1.11024677145977,0.431090894754153,-0.0384577248460852,-0.104404404750271,0.974181827858299,0.949030233729336,0.934619608289267,0.941457647589731,0.88634250220519,0.855610328377679,"inspanning_bezoeken",,,,,,,,,,,,,,,,
209,"Matkop","geslaagd","","d2a2ed7973effd54c74e69bb8d04120ea2409d0afafbcc388a8724748736ee2d","geslaagd","geslaagd","geslaagd","nbinom2","poisson_na_nb_uitval","nbinom2",-13.7232774951209,0.201115113331195,-17.0580245913743,-10.254454279494,-15.1532153934892,0.227853281320075,-18.8590429470105,-11.2781372129698,-1.42993789836821,1.11425404405728,0.702655746478908,0.313909690407724,0.161434595468488,1.23801345187655,1.5326773070273,1.73656717579254,1.09776745831745,1.20509339254076,1.27267567213261,"inspanning_bezoeken",,,,,,,,,,,,,,,,
210,"Kuifmees","geslaagd","","b4914fa231f1f4a0368aeb976d52d8bbbcbf51660449ccc1de0ebfe55508b9c6","geslaagd","geslaagd","geslaagd","poisson_na_nb_uitval","poisson_na_nb_uitval","poisson_na_nb_uitval",0.871158457655685,0.067531698955358,-0.455196358908649,2.21518589031928,0.543904675546747,0.0929887291043841,-1.2719891902287,2.39319808522789,-0.327253782108938,1.37253281866904,0.455288275224719,-0.110290228942814,-0.0857311984650498,0.927729820932489,0.860682620647428,0.823731819686386,0.951670564914077,0.905676864123877,0.879809734697608,"inspanning_bezoeken",,,,,,,,,,,,,,,,
212,"Zwarte Mees","geslaagd","","030cd3abeb1a46f3197012d8798c5c66a2066ca43e018749c6025ab871036c6e","geslaagd","geslaagd","geslaagd","nbinom2","nbinom2","nbinom2",-1.97317021264771,0.135306305561498,-4.53867623993622,0.661283330941709,-2.0194141457228,0.1449661013963,-4.76419256058206,0.804471159173281,-0.0462439330750852,1.07090519529081,0.331860396916933,-0.0179849256191723,0.040418708147643,0.987841931290502,0.975831681215749,0.968873941074976,1.02362918434584,1.04781670704453,1.06222958772211,"inspanning_bezoeken",,,,,,,,,,,,,,,,
213,"Pimpelmees","geslaagd","","359976fe158154c6db297a15e075dc1501a01243f419f1315ba2077a59b51640","geslaagd","geslaagd","geslaagd","nbinom2","nbinom2","nbinom2",1.45419756872218,0.0263802800075679,0.930978927100967,1.98012853662664,1.00095303798664,0.0277447472727742,0.453203511072275,1.55168932424516,-0.453244530735541,1.04702494591741,0.349633995333014,-0.000507811888678457,-0.0359626748137099,0.999654667560511,0.999309454375515,0.99910757287411,0.979434812658185,0.959292552246773,0.947702660628225,"inspanning_bezoeken",,,,,,,,,,,,,,,,
214,"Koolmees","geslaagd","","03297dbb52ab8639027f2917720cd57dd993eac5c5a0f554b8d17eca2e190024","geslaagd","geslaagd","geslaagd","nbinom2","nbinom2","nbinom2",0.181935827169832,0.0129541652182769,-0.0721051056339572,0.436622593608038,0.0231791034818851,0.0177448513179663,-0.324096338588109,0.371664469196764,-0.158756723687947,1.36764876145246,0.28481813438728,0.0227379665109877,-0.0271359346562979,1.0155856073397,1.03141412583555,1.04078733216976,0.984442865946437,0.969127756312834,0.960279680774977,"inspanning_bezoeken",,,,,,,,,,,,,,,,
215,"Boomklever","geslaagd","","d4f27a3a315c6a63c07de973bce229747c30db08277c8d80ed40d754fa3a9ceb","geslaagd","geslaagd","geslaagd","nbinom2","nbinom2","nbinom2",4.02697746894825,0.0637135410222383,2.73598142031652,5.3341963712924,5.19862799055983,0.0923612937615122,3.31137071223895,7.12036104836191,1.17165052161159,1.46600277805819,0.414608764173427,-0.132940896494555,0.0446621538047877,0.913546727836358,0.834567623940516,0.791572145824728,1.02614210594978,1.05296762160306,1.06898346886077,"inspanning_bezoeken",,,,,,,,,,,,,,,,
217,"Boomkruiper","geslaagd","","16a3f47c96330dd002494efcd19bb45251b4d42e8722d075ba8738136b3be0c7","geslaagd","geslaagd","geslaagd","nbinom2","nbinom2","poisson_na_nb_uitval",5.03999271525697,0.0368119313101958,4.28484214986509,5.80061149985172,5.22396308510269,0.045156927401297,4.29676055144659,6.15940848779781,0.183970369845721,1.22884655001611,0.584627440640637,-0.11217235482908,-0.122205318678547,0.926542954775724,0.858481847044529,0.821010497884989,0.931823869760843,0.868295724256073,0.833161328222228,"inspanning_bezoeken",,,,,,,,,,,,,,,,
218,"Wielewaal","geslaagd","","309e8ffb22bfe2e6e6a00cbac38b389153b1f39b0e287b8a6dfb64f40e636425","geslaagd","geslaagd","geslaagd","poisson_na_nb_uitval","poisson_na_nb_uitval","poisson_na_nb_uitval",-3.30323395245931,0.092419939577671,-5.03905986353388,-1.53567824185635,-3.09717171294627,0.0995498016277085,-4.96959005704765,-1.18786043680942,0.206062239513038,1.0794512355829,0.502544625775466,-0.00984517589626867,-0.106168692083909,0.993326099528808,0.986696740005116,0.982839342387554,0.940498393056628,0.8845372273421,0.853358617685108,"inspanning_bezoeken",,,,,,,,,,,,,,,,
222,"Gaai","geslaagd","","3f098c969328b9f428e9afe327c308a2c17877d1c4ee2e387feacc185d84d187","geslaagd","geslaagd","geslaagd","nbinom2","nbinom2","poisson_na_nb_uitval",-0.543724696794101,0.0267106213572848,-1.06304574125624,-0.0216777310698579,-0.712297833758324,0.0296815575181216,-1.28823559984234,-0.132999735575923,-0.168573136964223,1.10934449009976,0.248146802434714,0.0543389647005416,-0.0234355225005127,1.03765053448097,1.07671863170864,1.10025038211963,0.986549989930373,0.97328088263162,0.965601840616291,"inspanning_bezoeken",,,,,,,,,,,,,,,,
223,"Ekster","geslaagd","","f51f7151553e0bb4e2edbf647a0d2e2cc000799350f3d724e2da32efb16fd638","geslaagd","geslaagd","geslaagd","poisson_na_nb_uitval","nbinom2","poisson_na_nb_uitval",-6.88552829150423,0.0377083752284659,-7.57118568371724,-6.19478454107084,-8.16943557566003,0.0505858870933229,-9.07542159389259,-7.25442217803655,-1.28390728415581,1.3230150422244,0.814501900981571,0.220656271811956,0.14286958186626,1.16192838422857,1.35007757007601,1.47396171788191,1.08605458464163,1.1795145608211,1.23787040302765,"inspanning_bezoeken",,,,,,,,,,,,,,,,
224,"Kauw","geslaagd","","7bf563110e3f1ecd5bd9c6a64e77fa170d67be1f7f5cc6e550dfa858f26843d7","geslaagd","geslaagd","geslaagd","nbinom2","nbinom2","nbinom2",-10.779150836136,0.0951293990232935,-12.4272930335194,-9.09999015369164,-11.1709978331962,0.116419252274518,-13.1749630492507,-9.12078009911012,-0.391846997060153,1.21845924358724,1.21122063449319,0.310620228271567,0.358125242251555,1.23524667573366,1.52583434991107,1.7265527747758,1.22989447056573,1.51264040872817,1.7072810490404,"inspanning_bezoeken",,,,,,,,,,,,,,,,
226,"Zwarte Kraai","geslaagd","","ce328050eb4cb645bebb458de2f8849eff0fec4385bc22678b9b1dcd19b078ac","geslaagd","geslaagd","geslaagd","nbinom2","poisson_na_nb_uitval","nbinom2",-1.02856043578635,0.0473764737005013,-1.94333455255969,-0.105252358767693,-1.49811023192429,0.0473447941904377,-2.40793842441164,-0.579799921870416,-0.469549796137936,0.994590181394301,0.352478646796047,0.0636330589183554,-0.0162350103335944,1.04423076494092,1.09041789044909,1.11837694777897,0.990663109625394,0.981413396772656,0.976042749207686,"inspanning_bezoeken",,,,,,,,,,,,,,,,
229,"Spreeuw","geslaagd","","ca9ed8611760f08059b1ade2debdf75caee1b0ce70578761a1296e4e570dea55","geslaagd","geslaagd","geslaagd","nbinom2","nbinom2","poisson_na_nb_uitval",-6.41023176851878,0.0615908746297476,-7.53323780577807,-5.27358685681647,-6.61139889097488,0.0972140046433262,-8.37397481411036,-4.81491694737726,-0.201167122456103,1.57504762776244,1.37219799235193,0.114767326854792,-0.00169023199212587,1.08118737843081,1.1689661472781,1.2235810122878,0.999023843694027,0.998048640269188,0.997478624192338,"inspanning_bezoeken",,,,,,,,,,,,,,,,
231,"Huismus","geslaagd","","ef4c0c7f835b6fcd9e91ae454d3c1d5b25182823f67bfdf4e9755591c70744a2","geslaagd","geslaagd","geslaagd","nbinom2","nbinom2","nbinom2",-2.37371278447375,0.261874497907303,-7.2581903628552,2.76801792824977,-1.60534268061925,0.289353729552973,-7.03034253903603,4.13621877722237,0.768370103854499,1.11373721670685,1.28635726156735,0.175218087898434,-0.12668858220639,1.12656806651455,1.26915560849033,1.3607897610243,0.929413127349966,0.863808761290445,0.827600884447735,"inspanning_bezoeken",,,,,,,,,,,,,,,,
232,"Ringmus","geslaagd","","11bc190d403ec7539e617a747ac5cfd4d3c4610de5bb874e32f86c582bf9ac79","geslaagd","geslaagd","geslaagd","nbinom2","nbinom2","poisson_na_nb_uitval",-23.4801689710977,0.323352844448713,-28.1792968741246,-18.4735837181991,-24.1472989237614,0.362855230374565,-29.3545510107062,-18.5562220514281,-0.667129952663693,1.11257449976104,0.591909617942829,0.0935850906172825,0.185219524618698,1.06572210704332,1.13576360944086,1.17885024506629,1.11295841155123,1.23867642584265,1.31870091344362,"inspanning_bezoeken",,,,,,,,,,,,,,,,
233,"Vink","geslaagd","","8a54c7f88d6908382d12f3e98fa019b148812af6befc26b573c5c82b83ee5f47","geslaagd","geslaagd","geslaagd","nbinom2","nbinom2","poisson_na_nb_uitval",11.9480045847129,0.067629203753265,10.4738890433924,13.441790082871,11.4767938159088,0.0687881448432374,9.98389716175496,12.9899547130792,-0.471210768804053,1.01285639626727,0.426546070464578,-0.00967697549139246,-0.052198997642018,0.993439745288775,0.986922527519427,0.983130037376817,0.970289201342245,0.941461134241373,0.924996496978591,"inspanning_bezoeken",,,,,,,,,,,,,,,,
236,"Groenling","geslaagd","","b6fafc523c16ff6cf1421fc3c5a3abdb8f722a2bfdb14173f4e4dffecb589382","geslaagd","geslaagd","geslaagd","nbinom2","nbinom2","nbinom2",1.44920507386632,0.117296444526604,-0.856516667102214,3.80854963065751,1.88364840806994,0.135675395147651,-0.789973491453799,4.62932203777837,0.434443334203616,1.16167599415139,1.07608368706826,-0.0464865005484222,0.220656881417187,0.968876483288611,0.938721639869706,0.921519155171575,1.13598233152184,1.2904558575298,1.39037979893768,"inspanning_bezoeken",,,,,,,,,,,,,,,,
237,"Putter","geslaagd","","1b6a85bcb92b239fd987a2550fb0a770fb81fadff1a0504a04ba1bed4af0b13a","geslaagd","geslaagd","geslaagd","nbinom2","poisson_na_nb_uitval","nbinom2",8.20532204958324,0.1251883874672,5.58260458654609,10.8931889462592,10.5025537837504,0.157174415597168,7.1502919283525,13.959693183996,2.29723173416718,1.28223200958837,1.18824602985048,-0.139108891530724,-0.377775981714872,0.9097222369207,0.827594548348002,0.78303435398501,0.803898095716585,0.646252148296751,0.568785006525564,"inspanning_bezoeken",,,,,,,,,,,,,,,,
238,"Sijs","geslaagd","","ee5d038fb442a1eef98264878659e8f5a4a8d51b4955813f03746288d76b8e57","geslaagd","geslaagd","geslaagd","nbinom2","nbinom2","nbinom2",0.595543872930415,0.340192705329648,-5.89321097168732,7.53170468972388,1.02744440979881,0.41993867483704,-6.95490887180785,9.69460505888484,0.43190053686839,1.24019504856558,1.69209834625777,0.288480594826411,0.484966858368047,1.21678513953715,1.48056607579845,1.66063707062386,1.32341925460641,1.75143852346299,2.06339959993825,"inspanning_bezoeken",,,,,,,,,,,,,,,,
239,"Kneu","geslaagd","","397c95aa1cb6f1c099693fa3680bcb317c101be494c42ca1e325ea35f8e738cc","geslaagd","geslaagd","geslaagd","nbinom2","nbinom2","nbinom2",-2.92095144013745,0.0489410883160177,-3.84772555567701,-1.98524451186728,-3.1965102178265,0.0590394978631922,-4.31023886786714,-2.06981893216794,-0.275558777689044,1.20292227571691,0.759014913022383,0.149875260906795,0.174531591940043,1.10731568801594,1.22614803292621,1.30148763245989,1.10610641043718,1.22347139121022,1.29781672956427,"inspanning_bezoeken",,,,,,,,,,,,,,,,
242,"Kleine Barmsijs","geslaagd","","c512b750fdd24e279c8576efd608a55dae4a3fc5c49a075ff6cb7c7587c18184","geslaagd","geslaagd","geslaagd","nbinom2","nbinom2","nbinom2",-23.6059417447821,0.251140529972767,-27.275278291598,-19.7514682819697,-23.4614677746414,0.250813515834836,-27.1330734126553,-19.6048579297472,0.144473970140691,1.00058553755001,0.720236860878633,0.0918538281564155,-0.273143017825464,1.06446792457502,1.13309196244905,1.17526742904411,0.853999402521822,0.729314979507629,0.664998063449688,"inspanning_bezoeken",,,,,,,,,,,,,,,,
246,"Goudvink","geslaagd","","10509d7ab347afdeeca5a429f40c72abf838436b5e68c2612f87570737b6d715","geslaagd","geslaagd","geslaagd","poisson_na_nb_uitval","poisson_na_nb_uitval","nbinom2",-4.54553064950428,0.0656800946884682,-5.76646891950681,-3.30877327305351,-4.97424952091206,0.0688517608514004,-6.24800286295346,-3.68319044005005,-0.428718871407774,1.04358423167844,0.512069885607704,0.0884068259610842,0.125171982558744,1.06197519797887,1.12779132112225,1.16816631197977,1.07500534251397,1.15563648643359,1.20557790944466,"inspanning_bezoeken",,,,,,,,,,,,,,,,
248,"Appelvink","modeluitval","fit_mislukt_M1","4c179c476b0eda2d3903f995a51f625f7835090481c1aa8e2600bdea9eec0cd2","geslaagd","modeluitval","geslaagd",,,,,,,,,,,,,,,,,,,,,,,"inspanning_bezoeken",,,,,,,,,,,,,,,,
251,"Rietgors","geslaagd","","d28f03d892493b986e8f751829d64db4c8e67c8502d00568cacbeacf9bf0c2c7","geslaagd","geslaagd","geslaagd","poisson_na_nb_uitval","poisson_na_nb_uitval","poisson_na_nb_uitval",-4.7048984887014,0.0361469977014013,-5.37766031503903,-4.02735334717115,-5.84915567277365,0.0513528308979697,-6.792045375193,-4.89672771801837,-1.14425718407225,1.40361984517292,0.455077900378105,0.0834456232899569,0.173107956882783,1.05839770888345,1.12020571016973,1.15802106386885,1.10519691175372,1.22146021374996,1.29506002808527,"inspanning_bezoeken",,,,,,,,,,,,,,,,
1,"Dodaars","geslaagd","","f6cb8548884fa22fa2f8d2f6bce70e67428e6565f99e6e8c2dab526f9cc05abc","geslaagd","geslaagd","geslaagd","nbinom2","poisson_na_nb_uitval","nbinom2",1.19822166695041,0.0562820046567222,0.0880112409026079,2.32074692646149,1.56782359131844,0.0654774862957799,0.27267255194654,2.87970317867949,0.369601924368035,1.16763961072283,0.710586624536468,0.117277081447642,0.210595205435844,1.08303457224385,1.17296388467541,1.22899212128761,1.12939718896448,1.27553801044086,1.36964098759932,"inspanning_duur",,,,,,,,,,,,,,,,
2,"Fuut","geslaagd","","13c89fced329b534b45ad69d841be53800dedc4db3a252d247c97418e326dc12","geslaagd","geslaagd","geslaagd","poisson_na_nb_uitval","nbinom2","nbinom2",-2.72628394014213,0.0263501116189988,-3.22737082624255,-2.22260243540248,-2.74515400162391,0.0301625156517693,-3.31841417671069,-2.16849475911863,-0.0188700614817794,1.14446217464169,0.178117592485035,0.0388173966167988,-0.0322520915006803,1.026753563642,1.05422288045154,1.07063083145488,0.981536985763531,0.963414854421758,0.952969592057256,"inspanning_duur",,,,,,,,,,,,,,,,
4,"Geoorde Fuut","geslaagd","","aec913cdd7ffc07ae2d788dbbac7e73c85c15dc11ee98286724a456955eff0af","geslaagd","geslaagd","geslaagd","nbinom2","nbinom2","nbinom2",-5.50819210801137,0.121922574844683,-7.73947974724463,-3.22294157635831,-5.50653083797753,0.146402756917676,-8.1794818088782,-2.75576864325031,0.00166127003383654,1.2008562665515,1.2077921565219,0.482844506387759,0.359812237732356,1.38875870109972,1.92865072988018,2.33714098505196,1.2310939106401,1.51559221681514,1.71158835334366,"inspanning_duur",,,,,,,,,,,,,,,,
5,"Aalscholver","geslaagd","","75b13b1d3a273db54cbfdc67bb984ed4b36ab54e7c927d78d66047e5a01f5f71","geslaagd","geslaagd","geslaagd","nbinom2","nbinom2","nbinom2",32.8281011190654,0.315499968721148,24.8630860737134,41.3012043966371,42.3773043648278,0.470726130596164,29.8290110686795,56.1384210765597,9.54920324576236,1.60051226612662,6.17033620262052,-0.739048891722787,0.490445113633499,0.604913582765893,0.365920442614669,0.272700202636752,1.32761503117683,1.76256167100665,2.08035245923082,"inspanning_duur",,,,,,,,,,,,,,,,
7,"Roerdomp","geslaagd","","d04c9614c3268cf76fdf9e259e26cf1273fa5cee04c27190a2f9cdca5e2f6b89","geslaagd","geslaagd","geslaagd","poisson_na_nb_uitval","poisson_na_nb_uitval","poisson_na_nb_uitval",9.08629849503768,0.106491861631492,6.83300276124623,11.3871201948948,9.07688572250147,0.132569823276405,6.2791711167179,11.9482479389426,-0.00941277253621031,1.24482447034374,0.587337891044512,-0.149664540165135,-0.0842760943210346,0.903214272492344,0.815796022033874,0.768636235214805,0.952471041072558,0.907201084081843,0.88172396513179,"inspanning_duur",,,,,,,,,,,,,,,,
17,"Knobbelzwaan","geslaagd","","8af2ce78dff4bf247e2c500310b2ed2bd5e2ae81914f744adec2ead5f52b5651","geslaagd","geslaagd","geslaagd","poisson_na_nb_uitval","poisson_na_nb_uitval","poisson_na_nb_uitval",-0.0366740326058324,0.0411767821116982,-0.840196144684746,0.773359264040785,0.161791169521708,0.0539912009633995,-0.892559931981318,1.22735894905091,0.19846520212754,1.31381845926608,0.368110231524828,-0.0334321218144611,-0.167069811141688,0.977517475598012,0.95554041509951,0.942914427731551,0.907978464299174,0.824424891631086,0.779160384985425,"inspanning_duur",,,,,,,,,,,,,,,,
21,"Grauwe Gans","geslaagd","","81346ed6aa231c2e2a8dfdbc41598570fa626d64e14c2e19ded987707003fd2c","geslaagd","geslaagd","geslaagd","nbinom2","nbinom2","nbinom2",15.042989341132,0.134093427927013,12.0587813380644,18.1066690045124,14.9105690464946,0.140339599520738,11.7928498512764,18.1152363157012,-0.132420294637338,1.045387549028,0.334644550264937,0.0216707060330072,0.0463815830454237,1.01484865592455,1.02991779443186,1.0388361905913,1.02716208833911,1.05506195572116,1.07173232769331,"inspanning_duur",,,,,,,,,,,,,,,,
25,"Grote Canadese Gans","geslaagd","","05f5ae023daf24402e78d58aa94c82b7a993c8826607c77f6c621776fac2ce52","geslaagd","geslaagd","geslaagd","nbinom2","poisson_na_nb_uitval","nbinom2",9.98958541594945,0.118034566511866,7.47420961613738,12.5638322271128,9.9651478630769,0.12026154888274,7.40344032676294,12.5879553556087,-0.0244375528725573,1.01864429352103,5.17000786350362e-05,0.045563894135243,0.016644138099351,1.031475834521,1.06394239720079,1.08340580831394,1.00966354390979,1.01942047190047,1.02517155922643,"inspanning_duur",,,,,,,,,,,,,,,,
27,"Nijlgans","geslaagd","","ee6e65aa45ee242426a490944ea9d21dc5eb0db743c85984574707a7a9b844ec","geslaagd","geslaagd","geslaagd","nbinom2","poisson_na_nb_uitval","poisson_na_nb_uitval",-0.286426124619543,0.045999615402251,-1.18139563888385,0.616648851532653,-0.109105748825478,0.0588561596487223,-1.25480685614857,1.04988847166627,0.177320375794066,1.2817788103124,0.323315219534908,0.0244726697569567,0.0382294332623097,1.01678457500501,1.03385087196811,1.0439664995816,1.02233512737126,1.04516911265721,1.05876183457718,"inspanning_duur",,,,,,,,,,,,,,,,
29,"Bergeend","geslaagd","","3ca00ad82a65f5ea527f33a9f9bbb5eb93993aab17b171ef63a7cba897b678b8","geslaagd","geslaagd","geslaagd","nbinom2","nbinom2","nbinom2",-12.4494152706337,0.0887821325761994,-13.9597302529952,-10.9125888494698,-12.4483972922644,0.115054932017463,-14.4006578385795,-10.4516116229231,0.00101797836932072,1.29598390514059,0.46143919718258,0.107073076618258,0.190681766689304,1.07554397778698,1.15679484815383,1.20713999971277,1.11647661142356,1.24652002385584,1.32950354091717,"inspanning_duur",,,,,,,,,,,,,,,,
34,"Krakeend","geslaagd","","3e76dfba02215d46b0769bec10a24a776e960033c62225965ece6aa3026fb9ae","geslaagd","geslaagd","geslaagd","nbinom2","nbinom2","nbinom2",-1.59828905616322,0.0276755764528376,-2.13061549024347,-1.06306721782718,-2.21489767343052,0.0397390306122625,-2.97357272909398,-1.45029033873467,-0.6166086172673,1.42689790215436,0.385304208816568,0.100470920062234,0.113718721090566,1.07072506833012,1.14645217195055,1.19320878273716,1.06791464998174,1.14044169964563,1.18512974119294,"inspanning_duur",,,,,,,,,,,,,,,,
35,"Wintertaling","geslaagd","","30b1cb5fefeb8405f71f9c5b4f7472406defe069285ee45f50e425e20a8467bf","geslaagd","geslaagd","geslaagd","nbinom2","poisson_na_nb_uitval","nbinom2",-1.27470741740866,0.220408587784449,-5.44883773981145,3.08369736055776,-4.09189508956649,0.356740448625261,-10.5688223587262,2.85411452823745,-2.81718767215783,1.57314757326728,1.51304242274648,0.600333145570091,0.375496189094846,1.50429012642013,2.2628887844451,2.87339643796908,1.24230121385002,1.54331230593323,1.75215703941142,"inspanning_duur",,,,,,,,,,,,,,,,
36,"Wilde Eend","geslaagd","","5616f56d981c9a0dcb89d6658d68dc8b58ace362cb8c296b423a4e54888cba34","geslaagd","geslaagd","geslaagd","nbinom2","nbinom2","nbinom2",-1.74063378261468,0.0213126362269637,-2.15023424087867,-1.32931873122817,-2.10807580620331,0.0318219177386944,-2.71673701067383,-1.49560645991638,-0.367442023588638,1.4875228161755,0.382533145840654,0.0171074391371688,0.0351445272996639,1.01170371227535,1.02354440143172,1.03053489877222,1.02051444867501,1.04144973995446,1.05389463226079,"inspanning_duur",,,,,,,,,,,,,,,,
37,"Soepeend","geslaagd","","28ace6dac7385c7b2bc6e53e6735e7ba4d79ba240235c04fd079d579197a6ea0","geslaagd","geslaagd","geslaagd","nbinom2","poisson_na_nb_uitval","nbinom2",0.443700393488955,0.147786654065514,-2.42403613201565,3.39571907674747,-2.33965670395323,0.180258111249633,-5.7298134742821,1.17241732729323,-2.78335709744219,1.18600019313222,1.19032336293012,0.498190597646116,0.533996642575899,1.40333014480444,1.96933549531685,2.40105829908011,1.36144772143751,1.85353989820739,2.22017639549001,"inspanning_duur",,,,,,,,,,,,,,,,
40,"Slobeend","geslaagd","","b35a6359b856a4fdf7f90bbbc9705ce9a903388012ac9a9faed4ddbdfd473980","geslaagd","geslaagd","geslaagd","nbinom2","nbinom2","nbinom2",-6.8516218167216,0.111375066242105,-8.86297227580812,-4.79588181838535,-7.95877800344264,0.141125045102353,-10.4697969106645,-5.37733352211438,-1.10715618672104,1.25211461162758,1.04396642469657,0.0461513809279277,0.186210443344247,1.03188807767099,1.06479300483953,1.08452544556234,1.11359583261446,1.2400956784163,1.32065410627356,"inspanning_duur",,,,,,,,,,,,,,,,
41,"Krooneend","geslaagd","","fb325581c26cfd96820276f1bd5a364bdf8164135439f803945c5d756d6bd740","geslaagd","geslaagd","geslaagd","nbinom2","nbinom2","nbinom2",19.3450842407944,0.173517677824781,15.35446582741,23.473755699694,19.5591630332817,0.174265572087698,15.5444477422361,23.7133738966642,0.214078792487292,1.0061133772688,0.123650455984034,-0.032016531068129,-0.0823743407289153,0.978459106815272,0.957382223709741,0.945264138011556,0.953518241383684,0.909197036651434,0.884232055561701,"inspanning_duur",,,,,,,,,,,,,,,,
42,"Tafeleend","geslaagd","","3a2be4b95c4b47dd2c4c71b89585425f33d4b1dc3e52571a18a89f094cfe9ab0","geslaagd","geslaagd","geslaagd","nbinom2","nbinom2","nbinom2",-3.04315761697532,0.0243750359651847,-3.50526487563347,-2.57883735552247,-3.4279382041012,0.0433366482783306,-4.24474577557628,-2.60416313393141,-0.384780587125877,1.77086993426996,0.574420599170099,0.0707144231099938,0.0500095185207402,1.04927237465978,1.10097251622418,1.13238814526644,1.02931754311096,1.05949460455597,1.07755553742812,"inspanning_duur",,,,,,,,,,,,,,,,
44,"Kuifeend","geslaagd","","92b529572be3826ad05c2ed4bfa641ced0f8850bbcc09734eeb986b069efeeba","geslaagd","geslaagd","geslaagd","nbinom2","poisson_na_nb_uitval","nbinom2",-4.09336273590171,0.0242226698935169,-4.54761407474859,-3.6369496461793,-4.38125374060644,0.0397389312896585,-5.12311906882823,-3.63358758757025,-0.287891004704733,1.63565352343687,0.640555024979962,0.0182222613518998,0.104465223258977,1.01247113230884,1.02509779375874,1.03255678990413,1.06221999972507,1.12831132781592,1.16886251899519,"inspanning_duur",,,,,,,,,,,,,,,,
60,"Havik","geslaagd","","3b66960c803739b34054a00262d31d6357de22d9390aa07d619d9b58de336753","geslaagd","geslaagd","geslaagd","nbinom2","poisson_na_nb_uitval","nbinom2",5.03901716960655,0.0873954570741057,3.25507298277568,6.85378266884171,4.90465868854411,0.106953937748992,2.72843503824605,7.12698397929208,-0.134358481062447,1.22225723238441,0.625728560344459,0.0113861340851186,0.300493539430159,1.0077744300033,1.01560930176848,1.02022061459147,1.18961317526488,1.41517950676379,1.56646637171731,"inspanning_duur",,,,,,,,,,,,,,,,
61,"Sperwer","geslaagd","","e72fa84d2e1f4662d3e2ba634cbe942d44286b341b64650483a72bae8b535c71","geslaagd","geslaagd","geslaagd","poisson_na_nb_uitval","nbinom2","poisson_na_nb_uitval",1.85105257955545,0.127635991721534,-0.665313239781196,4.43116347267491,1.45958130173389,0.172578841817519,-1.91494088218336,4.95020067794698,-0.391471277821553,1.34703677608327,1.35259380335187,0.175308279763726,0.194367512387454,1.12663717758784,1.26931132992308,1.36100556358539,1.1188568617397,1.25184067706201,1.33684276553835,"inspanning_duur",,,,,,,,,,,,,,,,
62,"Buizerd","geslaagd","","b2f75f795fab36c069509ed37e29b4079837600c0bbdb0c1d45b7e9b5bc85e28","geslaagd","geslaagd","geslaagd","nbinom2","nbinom2","nbinom2",5.22777177362306,0.0728975125680477,3.73497644172625,6.7420491357798,5.57043861109356,0.0761541612222809,4.00637330971074,7.15802458903825,0.342666837470507,1.04807951120033,0.547917672421264,-0.0725755507234608,-0.0657849654254776,0.951835733999908,0.905991264519144,0.880204505359275,0.96270214399868,0.926795418059654,0.906415412143606,"inspanning_duur",,,,,,,,,,,,,,,,
64,"Torenvalk","geslaagd","","609c794634b4bfc7b2de1fe190060a5b8cae2e8e6edc97fdadca292767122dd7","geslaagd","geslaagd","geslaagd","poisson_na_nb_uitval","poisson_na_nb_uitval","poisson_na_nb_uitval",-8.94116134273416,0.143507364714929,-11.4667283028514,-6.34354815245096,-9.54193885574814,0.168412642233759,-12.4791148204481,-6.50619210271681,-0.600777513013984,1.16586232425662,1.01290807076078,0.337640650173355,-0.115149270154341,1.25815810624534,1.58296182031085,1.81055534113351,0.93563072282763,0.875404849498953,0.841988478997494,"inspanning_duur",,,,,,,,,,,,,,,,
66,"Boomvalk","geslaagd","","d03dcd257ea970f6427fdb4e21da581df43138f695f9f3bccb8bdd173c5e802d","geslaagd","geslaagd","geslaagd","poisson_na_nb_uitval","nbinom2","nbinom2",-7.75982971865308,0.143945911768589,-10.3258698520258,-5.12036192052111,-7.97274303564359,0.204108163073372,-11.581643167814,-4.2165413630397,-0.212913316990515,1.41486707957917,1.53923646455232,0.40911939874438,-0.148969850569321,1.32083701798829,1.74461042808821,2.05300843180353,0.917524240715621,0.841850732300776,0.800511841979031,"inspanning_duur",,,,,,,,,,,,,,,,
71,"Gewone Fazant","geslaagd","","39308d138d459076bd3f16102f8594c304b6930c54571775d1947db1b87a895d","geslaagd","geslaagd","geslaagd","nbinom2","poisson_na_nb_uitval","nbinom2",-16.3605087248111,0.147918685150522,-18.7505761638257,-13.9001340504547,-16.5458367695558,0.146849643699523,-18.9136198852426,-14.1089126110083,-0.185328044744637,0.990570995783955,0.46723735648965,0.0238432450321523,-0.0452711571401554,1.01634937459092,1.03296605123135,1.04281184033594,0.974181029949557,0.949028679113579,0.934617629488579,"inspanning_duur",,,,,,,,,,,,,,,,
72,"Waterral","geslaagd","","aef3c90ae3872fe4ec45b66a8ecf07c9bc1394f407615da8827705ef709c174b","geslaagd","geslaagd","geslaagd","nbinom2","poisson_na_nb_uitval","nbinom2",-0.671076075840216,0.0715754147958662,-2.05481107454591,0.732207841680665,-0.885212163042726,0.104112753787694,-2.8872619239041,1.15811131045791,-0.21413608720251,1.45150548164889,0.930803899390673,-0.0889304275453558,0.109704648845312,0.941306288272065,0.886057528340531,0.855254792604544,1.06544062953992,1.13516373507442,1.17804556786961,"inspanning_duur",,,,,,,,,,,,,,,,
77,"Waterhoen","geslaagd","","5f785e107eb6000314d8d3faa5e0a335c7a132457f5158095ab1ae01ef361d47","geslaagd","geslaagd","geslaagd","nbinom2","poisson_na_nb_uitval","nbinom2",-3.98882605127998,0.0612984926316054,-5.13545088072803,-2.82834200348626,-4.78417500206744,0.072535614966339,-6.12827934052242,-3.42082507548472,-0.795348950787456,1.17352687241816,0.76001102457803,0.195320273790915,0.0909143490546382,1.14207702360173,1.30433992783899,1.40974457212121,1.05393547166351,1.11077997843059,1.14544275643576,"inspanning_duur",,,,,,,,,,,,,,,,
78,"Meerkoet","geslaagd","","31f5443475f52f2faede86adfcb45c737c21ae8e7b8a7879ede55b0b651f9d33","geslaagd","geslaagd","geslaagd","nbinom2","nbinom2","nbinom2",-2.2582550246295,0.0218264206969064,-2.67549898726726,-1.83922227784645,-2.53697376689769,0.0271980356274744,-3.05514875283238,-2.01602911024202,-0.278718742268191,1.24255480379221,0.375434158087475,0.0494447724446388,0.108195047686746,1.03420212359931,1.06957403245733,1.09082347721443,1.06451169057202,1.1331851393645,1.17539234253487,"inspanning_duur",,,,,,,,,,,,,,,,
80,"Scholekster","geslaagd","","f066e0d16e01eee83ec2f2ed6a84817951cac9d545dd9861aee538e8dff4a35b","geslaagd","geslaagd","geslaagd","nbinom2","nbinom2","nbinom2",-13.4452977262566,0.122022424585152,-15.4908159812865,-11.3502683443563,-12.7124116914767,0.155357258891051,-15.3302616745967,-10.0136220636895,0.73288603477989,1.28404261394973,0.751397446342404,-0.0925889577422134,-0.293728709905635,0.938966875357992,0.881658793019551,0.849771140450559,0.843901578033195,0.712169873406917,0.644862413536294,"inspanning_duur",,,,,,,,,,,,,,,,
84,"Kleine Plevier","geslaagd","","cac47db24a203d6757d6ad90f6366355fc797490018bda2ee5eeb228b55c2b26","geslaagd","geslaagd","geslaagd","nbinom2","poisson_na_nb_uitval","nbinom2",8.18564303772778,0.152067263613337,5.00872950293352,11.4586702923559,6.41318587905646,0.213481634209774,2.05247036475567,10.9602353422435,-1.77245715867132,1.38106151177328,1.18822985710421,0.3077974766089,-0.256156742079921,1.23287738127253,1.51998663725342,1.71800527591566,0.862422539203825,0.743772636126773,0.68208557377128,"inspanning_duur",,,,,,,,,,,,,,,,
88,"Kievit","geslaagd","","4c502ffa0a38893d96567467934fa6d3da23818e96613320c1d5ace461467a21","geslaagd","geslaagd","geslaagd","nbinom2","nbinom2","nbinom2",-0.876426066164127,0.08118842822512,-2.44128895149485,0.713537559260091,-1.09048563851168,0.107388150633909,-3.15058415294693,1.01343354176919,-0.214059572347558,1.31988801302411,1.22026132456591,0.282773451465605,0.348949677181741,1.21207103129611,1.46911618490721,1.64405723604666,1.2233911520877,1.49668591100647,1.68404273418235,"inspanning_duur",,,,,,,,,,,,,,,,
94,"Houtsnip","geslaagd","","1a3ede167fe40f90e22437cf7d8457655bfbf54d10ca97149fb8371901448323","geslaagd","geslaagd","geslaagd","nbinom2","nbinom2","nbinom2",-3.07193121251824,0.112993383485718,-5.19497242394491,-0.90134712176696,-3.21184623830593,0.125690796689109,-5.5671299574136,-0.797818552240648,-0.139915025787685,1.1107889183422,1.03292961737968,-0.260048095214244,0.141049561512499,0.837885627586391,0.70205232491584,0.633046243267778,1.08491306165066,1.17703635134021,1.23450992847154,"inspanning_duur",,,,,,,,,,,,,,,,
97,"Wulp","geslaagd","","1e6d9ebf83be312d06467a9ba151fd2d6f6f1ab5e025f1e4795ec848c7837792","geslaagd","geslaagd","geslaagd","poisson_na_nb_uitval","poisson_na_nb_uitval","nbinom2",-19.5672479893612,0.215268539558717,-22.890320086567,-16.1009667882449,-21.5451804256898,0.284034802866407,-25.7934745102803,-17.0536731936024,-1.97793243632861,1.28728038336698,0.467231967649644,0.246977093607009,-0.304097771788799,1.18291689152652,1.39929237225877,1.5437748360297,0.838860585981968,0.703687082714011,0.634952105071256,"inspanning_duur",,,,,,,,,,,,,,,,
98,"Tureluur","geslaagd","","7ac445929d0ed18b17d387a4c56fcf458768bbbc842734f2b916a10578c0aa00","geslaagd","geslaagd","geslaagd","poisson_na_nb_uitval","nbinom2","nbinom2",2.46658955106014,0.248321477307273,-2.40114319452887,7.57709995673699,-1.04826191955026,0.361927929405969,-7.82450051614408,6.22612867811854,-3.5148514706104,1.40812655908071,1.11748462196456e-06,1.15765258109848,0.0462509840759163,2.19764453620811,4.82964150752536,7.65503497104579,1.02708458017537,1.05490273483401,1.07152329073674,"inspanning_duur",,,,,,,,,,,,,,,,
106,"Stormmeeuw","geslaagd","","fa6b3fba5a105078cd9405fc6374c3bc6900d482a1bf27a26fc03561bd194bae","geslaagd","geslaagd","geslaagd","nbinom2","nbinom2","nbinom2",-16.018791471552,0.131295034831139,-18.1523789210899,-13.8295860902426,-13.8174622770899,0.209695517701538,-17.2877880276148,-10.2015333498687,2.20132919446211,1.6392769570586,1.30470594280965,-0.0631271064781131,-1.13283044004617,0.957972337309773,0.917710999050749,0.894948661171976,0.519670236099599,0.270057154287813,0.1841480547067,"inspanning_duur",,,,,,,,,,,,,,,,
107,"Kleine Mantelmeeuw","geslaagd","","3265b79717604c100e52e7cdd9d91bb6210053abb810e386e3ae591658bc283c","geslaagd","geslaagd","geslaagd","nbinom2","nbinom2","nbinom2",-27.1070437238162,0.64423863813778,-35.7538859942411,-17.2964286337167,-54.690852834223,1.7554571754341,-67.8812706153843,-36.0834361687623,-27.5838091104068,1.72276353267537,11.9654615143302,-0.00793194229798961,-3.15693937128728,0.994619556426504,0.989268062026055,0.986150996248539,0.161360975066999,0.0260373642745725,0.00895754202111484,"inspanning_duur",,,,,,,,,,,,,,,,
108,"Zilvermeeuw","geslaagd","","89ef5d1ae5cbdd6133fca756cda867fee113e5e05b2f60fd3896fe152a4e4c0f","geslaagd","geslaagd","geslaagd","nbinom2","nbinom2","nbinom2",-27.8850040681959,0.699266937738637,-37.1214120988454,-17.2918347590846,-46.1917466689311,2.31304507607926,-65.8053216509821,-15.3281075789489,-18.3067426007352,2.545551688125,5.05492452736615,-0.284416975654203,-4.48689181878617,0.824112402179095,0.679161251425399,0.606496255046385,0.0748273924092984,0.00559913865477513,0.00122882178408233,"inspanning_duur",,,,,,,,,,,,,,,,
122,"Holenduif","geslaagd","","b7a4c62df4d0cbced2cdd55928e6f2b47b77c9d1b03ed9b03554652b9e82b23b","geslaagd","geslaagd","geslaagd","nbinom2","poisson_na_nb_uitval","poisson_na_nb_uitval",-2.52115656520566,0.0577891562652296,-3.61903829576182,-1.41076879328018,-3.07538922601666,0.092446346270038,-4.81579787749911,-1.30315783287529,-0.554232660810994,1.59067543190554,1.03837221958421,0.0184215577508125,0.0614062220634819,1.01260838505651,1.02537574148675,1.03291866045982,1.0361180996556,1.07354071643394,1.096055031697,"inspanning_duur",,,,,,,,,,,,,,,,
123,"Houtduif","geslaagd","","e2f1a71fd20969a706e7fc324ddcf0a742f2c49835e4876a3d4be75b87837a15","geslaagd","geslaagd","geslaagd","nbinom2","nbinom2","nbinom2",-7.93882782658604,0.0261668663828551,-8.40977379133159,-7.46546031413948,-7.91272061436888,0.0360695881218535,-8.5614486227131,-7.25939008310114,0.026107212217152,1.37884142401907,0.580767510519407,0.0754241379650183,-0.0729495046453236,1.05263894852702,1.10804875595607,1.14180385415422,0.958725042430311,0.919153706983002,0.896767501827755,"inspanning_duur",,,,,,,,,,,,,,,,
124,"Turkse Tortel","geslaagd","","b000b984b1f55598646623d0d2ff61dcf3964238a932e9fd2a90154868fe1144","geslaagd","geslaagd","geslaagd","nbinom2","nbinom2","poisson_na_nb_uitval",0.188526044932713,0.141047601493085,-2.54328393185198,2.99691140872351,-0.51289464840697,0.16124688389838,-3.60795744821928,2.68154786658916,-0.701420693339683,1.1352497390742,0.706033260548785,0.0153608554768538,0.32459171750132,1.01050257038706,1.02111544475885,1.02737517434649,1.20629341086844,1.45514379310461,1.62387589730433,"inspanning_duur",,,,,,,,,,,,,,,,
125,"Tortelduif","geslaagd","","7d10e42b54cc489663a3e93b1df549fcf5eac4374eec6d9fc1e6f9bb5c7f2144","geslaagd","geslaagd","geslaagd","nbinom2","nbinom2","nbinom2",-13.5697237418303,0.118772745108004,-15.5585346948294,-11.5340712401623,-13.6143075468315,0.10174037025326,-15.3198724164239,-11.874390443635,-0.0445838050012188,0.856134491367607,0.556666017270969,0.223984867459254,0.0586489990207932,1.16456193454634,1.35620449939432,1.48261303892906,1.0344687210397,1.07012553480952,1.09155049994573,"inspanning_duur",,,,,,,,,,,,,,,,
126,"Halsbandparkiet","geslaagd","","d695aee7a9c99defffa40f8156f3d2f9e9ecf0275d04e13b2c2b3d45068a8b2f","geslaagd","geslaagd","geslaagd","nbinom2","poisson_na_nb_uitval","nbinom2",6.39427870032105,0.211122489140481,2.08152880034496,10.8892340582123,10.1344972781538,0.303010404514292,3.78404835044388,16.8735242409706,3.74021857783278,1.48613918237498,2.26086698046855,-0.432838192755933,0.157223060412596,0.744979813791816,0.554994922957288,0.467195165673958,1.09509932478162,1.19924253113716,1.26469513210002,"inspanning_duur",,,,,,,,,,,,,,,,
127,"Koekoek","geslaagd","","1b04c79e2c36e600bccee4287bfb925dbb6f90725ee1d0a334fcdb54c0c06e78","geslaagd","geslaagd","geslaagd","nbinom2","poisson_na_nb_uitval","nbinom2",-2.83076987286826,0.0264704269492563,-3.33359811482373,-2.32532607642874,-2.93047938112776,0.0304018669892314,-3.50717403281579,-2.35033808231387,-0.0997095082595045,1.14734506804672,0.283357160475954,0.0240087645064206,0.061502246030464,1.01646380095021,1.03319865864215,1.04311535662563,1.03617558882774,1.07365985088252,1.09621224254053,"inspanning_duur",,,,,,,,,,,,,,,,
131,"Bosuil","geslaagd","","ce5db7bcdcf0f7d2dab743748bde75c04537a99d25e978c688047c7de1913cfe","geslaagd","geslaagd","geslaagd","nbinom2","nbinom2","poisson_na_nb_uitval",-2.56125828355129,0.0524890293336732,-3.55855460462153,-1.5536489694733,-2.27632003346947,0.0676293154696961,-3.56313378526419,-0.972335569925142,0.284938250081823,1.29222950443126,0.562800109277262,0.0889479186110317,-0.181071808165198,1.06236610677117,1.12862174481613,1.16927816317665,0.900662105638227,0.811192228532685,0.763034529155238,"inspanning_duur",,,,,,,,,,,,,,,,
132,"Ransuil","geslaagd","","b741e7df865890c1d6f184bac1a23a3be4c5095d79058bfccd04895a88fb12bf","geslaagd","geslaagd","geslaagd","nbinom2","nbinom2","poisson_na_nb_uitval",0.642947700988739,0.182294304941841,-2.88951039878738,4.30390129366078,0.9723498603468,0.197024352427163,-2.85254853137469,4.94784250323832,0.329402159358061,1.08437989762244,1.01364225045943,-0.236052079095166,-0.317854975974508,0.851673024964437,0.725346941452074,0.660325457118342,0.832218872997832,0.692588252573782,0.622038241341142,"inspanning_duur",,,,,,,,,,,,,,,,
135,"Nachtzwaluw","geslaagd","","5b83992e384ecfcabb611664881ec375f1256ed8defee657bc77634774543d0f","geslaagd","geslaagd","geslaagd","nbinom2","poisson_na_nb_uitval","nbinom2",3.36350792225184,0.311536472868223,-2.75915593324504,9.87167864008809,4.93194164957345,0.41171562105174,-3.20302889945688,13.7505879901205,1.56843372732161,1.34224043479841,1.66832011975983,1.05783568286203,1.07433890908602,2.05339579152678,4.21643427665988,6.42288473477854,1.860348497882,3.46089653357182,4.97612379883935,"inspanning_duur",,,,,,,,,,,,,,,,
137,"IJsvogel","geslaagd","","1adf7c86c79463331bdca8b8c0dcafc1425c59302fc5188c8bdd8e84fac25463","geslaagd","geslaagd","geslaagd","poisson_na_nb_uitval","nbinom2","nbinom2",16.2317916525571,0.455057080008107,6.31381226752765,27.0750159609305,16.4085534911854,0.463869305203959,6.29174580987224,27.4882750552356,0.176761838628291,1.02096822315263,0.803301362780509,-0.0435841789844518,-0.107314692695744,0.970790969229911,0.942435105938351,0.926233509125067,0.939875828733557,0.88336657343759,0.851899184749648,"inspanning_duur",,,,,,,,,,,,,,,,
142,"Groene Specht","geslaagd","","06f273a48e4cacee0c1a68ebb5e98271fea6ca65844f99c18ec1a69dfed7bc2b","geslaagd","geslaagd","geslaagd","nbinom2","nbinom2","nbinom2",-3.76179369719559,0.0325410826399618,-4.37365269190168,-3.14601976230889,-3.78339717045619,0.0340071389809257,-4.42258664885828,-3.13993300858053,-0.0216034732606007,1.0448185360287,0.164407588487351,-0.0586072367051919,-0.0412756734287746,0.960921889817357,0.923370878330162,0.902088929970801,0.976432652266755,0.953420724412689,0.940211845117428,"inspanning_duur",,,,,,,,,,,,,,,,
143,"Zwarte Specht","geslaagd","","ea13cb8ef7aa9647e289a522356d9b7faa6a1f2f2d7888bb889641c0615f315b","geslaagd","geslaagd","geslaagd","nbinom2","poisson_na_nb_uitval","nbinom2",-23.8151566908014,0.617021253944122,-32.493332523391,-14.0213764505816,-23.4065799831474,0.640659508657224,-32.4450116272372,-13.1588631544594,0.408576707654028,1.04407721611935,5.26092731371638e-06,-0.0912892333185555,0.161955944805734,0.939797305374872,0.88321897518987,0.851715216836523,1.09809820058239,1.20581965812229,1.27366708607172,"inspanning_duur",,,,,,,,,,,,,,,,
144,"Grote Bonte Specht","geslaagd","","4ccccb537b50b74b7a05704c20d4e0872840ca7aed6452952a8f67ce600846f5","geslaagd","geslaagd","geslaagd","nbinom2","nbinom2","poisson_na_nb_uitval",4.09289123841823,0.0270332048357122,3.542812790549,4.64589201658403,4.08176108927927,0.0285169855980841,3.50163662877838,4.66513713497851,-0.0111301491389604,1.05477510476041,0.195678621479362,-0.0209446158553188,-0.0352162427536583,0.985855350774395,0.971910772650506,0.963845332632071,0.979857330041453,0.960120387235966,0.94875982824333,"inspanning_duur",,,,,,,,,,,,,,,,
146,"Kleine Bonte Specht","geslaagd","","d842ee28ceca999c7d0f0f65c4d80ecd50d4b34f260a6f3a2d9b3c061a8e8b18","geslaagd","geslaagd","geslaagd","poisson_na_nb_uitval","poisson_na_nb_uitval","poisson_na_nb_uitval",13.283893790933,0.137715402651305,10.2670094981758,16.3833194610007,13.3380006751059,0.14122133103963,10.2438940071073,16.5189465840365,0.0541068841728674,1.02595398452159,0.713608268306468,-0.220266911101699,-0.0441820284155921,0.860866190434932,0.741090597833953,0.678908270893023,0.974794284307456,0.950223896718485,0.936139248133126,"inspanning_duur",,,,,,,,,,,,,,,,
148,"Boomleeuwerik","geslaagd","","aa95769f079efd0c48be99b1f50e8f4eb88915c1f6a9b8dd881be9e8103f4ac2","geslaagd","geslaagd","geslaagd","nbinom2","poisson_na_nb_uitval","poisson_na_nb_uitval",12.3923987852004,0.10284140127702,10.1495947377446,14.6808695462492,12.7242933047697,0.105030211828371,10.4274819500817,15.0688766660801,0.3318945195693,1.02430219135843,0.380364706411843,-0.0215531981488831,-0.00824793513261246,0.985447358311034,0.971106496002196,0.962814571358855,0.995245598186828,0.990513800710257,0.987756312409868,"inspanning_duur",,,,,,,,,,,,,,,,
150,"Veldleeuwerik","geslaagd","","a32102c11ed0e593865f3f4915f613150dfea144eb9ee4df3693f7760de8ddbf","geslaagd","geslaagd","geslaagd","nbinom2","nbinom2","nbinom2",-4.42887096014932,0.190683115100777,-7.93481245632484,-0.789419435888827,-2.4707364118727,0.221566670723409,-6.61549754377164,1.85798506021817,1.95813454827662,1.18586655482147,1.37080308141737,-0.609308210667942,-0.330469229895439,0.660719710097374,0.436550535311158,0.3425716132826,0.826175178758859,0.682565425997233,0.610428215551081,"inspanning_duur",,,,,,,,,,,,,,,,
151,"Oeverzwaluw","geslaagd","","46a6e63292cb1002c4c75e7814d5dc3eb896bc3144bb47e4b89db7e3c265fc40","geslaagd","geslaagd","geslaagd","nbinom2","nbinom2","nbinom2",51.4581780832614,1.81452427588124,6.12978972885432,116.146472794379,49.2730999434955,1.97529616076683,1.35401286840062,119.847815948567,-2.18507813976592,1.07705304121551,2.27348038975733,1.31009739631215,1.12354522163214,2.43774299841304,5.94259092631179,10.0080451421689,1.9140008502662,3.66339925481974,5.35562085485001,"inspanning_duur",,,,,,,,,,,,,,,,
152,"Boerenzwaluw","modeluitval","fit_mislukt_M2","295a3238cc5def508ee852889926871fc2727049c15501286845b0f3d81f5a9e","geslaagd","geslaagd","modeluitval",,,,,,,,,,,,,,,,,,,,,,,"inspanning_duur",,,,,,,,,,,,,,,,
155,"Boompieper","geslaagd","","5a6c77880a07d97fa64dc6f9872b7dd721a121c1253a16976bc440dca36dba3a","geslaagd","geslaagd","geslaagd","nbinom2","nbinom2","nbinom2",3.8155294814803,0.0345106496483631,3.11568175764181,4.5201270826237,2.46558404060278,0.0478218733488729,1.5096522036198,3.43051803311596,-1.34994544087752,1.3677042426133,0.773959621501526,-0.0596563027977249,-0.0393997411948644,0.960236487582486,0.922054112084749,0.900426606615659,0.977491613194971,0.955489853866507,0.942849942276668,"inspanning_duur",,,,,,,,,,,,,,,,
156,"Graspieper","geslaagd","","c6710ac2b19486bd94c4166e9d8f5b427496c5baa82440a3afd96f58e3afabfa","geslaagd","geslaagd","geslaagd","poisson_na_nb_uitval","nbinom2","nbinom2",0.992276160873651,0.0522628750164001,-0.0369600909771117,2.03210960207645,0.94143503740578,0.0650711230025901,-0.337791052876557,2.23708078572447,-0.0508411234678707,1.24445872811611,0.456213912058343,0.0299631228400939,0.0256888746568283,1.02058872652208,1.04160134870395,1.05409292948692,1.01495399904515,1.03013162017774,1.03911495796374,"inspanning_duur",,,,,,,,,,,,,,,,
162,"Witte Kwikstaart","geslaagd","","e43763f0d387217b3cd5541b478f56f415dd6763230243781470b691a3513aea","geslaagd","geslaagd","geslaagd","nbinom2","poisson_na_nb_uitval","nbinom2",3.20987816722831,0.0856476540892031,1.4917614228696,4.95708027877211,3.09585687519094,0.134564705147159,0.41228120230643,5.8511526435246,-0.11402129203737,1.56951543779416,1.39083517572983,0.0402103769338515,-0.411080267724668,1.02772681823391,1.05622241291719,1.07325614035392,0.788576138449019,0.621852326131167,0.541183635765561,"inspanning_duur",,,,,,,,,,,,,,,,
164,"Winterkoning","geslaagd","","c53fbfa262772c58539b8a4074b6394a4c7afaf2c187cff8bbf551304c2ac0f0","geslaagd","geslaagd","geslaagd","nbinom2","poisson_na_nb_uitval","poisson_na_nb_uitval",-0.132098010876258,0.058551623704229,-1.27164258236503,1.02059943648705,-0.271944387107381,0.0617228158384262,-1.47115324026204,0.941860210550316,-0.139846376231123,1.05268703346637,0.310863376526285,-0.0691795076971032,0.0373911910848333,0.95403686744687,0.910186344447836,0.885475805325139,1.02184008459772,1.04415715849067,1.05743708041096,"inspanning_duur",,,,,,,,,,,,,,,,
165,"Heggenmus","geslaagd","","c001a5c545ea85d362783482cb1387cee44e617e2f52e1e6be8f002576307a05","geslaagd","geslaagd","geslaagd","nbinom2","nbinom2","nbinom2",-2.52353788574815,0.0103509650546242,-2.72109660427999,-2.32557795538203,-2.90329176369755,0.0156812529915146,-3.20126283538774,-2.60440346145079,-0.379753877949396,1.5090549474721,0.372166743229577,0.0710818294651612,0.145267596972985,1.04953461450459,1.10152290704329,1.13311986710069,1.08756046193157,1.18278775835681,1.24231205407543,"inspanning_duur",,,,,,,,,,,,,,,,
166,"Roodborst","geslaagd","","6ec2d61ffd5483150dd9622ade88dd1a32850d91ad393b9d5f02edf26202cbed","geslaagd","geslaagd","geslaagd","nbinom2","nbinom2","poisson_na_nb_uitval",-0.315627908978733,0.0330681833219469,-0.959629344469215,0.332561090089811,-0.157220146835213,0.0348999285458347,-0.837852751028467,0.528084207161195,0.15840776214352,1.05707094067432,0.394984043708057,0.0434584368293871,-0.028767950184535,1.0299997742836,1.06089953502427,1.07940269600344,0.983514978813204,0.967301713549938,0.957941747222156,"inspanning_duur",,,,,,,,,,,,,,,,
167,"Nachtegaal","geslaagd","","8cc0ef8d04ba01a8cf643626652766af48e75bed167d4ed637bfaca8d9d8060d","geslaagd","geslaagd","geslaagd","nbinom2","nbinom2","nbinom2",-1.36835340294365,0.0158245535151752,-1.67379662172256,-1.06196134696069,-1.57286658308883,0.0216001238432807,-1.98868924472996,-1.1552797527553,-0.204513180145183,1.36214684957325,0.36706689281314,0.0714005433152567,0.0773026823219327,1.04976215268851,1.10200057721721,1.13375499652749,1.04567882505681,1.09344420517219,1.12239032237896,"inspanning_duur",,,,,,,,,,,,,,,,
168,"Blauwborst","geslaagd","","0f70717dfdb03b506872e1f87f3a3bb272bba5fb0590def9d4d3e8f3c6691a53","geslaagd","geslaagd","geslaagd","nbinom2","nbinom2","poisson_na_nb_uitval",6.26604997525364,0.0813317618664861,4.58549068837226,7.97361376819161,5.58519622131952,0.10039657051056,3.52782802020095,7.68344969933339,-0.680853753934119,1.22652618610125,0.514736781942271,0.23796056246842,0.187540000732208,1.17568466165495,1.38223442365071,1.51949479701081,1.11445166086281,1.24200250439987,1.32327933299773,"inspanning_duur",,,,,,,,,,,,,,,,
169,"Zwarte Roodstaart","modeluitval","fit_mislukt_M2","fe532428c6722d41eb610d24eb56866dd452c4add01acc3a2cadf8512225567f","geslaagd","geslaagd","modeluitval",,,,,,,,,,,,,,,,,,,,,,,"inspanning_duur",,,,,,,,,,,,,,,,
170,"Gekraagde Roodstaart","geslaagd","","daab93b045a6b5d3bf736fadc686008287b8c04119640a6bdd3f4576cf9dcd8b","geslaagd","geslaagd","geslaagd","nbinom2","nbinom2","nbinom2",0.603995529956958,0.0425609508379992,-0.231746899054874,1.44673883736386,0.824245843718319,0.0467576685679731,-0.0955371491758727,1.75249693433182,0.220250313761361,1.10101268268785,0.394710327801321,0.0289370907754191,-0.0496864642664618,1.01987674342908,1.04014857178751,1.05219311179433,0.971698858254645,0.944198671133381,0.92847431164273,"inspanning_duur",,,,,,,,,,,,,,,,
171,"Paapje","geslaagd","","951193c55fef2a0cfa4ffa11739f352012a76a0c0b067a7a86fff9c72d9a3666","geslaagd","geslaagd","geslaagd","nbinom2","poisson_na_nb_uitval","nbinom2",-16.6970368681216,0.63480505440273,-26.4428739365627,-5.65994026783463,-15.9546452016347,0.68087739635086,-26.454473581473,-3.95579436081516,0.742391666486931,1.08255550343749,8.16677392681879e-10,-0.384805672459162,0.254103405918783,0.769719992684787,0.592468867138669,0.50836362197229,1.15814953788374,1.34131035210031,1.46160223577447,"inspanning_duur",,,,,,,,,,,,,,,,
172,"Roodborsttapuit","geslaagd","","65cd435c7657ca211e3559322be168d060a7ccdce09a93bccba394e3157cfb3d","geslaagd","geslaagd","geslaagd","nbinom2","poisson_na_nb_uitval","nbinom2",4.56538339227806,0.0595255282977946,3.35250776346181,5.79249251501537,4.07349768518797,0.0638148044464243,2.77988435368874,5.38339275763249,-0.49188570709009,1.06701830914561,0.444222605438777,-0.0590240499694053,0.0825699721201894,0.960649508341041,0.922847477875883,0.901428091192191,1.04886618920323,1.10012028285371,1.13125534732949,"inspanning_duur",,,,,,,,,,,,,,,,
173,"Tapuit","geslaagd","","545f79bc0888adb464cab097e5bfcbe32561658446994df960b6ddd4b16a4165","geslaagd","geslaagd","geslaagd","poisson_na_nb_uitval","nbinom2","nbinom2",-25.4893882709601,0.2026929532111,-28.3915033137353,-22.4696576921626,-24.7892375821809,0.229832413043482,-28.1020908007342,-21.3237374150598,0.700150688779154,1.14463527400672,0.47323069241821,-0.197944270553859,0.317731124457405,0.874036373989612,0.763939583056908,0.706083344626298,1.2015209848648,1.44365267707048,1.6073208428128,"inspanning_duur",,,,,,,,,,,,,,,,
175,"Merel","geslaagd","","5e8a382cccc16101331ee09b97933d45e899138dfde40770e0c9687bce7252ed","geslaagd","geslaagd","geslaagd","nbinom2","poisson_na_nb_uitval","nbinom2",0.00583791329402672,0.033374170670412,-0.646199097543065,0.66215409875392,0.104328961326905,0.0356211726549678,-0.592140305220201,0.805677816276118,0.0984910480328782,1.06837979641319,0.365207396219219,0.0787849471527002,0.0399168475037781,1.05504790675479,1.11312608554767,1.14857064658633,1.02333239525429,1.04720919117688,1.06143365176881,"inspanning_duur",,,,,,,,,,,,,,,,
177,"Zanglijster","geslaagd","","4fdb75840cac9716e7b8fc325eeaf302eb989ad724291dae2d471ab8d3f36055","geslaagd","geslaagd","geslaagd","poisson_na_nb_uitval","poisson_na_nb_uitval","nbinom2",5.41089164167528,0.0568106262831209,4.24366425250187,6.59118859999523,5.40562427354243,0.0590130313103643,4.19346816270807,6.63188225144142,-0.00526736813284412,1.03871727308687,0.449316083215814,-0.051545778620038,-0.052385285305336,0.965548206290273,0.932283338670364,0.913358471300423,0.970184766113481,0.94125848039867,0.924739159456497,"inspanning_duur",,,,,,,,,,,,,,,,
179,"Grote Lijster","geslaagd","","07b904a224dd4cbf0b54784791db179af317b026c30b0d4b2282bd9b6064287d","geslaagd","geslaagd","geslaagd","nbinom2","poisson_na_nb_uitval","nbinom2",7.2088883030418,0.101470481152803,5.0977578505097,9.36242567156114,7.91877822940832,0.115129909991114,5.51081171756174,10.3816993248448,0.709889926366514,1.1421493564491,0.67770416566676,-0.182607221685712,-0.128019695754999,0.883201701394874,0.7800452453468,0.725382136808874,0.928698561914853,0.862481018902717,0.825957104248357,"inspanning_duur",,,,,,,,,,,,,,,,
180,"Cetti's Zanger","geslaagd","","ff6f8182596c88c301f99f494254d18b2c5f21618034d0cacf3b46c4b38b5c70","geslaagd","geslaagd","geslaagd","nbinom2","nbinom2","poisson_na_nb_uitval",78.8133991727568,0.856125481477073,51.1907379624477,111.482741301635,76.9876449406889,0.849596895695286,49.8386331433424,109.055740862804,-1.82575423206788,0.982171837719857,1.46535969327294e-05,0.162899763858246,0.150894267471094,1.11716865863806,1.24806581184316,1.33163483386528,1.09110203466296,1.19050365004566,1.25279655436043,"inspanning_duur",,,,,,,,,,,,,,,,
182,"Sprinkhaanrietzanger","geslaagd","","5192cad9a3b13b6ba701552ea0305c1a1d06ee8f2c026a11b60e76168b87296f","geslaagd","geslaagd","geslaagd","nbinom2","nbinom2","nbinom2",-0.330405879520235,0.0519138987296453,-1.339414275458,0.688921712635504,-0.95897330803113,0.0588866037799061,-2.09551104084615,0.190758079455344,-0.628567428510896,1.12716489463387,0.513095418894819,0.032863238046651,0.216412036256349,1.02260386051662,1.04571865554349,1.05948140108601,1.13319950559482,1.28414111948034,1.38159243470483,"inspanning_duur",,,,,,,,,,,,,,,,
186,"Rietzanger","geslaagd","","988b007598855ccb65d53da789ed73a5944dd16c0ad8fded30768707f0c9ae17","geslaagd","geslaagd","geslaagd","nbinom2","nbinom2","nbinom2",1.07909135831363,0.0547103959035487,0.000986961102933392,2.16881873172292,0.725231011571426,0.0868877692882898,-0.975596299599735,2.45527146045736,-0.353860346742207,1.58262638575312,0.891715849101509,-0.0056049575517704,-0.182523896287699,0.996195003324987,0.99240448464967,0.990193862945644,0.899906739024467,0.809832138941651,0.761381404373421,"inspanning_duur",,,,,,,,,,,,,,,,
187,"Bosrietzanger","geslaagd","","b8dc94f672e391b0c5bd0fec6ccef5976f7c5c6ecdb23d80766d77d9baf12d19","geslaagd","geslaagd","geslaagd","nbinom2","nbinom2","nbinom2",-2.71644406603371,0.0368203630900995,-3.41599189162219,-2.01182948902467,-3.4047967472877,0.0562165951891618,-4.46328426502782,-2.33458184477626,-0.68835268125399,1.51599445784457,0.61121168813328,0.00947222472172311,-0.101440198929669,1.00646340320115,1.01296858198323,1.01679334139426,0.943071508926713,0.889383870949307,0.85940684647138,"inspanning_duur",,,,,,,,,,,,,,,,
188,"Kleine Karekiet","geslaagd","","e1f6776f5993ce0dec7285f3c3edb5c5b114f3116886586e7e0530574fe8ec09","geslaagd","geslaagd","geslaagd","nbinom2","nbinom2","nbinom2",-4.07428816170488,0.0355458345939036,-4.74027835578262,-3.40364182407609,-4.58957075073552,0.0425112362080787,-5.38124696506692,-3.79127057225076,-0.515282589030641,1.18953534120916,0.704538828875965,0.0697377264776206,0.0147375041845446,1.04857556655126,1.09951071876831,1.13044526548483,1.00855183806588,1.01717681006607,1.0222562476861,"inspanning_duur",,,,,,,,,,,,,,,,
190,"Spotvogel","geslaagd","","20c83fbe82fdc421b05358286ba0eb254fb12885806dc956c992763265e33d42","geslaagd","geslaagd","geslaagd","poisson_na_nb_uitval","poisson_na_nb_uitval","nbinom2",1.98861649501629,0.132212957786964,-0.620340061307112,4.66606447420213,1.62116127435126,0.157644611810906,-1.47075084824556,4.81009961663574,-0.367455220665036,1.18811385369627,1.06589959931594,-0.00198010519474615,-0.159728896182621,0.998654123045265,0.997310057475306,0.99652466825137,0.911837974850291,0.83144849237908,0.787750510242602,"inspanning_duur",,,,,,,,,,,,,,,,
192,"Braamsluiper","geslaagd","","9c7804962532b0787dddee50ba86956a2a5bff81115f1010b61abf7a33c3a87e","geslaagd","geslaagd","geslaagd","poisson_na_nb_uitval","nbinom2","nbinom2",0.638524655665296,0.0236121987213779,0.173846566778058,1.10535825453535,0.385310892422175,0.0293072475604683,-0.189671476723974,0.963605591361416,-0.253213763243121,1.23807042170563,0.433508821107957,0.0656397099478771,0.0686487281041911,1.04565694464684,1.09339844588817,1.12232961407495,1.04046312447987,1.08256351340242,1.10797600432814,"inspanning_duur",,,,,,,,,,,,,,,,
193,"Grasmus","geslaagd","","592d55db0ac9795c593415ceec5d2921710167e203fd327578bf0e11fb6204e2","geslaagd","geslaagd","geslaagd","nbinom2","nbinom2","nbinom2",1.0722440912869,0.047556326398439,0.134522722255737,2.01874686099819,0.707746993115488,0.0504281350847937,-0.282736773382386,1.70806915729849,-0.364497098171412,1.05656534684327,0.344692410498834,0.0454618170914721,0.0641167187589857,1.03140422321785,1.06379467167161,1.08321138692952,1.03774208974649,1.07690864483141,1.10050134434367,"inspanning_duur",,,,,,,,,,,,,,,,
194,"Tuinfluiter","geslaagd","","2e7e8713a32ada96b4ce44284b7805cc6ba4d2e61b9a8dcd61790a48f492f2cc","geslaagd","geslaagd","geslaagd","nbinom2","poisson_na_nb_uitval","poisson_na_nb_uitval",4.27049485020838,0.0228435837542527,3.80468371702811,4.73839625527259,3.99347474662264,0.033431275446029,3.31428203029962,4.67713250627595,-0.277020103585746,1.45960391464668,0.55398191512225,0.0500932580732873,0.154819131207527,1.03465838220979,1.07051796787697,1.09206789496134,1.09357927188404,1.19591562389442,1.26016232303657,"inspanning_duur",,,,,,,,,,,,,,,,
195,"Zwartkop","geslaagd","","e187743381dc79eb4a4ed6f52c24ac9df51947b42af4c7e1ec86226bb1b6edce","geslaagd","geslaagd","geslaagd","poisson_na_nb_uitval","poisson_na_nb_uitval","poisson_na_nb_uitval",3.43658989954649,0.0201658472212383,3.02856304711809,3.84623267194286,3.37180206167118,0.0239743488625717,2.88720027609892,3.85868633612394,-0.0647878378753131,1.18811562828106,0.276730043881794,0.0162816805445742,0.0481806348206081,1.01113565254656,1.02239530785075,1.02903981908818,1.02823038898885,1.05725773284016,1.07461604689176,"inspanning_duur",,,,,,,,,,,,,,,,
197,"Fluiter","geslaagd","","7885b955cc1d651101a6d74f1de0d1d8cb2f60afe2435b395ac21bc118ea2f81","geslaagd","geslaagd","geslaagd","nbinom2","nbinom2","poisson_na_nb_uitval",-2.40418624535021,0.189198640455233,-5.95704301241616,1.2828941957858,-3.42728511113992,0.221309485190502,-7.52673389571456,0.853897065639098,-1.02309886578971,1.15755575225976,1.22593099472251,-0.104755196517723,0.931286210541507,0.931229022391121,0.867187492143523,0.831787174465451,1.71276075561922,2.93354940598932,4.01880760039795,"inspanning_duur",,,,,,,,,,,,,,,,
198,"Tjiftjaf","geslaagd","","5afb5869504ddb829c1f05778669f0475752b62e31be8eb3aa3a9bb6a7388366","geslaagd","geslaagd","geslaagd","nbinom2","nbinom2","nbinom2",4.20820665041715,0.0631546551837453,2.92623560014162,5.5061449588379,4.03456635887329,0.0652628242367578,2.71228183340675,5.37387354545764,-0.173640291543853,1.03166093920288,0.263861397122216,-0.00649951861861998,-0.0068506597526336,0.995589060359229,0.991197577106973,0.988637709219266,0.996049443904508,0.992114494702479,0.989819907255108,"inspanning_duur",,,,,,,,,,,,,,,,
200,"Fitis","geslaagd","","e1ba0c2f0de80a1023b68489c9707084a614839862902335ac9b3c89ff41d0b2","geslaagd","geslaagd","geslaagd","nbinom2","nbinom2","nbinom2",-3.05535595196679,0.0111897655432853,-3.26774138176841,-2.84250420853374,-3.00019615998793,0.0163441898356399,-3.31043408586252,-2.68896280539525,0.0551597919788538,1.46146978576662,0.318759517280853,0.063894706579921,0.0841660530264141,1.04441661448389,1.09080606461,1.11889154652035,1.04983393293278,1.10215128673711,1.13395540266392,"inspanning_duur",,,,,,,,,,,,,,,,
201,"Goudhaan","geslaagd","","8b02e9b675d11886aabfd0a46809b9cf6ef201446008d334dbf527036d61b7b9","geslaagd","geslaagd","geslaagd","nbinom2","nbinom2","nbinom2",4.70230421828854,0.10643647764331,2.54067773793278,6.90949923928257,5.49682678358552,0.140841136603463,2.62442982079854,8.44962043482413,0.794522565296973,1.33335514216497,1.75610375534085,-0.36165820628158,-0.373208306013919,0.78193430361618,0.611421255171721,0.529479492591197,0.806022585251044,0.649672407934777,0.57267872950497,"inspanning_duur",,,,,,,,,,,,,,,,
203,"Grauwe Vliegenvanger","geslaagd","","0f154d71341e5ad1663e83f08c027378a881ace6c7a420646cf53c59a2223755","geslaagd","geslaagd","geslaagd","nbinom2","nbinom2","nbinom2",8.04889207713102,0.128565394371498,5.36020591268034,10.8061908000737,8.0992960472662,0.139109872723775,5.19172920818998,11.0872298979633,0.0504039701351822,1.08254077300519,1.08564271483405,-0.215088685577288,-0.0965879583838904,0.863903514583249,0.746329282509289,0.685117451384108,0.945719283466319,0.894384963120048,0.865657928282785,"inspanning_duur",,,,,,,,,,,,,,,,
207,"Staartmees","geslaagd","","9f1c124f0736f13a7cdb387ad365d769e88eaae0d89ec3bd1945bbde46a2ce8c","geslaagd","geslaagd","geslaagd","poisson_na_nb_uitval","nbinom2","nbinom2",-0.894172742349875,0.0248122942210687,-1.37497509063055,-0.411026456530794,-1.10290995035136,0.0281479553614135,-1.64702280684546,-0.555786927728563,-0.208737208001486,1.13204774664784,0.291276978944581,-0.0468643713421436,0.0221028666320229,0.968627502726189,0.938239239037573,0.920907132945339,1.01285315961302,1.02587152293808,1.03356420812519,"inspanning_duur",,,,,,,,,,,,,,,,
208,"Glanskop","geslaagd","","860b92b6e0af72ce01dd74ba34629ba6947557688014373d1ad7161885b83abd","geslaagd","geslaagd","geslaagd","nbinom2","nbinom2","poisson_na_nb_uitval",-0.267128201426303,0.0495559571545204,-1.23114106236991,0.706293706114192,-0.401431181242029,0.0548904299420407,-1.46722135622356,0.675887225387095,-0.134302979815726,1.10615780023782,0.424190460043692,-0.0390806656932517,-0.101445686556458,0.973769156485381,0.948226370122251,0.933596532874082,0.943068518634664,0.889378230839779,0.85939980244544,"inspanning_duur",,,,,,,,,,,,,,,,
209,"Matkop","geslaagd","","d2a2ed7973effd54c74e69bb8d04120ea2409d0afafbcc388a8724748736ee2d","geslaagd","geslaagd","geslaagd","nbinom2","poisson_na_nb_uitval","poisson_na_nb_uitval",-13.6846975799833,0.202167717042186,-17.0380535298733,-10.1957976053311,-14.86264382678,0.222101353534589,-18.4893210335548,-11.0746038669412,-1.1779462467967,1.08366557000859,0.657476896580885,0.343374286826661,0.181490410583419,1.26307422086424,1.59535648741182,1.8288994484146,1.11056287999943,1.23334991043262,1.31137633894569,"inspanning_duur",,,,,,,,,,,,,,,,
210,"Kuifmees","geslaagd","","b4914fa231f1f4a0368aeb976d52d8bbbcbf51660449ccc1de0ebfe55508b9c6","geslaagd","geslaagd","geslaagd","nbinom2","nbinom2","poisson_na_nb_uitval",0.80621861654,0.0667990285437661,-0.504995510929351,2.13471283256157,0.474531221965502,0.0854774074303412,-1.19475376887792,2.17201828189881,-0.331687394574498,1.27543334818736,0.437220063331023,-0.173631171559445,-0.0597488374630237,0.888610254067989,0.789628183634777,0.736920582388583,0.966065656542968,0.933282852751796,0.91462429894482,"inspanning_duur",,,,,,,,,,,,,,,,
212,"Zwarte Mees","geslaagd","","030cd3abeb1a46f3197012d8798c5c66a2066ca43e018749c6025ab871036c6e","geslaagd","geslaagd","geslaagd","nbinom2","nbinom2","nbinom2",-2.03585345928117,0.133674021752639,-4.56919290570825,0.564736898525942,-2.23432415573681,0.144777927026006,-4.96957732642969,0.579657591524474,-0.198470696455644,1.08089419402997,0.320237343931355,-0.0919693983110792,0.0339836095724221,0.939362637514425,0.882402164758057,0.850697298846361,1.0198301273855,1.04005348872312,1.05206879732141,"inspanning_duur",,,,,,,,,,,,,,,,
213,"Pimpelmees","geslaagd","","359976fe158154c6db297a15e075dc1501a01243f419f1315ba2077a59b51640","geslaagd","geslaagd","geslaagd","nbinom2","nbinom2","poisson_na_nb_uitval",1.32992285489368,0.0254975150376816,0.824788512493035,1.83758793113107,0.934940821110453,0.027151523944469,0.399222209287831,1.47351796534734,-0.394982033783231,1.06071916737884,0.344360053597174,-0.00191870115434554,-0.0337742576402094,0.998695832126984,0.997393365107808,0.996632258324911,0.980674081019869,0.961721653184165,0.950805444585135,"inspanning_duur",,,,,,,,,,,,,,,,
214,"Koolmees","geslaagd","","03297dbb52ab8639027f2917720cd57dd993eac5c5a0f554b8d17eca2e190024","geslaagd","geslaagd","geslaagd","nbinom2","nbinom2","poisson_na_nb_uitval",0.163520155682328,0.0129209235005687,-0.0898231284239492,0.4175058450131,0.00655607077995057,0.0176041000148743,-0.337912291413389,0.352215040708703,-0.156964084902378,1.36031523578601,0.282264021063979,0.0243410602209824,-0.0235799168800151,1.01669356138669,1.03366579776515,1.04372496048731,0.9864676830065,0.973118489616212,0.965393611770324,"inspanning_duur",,,,,,,,,,,,,,,,
215,"Boomklever","geslaagd","","d4f27a3a315c6a63c07de973bce229747c30db08277c8d80ed40d754fa3a9ceb","geslaagd","geslaagd","geslaagd","nbinom2","nbinom2","poisson_na_nb_uitval",4.0675761367206,0.0699430415908508,2.65066507771825,5.504045149367,5.31452081661488,0.0960153009250572,3.35113933839555,7.31520103052008,1.24694467989428,1.38925120123728,0.441738753959396,-0.134283390820191,0.0692467634388257,0.912712942078424,0.833044914637452,0.789705962611946,1.04082271950738,1.08331193344273,1.1089661304711,"inspanning_duur",,,,,,,,,,,,,,,,
217,"Boomkruiper","geslaagd","","16a3f47c96330dd002494efcd19bb45251b4d42e8722d075ba8738136b3be0c7","geslaagd","geslaagd","geslaagd","nbinom2","poisson_na_nb_uitval","nbinom2",5.16888307748848,0.0367812941344897,4.41343288604921,5.92979908856393,5.35357563791272,0.0451640805387447,4.42508459103084,6.29032232210167,0.184692560424238,1.23007076257539,0.579178024071405,-0.109720315656358,-0.123088185114643,0.928089507306274,0.861350133572002,0.824557621790268,0.931348640501499,0.86741029016399,0.832063391914413,"inspanning_duur",,,,,,,,,,,,,,,,
218,"Wielewaal","geslaagd","","309e8ffb22bfe2e6e6a00cbac38b389153b1f39b0e287b8a6dfb64f40e636425","geslaagd","geslaagd","geslaagd","poisson_na_nb_uitval","nbinom2","nbinom2",-3.22265666884988,0.0894913875387154,-4.9053607422516,-1.51017706844955,-3.01990867408396,0.0961045423207558,-4.82957582673624,-1.17583067129796,0.202747994765917,1.07615537375234,0.46802468183323,-0.000843798620985868,-0.104410158857264,0.999426248671482,0.998852826533551,0.998517548613808,0.941454517454497,0.886336608435481,0.855602974922749,"inspanning_duur",,,,,,,,,,,,,,,,
222,"Gaai","geslaagd","","3f098c969328b9f428e9afe327c308a2c17877d1c4ee2e387feacc185d84d187","geslaagd","geslaagd","geslaagd","nbinom2","poisson_na_nb_uitval","nbinom2",-0.63755655542338,0.0264615006714703,-1.1515612277281,-0.120879096310567,-0.779491179293545,0.0286006850922148,-1.33413893027409,-0.22172548939946,-0.141934623870166,1.07929826953018,0.225774382406899,0.050066592006793,-0.0203136759224312,1.03463961665057,1.07047913634284,1.09201669587921,0.988331168706103,0.976798499035971,0.970114805018911,"inspanning_duur",,,,,,,,,,,,,,,,
223,"Ekster","geslaagd","","f51f7151553e0bb4e2edbf647a0d2e2cc000799350f3d724e2da32efb16fd638","geslaagd","geslaagd","geslaagd","nbinom2","nbinom2","nbinom2",-6.99893061509859,0.0371932358855431,-7.67443156455032,-6.3184873561605,-8.25209152705617,0.0497593838748458,-9.14254484675411,-7.35291127225727,-1.25316091195758,1.31984307571328,0.80177850789048,0.214968153347719,0.141951498126534,1.15744178091349,1.3396714762042,1.45929446530858,1.08547860933504,1.17826381132394,1.23617411697158,"inspanning_duur",,,,,,,,,,,,,,,,
224,"Kauw","geslaagd","","7bf563110e3f1ecd5bd9c6a64e77fa170d67be1f7f5cc6e550dfa858f26843d7","geslaagd","geslaagd","geslaagd","nbinom2","nbinom2","nbinom2",-10.7327639219215,0.0989915934605319,-12.4480640478594,-8.98385797687687,-11.0139365394544,0.117385682285789,-13.037918970239,-8.9428473141725,-0.28117261753291,1.18210971638445,1.19026328008226,0.319958894704306,0.342847460861461,1.24311764227544,1.54534147253646,1.75513517617676,1.2190851660477,1.48616864207754,1.66876347146525,"inspanning_duur",,,,,,,,,,,,,,,,
226,"Zwarte Kraai","geslaagd","","ce328050eb4cb645bebb458de2f8849eff0fec4385bc22678b9b1dcd19b078ac","geslaagd","geslaagd","geslaagd","poisson_na_nb_uitval","nbinom2","nbinom2",-1.07976009010308,0.0473474701692031,-1.99350384307415,-0.157497231982517,-1.49101545338606,0.0468747795346391,-2.39191765515131,-0.581798112570342,-0.411255363282981,0.985900340252438,0.340058510228355,0.0641022322862387,-0.0140561398715214,1.04456404447336,1.09111404300654,1.11929986861846,0.991911113449544,0.983887656984715,0.979224355786781,"inspanning_duur",,,,,,,,,,,,,,,,
229,"Spreeuw","geslaagd","","ca9ed8611760f08059b1ade2debdf75caee1b0ce70578761a1296e4e570dea55","geslaagd","geslaagd","geslaagd","nbinom2","nbinom2","nbinom2",-5.93119169843769,0.059536121311878,-7.02250841269366,-4.82706573163594,-6.44436525699831,0.0990421080996706,-8.24297689214373,-4.6104974234224,-0.51317355856062,1.6545544550365,1.36773093475388,0.124820921752623,4.15714517131422e-05,1.08860590344053,1.18506281300558,1.24540136807771,1.0000240206917,1.00004804196039,1.00006209376928,"inspanning_duur",,,,,,,,,,,,,,,,
231,"Huismus","geslaagd","","ef4c0c7f835b6fcd9e91ae454d3c1d5b25182823f67bfdf4e9755591c70744a2","geslaagd","geslaagd","geslaagd","nbinom2","nbinom2","nbinom2",-4.42212926535049,0.284926756156272,-9.61343208162113,1.06733317298431,-3.15533700613396,0.34071272905341,-9.41138095594868,3.53274891887614,1.26679225921653,1.2119103422148,1.45793513290404,0.0834144800936238,-0.0316103605301107,1.05837528984477,1.120158254154,1.15795765770023,0.981901005802,0.964129585194979,0.953883451796359,"inspanning_duur",,,,,,,,,,,,,,,,
232,"Ringmus","geslaagd","","11bc190d403ec7539e617a747ac5cfd4d3c4610de5bb874e32f86c582bf9ac79","geslaagd","geslaagd","geslaagd","nbinom2","poisson_na_nb_uitval","nbinom2",-22.9091254378095,0.311264165979543,-27.4716776582459,-18.0595559240994,-23.6007405228657,0.356261469583601,-28.7534957078065,-18.0753230401785,-0.69161508505622,1.13451280903947,0.598697573570316,0.0988346038182254,0.199323023628307,1.06953406473783,1.14390311563463,1.18978092435327,1.1220651251141,1.25903014499731,1.34677430064382,"inspanning_duur",,,,,,,,,,,,,,,,
233,"Vink","geslaagd","","8a54c7f88d6908382d12f3e98fa019b148812af6befc26b573c5c82b83ee5f47","geslaagd","geslaagd","geslaagd","nbinom2","nbinom2","nbinom2",11.8953343604399,0.0678007418396497,10.4181998891622,13.3922293988018,11.3980563089609,0.0684281837891316,9.91396852415132,12.9021826437619,-0.497278051478943,1.00476949200574,0.418036029153504,-0.0118258490648804,-0.0436151857049051,0.991988821605951,0.984041822191163,0.979422671563945,0.975113608458562,0.950846549401078,0.93693216239503,"inspanning_duur",,,,,,,,,,,,,,,,
236,"Groenling","geslaagd","","b6fafc523c16ff6cf1421fc3c5a3abdb8f722a2bfdb14173f4e4dffecb589382","geslaagd","geslaagd","geslaagd","nbinom2","poisson_na_nb_uitval","poisson_na_nb_uitval",1.37796634901985,0.117784027482124,-0.935603955445174,3.74556825078343,1.55999569816965,0.137215454469215,-1.13498000651008,4.32843413060986,0.182029349149793,1.16710385698918,1.0763383486884,-0.0593842473433244,0.218011433265506,0.96041418672609,0.922395410064737,0.900857404325616,1.1342472333526,1.28651678636803,1.38489684844462,"inspanning_duur",,,,,,,,,,,,,,,,
237,"Putter","geslaagd","","1b6a85bcb92b239fd987a2550fb0a770fb81fadff1a0504a04ba1bed4af0b13a","geslaagd","geslaagd","geslaagd","poisson_na_nb_uitval","nbinom2","nbinom2",8.32049972653128,0.12628742719936,5.67222505293943,11.0351433891671,10.4100215628402,0.155532158970111,7.0950332602499,13.8276210427352,2.08952183630895,1.25539628992768,1.18121656081798,-0.139189254607246,-0.369173087261822,0.90967251326999,0.827504081398939,0.782923724612747,0.807904092056261,0.652709021961252,0.576140728242893,"inspanning_duur",,,,,,,,,,,,,,,,
238,"Sijs","geslaagd","","ee5d038fb442a1eef98264878659e8f5a4a8d51b4955813f03746288d76b8e57","geslaagd","geslaagd","geslaagd","nbinom2","poisson_na_nb_uitval","poisson_na_nb_uitval",0.835974180639054,0.342348161667879,-5.70813308510236,7.83425995940303,1.03490960383041,0.409648466768015,-6.7601694067222,9.4816763790875,0.19893542319136,1.19933351014351,1.64380851222388,0.357551591604977,0.520944807901919,1.27531270554125,1.62642249691495,1.87506002009571,1.35121900702613,1.82579280494867,2.17731442762565,"inspanning_duur",,,,,,,,,,,,,,,,
239,"Kneu","geslaagd","","397c95aa1cb6f1c099693fa3680bcb317c101be494c42ca1e325ea35f8e738cc","geslaagd","geslaagd","geslaagd","nbinom2","nbinom2","poisson_na_nb_uitval",-2.96950401242346,0.0485456944701145,-3.88836652306244,-2.04185683875345,-3.30109361625877,0.0588911079919126,-4.4108389150593,-2.17846469535892,-0.331589603835303,1.20896967867017,0.767467950913689,0.136253546578796,0.177440133247044,1.09710388484181,1.20363693413499,1.27068800989267,1.10796687855958,1.22759060398507,1.30346703125239,"inspanning_duur",,,,,,,,,,,,,,,,
242,"Kleine Barmsijs","geslaagd","","c512b750fdd24e279c8576efd608a55dae4a3fc5c49a075ff6cb7c7587c18184","geslaagd","geslaagd","geslaagd","nbinom2","nbinom2","nbinom2",-23.2593040640584,0.23664261902737,-26.7374034109024,-19.6160839648834,-23.2285365751149,0.241619908343883,-26.7794954108007,-19.5053676635292,0.0307674889434928,1.02145786358986,0.690048022352315,0.103935203219244,-0.247447800913655,1.07325094778058,1.15186759691191,1.20049860370374,0.866773285159513,0.751295927866214,0.691015980643203,"inspanning_duur",,,,,,,,,,,,,,,,
246,"Goudvink","geslaagd","","10509d7ab347afdeeca5a429f40c72abf838436b5e68c2612f87570737b6d715","geslaagd","geslaagd","geslaagd","poisson_na_nb_uitval","poisson_na_nb_uitval","poisson_na_nb_uitval",-4.66716192593685,0.0659783044367304,-5.89204512259494,-3.42633598727135,-5.11011961170252,0.0686988349533037,-6.37924561336802,-3.82378929654205,-0.442957685765677,1.036398121829,0.494446262222646,0.0862647220936636,0.125257107598802,1.06042906062586,1.12450979261984,1.16377502928253,1.07505821913991,1.15575017454028,1.20573120147268,"inspanning_duur",,,,,,,,,,,,,,,,
248,"Appelvink","geslaagd","","4c179c476b0eda2d3903f995a51f625f7835090481c1aa8e2600bdea9eec0cd2","geslaagd","geslaagd","geslaagd","nbinom2","nbinom2","nbinom2",14.0720598441811,0.192179846944731,9.85519644154627,18.4507903002869,13.9200374464147,0.195338047464405,9.64090427432054,18.3661792803373,-0.152022397766371,1.01508693284109,1.59464457293581,-0.218701898955285,-0.287043808137095,0.861783031462819,0.742669993317246,0.680778910841436,0.847167538737277,0.717692838690175,0.65133341346302,"inspanning_duur",,,,,,,,,,,,,,,,
251,"Rietgors","geslaagd","","d28f03d892493b986e8f751829d64db4c8e67c8502d00568cacbeacf9bf0c2c7","geslaagd","geslaagd","geslaagd","nbinom2","nbinom2","nbinom2",-4.69763895166924,0.0348170573559075,-5.34578188934184,-4.04505786769909,-5.85391403051498,0.0510571832417624,-6.79135508022354,-4.907044716696,-1.15627507884575,1.44866269260388,0.465043308410503,0.0924847641637139,0.181679898967219,1.06492482398033,1.13406488072954,1.17657187675743,1.11068448029278,1.23362001476324,1.31174754131873,"inspanning_duur",,,,,,,,,,,,,,,,
1,"Dodaars","geslaagd","","022f271c40e0970857a51002882e202b4fe18f7ef1f144c712ce6d2ca8c7f9f5","geslaagd","geslaagd","geslaagd","nbinom2","poisson_na_nb_uitval","nbinom2",0.0827072319659283,0.0439170364914768,-0.775081498375618,0.947911453466466,0.655573417213384,0.0534328598011668,-0.393075599114079,1.71526247685168,0.572866185247456,1.22364869439059,0.854326057515815,0.033071506622418,0.0709420851726977,1.02338201665605,1.04731075201501,1.06156670214116,1.04534057994946,1.09273692808907,1.12145206922156,"lang","geslaagd","","022f271c40e0970857a51002882e202b4fe18f7ef1f144c712ce6d2ca8c7f9f5","exchangeable",0.0935247227143332,-0.192490276224877,-0.28601499893921,0.0943734653460202,0.121883220136752,0.141809522139038,0.025524358074826,0.114126271096373,0.0877552037145941,0,0,"ae86f14aac71abb596174dd71d92f56073f7eb33bf6cb21d856f3c3d8b21ac6f"
2,"Fuut","geslaagd","","9b22fbf4e9b5221855f0b6c14caff78f2a2638a7b49c59492251def28ebaeb37","geslaagd","geslaagd","geslaagd","nbinom2","nbinom2","nbinom2",1.1060367828116,0.0657121532535324,-0.187816680813779,2.41666231503288,1.48556588151771,0.0708185867131458,0.0866326365678294,2.90405232925075,0.379529098706111,1.08175942181751,0.569470682848793,-0.0952440305841154,-0.0525850800485547,0.935603353420351,0.875353634931407,0.841924812457757,0.967665704760412,0.936376916169466,0.918545266531722,"lang","geslaagd","","9b22fbf4e9b5221855f0b6c14caff78f2a2638a7b49c59492251def28ebaeb37","exchangeable",-1.44674831061055,-1.4619854354295,-0.0152371248189564,0.0521190675001938,0.0645349911383082,0.0617667365626708,-0.0791511630676785,0.0814209515200413,0.107850748253719,0,0,"2a42631295184083d2d038432ec6bee23da6547a4674b6ef5a97e8808e8a8bb9"
4,"Geoorde Fuut","geslaagd","","f404243b18da014c8d6807af2770e456c9a19eeff31ba0f9f2e66069fa37164c","geslaagd","geslaagd","geslaagd","nbinom2","nbinom2","nbinom2",-2.09585525453052,0.117071381221028,-4.31678469226386,0.176624787470514,-0.625336570490398,0.124519595841108,-3.02130208024929,1.82982390524653,1.47051868404012,1.07960914921615,1.88482713646745,0.147238844733193,0.330054293969756,1.10838226053245,1.22851123546303,1.30473061545133,1.22912468510486,1.51074749153412,1.70452018080292,"lang","modeluitval","ongeldige_gee_convergentie_of_coefficient","f404243b18da014c8d6807af2770e456c9a19eeff31ba0f9f2e66069fa37164c","exchangeable",,,,,,,,,,0,1,"a3256eb5df82c3e96199dfd5e49ab50b29e895aedfdfa47ed2f0a0f67f4a4e3a"
5,"Aalscholver","geslaagd","","59028d338f73cb3461714eb1ed8a3539010ce11039c9b6f3f8237f1e1e6feebb","geslaagd","geslaagd","geslaagd","nbinom2","nbinom2","nbinom2",35.9876762777635,0.319707195884873,27.7278279158411,44.7816689688832,44.9983003708843,0.467192312406846,32.3106183503387,58.9026441912276,9.01062409312079,1.55929832805292,6.17510758004359,-0.80653352071621,0.503295025144022,0.569118837156985,0.323896250806919,0.232921100050229,1.36969400860359,1.87606167720458,2.25510500633323,"lang","geslaagd","","59028d338f73cb3461714eb1ed8a3539010ce11039c9b6f3f8237f1e1e6feebb","exchangeable",6.89240503227937,5.49483345293007,-1.3975715793493,0.229531115123712,0.311428169147684,0.206947316659428,0.46634490868489,0.274467809597933,0.194545609555699,0,0,"18dc669cc5037a8a08f3e3cda0c243ef2a7156efd3d926aa5838d43b9cbbc3b9"
7,"Roerdomp","geslaagd","","e4ac2ab4a14e61726b92568236ae92ff47e92c4870258de10d2045287b434dff","geslaagd","geslaagd","geslaagd","nbinom2","poisson_na_nb_uitval","nbinom2",9.80789123414636,0.104161272302403,7.58882508911356,12.0727265801343,9.66613817235025,0.133872553539123,6.82602990102759,12.5817543980573,-0.141753061796113,1.28364204890671,0.748254322222527,-0.159116493916035,-0.0766926221501617,0.8947575243722,0.800591027420668,0.750170815837533,0.953193692115096,0.908578214688008,0.883454278773544,"lang","geslaagd","","e4ac2ab4a14e61726b92568236ae92ff47e92c4870258de10d2045287b434dff","exchangeable",9.49405098323628,10.2091098408088,0.715058857572549,0.123951585243704,0.143189936103301,-0.126354522679255,-0.21831035560907,0.162547273515381,0.22686528098615,0,0,"c12fa007d1d317a05f9fd30c9e2c0a60db894d12000a1abe1cfd58cd25f3ccc2"
17,"Knobbelzwaan","geslaagd","","c9213e597675fee2325d966ffa1d5b8d0ebc061e7b1cac8ff7fc00db56a17de4","geslaagd","geslaagd","geslaagd","nbinom2","poisson_na_nb_uitval","nbinom2",0.395310429111118,0.0405875993449506,-0.400182942006722,1.19715732297816,0.940726259235225,0.0587041383689885,-0.214042727399721,2.108858763633,0.545415830124107,1.45423084984007,0.531807957319289,-0.0683565651219115,-0.145206997391201,0.953350472404965,0.90887712323477,0.883829947667356,0.913234629612564,0.833997488723598,0.790873289832326,"lang","geslaagd","","c9213e597675fee2325d966ffa1d5b8d0ebc061e7b1cac8ff7fc00db56a17de4","exchangeable",0.388010172801567,0.775276478122788,0.387266305321221,0.0690889489466136,0.0756355325889033,-0.0834018099280407,-0.126688452943143,0.072295223237513,0.075085137855981,0,0,"69f9a3944c65b74e1705c632d4fdc6516219e5a4208ed6695730028bd97e3c55"
21,"Grauwe Gans","geslaagd","","baf2fbb0fe5ff21ac51981b9904cb77bf2bfda151a1f036ff93230c12751811e","geslaagd","geslaagd","geslaagd","nbinom2","nbinom2","nbinom2",15.9515366955691,0.140551258876357,12.8008946088564,19.1901793747681,15.8466072736486,0.144490619826859,12.6118335021635,19.1742998888047,-0.104929421920486,1.02710500894457,0.30101707091165,0.0249511900648098,0.0381378731991993,1.01759068518728,1.03549080257992,1.04610731430709,1.02412469373202,1.04883138831169,1.06355927175686,"lang","geslaagd","","baf2fbb0fe5ff21ac51981b9904cb77bf2bfda151a1f036ff93230c12751811e","exchangeable",7.55809677405128,7.56202059397229,0.00392381992100344,0.0587561890455163,0.0707860390625793,-0.028499742391474,0.0263652791014116,0.0713022223085196,0.0895045286752876,0,0,"95e6b3b37496ecba27ea126d0c5022a160309527692114ed2bd8c33f3a80ede8"
22,"Soepgans","geslaagd","","af955dce342e008df74ecf48330b86abd047089a422ae9c4f829f66735f9b608","geslaagd","geslaagd","geslaagd","poisson_na_nb_uitval","poisson_na_nb_uitval","nbinom2",9.90948746910909,0.422633371588298,1.17189946776259,19.4016866271395,10.3514631351981,0.433690799605336,1.35883020293541,20.1419293385484,0.441975666089055,1.03035208098694,1.00471135418899,-0.372855594968691,-0.20983722542925,0.770604962073957,0.593832007573005,0.509875858782685,0.877077493483234,0.769264929574832,0.712451459072386,"lang","geslaagd","","af955dce342e008df74ecf48330b86abd047089a422ae9c4f829f66735f9b608","exchangeable",6.69872677236796,7.56338854745937,0.864661775091413,0.280329202089036,0.244665852498555,-0.286113656632662,-0.0804685060029591,0.144016110167098,0.258471389545564,0,0,"857568e818e91f24c0c9f2985dc9762684c50ec17737ccc51442caed985d1f7b"
25,"Grote Canadese Gans","geslaagd","","cebced25e6b86cb6ace5837fa2726980601c6a3c26878498c54fe56f151c4f4f","geslaagd","geslaagd","geslaagd","poisson_na_nb_uitval","nbinom2","nbinom2",11.6086540886774,0.138666507133121,8.61613368922804,14.683622445322,11.5414482993028,0.140256986656901,8.51689618517937,14.6502998710466,-0.0672057893745812,1.01086362619248,0.000282620447908585,0.0616608003104128,0.0221323925191614,1.04403517784921,1.09000945258662,1.11783554348934,1.01393010765124,1.02805426320166,1.03640739786082,"lang","geslaagd","","cebced25e6b86cb6ace5837fa2726980601c6a3c26878498c54fe56f151c4f4f","exchangeable",7.64330678279816,7.39628364450098,-0.247023138297187,0.0659282309282632,0.0722413998669347,0.0458722952543001,0.0630198250991657,0.0831777175659452,0.0849999945517917,0,0,"f0fd8e8f060a27f9cb2fa5d064220f8ee9032e2c21f7d3f1e44b2a9ffbaaaec4"
27,"Nijlgans","geslaagd","","90d01243d680e61b1c31f7094e74c9cbab5d8df920181ddc7a03fa7ed6c7a9f3","geslaagd","geslaagd","geslaagd","poisson_na_nb_uitval","nbinom2","poisson_na_nb_uitval",1.19182208009392,0.0626309520684248,-0.0427816950856919,2.44167484386622,1.66876369996958,0.0659309430951113,0.363405065700251,2.99110024728346,0.476941619875659,1.05765391359663,0.600863192109655,-0.0154202219760495,-0.0133524044484883,0.989281056013007,0.978677007786211,0.972526807171809,0.991688736228485,0.983446549562449,0.978656972114837,"lang","geslaagd","","90d01243d680e61b1c31f7094e74c9cbab5d8df920181ddc7a03fa7ed6c7a9f3","exchangeable",0.630269321840604,0.59330496107004,-0.0369643607705639,0.0530954228968359,0.0571643668584016,-0.000754182527186907,0.0189733382822966,0.0728474043833144,0.0547522353717547,0,0,"5d717b61fcbc912484a105862b1a760f1a74973f29182d65526811395ff64f4c"
29,"Bergeend","geslaagd","","2b94be4f910367fde2cf83f583b5dac9d16ef1a832d55a2bf5d7adf9c543768d","geslaagd","geslaagd","geslaagd","poisson_na_nb_uitval","nbinom2","poisson_na_nb_uitval",-8.19057153452663,0.103917098344702,-10.0416084181204,-6.30144662507802,-8.63226051858325,0.105031859003238,-10.4939507780706,-6.7318478414225,-0.44168898405662,1.00586636215751,0.538452448268067,0.120010249085623,0.121263314923347,1.08748984706921,1.18263416747861,1.24210355443719,1.07874282433411,1.16368608105232,1.21644250936489,"lang","geslaagd","","2b94be4f910367fde2cf83f583b5dac9d16ef1a832d55a2bf5d7adf9c543768d","exchangeable",-6.66210612689203,-7.0995262816956,-0.43742015480357,0.0830943683401942,0.0824706758157218,0.0505495044045194,0.169450039927859,0.111223945402011,0.0751254173586538,0,0,"0d11b2cc132ec58dc7318824c961eb37791f6f288578cc39231fdbfeb2f298c6"
34,"Krakeend","geslaagd","","8449ee498ebc8387e73978597026205e3e4c9324d200d3b462112b183a746c4f","geslaagd","geslaagd","geslaagd","nbinom2","nbinom2","nbinom2",1.8435405558108,0.088059981136629,0.10082851982236,3.6165924529701,1.63538795043507,0.0890266161749361,-0.12268684406731,3.42440898172938,-0.208152605375722,1.00891183061341,0.535498736179727,0.00341575474617581,0.115449755185518,1.00239003676872,1.0047857858132,1.0061898626674,1.07483000437479,1.15525953830431,1.20506968077321,"lang","geslaagd","","8449ee498ebc8387e73978597026205e3e4c9324d200d3b462112b183a746c4f","exchangeable",-0.225644446953721,-0.740807110550457,-0.515162663596735,0.0511599692842782,0.0499312620088609,0.117453749285443,0.153704044086298,0.0689111921506558,0.064408591451492,0,0,"dfb491acdd678a34aec30e5bac5a97ee5d3671334e9c0fa3f88ed6c25cc90281"
35,"Wintertaling","geslaagd","","2b769b2575d981bef3a66ff414961c28174336d6ee3414fbd216fe07d3bb2e71","geslaagd","geslaagd","geslaagd","nbinom2","nbinom2","nbinom2",-6.20120306047856,0.128510868788305,-8.53431269286896,-3.80858039410773,-6.90010964632323,0.159734627687555,-9.76972448021645,-3.93923177186559,-0.698906585844671,1.23377549546749,0.934344764200173,0.205072196498409,0.0268180174344707,1.15409883018974,1.33194410984532,1.44842436920881,1.01690403466929,1.03409381572669,1.04428358303931,"lang","modeluitval","tijdslimiet_60_seconden","2b769b2575d981bef3a66ff414961c28174336d6ee3414fbd216fe07d3bb2e71","exchangeable",,,,,,,,,,,,"a759a6905442e01841746410cf28238311a305c0b826b58c0baafca5239fed04"
36,"Wilde Eend","geslaagd","","a18f19b7ecedd8c89ff171cc71250ea4c0f8815ff6d1c9befc49097ef5bbb7a4","geslaagd","geslaagd","geslaagd","nbinom2","nbinom2","nbinom2",-2.88688798751501,0.026793496958176,-3.39554318544815,-2.37555454761544,-2.74576086842351,0.0287975051154858,-3.29314777620215,-2.19527560287684,0.1411271190915,1.07635725791818,0.43724332706427,-0.0178742062790081,0.0145140253647807,0.987585865392354,0.975325841522766,0.968224863521187,1.00911334850776,1.01830975013654,1.02372810336366,"lang","modeluitval","tijdslimiet_60_seconden","a18f19b7ecedd8c89ff171cc71250ea4c0f8815ff6d1c9befc49097ef5bbb7a4","exchangeable",,,,,,,,,,,,"6c84ed7b4ee61c10041e0bd3ae9d6fcf3e5b31696bc24bcd8df7d7d91bc8c303"
37,"Soepeend","geslaagd","","354aae38d6c5c8d653432a8fadf93790e821c51435275c35895e360343e8c7c8","geslaagd","geslaagd","geslaagd","nbinom2","nbinom2","nbinom2",1.62941821762039,0.149569707746902,-1.30666859208555,4.65285242589069,0.141998341450789,0.163335294155348,-3.01314590501657,3.39978469657203,-1.4874198761696,1.07608154787016,1.30111212725247,0.267931608830986,0.415181322850227,1.20592953729326,1.45426604891635,1.62260999316056,1.29629656435872,1.68038478276822,1.95585461940585,"lang","geslaagd","","354aae38d6c5c8d653432a8fadf93790e821c51435275c35895e360343e8c7c8","exchangeable",-0.62217594246089,-1.57516758259535,-0.95299164013446,0.0658121871740388,0.0835985938244641,0.223173734618363,0.229999614698497,0.131286207243984,0.154195056812662,0,0,"4fb0afaabbc65558a4e3f07f66faa4866724e923a57b00ab41db4f3eaaee0a6a"
39,"Zomertaling","geslaagd","","8da017b3005f77d8fc357c803e1fe4000c1aca11bf81e9d255860bbd36444543","geslaagd","geslaagd","geslaagd","nbinom2","poisson_na_nb_uitval","nbinom2",-11.4357869818234,0.307198464596737,-16.6109537608638,-5.93944671059474,-14.6886693130227,0.397799698765937,-21.0875872455923,-7.77087039229739,-3.25288233119928,1.24787593641324,1.38540270579702,0.590275210053684,0.402145664579048,1.51063261592816,2.28201090030594,2.90481800443135,1.28577723976466,1.65322311029682,1.91509061619944,"lang","geslaagd","","8da017b3005f77d8fc357c803e1fe4000c1aca11bf81e9d255860bbd36444543","exchangeable",-13.1262718284873,-18.4717319603464,-5.34546013185908,0.320560738836331,0.699082138865557,0.815456645401889,0.446399948876706,0.473466937493606,0.323158055797466,0,0,"ced9bcd4b55a815e128a58ce2e7f0a3cf1a2cef223a5bfb9a6596640b3264d33"
40,"Slobeend","geslaagd","","488dac48e14848ac0c8f7cdb3ec0e9f870508e21070a9c73635708cb4d3f9dcc","geslaagd","geslaagd","geslaagd","nbinom2","nbinom2","nbinom2",-6.6543131834602,0.0682567633836327,-7.89480581816153,-5.39711332621385,-7.20916288421302,0.0804821207017013,-8.66140721645662,-5.73382849182876,-0.554849700752813,1.17211335425241,0.737913974254303,0.0184022720257024,0.118715589842825,1.01294394244257,1.0260554305311,1.0338036939343,1.07702632608865,1.15998570708802,1.21144534700863,"lang","modeluitval","ongeldige_gee_convergentie_of_coefficient","488dac48e14848ac0c8f7cdb3ec0e9f870508e21070a9c73635708cb4d3f9dcc","exchangeable",,,,,,,,,,0,1,"ca7e97739794907bb5b8a3e9fd8c592097949cb1ff7428ba813fdde872700a9d"
41,"Krooneend","geslaagd","","8e2192e4b120bdab7b217f33b9e8f02a6ea9b5cff37345a2d1b583509cf41176","geslaagd","geslaagd","geslaagd","nbinom2","nbinom2","nbinom2",19.4676412926353,0.169034816171001,15.574428679175,23.4919997367679,19.965588753495,0.170746510989931,16.0172196231742,24.0483312021896,0.497947460859717,1.01434032237873,0.181110017675171,-0.0421457728157912,-0.133207047044531,0.970974937797943,0.942792329831719,0.926687302190929,0.920110223503376,0.846602823395432,0.806357044496055,"lang","geslaagd","","8e2192e4b120bdab7b217f33b9e8f02a6ea9b5cff37345a2d1b583509cf41176","exchangeable",10.3176015102456,10.9317927767223,0.614191266476684,0.0669097023671527,0.076043447178346,-0.146756980655209,-0.0690360238420649,0.106579315924699,0.111351411545889,0,0,"351a880ddf4f4e9a3e3e724db2e2c9c653a96133377b893c86ca9931ffb2e907"
42,"Tafeleend","geslaagd","","367336f6008ef74c8f75c461a22909d65c316520228d2186d2eaaa01a6b89646","geslaagd","geslaagd","geslaagd","nbinom2","nbinom2","nbinom2",-0.37705247878429,0.0569626004012658,-1.48312383035294,0.741436987145327,-0.773558771349547,0.057542666977433,-1.88638335200497,0.351887691870401,-0.396506292565257,1.00616311600441,0.760761098253003,0.0147508939046484,0.00934164549587139,1.01036235025669,1.02083207881622,1.02700669894638,1.00585612810423,1.01174655044483,1.01520820464002,"lang","geslaagd","","367336f6008ef74c8f75c461a22909d65c316520228d2186d2eaaa01a6b89646","exchangeable",-1.90861836308774,-2.30232331271043,-0.393704949622686,0.0555338388513037,0.0566376401759833,0.115471289420091,0.0823341292791635,0.0544833139781559,0.0538565579397606,0,0,"3869a575c8c8fac9c2f1edeb21bb03d47df7966f825a22a1508fa2bc5a497406"
44,"Kuifeend","geslaagd","","56ca4c9b6f5423b2b58b62350998ac48bb2ac39949de8893feed2756d9191809","geslaagd","geslaagd","geslaagd","nbinom2","nbinom2","nbinom2",-3.023494972177,0.0452917119708132,-3.88056263276112,-2.15878510107916,-3.03627483222583,0.0506699833193702,-3.99448627182416,-2.06849967980183,-0.0127798600488283,1.11860362711371,0.645793110987425,-0.0036588343742582,0.0677930920584576,0.997446199093662,0.994898920086392,0.993411874102182,1.04328506416001,1.08844372509935,1.11576064522501,"lang","geslaagd","","56ca4c9b6f5423b2b58b62350998ac48bb2ac39949de8893feed2756d9191809","exchangeable",-3.20465377658574,-4.05382404598809,-0.849170269402344,0.0800998127405175,0.104223307064531,0.186946500651042,0.157409403163124,0.0524961270080154,0.0928790503536224,0,0,"adf273acdcfc0210605bb9bf986c6f4e72fd8501c4ce4cd55f0fc0ac52ddca74"
60,"Havik","geslaagd","","a5eba1576a3e58a9199bed6e14804ee7da2d5eafee6b61f03da7345e2ed7be5f","geslaagd","geslaagd","geslaagd","poisson_na_nb_uitval","nbinom2","poisson_na_nb_uitval",4.99753976926356,0.0858406329766934,3.24575890848937,6.77904326675054,4.97661161411618,0.111653441348096,2.70425057135788,7.29924929761638,-0.0209281551473817,1.30048936353366,0.821473482228625,-0.0197888502540127,0.241394864113282,0.986265263876533,0.972719170729448,0.964881627363236,1.16286316144165,1.35225073223808,1.47702894580555,"lang","geslaagd","","a5eba1576a3e58a9199bed6e14804ee7da2d5eafee6b61f03da7345e2ed7be5f","exchangeable",5.0323387707353,4.84471736960363,-0.187621401131666,0.178385275985036,0.174925879196191,0.0687764788330608,0.0620777523038824,0.173889295797617,0.100298897639337,0,0,"ff404cfd8b479d7308a3d13c463e1dc1727c16ca50fa0b025f1cee615f8a1eb4"
61,"Sperwer","geslaagd","","f0edab7eb68ca12e094b04cc28da1b4a9536ecabdf84c32c92b495663bb39c54","geslaagd","geslaagd","geslaagd","nbinom2","nbinom2","nbinom2",2.93668279463226,0.1278017712772,0.390233023793662,5.54772457049055,2.72272217218312,0.17908414159131,-0.820350335370246,6.39236664118454,-0.213960622449139,1.39849322315888,1.69088145079621,0.0930389711773869,0.037589019768314,1.06718314182535,1.13887985819621,1.18303241013489,1.02377341378049,1.04811200276377,1.06261651769733,"lang","geslaagd","","f0edab7eb68ca12e094b04cc28da1b4a9536ecabdf84c32c92b495663bb39c54","exchangeable",2.98244393162403,2.66800281528385,-0.314441116340181,0.161526978976701,0.186525260505577,0.113360831963291,0.174443658549511,0.208826612541338,0.179797602753215,0,0,"596d750b951196333dfed8547877d282cdc41889061fb5eaa9ee991aa16a691d"
62,"Buizerd","geslaagd","","768777a8e70aece368056845d2d345a538b78fddaf705a0bc1046d21f16d3397","geslaagd","geslaagd","geslaagd","nbinom2","poisson_na_nb_uitval","nbinom2",6.60968528824128,0.0942500144324738,4.65836315072676,8.59738921092543,6.943196000518,0.0975119962714278,4.91866844022475,9.00678917137723,0.333510712276719,1.03785064345228,0.583472239542714,-0.0976850673046688,-0.0590233266084801,0.934008594227422,0.872372054090686,0.838220189168013,0.963779389520623,0.928870711664745,0.909039566156347,"lang","geslaagd","","768777a8e70aece368056845d2d345a538b78fddaf705a0bc1046d21f16d3397","exchangeable",4.89627468413969,5.0926285329735,0.196353848833808,0.0683950987181113,0.0672147394381481,-0.141274033145578,-0.0728830372119574,0.07084649267059,0.0607186282666455,0,0,"414e23a21b2b81155a7f23d77bda562eed9cb540f3df3ee5669f8d1472bb221c"
64,"Torenvalk","geslaagd","","61646a43e0fca3bc70795de012aadcc2aa9f9577fd2c2ff9374abc84ccab7ae4","geslaagd","geslaagd","geslaagd","nbinom2","nbinom2","poisson_na_nb_uitval",-6.98379342944357,0.115890295713738,-9.07279473853634,-4.84679849229591,-7.15215055575719,0.129452362679484,-9.47831250435955,-4.76621255170526,-0.168357126313612,1.11502700856545,1.07039835507658,0.0545990549485543,-0.297402388443536,1.03889526952975,1.07930338105129,1.10366533201874,0.830362420576394,0.689501749505487,0.618457693337519,"lang","geslaagd","","61646a43e0fca3bc70795de012aadcc2aa9f9577fd2c2ff9374abc84ccab7ae4","exchangeable",-7.38782939058574,-7.40485441595941,-0.0170250253736626,0.125394246871657,0.145002494525178,0.127776884854713,-0.254023704652762,0.138397723920984,0.135516438543793,0,0,"0a9612001b7418aed3a8f8e0c5651fe44c4f80e4d4f4834294e52dc13a054d0c"
66,"Boomvalk","geslaagd","","b5984a6e5285b73cbf64cc3dc1201e1dae9ae876b48a54c50e89f2dea699e963","geslaagd","geslaagd","geslaagd","poisson_na_nb_uitval","poisson_na_nb_uitval","nbinom2",-5.9878164384234,0.115936178768266,-8.10001233040373,-3.82707460428106,-6.32570837743611,0.163848821696704,-9.28620743575332,-3.26859165573448,-0.337891939012713,1.40830879496091,1.75087935275199,0.338595683688607,-0.212291511755397,1.26697987386634,1.60523800078238,1.84355399666122,0.875733030791705,0.766908341219626,0.709631826114785,"lang","geslaagd","","b5984a6e5285b73cbf64cc3dc1201e1dae9ae876b48a54c50e89f2dea699e963","exchangeable",-5.73450633963137,-6.08906144756536,-0.354555107933985,0.144389888765055,0.127059671899768,0.246563007134027,0.100849634402906,0.163246558036445,0.185465618872918,0,0,"d0e51c6e7af96d329b936ef1ac1660890352cafc4932cee99183a86b4e406eb0"
69,"Patrijs","geslaagd","","af0546d474dd67b69a428117bcec1c8a48956bd23b8221eedefc776b2a59d392","geslaagd","geslaagd","geslaagd","nbinom2","poisson_na_nb_uitval","nbinom2",-21.8730183910246,0.598485967264382,-30.5204668086322,-12.1493053426627,-26.9031372458027,1.64084584289669,-47.0059489216409,0.82549334840174,-5.03011885477811,2.60361558296927,5.08715672536961,0.380868584009781,0.333483966113097,1.30496925915787,1.70294476734704,1.98985940476237,1.2317624298861,1.51723868367891,1.71399195876727,"lang","geslaagd","","af0546d474dd67b69a428117bcec1c8a48956bd23b8221eedefc776b2a59d392","exchangeable",-10.7936335100758,-8.68945104704194,2.10418246303389,0.315325734416265,0.370518853970703,-0.4038209150007,-0.19129238992574,0.131810680056069,0.385188071245396,0,0,"710e6e84c065acd13fe44937ca576260615dba0416710273c17a77b1c3886c32"
71,"Gewone Fazant","geslaagd","","4d4c443aa377906bf881dff4bbddd37427fa7174018b8709cf9d6dde50305516","geslaagd","geslaagd","geslaagd","nbinom2","nbinom2","nbinom2",7.72352681923232,0.325455191299929,1.06650753017541,14.819028716404,7.76161722332349,0.326906617597783,1.07348662079672,14.8923079121,0.0380904040911734,1.00482094186054,0.525347298917686,0.0129078457707256,-0.0365756756441209,1.00906178067766,1.01820567722438,1.02359287736694,0.977397521333756,0.955305914709371,0.942615355938754,"lang","geslaagd","","4d4c443aa377906bf881dff4bbddd37427fa7174018b8709cf9d6dde50305516","exchangeable",-10.085034358666,-10.2278059603455,-0.142771601679515,0.0719525259357947,0.0734744364410893,0.077153316455015,-0.0135490206278311,0.0564955981015939,0.0658897673935609,0,0,"ad0a1f7beb6dee5a65d1179aa66b199399ff409320a808b9fc255c34ade57eab"
72,"Waterral","geslaagd","","bb53801f2755a316dd304c4e8e8568fbd3296e457388ac1f8b327fea58a2e1ef","geslaagd","geslaagd","geslaagd","nbinom2","nbinom2","nbinom2",0.676027453099648,0.0719971325531863,-0.734679105626923,2.10678223185818,1.17760401943388,0.0897398403479205,-0.586450276521611,2.97296076427824,0.501576566334228,1.25266917900427,0.849882838157203,-0.154138630043123,0.126005512469336,0.897875720706489,0.806180809834196,0.75694740393983,1.08194510955172,1.17060522008288,1.22579891404629,"lang","geslaagd","","bb53801f2755a316dd304c4e8e8568fbd3296e457388ac1f8b327fea58a2e1ef","exchangeable",0.173209480130132,-0.0282731063152464,-0.201482586445378,0.0836314544840406,0.0931173451925398,-0.00486804769170414,0.0880075232328265,0.109880889667342,0.0920309018454322,0,0,"f71e2934547bb789cebfaa0a9f5f9cf73e38e4169f3bbc2d4436b39161cd2196"
77,"Waterhoen","geslaagd","","1088496ced42950b52f504a5460ab2c6f2c37bb06f2b05bcd4f79a765960be8e","geslaagd","geslaagd","geslaagd","nbinom2","poisson_na_nb_uitval","poisson_na_nb_uitval",-3.57260359427679,0.0430196456064846,-4.38224679651936,-2.7561047392608,-4.20425380405931,0.0513000753214883,-5.16263603494136,-3.23618660870684,-0.631650209782519,1.18467474451908,0.707909951663245,0.148334355265638,0.0965215898755707,1.10923119040417,1.23039383376545,1.30731537956421,1.06218845317355,1.12824431005523,1.16877278750589,"lang","geslaagd","","1088496ced42950b52f504a5460ab2c6f2c37bb06f2b05bcd4f79a765960be8e","exchangeable",-3.90418219736194,-4.64560066694168,-0.741418469579747,0.0792655369942106,0.0802578235090251,0.202841946836495,0.102400072947744,0.0628872638348027,0.0915744103447887,0,0,"9acd1bb3543e6862faecf2b04004163b0356d44e4b72bdc7cbbef89d477191dc"
78,"Meerkoet","geslaagd","","9a9bbe39872d37adbfa828648ff17d7a9421e1f3a8ecba8971fcf5bd3d030673","geslaagd","geslaagd","geslaagd","nbinom2","nbinom2","nbinom2",-0.986496623059641,0.0276388061295345,-1.52142295653264,-0.448664620243788,-0.942463945739069,0.0308690846449516,-1.53998634712292,-0.341315371588113,0.0440326773205713,1.11737279029828,0.45304123995599,-0.00467080092912869,0.112365503776501,0.9967410166338,0.993492654240182,0.991597393804012,1.07275991243694,1.15081382973171,1.19907931776889,"lang","modeluitval","ongeldige_gee_convergentie_of_coefficient","9a9bbe39872d37adbfa828648ff17d7a9421e1f3a8ecba8971fcf5bd3d030673","exchangeable",,,,,,,,,,0,1,"e9853a69abf41bb7c7b71904bd95a494bad395ddd1ada644ce300031c2b070ce"
80,"Scholekster","geslaagd","","32242a62500811e629286c8d6c871a76a41602d30f96b1d13c42c369df48aa94","geslaagd","geslaagd","geslaagd","nbinom2","poisson_na_nb_uitval","poisson_na_nb_uitval",-7.42956408797599,0.0962439600806588,-9.15942855521862,-5.66675805038175,-7.95737508689021,0.106465383510056,-9.85814746022811,-6.01652215703555,-0.527810998914213,1.09991059788561,0.524060504920772,0.07455712375498,0.134230948155352,1.05348751223525,1.10983593843561,1.14418468297566,1.087522097225,1.18270431195265,1.24219877458784,"lang","geslaagd","","32242a62500811e629286c8d6c871a76a41602d30f96b1d13c42c369df48aa94","exchangeable",-4.37608792425189,-4.52587710501654,-0.149789180764648,0.0657720574465928,0.0650321050320168,-0.0305777835835474,0.099439475366973,0.11242474110547,0.108850660261838,0,0,"465ca859394d1351edfc8dcb500ef23be6b007e74fb0f29f5931bf21c17ba824"
84,"Kleine Plevier","geslaagd","","386a59d401a266856732bead9f0482498f2a082c1ecccddab5c5d6f27f8960e1","geslaagd","geslaagd","geslaagd","poisson_na_nb_uitval","nbinom2","nbinom2",4.23813346581181,0.17614271042796,0.700831338885477,7.8996898433813,3.76910210356112,0.196354461413507,-0.148629596737371,7.84054848612723,-0.469031362250694,1.10978401337868,1.07334771407184,0.111287753154149,-0.225026196220361,1.08088074632585,1.16830318777793,1.22268419077233,0.868789965732686,0.754796004557801,0.695179631701084,"lang","geslaagd","","386a59d401a266856732bead9f0482498f2a082c1ecccddab5c5d6f27f8960e1","exchangeable",3.74217748244281,3.57102013356767,-0.171157348875139,0.201326571808807,0.20226536818239,0.0654163149556055,0.0543826643376225,0.147684645640883,0.169928728458346,0,0,"5ed37517c4e624b9761825c5fe197977e54e1b0498b94089e610ef017d60c0d7"
88,"Kievit","geslaagd","","420cc1724e01b2447ba4201fa344480a3cdd85dd041921325728369f4e457bb2","geslaagd","geslaagd","geslaagd","nbinom2","nbinom2","nbinom2",-3.03866201944374,0.0550092072804882,-4.07846467454559,-1.98758776033879,-2.94259422892206,0.0737522852233626,-4.33551063124761,-1.52939636043627,0.0960677905216811,1.34207530426337,1.20703509636469,0.196217372677385,0.183657435503735,1.14697884238873,1.31556046488739,1.42543852870616,1.12164471621948,1.25808686942308,1.34547031161354,"lang","modeluitval","tijdslimiet_60_seconden","420cc1724e01b2447ba4201fa344480a3cdd85dd041921325728369f4e457bb2","exchangeable",,,,,,,,,,,,"2c8a8127a34d7b35b1e0ab10143d418950101bcc5975396e9c1c48d51204e5e9"
94,"Houtsnip","geslaagd","","3cfa03951b48ec776180e0bff617988d0403a155ce5afd227e6302d64e6196e4","geslaagd","geslaagd","geslaagd","nbinom2","poisson_na_nb_uitval","poisson_na_nb_uitval",-1.51997028283567,0.0857083549696158,-3.16050221184606,0.148353457073935,-1.49014138454014,0.0955069948033909,-3.31703150916115,0.371269065423929,0.0298288982955253,1.11467556872583,1.43351471214569,-0.0905604100759158,0.110901895215788,0.938670848473443,0.881102961773853,0.849078785829892,1.07177896107574,1.1487101414046,1.19624706295295,"lang","geslaagd","","3cfa03951b48ec776180e0bff617988d0403a155ce5afd227e6302d64e6196e4","exchangeable",-1.50217837808398,-1.69399601994441,-0.191817641860426,0.0893612641195396,0.0889960527594204,0.0345518603641887,0.126951289097155,0.105875859227648,0.163438950891767,0,0,"5a4438fdb7dab38c36305a8fdb3d2d5bd51f3b9cdc65cd944fefdfbcdca93e97"
97,"Wulp","geslaagd","","ea5383a5d543314ef21faf9e67f09b8bc998fac616d8691db594852d876bf2a0","geslaagd","geslaagd","geslaagd","poisson_na_nb_uitval","poisson_na_nb_uitval","nbinom2",-9.48401599813388,0.117238398354291,-11.540242787147,-7.37999268852123,-10.242248635339,0.123196991895795,-12.3836364154898,-8.04852426602403,-0.758232637205102,1.04203161990136,0.691434308179758,0.174098175939745,0.0720041749856616,1.12938455308456,1.275509468746,1.3696013765882,1.04603477554494,1.09418875164936,1.12337820782638,"lang","geslaagd","","ea5383a5d543314ef21faf9e67f09b8bc998fac616d8691db594852d876bf2a0","exchangeable",-4.81782558583427,-6.19780767636601,-1.37998209053174,0.0861867560192826,0.0852862194136854,0.066475695925708,0.358716798201426,0.119961398752116,0.111585888226514,0,0,"e1fc536adcf539c577b0bc5c894352dc29b4c7830e0b6e01e8515be94957cebc"
98,"Tureluur","geslaagd","","670e1dc52e679ab89bfd855c90313ee2ea56abc4dd859efea5dd37434fa284db","geslaagd","geslaagd","geslaagd","nbinom2","nbinom2","nbinom2",-2.44543693118919,0.199807252712765,-6.19204869203783,1.4508113955455,-5.41201287195516,0.393638477536625,-12.4353532617901,2.17465201091358,-2.96657594076597,1.91158873841472,2.6585550424911,1.07995012455553,0.0189689349967735,2.12707970616058,4.52446807636017,7.03572309580031,1.01192720721974,1.02399667271154,1.03112348126227,"lang","geslaagd","","670e1dc52e679ab89bfd855c90313ee2ea56abc4dd859efea5dd37434fa284db","exchangeable",-3.00585070012386,-5.05655325584425,-2.0507025557204,0.285705659140524,0.259633057635794,0.676506958358943,0.0943390397474198,0.327159058589356,0.225648602984803,0,0,"df2548a81cd4efa7f0104e205af77d94bf1a6b789f5cf75ace4201cff61738c0"
105,"Kokmeeuw","geslaagd","","7b4974314d879c70205e03ff6e8967098ca835d9ece044b753a4bdf48f2042c2","geslaagd","geslaagd","geslaagd","nbinom2","nbinom2","nbinom2",-11.7602144201462,0.700239696990779,-23.0765351647058,1.22086642678192,-8.79048764559403,1.28495006394086,-29.0972669152267,17.3322209453039,2.96972677455222,1.91088284422959,17.1612515920776,-1.06815730955894,-0.0376046791541165,0.474018794649574,0.224693817681035,0.145192333169453,0.976769076634612,0.954077829069632,0.941049458659873,"lang","modeluitval","tijdslimiet_60_seconden","7b4974314d879c70205e03ff6e8967098ca835d9ece044b753a4bdf48f2042c2","exchangeable",,,,,,,,,,,,"9c7f864d3227fbc018274292ebb75a1c55d574237c41debc81da42acc18bb037"
106,"Stormmeeuw","geslaagd","","18874884eb7ea4ecdf9d5b82db04d3ce2aaf2057aca1a5077cc10a6edd1c9c96","geslaagd","geslaagd","geslaagd","nbinom2","nbinom2","nbinom2",-10.4265892691302,0.149530397772741,-13.0137062846958,-7.76252709167341,-9.24615108229521,0.200181399593496,-12.7379788128194,-5.61459634643952,1.18043818683495,1.3565300677313,2.6753644726587,0.111090310493875,-0.944823311575098,1.0807316083517,1.16798080929044,1.22224814556898,0.554013024618493,0.306930431446931,0.217274496916199,"lang","geslaagd","","18874884eb7ea4ecdf9d5b82db04d3ce2aaf2057aca1a5077cc10a6edd1c9c96","exchangeable",-3.70423101512645,-3.15336103029628,0.550869984830171,0.223916942582685,0.141167090264293,-0.0665213970066152,-0.146920222598596,0.257531545601523,0.35279818766271,0,0,"e9c57274e8ce6340f55ba4982e03ee56073b56d1b2bf8cc8fedaecbc3d8bc156"
107,"Kleine Mantelmeeuw","geslaagd","","0f3d835892000e76afa2d2dc55cb2e247a0c2260daa3eb950e04e781020fd83e","geslaagd","geslaagd","geslaagd","nbinom2","nbinom2","nbinom2",-12.7532373531363,0.302471577482093,-17.7752767032194,-7.4244669102316,-18.7186332623782,0.408701270533207,-24.9757533586078,-11.9396611829388,-5.9653959092419,1.25942727539061,3.56609729492731,-0.175916456469847,-0.0132496134976484,0.884313543827477,0.782010443796712,0.727744994737318,0.991752454333561,0.983572930676641,0.978819524866819,"lang","modeluitval","ongeldige_gee_convergentie_of_coefficient","0f3d835892000e76afa2d2dc55cb2e247a0c2260daa3eb950e04e781020fd83e","exchangeable",,,,,,,,,,1,1,"b68c7117a89d9b67dae82cfac15cdf8e5e082e41abd213d7e988979444363b3e"
108,"Zilvermeeuw","geslaagd","","b5e75f927dccffdb2ed1d0ec0f8ab34c5bc3b8f174919c871c1f95d068e4718e","geslaagd","geslaagd","geslaagd","nbinom2","nbinom2","nbinom2",-2.43986294856122,0.387410522893476,-9.57357689708428,5.25662759725614,-5.6795584144954,0.514140664596822,-14.721159175889,4.32066870178784,-3.23969546593418,1.2839895690544,3.67340001969105,-0.153406225486796,0.432300842317061,0.898335424245321,0.807006534454021,0.75794961170581,1.31024226264797,1.71673478682886,2.01071026509295,"lang","modeluitval","ongeldige_gee_convergentie_of_coefficient","b5e75f927dccffdb2ed1d0ec0f8ab34c5bc3b8f174919c871c1f95d068e4718e","exchangeable",,,,,,,,,,1,1,"1c2b1f67e0cc3a08118f9d44d4e7925d9137e39c9a049f34c77f2a120d95c722"
122,"Holenduif","geslaagd","","4930e395c632c09a0d7a86fb7f38719e3d4ea96c86966bd95a70d01069524c5f","geslaagd","geslaagd","geslaagd","nbinom2","nbinom2","poisson_na_nb_uitval",-1.74489219235267,0.0665363470459138,-3.01793027304375,-0.45514353867161,-1.39001672931506,0.0906395367234018,-3.1263882260836,0.37747764931555,0.354875463037607,1.36720930712074,1.03958768946436,-0.0298007212289927,-0.0141363853534861,0.979388408252713,0.959201654219783,0.947586597648217,0.991202896420104,0.982483181871603,0.977418079031045,"lang","geslaagd","","4930e395c632c09a0d7a86fb7f38719e3d4ea96c86966bd95a70d01069524c5f","exchangeable",-1.6892264878827,-1.81635390429761,-0.127127416414907,0.133591979694862,0.14202137866776,-0.00726912983827658,0.104601153896542,0.0956902615225748,0.107767080088916,0,0,"80761d2cd097d3b2277c165b8ed681522b2696aa1292898e0c05a1c02dbd0177"
123,"Houtduif","geslaagd","","31c9362c2e3d8aa2e43feb9c9a0cc617d938891f3d18f2a4f3e9b1debe2cf7ab","geslaagd","geslaagd","geslaagd","nbinom2","nbinom2","nbinom2",-2.13509904959045,0.0564148466479935,-3.21126089973655,-1.04697171318556,-2.44965789441076,0.0572692529246173,-3.53851587183144,-1.34850887973611,-0.314558844820312,1.0118827953788,0.662737303974707,0.015591754807096,-0.00193824917290472,1.010956270812,1.0220325814941,1.0285679797318,0.99878922012652,0.997579906240941,0.996873181847859,"lang","geslaagd","","31c9362c2e3d8aa2e43feb9c9a0cc617d938891f3d18f2a4f3e9b1debe2cf7ab","exchangeable",-4.11434151116197,-4.49414188466509,-0.379800373503125,0.0557843266458314,0.0586308440074293,0.0824721478103158,0.195688251330564,0.0520899796887522,0.0535277618137095,0,0,"94ff3b358695614a3c819553e35a1af83a41c41c85ad56255e35ea981120a717"
124,"Turkse Tortel","geslaagd","","2880770ef34231bca33919f1a40ca6eb9efc6b0d8f1f444bc1169824059e59ef","geslaagd","geslaagd","geslaagd","nbinom2","nbinom2","poisson_na_nb_uitval",-0.571176211657565,0.123310695880394,-2.94545374451435,1.86118405941726,-0.324635664266526,0.152387406692251,-3.25771213085421,2.69736714206708,0.246540547391039,1.23892823129929,1.52089957347796,0.0225340913710229,0.317818490166936,1.01587317164406,1.03199830086617,1.04154929209361,1.2197601249128,1.4878147623273,1.67115283825562,"lang","geslaagd","","2880770ef34231bca33919f1a40ca6eb9efc6b0d8f1f444bc1169824059e59ef","exchangeable",-0.0649272466538786,-0.191892047583253,-0.126964800929374,0.0910455660334034,0.0949241341215254,-0.0681847853416093,0.137812527349199,0.122510032620383,0.110661834808524,0,0,"1b7b16b0cb064939432121b51c9d8b96975ec2934cb7722d2f018c537208c022"
125,"Tortelduif","geslaagd","","7f0b77cd2c62930bd114e245437a7f92711817e452fd541a77892a3517923f90","geslaagd","geslaagd","geslaagd","nbinom2","nbinom2","nbinom2",-7.55759235115509,0.11066721701535,-9.54114955721287,-5.5305402391766,-7.8334014400894,0.106941955010461,-9.74516491203563,-5.88114330024969,-0.27580908893432,0.963450016038433,0.990772416171269,0.0622814790868906,-0.0253547847318997,1.04448815432885,1.09095550453328,1.11908967186591,0.984276771471186,0.968800762857741,0.959860927142445,"lang","geslaagd","","7f0b77cd2c62930bd114e245437a7f92711817e452fd541a77892a3517923f90","exchangeable",-3.38574085347776,-3.67213503452427,-0.286394181046512,0.056476421231578,0.0429850327203917,0.107061108019753,0.0819322594312675,0.0761241502014292,0.0696403244381048,0,0,"06d823f8525b99f5fbaab3c54da791887004818d7dbb29b5264a3f12f6c1c926"
126,"Halsbandparkiet","geslaagd","","8c13fcfbe3f48d67d22d8308a2370273d014533fbce33b1da9b747cd2f06ee2a","geslaagd","geslaagd","geslaagd","nbinom2","nbinom2","poisson_na_nb_uitval",8.97993032803079,0.217064110662447,4.4406715852289,13.7164768670653,11.502401484655,0.283417377890062,5.47735892943564,17.8716045133698,2.52247115662421,1.33619078962386,1.95890535581549,-0.44399211345409,0.0866954621354716,0.733230670344691,0.537627215934125,0.448386019817289,1.05568461676395,1.11447001007206,1.15036327029123,"lang","geslaagd","","8c13fcfbe3f48d67d22d8308a2370273d014533fbce33b1da9b747cd2f06ee2a","exchangeable",4.86784271828633,4.88274207398915,0.0148993557028243,0.112131358768479,0.121171698036807,-0.00684026285057917,0.172843923044144,0.34612454913205,0.399953773192107,0,0,"eeed023c13c7bd0a843bccf3e80ab2c481d3ba443b380977c86d09d3b8d2ad3d"
127,"Koekoek","geslaagd","","ab2f6afe7128e1885014ce4fd6c5166251036f735f5b56ecba75ecfd926c206d","geslaagd","geslaagd","geslaagd","nbinom2","poisson_na_nb_uitval","nbinom2",1.09555278463076,0.0707361657092559,-0.296393653223859,2.50693196877059,-1.03651267938829,0.0451133952607521,-1.90771279752587,-0.157575055403014,-2.13206546401905,0.624307689549711,0.689282512137975,-0.0576535279410367,0.0251744072144639,0.960508351201346,0.922576292727529,0.901085739368035,1.01585985706786,1.03197124920193,1.04151400487556,"lang","geslaagd","","ab2f6afe7128e1885014ce4fd6c5166251036f735f5b56ecba75ecfd926c206d","exchangeable",-2.01043834942105,-2.13112460609738,-0.120686256676328,0.0401846023987757,0.0435158740367663,0.0175017725862995,0.0826823890076247,0.0470095138689938,0.0502273290450968,0,0,"ee5a7182eee56cb5b1c852268e9ae4ca83b1884cf3890df2a274a1a4bf505b99"
131,"Bosuil","geslaagd","","e0951d9d061fe4ebf85ac432dbb268f8f2865686cccce676f647ec3213c3757b","geslaagd","geslaagd","geslaagd","nbinom2","poisson_na_nb_uitval","poisson_na_nb_uitval",-1.82605210791847,0.0484638267523836,-2.75418251523158,-0.889063468187146,-0.698771862838787,0.0683284652131889,-2.01978605752902,0.640052851265049,1.12728024507969,1.42609605162147,0.787243323402515,0.0265090425196136,-0.24793483283927,1.01869918420615,1.03774802790227,1.04905558605823,0.856438257692568,0.733486489239481,0.669918293284959,"lang","geslaagd","","e0951d9d061fe4ebf85ac432dbb268f8f2865686cccce676f647ec3213c3757b","exchangeable",-2.09555175825688,-1.99020740432203,0.105344353934844,0.082114932009632,0.0829064116652292,0.1131125593224,-0.0897859638871317,0.0839269374968899,0.0745540485523571,0,0,"50d7685586ece208b4a434d28bc06746886cc428769a5a4a38961ce4d1625382"
132,"Ransuil","geslaagd","","27ce9f393f510a6f32d118af6196f9d98f06899feb21e7b9a3175e5cd03d5199","geslaagd","geslaagd","geslaagd","poisson_na_nb_uitval","poisson_na_nb_uitval","poisson_na_nb_uitval",-3.10042171890017,0.126636722043603,-5.4759434034277,-0.665199853520859,-3.33958425865996,0.142260872404152,-5.99755087183062,-0.606462300258903,-0.239162539759785,1.12063520236412,1.15300429136163,-0.186383488443109,-0.357800334281717,0.877868264258101,0.77065268939153,0.714113081776849,0.79959886547342,0.63935834566638,0.560955227722419,"lang","geslaagd","","27ce9f393f510a6f32d118af6196f9d98f06899feb21e7b9a3175e5cd03d5199","exchangeable",-4.19911924964034,-3.81024374695323,0.388875502687103,0.146183605001623,0.150025650034112,-0.0948026630046576,-0.168464947328808,0.13779464688484,0.190002708398073,0,0,"22f160a343661f28b1c6504e5b52350895c57f1202e0caca5444e4596a3eff7e"
135,"Nachtzwaluw","geslaagd","","38b9ddc4a68b4c34e8b02ea66300e47dfc0e1a7fa28d07dc27c66deabfaaa5ce","geslaagd","geslaagd","geslaagd","nbinom2","poisson_na_nb_uitval","nbinom2",3.92045952634119,0.302084225464776,-2.0539040431785,10.2592380295254,5.1658543679358,0.385577586514865,-2.48897364712732,13.4216030596837,1.2453948415946,1.29216219652675,1.73082080219847,0.580364503564107,0.867920737200094,1.50020560733515,2.25061686427983,2.85327198412296,1.72030000855277,2.95943211942666,4.06469534415033,"lang","geslaagd","","38b9ddc4a68b4c34e8b02ea66300e47dfc0e1a7fa28d07dc27c66deabfaaa5ce","exchangeable",5.82382670850075,3.98388205718059,-1.83994465132016,0.555375417174109,0.533540642377752,0.392469261517687,0.554513036165763,0.362005131819272,0.266385940369989,0,0,"cdbfa170dec4350060026e3d9bad911434406db245cdeae1a7efd14424d25fea"
137,"IJsvogel","geslaagd","","d02d02d063603c82c56f65f3148a210e62563a1e19be78f84b9bf665c11ac8a5","geslaagd","geslaagd","geslaagd","nbinom2","nbinom2","nbinom2",13.2733045714667,0.374449971388817,5.25766838588362,21.8993516130463,14.2016882465634,0.409336288583195,5.39721027682802,23.7416584756854,0.928383675096669,1.10231927554753,1.15239112161764,-0.123214379876622,-0.0745159814337734,0.917491985338917,0.841791543161147,0.800439098430941,0.954491415144207,0.911053861583992,0.886566766295297,"lang","geslaagd","","d02d02d063603c82c56f65f3148a210e62563a1e19be78f84b9bf665c11ac8a5","exchangeable",8.82552814828532,9.32628663078969,0.50075848250437,0.193240988978419,0.205765610308695,-0.182443600413311,-0.0793728838625366,0.176704712391322,0.201997264399758,0,0,"5b2a069e560978fa30eaccd1c37f0a3c712da71f5c61226425f03d20e0127496"
142,"Groene Specht","geslaagd","","ebf80f7090cdc8613f25723dbb368296f69fb073a94a2cd71f9c3c2e4f424f76","geslaagd","geslaagd","geslaagd","nbinom2","poisson_na_nb_uitval","nbinom2",-1.2560281072958,0.0543098197428876,-2.30155595047219,-0.199311462890361,-1.77182287415112,0.0502842748875178,-2.7351770043555,-0.798927255548376,-0.515794766855315,0.92103927980059,0.466835139047902,-0.0165808612928063,-0.00529869624307052,0.98847893429796,0.977090603550831,0.970489777728463,0.996693498904803,0.993397930759098,0.991475200737931,"lang","geslaagd","","ebf80f7090cdc8613f25723dbb368296f69fb073a94a2cd71f9c3c2e4f424f76","exchangeable",-2.73122217879664,-2.80096389808898,-0.0697417192923377,0.0461050118044398,0.0497426631894462,-0.0122667837747336,0.0725599968259181,0.0509491978535679,0.0418137426184619,0,0,"8025448fef967503b08c589466e2da0624e2d3c75f66bd860773311259750a31"
143,"Zwarte Specht","geslaagd","","94a038aa528f6013be3249dcfaa5ddb7c0bebb537500bac7886971805824c8e8","geslaagd","geslaagd","geslaagd","nbinom2","nbinom2","nbinom2",-12.4458455663303,0.330769457597989,-17.9419686754455,-6.5816004252464,-12.5605549668166,0.297807606875172,-17.5183201653655,-7.3047910391775,-0.114709400486213,0.899049124222617,1.16798659416777e-06,-0.228248263113066,0.365412486894663,0.852555493860986,0.72685087011255,0.662095547099535,1.25659177268873,1.57902288318902,1.80473448984458,"lang","geslaagd","","94a038aa528f6013be3249dcfaa5ddb7c0bebb537500bac7886971805824c8e8","exchangeable",-13.2619962296803,-13.2895466544587,-0.027550424778422,0.306363417814339,0.306355557038251,-0.244979265172606,0.21582844548673,0.216497129395464,0.130611348334171,0,0,"2d8605daba2e5285de1aa507290e23cf36e873ab52a5548290b8111678d25ac0"
144,"Grote Bonte Specht","geslaagd","","bc46cf4d49d3d94a745150b3cf4c92954222af64675ae5060cc5c6904c428417","geslaagd","geslaagd","geslaagd","nbinom2","poisson_na_nb_uitval","nbinom2",5.28149126250328,0.0351270293968236,4.55912850924505,6.00884456947726,5.37341009426782,0.0352101089574303,4.64871259180923,6.10312616271791,0.091918831764537,1.00324029705218,0.317670085035263,-0.0388508041257603,-0.0117968638289744,0.973213446962461,0.947144413348555,0.932219929375567,0.992653423441635,0.985360819070398,0.981119780462624,"lang","geslaagd","","bc46cf4d49d3d94a745150b3cf4c92954222af64675ae5060cc5c6904c428417","exchangeable",4.12063151319113,4.27647440369572,0.155842890504587,0.0572054532873222,0.0591227805890102,-0.070342414678814,-0.0739167990535139,0.0313360146068727,0.0394919489588409,0,0,"bb01ea4b5886f85886cac70d88cda49fa6308d1d17e196c17017c5ca499836fd"
146,"Kleine Bonte Specht","geslaagd","","89b0cec2f4e111e2f28392a347f5a2673e35c849c4deaa8ce1916c0c5cbc9489","geslaagd","geslaagd","geslaagd","nbinom2","nbinom2","poisson_na_nb_uitval",11.6171370800378,0.109994825810776,9.23653864985199,14.0496160344132,12.1983854970136,0.119833188874098,9.59385423637575,14.8648142347947,0.581248416975733,1.09513302556207,0.834424869200696,-0.215012204911838,-0.0458273530700913,0.860478518191388,0.740423280268846,0.678118248504145,0.971761725719306,0.944320851572965,0.928629600631084,"lang","geslaagd","","89b0cec2f4e111e2f28392a347f5a2673e35c849c4deaa8ce1916c0c5cbc9489","exchangeable",10.9193449701724,11.3494214497552,0.430076479582819,0.110344904407575,0.130704013322162,-0.254356248928183,-0.0897076339576104,0.133073845000267,0.106591901799093,0,0,"cccbaf80a8183b9ed8129008ddadba452499e7c6e8540e13c371309b08150b2f"
147,"Kuifleeuwerik","geslaagd","","775e34c558e259c4bf005db5e2b291147efdc06cd5b3cfaa4eab5477025c7c07","geslaagd","geslaagd","geslaagd","poisson_na_nb_uitval","nbinom2","poisson_na_nb_uitval",-5.04302497042648,0.293476831883118,-10.3509650333865,0.579187607820186,-1.75145581762218,0.550748712041901,-11.8046989428746,9.44774061947362,3.2915691528043,1.94438634664868,5.53194541695864,-0.328349720213059,0.0677588602703585,0.794950548116091,0.631946373950074,0.552564436078022,1.04326274146812,1.08839714773557,1.11569893437944,"lang","geslaagd","","775e34c558e259c4bf005db5e2b291147efdc06cd5b3cfaa4eab5477025c7c07","exchangeable",-4.32747349349777,-4.89133356657832,-0.563860073080547,0.44756148601523,0.44547095533566,-0.509471678120254,0.138726363728407,0.324358684714231,0.337903726502618,0,0,"f9c8c8a8ab4a33d2086ce5f30f8eee4542190f1872d59a2ff18b7a243ce228c4"
148,"Boomleeuwerik","geslaagd","","903d70d8a2c38a5fe2aa66c95dce2d56602a42304282c51a50549987af482cae","geslaagd","geslaagd","geslaagd","nbinom2","nbinom2","nbinom2",5.5333035114115,0.0774388103339597,3.94361299537083,7.14730640090127,6.51575650433425,0.078991887539794,4.87933644631406,8.17770943371903,0.982452992922744,1.02955325928227,0.597725770346532,-0.0528633768170421,0.0498677550806927,0.963729248955111,0.928774065291583,0.908917321264324,1.03166099362236,1.06432440576188,1.0839086059103,"lang","geslaagd","","903d70d8a2c38a5fe2aa66c95dce2d56602a42304282c51a50549987af482cae","exchangeable",8.15711870728588,8.12166227593902,-0.0354564313468586,0.0593428347244058,0.0544546103825395,0.025656863753311,-0.00557175431336148,0.041672961377599,0.0681211287553882,0,0,"8593e85a8adf768805e1ef9ba504f74b9abfe4ba34da5cfdb84ed7e057c53d91"
150,"Veldleeuwerik","geslaagd","","a89423aa96f6242607d9d0f53a34e22c157f3e052f33ef2ef61851516faca903","geslaagd","geslaagd","geslaagd","nbinom2","nbinom2","poisson_na_nb_uitval",-4.49852849931615,0.148957674900479,-7.24645224612789,-1.66919455201989,-3.59978420288856,0.160167823140996,-6.57905722268319,-0.525499642184579,0.89874429642759,1.0854003728201,1.20516639552863,0.127387264980114,0.141512809054089,1.09311099954596,1.19489165732837,1.25876794162366,1.09248330984831,1.19351978229711,1.25690034532825,"lang","modeluitval","ongeldige_gee_convergentie_of_coefficient","a89423aa96f6242607d9d0f53a34e22c157f3e052f33ef2ef61851516faca903","exchangeable",,,,,,,,,,1,1,"3d3e22b2d47f842dd2611be55a3093745d8bda42233d5db52c2a3e64965e7ac3"
151,"Oeverzwaluw","geslaagd","","205b5aa09bee2d02b81867e416b3779d19abfba0ef7e027ea6bbf63e632e7b21","geslaagd","geslaagd","geslaagd","nbinom2","nbinom2","nbinom2",6.71963234472766,1.08860969295673,-13.7855637714817,32.1017735081648,11.164124564804,1.59752311217257,-18.7205530981885,52.0367455894174,4.44449222007639,1.5419787436433,7.28780816078287,1.69822794634555,0.0620307798065234,3.27673940741017,10.7370211440748,21.4979967847436,1.039534155092,1.08063125960283,1.10542064506284,"lang","geslaagd","","205b5aa09bee2d02b81867e416b3779d19abfba0ef7e027ea6bbf63e632e7b21","exchangeable",6.35757701978494,6.34062194300851,-0.016955076776437,0.262578324667589,0.285736267838418,0.618895092867667,-0.00824789569986872,0.430999349012439,0.182076619301704,0,0,"67b166b7054daf23fa579fc05655bfb835a3da3b6a2671556501c40c8e6ff6a2"
152,"Boerenzwaluw","geslaagd","","e7915eb72f8c5acbf134b9f7085a0a7aae44d906be3e1abf4ff9451e5623eff2","geslaagd","geslaagd","geslaagd","poisson_na_nb_uitval","nbinom2","nbinom2",-5.69247247813468,0.194403251771568,-9.21827722105666,-2.02973159096832,-6.41227341628419,0.249366157525634,-10.8764613676215,-1.72447479631002,-0.719800938149506,1.27313465647418,6.06588090315326,0.401244274297219,0.517542806127989,1.32368503774098,1.75214207913934,2.06447096301913,1.38194650818322,1.90977615147978,2.30762145774003,"lang","geslaagd","","e7915eb72f8c5acbf134b9f7085a0a7aae44d906be3e1abf4ff9451e5623eff2","exchangeable",-3.68942405828785,-3.38421633170173,0.305207726586121,0.1046540029946,0.111705659509321,0.301078938330567,-0.147614271140198,0.115844585211858,0.13429969458327,0,0,"316c0799e1d7f16bf9ead1252826ff534e5250ffbd2aabef8c08c8082bca1c59"
155,"Boompieper","geslaagd","","993171910f8876dd3cad94f06d1b4c7cbdd45144ae238208180cc1cea76b5c51","geslaagd","geslaagd","geslaagd","nbinom2","nbinom2","nbinom2",-0.668170701661708,0.051571390040698,-1.66715869484606,0.34096626105593,0.241087153860131,0.0454207845233629,-0.647346000782278,1.13746487201944,0.909257855521839,0.888794727417766,0.868591204321758,0.0692987237878019,-0.0718539100302409,1.04962308910661,1.1017086291857,1.1333668011427,0.956080956141008,0.914090794695505,0.890388305908731,"lang","geslaagd","","993171910f8876dd3cad94f06d1b4c7cbdd45144ae238208180cc1cea76b5c51","exchangeable",2.01043833243741,2.12528324940584,0.114844916968426,0.0689818297566275,0.0740501418350673,-0.00911401880147398,-0.102617826430728,0.0722680546866261,0.0955759123587092,0,0,"c149414ce52a6db8cb248b2a2b2717ecd3c6c40f2996dcce0d78def2cba6bd2f"
156,"Graspieper","geslaagd","","376d8f6844d64b8dba5cab6cab6851d44a434c65a3a477a8637cad8ab1355d12","geslaagd","geslaagd","geslaagd","nbinom2","nbinom2","nbinom2",1.65803633291131,0.0516113155809637,0.634865981490562,2.69160941660396,2.11788985541328,0.0617699058651144,0.889012575008685,3.36173545924332,0.459853522501974,1.20225150206851,0.893313745148543,0.0370733563250139,-0.0889723323441811,1.02624820971644,1.05318538794621,1.069269217464,0.94590545882959,0.894737137043617,0.866098511829524,"lang","geslaagd","","376d8f6844d64b8dba5cab6cab6851d44a434c65a3a477a8637cad8ab1355d12","exchangeable",1.06734754095752,0.770137860158138,-0.297209680799382,0.0376920785500013,0.0368916768092094,0.146172801833405,0.0193624313408434,0.0634698851247695,0.0770614811392772,0,0,"b90a30c99e4b0160688ccafbf5bf2c564c28c391f6629949602b0e46495f54f3"
158,"Gele Kwikstaart","geslaagd","","b8070191e75b34841e01aaf261ee259c3ad815b761a3b5b4931719fc03c23a50","geslaagd","geslaagd","geslaagd","poisson_na_nb_uitval","poisson_na_nb_uitval","poisson_na_nb_uitval",-2.23021712157947,0.299272652154155,-7.8001852856628,3.67624353378515,-17.103356042903,1.36655069444642,-36.5818154936916,8.35777833826412,-14.8731389213235,3.91581689208067,7.15435182853893,1.41437307743094,-0.767969752266917,2.68711951774925,7.22061130266899,12.8733256105914,0.618768678300994,0.382874677246359,0.289140234920234,"lang","modeluitval","ongeldige_gee_convergentie_of_coefficient","b8070191e75b34841e01aaf261ee259c3ad815b761a3b5b4931719fc03c23a50","exchangeable",,,,,,,,,,1,1,"c45296de5c4f3c2f98a2408bdd87e17c12e255055ef1689fc39588bd0a893cca"
162,"Witte Kwikstaart","geslaagd","","13451a5ad5e322a36f4728a3de5da3d2e374d3b9e4480f85842d7a252d8830af","geslaagd","geslaagd","geslaagd","nbinom2","nbinom2","nbinom2",2.51056132552863,0.0704533181019588,1.10473707244552,3.93593304876776,2.62911205327276,0.0975554161408438,0.6853969820527,4.61035022507477,0.118550727744138,1.38632340390672,1.36622224657216,0.0020900596747951,-0.327221984101091,1.0014617575229,1.00292565178086,1.00378296680435,0.815028720212343,0.66427181477097,0.589366315339516,"lang","geslaagd","","13451a5ad5e322a36f4728a3de5da3d2e374d3b9e4480f85842d7a252d8830af","exchangeable",2.49025954500048,2.7804419661031,0.290182421102614,0.0809634698019147,0.0856260338014895,0.00457312778894013,-0.22564802843633,0.093670104046106,0.10631513558048,0,0,"48c9a081afa157fc75f6c958c85b2d11e41fafe5dac6e340bfb44d8df292dbb8"
164,"Winterkoning","geslaagd","","ff41f99d9d86f0deb1e1e3d25f1e3d6da2185f1f6ab2f972a8a0171a1bfd1032","geslaagd","geslaagd","geslaagd","nbinom2","nbinom2","nbinom2",2.65002288690099,0.0474260994786747,1.70025911902829,3.60865635896697,2.61685967520819,0.0490120407699444,1.63580490714348,3.60738422076738,-0.0331632116927993,1.03310740152153,0.42395033646216,-0.0678703857528496,0.0356041103921383,0.953674455480541,0.909494967036107,0.884606569600626,1.02250402754589,1.04551448634758,1.05921405086318,"lang","geslaagd","","ff41f99d9d86f0deb1e1e3d25f1e3d6da2185f1f6ab2f972a8a0171a1bfd1032","exchangeable",-0.0385647390253041,-0.0675017265169386,-0.0289369874916345,0.0260549165475825,0.0255707384034802,-0.00324138031375957,0.0219690952432639,0.0267169990296132,0.0474582282726073,0,0,"03a119f4dbfd6d878c8514b44f283ea22089a7f4617d5b1945d64a5e5830febe"
165,"Heggenmus","geslaagd","","67671014c1cd4c52c48b66c56147ac3fb93971debf7a6f0774de4e87868e77fd","geslaagd","geslaagd","geslaagd","nbinom2","nbinom2","nbinom2",0.426895205765954,0.0339449373951587,-0.239048003901043,1.09728384573038,-0.285696041338457,0.0303402427900447,-0.876906241490694,0.309040375435066,-0.71259124710441,0.887464155892759,0.526555251244,0.0106478465953466,0.0851756729865218,1.00746926932765,1.0149943286396,1.0194222351385,1.05468224250514,1.11235463265567,1.14754191283263,"lang","geslaagd","","67671014c1cd4c52c48b66c56147ac3fb93971debf7a6f0774de4e87868e77fd","exchangeable",-1.35648102162012,-1.55889801639043,-0.202416994770316,0.0293881722312805,0.0280511365391966,0.0425069390384192,0.101499486543014,0.0421674386986458,0.0313579359557119,0,0,"b317a5e36e08174f7e0479952b81d1c2973d4a20dcc168c01717710c041dae1e"
166,"Roodborst","geslaagd","","1b6b74cbc47bc3967b38937324d9eacd7f48d040de653a7856539a7935b31d3c","geslaagd","geslaagd","geslaagd","nbinom2","nbinom2","nbinom2",2.72634800628402,0.0410867542266727,1.90241435566016,3.55694358601841,2.61636777731187,0.037533198215828,1.86423967455649,3.37404931751266,-0.109980228972151,0.912531259800868,0.573110028060529,-0.0129766542189204,-0.0528932690009554,0.990971942262058,0.982025390350636,0.9768294825769,0.967479316213519,0.936016227300978,0.918087986340807,"lang","geslaagd","","1b6b74cbc47bc3967b38937324d9eacd7f48d040de653a7856539a7935b31d3c","exchangeable",0.376659869272489,0.303363961824954,-0.0732959074475348,0.0287719452057314,0.0331428738437481,0.0338405602945165,0.0566326164089927,0.0553415978747428,0.0482050750796473,0,0,"4ac2a6a81d7c59ab2f73f7a51cffc8ea9f022404b31b3a4f3aec43434db99a83"
167,"Nachtegaal","geslaagd","","6140a2fcdb19246321c203e9a9fce829c769f5a844ad5e065df6406ddeee563f","geslaagd","geslaagd","geslaagd","nbinom2","nbinom2","nbinom2",0.409775400225754,0.0232929709994098,-0.0475927952230837,0.86923644838377,-0.0969584603402351,0.025227360401006,-0.589716067652146,0.398241651408426,-0.506733860565989,1.07758094099823,0.567349549610335,0.032000997242742,0.0607117511501815,1.02261665757954,1.04574482835915,1.05951567429499,1.03867744750738,1.07885083996045,1.10306726548496,"lang","geslaagd","","6140a2fcdb19246321c203e9a9fce829c769f5a844ad5e065df6406ddeee563f","exchangeable",-0.90124235768031,-0.967928041225619,-0.0666856835453089,0.033505271185541,0.031246155907654,0.0645906613051652,0.00122860627565875,0.0427726314326692,0.0470138743260317,0,0,"9433d86cbfea9ce9e52e452fdb4848f459783c4cb331deb6b409b3c1b3405aee"
168,"Blauwborst","geslaagd","","5393c7be1045fa25edf0d958dd84b0a634665ff1541bd05836dc59aee4917849","geslaagd","geslaagd","geslaagd","nbinom2","nbinom2","nbinom2",7.8183907190237,0.104597800117447,5.6304915638927,10.0516073070489,7.83893003310374,0.112883773722599,5.47917137138292,10.2514807377385,0.020539314080037,1.07943551890563,0.524984850167253,0.0343332122181746,0.0615372313436589,1.02428480662978,1.0491593650926,1.06398914778856,1.03921351323451,1.07996472608922,1.10453948033167,"lang","geslaagd","","5393c7be1045fa25edf0d958dd84b0a634665ff1541bd05836dc59aee4917849","exchangeable",5.76562282564692,5.17032664679973,-0.595296178847193,0.125793946665822,0.120111609239761,0.152773849602863,0.163913414072688,0.11905531755335,0.1355715591745,0,0,"8aebce028c89d640b97bbeefd3f9aede51782a79e1a6cc87125b7071e9b0763e"
169,"Zwarte Roodstaart","geslaagd","","e4e570a0f38abc2b500aabd4bbf3eb2a64967b06bf67d31992b2bc85142d8223","geslaagd","geslaagd","geslaagd","nbinom2","nbinom2","nbinom2",-2.47360975135319,0.180702533705126,-5.86731646313332,1.04244814402057,-1.05327247834183,0.283995614187045,-6.41047553781591,4.61058482246279,1.42033727301136,1.59499794665483,1.07139209953558,0.026585803401687,-1.64591521007317,1.0187538350651,1.03785937645986,1.04920107240729,0.357439741914491,0.127763169099898,0.0699916272177843,"lang","geslaagd","","e4e570a0f38abc2b500aabd4bbf3eb2a64967b06bf67d31992b2bc85142d8223","exchangeable",-0.373848893344475,0.324007523831793,0.697856417176268,0.206390833508046,0.246313014264801,-0.395776346395974,-1.3802517029003,0.220052595636873,0.828751222008975,0,0,"82f46ddcdeef2c836e1a8fb0f0269beedcef0773bf6742a0338072428673d3bc"
170,"Gekraagde Roodstaart","geslaagd","","797620bd2eb8c0098e6baf2d3f348533cb66bcaade9d31204eb11b7218d484a3","geslaagd","geslaagd","geslaagd","nbinom2","poisson_na_nb_uitval","poisson_na_nb_uitval",0.728611450524097,0.0276154623668081,0.184877526390093,1.27529638470627,1.01563181021618,0.0318195642047757,0.387594682023118,1.64759801585785,0.287020359692081,1.15552232449504,0.417159133770249,0.00237883267581946,-0.0154295856593969,1.00166388912046,1.00333054676793,1.00430676424403,0.990402008977766,0.980896139387196,0.975377913510591,"lang","geslaagd","","797620bd2eb8c0098e6baf2d3f348533cb66bcaade9d31204eb11b7218d484a3","exchangeable",0.836365889716784,0.904586555824083,0.0682206661072993,0.0421572870395498,0.0402269274154228,-0.0497521554075048,-0.0319474664754873,0.0486831375736661,0.0520936942515186,0,0,"17f239e599b7f19a26bac13f61be6d2b66cdf600bf1838545bbd253ee63a4c88"
171,"Paapje","geslaagd","","b7e60dc1dfcdc868db714ceb7642d2f6d316cdb0cada321515a86286309f0a99","geslaagd","geslaagd","geslaagd","poisson_na_nb_uitval","poisson_na_nb_uitval","nbinom2",-15.021997012687,0.279790223002738,-19.556622575155,-10.2317527821565,-17.5923221910605,0.28975896549144,-22.1420624491229,-12.7767113349964,-2.57032517837356,1.0043412210601,0.602317640270359,0.466782380988086,0.557392609061417,1.38572362826453,1.92022997393062,2.32396057313512,1.4168007830342,2.00732445880632,2.46109027068307,"lang","geslaagd","","b7e60dc1dfcdc868db714ceb7642d2f6d316cdb0cada321515a86286309f0a99","exchangeable",-11.4868708756295,-16.9887160678717,-5.50184519224226,0.18739729259492,0.228570928227879,0.604059541242033,0.688995934710773,0.211811365155499,0.315169392633788,0,0,"1820d2d4bcd0d435662f8766f3045223482dbea88a04afb2fe424d1367f60875"
172,"Roodborsttapuit","geslaagd","","425f40a074fc314d85c7e96817a1b43db71243449099acd732ea387719b22634","geslaagd","geslaagd","geslaagd","nbinom2","nbinom2","poisson_na_nb_uitval",1.84032299228729,0.0511905155495661,0.823633225869758,2.86726489947844,2.47437201191707,0.0505028438869926,1.46502732789195,3.49375736431827,0.634049019629779,0.9927082568866,0.844272013705382,-0.0233519848862818,0.0503243745312404,0.98381233603099,0.967886712526754,0.958690597343005,1.03195548462572,1.0649321222491,1.08470858783039,"lang","geslaagd","","425f40a074fc314d85c7e96817a1b43db71243449099acd732ea387719b22634","exchangeable",2.93508911075147,2.8905783265347,-0.0445107842167669,0.0576432820470172,0.061284888267413,0.0142123404351026,0.0137012193858382,0.0668483907022175,0.0612141138540276,0,0,"f39786a99a291fa987eafa16c92cd6599d0097292b89a00e5e8610b3a4866c25"
173,"Tapuit","geslaagd","","ca78380de94de0c24582ab03cf66e77fe2b90f8ca40122e22a0af76600f3d215","geslaagd","geslaagd","geslaagd","nbinom2","poisson_na_nb_uitval","nbinom2",-10.8258554775443,0.127623596740892,-13.0288101212041,-8.56710064109904,-11.209962606037,0.135134507504135,-13.5308166403019,-8.82681628174372,-0.384107128492705,1.05430449461883,0.590589365892313,-0.000754273375032696,0.151045005740064,0.999472996204112,0.998946270141224,0.998638283837006,1.0990119221754,1.20782720508366,1.27640846591942,"lang","geslaagd","","ca78380de94de0c24582ab03cf66e77fe2b90f8ca40122e22a0af76600f3d215","exchangeable",-3.24077535448072,-3.74006393801446,-0.499288583533741,0.063625314206518,0.0652569210393227,-0.0322080304034731,0.299923286135892,0.0920762584962569,0.0921083461887369,0,0,"353ca301af841d6a2e1e9b029d4cb9f8a7f255969f451df47ad46020cd83ecae"
175,"Merel","geslaagd","","d1e145fe368f3ca53dff99ce4b6a8eb6763fc51d5f8c4219111e7b21a7bd2274","geslaagd","geslaagd","geslaagd","nbinom2","nbinom2","nbinom2",1.08022871383149,0.0238905718204389,0.608021708701934,1.55465203781819,0.927745344484388,0.0245665184796995,0.442942562025683,1.41488809958712,-0.152483369347101,1.02674244387332,0.448242979988278,0.0403619209859202,0.0149776399543078,1.02860954355157,1.05803759308537,1.07564066097704,1.00940581667864,1.01890010274466,1.02449524803884,"lang","geslaagd","","d1e145fe368f3ca53dff99ce4b6a8eb6763fc51d5f8c4219111e7b21a7bd2274","exchangeable",0.253429448760234,0.191245618572622,-0.0621838301876121,0.0226915697084265,0.0243823072146933,0.0441275306942276,0.0242104343346955,0.0299570003864722,0.0372168710502289,0,0,"c936ae9d2b3c6b8a913dff316fa5d57c58e48f489ad0def0bf2abea2875c9697"
177,"Zanglijster","geslaagd","","2a551f441ee1270aa2c553b80ff5b902ff80b287f0b94c28358f25ff20bf7e60","geslaagd","geslaagd","geslaagd","nbinom2","nbinom2","nbinom2",4.12462185678342,0.0461233809215308,3.1875582505897,5.07019509550395,4.83016058890664,0.0464745559423425,3.87959721672193,5.7894222112651,0.705538732123223,1.0144415263636,0.752822211767095,-0.100465120820736,-0.139588180693689,0.932195661757088,0.868988751798736,0.834020909339803,0.916447614863961,0.839876230789843,0.798085984293865,"lang","geslaagd","","2a551f441ee1270aa2c553b80ff5b902ff80b287f0b94c28358f25ff20bf7e60","exchangeable",3.52470460857934,3.64846414351103,0.123759534931689,0.0402624723832165,0.0414683035205684,-0.0419451369091745,-0.0901334601162268,0.0477218717312357,0.0495481062680199,0,0,"492c83d5f214e2d506f0b0b1529b0b2e2137d1be1ad2823fce3378a12a3bb4e6"
179,"Grote Lijster","geslaagd","","0015fb6a15aa2bf18c4c9d91bbdd4f97c735c3401b9b976849c3121c65a9d7b8","geslaagd","geslaagd","geslaagd","nbinom2","poisson_na_nb_uitval","nbinom2",4.72666814545519,0.0904500540345383,2.88641213861967,6.59983950136649,5.63096584193716,0.101262551505846,3.55512766297787,7.74841571355207,0.90429769648197,1.12922312487955,1.02594143191927,-0.240207330894902,-0.107267664959358,0.845459621684583,0.714801971899037,0.647944496451532,0.935150076953393,0.874505666425937,0.84087083286928,"lang","geslaagd","","0015fb6a15aa2bf18c4c9d91bbdd4f97c735c3401b9b976849c3121c65a9d7b8","exchangeable",5.22331308970847,5.18033565845539,-0.0429774312530773,0.114055246071906,0.117320868427891,-0.155734877588332,-0.0015734374024861,0.0876211085379519,0.148751166223663,0,0,"20ba0ded0da3a4c96a6e1e4eb68dcc82b468a86e48463d22205fc4910cb42c2c"
180,"Cetti's Zanger","geslaagd","","71bf85f16dbe1c3e6527518247d2a96645b26e587b8b28db0b7f738cbf68021d","geslaagd","geslaagd","geslaagd","poisson_na_nb_uitval","poisson_na_nb_uitval","poisson_na_nb_uitval",78.8357313034428,0.851795446840705,51.3380043579143,111.329724655277,77.3495278962454,0.846105125732199,50.2477975266693,109.339874279609,-1.48620340719738,0.985003871534876,9.32796781887196e-05,0.155092335919874,0.137791006541482,1.11448246140702,1.24207115678385,1.32337387231099,1.08994478328211,1.18797963060389,1.24936467489867,"lang","geslaagd","","71bf85f16dbe1c3e6527518247d2a96645b26e587b8b28db0b7f738cbf68021d","exchangeable",49.557607386542,48.8446890924739,-0.712918294068146,0.327095488198498,0.308713912138471,0.0950837545534932,0.108553872278182,0.158731737132896,0.163135858897875,0,0,"185c4a3e13fe1e5b034b39f0cb87bc46469ee7c936fdd06d7598f1336a630262"
182,"Sprinkhaanrietzanger","geslaagd","","a0529d1c0a5fbd4957dcd97b2d0c86e127361ffff8a8d2ce66e81d907e093571","geslaagd","geslaagd","geslaagd","nbinom2","nbinom2","poisson_na_nb_uitval",-0.36376903184191,0.0403716039343585,-1.14906297693714,0.427763463931496,-0.768732059027111,0.0452422805274532,-1.64477414949298,0.115112867918787,-0.404963027185201,1.11609430930286,0.625120849978812,-0.0193083655499691,0.13511451772595,0.9865965060702,0.973372665789926,0.965719534293106,1.08812287991142,1.18401140178672,1.24397343299955,"lang","geslaagd","","a0529d1c0a5fbd4957dcd97b2d0c86e127361ffff8a8d2ce66e81d907e093571","exchangeable",-0.599161787326197,-0.622671269218844,-0.0235094818926473,0.0415910227107908,0.0400628722702754,-0.000191098442977456,0.0160193872169672,0.0724615821782143,0.0541921875545703,0,0,"5c1d735d8e3489ebff90ab230967edcfa86afed1821e5c578d7021e869711556"
186,"Rietzanger","geslaagd","","005ca9d2da3978be1fb5ef6df3a40f90295b0ce68ce634f798dcd652bad1cb4b","geslaagd","geslaagd","geslaagd","nbinom2","nbinom2","nbinom2",1.75802619159711,0.0536813698269361,0.69298694146307,2.83433046265049,0.96164457257224,0.0796721694596653,-0.602700747628748,2.55061004140145,-0.796381619024866,1.47258520542356,1.19951593891331,0.0438653699612793,0.0380468633122958,1.03113115148236,1.06323145155734,1.08247020609167,1.0240664367884,1.04871206695649,1.06340288815013,"lang","geslaagd","","005ca9d2da3978be1fb5ef6df3a40f90295b0ce68ce634f798dcd652bad1cb4b","exchangeable",2.10886084903201,2.33151328223495,0.222652433202941,0.128226366654576,0.127051527566976,-0.016005861366496,-0.0952048884024315,0.149030819363592,0.144691354825324,0,0,"4d75fd3023743a0430d1df95e9c036a43e5b2466b4d7a62e07883c35e62637ce"
187,"Bosrietzanger","geslaagd","","ec7e3ff8d1f512fc2844f5aa61ef06906898b94141f34561965739fd935afff8","geslaagd","geslaagd","geslaagd","nbinom2","nbinom2","nbinom2",0.244301286413839,0.0797802471531937,-1.31101976622937,1.82413392658245,-0.446153830676221,0.0822058735393874,-2.0373470094544,1.17088486835786,-0.690455117090061,1.02330928310404,0.8571625694749,-0.0579787435905395,-0.151362454937425,0.960290066823299,0.922157012439497,0.900556485970195,0.909727707333366,0.827604501490023,0.78304652560575,"lang","geslaagd","","ec7e3ff8d1f512fc2844f5aa61ef06906898b94141f34561965739fd935afff8","exchangeable",-1.05573534072722,-1.00885524912364,0.0468800916035739,0.051706829257979,0.0502104069461752,0.0953297945110733,-0.133151891490367,0.143982314985948,0.0796312284258009,0,0,"dd686132d89f0ab5556c79a1d934d1c2510f1aa2432d6e2b56210cba98ab937d"
188,"Kleine Karekiet","geslaagd","","7b0828605d85c78aae43aaf6dc1f4d3d26a966d75fcd22e202eea9dfc3994d05","geslaagd","geslaagd","geslaagd","nbinom2","nbinom2","nbinom2",4.72459421627631,0.0892083372141653,2.90941733845904,6.57178825231854,4.48998889643164,0.0923490469433435,2.61569087829889,6.39852137744925,-0.234605319844672,1.03289114841836,0.950980063966681,-0.0458426665219113,-0.0339515465907821,0.968469500738977,0.937933173861603,0.92051887558767,0.979001990141213,0.958444896700455,0.946620458082784,"lang","modeluitval","tijdslimiet_60_seconden","7b0828605d85c78aae43aaf6dc1f4d3d26a966d75fcd22e202eea9dfc3994d05","exchangeable",,,,,,,,,,,,"ec4edfe769af29d6d2bb143d2c73ae005380a1a3c838d9827ce7168cf21ab8b2"
189,"Grote Karekiet","geslaagd","","e77307b3cdd5448d388186ce1ff8472d1bc55795892061a1ba92b0f16d368adf","geslaagd","geslaagd","geslaagd","nbinom2","poisson_na_nb_uitval","nbinom2",-9.7487358819588,0.362033362950168,-15.9309012526768,-3.11195437712747,-10.0499150847922,0.484421166428496,-18.1974549829259,-1.09087957392633,-0.30117920283339,1.33447587973302,1.40660083792426,-0.281421702780172,-0.715282832437907,0.821454641278341,0.674787727677727,0.601453113475323,0.639485376565744,0.408941546841431,0.314832405729323,"lang","geslaagd","","e77307b3cdd5448d388186ce1ff8472d1bc55795892061a1ba92b0f16d368adf","exchangeable",-10.0093796400593,-8.66746756220792,1.34191207785141,0.341084058674382,0.39869270775716,-0.255453970989784,-0.28536670188182,0.32098697913111,0.454537549243512,0,0,"64e91de881b63f7e972fc34d1507efa166c407e6ca0cb7d916e75616b3f179aa"
190,"Spotvogel","geslaagd","","7f8584bec3443c6727aa5cd32d651563b1894fac7ad78e5c811681d49cc5bfc2","geslaagd","geslaagd","geslaagd","nbinom2","nbinom2","nbinom2",1.44323270604847,0.115644452932738,-0.830248284945867,3.76883357963831,1.97018479560873,0.142537915658095,-0.839174391078645,4.85913689604365,0.526952089560262,1.23901062318609,1.93302468333924,-0.235286789550691,-0.326350644775975,0.848372029135295,0.719735099819138,0.653729932247541,0.815472734694355,0.664995781029889,0.590196646350601,"lang","geslaagd","","7f8584bec3443c6727aa5cd32d651563b1894fac7ad78e5c811681d49cc5bfc2","exchangeable",1.32390947663121,1.4815361071969,0.157626630565688,0.110075476315742,0.109176649094661,-0.0254392705214027,-0.254626368021354,0.119515015261117,0.168605594126249,0,0,"2fd68d7a805a741b882ad6aa66333cc5768de90a1ac9ea9789577e876cada6b8"
192,"Braamsluiper","geslaagd","","29a264a60dc356d9abc3d52e1790d674c1314bece7d9e50841e8c363377c5c4d","geslaagd","geslaagd","geslaagd","nbinom2","nbinom2","poisson_na_nb_uitval",1.41913000490286,0.029003545602804,0.844228807093428,1.99730864745207,1.06500517276678,0.0295844807047481,0.480669645515719,1.65273884624451,-0.354124832136082,1.0164683829389,0.590706374648771,0.0381759263741134,0.0542592768178124,1.02703929875474,1.05480972118663,1.07140117981105,1.0344967366762,1.07018349819371,1.09162691704202,"lang","geslaagd","","29a264a60dc356d9abc3d52e1790d674c1314bece7d9e50841e8c363377c5c4d","exchangeable",1.06537694466635,0.977523799213365,-0.0878531454529874,0.0328392412757346,0.0320629116010033,0.0639739015965384,0.0147325991674034,0.0388367978153877,0.0407472943200438,0,0,"24324aeeb5e7a20c2a41ff57534c0f3f7a8b12dcfa22d0fb9b4eabd1585a7cad"
193,"Grasmus","geslaagd","","ee4351b2e4c53031ef03497cc0946f599de485c146623d3cba1c1ffc1fb049d1","geslaagd","geslaagd","geslaagd","nbinom2","nbinom2","nbinom2",0.549444214828565,0.0380506788156935,-0.197657428249187,1.302138520871,0.490859288573309,0.0386833475219748,-0.268174876217264,1.25567027397862,-0.0585849262552562,1.01603498201859,0.440710679381495,0.029942739555464,0.04117279382072,1.02114671721533,1.04274061807964,1.05558331110356,1.02606929606656,1.05281820033053,1.06878741127904,"lang","geslaagd","","ee4351b2e4c53031ef03497cc0946f599de485c146623d3cba1c1ffc1fb049d1","exchangeable",-0.183767161214088,-0.26452592923808,-0.0807587680239918,0.0422612741908108,0.042605346450655,0.0504912246116232,0.0183895710468047,0.0692610322800651,0.0432042909347814,0,0,"078296c6039ccc9c4563647734047ae8bcfe87a38d58b655639aeb3fde9c439a"
194,"Tuinfluiter","geslaagd","","f201eb73ea850c1daaebf53a66bf642ef9ac8453a8885987b9b44bae70deff55","geslaagd","geslaagd","geslaagd","nbinom2","nbinom2","nbinom2",4.65060792036645,0.0263302016334344,4.11192667225084,5.19207633702601,4.68156186376467,0.0329885774185181,4.00689933922149,5.36060072800177,0.0309539433982264,1.25325353784381,0.740945093893979,-0.00049260204164859,0.0985975314073637,0.999655792062538,0.99931170260418,0.99911047808143,1.06356762102707,1.13117608449718,1.172699658641,"lang","geslaagd","","f201eb73ea850c1daaebf53a66bf642ef9ac8453a8885987b9b44bae70deff55","exchangeable",4.51867134410857,4.34906602526504,-0.169605318843535,0.0486138483144559,0.0480768371022736,0.020984773643277,0.091297316838359,0.0422534163512139,0.0578364579931717,0,0,"5a91592110a122f80b4e2047d71ba5c03b222331206f1d5b8ba9f8a4b0a847e7"
195,"Zwartkop","geslaagd","","72e9216262bbfc6b9a373289d2de4625a6c657c22f7ff10be776771728671ca4","geslaagd","geslaagd","geslaagd","nbinom2","poisson_na_nb_uitval","nbinom2",4.46151210266579,0.0269023036398569,3.91215168126666,5.01377687035853,4.44122833740526,0.0269366159077399,3.89127589538294,4.99409197371099,-0.0202837652605314,1.00108102941724,0.468014241355356,-0.0173745538916324,0.0157378709202089,0.98793078516347,0.97600723627371,0.969099230799999,1.00988558678469,1.01986889839546,1.0257544492855,"lang","geslaagd","","72e9216262bbfc6b9a373289d2de4625a6c657c22f7ff10be776771728671ca4","exchangeable",3.27453716914219,3.26575788681769,-0.00877928232450031,0.0293085953599902,0.0304169768567013,-0.00807319044932893,0.00915048592931147,0.0315805760583595,0.0358554780401736,0,0,"5585fe433066afeaf20f8a617bcb36e3a019014657fb25b063b1b0c13ea4eeef"
197,"Fluiter","geslaagd","","06f30d53c2f9f89d900b00c8b2fe2bd26cd82b7cb1d27c551e978e2f98a4922d","geslaagd","geslaagd","geslaagd","poisson_na_nb_uitval","poisson_na_nb_uitval","nbinom2",-2.53239181509116,0.175352511179507,-5.82535284561626,0.875712650277727,-1.79509899573775,0.204950998951779,-5.66184443669799,2.23013714515095,0.737292819353408,1.17772040680466,1.39531155325064,-0.272133093555066,0.558140850585346,0.826804521988771,0.68360571758108,0.611630940726697,1.41746356516702,2.00920295857599,2.46406744856065,"lang","geslaagd","","06f30d53c2f9f89d900b00c8b2fe2bd26cd82b7cb1d27c551e978e2f98a4922d","exchangeable",-2.58237266698281,-3.11672638170957,-0.534353714726754,0.165897531183002,0.165402331548976,-0.0316032575207929,1.08431701561451,0.136960787111341,0.252803461834497,0,0,"bdbe96d1ec559fbb66073468b52fc8b6e891155692458b173e3acb7d4c3f1fb0"
198,"Tjiftjaf","geslaagd","","a4aa31661b9f12b7a3a5ac81cde08cbc289cc1cb753d2b98a9c9c597404c8879","geslaagd","geslaagd","geslaagd","nbinom2","poisson_na_nb_uitval","nbinom2",8.64130337181519,0.0556143977150364,7.46349827204538,9.83201727201817,8.55854003592145,0.0572286322401116,7.34766309528294,9.783075615445,-0.0827633358937447,1.02824276275176,0.404819834962333,-0.0306624057508143,-0.0114969520894402,0.978798788644511,0.958047068651963,0.946112647178511,0.99283952519034,0.985730322780179,0.981595327642492,"lang","geslaagd","","a4aa31661b9f12b7a3a5ac81cde08cbc289cc1cb753d2b98a9c9c597404c8879","exchangeable",2.58235546347041,2.5669494316648,-0.0154060318056093,0.0248657148873704,0.0265001488153855,0.00710924795044969,0.00760661123344848,0.0341599320245454,0.0329356340293464,0,0,"458514c46094eff7c98beb0ea7359c075943117a6a11231488a5152d6ecbeb7a"
200,"Fitis","geslaagd","","6614af23d292a2419221e3b11759c87f178c601db2dd57cae7b28ccb81b703d3","geslaagd","geslaagd","geslaagd","nbinom2","nbinom2","nbinom2",-0.782616490481536,0.0246259958120028,-1.26035468135568,-0.302566829090323,-0.815491665182411,0.0237305731958761,-1.27574669414878,-0.353090915335941,-0.0328751747008749,0.963319566677087,0.409452717356665,0.040845258631406,0.0670168600879783,1.0289570588695,1.05875262899737,1.0765803001869,1.04277899741565,1.08738803745119,1.11436214309465,"lang","geslaagd","","6614af23d292a2419221e3b11759c87f178c601db2dd57cae7b28ccb81b703d3","exchangeable",-2.04305156262432,-2.21694303245435,-0.173891469830034,0.0292275355262081,0.0287704649190716,0.0617620370167109,0.0699046542513784,0.0353295217316954,0.0362310232938857,0,0,"a897dd1c03a02c9a543ae7342a826022ad7b9631fb3207196b557922fc69182c"
201,"Goudhaan","geslaagd","","11fc115b01eabfc2768088821dcd568877115f4211884d1f45c74f81039ded5b","geslaagd","geslaagd","geslaagd","nbinom2","nbinom2","nbinom2",5.57153522485632,0.113214884792174,3.25469105152099,7.9403650936487,6.7219580793338,0.140463155237499,3.82389550259576,9.70091500758921,1.15042285447748,1.25425273976692,1.7048373444057,-0.378796530593601,-0.326443610374941,0.767412065884045,0.588921278864418,0.504432781729375,0.815425350038066,0.664918501484702,0.590108000323668,"lang","geslaagd","","11fc115b01eabfc2768088821dcd568877115f4211884d1f45c74f81039ded5b","exchangeable",3.89339165125062,4.2231937014805,0.329802050229877,0.151867374966955,0.158699225393868,-0.138365248865831,-0.219955433198959,0.176644626562651,0.137121567474834,0,0,"5ba0adc6d88bb359ebb2571119dd98afcef8d1b05bd6ee7da28f8510fa6e46da"
203,"Grauwe Vliegenvanger","geslaagd","","accf80b8e18557c0dcf116f83b2941da726771ff576847d305dac1880ba58595","geslaagd","geslaagd","geslaagd","nbinom2","poisson_na_nb_uitval","poisson_na_nb_uitval",5.32261921846926,0.109358085675571,3.08913668303761,7.60449137473378,6.15982908955379,0.120812003712023,3.67558278266251,8.70360223533673,0.837209871084532,1.11353809301423,1.34614678228435,-0.186147182407475,-0.180556589125515,0.878013254726717,0.770907275475804,0.714418003371654,0.893277582791694,0.797944839918172,0.746967614972886,"lang","geslaagd","","accf80b8e18557c0dcf116f83b2941da726771ff576847d305dac1880ba58595","exchangeable",5.00530403785815,5.14534554311388,0.140041505255728,0.161198595279132,0.168400017375876,-0.107081299325928,-0.0763544195818884,0.106239007236883,0.122570149971913,0,0,"0ffa0df53d4f93ac4731915fea3e2a7aab08cd356207197a468edeaae47e71e0"
205,"Bonte Vliegenvanger","geslaagd","","d38d1455ba0fce20bd588aed78563ae1c70862fc9c044e23847b5283e594edbb","geslaagd","geslaagd","geslaagd","nbinom2","nbinom2","nbinom2",-1.72792484613159,0.295195724729344,-7.25242580026206,4.12564251275964,-4.06683085977,0.485913398474696,-12.7818223787859,5.51897772110168,-2.33890601363841,1.60842768705678,5.98480771245978,-0.128998561764137,0.531146509038666,0.913790584288474,0.835013231934271,0.792118457021068,1.39374739743005,1.94253180784304,2.35890479219146,"lang","geslaagd","","d38d1455ba0fce20bd588aed78563ae1c70862fc9c044e23847b5283e594edbb","exchangeable",-4.95432323035578,-6.36357065735828,-1.40924742700249,0.286255487887455,0.298617558079507,-0.288835015448083,0.822033655117392,0.263364171329015,0.235775346667163,0,0,"c81b45f648ce3098eb9b726a633b837d7e24c344a836b3aa7c002f80f3f137b4"
207,"Staartmees","geslaagd","","c33f66fe6d3e3d00f2b42dc037fb574370d0fe551ba4399be2dbdede940b4d84","geslaagd","geslaagd","geslaagd","nbinom2","poisson_na_nb_uitval","nbinom2",1.49808822391657,0.0433540674324396,0.639272667608237,2.36423257086704,0.855402550799567,0.0403232442028701,0.0614479990684424,1.65565686975193,-0.642685673117005,0.924200538036681,0.553059467114087,-0.0749620938412951,-0.0379165912477024,0.948959532047483,0.900524193463778,0.873345603643831,0.976578661959155,0.953705882993934,0.94057531700068,"lang","geslaagd","","c33f66fe6d3e3d00f2b42dc037fb574370d0fe551ba4399be2dbdede940b4d84","exchangeable",-0.126025376103323,-0.113320876460299,0.0127044996430237,0.0255791940722173,0.0260744491950608,-0.0278050917395623,0.00390603898045896,0.0393344667042885,0.0378771613792144,0,0,"82436b6c6b24909c01755eae4a9cc9c244ffcdb9a44b262af3effd916034b841"
208,"Glanskop","geslaagd","","6c746d7da9e497bd9ff5550449c3f76620f42b109445af13712ac3c004110dca","geslaagd","geslaagd","geslaagd","nbinom2","nbinom2","nbinom2",1.67204911111882,0.047160861730508,0.736570808102033,2.61621462324346,2.04829990890376,0.0536702130512251,0.98044335718519,3.12744892059913,0.376250797784938,1.14224064480663,0.639455898384928,-0.0604458133643571,-0.121379141069603,0.95863578708182,0.91898257227398,0.89655170639686,0.926937896860588,0.85921386463633,0.821915433133726,"lang","geslaagd","","6c746d7da9e497bd9ff5550449c3f76620f42b109445af13712ac3c004110dca","exchangeable",0.32474032803187,0.467706104628873,0.142965776597004,0.0363172355150562,0.0376783910597903,-0.077407015160763,-0.0978873651571919,0.0553112912258833,0.0586749698775631,0,0,"ca86e4417d42c9e3c4687b1798bc32abd3bed5819e4b3f7534707d996f89667e"
209,"Matkop","geslaagd","","18f4a55d7ad6023de060ae64758bfc92414646ea8041342740ae5710742dabf2","geslaagd","geslaagd","geslaagd","nbinom2","poisson_na_nb_uitval","poisson_na_nb_uitval",-6.40815124509327,0.144390124787415,-9.01971549242144,-3.72162275848142,-6.96792359051062,0.158572094555329,-9.81490127801545,-4.03107205391086,-0.559772345417342,1.09168138697402,1.52454402464676,0.00409937329250109,-0.143640466731022,1.00286905688853,1.0057463452645,1.00743327638433,0.914129278338959,0.835632337516506,0.792877616161695,"lang","geslaagd","","18f4a55d7ad6023de060ae64758bfc92414646ea8041342740ae5710742dabf2","exchangeable",-7.89229027454023,-8.26993805978251,-0.377647785242285,0.127747444393783,0.128151347941729,0.227055103422152,0.115960734037864,0.130803542269153,0.115424781129405,0,0,"c42ef9847354e5b38b1d60425c1a7db153aa4de86cfc3261da3c388f5ce2ae91"
210,"Kuifmees","geslaagd","","3299d4cfb114acd9be13c01d44da490427ec7f8cf7fbaedaf7acdcdec9cf9e1a","geslaagd","geslaagd","geslaagd","nbinom2","nbinom2","nbinom2",0.99465654868327,0.0661871569711985,-0.307053500656318,2.31336327744753,1.24832040625877,0.0882323510081933,-0.487568458944665,3.01449001232716,0.253663857575503,1.33645094190167,0.46944449874068,-0.10798789834973,-0.171659909126495,0.927307522420673,0.859899241137968,0.82276291413348,0.898258864912345,0.806868988393614,0.757782646927358,"lang","modeluitval","tijdslimiet_60_seconden","3299d4cfb114acd9be13c01d44da490427ec7f8cf7fbaedaf7acdcdec9cf9e1a","exchangeable",,,,,,,,,,,,"f947d6d63f417a092577a920ecd666406f3e1fecf262f5a69ea3f57025ee7fbc"
212,"Zwarte Mees","geslaagd","","153c9cf66513b2d17b2ae18b28562ad03f6cae96a87eb8d2d7bdcc6b77cbf36f","geslaagd","geslaagd","geslaagd","poisson_na_nb_uitval","poisson_na_nb_uitval","nbinom2",-1.10245387723686,0.12335810054157,-3.46494188341778,1.3178509437701,-0.178167856199851,0.152657943640836,-3.12069151237808,2.85372932671319,0.924286021037013,1.24914899201353,0.921040060784389,-0.124536019630424,-0.146708387697118,0.916644925199016,0.84023791889311,0.798530226908304,0.912378004407958,0.832433622927448,0.788957063799667,"lang","modeluitval","tijdslimiet_60_seconden","153c9cf66513b2d17b2ae18b28562ad03f6cae96a87eb8d2d7bdcc6b77cbf36f","exchangeable",,,,,,,,,,,,"1015039a9aa60cea5a9100fa531c8ae95d962989a1ea3223a0999a671ff55f37"
213,"Pimpelmees","geslaagd","","942281a64c5283225671256ec037685e797c717aaf10bc6e35460f864eca6048","geslaagd","geslaagd","geslaagd","nbinom2","nbinom2","poisson_na_nb_uitval",4.84876495896165,0.0436387408062345,3.95579752110482,5.74940287661938,4.38922493322929,0.0423564990373573,3.5261861369559,5.25945839195152,-0.459540025732363,0.966362109516767,0.515186981830645,-0.0554826609037233,-0.0615081939600112,0.961966706309787,0.9253799440485,0.904626567975688,0.962283628347797,0.925989781386201,0.905397168614153,"lang","geslaagd","","942281a64c5283225671256ec037685e797c717aaf10bc6e35460f864eca6048","exchangeable",1.5170205937783,1.58405987518708,0.0670392814087872,0.0301892282898478,0.0325701336553075,-0.0352356339049398,-0.0386282878483803,0.0359786502183842,0.0306898388248264,0,0,"b056b250cfafda6eb37c7374a5af314b0c7e54c3e5b9b303baf10ae81d97e72d"
214,"Koolmees","geslaagd","","a8aa627bd9bb469cf1db5901b49af055299c1faa75f170017405b530567ea64b","geslaagd","geslaagd","geslaagd","nbinom2","nbinom2","nbinom2",2.90593032113815,0.0290551482631293,2.32156619719963,3.49363178090951,2.31851088689485,0.0292790846820269,1.73301718067811,2.90737422560183,-0.587419434243297,1.00195506228123,0.444362012022822,-0.030316041256808,-0.0445867811511096,0.979035750685588,0.958511001120492,0.946704843590566,0.972515547644396,0.94578649041008,0.930492857306698,"lang","geslaagd","","a8aa627bd9bb469cf1db5901b49af055299c1faa75f170017405b530567ea64b","exchangeable",0.635730968839643,0.651600547927389,0.0158695790877461,0.02707117851177,0.0293032103167764,-0.0112471249039202,-0.00812548813626147,0.0369075864355959,0.0284678368540488,0,0,"8095079c4a0b3f9fa1a58e88b58aca0673d97c57db37562d90e4dab658882d4f"
215,"Boomklever","geslaagd","","b5ffeb77e80716ce936ff9888145ad88753d8754085eb18fd0ff8401d7911b56","geslaagd","geslaagd","geslaagd","nbinom2","nbinom2","nbinom2",3.80486676218561,0.0594728233042769,2.60187241413483,5.02196607116341,5.55968896641577,0.0881350083956324,3.75186174452471,7.39901672438641,1.75482220423016,1.50703051068682,0.489560168826953,-0.209747975943668,-0.013213687088761,0.863650081384539,0.74589146307552,0.684598033892658,0.991774725379034,0.983617105900659,0.978876344957251,"lang","geslaagd","","b5ffeb77e80716ce936ff9888145ad88753d8754085eb18fd0ff8401d7911b56","exchangeable",3.61902300014034,3.54449888851029,-0.0745241116300477,0.181166759403521,0.179397076471295,-0.0181735118112742,0.0952117104242979,0.185841084399262,0.134267631514022,0,0,"27908d0050d7b052c60d1a84f5aed93f5a25ff526f7fcbb0c9b093e3b118535c"
217,"Boomkruiper","geslaagd","","4525fc215895811fc91cb366290f8b854f2709fa51dad1ac7ee973258cae83f0","geslaagd","geslaagd","geslaagd","nbinom2","poisson_na_nb_uitval","nbinom2",6.11082566185284,0.0379926257097613,5.32360029681844,6.90393502414528,6.65107454212308,0.0454292607747844,5.7056542857788,7.60495053782346,0.540248880270244,1.2018316241505,0.654918835804475,-0.124104500697398,-0.12298787527478,0.916921406592774,0.840744865868071,0.799152977548458,0.926006284512022,0.85748763895576,0.819781798732175,"lang","geslaagd","","4525fc215895811fc91cb366290f8b854f2709fa51dad1ac7ee973258cae83f0","exchangeable",4.38755781124092,4.45962199681791,0.0720641855769921,0.0709059030365959,0.0765064609598187,-0.0751300545978382,-0.0271344993737257,0.0490195792550995,0.0390227182271631,0,0,"d6004b6177a1f0447f91fcb58a0086c3bc0be615a16ec0981f030968c30ef9ea"
218,"Wielewaal","geslaagd","","ab481d43a72b5771e10c6e39b818e61b484e39f0fdd10e84e2966290fa790602","geslaagd","geslaagd","geslaagd","poisson_na_nb_uitval","nbinom2","nbinom2",-1.53017272083492,0.0843371060896179,-3.14450684477297,0.111068236972978,-0.751156015907961,0.0920685897601996,-2.5260825978959,1.05609064159773,0.77901670492696,1.10031965153528,0.814900233262737,0.00176980974661121,-0.0722337340813275,1.00123764081268,1.00247681338014,1.00320239369951,0.955853998811254,0.913656867043464,0.889842043222304,"lang","geslaagd","","ab481d43a72b5771e10c6e39b818e61b484e39f0fdd10e84e2966290fa790602","exchangeable",-2.13628222496811,-2.17729337650211,-0.0410111515339984,0.0789046310344957,0.0850174473338165,0.0871977700621177,0.0215559688144627,0.13000113294112,0.116484289061478,0,0,"16720fd886816aa83a1f67e4dcb314e65d678e833b12df8804bbaa3bde8437dc"
219,"Grauwe Klauwier","geslaagd","","91ab11f25252cc93af6c944aa8bf08b55ef1602431710cbcc6084096d3bfcca5","geslaagd","geslaagd","geslaagd","poisson_na_nb_uitval","nbinom2","poisson_na_nb_uitval",-2.31029553029817,0.205546334381732,-6.16770501823565,1.70569057521561,1.55167616982643,0.289838605614147,-4.05650474874888,7.4876718415865,3.8619717001246,1.46622590638495,2.9284640914391,0.0461936761225452,-0.430915180006876,1.03281036844132,1.06669725715989,1.08703292177429,0.763878955577301,0.583511058773869,0.498451419296678,"lang","geslaagd","","91ab11f25252cc93af6c944aa8bf08b55ef1602431710cbcc6084096d3bfcca5","exchangeable",-1.64528501564142,-1.04980714648316,0.595477869158256,0.174130960186496,0.166327913968326,0.0600093325039234,-0.445731293359367,0.164235031522524,0.35162101784621,0,0,"ae7fc2d26e0d91ae57729cd14dd9ca9bf4f8299c470308267352a2cc483339dc"
222,"Gaai","geslaagd","","68516db31d211937ae57a367114f2652a455e449f128a00292ddfc79f461d5f3","geslaagd","geslaagd","geslaagd","poisson_na_nb_uitval","nbinom2","poisson_na_nb_uitval",1.60660434198852,0.0388596723473588,0.835657751461438,2.38344526254426,1.02749021696258,0.0385699846953471,0.266630547111157,1.79412356679156,-0.579114125025937,0.986888063602336,0.494825034314129,0.0039075601778211,-0.0334601186879524,1.00273462792565,1.0054767340412,1.00708423813608,0.97930275613096,0.959033888165695,0.947372394315706,"lang","geslaagd","","68516db31d211937ae57a367114f2652a455e449f128a00292ddfc79f461d5f3","exchangeable",-0.0964693963993568,-0.0945178092525922,0.00195158714676458,0.0301357148581482,0.0314885288259241,0.039324383796784,-0.0231269440091144,0.0488612610146355,0.0374705244770075,0,0,"193e8236cc51c0e05af4622ae1ac8eb01417ce3d71005f26a11a980c0fafdd3d"
223,"Ekster","geslaagd","","eaee52035bd480e6187b18abe6ed52c6ba574244ac444d69706629690326e5d2","geslaagd","geslaagd","geslaagd","nbinom2","nbinom2","poisson_na_nb_uitval",-0.240131111305819,0.0637680586085284,-1.47922421460344,1.01454603207269,-2.05881415176814,0.0691918822649209,-3.37808825237076,-0.721526702836561,-1.81868304046232,1.06527919044469,0.954944607310735,0.0941452824306515,0.0682449081133671,1.06800857822712,1.14064232316672,1.18539921098079,1.04357974005501,1.08905867385329,1.1165754697891,"lang","geslaagd","","eaee52035bd480e6187b18abe6ed52c6ba574244ac444d69706629690326e5d2","exchangeable",-4.7888158000674,-5.07693492142065,-0.288119121353247,0.0461926100316658,0.0501078623532801,0.0859032295662596,0.126142957890688,0.0651601425525219,0.063229638607147,0,0,"9f798ad2799f15bafdbee201050cbe7b5a49738192a10d09baa2665cbb0b3436"
224,"Kauw","geslaagd","","d55a279d1b9afa22317229422893d7617408d233de1e223aa72278a5cb684048","geslaagd","geslaagd","geslaagd","nbinom2","nbinom2","nbinom2",-1.38020471809988,0.110320374815412,-3.48975085105065,0.775452423021439,-3.15566227708141,0.106089270719125,-5.14860282051475,-1.12084768510723,-1.77545755898153,0.944328998313396,1.0718937935569,0.112459878718941,0.10806232208167,1.08176653319815,1.17021883234755,1.22527599387544,1.06987835739236,1.14463969961657,1.19077122068188,"lang","geslaagd","","d55a279d1b9afa22317229422893d7617408d233de1e223aa72278a5cb684048","exchangeable",-3.98798419382649,-4.12662671811878,-0.138642524292287,0.0429874882987093,0.0587659795915086,0.208451083161119,0.198197589118623,0.0808295792356033,0.0968355099610262,0,0,"46ba0ce726874094f6b9eabd929866cda54a66777f6a07d09230b3c68b57bd2f"
226,"Zwarte Kraai","geslaagd","","3397409870b167b356d426ff61db8e968d0e3d220e4c3502c8fd7f43dedd1d4a","geslaagd","geslaagd","geslaagd","poisson_na_nb_uitval","poisson_na_nb_uitval","nbinom2",3.56109810499381,0.0571888682613701,2.40676145002967,4.72844652885025,3.51296092520743,0.0633494716160787,2.23563895684262,4.80624162799708,-0.0481371797863783,1.10721419308958,0.460143643619715,0.0420595108272399,-0.0222263850763303,1.02983061308298,1.06055109164286,1.07894450680287,0.986203332564865,0.972597013162046,0.964725016020597,"lang","geslaagd","","3397409870b167b356d426ff61db8e968d0e3d220e4c3502c8fd7f43dedd1d4a","exchangeable",-0.543976699941462,-0.526265817294158,0.0177108826473038,0.0312105610452001,0.0323402736591626,0.0261668508726213,-0.0371832371937998,0.037721351606725,0.0457860235242385,0,0,"d285dac674ab3c0b8ca11629d20a5d74ac982162622bef03905a719125f19a6b"
229,"Spreeuw","geslaagd","","52ce7ce64954f9ade3b0f255a803b0d19aadf960c75c0d361910ea9e549471a8","geslaagd","geslaagd","geslaagd","nbinom2","nbinom2","nbinom2",-3.15223171624152,0.0746121518709389,-4.55822603892806,-1.72552507908946,-5.52980687337246,0.0773174174324393,-6.95063541851333,-4.08728281463224,-2.37757515713094,1.01082064237527,1.58428937374522,0.125826726568495,-0.0353049685829288,1.09191947950444,1.19228814972125,1.25522420227249,0.978174139948665,0.95682464806431,0.94455266427324,"lang","geslaagd","","52ce7ce64954f9ade3b0f255a803b0d19aadf960c75c0d361910ea9e549471a8","exchangeable",-2.47174088598613,-2.54109656032844,-0.0693556743423085,0.0685158284318415,0.0727727511918745,0.0828753954972575,0.0945635924507132,0.0662197715796973,0.0648262209840506,0,0,"f3d7d22d0f4bedc0f0a225cc38e72c8d3f1df360decc081572cc77753262aaee"
231,"Huismus","geslaagd","","250197b14beb4056195ad7ef20c7ccba0acc2e5a5eaac05569cc3605b8ddcb32","geslaagd","geslaagd","geslaagd","nbinom2","nbinom2","nbinom2",-5.1405104809547,0.197379865710153,-8.74020899955507,-1.3988235873782,0.893249987386668,0.326981086543216,-5.36998262636211,7.57102424302312,6.03376046834136,1.76274723949522,7.10709675473459,-0.327117425536826,0.168471027009538,0.79563547015099,0.633035801362388,0.553795936839017,1.11104804593191,1.23442776036911,1.31285776192837,"lang","modeluitval","ongeldige_gee_convergentie_of_coefficient","250197b14beb4056195ad7ef20c7ccba0acc2e5a5eaac05569cc3605b8ddcb32","exchangeable",,,,,,,,,,0,1,"38ca1a2da408de9d7815fa31c31df33948f3578ee5331c5a0f4719d3450f47a1"
232,"Ringmus","geslaagd","","d8ae7ff3926694fd3749c5ab294ac5dd84839b70dc3c794e0e3ce92ff6ba232c","geslaagd","geslaagd","geslaagd","nbinom2","nbinom2","nbinom2",-9.83747003293095,0.223758023222262,-13.7062341251265,-5.79525962686423,-10.403298018116,0.233062675044018,-14.4040279322802,-6.21557519459605,-0.565827985185097,1.03507510224977,1.09276963326727,0.0255607341440598,0.0211545318411662,1.01802426611967,1.0363734064085,1.04725990251367,1.01331056541301,1.02679830197763,1.03477119431892,"lang","geslaagd","","d8ae7ff3926694fd3749c5ab294ac5dd84839b70dc3c794e0e3ce92ff6ba232c","exchangeable",-2.5830463245534,-3.04862447954537,-0.465578154991975,0.0730854208970997,0.0784026425309512,0.00647683006921494,0.248277517675931,0.119965680206493,0.216369407448678,0,0,"03b36d45f19768043eace34a05de351272212a40830abbec4787b3032f4914a9"
233,"Vink","geslaagd","","3d1fb449b53ed43c0921d9b55f129fd7e2a8cc5fe7cf07fd01d3e833811e5b39","geslaagd","geslaagd","geslaagd","nbinom2","nbinom2","nbinom2",13.774014787958,0.0638815985029729,12.3583549516384,15.2075112397481,13.8966404287683,0.0678115384677249,12.3928488024823,15.4205524566579,0.122625640810247,1.06266675043799,0.416647562122894,-0.0207723895174194,-0.0504022350062716,0.985587566795068,0.971382851821023,0.963168720939955,0.968986888443712,0.938935589975827,0.921790623250576,"lang","geslaagd","","3d1fb449b53ed43c0921d9b55f129fd7e2a8cc5fe7cf07fd01d3e833811e5b39","exchangeable",6.57891105889554,6.79737440664276,0.218463347747222,0.0496885556291531,0.0516366494549538,-0.0805045308523527,-0.0586332266498658,0.0342855316995853,0.0354356389473349,0,0,"99fe50a2af0fe0c3c2ee6055e51463b4ed62d08040871a1898753da0afb23d73"
236,"Groenling","geslaagd","","929481361bb4c1b3bb7d036b1c2ea6a1e94fed34686358496df2c35793a0fae2","geslaagd","geslaagd","geslaagd","nbinom2","poisson_na_nb_uitval","poisson_na_nb_uitval",1.91503640370247,0.0942180892945104,0.0502684546073162,3.81456047647108,1.85624708829264,0.105331637121172,-0.225017446138509,3.9809259331191,-0.0587893154098351,1.11732653971282,1.27962403295069,-0.0821817409975451,0.164705761615955,0.944183492552155,0.891482467607985,0.862028724847256,1.10843626881264,1.22863096201928,1.30489496278115,"lang","geslaagd","","929481361bb4c1b3bb7d036b1c2ea6a1e94fed34686358496df2c35793a0fae2","exchangeable",2.71893473929536,2.45034017596004,-0.268594563335323,0.0681485460549921,0.0665190911037176,0.0585295163556934,0.175257605755176,0.0782190041201355,0.065865412824054,0,0,"973adabd7ebce8bc9c4af41ef87e15c2807f78008455f9438a28777eaea88dae"
237,"Putter","geslaagd","","f6f8a94c9371dd7168920a6fb6c0ce5cd8b91a0c7dc878f6e5634c081acc5638","geslaagd","geslaagd","geslaagd","nbinom2","poisson_na_nb_uitval","poisson_na_nb_uitval",7.45974497911521,0.110123949872399,5.16515486877347,9.80440056771394,9.40706397321844,0.136796618039348,6.51260350385345,12.3801808750911,1.94731899410323,1.26476969576708,1.27864779963267,-0.217952702115916,-0.398065746244221,0.858712016483333,0.737386327252872,0.674525499656872,0.779725600342593,0.607972011829617,0.525622065012704,"lang","geslaagd","","f6f8a94c9371dd7168920a6fb6c0ce5cd8b91a0c7dc878f6e5634c081acc5638","exchangeable",10.0985812829175,10.5326101285995,0.434028845681999,0.175121632145375,0.206277516112263,-0.115796177295185,-0.12197016431134,0.145022204340717,0.151954437796511,0,0,"10f5bbcad297f02929b101194bc0e09b4efefb5db7144dfea19f7cb18283f4d5"
238,"Sijs","geslaagd","","a04ada9ae96df45e66ac599195ff42936541efec3975b30f4c0fef6f2da2655f","geslaagd","geslaagd","geslaagd","nbinom2","nbinom2","poisson_na_nb_uitval",1.38280601088139,0.337939840178876,-5.11484152953444,8.3254064210615,0.945253814015379,0.403557147348775,-6.73162150172151,9.25400903977407,-0.437552196866009,1.18938509172271,1.98042943321915,0.051393915002555,0.449603949787168,1.03657075708075,1.07447893443495,1.09729325035268,1.32448997035152,1.75427368156178,2.06771770033876,"lang","geslaagd","","a04ada9ae96df45e66ac599195ff42936541efec3975b30f4c0fef6f2da2655f","exchangeable",1.83550037748952,0.83691215355175,-0.998588223937769,0.212382288651912,0.185384661982048,-0.119702798764866,0.503971483873426,0.190678497744608,0.387391933270438,0,0,"4c622fb2e1e713fb5c74e1fe9e9fb7ceb3c1945d0c36d9220252e010ac309eda"
239,"Kneu","geslaagd","","cc51af4d7a87e58410b59ccada6950136c98bfaa356757e5ee749c5ce1310c4e","geslaagd","geslaagd","geslaagd","nbinom2","nbinom2","nbinom2",-2.42095761820745,0.0415757765632765,-3.21288378613166,-1.62255179596585,-3.02165801510235,0.0466484000724593,-3.90429819967688,-2.13091076974539,-0.600700396894893,1.11510517357235,0.900673411492051,0.0972090305920071,0.0702699928240334,1.07029782318409,1.14553743031259,1.19197842186275,1.04490152975076,1.09181920687549,1.12023491175972,"lang","geslaagd","","cc51af4d7a87e58410b59ccada6950136c98bfaa356757e5ee749c5ce1310c4e","exchangeable",-1.53210664833969,-1.83709500544699,-0.304988357107294,0.043925272599373,0.0381307052978992,0.03894421043671,0.145539389045576,0.0532496631388211,0.0519414085080392,0,0,"740e6321c1b1018efac10833d247bb0e3a9ad6c6f03c33c64ac1a242109d4055"
240,"Barmsijs","geslaagd","","bf4582fe526698b5f1997aaad7525cb0082539851668bd3ec059de631b9bfd34","geslaagd","geslaagd","geslaagd","nbinom2","nbinom2","poisson_na_nb_uitval",2.82126431122021,0.329797697852747,-3.61487987741461,9.68718388389991,3.73057530884164,0.230496482256131,-0.851412862069034,8.52431249407923,0.909310997621438,0.704832387243177,1.86327577443934,0.266732602244236,0.33152521953797,1.20491944517458,1.45183086935983,1.61909908785263,1.23025527457632,1.51352804062285,1.70857603104908,"lang","modeluitval","tijdslimiet_60_seconden","bf4582fe526698b5f1997aaad7525cb0082539851668bd3ec059de631b9bfd34","exchangeable",,,,,,,,,,,,"7aff2062cefcee4d0980589abfa0af4f0ec59d168b70b81ba68d69cb236b4e53"
242,"Kleine Barmsijs","geslaagd","","3e4a25788bb7efd8dbeeea3885596e04b4743b79877211236d6733081d191664","geslaagd","geslaagd","geslaagd","nbinom2","nbinom2","nbinom2",-22.9631526722775,0.257054553581222,-26.7483222835847,-18.9823901485208,-22.9673172171725,0.263950964839259,-26.8512240123714,-18.8771905394107,-0.00416454489505824,1.02679669797231,0.73892683289123,0.124817364268697,-0.208250530620842,1.09114949151531,1.19060721283412,1.2529374129485,0.87794778626622,0.770792315409757,0.714280310318254,"lang","geslaagd","","3e4a25788bb7efd8dbeeea3885596e04b4743b79877211236d6733081d191664","exchangeable",-23.1815932625905,-23.62967930148,-0.448086038889439,0.203149714710141,0.251089088664064,0.121734831895691,-0.0918180028285704,0.19101142205105,0.202765890172804,0,0,"0ec3ea9178dd641a3b8338a9ed65eb835ab8f47285c0f727eb7df143ca4e3d9d"
246,"Goudvink","geslaagd","","33f24c2b12609c99a6ce8eeae29995730e4ab114e28d867ffb9cbe858b4bba4f","geslaagd","geslaagd","geslaagd","nbinom2","nbinom2","nbinom2",0.94351018697254,0.0849497099901641,-0.72329889668945,2.6383042106104,-0.178748033758969,0.0864588038420944,-1.85605960122767,1.52722932889722,-1.12225822073151,1.00645103604823,0.884062696962268,0.0411139731002695,0.0822465002978652,1.02915031287798,1.05915036649684,1.07710305323511,1.05275299595247,1.10828887048691,1.14212366198274,"lang","geslaagd","","33f24c2b12609c99a6ce8eeae29995730e4ab114e28d867ffb9cbe858b4bba4f","exchangeable",-2.30631783676053,-2.64544093348746,-0.339123096726934,0.0403600246590258,0.0428587917733585,0.125534249280201,0.138975984112598,0.0760595085497395,0.0800556982121426,0,0,"f015ee97c767f9963def54fdccdec87da15f6c9f8cede9b39dc635a6ec199539"
248,"Appelvink","geslaagd","","3dffebf225d687df6456a2d175dffde48282bfb009dfeb258365e4ce318238d5","geslaagd","geslaagd","geslaagd","nbinom2","nbinom2","nbinom2",13.7854536421692,0.171476958165379,10.0247351857642,17.6747159508677,15.3404715238187,0.203363116843947,10.8335144318451,20.0307004567424,1.55501788164954,1.20224956209716,1.78199352119715,-0.0261561096710554,-0.262757968857355,0.981886215116777,0.96410053943635,0.953846309823603,0.84853976152566,0.720019726890023,0.654064089780558,"lang","geslaagd","","3dffebf225d687df6456a2d175dffde48282bfb009dfeb258365e4ce318238d5","exchangeable",9.47674677969643,9.48359482336098,0.0068480436645526,0.136197699642445,0.151280091637041,-0.152719181824892,0.0691279642706302,0.176198126959081,0.153597620339374,0,0,"ec65f8eb25eabbd690a40f7c39fc4f84228f175755cc9e11fdc143dd107a3489"
251,"Rietgors","geslaagd","","e03d18f738c37ea976494d075d9528e9319486e1150093687bedbbe620828090","geslaagd","geslaagd","geslaagd","nbinom2","poisson_na_nb_uitval","nbinom2",-1.53204509847935,0.053510256271352,-2.55938124364358,-0.493877540618548,-2.2820928038907,0.0574020274364194,-3.3753357187449,-1.17648058271322,-0.75004770541135,1.06456121710716,0.453513715633467,0.0111193676548587,0.104728234769481,1.00780131963732,1.01566349986272,1.02029098321914,1.06765106336176,1.1398787930975,1.18437374082392,"lang","geslaagd","","e03d18f738c37ea976494d075d9528e9319486e1150093687bedbbe620828090","exchangeable",-2.51323507016536,-3.06589964909562,-0.552664578930251,0.0698847348268129,0.0653545491596897,0.100878351896284,0.149810127802242,0.0554560271471941,0.0562068362596684,0,0,"b14ad29fb1a4bee92e0bcb83cbc5b4252a7ed26c00dc8ef0569447ad3a28f6b0"
