"chart_id","chart_title","serie","jaar","fit_1990","lower_1990","upper_1990"
"100","Watervogels","landelijk",1990,100,92.7227029433239,107.848452240574
"100","Watervogels","landelijk",1991,106.868398155023,100.900659401256,113.189096998888
"100","Watervogels","landelijk",1992,114.246144080605,109.056505451166,119.682740459082
"100","Watervogels","landelijk",1993,122.225374829766,117.008924596833,127.674382990451
"100","Watervogels","landelijk",1994,130.916414184682,125.228890099829,136.862248713635
"100","Watervogels","landelijk",1995,140.430235347608,134.307504642589,146.832085461375
"100","Watervogels","landelijk",1996,150.850424907223,144.435171283716,157.550619370888
"100","Watervogels","landelijk",1997,162.19356575385,155.440996182249,169.239476187509
"100","Watervogels","landelijk",1998,174.36214721945,167.071019161955,181.971466598322
"100","Watervogels","landelijk",1999,187.101229655558,179.171120990379,195.382324702326
"100","Watervogels","landelijk",2000,199.97715421015,191.516788554581,208.811261445066
"100","Watervogels","landelijk",2001,212.399311654826,203.562197431806,221.620065810877
"100","Watervogels","landelijk",2002,223.698617736709,214.484906583169,233.308125846657
"100","Watervogels","landelijk",2003,233.256029240905,223.561445046691,243.37101223277
"100","Watervogels","landelijk",2004,240.647267295088,230.503139293061,251.237824500798
"100","Watervogels","landelijk",2005,245.751809295985,235.393201298485,256.566253566809
"100","Watervogels","landelijk",2006,248.780911778425,238.43820749762,259.572250248199
"100","Watervogels","landelijk",2007,250.21156103344,239.898942798653,260.967491329613
"100","Watervogels","landelijk",2008,250.652418456566,240.23190900979,261.524937037257
"100","Watervogels","landelijk",2009,250.69089161219,240.12409789379,261.722682931693
"100","Watervogels","landelijk",2010,250.768208434832,240.197447196632,261.804174422122
"100","Watervogels","landelijk",2011,251.110533603977,240.673880720875,261.999764569403
"100","Watervogels","landelijk",2012,251.723491116148,241.355489913589,262.536874559545
"100","Watervogels","landelijk",2013,252.442833948725,241.939663571163,263.40197167927
"100","Watervogels","landelijk",2014,253.024287854201,242.319675102603,264.20178310745
"100","Watervogels","landelijk",2015,253.247446420387,242.513792916398,264.456171119948
"100","Watervogels","landelijk",2016,253.003213989179,242.423630853905,264.044499553882
"100","Watervogels","landelijk",2017,252.337207649355,241.831707371115,263.299081234867
"100","Watervogels","landelijk",2018,251.435923122072,240.743044942374,262.603737737808
"100","Watervogels","landelijk",2019,250.563547070521,239.639025585459,261.98608914879
"100","Watervogels","landelijk",2020,249.974639040138,239.1147572675,261.327744373978
"100","Watervogels","landelijk",2021,249.833854975244,239.171209245621,260.971858981954
"100","Watervogels","landelijk",2022,250.168911957802,238.804972633382,262.073623593388
"100","Watervogels","landelijk",2023,250.872934930253,236.863703371614,265.710738220524
"100","Watervogels","landelijk",2024,251.761967288112,233.440501052824,271.521385050648
"100","Watervogels","meijendel",1958,84.277536363772,74.6411246635855,95.1580401227803
"100","Watervogels","meijendel",1959,86.8401090078658,78.1455263696736,96.502063302047
"100","Watervogels","meijendel",1960,89.3174673517713,81.3683022215877,98.0432153101777
"100","Watervogels","meijendel",1961,91.7098406014431,84.3356101444533,99.7288671859483
"100","Watervogels","meijendel",1962,94.0211218452592,86.4908181459889,102.207049748564
"100","Watervogels","meijendel",1963,96.2584864057121,88.5085424527064,104.687027357497
"100","Watervogels","meijendel",1964,98.4315844887513,90.4359611716318,107.134116776606
"100","Watervogels","meijendel",1965,100.55143443692,92.2736777606207,109.571778352127
"100","Watervogels","meijendel",1966,102.628952530152,94.0202397604718,112.025899149689
"100","Watervogels","meijendel",1967,104.673306181149,95.6711926566786,114.52246724059
"100","Watervogels","meijendel",1968,106.69015155938,97.2183912261247,117.084723334782
"100","Watervogels","meijendel",1969,108.679899597771,98.6497780330755,119.729824152483
"100","Watervogels","meijendel",1970,110.636163201609,99.9498139372508,122.465066474839
"100","Watervogels","meijendel",1971,112.544544447497,101.100570851992,125.283906689684
"100","Watervogels","meijendel",1972,114.381916509019,102.083451701325,128.16203416157
"100","Watervogels","meijendel",1973,116.116366499686,102.881355855846,131.053974327296
"100","Watervogels","meijendel",1974,117.707914784654,103.480662671036,133.891229968218
"100","Watervogels","meijendel",1975,119.110127480312,103.872830429303,136.582611735338
"100","Watervogels","meijendel",1976,120.272622979941,104.055037762411,139.017813548865
"100","Watervogels","meijendel",1977,121.14438560988,104.029792071226,141.0746082694
"100","Watervogels","meijendel",1978,121.677671885912,103.803671246846,142.629404699648
"100","Watervogels","meijendel",1979,121.832108713257,103.385420874167,143.57017254478
"100","Watervogels","meijendel",1980,121.578514128394,102.783979655792,143.809717693055
"100","Watervogels","meijendel",1981,120.90186879754,102.006796076943,143.296941389197
"100","Watervogels","meijendel",1982,119.802990791531,101.058887750629,142.023694521675
"100","Watervogels","meijendel",1983,118.298612853403,99.9427663637911,140.025759864392
"100","Watervogels","meijendel",1984,116.419841669716,98.6591882894228,137.37777260686
"100","Watervogels","meijendel",1985,114.209263626139,97.2084759983575,134.183318523019
"100","Watervogels","meijendel",1986,111.717192994443,95.5920428052218,130.562448968564
"100","Watervogels","meijendel",1987,108.997683989934,93.8137156998206,126.639212897013
"100","Watervogels","meijendel",1988,106.10486985297,91.8805309207634,122.531327297451
"100","Watervogels","meijendel",1989,103.090085205634,89.8028749555219,118.343267662295
"100","Watervogels","meijendel",1990,100,87.5940671158753,114.162983056505
"100","Watervogels","meijendel",1991,96.8757827617497,85.269682660626,110.061595081264
"100","Watervogels","meijendel",1992,93.7531316026319,82.8470190978572,106.094941990831
"100","Watervogels","meijendel",1993,90.6629004757212,80.3450603548192,102.30574831073
"100","Watervogels","meijendel",1994,87.6320111700551,77.7850802799439,98.7254799258556
"100","Watervogels","meijendel",1995,84.6843694991753,75.1916859105863,95.3754707136202
"100","Watervogels","meijendel",1996,81.8415777969883,72.5937552633072,92.2674936984014
"100","Watervogels","meijendel",1997,79.1233318267995,70.0245825433235,89.4043407613393
"100","Watervogels","meijendel",1998,76.5474889059999,67.5207829015647,86.7809555223387
"100","Watervogels","meijendel",1999,74.1298503029696,65.119962045235,84.3863315234039
"100","Watervogels","meijendel",2000,71.8838092875785,62.8578757958731,82.2058011389595
"100","Watervogels","meijendel",2001,69.8199322927531,60.7656103730087,80.2233848296858
"100","Watervogels","meijendel",2002,67.9456230475785,58.8675238207353,78.4236772958589
"100","Watervogels","meijendel",2003,66.26492805025,57.1801178956724,76.7931380889501
"100","Watervogels","meijendel",2004,64.7785235949981,55.7118331515203,75.3207511182607
"100","Watervogels","meijendel",2005,63.4838807869098,54.4635725728466,73.9981409478062
"100","Watervogels","meijendel",2006,62.3755743002894,53.4297049337921,72.8192729889139
"100","Watervogels","meijendel",2007,61.4456817665285,52.5993189503905,71.7798610912521
"100","Watervogels","meijendel",2008,60.6842237695563,51.9575488248214,70.8766117302734
"100","Watervogels","meijendel",2009,60.0795878842615,51.4868261472332,70.106416542762
"100","Watervogels","meijendel",2010,59.6188996172538,51.1679703396767,69.4655888825831
"100","Watervogels","meijendel",2011,59.2883145660303,50.9810633000882,68.9492140128525
"100","Watervogels","meijendel",2012,59.0732175847352,50.9060866149687,68.5506442914697
"100","Watervogels","meijendel",2013,58.9583340812269,50.9233252643627,68.2611581154187
"100","Watervogels","meijendel",2014,58.9277618371268,51.0135624989876,68.0697631184267
"100","Watervogels","meijendel",2015,58.9649459313944,51.1581116456155,67.9631193734699
"100","Watervogels","meijendel",2016,59.0526251954918,51.3387195358066,67.9255847050696
"100","Watervogels","meijendel",2017,59.1727811138205,51.537420030227,67.9393346172648
"100","Watervogels","meijendel",2018,59.3066255143684,51.7363612974566,67.9846000316695
"100","Watervogels","meijendel",2019,59.4346578181517,51.9176642363453,68.0400130075161
"100","Watervogels","meijendel",2020,59.5368263497278,52.0633587378714,68.0830775756162
"100","Watervogels","meijendel",2021,59.5928081293794,52.1553993515822,68.0907983621314
"100","Watervogels","meijendel",2022,59.5824112334081,52.130949700223,68.0989651790626
"100","Watervogels","meijendel",2023,59.4860984654326,51.293246807548,68.9875593938504
"100","Watervogels","meijendel",2024,59.2855949393345,50.1553741216594,70.0778695974874
"100","Watervogels","meijendel",2025,58.9645486524369,48.6671904695132,71.4406967865465
"200","Rietvogels","landelijk",1990,100,92.933879375374,107.603384978781
"200","Rietvogels","landelijk",1991,102.296915737064,96.4863008122726,108.457458532652
"200","Rietvogels","landelijk",1992,104.701657477871,99.7685987598507,109.878631301624
"200","Rietvogels","landelijk",1993,107.289521946302,102.724315947957,112.057611805349
"200","Rietvogels","landelijk",1994,110.139625981115,105.58169875113,114.894317431412
"200","Rietvogels","landelijk",1995,113.31371622426,108.656584120542,118.170457763587
"200","Rietvogels","landelijk",1996,116.837575393808,112.08561820587,121.790995512292
"200","Rietvogels","landelijk",1997,120.686172840729,115.816370145045,125.760739148544
"200","Rietvogels","landelijk",1998,124.774803793971,119.731674721716,130.030350765656
"200","Rietvogels","landelijk",1999,128.959518806736,123.72677269023,134.413572174085
"200","Rietvogels","landelijk",2000,133.050216717708,127.67422499496,138.652575876829
"200","Rietvogels","landelijk",2001,136.837857621531,131.370740135,142.532494368293
"200","Rietvogels","landelijk",2002,140.133036169886,134.575110317801,145.92050327744
"200","Rietvogels","landelijk",2003,142.807829757047,137.127888830094,148.723038135492
"200","Rietvogels","landelijk",2004,144.829110072041,139.033277763841,150.866551243134
"200","Rietvogels","landelijk",2005,146.272190279288,140.420745284948,152.367469676104
"200","Rietvogels","landelijk",2006,147.309469430041,141.457106115835,153.403956715972
"200","Rietvogels","landelijk",2007,148.17713805768,142.315212009947,154.280515293265
"200","Rietvogels","landelijk",2008,149.129801795536,143.205119665733,155.299599871063
"200","Rietvogels","landelijk",2009,150.395088151642,144.378711531739,156.66217200704
"200","Rietvogels","landelijk",2010,152.138042392496,146.049718153217,158.48016850494
"200","Rietvogels","landelijk",2011,154.440831527549,148.298207546229,160.837887642609
"200","Rietvogels","landelijk",2012,157.299424942377,151.060649530808,163.79586056365
"200","Rietvogels","landelijk",2013,160.636342550345,154.218398184698,167.321375735261
"200","Rietvogels","landelijk",2014,164.32656203375,157.686826608175,171.245877481765
"200","Rietvogels","landelijk",2015,168.23136544699,161.40509909331,175.346333412908
"200","Rietvogels","landelijk",2016,172.232477180545,165.271211071964,179.48695361608
"200","Rietvogels","landelijk",2017,176.257734009902,169.14556558155,183.668952192112
"200","Rietvogels","landelijk",2018,180.291258756265,172.958546312675,187.934847261934
"200","Rietvogels","landelijk",2019,184.36580239126,176.788468192417,192.267908868228
"200","Rietvogels","landelijk",2020,188.5408449529,180.738426490695,196.680091255433
"200","Rietvogels","landelijk",2021,192.874709521878,184.667824405182,201.446319590175
"200","Rietvogels","landelijk",2022,197.400699455029,188.100089848197,207.161177736715
"200","Rietvogels","landelijk",2023,202.11604241239,190.635554617432,214.28791015625
"200","Rietvogels","landelijk",2024,206.989241549473,192.363132061589,222.72743044914
"200","Rietvogels","meijendel",1958,82.7839056926041,68.790785881361,99.6234445342897
"200","Rietvogels","meijendel",1959,86.6371692114396,74.0172362687894,101.408799724891
"200","Rietvogels","meijendel",1960,90.3373177811195,78.861634893765,103.482903884512
"200","Rietvogels","meijendel",1961,93.8856834022198,83.3417111102962,105.763625806009
"200","Rietvogels","meijendel",1962,97.2891614624975,86.6731561180729,109.205449091778
"200","Rietvogels","meijendel",1963,100.558837283005,89.805443359334,112.599853388051
"200","Rietvogels","meijendel",1964,103.708193544038,92.7928792619091,115.907486584293
"200","Rietvogels","meijendel",1965,106.751028746366,95.6185584593009,119.179606156247
"200","Rietvogels","meijendel",1966,109.6991999927,98.2566798215686,122.474263336515
"200","Rietvogels","meijendel",1967,112.560295837811,100.672777860974,125.851500954827
"200","Rietvogels","meijendel",1968,115.33539613467,102.826247364817,129.366323700857
"200","Rietvogels","meijendel",1969,118.017034330182,104.675193701992,133.059418373223
"200","Rietvogels","meijendel",1970,120.587578212833,106.181773465664,136.947835251014
"200","Rietvogels","meijendel",1971,123.018186173512,107.31666280331,141.017002710544
"200","Rietvogels","meijendel",1972,125.268568581533,108.061338968295,145.215804507755
"200","Rietvogels","meijendel",1973,127.287765506154,108.40849177622,149.454853416784
"200","Rietvogels","meijendel",1974,129.016131570026,108.361359577806,153.607912175952
"200","Rietvogels","meijendel",1975,130.388647723414,107.932626177812,157.516777430507
"200","Rietvogels","meijendel",1976,131.339538013406,107.14300748592,161.000467042536
"200","Rietvogels","meijendel",1977,131.807991728095,106.01950248397,163.869347396912
"200","Rietvogels","meijendel",1978,131.744509710816,104.593237179296,165.943958778046
"200","Rietvogels","meijendel",1979,131.117174469422,102.897191647375,167.076604964693
"200","Rietvogels","meijendel",1980,129.916944332518,100.964240875274,167.172181738575
"200","Rietvogels","meijendel",1981,128.161051721792,98.8260446967095,166.20370904091
"200","Rietvogels","meijendel",1982,125.893797448745,96.5132169391472,164.218422499158
"200","Rietvogels","meijendel",1983,123.184385014851,94.0568689163232,161.332105632677
"200","Rietvogels","meijendel",1984,120.122009924062,91.4912135560396,157.712382504996
"200","Rietvogels","meijendel",1985,116.808852208349,88.8563922454881,153.554602088008
"200","Rietvogels","meijendel",1986,113.352068601793,86.2003604927658,149.056122072527
"200","Rietvogels","meijendel",1987,109.855885545122,83.5786755341456,144.39467378222
"200","Rietvogels","meijendel",1988,106.4148407216,81.0516137776932,139.714902615796
"200","Rietvogels","meijendel",1989,103.108791339981,78.6789989815642,135.124022791428
"200","Rietvogels","meijendel",1990,100,76.5140338145593,130.694978443251
"200","Rietvogels","meijendel",1991,97.1321956630208,74.5977523198238,126.473829853077
"200","Rietvogels","meijendel",1992,94.5312801564029,72.9553582796032,122.48809599098
"200","Rietvogels","meijendel",1993,92.207230563967,71.5949623294928,118.753793446361
"200","Rietvogels","meijendel",1994,90.1567396079434,70.5085265601653,115.28020926375
"200","Rietvogels","meijendel",1995,88.3661968807129,69.6744316197967,112.072457135657
"200","Rietvogels","meijendel",1996,86.8147032479626,69.0610015229907,109.132397935509
"200","Rietvogels","meijendel",1997,85.4768998912774,68.6304180564545,106.458631929262
"200","Rietvogels","meijendel",1998,84.3254699192005,68.3425967449026,104.046161775735
"200","Rietvogels","meijendel",1999,83.3332123585425,68.1586793104409,101.886133244518
"200","Rietvogels","meijendel",2000,82.4746784017757,68.0439470954291,99.965873054611
"200","Rietvogels","meijendel",2001,81.727314283169,67.969883615007,98.2693149479684
"200","Rietvogels","meijendel",2002,81.0721749023605,67.91534880309,96.7777926379418
"200","Rietvogels","meijendel",2003,80.4942295150598,67.8668144527084,95.4711229261852
"200","Rietvogels","meijendel",2004,79.9823482528587,67.8177999314149,94.3288640815703
"200","Rietvogels","meijendel",2005,79.529031549546,67.7677040031999,93.3315795811828
"200","Rietvogels","meijendel",2006,79.1299841153399,67.7203165436576,92.4619775227611
"200","Rietvogels","meijendel",2007,78.7835849385502,67.6822600563141,91.7057623460774
"200","Rietvogels","meijendel",2008,78.4903320195225,67.661574603774,91.0521556232189
"200","Rietvogels","meijendel",2009,78.2522937642152,67.6665655546345,90.4940487103182
"200","Rietvogels","meijendel",2010,78.0725906159868,67.7049569473926,90.0278159873522
"200","Rietvogels","meijendel",2011,77.9549202948686,67.7833358144086,89.6528553097196
"200","Rietvogels","meijendel",2012,77.9031243846843,67.9068388112631,89.3709219149957
"200","Rietvogels","meijendel",2013,77.9207946371751,68.079021747951,89.1853331760243
"200","Rietvogels","meijendel",2014,78.0109163636354,68.3018540532878,89.1001153079412
"200","Rietvogels","meijendel",2015,78.1755498697361,68.5757910798297,89.1191556262362
"200","Rietvogels","meijendel",2016,78.4155566330891,68.8998785239186,89.2454334290674
"200","Rietvogels","meijendel",2017,78.730381852032,69.2718775789201,89.4803669715024
"200","Rietvogels","meijendel",2018,79.1179092500126,69.6883688211166,89.8233617744899
"200","Rietvogels","meijendel",2019,79.5743941619024,70.1448151770859,90.2715929929815
"200","Rietvogels","meijendel",2020,80.0945052099028,70.6356325047824,90.8200229450031
"200","Rietvogels","meijendel",2021,80.6714612345373,71.1541915790311,91.461718744807
"200","Rietvogels","meijendel",2022,81.2972701283505,71.6344608053224,92.263500779096
"200","Rietvogels","meijendel",2023,81.9630818443833,71.1673348816565,94.3964923879795
"200","Rietvogels","meijendel",2024,82.6596011122731,70.403811268579,97.0488604654487
"200","Rietvogels","meijendel",2025,83.3775732580038,69.2610832962546,100.371224236536
"2110-embryonale-wandelende-duinen","H2110 - Embryonale wandelende duinen","landelijk",1990,100,92.3888024528942,108.23822513663
"2110-embryonale-wandelende-duinen","H2110 - Embryonale wandelende duinen","landelijk",1991,99.8292252484816,93.9591007863959,106.066087588133
"2110-embryonale-wandelende-duinen","H2110 - Embryonale wandelende duinen","landelijk",1992,99.7982111788701,95.0007620829298,104.837926940083
"2110-embryonale-wandelende-duinen","H2110 - Embryonale wandelende duinen","landelijk",1993,100.044160772042,95.5347631531668,104.766409359653
"2110-embryonale-wandelende-duinen","H2110 - Embryonale wandelende duinen","landelijk",1994,100.635022862518,96.0455565650665,105.443793432324
"2110-embryonale-wandelende-duinen","H2110 - Embryonale wandelende duinen","landelijk",1995,101.516584680969,96.8900114062577,106.364080421842
"2110-embryonale-wandelende-duinen","H2110 - Embryonale wandelende duinen","landelijk",1996,102.500447784067,97.9502799938591,107.261988394447
"2110-embryonale-wandelende-duinen","H2110 - Embryonale wandelende duinen","landelijk",1997,103.294342832277,98.8039681159032,107.988793007138
"2110-embryonale-wandelende-duinen","H2110 - Embryonale wandelende duinen","landelijk",1998,103.571424909672,99.0461853250838,108.303414438549
"2110-embryonale-wandelende-duinen","H2110 - Embryonale wandelende duinen","landelijk",1999,103.063429099856,98.4973913503348,107.841134391475
"2110-embryonale-wandelende-duinen","H2110 - Embryonale wandelende duinen","landelijk",2000,101.647730908203,97.1511912567442,106.352388119267
"2110-embryonale-wandelende-duinen","H2110 - Embryonale wandelende duinen","landelijk",2001,99.3932638294048,95.0679134982523,103.915406693378
"2110-embryonale-wandelende-duinen","H2110 - Embryonale wandelende duinen","landelijk",2002,96.5449721949654,92.385897655312,100.891282032055
"2110-embryonale-wandelende-duinen","H2110 - Embryonale wandelende duinen","landelijk",2003,93.4551498313697,89.3946501719069,97.7000862267314
"2110-embryonale-wandelende-duinen","H2110 - Embryonale wandelende duinen","landelijk",2004,90.4932061668907,86.5077815262233,94.6622398342401
"2110-embryonale-wandelende-duinen","H2110 - Embryonale wandelende duinen","landelijk",2005,87.9682081335682,84.0950992000599,92.0196981255866
"2110-embryonale-wandelende-duinen","H2110 - Embryonale wandelende duinen","landelijk",2006,86.0836233974683,82.3448219964969,89.9921821137993
"2110-embryonale-wandelende-duinen","H2110 - Embryonale wandelende duinen","landelijk",2007,84.9253766525472,81.2681619990127,88.7471725971189
"2110-embryonale-wandelende-duinen","H2110 - Embryonale wandelende duinen","landelijk",2008,84.473955329412,80.8050653586341,88.3094283424525
"2110-embryonale-wandelende-duinen","H2110 - Embryonale wandelende duinen","landelijk",2009,84.6301927623428,80.9040516644742,88.5279461243143
"2110-embryonale-wandelende-duinen","H2110 - Embryonale wandelende duinen","landelijk",2010,85.2474223115824,81.4930280114468,89.1747820408453
"2110-embryonale-wandelende-duinen","H2110 - Embryonale wandelende duinen","landelijk",2011,86.1649473687716,82.4211971305038,90.0787468945345
"2110-embryonale-wandelende-duinen","H2110 - Embryonale wandelende duinen","landelijk",2012,87.2377949578052,83.4796656253754,91.1651096358333
"2110-embryonale-wandelende-duinen","H2110 - Embryonale wandelende duinen","landelijk",2013,88.3572795058904,84.5121880636118,92.3773129126149
"2110-embryonale-wandelende-duinen","H2110 - Embryonale wandelende duinen","landelijk",2014,89.4583865833852,85.5010608385446,93.5988729451493
"2110-embryonale-wandelende-duinen","H2110 - Embryonale wandelende duinen","landelijk",2015,90.513928420707,86.5038734707013,94.7098772510318
"2110-embryonale-wandelende-duinen","H2110 - Embryonale wandelende duinen","landelijk",2016,91.5199903108998,87.5213016446268,95.7013717702338
"2110-embryonale-wandelende-duinen","H2110 - Embryonale wandelende duinen","landelijk",2017,92.4798139593059,88.459564573024,96.6827728717532
"2110-embryonale-wandelende-duinen","H2110 - Embryonale wandelende duinen","landelijk",2018,93.3926644032271,89.2468064816654,97.7311133942449
"2110-embryonale-wandelende-duinen","H2110 - Embryonale wandelende duinen","landelijk",2019,94.2510025863572,89.9555549897782,98.7515611408647
"2110-embryonale-wandelende-duinen","H2110 - Embryonale wandelende duinen","landelijk",2020,95.0451327195046,90.7105936997346,99.5867944991147
"2110-embryonale-wandelende-duinen","H2110 - Embryonale wandelende duinen","landelijk",2021,95.7711815338463,91.4543844850954,100.291738488315
"2110-embryonale-wandelende-duinen","H2110 - Embryonale wandelende duinen","landelijk",2022,96.437051957451,91.8011788063861,101.307032340604
"2110-embryonale-wandelende-duinen","H2110 - Embryonale wandelende duinen","landelijk",2023,97.0622927300019,91.3548685014521,103.126290087702
"2110-embryonale-wandelende-duinen","H2110 - Embryonale wandelende duinen","landelijk",2024,97.6709900656458,90.2370580655357,105.71734612043
"2110-embryonale-wandelende-duinen","H2110 - Embryonale wandelende duinen","meijendel",1958,226.798147231852,155.811425473721,330.125980372833
"2110-embryonale-wandelende-duinen","H2110 - Embryonale wandelende duinen","meijendel",1959,222.503176212324,159.293062002738,310.796106259302
"2110-embryonale-wandelende-duinen","H2110 - Embryonale wandelende duinen","meijendel",1960,218.474642966104,161.590772538526,295.383015189103
"2110-embryonale-wandelende-duinen","H2110 - Embryonale wandelende duinen","meijendel",1961,214.744804258073,162.951160745561,283.000935647489
"2110-embryonale-wandelende-duinen","H2110 - Embryonale wandelende duinen","meijendel",1962,211.345692360233,159.985728176708,279.193664261669
"2110-embryonale-wandelende-duinen","H2110 - Embryonale wandelende duinen","meijendel",1963,208.306998663829,157.129443676472,276.153244592882
"2110-embryonale-wandelende-duinen","H2110 - Embryonale wandelende duinen","meijendel",1964,205.653730759636,154.709848467933,273.37275160038
"2110-embryonale-wandelende-duinen","H2110 - Embryonale wandelende duinen","meijendel",1965,203.403717219356,152.75630608891,270.843628246489
"2110-embryonale-wandelende-duinen","H2110 - Embryonale wandelende duinen","meijendel",1966,201.565006926305,151.287262974398,268.551702360276
"2110-embryonale-wandelende-duinen","H2110 - Embryonale wandelende duinen","meijendel",1967,200.133333672853,150.307068067448,266.476831475658
"2110-embryonale-wandelende-duinen","H2110 - Embryonale wandelende duinen","meijendel",1968,199.089601003408,149.802226764208,264.593324704614
"2110-embryonale-wandelende-duinen","H2110 - Embryonale wandelende duinen","meijendel",1969,198.397676229841,149.73674676083,262.872266059525
"2110-embryonale-wandelende-duinen","H2110 - Embryonale wandelende duinen","meijendel",1970,198.002465338162,150.047355811833,261.284019754102
"2110-embryonale-wandelende-duinen","H2110 - Embryonale wandelende duinen","meijendel",1971,197.828508109683,150.639004303354,259.800699041342
"2110-embryonale-wandelende-duinen","H2110 - Embryonale wandelende duinen","meijendel",1972,197.779375098459,151.383023430135,258.395428549421
"2110-embryonale-wandelende-duinen","H2110 - Embryonale wandelende duinen","meijendel",1973,197.738059615495,152.118297313022,257.039034167219
"2110-embryonale-wandelende-duinen","H2110 - Embryonale wandelende duinen","meijendel",1974,197.568922160876,152.660152548478,255.688720024142
"2110-embryonale-wandelende-duinen","H2110 - Embryonale wandelende duinen","meijendel",1975,197.121362487573,152.815787462956,254.272364093117
"2110-embryonale-wandelende-duinen","H2110 - Embryonale wandelende duinen","meijendel",1976,196.235643461806,152.406228238502,252.669646181432
"2110-embryonale-wandelende-duinen","H2110 - Embryonale wandelende duinen","meijendel",1977,194.750909990342,151.289066084718,250.6983348078
"2110-embryonale-wandelende-duinen","H2110 - Embryonale wandelende duinen","meijendel",1978,192.515165567363,149.374726920759,248.114856759471
"2110-embryonale-wandelende-duinen","H2110 - Embryonale wandelende duinen","meijendel",1979,189.396595858672,146.631492628435,244.634149730375
"2110-embryonale-wandelende-duinen","H2110 - Embryonale wandelende duinen","meijendel",1980,185.295008265572,143.077840122295,239.968957168987
"2110-embryonale-wandelende-duinen","H2110 - Embryonale wandelende duinen","meijendel",1981,180.152064246348,138.768262863745,233.877441300014
"2110-embryonale-wandelende-duinen","H2110 - Embryonale wandelende duinen","meijendel",1982,173.958598436611,133.777304952434,226.208727861501
"2110-embryonale-wandelende-duinen","H2110 - Embryonale wandelende duinen","meijendel",1983,166.757776139603,128.187038058825,216.934226144337
"2110-embryonale-wandelende-duinen","H2110 - Embryonale wandelende duinen","meijendel",1984,158.643213959455,122.078637907077,206.15948676084
"2110-embryonale-wandelende-duinen","H2110 - Embryonale wandelende duinen","meijendel",1985,149.752218839262,115.528684820179,194.11393007882
"2110-embryonale-wandelende-duinen","H2110 - Embryonale wandelende duinen","meijendel",1986,140.254949555558,108.608280767859,181.122937733249
"2110-embryonale-wandelende-duinen","H2110 - Embryonale wandelende duinen","meijendel",1987,130.340940363944,101.384002117381,167.568456365412
"2110-embryonale-wandelende-duinen","H2110 - Embryonale wandelende duinen","meijendel",1988,120.205140786699,93.9210229425048,153.844958443387
"2110-embryonale-wandelende-duinen","H2110 - Embryonale wandelende duinen","meijendel",1989,110.034979022448,86.287375611199,140.31828552796
"2110-embryonale-wandelende-duinen","H2110 - Embryonale wandelende duinen","meijendel",1990,100,78.5595338882508,127.291997610688
"2110-embryonale-wandelende-duinen","H2110 - Embryonale wandelende duinen","meijendel",1991,90.2448499123489,70.8279172234513,114.984786436807
"2110-embryonale-wandelende-duinen","H2110 - Embryonale wandelende duinen","meijendel",1992,80.8857870514679,63.1994626645418,103.521616657765
"2110-embryonale-wandelende-duinen","H2110 - Embryonale wandelende duinen","meijendel",1993,72.0103647125805,55.7939413630604,92.9400665978407
"2110-embryonale-wandelende-duinen","H2110 - Embryonale wandelende duinen","meijendel",1994,63.6795738665632,48.7330744395219,83.2101847557241
"2110-embryonale-wandelende-duinen","H2110 - Embryonale wandelende duinen","meijendel",1995,55.9315672917167,42.1258387468764,74.2617906911065
"2110-embryonale-wandelende-duinen","H2110 - Embryonale wandelende duinen","meijendel",1996,48.7860885088326,36.0558078351068,66.0110693643707
"2110-embryonale-wandelende-duinen","H2110 - Embryonale wandelende duinen","meijendel",1997,42.2488528730369,30.5746819662105,58.3805114002548
"2110-embryonale-wandelende-duinen","H2110 - Embryonale wandelende duinen","meijendel",1998,36.315331131745,25.7024327971637,51.310445420319
"2110-embryonale-wandelende-duinen","H2110 - Embryonale wandelende duinen","meijendel",1999,30.9735868990296,21.4318494535022,44.7634296551558
"2110-embryonale-wandelende-duinen","H2110 - Embryonale wandelende duinen","meijendel",2000,26.2061383575272,17.7351239611018,38.7232527452372
"2110-embryonale-wandelende-duinen","H2110 - Embryonale wandelende duinen","meijendel",2001,21.9908878748266,14.5704530697641,33.1903988989014
"2110-embryonale-wandelende-duinen","H2110 - Embryonale wandelende duinen","meijendel",2002,18.3014332364742,11.887891848882,28.1750930078172
"2110-embryonale-wandelende-duinen","H2110 - Embryonale wandelende duinen","meijendel",2003,15.1070946943186,9.63408466219275,23.6892572678684
"2110-embryonale-wandelende-duinen","H2110 - Embryonale wandelende duinen","meijendel",2004,12.3729997208127,7.75583990167459,19.7388192680687
"2110-embryonale-wandelende-duinen","H2110 - Embryonale wandelende duinen","meijendel",2005,10.060480119273,6.20261953436654,16.3178250204611
"2110-embryonale-wandelende-duinen","H2110 - Embryonale wandelende duinen","meijendel",2006,8.127897706564,4.92805347044472,13.405439191066
"2110-embryonale-wandelende-duinen","H2110 - Embryonale wandelende duinen","meijendel",2007,6.5318665863055,3.89062075067949,10.9661886458203
"2110-embryonale-wandelende-duinen","H2110 - Embryonale wandelende duinen","meijendel",2008,5.22871819173232,3.05366437895101,8.9530120326924
"2110-embryonale-wandelende-duinen","H2110 - Embryonale wandelende duinen","meijendel",2009,4.17600323554843,2.38498820144445,7.31198712544958
"2110-embryonale-wandelende-duinen","H2110 - Embryonale wandelende duinen","meijendel",2010,3.33382950249127,1.85630479451349,5.98738913163996
"2110-embryonale-wandelende-duinen","H2110 - Embryonale wandelende duinen","meijendel",2011,2.66588357891318,1.44274006949337,4.92599838778624
"2110-embryonale-wandelende-duinen","H2110 - Embryonale wandelende duinen","meijendel",2012,2.14007276827993,1.12253134061045,4.07998537576926
"2110-embryonale-wandelende-duinen","H2110 - Embryonale wandelende duinen","meijendel",2013,1.72878853589842,0.876885232711831,3.40832493279765
"2110-embryonale-wandelende-duinen","H2110 - Embryonale wandelende duinen","meijendel",2014,1.40885128883514,0.689899662288182,2.87702989659288
"2110-embryonale-wandelende-duinen","H2110 - Embryonale wandelende duinen","meijendel",2015,1.16122201269237,0.548445206226342,2.45865320264065
"2110-embryonale-wandelende-duinen","H2110 - Embryonale wandelende duinen","meijendel",2016,0.970571658914985,0.44195533933306,2.13145822949111
"2110-embryonale-wandelende-duinen","H2110 - Embryonale wandelende duinen","meijendel",2017,0.824788376942192,0.362131047588008,1.87853505318019
"2110-embryonale-wandelende-duinen","H2110 - Embryonale wandelende duinen","meijendel",2018,0.714484807092025,0.302598114839225,1.68701824146049
"2110-embryonale-wandelende-duinen","H2110 - Embryonale wandelende duinen","meijendel",2019,0.63254885389333,0.2585613315214,1.54747831088056
"2110-embryonale-wandelende-duinen","H2110 - Embryonale wandelende duinen","meijendel",2020,0.573765804178496,0.226489776583815,1.45351901975483
"2110-embryonale-wandelende-duinen","H2110 - Embryonale wandelende duinen","meijendel",2021,0.534529691817454,0.203853043802897,1.4016076782779
"2110-embryonale-wandelende-duinen","H2110 - Embryonale wandelende duinen","meijendel",2022,0.512658040078929,0.187699234158673,1.400209581225
"2110-embryonale-wandelende-duinen","H2110 - Embryonale wandelende duinen","meijendel",2023,0.507328665365382,0.159741501906993,1.61124298713103
"2110-embryonale-wandelende-duinen","H2110 - Embryonale wandelende duinen","meijendel",2024,0.519170976860865,0.13472974268639,2.00058649144806
"2110-embryonale-wandelende-duinen","H2110 - Embryonale wandelende duinen","meijendel",2025,0.550573036369167,0.111407598258061,2.72091556694907
"2120-witte-duinen","H2120 - Witte duinen","landelijk",1990,100,92.921362663951,107.617879390823
"2120-witte-duinen","H2120 - Witte duinen","landelijk",1991,99.4187703998145,93.9097385414962,105.250978879507
"2120-witte-duinen","H2120 - Witte duinen","landelijk",1992,98.941757673594,94.4223842367927,103.677443549722
"2120-witte-duinen","H2120 - Witte duinen","landelijk",1993,98.6663089809929,94.4680023962186,103.051194912558
"2120-witte-duinen","H2120 - Witte duinen","landelijk",1994,98.6381430772041,94.4413001969924,103.021487944623
"2120-witte-duinen","H2120 - Witte duinen","landelijk",1995,98.8149475926641,94.6396878499865,103.174409062068
"2120-witte-duinen","H2120 - Witte duinen","landelijk",1996,99.0608085737279,94.9866987421795,103.309662565662
"2120-witte-duinen","H2120 - Witte duinen","landelijk",1997,99.170771926095,95.1736233622403,103.335794697919
"2120-witte-duinen","H2120 - Witte duinen","landelijk",1998,98.9205563803184,94.9162383880781,103.093808191
"2120-witte-duinen","H2120 - Witte duinen","landelijk",1999,98.129308027442,94.1070063007354,102.323530122426
"2120-witte-duinen","H2120 - Witte duinen","landelijk",2000,96.7158947003182,92.7576499691447,100.843049503675
"2120-witte-duinen","H2120 - Witte duinen","landelijk",2001,94.7280046060746,90.9092694616645,98.7071495545624
"2120-witte-duinen","H2120 - Witte duinen","landelijk",2002,92.3326102584493,88.6452628542116,96.1733390216199
"2120-witte-duinen","H2120 - Witte duinen","landelijk",2003,89.7726501309062,86.1602056009781,93.5365538570002
"2120-witte-duinen","H2120 - Witte duinen","landelijk",2004,87.3081579101276,83.751853753801,91.0154712523461
"2120-witte-duinen","H2120 - Witte duinen","landelijk",2005,85.1627437909007,81.6951833112389,88.7774852326801
"2120-witte-duinen","H2120 - Witte duinen","landelijk",2006,83.4889785451734,80.1318055749845,86.9868024126045
"2120-witte-duinen","H2120 - Witte duinen","landelijk",2007,82.3558161492275,79.0698738252445,85.7783138568752
"2120-witte-duinen","H2120 - Witte duinen","landelijk",2008,81.7540726862438,78.4666619667964,85.1792115690595
"2120-witte-duinen","H2120 - Witte duinen","landelijk",2009,81.6137918477474,78.2907335876537,85.0778976583485
"2120-witte-duinen","H2120 - Witte duinen","landelijk",2010,81.8279884152504,78.4949068078645,85.3026006448547
"2120-witte-duinen","H2120 - Witte duinen","landelijk",2011,82.2781718633037,78.9673045618855,85.727854112863
"2120-witte-duinen","H2120 - Witte duinen","landelijk",2012,82.8572442354956,79.5483001517224,86.3038293616123
"2120-witte-duinen","H2120 - Witte duinen","landelijk",2013,83.4855808670706,80.1200574082544,86.9924765180475
"2120-witte-duinen","H2120 - Witte duinen","landelijk",2014,84.1174840036105,80.6748483449261,87.7070271622354
"2120-witte-duinen","H2120 - Witte duinen","landelijk",2015,84.7379278558018,81.2645362627764,88.3597784164577
"2120-witte-duinen","H2120 - Witte duinen","landelijk",2016,85.3524967573213,81.8974157210406,88.9533404512168
"2120-witte-duinen","H2120 - Witte duinen","landelijk",2017,85.9751692413025,82.5098788378345,89.5859966125802
"2120-witte-duinen","H2120 - Witte duinen","landelijk",2018,86.6183656009297,83.0559806379124,90.3335461426316
"2120-witte-duinen","H2120 - Witte duinen","landelijk",2019,87.2878195657351,83.5996192687391,91.1387337787722
"2120-witte-duinen","H2120 - Witte duinen","landelijk",2020,87.9823991298725,84.2389354569689,91.8922172348957
"2120-witte-duinen","H2120 - Witte duinen","landelijk",2021,88.6970508996337,84.9229418173359,92.6388873246296
"2120-witte-duinen","H2120 - Witte duinen","landelijk",2022,89.4262635586429,85.3415303824585,93.7065058268934
"2120-witte-duinen","H2120 - Witte duinen","landelijk",2023,90.1660209297179,85.1697060503241,95.4554348877827
"2120-witte-duinen","H2120 - Witte duinen","landelijk",2024,90.9138093593608,84.4783505064249,97.8395137059601
"2120-witte-duinen","H2120 - Witte duinen","meijendel",1958,139.105776860258,107.358702001728,180.240789010138
"2120-witte-duinen","H2120 - Witte duinen","meijendel",1959,141.417446410065,113.012848027599,176.961243771677
"2120-witte-duinen","H2120 - Witte duinen","meijendel",1960,143.462585883732,117.810283611591,174.700483841483
"2120-witte-duinen","H2120 - Witte duinen","meijendel",1961,145.2750844454,121.856924383158,173.193688150684
"2120-witte-duinen","H2120 - Witte duinen","meijendel",1962,146.886093797192,123.526627638144,174.662944852671
"2120-witte-duinen","H2120 - Witte duinen","meijendel",1963,148.321872374527,124.925271340636,176.100300512451
"2120-witte-duinen","H2120 - Witte duinen","meijendel",1964,149.602032861262,126.212383115762,177.326247105994
"2120-witte-duinen","H2120 - Witte duinen","meijendel",1965,150.738218686598,127.40094452256,178.350409080248
"2120-witte-duinen","H2120 - Witte duinen","meijendel",1966,151.733328599638,128.494573265203,179.174905390034
"2120-witte-duinen","H2120 - Witte duinen","meijendel",1967,152.581329922799,129.487399090775,179.794037137846
"2120-witte-duinen","H2120 - Witte duinen","meijendel",1968,153.267658401066,130.364812323513,180.194138993971
"2120-witte-duinen","H2120 - Witte duinen","meijendel",1969,153.770261214112,131.104960651235,180.353917322452
"2120-witte-duinen","H2120 - Witte duinen","meijendel",1970,154.061191541298,131.681194793124,180.244800910357
"2120-witte-duinen","H2120 - Witte duinen","meijendel",1971,154.108698015084,132.065012928329,179.831813720362
"2120-witte-duinen","H2120 - Witte duinen","meijendel",1972,153.879706114749,132.229567019506,179.074653934763
"2120-witte-duinen","H2120 - Witte duinen","meijendel",1973,153.342480783946,132.152292991442,177.930445856868
"2120-witte-duinen","H2120 - Witte duinen","meijendel",1974,152.469352863617,131.817258470802,176.357055459467
"2120-witte-duinen","H2120 - Witte duinen","meijendel",1975,151.239210993843,131.215743947174,174.31825064566
"2120-witte-duinen","H2120 - Witte duinen","meijendel",1976,149.639581874087,130.345648930088,171.789427934505
"2120-witte-duinen","H2120 - Witte duinen","meijendel",1977,147.668065857578,129.209736657497,168.763269999691
"2120-witte-duinen","H2120 - Witte duinen","meijendel",1978,145.332950806333,127.813155118088,165.254246095102
"2120-witte-duinen","H2120 - Witte duinen","meijendel",1979,142.652926770337,126.161043247053,161.300643941993
"2120-witte-duinen","H2120 - Witte duinen","meijendel",1980,139.655841282306,124.255923798939,156.964379708995
"2120-witte-duinen","H2120 - Witte duinen","meijendel",1981,136.376662348843,122.095780460895,152.327901613004
"2120-witte-duinen","H2120 - Witte duinen","meijendel",1982,132.854813134404,119.67228564323,147.489464900815
"2120-witte-duinen","H2120 - Witte duinen","meijendel",1983,129.131196933317,116.969717468339,142.557119760031
"2120-witte-duinen","H2120 - Witte duinen","meijendel",1984,125.245201159442,113.964949812122,137.641971845984
"2120-witte-duinen","H2120 - Witte duinen","meijendel",1985,121.232051416136,110.630927412412,132.849020019293
"2120-witte-duinen","H2120 - Witte duinen","meijendel",1986,117.120711934003,106.94471188116,128.264978442044
"2120-witte-duinen","H2120 - Witte duinen","meijendel",1987,112.932500502666,102.899655472721,123.943560463773
"2120-witte-duinen","H2120 - Witte duinen","meijendel",1988,108.680583610272,98.5156058349704,119.894397986605
"2120-witte-duinen","H2120 - Witte duinen","meijendel",1989,104.370254759697,93.8391941418407,116.083158835942
"2120-witte-duinen","H2120 - Witte duinen","meijendel",1990,100,88.9340208757475,112.442908816316
"2120-witte-duinen","H2120 - Witte duinen","meijendel",1991,95.5632397799932,83.8682992277264,108.888970938251
"2120-witte-duinen","H2120 - Witte duinen","meijendel",1992,91.0506210235848,78.7067413939407,105.330438561629
"2120-witte-duinen","H2120 - Witte duinen","meijendel",1993,86.4527007288282,73.5077444091564,101.67730656659
"2120-witte-duinen","H2120 - Witte duinen","meijendel",1994,81.7628245652185,68.3236225088022,97.8455069477829
"2120-witte-duinen","H2120 - Witte duinen","meijendel",1995,76.9799588098533,63.2016366019601,93.7620349246293
"2120-witte-duinen","H2120 - Witte duinen","meijendel",1996,72.1111893094081,58.1846646392314,89.3710336883362
"2120-witte-duinen","H2120 - Witte duinen","meijendel",1997,67.1735731938672,53.3112208066797,84.640510334486
"2120-witte-duinen","H2120 - Witte duinen","meijendel",1998,62.1950437593094,48.6149785800007,79.5685523517587
"2120-witte-duinen","H2120 - Witte duinen","meijendel",1999,57.2141054976787,44.1240142148589,74.187580757264
"2120-witte-duinen","H2120 - Witte duinen","meijendel",2000,52.2782738574677,39.8602489988745,68.5649986178853
"2120-witte-duinen","H2120 - Witte duinen","meijendel",2001,47.4412782886218,35.8391561181246,62.7993270332681
"2120-witte-duinen","H2120 - Witte duinen","meijendel",2002,42.7593568383825,32.0700121611895,57.0115966293513
"2120-witte-duinen","H2120 - Witte duinen","meijendel",2003,38.2871034479133,28.55674771044,51.332956585084
"2120-witte-duinen","H2120 - Witte duinen","meijendel",2004,34.0734442072949,25.2994037198835,45.8903938212258
"2120-witte-duinen","H2120 - Witte duinen","meijendel",2005,30.158275156733,22.2959214631993,40.7931810277695
"2120-witte-duinen","H2120 - Witte duinen","meijendel",2006,26.5701952402133,19.5439535158361,36.1224393278983
"2120-witte-duinen","H2120 - Witte duinen","meijendel",2007,23.3255285432586,17.0420653087181,31.925724492092
"2120-witte-duinen","H2120 - Witte duinen","meijendel",2008,20.4286074889365,14.7897482917045,28.217383805721
"2120-witte-duinen","H2120 - Witte duinen","meijendel",2009,17.8730956692094,12.786074650967,24.9840203127981
"2120-witte-duinen","H2120 - Witte duinen","meijendel",2010,15.6440145884006,11.0275440806302,22.1930822178228
"2120-witte-duinen","H2120 - Witte duinen","meijendel",2011,13.7200964447324,9.50613143434988,19.8020664612905
"2120-witte-duinen","H2120 - Witte duinen","meijendel",2012,12.0761508894072,8.20852656214358,17.7660898335019
"2120-witte-duinen","H2120 - Witte duinen","meijendel",2013,10.6852032465239,7.11677372614814,16.042883027183
"2120-witte-duinen","H2120 - Witte duinen","meijendel",2014,9.52027327125788,6.20990464409264,14.5953292931232
"2120-witte-duinen","H2120 - Witte duinen","meijendel",2015,8.55574784072302,5.46588272349897,13.3923146208994
"2120-witte-duinen","H2120 - Witte duinen","meijendel",2016,7.76837080043251,4.86333005590877,12.4086961401463
"2120-witte-duinen","H2120 - Witte duinen","meijendel",2017,7.13791521443814,4.38278432633712,11.6249922001269
"2120-witte-duinen","H2120 - Witte duinen","meijendel",2018,6.64762620807247,4.00746643685942,11.0271501704413
"2120-witte-duinen","H2120 - Witte duinen","meijendel",2019,6.28453161348591,3.72366297639115,10.6065822420861
"2120-witte-duinen","H2120 - Witte duinen","meijendel",2020,6.03972020958848,3.52086619671757,10.360581224052
"2120-witte-duinen","H2120 - Witte duinen","meijendel",2021,5.90869207175356,3.39180667581353,10.2932287526174
"2120-witte-duinen","H2120 - Witte duinen","meijendel",2022,5.89189493716517,3.32021666796283,10.4554700557817
"2120-witte-duinen","H2120 - Witte duinen","meijendel",2023,5.99558848273006,3.11817098255829,11.5282585385208
"2120-witte-duinen","H2120 - Witte duinen","meijendel",2024,6.23322696043854,2.92594101284154,13.2788453936074
"2120-witte-duinen","H2120 - Witte duinen","meijendel",2025,6.62764067460234,2.7280551739375,16.1014415438834
"2130-grijze-duinen","H2130 - Grijze duinen","landelijk",1990,100,93.1305799632144,107.376116458739
"2130-grijze-duinen","H2130 - Grijze duinen","landelijk",1991,98.8724880572537,93.5742495987371,104.470716426282
"2130-grijze-duinen","H2130 - Grijze duinen","landelijk",1992,97.8266178305812,93.503005566957,102.350155464442
"2130-grijze-duinen","H2130 - Grijze duinen","landelijk",1993,96.9303465921902,92.9170586084417,101.116977131996
"2130-grijze-duinen","H2130 - Grijze duinen","landelijk",1994,96.2213463145082,92.2290192720224,100.386489628271
"2130-grijze-duinen","H2130 - Grijze duinen","landelijk",1995,95.685200791907,91.7525438763833,99.7864175071032
"2130-grijze-duinen","H2130 - Grijze duinen","landelijk",1996,95.2526432233773,91.4571216366625,99.2056810740794
"2130-grijze-duinen","H2130 - Grijze duinen","landelijk",1997,94.8137340194922,91.1158253230212,98.6617212416088
"2130-grijze-duinen","H2130 - Grijze duinen","landelijk",1998,94.244795284394,90.543669926834,98.0972103889172
"2130-grijze-duinen","H2130 - Grijze duinen","landelijk",1999,93.4413211213417,89.7155481293783,97.3218207429373
"2130-grijze-duinen","H2130 - Grijze duinen","landelijk",2000,92.3477916621896,88.670917100279,96.1771334251411
"2130-grijze-duinen","H2130 - Grijze duinen","landelijk",2001,90.9752445350836,87.4139183613057,94.6816625243733
"2130-grijze-duinen","H2130 - Grijze duinen","landelijk",2002,89.4009620350724,85.9379731911073,93.0034967781101
"2130-grijze-duinen","H2130 - Grijze duinen","landelijk",2003,87.7508270617642,84.3222510531767,91.3188103240699
"2130-grijze-duinen","H2130 - Grijze duinen","landelijk",2004,86.1707890324232,82.7576154245009,89.7247322120406
"2130-grijze-duinen","H2130 - Grijze duinen","landelijk",2005,84.796526806273,81.4394211208142,88.2920195090784
"2130-grijze-duinen","H2130 - Grijze duinen","landelijk",2006,83.7290979949434,80.460572334697,87.1303999912474
"2130-grijze-duinen","H2130 - Grijze duinen","landelijk",2007,83.0208052139577,79.8082625540945,86.3626631854334
"2130-grijze-duinen","H2130 - Grijze duinen","landelijk",2008,82.6720493396266,79.4447875976208,86.0304111659343
"2130-grijze-duinen","H2130 - Grijze duinen","landelijk",2009,82.637880548902,79.3662359536134,86.0443892741227
"2130-grijze-duinen","H2130 - Grijze duinen","landelijk",2010,82.8421261819137,79.560798926086,86.2587852683059
"2130-grijze-duinen","H2130 - Grijze duinen","landelijk",2011,83.1964826703133,79.9458527442668,86.579284492129
"2130-grijze-duinen","H2130 - Grijze duinen","landelijk",2012,83.6212265893491,80.3821185506238,86.9908589421348
"2130-grijze-duinen","H2130 - Grijze duinen","landelijk",2013,84.0634600039546,80.7727032502866,87.4882853176195
"2130-grijze-duinen","H2130 - Grijze duinen","landelijk",2014,84.5088380948192,81.144075478902,88.0131257148068
"2130-grijze-duinen","H2130 - Grijze duinen","landelijk",2015,84.9840970324107,81.5955377775754,88.5133788578214
"2130-grijze-duinen","H2130 - Grijze duinen","landelijk",2016,85.5501342553834,82.1904604370066,89.0471404126458
"2130-grijze-duinen","H2130 - Grijze duinen","landelijk",2017,86.2878600136947,82.9224759662852,89.7898271726741
"2130-grijze-duinen","H2130 - Grijze duinen","landelijk",2018,87.2804796883577,83.8026240242464,90.9026683033908
"2130-grijze-duinen","H2130 - Grijze duinen","landelijk",2019,88.5959350094005,84.9546465591652,92.3932947531415
"2130-grijze-duinen","H2130 - Grijze duinen","landelijk",2020,90.2724345415385,86.5269342402514,94.1800666995712
"2130-grijze-duinen","H2130 - Grijze duinen","landelijk",2021,92.3092198029764,88.4872641858868,96.2962539189149
"2130-grijze-duinen","H2130 - Grijze duinen","landelijk",2022,94.6645643120027,90.4807043333327,99.041887465502
"2130-grijze-duinen","H2130 - Grijze duinen","landelijk",2023,97.263492437935,92.0514745513625,102.770618366854
"2130-grijze-duinen","H2130 - Grijze duinen","landelijk",2024,100.018271374055,93.1475961998394,107.395735550623
"2130-grijze-duinen","H2130 - Grijze duinen","meijendel",1958,412.077487742071,328.348922517236,517.1567325454
"2130-grijze-duinen","H2130 - Grijze duinen","meijendel",1959,394.576808842455,323.67500837653,481.009821725811
"2130-grijze-duinen","H2130 - Grijze duinen","meijendel",1960,378.059504808332,317.153452049603,450.661937469837
"2130-grijze-duinen","H2130 - Grijze duinen","meijendel",1961,362.473160715533,309.328607337213,424.748274561874
"2130-grijze-duinen","H2130 - Grijze duinen","meijendel",1962,347.739416913111,296.802383546538,407.418231047024
"2130-grijze-duinen","H2130 - Grijze duinen","meijendel",1963,333.76201816367,284.530162449659,391.512392955511
"2130-grijze-duinen","H2130 - Grijze duinen","meijendel",1964,320.435203694387,272.74720701273,376.461122704993
"2130-grijze-duinen","H2130 - Grijze duinen","meijendel",1965,307.65158470444,261.372117054325,362.125457902156
"2130-grijze-duinen","H2130 - Grijze duinen","meijendel",1966,295.309623552644,250.331608711664,348.369006261817
"2130-grijze-duinen","H2130 - Grijze duinen","meijendel",1967,283.320252209106,239.567589754272,335.063542585897
"2130-grijze-duinen","H2130 - Grijze duinen","meijendel",1968,271.612284842895,229.041583093668,322.095369238729
"2130-grijze-duinen","H2130 - Grijze duinen","meijendel",1969,260.136241927817,218.736152141031,309.372107454358
"2130-grijze-duinen","H2130 - Grijze duinen","meijendel",1970,248.86625512893,208.653483005802,296.829039466239
"2130-grijze-duinen","H2130 - Grijze duinen","meijendel",1971,237.799892167289,198.811928854519,284.433580221204
"2130-grijze-duinen","H2130 - Grijze duinen","meijendel",1972,226.955951818661,189.241591496466,272.186487434377
"2130-grijze-duinen","H2130 - Grijze duinen","meijendel",1973,216.370439606289,179.979913243913,260.118844884499
"2130-grijze-duinen","H2130 - Grijze duinen","meijendel",1974,206.091270140526,171.068312104625,248.284507548999
"2130-grijze-duinen","H2130 - Grijze duinen","meijendel",1975,196.172188978649,162.549630777152,236.749401057907
"2130-grijze-duinen","H2130 - Grijze duinen","meijendel",1976,186.666626792773,154.466183572593,225.579662501449
"2130-grijze-duinen","H2130 - Grijze duinen","meijendel",1977,177.622031056412,146.857432811138,214.831386554185
"2130-grijze-duinen","H2130 - Grijze duinen","meijendel",1978,169.075176551443,139.75673736829,204.544094719169
"2130-grijze-duinen","H2130 - Grijze duinen","meijendel",1979,161.048797348147,133.187181035549,194.738824905092
"2130-grijze-duinen","H2130 - Grijze duinen","meijendel",1980,153.549663373054,127.156979514039,185.42040878987
"2130-grijze-duinen","H2130 - Grijze duinen","meijendel",1981,146.568176301061,121.655772039473,176.582088495142
"2130-grijze-duinen","H2130 - Grijze duinen","meijendel",1982,140.079319766081,116.652654298943,168.210624473598
"2130-grijze-duinen","H2130 - Grijze duinen","meijendel",1983,134.044778532646,112.096659662558,160.290259370393
"2130-grijze-duinen","H2130 - Grijze duinen","meijendel",1984,128.415876296471,107.919516083672,152.804959505239
"2130-grijze-duinen","H2130 - Grijze duinen","meijendel",1985,123.137073923232,104.040506059103,145.738804516791
"2130-grijze-duinen","H2130 - Grijze duinen","meijendel",1986,118.149570783119,100.37234336181,139.075372843657
"2130-grijze-duinen","H2130 - Grijze duinen","meijendel",1987,113.394745013142,96.8275951511061,132.79652537615
"2130-grijze-duinen","H2130 - Grijze duinen","meijendel",1988,108.817114492848,93.324824325968,126.881186137466
"2130-grijze-duinen","H2130 - Grijze duinen","meijendel",1989,104.366600401667,89.7939945315697,121.304184497235
"2130-grijze-duinen","H2130 - Grijze duinen","meijendel",1990,100,86.1808669184644,116.035036053432
"2130-grijze-duinen","H2130 - Grijze duinen","meijendel",1991,95.6816882084103,82.4501448955654,111.036620614888
"2130-grijze-duinen","H2130 - Grijze duinen","meijendel",1992,91.3836852676451,78.5870112978195,106.264098801881
"2130-grijze-duinen","H2130 - Grijze duinen","meijendel",1993,87.0853125187866,74.5966286082482,101.664804401846
"2130-grijze-duinen","H2130 - Grijze duinen","meijendel",1994,82.7726911611654,70.5014348009832,97.1798435223637
"2130-grijze-duinen","H2130 - Grijze duinen","meijendel",1995,78.4383105662565,66.3366616392841,92.7476362609872
"2130-grijze-duinen","H2130 - Grijze duinen","meijendel",1996,74.0808089118806,62.1450285068822,88.3090149106746
"2130-grijze-duinen","H2130 - Grijze duinen","meijendel",1997,69.704989496388,57.9716445617911,83.8131399828178
"2130-grijze-duinen","H2130 - Grijze duinen","meijendel",1998,65.3219730469881,53.8598212960803,79.2234370644295
"2130-grijze-duinen","H2130 - Grijze duinen","meijendel",1999,60.949276607657,49.8480409893864,74.5227745216234
"2130-grijze-duinen","H2130 - Grijze duinen","meijendel",2000,56.6106037447168,45.9681051064537,69.7170450885392
"2130-grijze-duinen","H2130 - Grijze duinen","meijendel",2001,52.3351104215085,42.2442829533385,64.8363184636569
"2130-grijze-duinen","H2130 - Grijze duinen","meijendel",2002,48.1560553768372,38.6933635543389,59.9329046749922
"2130-grijze-duinen","H2130 - Grijze duinen","meijendel",2003,44.1088675990892,35.3254881670195,55.0761589387014
"2130-grijze-duinen","H2130 - Grijze duinen","meijendel",2004,40.2288250345537,32.145669201082,50.3445224156746
"2130-grijze-duinen","H2130 - Grijze duinen","meijendel",2005,36.5486276229525,29.1557627212184,45.8160602380368
"2130-grijze-duinen","H2130 - Grijze duinen","meijendel",2006,33.0962153947373,26.3566469429063,41.5591359488031
"2130-grijze-duinen","H2130 - Grijze duinen","meijendel",2007,29.8931082464441,23.7500775093533,37.6250528143205
"2130-grijze-duinen","H2130 - Grijze duinen","meijendel",2008,26.9534533182631,21.3396507760444,34.0440737950284
"2130-grijze-duinen","H2130 - Grijze duinen","meijendel",2009,24.2838242646972,19.130434029534,30.8254438978382
"2130-grijze-duinen","H2130 - Grijze duinen","meijendel",2010,21.8836968608761,17.1273436393393,27.9609143357617
"2130-grijze-duinen","H2130 - Grijze duinen","meijendel",2011,19.7464252990528,15.3329163098636,25.43034242222
"2130-grijze-duinen","H2130 - Grijze duinen","meijendel",2012,17.8605288900897,13.745506511406,23.2074745276956
"2130-grijze-duinen","H2130 - Grijze duinen","meijendel",2013,16.2110869598252,12.3585612696491,21.2645577980354
"2130-grijze-duinen","H2130 - Grijze duinen","meijendel",2014,14.7810913153109,11.1610775807282,19.5752299803748
"2130-grijze-duinen","H2130 - Grijze duinen","meijendel",2015,13.5526498315631,10.1388460969683,18.1158995511224
"2130-grijze-duinen","H2130 - Grijze duinen","meijendel",2016,12.507986701943,9.27596683928304,16.8661374115126
"2130-grijze-duinen","H2130 - Grijze duinen","meijendel",2017,11.6302252328176,8.556242972643,15.808590218691
"2130-grijze-duinen","H2130 - Grijze duinen","meijendel",2018,10.9039680823016,7.96425895157621,14.9287611895544
"2130-grijze-duinen","H2130 - Grijze duinen","meijendel",2019,10.3157096068985,7.48610600307085,14.2148487678649
"2130-grijze-duinen","H2130 - Grijze duinen","meijendel",2020,9.85411898609627,7.10980416112852,13.6577124758286
"2130-grijze-duinen","H2130 - Grijze duinen","meijendel",2021,9.51024149647178,6.82550192860853,13.2509952040483
"2130-grijze-duinen","H2130 - Grijze duinen","meijendel",2022,9.27766109372542,6.61110634833112,13.0197565785271
"2130-grijze-duinen","H2130 - Grijze duinen","meijendel",2023,9.1526658746289,6.24574671410782,13.4125343929453
"2130-grijze-duinen","H2130 - Grijze duinen","meijendel",2024,9.13445982717931,5.89663508832205,14.1501644725477
"2130-grijze-duinen","H2130 - Grijze duinen","meijendel",2025,9.22546132733298,5.54545187987709,15.3475566185966
"2160-duindoornstruwelen","H2160 - Duindoornstruwelen","landelijk",1990,100,95.8124007764982,104.370623415721
"2160-duindoornstruwelen","H2160 - Duindoornstruwelen","landelijk",1991,99.2985276303508,95.9361392067263,102.778761695929
"2160-duindoornstruwelen","H2160 - Duindoornstruwelen","landelijk",1992,98.6043305946607,95.7669331697146,101.525794866906
"2160-duindoornstruwelen","H2160 - Duindoornstruwelen","landelijk",1993,97.9258677027666,95.2910477298912,100.633541070109
"2160-duindoornstruwelen","H2160 - Duindoornstruwelen","landelijk",1994,97.2826637843806,94.7293487077378,99.9048003822264
"2160-duindoornstruwelen","H2160 - Duindoornstruwelen","landelijk",1995,96.7073514715681,94.2585631865977,99.2197579983396
"2160-duindoornstruwelen","H2160 - Duindoornstruwelen","landelijk",1996,96.2433072528791,93.9192116080465,98.6249142468151
"2160-duindoornstruwelen","H2160 - Duindoornstruwelen","landelijk",1997,95.9379539930562,93.6871002254352,98.2428850314113
"2160-duindoornstruwelen","H2160 - Duindoornstruwelen","landelijk",1998,95.8335003002511,93.5745143238107,98.1470205446878
"2160-duindoornstruwelen","H2160 - Duindoornstruwelen","landelijk",1999,95.9578103097454,93.6625670944175,98.3092994895066
"2160-duindoornstruwelen","H2160 - Duindoornstruwelen","landelijk",2000,96.3180355499377,94.0162150345906,98.6762120639061
"2160-duindoornstruwelen","H2160 - Duindoornstruwelen","landelijk",2001,96.8987842714786,94.6184059031516,99.2341215608854
"2160-duindoornstruwelen","H2160 - Duindoornstruwelen","landelijk",2002,97.6653047139906,95.3875480315827,99.9974518866807
"2160-duindoornstruwelen","H2160 - Duindoornstruwelen","landelijk",2003,98.5707493410316,96.2505672880119,100.946860880088
"2160-duindoornstruwelen","H2160 - Duindoornstruwelen","landelijk",2004,99.5653814246471,97.1897490071681,101.999081996851
"2160-duindoornstruwelen","H2160 - Duindoornstruwelen","landelijk",2005,100.604946291164,98.2048871546707,103.063661203613
"2160-duindoornstruwelen","H2160 - Duindoornstruwelen","landelijk",2006,101.655699040313,99.2623417540476,104.106763600037
"2160-duindoornstruwelen","H2160 - Duindoornstruwelen","landelijk",2007,102.694845292228,100.297028407428,105.149987163664
"2160-duindoornstruwelen","H2160 - Duindoornstruwelen","landelijk",2008,103.707047723421,101.265393977992,106.207573239139
"2160-duindoornstruwelen","H2160 - Duindoornstruwelen","landelijk",2009,104.679437350471,102.18217603999,107.237729990432
"2160-duindoornstruwelen","H2160 - Duindoornstruwelen","landelijk",2010,105.598459873809,103.078878058096,108.17962843402
"2160-duindoornstruwelen","H2160 - Duindoornstruwelen","landelijk",2011,106.451417340237,103.945738224652,109.017497468287
"2160-duindoornstruwelen","H2160 - Duindoornstruwelen","landelijk",2012,107.233773351402,104.732860211918,109.794405728178
"2160-duindoornstruwelen","H2160 - Duindoornstruwelen","landelijk",2013,107.960730851161,105.420024926802,110.562669796463
"2160-duindoornstruwelen","H2160 - Duindoornstruwelen","landelijk",2014,108.679223948295,106.081994199496,111.340042267604
"2160-duindoornstruwelen","H2160 - Duindoornstruwelen","landelijk",2015,109.475360424543,106.856786934288,112.158103232636
"2160-duindoornstruwelen","H2160 - Duindoornstruwelen","landelijk",2016,110.473168468801,107.869096431757,113.140105509804
"2160-duindoornstruwelen","H2160 - Duindoornstruwelen","landelijk",2017,111.822983745393,109.19944244819,114.509556215501
"2160-duindoornstruwelen","H2160 - Duindoornstruwelen","landelijk",2018,113.680820129371,110.935641202078,116.493930401913
"2160-duindoornstruwelen","H2160 - Duindoornstruwelen","landelijk",2019,116.182335188256,113.240408468102,119.200691629424
"2160-duindoornstruwelen","H2160 - Duindoornstruwelen","landelijk",2020,119.416098680068,116.281861671206,122.634815258542
"2160-duindoornstruwelen","H2160 - Duindoornstruwelen","landelijk",2021,123.401478895297,120.081205213754,126.813558928222
"2160-duindoornstruwelen","H2160 - Duindoornstruwelen","landelijk",2022,128.077626401772,124.392117609674,131.872330015196
"2160-duindoornstruwelen","H2160 - Duindoornstruwelen","landelijk",2023,133.31195274871,128.797821700144,137.984295938248
"2160-duindoornstruwelen","H2160 - Duindoornstruwelen","landelijk",2024,138.937843266496,133.119683220717,145.010293177598
"2160-duindoornstruwelen","H2160 - Duindoornstruwelen","meijendel",1958,56.4850887026592,47.7093046283628,66.8751152547823
"2160-duindoornstruwelen","H2160 - Duindoornstruwelen","meijendel",1959,58.6148777334959,50.836974625455,67.5827764540565
"2160-duindoornstruwelen","H2160 - Duindoornstruwelen","meijendel",1960,60.7011726137884,53.7326958956854,68.5733759542262
"2160-duindoornstruwelen","H2160 - Duindoornstruwelen","meijendel",1961,62.758351583556,56.43385476909,69.7916296804606
"2160-duindoornstruwelen","H2160 - Duindoornstruwelen","meijendel",1962,64.8001188724889,58.4928106077342,71.7875472602692
"2160-duindoornstruwelen","H2160 - Duindoornstruwelen","meijendel",1963,66.838384076744,60.5003463635279,73.8403968656197
"2160-duindoornstruwelen","H2160 - Duindoornstruwelen","meijendel",1964,68.8822706185596,62.4971727804366,75.9197095561053
"2160-duindoornstruwelen","H2160 - Duindoornstruwelen","meijendel",1965,70.9372834305677,64.4805795194946,78.0405234879646
"2160-duindoornstruwelen","H2160 - Duindoornstruwelen","meijendel",1966,73.0046721138884,66.4427015145005,80.2147117587205
"2160-duindoornstruwelen","H2160 - Duindoornstruwelen","meijendel",1967,75.0810248657292,68.3708250573406,82.449791854355
"2160-duindoornstruwelen","H2160 - Duindoornstruwelen","meijendel",1968,77.1581188126192,70.2484380212885,84.7474401765077
"2160-duindoornstruwelen","H2160 - Duindoornstruwelen","meijendel",1969,79.2230513243141,72.0569639221778,87.1018083403203
"2160-duindoornstruwelen","H2160 - Duindoornstruwelen","meijendel",1970,81.2586656691935,73.7779261833405,89.497917438465
"2160-duindoornstruwelen","H2160 - Duindoornstruwelen","meijendel",1971,83.2442835573052,75.395031750009,91.9107079621093
"2160-duindoornstruwelen","H2160 - Duindoornstruwelen","meijendel",1972,85.1567385151976,76.8957485875973,94.3052151483362
"2160-duindoornstruwelen","H2160 - Duindoornstruwelen","meijendel",1973,86.9716846098803,78.2720487188177,96.6382514280859
"2160-duindoornstruwelen","H2160 - Duindoornstruwelen","meijendel",1974,88.6651406975941,79.5203495481217,98.8615771887015
"2160-duindoornstruwelen","H2160 - Duindoornstruwelen","meijendel",1975,90.2152009074178,80.6408375044565,100.926313845835
"2160-duindoornstruwelen","H2160 - Duindoornstruwelen","meijendel",1976,91.6038009643541,81.6364330579419,102.788130700924
"2160-duindoornstruwelen","H2160 - Duindoornstruwelen","meijendel",1977,92.8184146052719,82.5117224378849,104.412534792517
"2160-duindoornstruwelen","H2160 - Duindoornstruwelen","meijendel",1978,93.8535249557784,83.2721207974434,105.779510144233
"2160-duindoornstruwelen","H2160 - Duindoornstruwelen","meijendel",1979,94.711708115556,83.9235200708355,106.886694535631
"2160-duindoornstruwelen","H2160 - Duindoornstruwelen","meijendel",1980,95.4041767348718,84.4726373455518,107.750358275489
"2160-duindoornstruwelen","H2160 - Duindoornstruwelen","meijendel",1981,95.9506862008512,84.9281879177641,108.403751547471
"2160-duindoornstruwelen","H2160 - Duindoornstruwelen","meijendel",1982,96.378774873444,85.3027911879621,108.892899244507
"2160-duindoornstruwelen","H2160 - Duindoornstruwelen","meijendel",1983,96.7223698020878,85.6152224778264,109.270484259441
"2160-duindoornstruwelen","H2160 - Duindoornstruwelen","meijendel",1984,97.0199034301671,85.8922816582523,109.589144447819
"2160-duindoornstruwelen","H2160 - Duindoornstruwelen","meijendel",1985,97.3121056105582,86.1694184146681,109.895669166411
"2160-duindoornstruwelen","H2160 - Duindoornstruwelen","meijendel",1986,97.6396853590095,86.4894703133114,110.227385165742
"2160-duindoornstruwelen","H2160 - Duindoornstruwelen","meijendel",1987,98.0410992349208,86.8994623311255,110.611238336152
"2160-duindoornstruwelen","H2160 - Duindoornstruwelen","meijendel",1988,98.5505664504922,87.4460829400619,111.06517091646
"2160-duindoornstruwelen","H2160 - Duindoornstruwelen","meijendel",1989,99.1964393707764,88.1707858385251,111.600837967588
"2160-duindoornstruwelen","H2160 - Duindoornstruwelen","meijendel",1990,100,89.1054100890705,112.226631244993
"2160-duindoornstruwelen","H2160 - Duindoornstruwelen","meijendel",1991,100.974702885809,90.2688637893479,112.95024878867
"2160-duindoornstruwelen","H2160 - Duindoornstruwelen","meijendel",1992,102.125864777296,91.6650845244528,113.780424799896
"2160-duindoornstruwelen","H2160 - Duindoornstruwelen","meijendel",1993,103.450788524784,93.2823176677727,114.727698817639
"2160-duindoornstruwelen","H2160 - Duindoornstruwelen","meijendel",1994,104.939304241274,95.0937548530473,115.804214395156
"2160-duindoornstruwelen","H2160 - Duindoornstruwelen","meijendel",1995,106.574706699152,97.0596582899657,117.022543743949
"2160-duindoornstruwelen","H2160 - Duindoornstruwelen","meijendel",1996,108.335057901051,99.1311186523809,118.393547152231
"2160-duindoornstruwelen","H2160 - Duindoornstruwelen","meijendel",1997,110.194804075117,101.255387247727,119.923444818251
"2160-duindoornstruwelen","H2160 - Duindoornstruwelen","meijendel",1998,112.126628363452,103.382179826762,121.610714817809
"2160-duindoornstruwelen","H2160 - Duindoornstruwelen","meijendel",1999,114.10341931499,105.46960811592,123.443999953643
"2160-duindoornstruwelen","H2160 - Duindoornstruwelen","meijendel",2000,116.100229119539,107.488092015747,125.402385965087
"2160-duindoornstruwelen","H2160 - Duindoornstruwelen","meijendel",2001,118.096037547545,109.42117132954,127.458643651589
"2160-duindoornstruwelen","H2160 - Duindoornstruwelen","meijendel",2002,120.075180604337,111.263672936999,129.584514123742
"2160-duindoornstruwelen","H2160 - Duindoornstruwelen","meijendel",2003,122.028312015119,113.018809848436,131.756023207364
"2160-duindoornstruwelen","H2160 - Duindoornstruwelen","meijendel",2004,123.952819454418,114.695824296456,133.956938231572
"2160-duindoornstruwelen","H2160 - Duindoornstruwelen","meijendel",2005,125.852677116225,116.308871256426,136.179606647553
"2160-duindoornstruwelen","H2160 - Duindoornstruwelen","meijendel",2006,127.737793755756,117.876852600902,138.42364801538
"2160-duindoornstruwelen","H2160 - Duindoornstruwelen","meijendel",2007,129.622933242814,119.423390607706,140.693583869714
"2160-duindoornstruwelen","H2160 - Duindoornstruwelen","meijendel",2008,131.526357408337,120.976233646245,142.996538838292
"2160-duindoornstruwelen","H2160 - Duindoornstruwelen","meijendel",2009,133.468298819284,122.565761953746,145.340644122429
"2160-duindoornstruwelen","H2160 - Duindoornstruwelen","meijendel",2010,135.469390974666,124.222743934186,147.734265963162
"2160-duindoornstruwelen","H2160 - Duindoornstruwelen","meijendel",2011,137.549134741291,125.975753502531,150.18576148225
"2160-duindoornstruwelen","H2160 - Duindoornstruwelen","meijendel",2012,139.724468529181,127.848723350662,152.703340276734
"2160-duindoornstruwelen","H2160 - Duindoornstruwelen","meijendel",2013,142.008482715065,129.858974689524,155.294689575752
"2160-duindoornstruwelen","H2160 - Duindoornstruwelen","meijendel",2014,144.409302726527,132.015891361408,157.96618497141
"2160-duindoornstruwelen","H2160 - Duindoornstruwelen","meijendel",2015,146.929172371874,134.320245053543,160.721726537041
"2160-duindoornstruwelen","H2160 - Duindoornstruwelen","meijendel",2016,149.563758101362,136.764076712799,163.561355255427
"2160-duindoornstruwelen","H2160 - Duindoornstruwelen","meijendel",2017,152.30170173584,139.33101793686,166.479859941483
"2160-duindoornstruwelen","H2160 - Duindoornstruwelen","meijendel",2018,155.124444583965,141.996894294106,169.465631111922
"2160-duindoornstruwelen","H2160 - Duindoornstruwelen","meijendel",2019,158.006343376883,144.730519119393,172.499930900809
"2160-duindoornstruwelen","H2160 - Duindoornstruwelen","meijendel",2020,160.915092731343,147.494583296749,175.556732253961
"2160-duindoornstruwelen","H2160 - Duindoornstruwelen","meijendel",2021,163.812426890573,150.246549859638,178.603177436343
"2160-duindoornstruwelen","H2160 - Duindoornstruwelen","meijendel",2022,166.655114896736,152.854547405555,181.70167517198
"2160-duindoornstruwelen","H2160 - Duindoornstruwelen","meijendel",2023,169.396166821292,153.952639062065,186.388888872367
"2160-duindoornstruwelen","H2160 - Duindoornstruwelen","meijendel",2024,171.986232145525,154.450746224646,191.512600428566
"2160-duindoornstruwelen","H2160 - Duindoornstruwelen","meijendel",2025,174.375046689241,154.192903366033,197.198809050853
"2180-duinbossen","H2180 - Duinbossen","landelijk",1990,100,96.2910802174789,103.851779182604
"2180-duinbossen","H2180 - Duinbossen","landelijk",1991,100.361746098292,97.300577533259,103.519221933241
"2180-duinbossen","H2180 - Duinbossen","landelijk",1992,100.731910125766,98.1319076609483,103.400799591542
"2180-duinbossen","H2180 - Duinbossen","landelijk",1993,101.121981406156,98.762463394876,103.537870279949
"2180-duinbossen","H2180 - Duinbossen","landelijk",1994,101.548027970326,99.2908202061023,103.856549510388
"2180-duinbossen","H2180 - Duinbossen","landelijk",1995,102.029463548038,99.8294645495207,104.277945182572
"2180-duinbossen","H2180 - Duinbossen","landelijk",1996,102.587093504592,100.430017944417,104.790499584939
"2180-duinbossen","H2180 - Duinbossen","landelijk",1997,103.240502525338,101.096812308781,105.429648257647
"2180-duinbossen","H2180 - Duinbossen","landelijk",1998,104.005226335322,101.837938272212,106.218638049679
"2180-duinbossen","H2180 - Duinbossen","landelijk",1999,104.890385536744,102.688456023149,107.139530616438
"2180-duinbossen","H2180 - Duinbossen","landelijk",2000,105.897465612552,103.678059921957,108.164381467045
"2180-duinbossen","H2180 - Duinbossen","landelijk",2001,107.020694543589,104.799974273624,109.288472062867
"2180-duinbossen","H2180 - Duinbossen","landelijk",2002,108.249059345298,106.018813509029,110.526221349798
"2180-duinbossen","H2180 - Duinbossen","landelijk",2003,109.569528673805,107.306989016328,111.879773385244
"2180-duinbossen","H2180 - Duinbossen","landelijk",2004,110.970654540785,108.667452979871,113.322672350582
"2180-duinbossen","H2180 - Duinbossen","landelijk",2005,112.445552953094,110.114989639737,114.825442206319
"2180-duinbossen","H2180 - Duinbossen","landelijk",2006,113.993399410251,111.648689762404,116.387349791191
"2180-duinbossen","H2180 - Duinbossen","landelijk",2007,115.619008933766,113.251597613575,118.0359086186
"2180-duinbossen","H2180 - Duinbossen","landelijk",2008,117.330675598961,114.917322119824,119.794711385236
"2180-duinbossen","H2180 - Duinbossen","landelijk",2009,119.137022236756,116.667770532303,121.658535195127
"2180-duinbossen","H2180 - Duinbossen","landelijk",2010,121.043958111483,118.531684624269,123.609479117235
"2180-duinbossen","H2180 - Duinbossen","landelijk",2011,123.052837984719,120.511876740518,125.647374728856
"2180-duinbossen","H2180 - Duinbossen","landelijk",2012,125.160549675324,122.581877893168,127.793467225895
"2180-duinbossen","H2180 - Duinbossen","landelijk",2013,127.361627751322,124.718825351568,130.060431356224
"2180-duinbossen","H2180 - Duinbossen","landelijk",2014,129.651779394564,126.93452931384,132.427196847406
"2180-duinbossen","H2180 - Duinbossen","landelijk",2015,132.031637918924,129.259940982409,134.862767838694
"2180-duinbossen","H2180 - Duinbossen","landelijk",2016,134.509336699369,131.706396019585,137.371928821238
"2180-duinbossen","H2180 - Duinbossen","landelijk",2017,137.100737263087,134.253971682094,140.007866602198
"2180-duinbossen","H2180 - Duinbossen","landelijk",2018,139.826814331933,136.886707603604,142.830069832887
"2180-duinbossen","H2180 - Duinbossen","landelijk",2019,142.708607943279,139.631469402732,145.85355914553
"2180-duinbossen","H2180 - Duinbossen","landelijk",2020,145.761025629833,142.52105213799,149.074654403268
"2180-duinbossen","H2180 - Duinbossen","landelijk",2021,148.987366716164,145.510987294681,152.546799755155
"2180-duinbossen","H2180 - Duinbossen","landelijk",2022,152.376599365843,148.443590119447,156.413813594885
"2180-duinbossen","H2180 - Duinbossen","landelijk",2023,155.905126003125,151.149809466675,160.810049313423
"2180-duinbossen","H2180 - Duinbossen","landelijk",2024,159.544114262029,153.626751046317,165.689401242243
"2180-duinbossen","H2180 - Duinbossen","meijendel",1958,43.1910963912894,30.9638791709249,60.2466763671308
"2180-duinbossen","H2180 - Duinbossen","meijendel",1959,46.0062285870043,34.5070305814227,61.3374443739929
"2180-duinbossen","H2180 - Duinbossen","meijendel",1960,48.7856193237213,37.9169074430343,62.7697988390739
"2180-duinbossen","H2180 - Duinbossen","meijendel",1961,51.5259866146639,41.1838101646855,64.4653150351563
"2180-duinbossen","H2180 - Duinbossen","meijendel",1962,54.2280864589368,43.5343492679305,67.5486233387708
"2180-duinbossen","H2180 - Duinbossen","meijendel",1963,56.8959369342112,45.8272511679033,70.63804956927
"2180-duinbossen","H2180 - Duinbossen","meijendel",1964,59.5357967653378,48.1317839559658,73.6417976887449
"2180-duinbossen","H2180 - Duinbossen","meijendel",1965,62.1550153815417,50.4581905512394,76.5633070642244
"2180-duinbossen","H2180 - Duinbossen","meijendel",1966,64.760852002332,52.8160006792704,79.4071474198923
"2180-duinbossen","H2180 - Duinbossen","meijendel",1967,67.3593675209599,55.2129387740371,82.1779186830267
"2180-duinbossen","H2180 - Duinbossen","meijendel",1968,69.9544658937789,57.6538848924521,84.8794024481174
"2180-duinbossen","H2180 - Duinbossen","meijendel",1969,72.5471389334615,60.1399667433579,87.5139720294615
"2180-duinbossen","H2180 - Duinbossen","meijendel",1970,75.1349512654083,62.6678263182471,90.0822835786079
"2180-duinbossen","H2180 - Duinbossen","meijendel",1971,77.7117705193864,65.2291273425365,92.5831683374308
"2180-duinbossen","H2180 - Duinbossen","meijendel",1972,80.2677309018094,67.8103382446087,95.0136629739865
"2180-duinbossen","H2180 - Duinbossen","meijendel",1973,82.7893962405601,70.3927893424379,97.3691225181259
"2180-duinbossen","H2180 - Duinbossen","meijendel",1974,85.2600857190243,72.9530336300069,99.6433164614197
"2180-duinbossen","H2180 - Duinbossen","meijendel",1975,87.660315094037,75.4634694645077,101.828485980226
"2180-duinbossen","H2180 - Duinbossen","meijendel",1976,89.96830490419,77.8931774372507,103.915338334399
"2180-duinbossen","H2180 - Duinbossen","meijendel",1977,92.1605224069147,80.2089924857652,105.892888404287
"2180-duinbossen","H2180 - Duinbossen","meijendel",1978,94.2122302480938,82.3768159041672,107.748087018144
"2180-duinbossen","H2180 - Duinbossen","meijendel",1979,96.0980347198779,84.363211848146,109.465157557604
"2180-duinbossen","H2180 - Duinbossen","meijendel",1980,97.792435163253,86.13722017322,111.024715633118
"2180-duinbossen","H2180 - Duinbossen","meijendel",1981,99.270406929448,87.6722955866414,112.402824928879
"2180-duinbossen","H2180 - Duinbossen","meijendel",1982,100.508069277723,88.9481523132132,113.570341004543
"2180-duinbossen","H2180 - Duinbossen","meijendel",1983,101.483469077242,89.9521036944168,114.493092134218
"2180-duinbossen","H2180 - Duinbossen","meijendel",1984,102.177505343484,90.6795673194668,115.133352604522
"2180-duinbossen","H2180 - Duinbossen","meijendel",1985,102.575014501826,91.133727523016,115.45268569633
"2180-duinbossen","H2180 - Duinbossen","meijendel",1986,102.665938266837,91.3243216467675,115.416076354541
"2180-duinbossen","H2180 - Duinbossen","meijendel",1987,102.446476639256,91.2658629116766,114.996782378036
"2180-duinbossen","H2180 - Duinbossen","meijendel",1988,101.920077319996,90.9756847413364,114.181082455696
"2180-duinbossen","H2180 - Duinbossen","meijendel",1989,101.098102473681,90.4721012750553,112.972133726675
"2180-duinbossen","H2180 - Duinbossen","meijendel",1990,100,89.772913956354,111.392173421727
"2180-duinbossen","H2180 - Duinbossen","meijendel",1991,98.6528820523579,88.8944622683275,109.482535682136
"2180-duinbossen","H2180 - Duinbossen","meijendel",1992,97.0904783038071,87.8513500715917,107.301264802193
"2180-duinbossen","H2180 - Duinbossen","meijendel",1993,95.3515235372645,86.656947892054,104.918454457951
"2180-duinbossen","H2180 - Duinbossen","meijendel",1994,93.4777231596725,85.3246964955574,102.409795592667
"2180-duinbossen","H2180 - Duinbossen","meijendel",1995,91.5115006416539,83.8700511967771,99.8491670171919
"2180-duinbossen","H2180 - Duinbossen","meijendel",1996,89.4937562294953,82.3125624418025,97.3014588110659
"2180-duinbossen","H2180 - Duinbossen","meijendel",1997,87.4618540457546,80.6771871527861,94.8170874950579
"2180-duinbossen","H2180 - Duinbossen","meijendel",1998,85.4480157970993,78.9938478723161,92.4295195173059
"2180-duinbossen","H2180 - Duinbossen","meijendel",1999,83.4782040253898,77.2945950717742,90.1565050031466
"2180-duinbossen","H2180 - Duinbossen","meijendel",2000,81.5715982123318,75.6094813686456,88.0038523538055
"2180-duinbossen","H2180 - Duinbossen","meijendel",2001,79.7405723986304,73.9622073547919,85.9703774923811
"2180-duinbossen","H2180 - Duinbossen","meijendel",2002,77.9911320563107,72.3672351905858,84.052080522432
"2180-duinbossen","H2180 - Duinbossen","meijendel",2003,76.3237224556985,70.8292657048642,82.244402105872
"2180-duinbossen","H2180 - Duinbossen","meijendel",2004,74.7342599574774,69.3446102813293,80.542807706796
"2180-duinbossen","H2180 - Duinbossen","meijendel",2005,73.2152747320332,67.9038477257612,78.9421606230048
"2180-duinbossen","H2180 - Duinbossen","meijendel",2006,71.75707996745,66.4950633488442,77.4355007144228
"2180-duinbossen","H2180 - Duinbossen","meijendel",2007,70.3488314957092,65.1065232365534,76.0132448607415
"2180-duinbossen","H2180 - Duinbossen","meijendel",2008,68.9794565261565,63.7285821443309,74.6629732302492
"2180-duinbossen","H2180 - Duinbossen","meijendel",2009,67.6383870888128,62.3544549623487,73.3700809467192
"2180-duinbossen","H2180 - Duinbossen","meijendel",2010,66.316104984283,60.9802026663451,72.1189105314929
"2180-duinbossen","H2180 - Duinbossen","meijendel",2011,65.0044806723716,59.6041071117396,70.8941499545165
"2180-duinbossen","H2180 - Duinbossen","meijendel",2012,63.6969479954134,58.2259776481033,69.6819761181385
"2180-duinbossen","H2180 - Duinbossen","meijendel",2013,62.3885368503523,56.8465477198201,68.4708163723841
"2180-duinbossen","H2180 - Duinbossen","meijendel",2014,61.0758013014859,55.4670573119807,67.251692903724
"2180-duinbossen","H2180 - Duinbossen","meijendel",2015,59.75667840902,54.0889967534522,66.0182445378993
"2180-duinbossen","H2180 - Duinbossen","meijendel",2016,58.430311950086,52.7139610551991,64.7665492450722
"2180-duinbossen","H2180 - Duinbossen","meijendel",2017,57.0968702418118,51.3435740308368,63.4948511658404
"2180-duinbossen","H2180 - Duinbossen","meijendel",2018,55.7573788327824,49.9794431027003,62.2032800148275
"2180-duinbossen","H2180 - Duinbossen","meijendel",2019,54.4135806887207,48.623136752491,60.8935984208428
"2180-duinbossen","H2180 - Duinbossen","meijendel",2020,53.0678354754939,47.2761734511413,59.569016620276
"2180-duinbossen","H2180 - Duinbossen","meijendel",2021,51.7230438319061,45.9400164183834,58.234051091169
"2180-duinbossen","H2180 - Duinbossen","meijendel",2022,50.3826097055385,44.5809631376473,56.9392669445719
"2180-duinbossen","H2180 - Duinbossen","meijendel",2023,49.0504134398005,42.6694823801261,56.3855693673931
"2180-duinbossen","H2180 - Duinbossen","meijendel",2024,47.7307933988992,40.6243728063672,56.0803399808139
"2180-duinbossen","H2180 - Duinbossen","meijendel",2025,46.428510235078,38.4219504007559,56.1035173947424
"2190-vochtige-duinvalleien","H2190 - Vochtige duinvalleien","landelijk",1990,100,93.2335994298784,107.257470066047
"2190-vochtige-duinvalleien","H2190 - Vochtige duinvalleien","landelijk",1991,102.087212778991,96.5933539230777,107.893541219021
"2190-vochtige-duinvalleien","H2190 - Vochtige duinvalleien","landelijk",1992,104.265939091414,99.6183425846621,109.130364675314
"2190-vochtige-duinvalleien","H2190 - Vochtige duinvalleien","landelijk",1993,106.598138873144,102.24522012686,111.136375833701
"2190-vochtige-duinvalleien","H2190 - Vochtige duinvalleien","landelijk",1994,109.143024620741,104.757296326481,113.712364112938
"2190-vochtige-duinvalleien","H2190 - Vochtige duinvalleien","landelijk",1995,111.93753574385,107.476344175854,116.583905086164
"2190-vochtige-duinvalleien","H2190 - Vochtige duinvalleien","landelijk",1996,114.981058966746,110.485283782519,119.659772491855
"2190-vochtige-duinvalleien","H2190 - Vochtige duinvalleien","landelijk",1997,118.225560282142,113.667587984858,122.966303339598
"2190-vochtige-duinvalleien","H2190 - Vochtige duinvalleien","landelijk",1998,121.572905677206,116.873352548981,126.461430877537
"2190-vochtige-duinvalleien","H2190 - Vochtige duinvalleien","landelijk",1999,124.881460499374,120.016191511079,129.943959894919
"2190-vochtige-duinvalleien","H2190 - Vochtige duinvalleien","landelijk",2000,127.983329206503,123.012081948063,133.155477863515
"2190-vochtige-duinvalleien","H2190 - Vochtige duinvalleien","landelijk",2001,130.711331413814,125.699593253647,135.922891377186
"2190-vochtige-duinvalleien","H2190 - Vochtige duinvalleien","landelijk",2002,132.931316550915,127.875969666232,138.186517498805
"2190-vochtige-duinvalleien","H2190 - Vochtige duinvalleien","landelijk",2003,134.572103193776,129.428059714085,139.920593710526
"2190-vochtige-duinvalleien","H2190 - Vochtige duinvalleien","landelijk",2004,135.644204042138,130.412263877757,141.08604162774
"2190-vochtige-duinvalleien","H2190 - Vochtige duinvalleien","landelijk",2005,136.240902266674,130.987707274978,141.704773956167
"2190-vochtige-duinvalleien","H2190 - Vochtige duinvalleien","landelijk",2006,136.520624796417,131.306285954051,141.942031635304
"2190-vochtige-duinvalleien","H2190 - Vochtige duinvalleien","landelijk",2007,136.675501434632,131.485794698926,142.070044411882
"2190-vochtige-duinvalleien","H2190 - Vochtige duinvalleien","landelijk",2008,136.894765900919,131.666136921098,142.331030356709
"2190-vochtige-duinvalleien","H2190 - Vochtige duinvalleien","landelijk",2009,137.331979913476,132.036715003464,142.839608713838
"2190-vochtige-duinvalleien","H2190 - Vochtige duinvalleien","landelijk",2010,138.082693462024,132.756698186138,143.622359506062
"2190-vochtige-duinvalleien","H2190 - Vochtige duinvalleien","landelijk",2011,139.175852378309,133.855829736423,144.707316247415
"2190-vochtige-duinvalleien","H2190 - Vochtige duinvalleien","landelijk",2012,140.579344716213,135.233145108766,146.136896727092
"2190-vochtige-duinvalleien","H2190 - Vochtige duinvalleien","landelijk",2013,142.217763606188,136.764845445158,147.888093751812
"2190-vochtige-duinvalleien","H2190 - Vochtige duinvalleien","landelijk",2014,143.998350914908,138.405033319218,149.817709435381
"2190-vochtige-duinvalleien","H2190 - Vochtige duinvalleien","landelijk",2015,145.839084023557,140.157324938231,151.751172749648
"2190-vochtige-duinvalleien","H2190 - Vochtige duinvalleien","landelijk",2016,147.691704878859,141.982496813048,153.630483895107
"2190-vochtige-duinvalleien","H2190 - Vochtige duinvalleien","landelijk",2017,149.553266652948,143.787511390332,155.550223731542
"2190-vochtige-duinvalleien","H2190 - Vochtige duinvalleien","landelijk",2018,151.462916770393,145.54069593971,157.626119680632
"2190-vochtige-duinvalleien","H2190 - Vochtige duinvalleien","landelijk",2019,153.485236385357,147.368190500579,159.856192223359
"2190-vochtige-duinvalleien","H2190 - Vochtige duinvalleien","landelijk",2020,155.685705279823,149.4297378918,162.203582569531
"2190-vochtige-duinvalleien","H2190 - Vochtige duinvalleien","landelijk",2021,158.106235031538,151.649991032829,164.837342789136
"2190-vochtige-duinvalleien","H2190 - Vochtige duinvalleien","landelijk",2022,160.748817855498,153.583528300347,168.248396998715
"2190-vochtige-duinvalleien","H2190 - Vochtige duinvalleien","landelijk",2023,163.573737538459,154.770959971047,172.87718327331
"2190-vochtige-duinvalleien","H2190 - Vochtige duinvalleien","landelijk",2024,166.516258342971,155.249101289107,178.601125947314
"2190-vochtige-duinvalleien","H2190 - Vochtige duinvalleien","meijendel",1958,65.3940682024748,56.1257972216641,76.1928447836689
"2190-vochtige-duinvalleien","H2190 - Vochtige duinvalleien","meijendel",1959,69.4110345316681,60.8889145232096,79.1259255068497
"2190-vochtige-duinvalleien","H2190 - Vochtige duinvalleien","meijendel",1960,73.4490235874563,65.5293994580358,82.3257821766769
"2190-vochtige-duinvalleien","H2190 - Vochtige duinvalleien","meijendel",1961,77.5045176544478,70.0494438762157,85.7530042274637
"2190-vochtige-duinvalleien","H2190 - Vochtige duinvalleien","meijendel",1962,81.5778834246016,73.8614015179409,90.100525135871
"2190-vochtige-duinvalleien","H2190 - Vochtige duinvalleien","meijendel",1963,85.6726600694521,77.6131476300739,94.5690892264732
"2190-vochtige-duinvalleien","H2190 - Vochtige duinvalleien","meijendel",1964,89.7943047909979,81.3301167291928,99.139377848753
"2190-vochtige-duinvalleien","H2190 - Vochtige duinvalleien","meijendel",1965,93.9483783506879,84.9840050173695,103.858341259865
"2190-vochtige-duinvalleien","H2190 - Vochtige duinvalleien","meijendel",1966,98.1382313675481,88.5374074802452,108.780149882967
"2190-vochtige-duinvalleien","H2190 - Vochtige duinvalleien","meijendel",1967,102.362288072035,91.944680017023,113.960242369677
"2190-vochtige-duinvalleien","H2190 - Vochtige duinvalleien","meijendel",1968,106.611070175545,95.1546417893997,119.446829605334
"2190-vochtige-duinvalleien","H2190 - Vochtige duinvalleien","meijendel",1969,110.864151371375,98.1146149771868,125.270430528144
"2190-vochtige-duinvalleien","H2190 - Vochtige duinvalleien","meijendel",1970,115.087336084276,100.774221597292,131.433363781309
"2190-vochtige-duinvalleien","H2190 - Vochtige duinvalleien","meijendel",1971,119.230389911969,103.088464399931,137.899870381324
"2190-vochtige-duinvalleien","H2190 - Vochtige duinvalleien","meijendel",1972,123.225744563573,105.019917489019,144.587660001109
"2190-vochtige-duinvalleien","H2190 - Vochtige duinvalleien","meijendel",1973,126.988633329128,106.540471322,151.361382155533
"2190-vochtige-duinvalleien","H2190 - Vochtige duinvalleien","meijendel",1974,130.419118410645,107.632856693455,158.029313441461
"2190-vochtige-duinvalleien","H2190 - Vochtige duinvalleien","meijendel",1975,133.406355258453,108.291570435818,164.345715476465
"2190-vochtige-duinvalleien","H2190 - Vochtige duinvalleien","meijendel",1976,135.83523983626,108.522858458823,170.02143735806
"2190-vochtige-duinvalleien","H2190 - Vochtige duinvalleien","meijendel",1977,137.595211499175,108.343388892316,174.744785270839
"2190-vochtige-duinvalleien","H2190 - Vochtige duinvalleien","meijendel",1978,138.590515295838,107.777657622225,178.212547514163
"2190-vochtige-duinvalleien","H2190 - Vochtige duinvalleien","meijendel",1979,138.750733478852,106.854562099997,180.167937265076
"2190-vochtige-duinvalleien","H2190 - Vochtige duinvalleien","meijendel",1980,138.040042559691,105.60390119836,180.438914979945
"2190-vochtige-duinvalleien","H2190 - Vochtige duinvalleien","meijendel",1981,136.463516913689,104.053494430528,178.968438785936
"2190-vochtige-duinvalleien","H2190 - Vochtige duinvalleien","meijendel",1982,134.069168902871,102.227721550105,175.828452182579
"2190-vochtige-duinvalleien","H2190 - Vochtige duinvalleien","meijendel",1983,130.945082417224,100.147870677277,171.212972310794
"2190-vochtige-duinvalleien","H2190 - Vochtige duinvalleien","meijendel",1984,127.211912110338,97.8343560067212,165.410917425129
"2190-vochtige-duinvalleien","H2190 - Vochtige duinvalleien","meijendel",1985,123.011943629862,95.3104654481165,158.764708623038
"2190-vochtige-duinvalleien","H2190 - Vochtige duinvalleien","meijendel",1986,118.496526330939,92.6067741118712,151.624186104751
"2190-vochtige-duinvalleien","H2190 - Vochtige duinvalleien","meijendel",1987,113.813804080091,89.7648537710521,144.305721615945
"2190-vochtige-duinvalleien","H2190 - Vochtige duinvalleien","meijendel",1988,109.098414159969,86.8386760758884,137.064088377148
"2190-vochtige-duinvalleien","H2190 - Vochtige duinvalleien","meijendel",1989,104.464156949786,83.8924074050915,130.080425926211
"2190-vochtige-duinvalleien","H2190 - Vochtige duinvalleien","meijendel",1990,100,80.994439562087,123.46526569067
"2190-vochtige-duinvalleien","H2190 - Vochtige duinvalleien","meijendel",1991,95.769145246949,78.209041459847,117.271980453053
"2190-vochtige-duinvalleien","H2190 - Vochtige duinvalleien","meijendel",1992,91.8105191371706,75.5881138236984,111.514509330091
"2190-vochtige-duinvalleien","H2190 - Vochtige duinvalleien","meijendel",1993,88.1418921964419,73.1654085455076,106.183964723398
"2190-vochtige-duinvalleien","H2190 - Vochtige duinvalleien","meijendel",1994,84.7638671623776,70.9543915411854,101.261007532574
"2190-vochtige-duinvalleien","H2190 - Vochtige duinvalleien","meijendel",1995,81.6641160284291,68.9495371305252,96.7233156921691
"2190-vochtige-duinvalleien","H2190 - Vochtige duinvalleien","meijendel",1996,78.8214261088634,67.1299890634132,92.5490574408731
"2190-vochtige-duinvalleien","H2190 - Vochtige duinvalleien","meijendel",1997,76.2092852672983,65.4643655486311,88.7178102511053
"2190-vochtige-duinvalleien","H2190 - Vochtige duinvalleien","meijendel",1998,73.7988763738971,63.91576740155,85.2101817042045
"2190-vochtige-duinvalleien","H2190 - Vochtige duinvalleien","meijendel",1999,71.5614246362517,62.4463358344803,82.0070133425237
"2190-vochtige-duinvalleien","H2190 - Vochtige duinvalleien","meijendel",2000,69.4699749597923,61.0212347737062,79.0884917162263
"2190-vochtige-duinvalleien","H2190 - Vochtige duinvalleien","meijendel",2001,67.5005990351254,59.6116389127302,76.4335782945192
"2190-vochtige-duinvalleien","H2190 - Vochtige duinvalleien","meijendel",2002,65.6331638467988,58.1967719612882,74.019778956231
"2190-vochtige-duinvalleien","H2190 - Vochtige duinvalleien","meijendel",2003,63.8517262706336,56.7647564177142,71.823490578172
"2190-vochtige-duinvalleien","H2190 - Vochtige duinvalleien","meijendel",2004,62.144648469754,55.3123129121003,69.8209337144612
"2190-vochtige-duinvalleien","H2190 - Vochtige duinvalleien","meijendel",2005,60.5044972334248,53.8434951640391,67.9895347491199
"2190-vochtige-duinvalleien","H2190 - Vochtige duinvalleien","meijendel",2006,58.9278026961296,52.3679737622616,66.3093429270007
"2190-vochtige-duinvalleien","H2190 - Vochtige duinvalleien","meijendel",2007,57.4147107523321,50.8993252995734,64.7641003367405
"2190-vochtige-duinvalleien","H2190 - Vochtige duinvalleien","meijendel",2008,55.9685761691183,49.4536910613556,63.3417132507264
"2190-vochtige-duinvalleien","H2190 - Vochtige duinvalleien","meijendel",2009,54.5955209242023,48.0488533788965,62.0341734584275
"2190-vochtige-duinvalleien","H2190 - Vochtige duinvalleien","meijendel",2010,53.3039775813206,46.7035972854142,60.8371558324756
"2190-vochtige-duinvalleien","H2190 - Vochtige duinvalleien","meijendel",2011,52.1042361876531,45.4371895365475,59.7495456120815
"2190-vochtige-duinvalleien","H2190 - Vochtige duinvalleien","meijendel",2012,51.008003397722,44.268855883875,58.7730664972919
"2190-vochtige-duinvalleien","H2190 - Vochtige duinvalleien","meijendel",2013,50.0279863435891,43.2172463172147,57.9120520364436
"2190-vochtige-duinvalleien","H2190 - Vochtige duinvalleien","meijendel",2014,49.1775095931315,42.2999356673406,57.1733127161654
"2190-vochtige-duinvalleien","H2190 - Vochtige duinvalleien","meijendel",2015,48.4701741017474,41.5330277679744,56.5660127303616
"2190-vochtige-duinvalleien","H2190 - Vochtige duinvalleien","meijendel",2016,47.9195657479208,40.9309083038934,56.1014860559759
"2190-vochtige-duinvalleien","H2190 - Vochtige duinvalleien","meijendel",2017,47.5390180519132,40.5061591572856,55.7929530806587
"2190-vochtige-duinvalleien","H2190 - Vochtige duinvalleien","meijendel",2018,47.3414309438968,40.2696077267887,55.6551506292628
"2190-vochtige-duinvalleien","H2190 - Vochtige duinvalleien","meijendel",2019,47.3391347039247,40.230448633494,55.7039195593404
"2190-vochtige-duinvalleien","H2190 - Vochtige duinvalleien","meijendel",2020,47.5437966151723,40.396408722149,55.9557809242956
"2190-vochtige-duinvalleien","H2190 - Vochtige duinvalleien","meijendel",2021,47.9663452356782,40.773864365825,56.4275746499192
"2190-vochtige-duinvalleien","H2190 - Vochtige duinvalleien","meijendel",2022,48.6168911290977,41.3246409732614,57.1959501012454
"2190-vochtige-duinvalleien","H2190 - Vochtige duinvalleien","meijendel",2023,49.5046337970998,41.3874837343572,59.2137657634531
"2190-vochtige-duinvalleien","H2190 - Vochtige duinvalleien","meijendel",2024,50.6377171185723,41.4567802792719,61.8518461324556
"2190-vochtige-duinvalleien","H2190 - Vochtige duinvalleien","meijendel",2025,52.0230289514211,41.4780532732147,65.2488563880627
"300","Vogels van pionierbegroeiingen","landelijk",1990,100,92.4023849772975,108.222314851039
"300","Vogels van pionierbegroeiingen","landelijk",1991,100.371601779454,94.5544809790874,106.546599795745
"300","Vogels van pionierbegroeiingen","landelijk",1992,100.912744841547,96.1626208754802,105.897509642978
"300","Vogels van pionierbegroeiingen","landelijk",1993,101.79401326797,97.260538958512,106.538800300293
"300","Vogels van pionierbegroeiingen","landelijk",1994,103.108307197596,98.4079144660715,108.033211259845
"300","Vogels van pionierbegroeiingen","landelijk",1995,104.80428797873,100.010462204713,109.827897367831
"300","Vogels van pionierbegroeiingen","landelijk",1996,106.66599653052,101.922449165696,111.630312153824
"300","Vogels van pionierbegroeiingen","landelijk",1997,108.342801918391,103.635341040999,113.264091280253
"300","Vogels van pionierbegroeiingen","landelijk",1998,109.429541048975,104.647354858293,114.430264103711
"300","Vogels van pionierbegroeiingen","landelijk",1999,109.581694236302,104.716836069881,114.672560424618
"300","Vogels van pionierbegroeiingen","landelijk",2000,108.628707399796,103.81274671514,113.668084553529
"300","Vogels van pionierbegroeiingen","landelijk",2001,106.638255406007,101.994525654345,111.493410485334
"300","Vogels van pionierbegroeiingen","landelijk",2002,103.901562818607,99.4260775094823,108.578504015905
"300","Vogels van pionierbegroeiingen","landelijk",2003,100.848480469284,96.4610025323138,105.43552053128
"300","Vogels van pionierbegroeiingen","landelijk",2004,97.9334443140981,93.6064571320685,102.460447805334
"300","Vogels van pionierbegroeiingen","landelijk",2005,95.5377170462791,91.3169765318854,99.9535434161885
"300","Vogels van pionierbegroeiingen","landelijk",2006,93.9129141665798,89.8260704192558,98.1856982732792
"300","Vogels van pionierbegroeiingen","landelijk",2007,93.166224150615,89.1501150323165,97.363254319259
"300","Vogels van pionierbegroeiingen","landelijk",2008,93.2747007896429,89.2156304148327,97.5184479103446
"300","Vogels van pionierbegroeiingen","landelijk",2009,94.1157440572594,89.9578245855983,98.465845747782
"300","Vogels van pionierbegroeiingen","landelijk",2010,95.5057473612793,91.2860229603178,99.920529816504
"300","Vogels van pionierbegroeiingen","landelijk",2011,97.2417778921862,93.0112118681033,101.664768985512
"300","Vogels van pionierbegroeiingen","landelijk",2012,99.1402785496552,94.8698821460311,103.602899134775
"300","Vogels van pionierbegroeiingen","landelijk",2013,101.065034190907,96.6639990807748,105.666444934417
"300","Vogels van pionierbegroeiingen","landelijk",2014,102.937931415384,98.3742664089336,107.713308682076
"300","Vogels van pionierbegroeiingen","landelijk",2015,104.731444001004,100.081911757685,109.596980812003
"300","Vogels van pionierbegroeiingen","landelijk",2016,106.44858841118,101.796672990191,111.31308756844
"300","Vogels van pionierbegroeiingen","landelijk",2017,108.10029734259,103.403373213214,113.010571342397
"300","Vogels van pionierbegroeiingen","landelijk",2018,109.689644642794,104.811632514112,114.794683121098
"300","Vogels van pionierbegroeiingen","landelijk",2019,111.207915254388,106.121182824801,116.538471264917
"300","Vogels van pionierbegroeiingen","landelijk",2020,112.641587346913,107.506601497342,118.021842596763
"300","Vogels van pionierbegroeiingen","landelijk",2021,113.98441412789,108.908030983755,119.297415872081
"300","Vogels van pionierbegroeiingen","landelijk",2022,115.246810945496,109.821959609379,120.939632477408
"300","Vogels van pionierbegroeiingen","landelijk",2023,116.456406715472,109.707077484589,123.620963898017
"300","Vogels van pionierbegroeiingen","landelijk",2024,117.64811244266,108.709661777791,127.321510664001
"300","Vogels van pionierbegroeiingen","meijendel",1958,164.302478130967,145.619084690978,185.383010594143
"300","Vogels van pionierbegroeiingen","meijendel",1959,163.087892183056,146.502910776077,181.550389926145
"300","Vogels van pionierbegroeiingen","meijendel",1960,162.285384993093,147.335434115845,178.752289565651
"300","Vogels van pionierbegroeiingen","meijendel",1961,161.913042005002,148.220753040646,176.870192827346
"300","Vogels van pionierbegroeiingen","meijendel",1962,161.98410209783,148.175633262599,177.079380426466
"300","Vogels van pionierbegroeiingen","meijendel",1963,162.506290373597,148.475525598169,177.862946129307
"300","Vogels van pionierbegroeiingen","meijendel",1964,163.480911316018,149.200571102288,179.12805673105
"300","Vogels van pionierbegroeiingen","meijendel",1965,164.90164011936,150.329340863065,180.886517282242
"300","Vogels van pionierbegroeiingen","meijendel",1966,166.75288301599,151.817546993362,183.157510741234
"300","Vogels van pionierbegroeiingen","meijendel",1967,169.007842683731,153.591469157207,185.971597546038
"300","Vogels van pionierbegroeiingen","meijendel",1968,171.626187419088,155.543355411383,189.371947969796
"300","Vogels van pionierbegroeiingen","meijendel",1969,174.55147752408,157.531871342876,193.409867134276
"300","Vogels van pionierbegroeiingen","meijendel",1970,177.70848963789,159.391057045851,198.130985983083
"300","Vogels van pionierbegroeiingen","meijendel",1971,181.000695952796,160.947825098127,203.55200149752
"300","Vogels van pionierbegroeiingen","meijendel",1972,184.308295758288,162.042824547936,209.633150866706
"300","Vogels van pionierbegroeiingen","meijendel",1973,187.487285654555,162.545626439249,216.256094071227
"300","Vogels van pionierbegroeiingen","meijendel",1974,190.370222380468,162.361285179199,223.210979940135
"300","Vogels van pionierbegroeiingen","meijendel",1975,192.769336214773,161.429295915188,230.1937623776
"300","Vogels van pionierbegroeiingen","meijendel",1976,194.482647089105,159.719746205958,236.81167117566
"300","Vogels van pionierbegroeiingen","meijendel",1977,195.303489016931,157.22921470466,242.597744279491
"300","Vogels van pionierbegroeiingen","meijendel",1978,195.033400901633,153.976961229913,247.037135707985
"300","Vogels van pionierbegroeiingen","meijendel",1979,193.497755776116,150.001614893367,249.606522683172
"300","Vogels van pionierbegroeiingen","meijendel",1980,190.562652817666,145.357569207769,249.826168990212
"300","Vogels van pionierbegroeiingen","meijendel",1981,186.150927725804,140.111272077871,247.318915739473
"300","Vogels van pionierbegroeiingen","meijendel",1982,180.254720554338,134.337689796083,241.866332013325
"300","Vogels van pionierbegroeiingen","meijendel",1983,172.94212404709,128.117191881734,233.450154742139
"300","Vogels van pionierbegroeiingen","meijendel",1984,164.3560901472,121.532796930168,222.268597866598
"300","Vogels van pionierbegroeiingen","meijendel",1985,154.705181657652,114.66832193558,208.72105589173
"300","Vogels van pionierbegroeiingen","meijendel",1986,144.247065340408,107.606828148809,193.363341502322
"300","Vogels van pionierbegroeiingen","meijendel",1987,133.267197881391,100.429642275279,176.841673720963
"300","Vogels van pionierbegroeiingen","meijendel",1988,122.055838496883,93.2155126435576,159.819189839608
"300","Vogels van pionierbegroeiingen","meijendel",1989,110.88672277183,86.0397873969718,142.909061715202
"300","Vogels van pionierbegroeiingen","meijendel",1990,100,78.9734146738719,126.624890683731
"300","Vogels van pionierbegroeiingen","meijendel",1991,89.5910312487512,72.0817671021964,111.353442110191
"300","Vogels van pionierbegroeiingen","meijendel",1992,79.8053887499116,65.4233620363017,97.3490183826166
"300","Vogels van pionierbegroeiingen","meijendel",1993,70.7393680557075,59.0486795269174,84.7446248250098
"300","Vogels van pionierbegroeiingen","meijendel",1994,62.4446625737053,52.9993670736782,73.5732537809963
"300","Vogels van pionierbegroeiingen","meijendel",1995,54.935606058324,47.3081271252715,63.7928617424219
"300","Vogels van pionierbegroeiingen","meijendel",1996,48.1974896847912,41.9994285594745,55.3102290100448
"300","Vogels van pionierbegroeiingen","meijendel",1997,42.1947754300262,37.0907809641151,48.0011212304442
"300","Vogels van pionierbegroeiingen","meijendel",1998,36.8784269375888,32.59379272474,41.726300000637
"300","Vogels van pionierbegroeiingen","meijendel",1999,32.1919254076819,28.5138520077468,36.3444427351381
"300","Vogels van pionierbegroeiingen","meijendel",2000,28.0759125136486,24.8487933069819,31.7221385254377
"300","Vogels van pionierbegroeiingen","meijendel",2001,24.4714801323257,21.5873130180695,27.740985613427
"300","Vogels van pionierbegroeiingen","meijendel",2002,21.3223445190581,18.7090399292821,24.3006791106277
"300","Vogels van pionierbegroeiingen","meijendel",2003,18.576128732729,16.1864664979996,21.3185848027775
"300","Vogels van pionierbegroeiingen","meijendel",2004,16.1849902540198,13.987872002738,18.7272166539301
"300","Vogels van pionierbegroeiingen","meijendel",2005,14.105794238599,12.0800895238669,16.4711884550672
"300","Vogels van pionierbegroeiingen","meijendel",2006,12.2999980653491,10.4305560814794,14.5044953716536
"300","Vogels van pionierbegroeiingen","meijendel",2007,10.7333692647733,9.00856090737141,12.7884150374908
"300","Vogels van pionierbegroeiingen","meijendel",2008,9.37562174854292,7.7858558721407,11.2899961950596
"300","Vogels van pionierbegroeiingen","meijendel",2009,8.2000274601029,6.73686070586691,9.98097679055232
"300","Vogels van pionierbegroeiingen","meijendel",2010,7.1830364796201,5.83863731760158,8.83699573392031
"300","Vogels van pionierbegroeiingen","meijendel",2011,6.30392274740107,5.07075000261302,7.83699491884285
"300","Vogels van pionierbegroeiingen","meijendel",2012,5.54446376567506,4.41508745425624,6.96273375496755
"300","Vogels van pionierbegroeiingen","meijendel",2013,4.88865502761169,3.8556754157565,6.19838171058908
"300","Vogels van pionierbegroeiingen","meijendel",2014,4.32245797470788,3.37849653396849,5.53016489887274
"300","Vogels van pionierbegroeiingen","meijendel",2015,3.83357817761666,2.97131847297182,4.94606073956114
"300","Vogels van pionierbegroeiingen","meijendel",2016,3.41127025331653,2.62352973549884,4.43553758270997
"300","Vogels van pionierbegroeiingen","meijendel",2017,3.04616593865469,2.325980640238,3.98933970700227
"300","Vogels van pionierbegroeiingen","meijendel",2018,2.73012212857989,2.07082985675748,3.59931397195154
"300","Vogels van pionierbegroeiingen","meijendel",2019,2.4560858540224,1.85139652363501,3.25827430554159
"300","Vogels van pionierbegroeiingen","meijendel",2020,2.21797390572612,1.66201965300462,2.95989775908403
"300","Vogels van pionierbegroeiingen","meijendel",2021,2.01056489850394,1.49792631325886,2.69864490350106
"300","Vogels van pionierbegroeiingen","meijendel",2022,1.8294021041664,1.3524792477987,2.47450159710441
"300","Vogels van pionierbegroeiingen","meijendel",2023,1.67070508550632,1.18629213462116,2.35292420920255
"300","Vogels van pionierbegroeiingen","meijendel",2024,1.53129028994697,1.03219122528428,2.2717204861338
"300","Vogels van pionierbegroeiingen","meijendel",2025,1.40849734779916,0.887810999513471,2.23455755768338
"3140-kranswierwateren","H3140 - Kranswierwateren","landelijk",1990,100,92.6362700104894,107.949078680172
"3140-kranswierwateren","H3140 - Kranswierwateren","landelijk",1991,105.013109085772,99.0641818107265,111.319276839435
"3140-kranswierwateren","H3140 - Kranswierwateren","landelijk",1992,110.328018584212,105.239477013983,115.662601431409
"3140-kranswierwateren","H3140 - Kranswierwateren","landelijk",1993,116.024949611768,111.009675541067,121.266807301254
"3140-kranswierwateren","H3140 - Kranswierwateren","landelijk",1994,122.183008585218,116.818942532525,127.793380622146
"3140-kranswierwateren","H3140 - Kranswierwateren","landelijk",1995,128.85305346713,123.176452017856,134.791261769711
"3140-kranswierwateren","H3140 - Kranswierwateren","landelijk",1996,136.030035804058,130.178089981522,142.145046401279
"3140-kranswierwateren","H3140 - Kranswierwateren","landelijk",1997,143.627367138916,137.573831771704,149.94727068073
"3140-kranswierwateren","H3140 - Kranswierwateren","landelijk",1998,151.458621460107,145.049416450974,158.151025877097
"3140-kranswierwateren","H3140 - Kranswierwateren","landelijk",1999,159.234583551472,152.410003957292,166.364752578287
"3140-kranswierwateren","H3140 - Kranswierwateren","landelijk",2000,166.584182413607,159.45894433767,174.027803493077
"3140-kranswierwateren","H3140 - Kranswierwateren","landelijk",2001,173.10380727516,165.819408089313,180.708208034467
"3140-kranswierwateren","H3140 - Kranswierwateren","landelijk",2002,178.430033407742,170.995058800888,186.188285469467
"3140-kranswierwateren","H3140 - Kranswierwateren","landelijk",2003,182.318705764313,174.655337882441,190.318319924168
"3140-kranswierwateren","H3140 - Kranswierwateren","landelijk",2004,184.705234127231,176.834764998789,192.925997974599
"3140-kranswierwateren","H3140 - Kranswierwateren","landelijk",2005,185.723465333264,177.810076076455,193.989037834754
"3140-kranswierwateren","H3140 - Kranswierwateren","landelijk",2006,185.67457566096,177.868014174513,193.823764249443
"3140-kranswierwateren","H3140 - Kranswierwateren","landelijk",2007,184.956157714606,177.244504263319,193.003334115955
"3140-kranswierwateren","H3140 - Kranswierwateren","landelijk",2008,183.974853697992,176.239755867604,192.049442116932
"3140-kranswierwateren","H3140 - Kranswierwateren","landelijk",2009,183.067672300583,175.267442272284,191.215049452761
"3140-kranswierwateren","H3140 - Kranswierwateren","landelijk",2010,182.449533713945,174.675182167389,190.569902028422
"3140-kranswierwateren","H3140 - Kranswierwateren","landelijk",2011,182.194143892539,174.536011696404,190.188292640006
"3140-kranswierwateren","H3140 - Kranswierwateren","landelijk",2012,182.247150404284,174.653120915252,190.171373156271
"3140-kranswierwateren","H3140 - Kranswierwateren","landelijk",2013,182.465538587837,174.78718742008,190.481197526978
"3140-kranswierwateren","H3140 - Kranswierwateren","landelijk",2014,182.673497246357,174.86007739349,190.836050707691
"3140-kranswierwateren","H3140 - Kranswierwateren","landelijk",2015,182.721317572892,174.890128219942,190.903170095375
"3140-kranswierwateren","H3140 - Kranswierwateren","landelijk",2016,182.531747053756,174.807634842351,190.597159629463
"3140-kranswierwateren","H3140 - Kranswierwateren","landelijk",2017,182.120510121737,174.444584766577,190.134192192802
"3140-kranswierwateren","H3140 - Kranswierwateren","landelijk",2018,181.585534888817,173.773813705003,189.748419384022
"3140-kranswierwateren","H3140 - Kranswierwateren","landelijk",2019,181.070080023737,173.093065501957,189.41471620902
"3140-kranswierwateren","H3140 - Kranswierwateren","landelijk",2020,180.713479080022,172.779814247066,189.011440158786
"3140-kranswierwateren","H3140 - Kranswierwateren","landelijk",2021,180.606154588048,172.799304706663,188.765707885538
"3140-kranswierwateren","H3140 - Kranswierwateren","landelijk",2022,180.763102143096,172.425958311253,189.503363741854
"3140-kranswierwateren","H3140 - Kranswierwateren","landelijk",2023,181.124817244601,170.864209070301,192.00158769583
"3140-kranswierwateren","H3140 - Kranswierwateren","landelijk",2024,181.588960661337,168.217239907477,196.023610018813
"3140-kranswierwateren","H3140 - Kranswierwateren","meijendel",1958,87.1230824144687,76.283387708793,99.5030729150927
"3140-kranswierwateren","H3140 - Kranswierwateren","meijendel",1959,88.3694118822167,78.8330223759204,99.0594134418747
"3140-kranswierwateren","H3140 - Kranswierwateren","meijendel",1960,89.5052174613553,81.0055532868901,98.8967253199545
"3140-kranswierwateren","H3140 - Kranswierwateren","meijendel",1961,90.5462186900556,82.8612374031797,98.943945033975
"3140-kranswierwateren","H3140 - Kranswierwateren","meijendel",1962,91.5104194331396,83.8664938225733,99.8510428079343
"3140-kranswierwateren","H3140 - Kranswierwateren","meijendel",1963,92.4170988899891,84.7609608185447,100.764787052454
"3140-kranswierwateren","H3140 - Kranswierwateren","meijendel",1964,93.2856851269291,85.6106896768402,101.648743660977
"3140-kranswierwateren","H3140 - Kranswierwateren","meijendel",1965,94.1346212448392,86.4335694973713,102.521820728216
"3140-kranswierwateren","H3140 - Kranswierwateren","meijendel",1966,94.9802115603934,87.2455639464868,103.400564796514
"3140-kranswierwateren","H3140 - Kranswierwateren","meijendel",1967,95.8356193342003,88.0595305772542,104.298374894382
"3140-kranswierwateren","H3140 - Kranswierwateren","meijendel",1968,96.7100146518244,88.8840335174884,105.225050707401
"3140-kranswierwateren","H3140 - Kranswierwateren","meijendel",1969,97.607949271018,89.7222503492565,106.186723179671
"3140-kranswierwateren","H3140 - Kranswierwateren","meijendel",1970,98.5289863234783,90.5712786772309,107.185868276504
"3140-kranswierwateren","H3140 - Kranswierwateren","meijendel",1971,99.4676241760741,91.4219940966027,108.221313229924
"3140-kranswierwateren","H3140 - Kranswierwateren","meijendel",1972,100.413514450804,92.2596745879898,109.28798447848
"3140-kranswierwateren","H3140 - Kranswierwateren","meijendel",1973,101.351979882881,93.0655024964241,110.376278541822
"3140-kranswierwateren","H3140 - Kranswierwateren","meijendel",1974,102.264801683489,93.8186326666428,111.471350264964
"3140-kranswierwateren","H3140 - Kranswierwateren","meijendel",1975,103.131239807161,94.4984403984076,112.552678957666
"3140-kranswierwateren","H3140 - Kranswierwateren","meijendel",1976,103.929234457442,95.0863720421496,113.59446725049
"3140-kranswierwateren","H3140 - Kranswierwateren","meijendel",1977,104.636682276894,95.5668604734533,114.567280160439
"3140-kranswierwateren","H3140 - Kranswierwateren","meijendel",1978,105.232692214274,95.9272816277661,115.440772663975
"3140-kranswierwateren","H3140 - Kranswierwateren","meijendel",1979,105.698682437272,96.1571816600066,116.1869688369
"3140-kranswierwateren","H3140 - Kranswierwateren","meijendel",1980,106.019208329487,96.2473688673287,116.783166824071
"3140-kranswierwateren","H3140 - Kranswierwateren","meijendel",1981,106.182406868708,96.189248437067,117.21376049433
"3140-kranswierwateren","H3140 - Kranswierwateren","meijendel",1982,106.180026930893,95.9747696515564,117.470436865615
"3140-kranswierwateren","H3140 - Kranswierwateren","meijendel",1983,106.007078909371,95.5969838263732,117.550787996696
"3140-kranswierwateren","H3140 - Kranswierwateren","meijendel",1984,105.661196908426,95.0509238611656,117.455865536122
"3140-kranswierwateren","H3140 - Kranswierwateren","meijendel",1985,105.141887512379,94.3345148661904,117.187399811687
"3140-kranswierwateren","H3140 - Kranswierwateren","meijendel",1986,104.449869713102,93.4491714026127,116.745553966238
"3140-kranswierwateren","H3140 - Kranswierwateren","meijendel",1987,103.586673114904,92.399879059391,116.127845147038
"3140-kranswierwateren","H3140 - Kranswierwateren","meijendel",1988,102.554619990892,91.1947515640214,115.329554619081
"3140-kranswierwateren","H3140 - Kranswierwateren","meijendel",1989,101.357233146959,89.8442067037825,114.345588748735
"3140-kranswierwateren","H3140 - Kranswierwateren","meijendel",1990,100,88.3599863606727,113.173399090188
"3140-kranswierwateren","H3140 - Kranswierwateren","meijendel",1991,98.491341252281,86.7542856335887,111.81631236806
"3140-kranswierwateren","H3140 - Kranswierwateren","meijendel",1992,96.8435690947951,85.0392540777184,110.286443322363
"3140-kranswierwateren","H3140 - Kranswierwateren","meijendel",1993,95.0736026894682,83.2270990285996,108.606331757986
"3140-kranswierwateren","H3140 - Kranswierwateren","meijendel",1994,93.2032397094935,81.3309217235127,106.808624668936
"3140-kranswierwateren","H3140 - Kranswierwateren","meijendel",1995,91.2588566511159,79.3662102016097,104.933559207543
"3140-kranswierwateren","H3140 - Kranswierwateren","meijendel",1996,89.2705116572198,77.3526046824805,103.024640013793
"3140-kranswierwateren","H3140 - Kranswierwateren","meijendel",1997,87.2705293755965,75.3152519801008,101.123545327965
"3140-kranswierwateren","H3140 - Kranswierwateren","meijendel",1998,85.2917375138898,73.2849868394834,99.2656313641982
"3140-kranswierwateren","H3140 - Kranswierwateren","meijendel",1999,83.365559266407,71.2968281932843,97.4772181023256
"3140-kranswierwateren","H3140 - Kranswierwateren","meijendel",2000,81.5202271893878,69.3870102239284,95.7750942080174
"3140-kranswierwateren","H3140 - Kranswierwateren","meijendel",2001,79.7792666685243,67.5891348061785,94.1679666179969
"3140-kranswierwateren","H3140 - Kranswierwateren","meijendel",2002,78.1604352142591,65.9305553410227,92.6589136294029
"3140-kranswierwateren","H3140 - Kranswierwateren","meijendel",2003,76.6751629673142,64.429725072997,91.2479544092943
"3140-kranswierwateren","H3140 - Kranswierwateren","meijendel",2004,75.3285186602267,63.0949830833319,89.9340240102728
"3140-kranswierwateren","H3140 - Kranswierwateren","meijendel",2005,74.1196488010306,61.924767700906,88.7160750432292
"3140-kranswierwateren","H3140 - Kranswierwateren","meijendel",2006,73.0426207249809,60.9090162256807,87.593344515782
"3140-kranswierwateren","H3140 - Kranswierwateren","meijendel",2007,72.0875646981529,60.0313427522706,86.565063279612
"3140-kranswierwateren","H3140 - Kranswierwateren","meijendel",2008,71.2420251439049,59.271602068709,85.6299807911591
"3140-kranswierwateren","H3140 - Kranswierwateren","meijendel",2009,70.4924262303099,58.608469936619,84.7860754803786
"3140-kranswierwateren","H3140 - Kranswierwateren","meijendel",2010,69.8255645401526,58.0217622948682,84.0307028003224
"3140-kranswierwateren","H3140 - Kranswierwateren","meijendel",2011,69.2300567416564,57.4943394098906,83.3612631372972
"3140-kranswierwateren","H3140 - Kranswierwateren","meijendel",2012,68.6976643228798,57.0135423745887,82.7762823858938
"3140-kranswierwateren","H3140 - Kranswierwateren","meijendel",2013,68.2244293350078,56.5721985406823,82.276681446988
"3140-kranswierwateren","H3140 - Kranswierwateren","meijendel",2014,67.8115568300353,56.1692497983922,81.8669869406861
"3140-kranswierwateren","H3140 - Kranswierwateren","meijendel",2015,67.4659964144832,55.8100460897987,81.5562966007127
"3140-kranswierwateren","H3140 - Kranswierwateren","meijendel",2016,67.2007008414849,55.506309918523,81.3589337899715
"3140-kranswierwateren","H3140 - Kranswierwateren","meijendel",2017,67.034567356168,55.2757723064947,81.2948066236361
"3140-kranswierwateren","H3140 - Kranswierwateren","meijendel",2018,66.9921069983572,55.1415037501562,81.3895540537671
"3140-kranswierwateren","H3140 - Kranswierwateren","meijendel",2019,67.1029149817743,55.131010830253,81.6745626688262
"3140-kranswierwateren","H3140 - Kranswierwateren","meijendel",2020,67.4010375138121,55.2752096787593,82.1869312543561
"3140-kranswierwateren","H3140 - Kranswierwateren","meijendel",2021,67.9243340201805,55.6073941558883,82.9694543706019
"3140-kranswierwateren","H3140 - Kranswierwateren","meijendel",2022,68.7139111326907,56.088977177191,84.1805613291053
"3140-kranswierwateren","H3140 - Kranswierwateren","meijendel",2023,69.8136951911794,55.6161409403167,87.6355668308105
"3140-kranswierwateren","H3140 - Kranswierwateren","meijendel",2024,71.2701587921875,55.0416241915185,92.2835328512402
"3140-kranswierwateren","H3140 - Kranswierwateren","meijendel",2025,73.1321554740187,54.2958289765349,98.5031864342182
"400","Vogels van open heide","landelijk",1990,100,92.319856027246,108.319059737797
"400","Vogels van open heide","landelijk",1991,96.458837416486,90.2221041382623,103.126693891793
"400","Vogels van open heide","landelijk",1992,93.0339281582067,87.8958545551736,98.4723549517717
"400","Vogels van open heide","landelijk",1993,89.7089723491966,85.2975834007057,94.3485078837806
"400","Vogels van open heide","landelijk",1994,86.4667950479686,82.4930296197621,90.6319804270632
"400","Vogels van open heide","landelijk",1995,83.2919607817462,79.5963283650734,87.1591802457074
"400","Vogels van open heide","landelijk",1996,80.1729893521216,76.6798336429853,83.8252760377945
"400","Vogels van open heide","landelijk",1997,77.1041585623693,73.7663645975458,80.5929816393415
"400","Vogels van open heide","landelijk",1998,74.0867224708327,70.8732668755697,77.4458789391887
"400","Vogels van open heide","landelijk",1999,71.1293200704981,68.0338192303539,74.365664472855
"400","Vogels van open heide","landelijk",2000,68.2474156784805,65.2817259419864,71.3478340160682
"400","Vogels van open heide","landelijk",2001,65.4617731141591,62.634204324541,68.4169901328278
"400","Vogels van open heide","landelijk",2002,62.7961614964762,60.0981286931013,65.6153192194848
"400","Vogels van open heide","landelijk",2003,60.2746504606886,57.6883709625706,62.9768777924995
"400","Vogels van open heide","landelijk",2004,57.9189228532268,55.4329298308048,60.51640486471
"400","Vogels van open heide","landelijk",2005,55.7459966729955,53.3581498009601,58.2407028103084
"400","Vogels van open heide","landelijk",2006,53.7666279145689,51.4733473325468,56.1620805157121
"400","Vogels van open heide","landelijk",2007,51.9845092108114,49.7722905087964,54.2950539399293
"400","Vogels van open heide","landelijk",2008,50.3962345803896,48.2467096677638,52.641526797808
"400","Vogels van open heide","landelijk",2009,48.9919004027552,46.8933612588948,51.184351913315
"400","Vogels van open heide","landelijk",2010,47.7561661789706,45.7063784748829,49.8978804318691
"400","Vogels van open heide","landelijk",2011,46.6695964223778,44.6670859226885,48.7618832801736
"400","Vogels van open heide","landelijk",2012,45.7101292589155,43.7461966673672,47.7622302289282
"400","Vogels van open heide","landelijk",2013,44.8545505834069,42.9170942441048,46.8794717693586
"400","Vogels van open heide","landelijk",2014,44.0798830967302,42.1643928823946,46.0823922981873
"400","Vogels van open heide","landelijk",2015,43.3646220242748,41.4774224309757,45.3376881467892
"400","Vogels van open heide","landelijk",2016,42.6897636889077,40.8381274521909,44.6253547239226
"400","Vogels van open heide","landelijk",2017,42.0395822053925,40.2197132594737,43.941796914419
"400","Vogels van open heide","landelijk",2018,41.4021172537005,39.5982174188084,43.2881938840757
"400","Vogels van open heide","landelijk",2019,40.7693457405965,38.9604254761271,42.6622536023065
"400","Vogels van open heide","landelijk",2020,40.1370243637584,38.2924420623177,42.0704618983351
"400","Vogels van open heide","landelijk",2021,39.5042086306482,37.5616110865165,41.5472727178621
"400","Vogels van open heide","landelijk",2022,38.8724741742868,36.7256269176619,41.1448183530913
"400","Vogels van open heide","landelijk",2023,38.2448836526526,35.7720864991019,40.8886164815031
"400","Vogels van open heide","landelijk",2024,37.6247520820333,34.7351169527414,40.7547776839353
"400","Vogels van open heide","meijendel",1958,272.02043355881,234.696804380421,315.279607103572
"400","Vogels van open heide","meijendel",1959,262.906232978212,230.620149761149,299.712264563094
"400","Vogels van open heide","meijendel",1960,254.659709522897,226.306437447622,286.565280182522
"400","Vogels van open heide","meijendel",1961,247.264613974484,221.973264516081,275.437627397336
"400","Vogels van open heide","meijendel",1962,240.695755462689,215.885518241578,268.357262541924
"400","Vogels van open heide","meijendel",1963,234.919157759427,210.415379009189,262.276507269883
"400","Vogels van open heide","meijendel",1964,229.892300767396,205.683827847367,256.950050498604
"400","Vogels van open heide","meijendel",1965,225.564089637613,201.642977793589,252.322987345125
"400","Vogels van open heide","meijendel",1966,221.874752758094,198.228028004169,248.342307629828
"400","Vogels van open heide","meijendel",1967,218.755621839332,195.35440523954,244.960035723971
"400","Vogels van open heide","meijendel",1968,216.128832710752,192.915239676924,242.135729697356
"400","Vogels van open heide","meijendel",1969,213.907074745254,190.780013214497,239.837684541027
"400","Vogels van open heide","meijendel",1970,211.993462209634,188.796765030518,238.04024402835
"400","Vogels van open heide","meijendel",1971,210.281695382648,186.79985255885,236.715344296485
"400","Vogels van open heide","meijendel",1972,208.656700943584,184.624274159541,235.817413754801
"400","Vogels van open heide","meijendel",1973,206.995930943522,182.123550074748,235.265101133763
"400","Vogels van open heide","meijendel",1974,205.171564433554,179.18615246348,234.925357084676
"400","Vogels van open heide","meijendel",1975,203.053767923018,175.743856069222,234.6075338844
"400","Vogels van open heide","meijendel",1976,200.515150126891,171.770505353566,234.070018875769
"400","Vogels van open heide","meijendel",1977,197.436384295698,167.27411911755,233.037400223074
"400","Vogels van open heide","meijendel",1978,193.712696815503,162.285908182634,231.225306791922
"400","Vogels van open heide","meijendel",1979,189.260817202917,156.85095028898,228.367484304826
"400","Vogels van open heide","meijendel",1980,184.025618838603,151.021049299029,224.243100853282
"400","Vogels van open heide","meijendel",1981,177.985610288065,144.850175696515,218.700994439851
"400","Vogels van open heide","meijendel",1982,171.156261363123,138.39130271937,211.678517566998
"400","Vogels van open heide","meijendel",1983,163.590627865003,131.695349076296,203.210619911578
"400","Vogels van open heide","meijendel",1984,155.376694836231,124.810525075506,193.428537245766
"400","Vogels van open heide","meijendel",1985,146.631753637263,117.78298328717,182.546498438719
"400","Vogels van open heide","meijendel",1986,137.494261259084,110.657342777886,170.839741896994
"400","Vogels van open heide","meijendel",1987,128.114371406002,103.47801478141,158.616225827554
"400","Vogels van open heide","meijendel",1988,118.644183570955,96.2902460016701,146.187624185468
"400","Vogels van open heide","meijendel",1989,109.228946092413,89.1410659383511,133.843616731156
"400","Vogels van open heide","meijendel",1990,100,82.079759215221,121.832716075337
"400","Vogels van open heide","meijendel",1991,91.0699598452093,75.1577398078198,110.351077712227
"400","Vogels van open heide","meijendel",1992,82.5301815495584,68.427670685337,99.5391308572282
"400","Vogels van open heide","meijendel",1993,74.4502415918859,61.9417811876955,89.4846477903875
"400","Vogels van open heide","meijendel",1994,66.8789491484398,55.7495043517395,80.230199195664
"400","Vogels van open heide","meijendel",1995,59.8463493916055,49.8947788811096,71.7827719817417
"400","Vogels van open heide","meijendel",1996,53.3662266800839,44.41353461321,64.1235644690849
"400","Vogels van open heide","meijendel",1997,47.438735930738,39.3318763725353,57.2165346344302
"400","Vogels van open heide","meijendel",1998,42.0529347654032,34.6652765176793,51.0150069474087
"400","Vogels van open heide","meijendel",1999,37.1890884362625,30.4186697603363,45.4664293217556
"400","Vogels van open heide","meijendel",2000,32.8207724347475,26.5874071581221,40.5155379314379
"400","Vogels van open heide","meijendel",2001,28.916733505721,23.1585319245726,36.1066702917232
"400","Vogels van open heide","meijendel",2002,25.4425701726911,20.1123372244598,32.1854377125827
"400","Vogels van open heide","meijendel",2003,22.3622276306099,17.424010647131,28.7000068314094
"400","Vogels van open heide","meijendel",2004,19.6393043915212,15.0653200933555,25.6019968107371
"400","Vogels van open heide","meijendel",2005,17.2381455101657,13.006212475095,22.8470556819407
"400","Vogels van open heide","meijendel",2006,15.1247043550645,11.2162311499961,20.3951468874808
"400","Vogels van open heide","meijendel",2007,13.2671643175901,9.66566718702028,18.2106051888797
"400","Vogels van open heide","meijendel",2008,11.6363250315596,8.32638977946886,16.2620371885517
"400","Vogels van open heide","meijendel",2009,10.2057787182922,7.17237419187902,14.5220977685019
"400","Vogels van open heide","meijendel",2010,8.95191381692257,6.17997332939795,12.9671693896155
"400","Vogels van open heide","meijendel",2011,7.85378701789291,5.32798659577513,11.5769755448211
"400","Vogels van open heide","meijendel",2012,6.89291020854279,4.59759702557171,10.3341399602383
"400","Vogels van open heide","meijendel",2013,6.05299106677379,3.97222298914252,9.22372710560052
"400","Vogels van open heide","meijendel",2014,5.31966139830642,3.4373269855125,8.23279179196626
"400","Vogels van open heide","meijendel",2015,4.68021813097635,2.98020950933634,7.34996706939494
"400","Vogels van open heide","meijendel",2016,4.12339287951274,2.58980561501124,6.56511389899917
"400","Vogels van open heide","meijendel",2017,3.63915830125101,2.25649518891923,5.86904559185311
"400","Vogels van open heide","meijendel",2018,3.21857262041017,1.97193216960889,5.25332963907611
"400","Vogels van open heide","meijendel",2019,2.85365835176583,1.72889329449868,4.71016112707186
"400","Vogels van open heide","meijendel",2020,2.53730912876591,1.52114473253633,4.2322978722638
"400","Vogels van open heide","meijendel",2021,2.26321646563907,1.34332379843724,3.8130410376848
"400","Vogels van open heide","meijendel",2022,2.02580948269243,1.1867432317251,3.45812299616066
"400","Vogels van open heide","meijendel",2023,1.8202009865166,0.993784383822544,3.3338535855959
"400","Vogels van open heide","meijendel",2024,1.64213774665803,0.819192374080998,3.29179868406891
"400","Vogels van open heide","meijendel",2025,1.48794861065967,0.661121784895272,3.34883998462516
"500","Weidevogels","landelijk",1990,100,92.3559190252215,108.276763477056
"500","Weidevogels","landelijk",1991,99.2029807157323,93.3233408875251,105.453054823089
"500","Weidevogels","landelijk",1992,98.4985161347035,93.7328385110864,103.506496067447
"500","Weidevogels","landelijk",1993,97.9645444356057,93.556040017995,102.580784358015
"500","Weidevogels","landelijk",1994,97.625918601794,93.19479832037,102.267724750909
"500","Weidevogels","landelijk",1995,97.421656573267,92.9858303955211,102.069090840068
"500","Weidevogels","landelijk",1996,97.2012174866776,92.8643304355353,101.740642898955
"500","Weidevogels","landelijk",1997,96.7495217799008,92.5101079055345,101.183213127346
"500","Weidevogels","landelijk",1998,95.8362519612638,91.6250646457709,100.240990011752
"500","Weidevogels","landelijk",1999,94.2778888840981,90.0920005212821,98.658263564063
"500","Weidevogels","landelijk",2000,91.9935206047493,87.9195577731159,96.2562602407016
"500","Weidevogels","landelijk",2001,89.0339299701202,85.1499914271041,93.0950262362682
"500","Weidevogels","landelijk",2002,85.5722772570806,81.873007048396,89.4386916878991
"500","Weidevogels","landelijk",2003,81.8607783758262,78.2948087128338,85.5891616119078
"500","Weidevogels","landelijk",2004,78.1715231498307,74.7244566884232,81.7776040452796
"500","Weidevogels","landelijk",2005,74.7428158532969,71.4470560335117,78.1906047893639
"500","Weidevogels","landelijk",2006,71.7451323260944,68.6189996754391,75.013684793356
"500","Weidevogels","landelijk",2007,69.2697176639832,66.2738531472255,72.4010082013592
"500","Weidevogels","landelijk",2008,67.3348363104833,64.4008723816139,70.4024652662006
"500","Weidevogels","landelijk",2009,65.9020993307125,62.9961679909037,68.9420775057654
"500","Weidevogels","landelijk",2010,64.89648423626,62.0347964341009,67.8901827412467
"500","Weidevogels","landelijk",2011,64.2259050345748,61.4281350466076,67.1511006215715
"500","Weidevogels","landelijk",2012,63.7978432266084,61.0398768805978,66.6804228378228
"500","Weidevogels","landelijk",2013,63.5314436651957,60.7600033521878,66.4292974242997
"500","Weidevogels","landelijk",2014,63.3641878450042,60.5580842798813,66.300318925228
"500","Weidevogels","landelijk",2015,63.2532265625249,60.4448167846592,66.1921217302051
"500","Weidevogels","landelijk",2016,63.1725809618965,60.3966838854831,66.0760612777051
"500","Weidevogels","landelijk",2017,63.1082220721891,60.3429177345815,66.0002506115205
"500","Weidevogels","landelijk",2018,63.0531083048211,60.2398286359843,65.9977718549587
"500","Weidevogels","landelijk",2019,63.0035919397379,60.1348973162983,66.0091357008632
"500","Weidevogels","landelijk",2020,62.9575743992437,60.1000075892694,65.9510095460287
"500","Weidevogels","landelijk",2021,62.9139032025647,60.0827133900102,65.8785030311198
"500","Weidevogels","landelijk",2022,62.8721389587078,59.8301809928163,66.0687598073232
"500","Weidevogels","landelijk",2023,62.8320814230718,59.1081004926715,66.7906839003394
"500","Weidevogels","landelijk",2024,62.7931443726652,57.9931855702091,67.9903844121968
"500","Weidevogels","meijendel",1958,232.104973573421,210.101491138682,256.412833938235
"500","Weidevogels","meijendel",1959,227.798252954809,208.788870448548,248.538362881996
"500","Weidevogels","meijendel",1960,223.533571280206,206.832285003528,241.58345245004
"500","Weidevogels","meijendel",1961,219.364657677029,204.428434033631,235.392171667488
"500","Weidevogels","meijendel",1962,215.338365155974,200.590881995626,231.170086330538
"500","Weidevogels","meijendel",1963,211.493322028986,196.798597889452,227.28528425788
"500","Weidevogels","meijendel",1964,207.858846207415,193.178600194703,223.654690028459
"500","Weidevogels","meijendel",1965,204.454063080414,189.752715205072,220.294417736862
"500","Weidevogels","meijendel",1966,201.28720091429,186.528442082316,217.213722473645
"500","Weidevogels","meijendel",1967,198.355191941582,183.496898007142,214.416606479366
"500","Weidevogels","meijendel",1968,195.64346613667,180.631617096393,211.902912996369
"500","Weidevogels","meijendel",1969,193.126023639571,177.888317917908,209.668973451333
"500","Weidevogels","meijendel",1970,190.765770235453,175.207001661463,207.706191809856
"500","Weidevogels","meijendel",1971,188.515173353747,172.516615071149,205.997379266552
"500","Weidevogels","meijendel",1972,186.317298580056,169.742651404066,204.510389480922
"500","Weidevogels","meijendel",1973,184.107279135096,166.815859405745,203.191053604108
"500","Weidevogels","meijendel",1974,181.814294089948,163.680186616974,201.957477069482
"500","Weidevogels","meijendel",1975,179.364116639882,160.297731970891,200.698325188078
"500","Weidevogels","meijendel",1976,176.682255152316,156.649819314629,199.276446166911
"500","Weidevogels","meijendel",1977,173.697615835724,152.734644670195,197.537774171432
"500","Weidevogels","meijendel",1978,170.346518942964,148.56290602124,195.324238688741
"500","Weidevogels","meijendel",1979,166.576827979583,144.153360059849,192.488330540609
"500","Weidevogels","meijendel",1980,162.351746980416,139.528631071687,188.908108286755
"500","Weidevogels","meijendel",1981,157.652898589949,134.712367278364,184.500034673539
"500","Weidevogels","meijendel",1982,152.482166910221,129.727195468421,179.228504414068
"500","Weidevogels","meijendel",1983,146.862079355933,124.594075249868,173.109919628954
"500","Weidevogels","meijendel",1984,140.834510217246,119.332275276767,166.211188231598
"500","Weidevogels","meijendel",1985,134.457872298678,113.960065917669,158.642584816939
"500","Weidevogels","meijendel",1986,127.803113709683,108.495721900605,150.546358766604
"500","Weidevogels","meijendel",1987,120.949048690488,102.958693559834,142.082925427106
"500","Weidevogels","meijendel",1988,113.977569885273,97.370655177643,133.416853499155
"500","Weidevogels","meijendel",1989,106.969294028232,91.756312214363,124.704552621583
"500","Weidevogels","meijendel",1990,100,86.1437980149593,116.0849675825
"500","Weidevogels","meijendel",1991,93.1380783262293,80.5645933229331,107.673871070526
"500","Weidevogels","meijendel",1992,86.44300967665,75.0529183719605,99.5616704059981
"500","Weidevogels","meijendel",1993,79.9647458056562,69.6446184358799,91.8141374792704
"500","Weidevogels","meijendel",1994,73.7437772417503,64.3756562315824,84.4751727627898
"500","Weidevogels","meijendel",1995,67.8116450325661,59.2804248491907,77.5706181884006
"500","Weidevogels","meijendel",1996,62.1916786700201,54.3901545153614,71.112224818237
"500","Weidevogels","meijendel",1997,56.8997999980936,49.7316575429205,65.1011327549031
"500","Weidevogels","meijendel",1998,51.9453054538404,45.3265523125973,59.5305537487981
"500","Weidevogels","meijendel",1999,47.3315779966613,41.1908474060459,54.3877685634894
"500","Weidevogels","meijendel",2000,43.0567877868901,37.3349836460726,49.6554918062837
"500","Weidevogels","meijendel",2001,39.1145576389403,33.7639301354135,45.3131081942765
"500","Weidevogels","meijendel",2002,35.4946602733732,30.4774810198344,41.337763678772
"500","Weidevogels","meijendel",2003,32.183742986395,27.4706640548808,37.7054340785148
"500","Weidevogels","meijendel",2004,29.166077885286,24.734353065067,34.3918475236767
"500","Weidevogels","meijendel",2005,26.4243050462951,22.2560445948535,31.3732251121172
"500","Weidevogels","meijendel",2006,23.9401340035465,20.020758494701,28.6267883536708
"500","Weidevogels","meijendel",2007,21.6949683896887,18.0119717395148,26.1310455199654
"500","Weidevogels","meijendel",2008,19.6704240033616,16.2124717728897,23.8659216122144
"500","Weidevogels","meijendel",2009,17.8487268489253,14.6050616148907,21.8127837134722
"500","Weidevogels","meijendel",2010,16.2129916578176,13.1730861683673,19.9544051512906
"500","Weidevogels","meijendel",2011,14.7473879465269,11.9007619557189,18.2749181989019
"500","Weidevogels","meijendel",2012,13.4372147191273,10.7733522674605,16.7597545244376
"500","Weidevogels","meijendel",2013,12.2689042335445,9.77721986295143,15.395584143737
"500","Weidevogels","meijendel",2014,11.2299779638022,8.89980311834245,14.1702466212501
"500","Weidevogels","meijendel",2015,10.3089755510394,8.12955355637895,13.0726707407614
"500","Weidevogels","meijendel",2016,9.49537407591942,7.45586369392243,12.0927812716235
"500","Weidevogels","meijendel",2017,8.77951009316091,6.86900010274789,11.221399959665
"500","Weidevogels","meijendel",2018,8.15251260212987,6.36004968582178,10.4501481924034
"500","Weidevogels","meijendel",2019,7.60624999844796,5.92087762977212,9.77136206091735
"500","Weidevogels","meijendel",2020,7.13329192661304,5.54409317927461,9.17803003392892
"500","Weidevogels","meijendel",2021,6.72688323913704,5.22301729699774,8.6637580425004
"500","Weidevogels","meijendel",2022,6.38092730743778,4.94352369545479,8.23627756457215
"500","Weidevogels","meijendel",2023,6.08997369741612,4.5842554587782,8.09025150729816
"500","Weidevogels","meijendel",2024,5.84921329733748,4.2442913717847,8.06101494944328
"500","Weidevogels","meijendel",2025,5.65446680552449,3.91544911978376,8.16585629812604
"600","Struweelvogels","landelijk",1990,100,96.7517881490658,103.357262861054
"600","Struweelvogels","landelijk",1991,99.8417766404957,96.9911680880087,102.776165698772
"600","Struweelvogels","landelijk",1992,99.68153003885,97.1657045299024,102.262495588947
"600","Struweelvogels","landelijk",1993,99.5169518532766,97.2613769282287,101.824835499455
"600","Struweelvogels","landelijk",1994,99.346818208372,97.2807057697218,101.456812119462
"600","Struweelvogels","landelijk",1995,99.1720393828842,97.2381149101188,101.144426796543
"600","Struweelvogels","landelijk",1996,98.9962011954488,97.1498320084392,100.877661325018
"600","Struweelvogels","landelijk",1997,98.8255571102743,97.0307749196413,100.653537460094
"600","Struweelvogels","landelijk",1998,98.6684823337942,96.898361925781,100.47093895675
"600","Struweelvogels","landelijk",1999,98.5344707427602,96.7735922130064,100.327389967973
"600","Struweelvogels","landelijk",2000,98.432829886372,96.6756580394277,100.221939999497
"600","Struweelvogels","landelijk",2001,98.3712921450753,96.616238730565,100.158226457955
"600","Struweelvogels","landelijk",2002,98.3547943940529,96.5994466056558,100.142039320234
"600","Struweelvogels","landelijk",2003,98.3846706805638,96.625945992616,100.175406568984
"600","Struweelvogels","landelijk",2004,98.4584460068806,96.6953957031573,100.253642064296
"600","Struweelvogels","landelijk",2005,98.5703173435293,96.8047030017107,100.368134604291
"600","Struweelvogels","landelijk",2006,98.7122743283672,96.9457748774288,100.510962085749
"600","Struweelvogels","landelijk",2007,98.8756712744519,97.1073537442471,100.676189732466
"600","Struweelvogels","landelijk",2008,99.052946558106,97.2803506281745,100.8578418816
"600","Struweelvogels","landelijk",2009,99.2391286833669,97.4615344380092,101.049144348307
"600","Struweelvogels","landelijk",2010,99.4327942245067,97.652296713452,101.245755604754
"600","Struweelvogels","landelijk",2011,99.6362547647627,97.8551567557203,101.449771199394
"600","Struweelvogels","landelijk",2012,99.8549250345382,98.0728042655425,101.669429444025
"600","Struweelvogels","landelijk",2013,100.096018012768,98.3101935678364,101.914282318027
"600","Struweelvogels","landelijk",2014,100.36687213018,98.5751747637976,102.19113529683
"600","Struweelvogels","landelijk",2015,100.673297839272,98.8741970033067,102.505134858347
"600","Struweelvogels","landelijk",2016,101.018315561601,99.2060389588885,102.863698480414
"600","Struweelvogels","landelijk",2017,101.401551347543,99.5599862323767,103.277179967553
"600","Struweelvogels","landelijk",2018,101.819389955946,99.9203657309296,103.754505852374
"600","Struweelvogels","landelijk",2019,102.265800158703,100.271545176306,104.299717967956
"600","Struweelvogels","landelijk",2020,102.733589529455,100.597042521489,104.915513946167
"600","Struweelvogels","landelijk",2021,103.215754513778,100.876345363722,105.609416572695
"600","Struweelvogels","landelijk",2022,103.706588567546,101.08917608539,106.391771392356
"600","Struweelvogels","landelijk",2023,104.20229473039,101.227187890927,107.26484112923
"600","Struweelvogels","landelijk",2024,104.700989990176,101.300080025269,108.216077442271
"600","Struweelvogels","meijendel",1958,75.3576230199422,68.0416786863258,83.4601887674615
"600","Struweelvogels","meijendel",1959,76.6218915294258,70.1595880532857,83.679428919796
"600","Struweelvogels","meijendel",1960,77.9080107154441,72.1024805676405,84.1809891400852
"600","Struweelvogels","meijendel",1961,79.2365042144193,73.9261271999427,84.9283445234576
"600","Struweelvogels","meijendel",1962,80.6253758473448,75.2593350976564,86.3740188787295
"600","Struweelvogels","meijendel",1963,82.0892813391734,76.6123702383205,87.9577291476537
"600","Struweelvogels","meijendel",1964,83.6387866705458,78.0268422093602,89.654360443692
"600","Struweelvogels","meijendel",1965,85.279690839027,79.5048189369379,91.4740234220089
"600","Struweelvogels","meijendel",1966,87.0124417939883,81.0407902843633,93.4241262996795
"600","Struweelvogels","meijendel",1967,88.8316755664894,82.6211260786587,95.5090660037412
"600","Struweelvogels","meijendel",1968,90.7259030565516,84.2244001468705,97.7292740710918
"600","Struweelvogels","meijendel",1969,92.6773849235952,85.8228415061817,100.079390585752
"600","Struweelvogels","meijendel",1970,94.6622368623981,87.3849884067437,102.545520130792
"600","Struweelvogels","meijendel",1971,96.650815875937,88.8790295844751,105.102184994108
"600","Struweelvogels","meijendel",1972,98.6084311258767,90.2761377516474,107.70977725982
"600","Struweelvogels","meijendel",1973,100.496417673768,91.5529595149967,110.313528025341
"600","Struweelvogels","meijendel",1974,102.273594898142,92.6928588883586,112.844596000511
"600","Struweelvogels","meijendel",1975,103.89809892321,93.6859178042919,115.223453138467
"600","Struweelvogels","meijendel",1976,105.32952970684,94.527989339637,117.365342326308
"600","Struweelvogels","meijendel",1977,106.531303449884,95.219257842715,119.187219810908
"600","Struweelvogels","meijendel",1978,107.473031656387,95.762628900721,120.615449533965
"600","Struweelvogels","meijendel",1979,108.13270094363,96.1622459382685,121.593260424374
"600","Struweelvogels","meijendel",1980,108.498385391607,96.4222689034933,122.08693869637
"600","Struweelvogels","meijendel",1981,108.569250554202,96.5461002053468,122.089676753701
"600","Struweelvogels","meijendel",1982,108.355668749034,96.5361456690231,121.622329840104
"600","Struweelvogels","meijendel",1983,107.878355298801,96.3940706740427,120.730865089486
"600","Struweelvogels","meijendel",1984,107.166591469993,96.1215388873845,119.4807996234
"600","Struweelvogels","meijendel",1985,106.255708480026,95.7212136168013,117.949565806702
"600","Struweelvogels","meijendel",1986,105.184114579456,95.1977155832376,116.218103471091
"600","Struweelvogels","meijendel",1987,103.990195475612,94.5581047325412,114.363129270023
"600","Struweelvogels","meijendel",1988,102.709388706521,93.8113829429681,112.451369946018
"600","Struweelvogels","meijendel",1989,101.371725026008,92.966828360681,110.536487217571
"600","Struweelvogels","meijendel",1990,100,92.0313386931362,108.658638915852
"600","Struweelvogels","meijendel",1991,98.6086883149974,91.0066824573477,106.845707904598
"600","Struweelvogels","meijendel",1992,97.2036247892802,89.8879985944786,105.114640663003
"600","Struweelvogels","meijendel",1993,95.7824185825545,88.6647692307525,103.471444059674
"600","Struweelvogels","meijendel",1994,94.3355241739298,87.3245250078307,101.909413425061
"600","Struweelvogels","meijendel",1995,92.8478613254384,85.8579968909842,100.406784048943
"600","Struweelvogels","meijendel",1996,91.3008501946167,84.2633215170981,98.9261412460271
"600","Struweelvogels","meijendel",1997,89.6747027756976,82.5473578400496,97.4174404648015
"600","Struweelvogels","meijendel",1998,87.9507907999277,80.7239900153778,95.8245696336254
"600","Struweelvogels","meijendel",1999,86.1138733958813,78.8107770630135,94.0937200163971
"600","Struweelvogels","meijendel",2000,84.1540171537677,76.8257434980305,92.1813220499216
"600","Struweelvogels","meijendel",2001,82.0679791739009,74.7850300509594,90.0601791708636
"600","Struweelvogels","meijendel",2002,79.8599406874746,72.7016935531063,87.7229926143098
"600","Struweelvogels","meijendel",2003,77.5415214887261,70.5854698587201,85.1830775770314
"600","Struweelvogels","meijendel",2004,75.131096035452,68.443280179967,82.4724001632591
"600","Struweelvogels","meijendel",2005,72.6525225015949,66.2803304777627,79.6373371677089
"600","Struweelvogels","meijendel",2006,70.1334731724985,64.1017407487731,76.7327689042782
"600","Struweelvogels","meijendel",2007,67.6035727618463,61.914445240833,73.815456673948
"600","Struweelvogels","meijendel",2008,65.0925681628369,59.7290699027699,70.9376931020497
"600","Struweelvogels","meijendel",2009,62.6286985860663,57.561150516449,68.1423816479045
"600","Struweelvogels","meijendel",2010,60.2373883181787,55.4310956663955,65.4604226702092
"600","Struweelvogels","meijendel",2011,57.9403150629923,53.3625853670004,62.9107470432802
"600","Struweelvogels","meijendel",2012,55.7548536055879,51.3797657942271,60.5024887234852
"600","Struweelvogels","meijendel",2013,53.693856823932,49.5041718074244,58.2381273207468
"600","Struweelvogels","meijendel",2014,51.7657118167351,47.7523154184558,56.1164185738646
"600","Struweelvogels","meijendel",2015,49.9746046235608,46.1344552832201,54.1344011097404
"600","Struweelvogels","meijendel",2016,48.3209286844379,44.6545095853709,52.2883840984219
"600","Struweelvogels","meijendel",2017,46.801781978536,43.3107584649849,50.5741962043281
"600","Struweelvogels","meijendel",2018,45.4115080351648,42.0969469811805,48.9870456152022
"600","Struweelvogels","meijendel",2019,44.1422477019751,41.0034739650703,47.5212913384469
"600","Struweelvogels","meijendel",2020,42.9844785302745,40.0184956519919,46.1702861243776
"600","Struweelvogels","meijendel",2021,41.9275213164693,39.1288622042909,44.9263521787304
"600","Struweelvogels","meijendel",2022,40.9600102099282,38.3043466274934,43.7997925591353
"600","Struweelvogels","meijendel",2023,40.0703126229244,37.2955522980181,43.0515129758307
"600","Struweelvogels","meijendel",2024,39.2468984143823,36.3015928068901,42.4311694349811
"600","Struweelvogels","meijendel",2025,38.4786543731757,35.3028138638824,41.9401934383788
"6430-ruigten-en-zomen","H6430 - Ruigten en zomen","landelijk",1990,100,94.6516551795463,105.650556041844
"6430-ruigten-en-zomen","H6430 - Ruigten en zomen","landelijk",1991,99.7096912742887,95.4233428493578,104.188579409853
"6430-ruigten-en-zomen","H6430 - Ruigten en zomen","landelijk",1992,99.4452617703131,95.8546033966507,103.170424143778
"6430-ruigten-en-zomen","H6430 - Ruigten en zomen","landelijk",1993,99.2372673433125,95.9258826413824,102.662961847167
"6430-ruigten-en-zomen","H6430 - Ruigten en zomen","landelijk",1994,99.1151214108858,95.882082173731,102.457175205005
"6430-ruigten-en-zomen","H6430 - Ruigten en zomen","landelijk",1995,99.0999268069761,95.9408817586599,102.362989719568
"6430-ruigten-en-zomen","H6430 - Ruigten en zomen","landelijk",1996,99.2000959484861,96.1401912787188,102.357389821078
"6430-ruigten-en-zomen","H6430 - Ruigten en zomen","landelijk",1997,99.4094115361212,96.4067669251929,102.505575253094
"6430-ruigten-en-zomen","H6430 - Ruigten en zomen","landelijk",1998,99.7075106810992,96.6856185288568,102.823851545764
"6430-ruigten-en-zomen","H6430 - Ruigten en zomen","landelijk",1999,100.062910475118,96.9975315230327,103.225163522579
"6430-ruigten-en-zomen","H6430 - Ruigten en zomen","landelijk",2000,100.438489330031,97.3675855868222,103.60624717251
"6430-ruigten-en-zomen","H6430 - Ruigten en zomen","landelijk",2001,100.798792021465,97.759025739118,103.933078262266
"6430-ruigten-en-zomen","H6430 - Ruigten en zomen","landelijk",2002,101.117813477411,98.0939091039831,104.234934623859
"6430-ruigten-en-zomen","H6430 - Ruigten en zomen","landelijk",2003,101.385367266999,98.3326177405613,104.53288981876
"6430-ruigten-en-zomen","H6430 - Ruigten en zomen","landelijk",2004,101.610117041867,98.5172063449835,104.800128508593
"6430-ruigten-en-zomen","H6430 - Ruigten en zomen","landelijk",2005,101.818030245888,98.7196631507668,105.013641176227
"6430-ruigten-en-zomen","H6430 - Ruigten en zomen","landelijk",2006,102.046271179699,98.9748760617706,105.212978040828
"6430-ruigten-en-zomen","H6430 - Ruigten en zomen","landelijk",2007,102.333961504322,99.2749589799828,105.487222404994
"6430-ruigten-en-zomen","H6430 - Ruigten en zomen","landelijk",2008,102.71229751019,99.6208562896826,105.899672545923
"6430-ruigten-en-zomen","H6430 - Ruigten en zomen","landelijk",2009,103.196885446866,100.056559186228,106.435772452581
"6430-ruigten-en-zomen","H6430 - Ruigten en zomen","landelijk",2010,103.784758541455,100.625653924598,107.043042061415
"6430-ruigten-en-zomen","H6430 - Ruigten en zomen","landelijk",2011,104.45747285212,101.312221132092,107.700369340684
"6430-ruigten-en-zomen","H6430 - Ruigten en zomen","landelijk",2012,105.190119889992,102.044434153346,108.43277650835
"6430-ruigten-en-zomen","H6430 - Ruigten en zomen","landelijk",2013,105.964306953196,102.76876541,109.259212205916
"6430-ruigten-en-zomen","H6430 - Ruigten en zomen","landelijk",2014,106.781594449506,103.51675046103,110.149409273347
"6430-ruigten-en-zomen","H6430 - Ruigten en zomen","landelijk",2015,107.673162498268,104.374647149679,111.075919669963
"6430-ruigten-en-zomen","H6430 - Ruigten en zomen","landelijk",2016,108.702101398947,105.407605077598,112.099566628501
"6430-ruigten-en-zomen","H6430 - Ruigten en zomen","landelijk",2017,109.956645839612,106.635423784635,113.381309279702
"6430-ruigten-en-zomen","H6430 - Ruigten en zomen","landelijk",2018,111.5352105796,108.094819636095,115.085100663619
"6430-ruigten-en-zomen","H6430 - Ruigten en zomen","landelijk",2019,113.526285175998,109.907365762087,117.26436473567
"6430-ruigten-en-zomen","H6430 - Ruigten en zomen","landelijk",2020,115.987540286037,112.204139091266,119.898513642731
"6430-ruigten-en-zomen","H6430 - Ruigten en zomen","landelijk",2021,118.929023295693,114.9605570239,123.034481984347
"6430-ruigten-en-zomen","H6430 - Ruigten en zomen","landelijk",2022,122.305594982974,117.88952124599,126.88709230506
"6430-ruigten-en-zomen","H6430 - Ruigten en zomen","landelijk",2023,126.024006028975,120.606450394791,131.684914393908
"6430-ruigten-en-zomen","H6430 - Ruigten en zomen","landelijk",2024,129.969771693353,123.018540140836,137.313786480343
"6430-ruigten-en-zomen","H6430 - Ruigten en zomen","meijendel",1958,181.200566463161,147.682830753459,222.325405865106
"6430-ruigten-en-zomen","H6430 - Ruigten en zomen","meijendel",1959,177.07477214965,147.867263415293,212.051499484284
"6430-ruigten-en-zomen","H6430 - Ruigten en zomen","meijendel",1960,172.959241136232,147.03601609921,203.452867454168
"6430-ruigten-en-zomen","H6430 - Ruigten en zomen","meijendel",1961,168.874164774347,145.40046513973,196.137498603096
"6430-ruigten-en-zomen","H6430 - Ruigten en zomen","meijendel",1962,164.824549620269,141.369381503671,192.171259918961
"6430-ruigten-en-zomen","H6430 - Ruigten en zomen","meijendel",1963,160.802491093416,137.082198462453,188.627272044594
"6430-ruigten-en-zomen","H6430 - Ruigten en zomen","meijendel",1964,156.790616588041,132.678545885636,185.284646330448
"6430-ruigten-en-zomen","H6430 - Ruigten en zomen","meijendel",1965,152.766278459319,128.15964930361,182.097375898896
"6430-ruigten-en-zomen","H6430 - Ruigten en zomen","meijendel",1966,148.706293981374,123.532082473814,179.010678253257
"6430-ruigten-en-zomen","H6430 - Ruigten en zomen","meijendel",1967,144.591792411436,118.810259612993,175.967854130211
"6430-ruigten-en-zomen","H6430 - Ruigten en zomen","meijendel",1968,140.412702988125,114.017641703999,172.918215688195
"6430-ruigten-en-zomen","H6430 - Ruigten en zomen","meijendel",1969,136.171356322986,109.186761648102,169.824967816177
"6430-ruigten-en-zomen","H6430 - Ruigten en zomen","meijendel",1970,131.884763163495,104.358461469508,166.67159049459
"6430-ruigten-en-zomen","H6430 - Ruigten en zomen","meijendel",1971,127.585253100439,99.5807863330214,163.465236700037
"6430-ruigten-en-zomen","H6430 - Ruigten en zomen","meijendel",1972,123.319386818814,94.9079313283074,160.236040892744
"6430-ruigten-en-zomen","H6430 - Ruigten en zomen","meijendel",1973,119.145296965896,90.3993789500099,157.032072055955
"6430-ruigten-en-zomen","H6430 - Ruigten en zomen","meijendel",1974,115.128846054717,86.1190174483215,153.910850200359
"6430-ruigten-en-zomen","H6430 - Ruigten en zomen","meijendel",1975,111.339095216175,82.1337459718576,150.929364987249
"6430-ruigten-en-zomen","H6430 - Ruigten en zomen","meijendel",1976,107.843641919173,78.511108195059,148.13510304167
"6430-ruigten-en-zomen","H6430 - Ruigten en zomen","meijendel",1977,104.704296657703,75.3158338751846,145.560225181234
"6430-ruigten-en-zomen","H6430 - Ruigten en zomen","meijendel",1978,101.973417624117,72.6056408640886,143.219972693413
"6430-ruigten-en-zomen","H6430 - Ruigten en zomen","meijendel",1979,99.6910550511267,70.4269764492649,141.115052189785
"6430-ruigten-en-zomen","H6430 - Ruigten en zomen","meijendel",1980,97.8829098462348,68.8113432816441,139.236695333078
"6430-ruigten-en-zomen","H6430 - Ruigten en zomen","meijendel",1981,96.5589712145721,67.7724913378243,137.572556917544
"6430-ruigten-en-zomen","H6430 - Ruigten en zomen","meijendel",1982,95.7127072982959,67.3044135114554,136.111762370681
"6430-ruigten-en-zomen","H6430 - Ruigten en zomen","meijendel",1983,95.3206691843482,67.3798735482277,134.847833563364
"6430-ruigten-en-zomen","H6430 - Ruigten en zomen","meijendel",1984,95.342456705216,67.9493348456029,133.778852600118
"6430-ruigten-en-zomen","H6430 - Ruigten en zomen","meijendel",1985,95.721102101602,68.940538223131,132.904813680017
"6430-ruigten-en-zomen","H6430 - Ruigten en zomen","meijendel",1986,96.384010340365,70.2594032570244,132.22254984585
"6430-ruigten-en-zomen","H6430 - Ruigten en zomen","meijendel",1987,97.2446471080377,71.7931576796274,131.718978476555
"6430-ruigten-en-zomen","H6430 - Ruigten en zomen","meijendel",1988,98.2051321559232,73.4163607008357,131.363743581103
"6430-ruigten-en-zomen","H6430 - Ruigten en zomen","meijendel",1989,99.1598499969203,74.9997389392261,131.102801029472
"6430-ruigten-en-zomen","H6430 - Ruigten en zomen","meijendel",1990,100,76.420556079672,130.854844730187
"6430-ruigten-en-zomen","H6430 - Ruigten en zomen","meijendel",1991,100.618875303814,77.5723271661431,130.5124963664
"6430-ruigten-en-zomen","H6430 - Ruigten en zomen","meijendel",1992,100.917503647151,78.3716444744354,129.949328110562
"6430-ruigten-en-zomen","H6430 - Ruigten en zomen","meijendel",1993,100.810193016967,78.7609425319287,129.03216606376
"6430-ruigten-en-zomen","H6430 - Ruigten en zomen","meijendel",1994,100.229504342565,78.707546597896,127.63647165982
"6430-ruigten-en-zomen","H6430 - Ruigten en zomen","meijendel",1995,99.1302200804173,78.2003512341077,125.661846502116
"6430-ruigten-en-zomen","H6430 - Ruigten en zomen","meijendel",1996,97.4919717827742,77.2455227758638,123.045119257877
"6430-ruigten-en-zomen","H6430 - Ruigten en zomen","meijendel",1997,95.3203077085381,75.8620587760391,119.769502808697
"6430-ruigten-en-zomen","H6430 - Ruigten en zomen","meijendel",1998,92.6461077527272,74.0775043784455,115.86920150387
"6430-ruigten-en-zomen","H6430 - Ruigten en zomen","meijendel",1999,89.5233689078558,71.9239848838357,111.429220635594
"6430-ruigten-en-zomen","H6430 - Ruigten en zomen","meijendel",2000,86.025533757716,69.435017645028,106.58011921496
"6430-ruigten-en-zomen","H6430 - Ruigten en zomen","meijendel",2001,82.240645955223,66.6440749948395,101.487249206416
"6430-ruigten-en-zomen","H6430 - Ruigten en zomen","meijendel",2002,78.2657451941088,63.5861932905955,96.3342284510551
"6430-ruigten-en-zomen","H6430 - Ruigten en zomen","meijendel",2003,74.2010114085041,60.3034768951657,91.3013706260499
"6430-ruigten-en-zomen","H6430 - Ruigten en zomen","meijendel",2004,70.1442237609422,56.8533372611045,86.5421866869234
"6430-ruigten-en-zomen","H6430 - Ruigten en zomen","meijendel",2005,66.186023667925,53.3149201248529,82.1644244934187
"6430-ruigten-en-zomen","H6430 - Ruigten en zomen","meijendel",2006,62.4063881167821,49.7878956044498,78.222974289244
"6430-ruigten-en-zomen","H6430 - Ruigten en zomen","meijendel",2007,58.8725136009405,46.3816002636747,74.7273237229682
"6430-ruigten-en-zomen","H6430 - Ruigten en zomen","meijendel",2008,55.6381227866024,43.1993630030781,71.6584804039002
"6430-ruigten-en-zomen","H6430 - Ruigten en zomen","meijendel",2009,52.7440269968499,40.3256180737236,68.9867264714573
"6430-ruigten-en-zomen","H6430 - Ruigten en zomen","meijendel",2010,50.2196576308069,37.820149993564,66.6844000614659
"6430-ruigten-en-zomen","H6430 - Ruigten en zomen","meijendel",2011,48.0852273272704,35.7190722515135,64.732618776718
"6430-ruigten-en-zomen","H6430 - Ruigten en zomen","meijendel",2012,46.3541949347433,34.0398023695838,63.123497742988
"6430-ruigten-en-zomen","H6430 - Ruigten en zomen","meijendel",2013,45.0357651612363,32.7873660552453,61.8598072269838
"6430-ruigten-en-zomen","H6430 - Ruigten en zomen","meijendel",2014,44.1372240417851,31.9603430488108,60.9534929941005
"6430-ruigten-en-zomen","H6430 - Ruigten en zomen","meijendel",2015,43.6659817772053,31.555694135356,60.4238954905728
"6430-ruigten-en-zomen","H6430 - Ruigten en zomen","meijendel",2016,43.6312524860623,31.5722897953347,60.2961079428523
"6430-ruigten-en-zomen","H6430 - Ruigten en zomen","meijendel",2017,44.0453345370466,32.0132384936476,60.599663944193
"6430-ruigten-en-zomen","H6430 - Ruigten en zomen","meijendel",2018,44.924470601968,32.8871927129534,61.3675991284039
"6430-ruigten-en-zomen","H6430 - Ruigten en zomen","meijendel",2019,46.2892806967117,34.2088243040493,62.63581257206
"6430-ruigten-en-zomen","H6430 - Ruigten en zomen","meijendel",2020,48.164727972044,35.9985544564561,64.4426159785689
"6430-ruigten-en-zomen","H6430 - Ruigten en zomen","meijendel",2021,50.5796061097855,38.2816300003822,66.8283078383943
"6430-ruigten-en-zomen","H6430 - Ruigten en zomen","meijendel",2022,53.565504364744,41.0160419869095,69.9546596613382
"6430-ruigten-en-zomen","H6430 - Ruigten en zomen","meijendel",2023,57.155232756818,43.1341834626406,75.7339161019568
"6430-ruigten-en-zomen","H6430 - Ruigten en zomen","meijendel",2024,61.3807007413916,45.4454697064228,82.9035423738132
"6430-ruigten-en-zomen","H6430 - Ruigten en zomen","meijendel",2025,66.2703351966506,47.8668209171037,91.74950922022
"700","Bosrandvogels","landelijk",1990,100,93.6319084061645,106.801198119568
"700","Bosrandvogels","landelijk",1991,97.7737398383027,93.2217647200971,102.54798576997
"700","Bosrandvogels","landelijk",1992,95.6087434717374,92.0198003665737,99.3376620230635
"700","Bosrandvogels","landelijk",1993,93.5339332646633,90.0397232332087,97.1637445985818
"700","Bosrandvogels","landelijk",1994,91.6085522305766,87.9983761745478,95.3668375100037
"700","Bosrandvogels","landelijk",1995,89.9248907252615,86.4014178757334,93.592051736704
"700","Bosrandvogels","landelijk",1996,88.5992273012818,85.3116208646447,92.0135263968165
"700","Bosrandvogels","landelijk",1997,87.7527681186906,84.6062780666358,91.0162754875914
"700","Bosrandvogels","landelijk",1998,87.4883174763413,84.2794350019034,90.8193759802522
"700","Bosrandvogels","landelijk",1999,87.869145932485,84.5327164653449,91.3372612374246
"700","Bosrandvogels","landelijk",2000,88.9049451064537,85.5310330983723,92.4119466122988
"700","Bosrandvogels","landelijk",2001,90.5476782359245,87.2170143822916,94.0055342639795
"700","Bosrandvogels","landelijk",2002,92.6984500455575,89.3529445806249,96.1692161481605
"700","Bosrandvogels","landelijk",2003,95.2246927614804,91.7241819793363,98.8587950946363
"700","Bosrandvogels","landelijk",2004,97.9841702146065,94.2831412211281,101.830480914159
"700","Bosrandvogels","landelijk",2005,100.849029067561,97.0413069389696,104.806159198435
"700","Bosrandvogels","landelijk",2006,103.721541471555,99.9080981298174,107.680542084354
"700","Bosrandvogels","landelijk",2007,106.535521834788,102.684460997376,110.531012213237
"700","Bosrandvogels","landelijk",2008,109.243706295029,105.227234128427,113.413485243841
"700","Bosrandvogels","landelijk",2009,111.798909319758,107.577756325969,116.185692581416
"700","Bosrandvogels","landelijk",2010,114.141668621882,109.830343394467,118.622232373389
"700","Bosrandvogels","landelijk",2011,116.20657704732,111.934760944652,120.641420369246
"700","Bosrandvogels","landelijk",2012,117.952857181587,113.695915149531,122.369185374882
"700","Bosrandvogels","landelijk",2013,119.413652868597,115.021196375086,123.973849523534
"700","Bosrandvogels","landelijk",2014,120.747631357058,116.165300386659,125.510719894928
"700","Bosrandvogels","landelijk",2015,122.272465588707,117.629727197651,127.098448643177
"700","Bosrandvogels","landelijk",2016,124.466771821694,119.901599530474,129.20575995966
"700","Bosrandvogels","landelijk",2017,127.941500919824,123.35399139141,132.699618982554
"700","Bosrandvogels","landelijk",2018,133.393022281007,128.443275290977,138.533514915056
"700","Bosrandvogels","landelijk",2019,141.549229295469,136.002991070749,147.321644593231
"700","Bosrandvogels","landelijk",2020,153.108081332187,147.074287371349,159.389414616264
"700","Bosrandvogels","landelijk",2021,168.656905035447,162.356275639467,175.202045649914
"700","Bosrandvogels","landelijk",2022,188.567421220127,181.489012680573,195.921900838107
"700","Bosrandvogels","landelijk",2023,212.900706982322,202.988856188493,223.296548808978
"700","Bosrandvogels","landelijk",2024,241.429799197238,226.055328449544,257.849918160316
"700","Bosrandvogels","meijendel",1958,101.750340025493,91.2949937655674,113.403060433836
"700","Bosrandvogels","meijendel",1959,102.344131815964,93.302935491668,112.261433812002
"700","Bosrandvogels","meijendel",1960,102.913383914913,94.9724646234606,111.518266171245
"700","Bosrandvogels","meijendel",1961,103.483212344252,96.388301353071,111.100362665996
"700","Bosrandvogels","meijendel",1962,104.075398174141,97.075768388461,111.579734932014
"700","Bosrandvogels","meijendel",1963,104.70757083518,97.7309685577342,112.182203369115
"700","Bosrandvogels","meijendel",1964,105.392466344118,98.4064061413973,112.874480408683
"700","Bosrandvogels","meijendel",1965,106.137282222278,99.1028797874711,113.670992222323
"700","Bosrandvogels","meijendel",1966,106.943139059537,99.8126710226323,114.582997075733
"700","Bosrandvogels","meijendel",1967,107.804697490348,100.519348245692,115.618067604051
"700","Bosrandvogels","meijendel",1968,108.709969433689,101.19869874695,116.778749140088
"700","Bosrandvogels","meijendel",1969,109.640374229012,101.821084670988,118.060141471887
"700","Bosrandvogels","meijendel",1970,110.571097910433,102.355103351213,119.446586372616
"700","Bosrandvogels","meijendel",1971,111.471821459777,102.771791731916,120.908342358904
"700","Bosrandvogels","meijendel",1972,112.307864490225,103.048268481197,122.39949891692
"700","Bosrandvogels","meijendel",1973,113.041778418231,103.169938746109,123.858207373787
"700","Bosrandvogels","meijendel",1974,113.635386519928,103.130944752721,125.209762215359
"700","Bosrandvogels","meijendel",1975,114.052210133668,102.933125263193,126.372405414817
"700","Bosrandvogels","meijendel",1976,114.260155384603,102.584020449664,127.26527047085
"700","Bosrandvogels","meijendel",1977,114.234259929321,102.094468316394,127.817563055023
"700","Bosrandvogels","meijendel",1978,113.959221125918,101.476254556883,127.977763234709
"700","Bosrandvogels","meijendel",1979,113.431396072242,100.74025507135,127.721352360929
"700","Bosrandvogels","meijendel",1980,112.659971222741,99.8954524961007,127.055524538559
"700","Bosrandvogels","meijendel",1981,111.667049771012,98.9492163807053,126.019492227056
"700","Bosrandvogels","meijendel",1982,110.486551338804,97.9090859821857,124.679726138627
"700","Bosrandvogels","meijendel",1983,109.162007525089,96.7859225527277,123.120631313047
"700","Bosrandvogels","meijendel",1984,107.743471116459,95.5977649068507,121.432290593138
"700","Bosrandvogels","meijendel",1985,106.283910779217,94.3730359252966,119.698063962532
"700","Bosrandvogels","meijendel",1986,104.835518876946,93.1514093528142,117.985182345139
"700","Bosrandvogels","meijendel",1987,103.446322973989,91.9812447581601,116.340475332494
"700","Bosrandvogels","meijendel",1988,102.157453114897,90.9137893770141,114.791664701647
"700","Bosrandvogels","meijendel",1989,101.00120152317,89.9959209412738,113.352278663615
"700","Bosrandvogels","meijendel",1990,100,89.2634725590245,112.027906973792
"700","Bosrandvogels","meijendel",1991,99.1662636881957,88.7367240364469,110.821623861589
"700","Bosrandvogels","meijendel",1992,98.5030094226815,88.4185692075165,109.737614533804
"700","Bosrandvogels","meijendel",1993,98.0051152548873,88.2950857818243,108.782980740939
"700","Bosrandvogels","meijendel",1994,97.6610719921114,88.3378922441818,107.968219982932
"700","Bosrandvogels","meijendel",1995,97.4550727706922,88.5076590982101,107.306998123205
"700","Bosrandvogels","meijendel",1996,97.3692852916764,88.7582684737794,106.815712848349
"700","Bosrandvogels","meijendel",1997,97.3861512014686,89.0412930293802,106.513080877048
"700","Bosrandvogels","meijendel",1998,97.4905609889168,89.3106564810963,106.419657590866
"700","Bosrandvogels","meijendel",1999,97.6717632856795,89.5274525741347,106.556961792633
"700","Bosrandvogels","meijendel",2000,97.9249009995547,89.6647600242932,106.945986730735
"700","Bosrandvogels","meijendel",2001,98.2520912394299,89.7118117460785,107.605378210894
"700","Bosrandvogels","meijendel",2002,98.6630334017999,89.6764890531093,108.550125711095
"700","Bosrandvogels","meijendel",2003,99.1751761740745,89.5853598230738,109.791550634877
"700","Bosrandvogels","meijendel",2004,99.8135293852997,89.4814162766121,111.338656258552
"700","Bosrandvogels","meijendel",2005,100.610229734396,89.4204904439519,113.200210342757
"700","Bosrandvogels","meijendel",2006,101.604012575153,89.4674432687667,115.386949645579
"700","Bosrandvogels","meijendel",2007,102.83970559083,89.6928649379768,117.913560385455
"700","Bosrandvogels","meijendel",2008,104.367866753409,90.1705983627713,120.800480516215
"700","Bosrandvogels","meijendel",2009,106.244634626759,90.9761589600235,124.075609654323
"700","Bosrandvogels","meijendel",2010,108.531833333786,92.1859993764866,127.776006405124
"700","Bosrandvogels","meijendel",2011,111.297331283769,93.8775192156559,131.949545049581
"700","Bosrandvogels","meijendel",2012,114.615624849389,96.1296861795706,136.656447989194
"700","Bosrandvogels","meijendel",2013,118.568602816394,99.0241014301841,141.970625037619
"700","Bosrandvogels","meijendel",2014,123.246427550667,102.646354668252,147.980724236083
"700","Bosrandvogels","meijendel",2015,128.748469732297,107.087488735393,154.790897182835
"700","Bosrandvogels","meijendel",2016,135.184220248253,112.445421129255,162.521276727856
"700","Bosrandvogels","meijendel",2017,142.674099726179,118.826183632138,171.308192440932
"700","Bosrandvogels","meijendel",2018,151.350075336368,126.344821871537,181.304187738023
"700","Bosrandvogels","meijendel",2019,161.35598895879,135.125848987042,192.677828617127
"700","Bosrandvogels","meijendel",2020,172.847476214334,145.303053530943,205.613366737006
"700","Bosrandvogels","meijendel",2021,185.99136341141,157.018549715012,220.31019472808
"700","Bosrandvogels","meijendel",2022,200.964418467569,170.239059515385,237.235200928484
"700","Bosrandvogels","meijendel",2023,217.951328994984,182.158717215166,260.776879289117
"700","Bosrandvogels","meijendel",2024,237.141796112005,194.747497002144,288.76484847766
"700","Bosrandvogels","meijendel",2025,258.726667458014,207.712593918114,322.269763191726
"800","Bosvogels","landelijk",1990,100,96.6085194189744,103.51053985862
"800","Bosvogels","landelijk",1991,100.737010416263,97.8872334528758,103.66975252694
"800","Bosvogels","landelijk",1992,101.482289749678,99.046648730541,103.977825245308
"800","Bosvogels","landelijk",1993,102.242438473585,100.060559049707,104.471895063387
"800","Bosvogels","landelijk",1994,103.029184839452,100.968141005914,105.132300376416
"800","Bosvogels","landelijk",1995,103.859168456637,101.846213852935,105.911908400249
"800","Bosvogels","landelijk",1996,104.752374091668,102.75475582266,106.788827339326
"800","Bosvogels","landelijk",1997,105.729457330708,103.724583499097,107.773083008263
"800","Bosvogels","landelijk",1998,106.808520050826,104.778367057127,108.878008656384
"800","Bosvogels","landelijk",1999,108.002092804049,105.942259249769,110.101975667278
"800","Bosvogels","landelijk",2000,109.315097811394,107.234416528624,111.436150783969
"800","Bosvogels","landelijk",2001,110.744388916229,108.650986286633,112.878125598182
"800","Bosvogels","landelijk",2002,112.280126592226,110.170068735785,114.430597822359
"800","Bosvogels","landelijk",2003,113.908812748541,111.77059168706,116.087938928611
"800","Bosvogels","landelijk",2004,115.617374018429,113.445389184708,117.830942896699
"800","Bosvogels","landelijk",2005,117.397354280681,115.196157656745,119.640611913211
"800","Bosvogels","landelijk",2006,119.248163041776,117.022373770392,121.516287276303
"800","Bosvogels","landelijk",2007,121.178486297234,118.922260751192,123.477517569323
"800","Bosvogels","landelijk",2008,123.205378392397,120.905726956202,125.548769665082
"800","Bosvogels","landelijk",2009,125.351107447038,123.000778206574,127.746347358956
"800","Bosvogels","landelijk",2010,127.63836490382,125.240554063316,130.082083372806
"800","Bosvogels","landelijk",2011,130.084829062617,127.642962497868,132.573409619296
"800","Bosvogels","landelijk",2012,132.698216418807,130.204445503255,135.239749861631
"800","Bosvogels","landelijk",2013,135.47286242006,132.912017132959,138.083048080786
"800","Bosvogels","landelijk",2014,138.388593282488,135.754533014906,141.07376251372
"800","Bosvogels","landelijk",2015,141.412245154953,138.71520771805,144.161721045114
"800","Bosvogels","landelijk",2016,144.501715187569,141.755112299118,147.30153539781
"800","Bosvogels","landelijk",2017,147.611951815609,144.812889502234,150.465116701352
"800","Bosvogels","landelijk",2018,150.701882844059,147.828011612465,153.631623973147
"800","Bosvogels","landelijk",2019,153.74102281228,150.761279143554,156.779660066826
"800","Bosvogels","landelijk",2020,156.714461065475,153.579471944591,159.913444134664
"800","Bosvogels","landelijk",2021,159.625121180621,156.218680835127,163.105840964178
"800","Bosvogels","landelijk",2022,162.492540619752,158.592613861954,166.488369881114
"800","Bosvogels","landelijk",2023,165.347828056592,160.670257922291,170.161575618155
"800","Bosvogels","landelijk",2024,168.2247810645,162.519470282225,174.130379055845
"800","Bosvogels","meijendel",1958,97.7640279058694,89.1106250400533,107.257750106495
"800","Bosvogels","meijendel",1959,98.0399288014375,90.5542055174065,106.144464351171
"800","Bosvogels","meijendel",1960,98.2283116815383,91.6484882329413,105.280527828034
"800","Bosvogels","meijendel",1961,98.3615087400323,92.4746757639693,104.623090826614
"800","Bosvogels","meijendel",1962,98.4707223802034,92.6498079876366,104.65734766955
"800","Bosvogels","meijendel",1963,98.5850281457297,92.7696762249504,104.764920715336
"800","Bosvogels","meijendel",1964,98.73042531147,92.8978437476281,104.929204908834
"800","Bosvogels","meijendel",1965,98.9290157076671,93.05830998579,105.170082611454
"800","Bosvogels","meijendel",1966,99.1982867532765,93.2709805779395,105.502269128204
"800","Bosvogels","meijendel",1967,99.5505176080028,93.5501997585771,105.935696359779
"800","Bosvogels","meijendel",1968,99.9923206938063,93.903219950322,106.476265702311
"800","Bosvogels","meijendel",1969,100.524325581194,94.3289081896409,107.126651071146
"800","Bosvogels","meijendel",1970,101.141030086207,94.8170648357086,107.886781610715
"800","Bosvogels","meijendel",1971,101.830842743357,95.3488263754676,108.753520394565
"800","Bosvogels","meijendel",1972,102.576353104099,95.8985559344423,109.71915180172
"800","Bosvogels","meijendel",1973,103.354860976837,96.4371612129392,110.768786152408
"800","Bosvogels","meijendel",1974,104.13920600999,96.9363425274549,111.87727889898
"800","Bosvogels","meijendel",1975,104.898920356386,97.372559530137,113.00702728811
"800","Bosvogels","meijendel",1976,105.601700825486,97.7294989868532,114.108015827807
"800","Bosvogels","meijendel",1977,106.215159675343,97.998463722711,115.120785737829
"800","Bosvogels","meijendel",1978,106.708758550009,98.1769628688,115.981986186525
"800","Bosvogels","meijendel",1979,107.055770822922,98.2663217943065,116.631393718799
"800","Bosvogels","meijendel",1980,107.23507032911,98.2691798007748,117.018991425413
"800","Bosvogels","meijendel",1981,107.232522270092,98.1874742240724,117.110801792951
"800","Bosvogels","meijendel",1982,107.041770113083,98.0211894703722,116.892486317005
"800","Bosvogels","meijendel",1983,106.664295172053,97.7679645157517,116.370141496787
"800","Bosvogels","meijendel",1984,106.10871079173,97.423420466824,115.568294070696
"800","Bosvogels","meijendel",1985,105.389384634118,96.9820199079227,114.52558323804
"800","Bosvogels","meijendel",1986,104.524582369499,96.4381916547754,113.289020999361
"800","Bosvogels","meijendel",1987,103.534402743215,95.7874661724238,111.907882938449
"800","Bosvogels","meijendel",1988,102.438755533005,95.027297213738,110.428255278566
"800","Bosvogels","meijendel",1989,101.255658128095,94.1575070501078,108.888909914506
"800","Bosvogels","meijendel",1990,100,93.18027393626,107.318851700742
"800","Bosvogels","meijendel",1991,98.682874453938,92.0998162808649,105.736472706895
"800","Bosvogels","meijendel",1992,97.3114805012486,90.921962607052,104.150020147172
"800","Bosvogels","meijendel",1993,95.8895290394643,89.6537563972114,102.559024283072
"800","Bosvogels","meijendel",1994,94.4180379929672,88.3031287616981,100.956398979922
"800","Bosvogels","meijendel",1995,92.8963741202257,86.8785776546607,99.3310037715838
"800","Bosvogels","meijendel",1996,91.3233929196517,85.3887867867586,97.6704601177258
"800","Bosvogels","meijendel",1997,89.6985386291592,83.8421870773893,95.9639545755192
"800","Bosvogels","meijendel",1998,88.0227912497757,82.2465518878446,94.2047003984697
"800","Bosvogels","meijendel",1999,86.29936420062,80.6087037277788,92.3917631349369
"800","Bosvogels","meijendel",2000,84.5341298907492,78.9345643168535,90.5309249279064
"800","Bosvogels","meijendel",2001,82.7357240562061,77.229497842655,88.6345273026491
"800","Bosvogels","meijendel",2002,80.9153666237911,75.4990721583064,86.7202254106402
"800","Bosvogels","meijendel",2003,79.0864316825101,73.7501181935315,84.8088630835702
"800","Bosvogels","meijendel",2004,77.2638350179364,71.9919041068595,82.9218267767707
"800","Bosvogels","meijendel",2005,75.4633020517323,70.237002769707,81.078487577592
"800","Bosvogels","meijendel",2006,73.7005973202906,68.5014849669018,79.2943108896416
"800","Bosvogels","meijendel",2007,71.9907754915784,66.804167635305,77.5800663241838
"800","Bosvogels","meijendel",2008,70.3475036308889,65.1650059746902,75.9421593396309
"800","Bosvogels","meijendel",2009,68.782487939133,63.6030460820854,74.3837117642317
"800","Bosvogels","meijendel",2010,67.3050134219724,62.1344279897794,72.9058748634014
"800","Bosvogels","meijendel",2011,65.9215961034465,60.7708451284916,71.5089089782714
"800","Bosvogels","meijendel",2012,64.6357392028357,59.5186488707151,70.1927691835185
"800","Bosvogels","meijendel",2013,63.4477744303472,58.3785495737554,68.9571787849622
"800","Bosvogels","meijendel",2014,62.3547858157056,57.3458341128919,67.8012513771849
"800","Bosvogels","meijendel",2015,61.3506077285194,56.4109278601483,66.7228356532262
"800","Bosvogels","meijendel",2016,60.4259025761501,55.5601814105648,65.7177426250823
"800","Bosvogels","meijendel",2017,59.5683260071487,54.7767692533814,64.7790205895522
"800","Bosvogels","meijendel",2018,58.7627904157074,54.0416161615804,63.8964150723388
"800","Bosvogels","meijendel",2019,57.9918380470781,53.3342788003192,63.0561311735297
"800","Bosvogels","meijendel",2020,57.2361307771517,52.6337307134916,62.2409740280767
"800","Bosvogels","meijendel",2021,56.4750540509517,51.919015636468,61.4308975422418
"800","Bosvogels","meijendel",2022,55.6874303106738,51.1417534024195,60.6371445696158
"800","Bosvogels","meijendel",2023,54.8523079592443,49.8587659059019,60.3459719427115
"800","Bosvogels","meijendel",2024,53.9498134774391,48.3831276394498,60.1569703376781
"800","Bosvogels","meijendel",2025,52.9619933412385,46.6756221524385,60.095026254103
"900","Vogels van bebouwing/overige","landelijk",1990,100,96.069537569819,104.091268189278
"900","Vogels van bebouwing/overige","landelijk",1991,99.034448367863,95.7247217135091,102.45861035648
"900","Vogels van bebouwing/overige","landelijk",1992,98.0907222357259,95.2700960033286,100.994857697951
"900","Vogels van bebouwing/overige","landelijk",1993,97.1836629206174,94.698062321025,99.734504668648
"900","Vogels van bebouwing/overige","landelijk",1994,96.3268068358084,94.0443402316457,98.6646691584832
"900","Vogels van bebouwing/overige","landelijk",1995,95.5289511359943,93.3647826741852,97.7432843922468
"900","Vogels van bebouwing/overige","landelijk",1996,94.7932944662257,92.6982161438231,96.9357237880284
"900","Vogels van bebouwing/overige","landelijk",1997,94.1188395998662,92.0593672556404,96.2243846737129
"900","Vogels van bebouwing/overige","landelijk",1998,93.5032056200531,91.4569767289951,95.5952161761557
"900","Vogels van bebouwing/overige","landelijk",1999,92.9456854689511,90.9057489537116,95.0313984178498
"900","Vogels van bebouwing/overige","landelijk",2000,92.4494082135332,90.4211789238209,94.5231325310765
"900","Vogels van bebouwing/overige","landelijk",2001,92.021827999972,90.0112854164057,94.0772791909604
"900","Vogels van bebouwing/overige","landelijk",2002,91.6733540911761,89.678398704221,93.7126885822794
"900","Vogels van bebouwing/overige","landelijk",2003,91.4145660305559,89.4277778281423,93.4454940680087
"900","Vogels van bebouwing/overige","landelijk",2004,91.2529199968871,89.2701120870672,93.2797687073214
"900","Vogels van bebouwing/overige","landelijk",2005,91.1900084140195,89.2127319701567,93.2111084472861
"900","Vogels van bebouwing/overige","landelijk",2006,91.2202557008749,89.2496073520087,93.2344163410564
"900","Vogels van bebouwing/overige","landelijk",2007,91.3314904514533,89.3622037860025,93.3441745467618
"900","Vogels van bebouwing/overige","landelijk",2008,91.5072633342883,89.5304147055112,93.5277611577437
"900","Vogels van bebouwing/overige","landelijk",2009,91.7302417183427,89.7412513750582,93.7633152733616
"900","Vogels van bebouwing/overige","landelijk",2010,91.9856642826767,89.98693478738,94.0287882181752
"900","Vogels van bebouwing/overige","landelijk",2011,92.2638009033599,90.2585555786337,94.3135961190803
"900","Vogels van bebouwing/overige","landelijk",2012,92.5606695681093,90.5464048103105,94.6197429798023
"900","Vogels van bebouwing/overige","landelijk",2013,92.876829493479,90.847606375641,94.9513784776359
"900","Vogels van bebouwing/overige","landelijk",2014,93.2147103641125,91.1696912618175,95.3056011050066
"900","Vogels van bebouwing/overige","landelijk",2015,93.5754289820385,91.521671095951,95.6752734550967
"900","Vogels van bebouwing/overige","landelijk",2016,93.9562182411496,91.9000755989303,96.0583643554835
"900","Vogels van bebouwing/overige","landelijk",2017,94.3493945957255,92.284877335521,96.460097446037
"900","Vogels van bebouwing/overige","landelijk",2018,94.7432845535524,92.6493115275164,96.8845835981145
"900","Vogels van bebouwing/overige","landelijk",2019,95.1248723915124,92.9698581647753,97.3298392201906
"900","Vogels van bebouwing/overige","landelijk",2020,95.4833197211497,93.2208395697045,97.8007105176751
"900","Vogels van bebouwing/overige","landelijk",2021,95.8131390830884,93.3625914416778,98.3280078155279
"900","Vogels van bebouwing/overige","landelijk",2022,96.1158119211017,93.351974788765,98.9614769495419
"900","Vogels van bebouwing/overige","landelijk",2023,96.3990346163666,93.177383366908,99.7320759521113
"900","Vogels van bebouwing/overige","landelijk",2024,96.6734099351059,92.8736978776317,100.628578403272
"900","Vogels van bebouwing/overige","meijendel",1958,99.6444587994925,91.263188506558,108.795433645519
"900","Vogels van bebouwing/overige","meijendel",1959,100.979508217615,93.6357204043058,108.899264467051
"900","Vogels van bebouwing/overige","meijendel",1960,102.296454967535,95.762817136432,109.27586522456
"900","Vogels van bebouwing/overige","meijendel",1961,103.607158069805,97.6974249139374,109.874371947445
"900","Vogels van bebouwing/overige","meijendel",1962,104.923835541869,99.0234715256664,111.17577575498
"900","Vogels van bebouwing/overige","meijendel",1963,106.258441228365,100.313743741673,112.555427712457
"900","Vogels van bebouwing/overige","meijendel",1964,107.621903380456,101.613272927093,113.985838203859
"900","Vogels van bebouwing/overige","meijendel",1965,109.023313171765,102.927184381129,115.480500962077
"900","Vogels van bebouwing/overige","meijendel",1966,110.469043542331,104.256543666492,117.051737492806
"900","Vogels van bebouwing/overige","meijendel",1967,111.961898043492,105.596948138414,118.710500961353
"900","Vogels van bebouwing/overige","meijendel",1968,113.500264285293,106.937275662425,120.46603874123
"900","Vogels van bebouwing/overige","meijendel",1969,115.07733685195,108.258916942348,122.325198061879
"900","Vogels van bebouwing/overige","meijendel",1970,116.680455451662,109.535709697921,124.291235451463
"900","Vogels van bebouwing/overige","meijendel",1971,118.290593393039,110.735019886029,126.361692079696
"900","Vogels van bebouwing/overige","meijendel",1972,119.882048920098,111.819987620611,128.525373317352
"900","Vogels van bebouwing/overige","meijendel",1973,121.422385948542,112.752381625281,130.759063329008
"900","Vogels van bebouwing/overige","meijendel",1974,122.872687927063,113.495550684606,133.024575389536
"900","Vogels van bebouwing/overige","meijendel",1975,124.188168456177,114.016473037612,135.26730632522
"900","Vogels van bebouwing/overige","meijendel",1976,125.31920230804,114.286900339364,137.416470483401
"900","Vogels van bebouwing/overige","meijendel",1977,126.212794113952,114.283454330491,139.387363563448
"900","Vogels van bebouwing/overige","meijendel",1978,126.81449318857,113.98725032239,141.085214681374
"900","Vogels van bebouwing/overige","meijendel",1979,127.070721152724,113.383567620869,142.410126203344
"900","Vogels van bebouwing/overige","meijendel",1980,126.931389417762,112.461526365534,143.263017497699
"900","Vogels van bebouwing/overige","meijendel",1981,126.352670162964,111.214177139898,143.551817474028
"900","Vogels van bebouwing/overige","meijendel",1982,125.299741709335,109.639027131216,143.197415037588
"900","Vogels van bebouwing/overige","meijendel",1983,123.749267122687,107.738653870812,142.139153991703
"900","Vogels van bebouwing/overige","meijendel",1984,121.69138755024,105.521240855278,140.33945851919
"900","Vogels van bebouwing/overige","meijendel",1985,119.131087475968,103.001058463207,137.787088938277
"900","Vogels van bebouwing/overige","meijendel",1986,116.088732744499,100.198367110606,134.499136651074
"900","Vogels van bebouwing/overige","meijendel",1987,112.599723209688,97.1388168699872,130.521433917275
"900","Vogels van bebouwing/overige","meijendel",1988,108.713231659524,93.8523890396739,125.927180530922
"900","Vogels van bebouwing/overige","meijendel",1989,104.490101816789,90.372014551308,120.813743412617
"900","Vogels van bebouwing/overige","meijendel",1990,100,86.7320942788294,115.29757332795
"900","Vogels van bebouwing/overige","meijendel",1991,95.3180328251233,82.9672690319157,109.507369444163
"900","Vogels van bebouwing/overige","meijendel",1992,90.5210805362674,79.1117274992383,103.57587023406
"900","Vogels van bebouwing/overige","meijendel",1993,85.6841354229477,75.1992447438139,97.6309148873732
"900","Vogels van bebouwing/overige","meijendel",1994,80.8769392210419,71.263918804656,91.7866910419856
"900","Vogels van bebouwing/overige","meijendel",1995,76.1611812869578,67.3412201813541,86.1363295675915
"900","Vogels van bebouwing/overige","meijendel",1996,71.5884534170282,63.4685901581484,80.7471325559933
"900","Vogels van bebouwing/overige","meijendel",1997,67.1990678953435,59.684702500137,75.6594996178898
"900","Vogels van bebouwing/overige","meijendel",1998,63.0217522206203,56.0269798271424,70.8897974727731
"900","Vogels van bebouwing/overige","meijendel",1999,59.0741182985042,52.5277789169458,66.4363033179735
"900","Vogels van bebouwing/overige","meijendel",2000,55.3638129318239,49.2109020614525,62.2860312237797
"900","Vogels van bebouwing/overige","meijendel",2001,51.8900967585478,46.0894406228785,58.4208032300325
"900","Vogels van bebouwing/overige","meijendel",2002,48.6456971393483,43.1658299384194,54.8212290496702
"900","Vogels van bebouwing/overige","meijendel",2003,45.6187285014475,40.4336947354228,51.4686674988822
"900","Vogels van bebouwing/overige","meijendel",2004,42.7945269624257,37.8807466063717,48.345708625229
"900","Vogels van bebouwing/overige","meijendel",2005,40.1572666093973,35.4918124649291,45.4360019830403
"900","Vogels van bebouwing/overige","meijendel",2006,37.6912811463718,33.251425094645,42.7239635718238
"900","Vogels van bebouwing/overige","meijendel",2007,35.3820417422542,31.1456130557238,40.1947097849966
"900","Vogels van bebouwing/overige","meijendel",2008,33.2167893396007,29.1628818686255,37.8342270493659
"900","Vogels van bebouwing/overige","meijendel",2009,31.1848413449452,27.2945032292861,35.6296768451878
"900","Vogels van bebouwing/overige","meijendel",2010,29.2776226878843,25.5343520266279,33.569647248547
"900","Vogels van bebouwing/overige","meijendel",2011,27.4884800984026,23.8784757070104,31.6442534855118
"900","Vogels van bebouwing/overige","meijendel",2012,25.8123463320761,22.3245312027389,29.845071196178
"900","Vogels van bebouwing/overige","meijendel",2013,24.2453202515216,20.8711715884684,28.1649523893345
"900","Vogels van bebouwing/overige","meijendel",2014,22.7842213842171,19.5174358606006,26.5977942898203
"900","Vogels van bebouwing/overige","meijendel",2015,21.4261683148122,18.2621969780045,25.1383056051575
"900","Vogels van bebouwing/overige","meijendel",2016,20.1682178911537,17.1037239046022,23.781780808307
"900","Vogels van bebouwing/overige","meijendel",2017,19.0070885785231,16.0393884826214,22.5238896497366
"900","Vogels van bebouwing/overige","meijendel",2018,17.938978192445,15.0655342343039,21.3604730893823
"900","Vogels van bebouwing/overige","meijendel",2019,16.9594752893191,14.1774846892776,20.287364676652
"900","Vogels van bebouwing/overige","meijendel",2020,16.0635531081409,13.369658393645,19.3002491806908
"900","Vogels van bebouwing/overige","meijendel",2021,15.2456316000868,12.6357473913811,18.3945813165043
"900","Vogels van bebouwing/overige","meijendel",2022,14.4996871356243,11.9540632552449,17.5874029224955
"900","Vogels van bebouwing/overige","meijendel",2023,13.819393814334,11.1007735035707,17.2038142508017
"900","Vogels van bebouwing/overige","meijendel",2024,13.1982801371899,10.2550595864634,16.9862102809891
"900","Vogels van bebouwing/overige","meijendel",2025,12.6298879141085,9.40397955742995,16.9624006250538
"functioneel-bodem-insect-binair","Bodemfoeragerende insecteneters — binair","meijendel",1958,105.584236059285,98.4090589369308,113.282567932771
"functioneel-bodem-insect-binair","Bodemfoeragerende insecteneters — binair","meijendel",1959,106.346441369729,99.9471679585469,113.155438248094
"functioneel-bodem-insect-binair","Bodemfoeragerende insecteneters — binair","meijendel",1960,107.109442890481,101.298304674715,113.253946284185
"functioneel-bodem-insect-binair","Bodemfoeragerende insecteneters — binair","meijendel",1961,107.895621221083,102.517833115028,113.555512489435
"functioneel-bodem-insect-binair","Bodemfoeragerende insecteneters — binair","meijendel",1962,108.726282261049,103.221245561695,114.524915776604
"functioneel-bodem-insect-binair","Bodemfoeragerende insecteneters — binair","meijendel",1963,109.620735615654,103.927432057311,115.625927043886
"functioneel-bodem-insect-binair","Bodemfoeragerende insecteneters — binair","meijendel",1964,110.595297024333,104.684159718212,116.840214955391
"functioneel-bodem-insect-binair","Bodemfoeragerende insecteneters — binair","meijendel",1965,111.662272793442,105.499357175178,118.185205097444
"functioneel-bodem-insect-binair","Bodemfoeragerende insecteneters — binair","meijendel",1966,112.828908311334,106.37288780327,119.67675987392
"functioneel-bodem-insect-binair","Bodemfoeragerende insecteneters — binair","meijendel",1967,114.096363435088,107.294772829532,121.329117959868
"functioneel-bodem-insect-binair","Bodemfoeragerende insecteneters — binair","meijendel",1968,115.458737374459,108.244202961993,123.154124390246
"functioneel-bodem-insect-binair","Bodemfoeragerende insecteneters — binair","meijendel",1969,116.902211872324,109.189966503887,125.159184293324
"functioneel-bodem-insect-binair","Bodemfoeragerende insecteneters — binair","meijendel",1970,118.40438809289,110.092694152656,127.343591939099
"functioneel-bodem-insect-binair","Bodemfoeragerende insecteneters — binair","meijendel",1971,119.933912962469,110.908941919541,129.693271160445
"functioneel-bodem-insect-binair","Bodemfoeragerende insecteneters — binair","meijendel",1972,121.450515137233,111.596225190125,132.174969197835
"functioneel-bodem-insect-binair","Bodemfoeragerende insecteneters — binair","meijendel",1973,122.905571204022,112.11763096974,134.73152529475
"functioneel-bodem-insect-binair","Bodemfoeragerende insecteneters — binair","meijendel",1974,124.243337175037,112.445099086871,137.279498686417
"functioneel-bodem-insect-binair","Bodemfoeragerende insecteneters — binair","meijendel",1975,125.402930882579,112.560709661434,139.710340501957
"functioneel-bodem-insect-binair","Bodemfoeragerende insecteneters — binair","meijendel",1976,126.321106370368,112.456292437394,141.895322785227
"functioneel-bodem-insect-binair","Bodemfoeragerende insecteneters — binair","meijendel",1977,126.935757138517,112.131846817557,143.694114541291
"functioneel-bodem-insect-binair","Bodemfoeragerende insecteneters — binair","meijendel",1978,127.189941233593,111.593226802706,144.966514675715
"functioneel-bodem-insect-binair","Bodemfoeragerende insecteneters — binair","meijendel",1979,127.03609729457,110.849677262809,145.586080305622
"functioneel-bodem-insect-binair","Bodemfoeragerende insecteneters — binair","meijendel",1980,126.439973261822,109.911511421145,145.453980495209
"functioneel-bodem-insect-binair","Bodemfoeragerende insecteneters — binair","meijendel",1981,125.383733115141,108.788235597579,144.510851228833
"functioneel-bodem-insect-binair","Bodemfoeragerende insecteneters — binair","meijendel",1982,123.867749367036,107.487350264497,142.744418719963
"functioneel-bodem-insect-binair","Bodemfoeragerende insecteneters — binair","meijendel",1983,121.910752667646,106.013945865168,140.191287992377
"functioneel-bodem-insect-binair","Bodemfoeragerende insecteneters — binair","meijendel",1984,119.548232622915,104.371016547298,136.932458799862
"functioneel-bodem-insect-binair","Bodemfoeragerende insecteneters — binair","meijendel",1985,116.829288974407,102.560377585139,133.083390327176
"functioneel-bodem-insect-binair","Bodemfoeragerende insecteneters — binair","meijendel",1986,113.812359751917,100.58391317698,128.780565630889
"functioneel-bodem-insect-binair","Bodemfoeragerende insecteneters — binair","meijendel",1987,110.560444944465,98.4449247249826,124.167010340717
"functioneel-bodem-insect-binair","Bodemfoeragerende insecteneters — binair","meijendel",1988,107.136429993469,96.1492376849825,119.37915378333
"functioneel-bodem-insect-binair","Bodemfoeragerende insecteneters — binair","meijendel",1989,103.599070527896,93.7058697903261,114.536767421926
"functioneel-bodem-insect-binair","Bodemfoeragerende insecteneters — binair","meijendel",1990,100,91.127126591259,109.736808062147
"functioneel-bodem-insect-binair","Bodemfoeragerende insecteneters — binair","meijendel",1991,96.3819393467623,88.4281709872352,105.051118082991
"functioneel-bodem-insect-binair","Bodemfoeragerende insecteneters — binair","meijendel",1992,92.7780941980373,85.6262658603945,100.527270184292
"functioneel-bodem-insect-binair","Bodemfoeragerende insecteneters — binair","meijendel",1993,89.212582067464,82.7399750134022,96.1915301262156
"functioneel-bodem-insect-binair","Bodemfoeragerende insecteneters — binair","meijendel",1994,85.7016426496969,79.7885402220463,92.0529631500505
"functioneel-bodem-insect-binair","Bodemfoeragerende insecteneters — binair","meijendel",1995,82.2553469553957,76.7914375352796,88.108027664466
"functioneel-bodem-insect-binair","Bodemfoeragerende insecteneters — binair","meijendel",1996,78.8795246525288,73.7679037880247,84.34534655191
"functioneel-bodem-insect-binair","Bodemfoeragerende insecteneters — binair","meijendel",1997,75.5776608759769,70.7362276158077,80.7504586547628
"functioneel-bodem-insect-binair","Bodemfoeragerende insecteneters — binair","meijendel",1998,72.3525660536258,67.7128920729374,77.3101495783917
"functioneel-bodem-insect-binair","Bodemfoeragerende insecteneters — binair","meijendel",1999,69.2076608878852,64.7118602152694,74.0158034344736
"functioneel-bodem-insect-binair","Bodemfoeragerende insecteneters — binair","meijendel",2000,66.1478377422318,61.7447661326199,70.8648961204993
"functioneel-bodem-insect-binair","Bodemfoeragerende insecteneters — binair","meijendel",2001,63.1798351601524,58.8219713223385,67.8605541624908
"functioneel-bodem-insect-binair","Bodemfoeragerende insecteneters — binair","meijendel",2002,60.3121950164152,55.9544834634753,65.009283305645
"functioneel-bodem-insect-binair","Bodemfoeragerende insecteneters — binair","meijendel",2003,57.5548756675547,53.155934620792,62.3178528745492
"functioneel-bodem-insect-binair","Bodemfoeragerende insecteneters — binair","meijendel",2004,54.9186391089555,50.4437330249112,59.7905178843574
"functioneel-bodem-insect-binair","Bodemfoeragerende insecteneters — binair","meijendel",2005,52.4143286097533,47.8387125944765,57.4275872952402
"functioneel-bodem-insect-binair","Bodemfoeragerende insecteneters — binair","meijendel",2006,50.052157618994,45.3634327134227,55.2255050481518
"functioneel-bodem-insect-binair","Bodemfoeragerende insecteneters — binair","meijendel",2007,47.8410928669324,43.0397725918628,53.1780264827693
"functioneel-bodem-insect-binair","Bodemfoeragerende insecteneters — binair","meijendel",2008,45.7883895204354,40.8866682039992,51.2777564661053
"functioneel-bodem-insect-binair","Bodemfoeragerende insecteneters — binair","meijendel",2009,43.8992972324523,38.918525162746,49.5175058521466
"functioneel-bodem-insect-binair","Bodemfoeragerende insecteneters — binair","meijendel",2010,42.1769288437347,37.1444724672537,47.8911991079621
"functioneel-bodem-insect-binair","Bodemfoeragerende insecteneters — binair","meijendel",2011,40.6222576762022,35.568325781704,46.3943068009289
"functioneel-bodem-insect-binair","Bodemfoeragerende insecteneters — binair","meijendel",2012,39.2342059313336,34.1890488709677,45.0238589810387
"functioneel-bodem-insect-binair","Bodemfoeragerende insecteneters — binair","meijendel",2013,38.0097822708321,33.0014748126898,43.7781510213151
"functioneel-bodem-insect-binair","Bodemfoeragerende insecteneters — binair","meijendel",2014,36.9442346309661,31.9971041825692,42.656249911872
"functioneel-bodem-insect-binair","Bodemfoeragerende insecteneters — binair","meijendel",2015,36.0311943472079,31.1648577523515,41.6574006659251
"functioneel-bodem-insect-binair","Bodemfoeragerende insecteneters — binair","meijendel",2016,35.2627980046687,30.4917148576545,40.7804194983121
"functioneel-bodem-insect-binair","Bodemfoeragerende insecteneters — binair","meijendel",2017,34.6297832125971,29.9632148821666,40.0231380400113
"functioneel-bodem-insect-binair","Bodemfoeragerende insecteneters — binair","meijendel",2018,34.121563500674,29.563828212467,39.381946321808
"functioneel-bodem-insect-binair","Bodemfoeragerende insecteneters — binair","meijendel",2019,33.7262927822765,29.2772210594182,38.8514614323316
"functioneel-bodem-insect-binair","Bodemfoeragerende insecteneters — binair","meijendel",2020,33.4309365791674,29.086449903969,38.4243358763355
"functioneel-bodem-insect-binair","Bodemfoeragerende insecteneters — binair","meijendel",2021,33.2213667432596,28.974113206449,38.0912161289031
"functioneel-bodem-insect-binair","Bodemfoeragerende insecteneters — binair","meijendel",2022,33.0825018824315,28.8973401248832,37.8737948223362
"functioneel-bodem-insect-binair","Bodemfoeragerende insecteneters — binair","meijendel",2023,32.9985015905495,28.463330806956,38.2562783887326
"functioneel-bodem-insect-binair","Bodemfoeragerende insecteneters — binair","meijendel",2024,32.9530378945161,27.9570927222305,38.8417607390895
"functioneel-bodem-insect-binair","Bodemfoeragerende insecteneters — binair","meijendel",2025,32.9296335835018,27.3402181411054,39.6617452848108
"functioneel-bodem-insect-gewogen","Bodemfoeragerende insecteneters — gewogen","meijendel",1958,111.70482949913,103.321148659803,120.768778660359
"functioneel-bodem-insect-gewogen","Bodemfoeragerende insecteneters — gewogen","meijendel",1959,112.43359585094,105.02532341198,120.364432741472
"functioneel-bodem-insect-gewogen","Bodemfoeragerende insecteneters — gewogen","meijendel",1960,113.137745866614,106.468008983117,120.225311453023
"functioneel-bodem-insect-gewogen","Bodemfoeragerende insecteneters — gewogen","meijendel",1961,113.843734811868,107.717261789738,120.318654044635
"functioneel-bodem-insect-gewogen","Bodemfoeragerende insecteneters — gewogen","meijendel",1962,114.577390919105,108.34383940703,121.169589167961
"functioneel-bodem-insect-gewogen","Bodemfoeragerende insecteneters — gewogen","meijendel",1963,115.362897242089,108.943291468128,122.160785494372
"functioneel-bodem-insect-gewogen","Bodemfoeragerende insecteneters — gewogen","meijendel",1964,116.221679463981,109.571990526195,123.274923751605
"functioneel-bodem-insect-gewogen","Bodemfoeragerende insecteneters — gewogen","meijendel",1965,117.171236462282,110.242680748378,124.535239536091
"functioneel-bodem-insect-gewogen","Bodemfoeragerende insecteneters — gewogen","meijendel",1966,118.223895958154,110.960662189915,125.962564567272
"functioneel-bodem-insect-gewogen","Bodemfoeragerende insecteneters — gewogen","meijendel",1967,119.385561982276,111.721585988724,127.575278167484
"functioneel-bodem-insect-gewogen","Bodemfoeragerende insecteneters — gewogen","meijendel",1968,120.654471637148,112.509830902616,129.388706829004
"functioneel-bodem-insect-gewogen","Bodemfoeragerende insecteneters — gewogen","meijendel",1969,122.020037605407,113.298123456876,131.413381995617
"functioneel-bodem-insect-gewogen","Bodemfoeragerende insecteneters — gewogen","meijendel",1970,123.46185924851,114.048947867968,133.651655486951
"functioneel-bodem-insect-gewogen","Bodemfoeragerende insecteneters — gewogen","meijendel",1971,124.949014334887,114.718069064415,136.092389896254
"functioneel-bodem-insect-gewogen","Bodemfoeragerende insecteneters — gewogen","meijendel",1972,126.439780720014,115.259599327355,138.704439732777
"functioneel-bodem-insect-gewogen","Bodemfoeragerende insecteneters — gewogen","meijendel",1973,127.881946956148,115.631316460587,141.43047798707
"functioneel-bodem-insect-gewogen","Bodemfoeragerende insecteneters — gewogen","meijendel",1974,129.21390186324,115.799158318401,144.182675221308
"functioneel-bodem-insect-gewogen","Bodemfoeragerende insecteneters — gewogen","meijendel",1975,130.366646259937,115.739762913008,146.84203621393
"functioneel-bodem-insect-gewogen","Bodemfoeragerende insecteneters — gewogen","meijendel",1976,131.266832244365,115.44104667943,149.262170979091
"functioneel-bodem-insect-gewogen","Bodemfoeragerende insecteneters — gewogen","meijendel",1977,131.840807442257,114.901085351385,151.277931395247
"functioneel-bodem-insect-gewogen","Bodemfoeragerende insecteneters — gewogen","meijendel",1978,132.019471657609,114.125822519972,152.718644316488
"functioneel-bodem-insect-gewogen","Bodemfoeragerende insecteneters — gewogen","meijendel",1979,131.743569223787,113.126271716742,153.424732985821
"functioneel-bodem-insect-gewogen","Bodemfoeragerende insecteneters — gewogen","meijendel",1980,130.968835612178,111.915675667514,153.265713666141
"functioneel-bodem-insect-gewogen","Bodemfoeragerende insecteneters — gewogen","meijendel",1981,129.670300640236,110.507052630919,152.156685639669
"functioneel-bodem-insect-gewogen","Bodemfoeragerende insecteneters — gewogen","meijendel",1982,127.8450662877,108.911480576767,150.070138497346
"functioneel-bodem-insect-gewogen","Bodemfoeragerende insecteneters — gewogen","meijendel",1983,125.513053400874,107.137311782264,147.040525022942
"functioneel-bodem-insect-gewogen","Bodemfoeragerende insecteneters — gewogen","meijendel",1984,122.715486216081,105.190270326768,143.160489182783
"functioneel-bodem-insect-gewogen","Bodemfoeragerende insecteneters — gewogen","meijendel",1985,119.511292185839,103.074341793167,138.569392842592
"functioneel-bodem-insect-gewogen","Bodemfoeragerende insecteneters — gewogen","meijendel",1986,115.971921245471,100.793169764282,133.43648730186
"functioneel-bodem-insect-gewogen","Bodemfoeragerende insecteneters — gewogen","meijendel",1987,112.175350458049,98.3516650773175,127.942005257298
"functioneel-bodem-insect-gewogen","Bodemfoeragerende insecteneters — gewogen","meijendel",1988,108.200093344122,95.7574591360284,122.259511742536
"functioneel-bodem-insect-gewogen","Bodemfoeragerende insecteneters — gewogen","meijendel",1989,104.119948026823,93.021888008146,116.542072078336
"functioneel-bodem-insect-gewogen","Bodemfoeragerende insecteneters — gewogen","meijendel",1990,100,90.160282222755,110.913583603182
"functioneel-bodem-insect-gewogen","Bodemfoeragerende insecteneters — gewogen","meijendel",1991,95.8941331128799,87.1914877607484,105.465395781564
"functioneel-bodem-insect-gewogen","Bodemfoeragerende insecteneters — gewogen","meijendel",1992,91.8440485698683,84.1367466032468,100.257373837876
"functioneel-bodem-insect-gewogen","Bodemfoeragerende insecteneters — gewogen","meijendel",1993,87.8795993192783,81.0182707578553,95.322004583369
"functioneel-bodem-insect-gewogen","Bodemfoeragerende insecteneters — gewogen","meijendel",1994,84.020130555321,77.8579515823794,90.6700239995891
"functioneel-bodem-insect-gewogen","Bodemfoeragerende insecteneters — gewogen","meijendel",1995,80.2764721130593,74.6765488000408,86.2963283449872
"functioneel-bodem-insect-gewogen","Bodemfoeragerende insecteneters — gewogen","meijendel",1996,76.653238317419,71.4933982846222,82.1854756596577
"functioneel-bodem-insect-gewogen","Bodemfoeragerende insecteneters — gewogen","meijendel",1997,73.1511355188824,68.32635784333,78.3166086500872
"functioneel-bodem-insect-gewogen","Bodemfoeragerende insecteneters — gewogen","meijendel",1998,69.7690436863611,65.1916777821119,74.6678045804956
"functioneel-bodem-insect-gewogen","Bodemfoeragerende insecteneters — gewogen","meijendel",1999,66.5056882681828,62.1036377565687,71.2197663744244
"functioneel-bodem-insect-gewogen","Bodemfoeragerende insecteneters — gewogen","meijendel",2000,63.3608479928666,59.0745397958462,67.9581605248059
"functioneel-bodem-insect-gewogen","Bodemfoeragerende insecteneters — gewogen","meijendel",2001,60.3360228813979,56.1151152893718,64.8744217733803
"functioneel-bodem-insect-gewogen","Bodemfoeragerende insecteneters — gewogen","meijendel",2002,57.4346282977219,53.2356700925495,61.9647789153902
"functioneel-bodem-insect-gewogen","Bodemfoeragerende insecteneters — gewogen","meijendel",2003,54.6617867434191,50.4475116322054,59.228113207383
"functioneel-bodem-insect-gewogen","Bodemfoeragerende insecteneters — gewogen","meijendel",2004,52.0238388490705,47.7640492680254,56.6635335586141
"functioneel-bodem-insect-gewogen","Bodemfoeragerende insecteneters — gewogen","meijendel",2005,49.5276961100282,45.2009328141468,54.2686296332268
"functioneel-bodem-insect-gewogen","Bodemfoeragerende insecteneters — gewogen","meijendel",2006,47.1801662430641,42.7751599611605,52.0388021633192
"functioneel-bodem-insect-gewogen","Bodemfoeragerende insecteneters — gewogen","meijendel",2007,44.9873436581852,40.5034468320752,49.967626158101
"functioneel-bodem-insect-gewogen","Bodemfoeragerende insecteneters — gewogen","meijendel",2008,42.9541332986672,38.4004774551926,48.0477767390411
"functioneel-bodem-insect-gewogen","Bodemfoeragerende insecteneters — gewogen","meijendel",2009,41.0839365142828,36.4775285515448,46.2720449145709
"functioneel-bodem-insect-gewogen","Bodemfoeragerende insecteneters — gewogen","meijendel",2010,39.3784972692468,34.741714048357,44.6341261408606
"functioneel-bodem-insect-gewogen","Bodemfoeragerende insecteneters — gewogen","meijendel",2011,37.83788150376,33.1958345007537,43.1290641800278
"functioneel-bodem-insect-gewogen","Bodemfoeragerende insecteneters — gewogen","meijendel",2012,36.4605550012444,31.8386953686895,41.753346222411
"functioneel-bodem-insect-gewogen","Bodemfoeragerende insecteneters — gewogen","meijendel",2013,35.2435200238713,30.6657000940919,40.5047235139536
"functioneel-bodem-insect-gewogen","Bodemfoeragerende insecteneters — gewogen","meijendel",2014,34.182477180462,29.6695507484105,39.3818482828023
"functioneel-bodem-insect-gewogen","Bodemfoeragerende insecteneters — gewogen","meijendel",2015,33.2719865534422,28.8409321851286,38.3838179052777
"functioneel-bodem-insect-gewogen","Bodemfoeragerende insecteneters — gewogen","meijendel",2016,32.5056121092401,28.169105377209,37.5097044953108
"functioneel-bodem-insect-gewogen","Bodemfoeragerende insecteneters — gewogen","meijendel",2017,31.8760411106415,27.6423770833701,36.7581266192404
"functioneel-bodem-insect-gewogen","Bodemfoeragerende insecteneters — gewogen","meijendel",2018,31.3751782855568,27.2484415495517,36.1269032821686
"functioneel-bodem-insect-gewogen","Bodemfoeragerende insecteneters — gewogen","meijendel",2019,30.9942184718865,26.9746082830629,35.6128092242292
"functioneel-bodem-insect-gewogen","Bodemfoeragerende insecteneters — gewogen","meijendel",2020,30.7237083464046,26.8079455518864,35.2114358307665
"functioneel-bodem-insect-gewogen","Bodemfoeragerende insecteneters — gewogen","meijendel",2021,30.5536058405407,26.7353592503643,34.917160495848
"functioneel-bodem-insect-gewogen","Bodemfoeragerende insecteneters — gewogen","meijendel",2022,30.4733536826592,26.7210457759316,34.7525801368476
"functioneel-bodem-insect-gewogen","Bodemfoeragerende insecteneters — gewogen","meijendel",2023,30.4719707976785,26.4157710962273,35.151008876935
"functioneel-bodem-insect-gewogen","Bodemfoeragerende insecteneters — gewogen","meijendel",2024,30.538182262574,26.0790375759184,35.7597772995788
"functioneel-bodem-insect-gewogen","Bodemfoeragerende insecteneters — gewogen","meijendel",2025,30.6605863020141,25.6783431463962,36.6095096955346
"functioneel-grondbroed-binair","Grondbroeders — binair","meijendel",1958,108.330543372233,98.8769503455297,118.687991349987
"functioneel-grondbroed-binair","Grondbroeders — binair","meijendel",1959,110.045603900064,101.760951281405,119.004733989182
"functioneel-grondbroed-binair","Grondbroeders — binair","meijendel",1960,111.68708862318,104.305051117925,119.59157904078
"functioneel-grondbroed-binair","Grondbroeders — binair","meijendel",1961,113.278451082936,106.5759878383,120.402425912469
"functioneel-grondbroed-binair","Grondbroeders — binair","meijendel",1962,114.84324277567,108.105207422118,122.001249761563
"functioneel-grondbroed-binair","Grondbroeders — binair","meijendel",1963,116.403836479501,109.540098837684,123.697653105322
"functioneel-grondbroed-binair","Grondbroeders — binair","meijendel",1964,117.980049077549,110.930621798078,125.477453878132
"functioneel-grondbroed-binair","Grondbroeders — binair","meijendel",1965,119.587691818319,112.278689802604,127.372487687343
"functioneel-grondbroed-binair","Grondbroeders — binair","meijendel",1966,121.23704825985,113.578621284176,129.411870865957
"functioneel-grondbroed-binair","Grondbroeders — binair","meijendel",1967,122.931404243783,114.816159529183,131.620237180179
"functioneel-grondbroed-binair","Grondbroeders — binair","meijendel",1968,124.665652274332,115.968531624995,134.015018033004
"functioneel-grondbroed-binair","Grondbroeders — binair","meijendel",1969,126.425086030392,117.005794183196,136.602657068135
"functioneel-grondbroed-binair","Grondbroeders — binair","meijendel",1970,128.1844972459,117.893522104018,139.373775937297
"functioneel-grondbroed-binair","Grondbroeders — binair","meijendel",1971,129.907720343109,118.596404736845,142.297870177344
"functioneel-grondbroed-binair","Grondbroeders — binair","meijendel",1972,131.547789441657,119.082066635539,145.318446311058
"functioneel-grondbroed-binair","Grondbroeders — binair","meijendel",1973,133.047872611586,119.324320073027,148.349778114263
"functioneel-grondbroed-binair","Grondbroeders — binair","meijendel",1974,134.34313969394,119.30544909769,151.276235237564
"functioneel-grondbroed-binair","Grondbroeders — binair","meijendel",1975,135.363660694629,119.017228272416,153.955195416841
"functioneel-grondbroed-binair","Grondbroeders — binair","meijendel",1976,136.038331461991,118.460663980169,156.22424360259
"functioneel-grondbroed-binair","Grondbroeders — binair","meijendel",1977,136.299668102058,117.644589843383,157.912909972851
"functioneel-grondbroed-binair","Grondbroeders — binair","meijendel",1978,136.089127872481,116.583449708486,158.858317980829
"functioneel-grondbroed-binair","Grondbroeders — binair","meijendel",1979,135.362417192365,115.294670667408,158.923078422389
"functioneel-grondbroed-binair","Grondbroeders — binair","meijendel",1980,134.094116576958,113.796129648829,158.012685985404
"functioneel-grondbroed-binair","Grondbroeders — binair","meijendel",1981,132.280897606494,112.104085120458,156.089190262582
"functioneel-grondbroed-binair","Grondbroeders — binair","meijendel",1982,129.942761201187,110.231970734278,153.178075980258
"functioneel-grondbroed-binair","Grondbroeders — binair","meijendel",1983,127.121986851635,108.190185983573,149.366593598065
"functioneel-grondbroed-binair","Grondbroeders — binair","meijendel",1984,123.879834695065,105.986799031958,144.79363075631
"functioneel-grondbroed-binair","Grondbroeders — binair","meijendel",1985,120.291471027566,103.629027714503,139.633057658714
"functioneel-grondbroed-binair","Grondbroeders — binair","meijendel",1986,116.439841368934,101.125121639248,134.07387242895
"functioneel-grondbroed-binair","Grondbroeders — binair","meijendel",1987,112.409353164342,98.4862322506496,128.30080296571
"functioneel-grondbroed-binair","Grondbroeders — binair","meijendel",1988,108.280179358043,95.7278344519852,122.478454766368
"functioneel-grondbroed-binair","Grondbroeders — binair","meijendel",1989,104.123785166906,92.8702918140564,116.740912790401
"functioneel-grondbroed-binair","Grondbroeders — binair","meijendel",1990,100,89.9383061872257,111.187328558122
"functioneel-grondbroed-binair","Grondbroeders — binair","meijendel",1991,95.9556803349484,86.9592471891183,105.882846116623
"functioneel-grondbroed-binair","Grondbroeders — binair","meijendel",1992,92.024783012397,83.9607003153628,100.863387950198
"functioneel-grondbroed-binair","Grondbroeders — binair","meijendel",1993,88.2295288254087,80.9678853996672,96.1424362057703
"functioneel-grondbroed-binair","Grondbroeders — binair","meijendel",1994,84.5822804113824,78.0016991945583,91.7180296514467
"functioneel-grondbroed-binair","Grondbroeders — binair","meijendel",1995,81.087769618616,75.077916788274,87.5787004088624
"functioneel-grondbroed-binair","Grondbroeders — binair","meijendel",1996,77.7453641340549,72.2076267993531,83.7078008550606
"functioneel-grondbroed-binair","Grondbroeders — binair","meijendel",1997,74.5511393222893,69.398516692447,80.0863280534105
"functioneel-grondbroed-binair","Grondbroeders — binair","meijendel",1998,71.499605431621,66.6564182659556,76.6946936224522
"functioneel-grondbroed-binair","Grondbroeders — binair","meijendel",1999,68.5849964320469,63.9864904853227,73.5139824032524
"functioneel-grondbroed-binair","Grondbroeders — binair","meijendel",2000,65.8021480033777,61.394048956013,70.5267490170047
"functioneel-grondbroed-binair","Grondbroeders — binair","meijendel",2001,63.1469515256146,58.884766305728,67.7176413722209
"functioneel-grondbroed-binair","Grondbroeders — binair","meijendel",2002,60.6164893374076,56.4646679566675,65.0735922579383
"functioneel-grondbroed-binair","Grondbroeders — binair","meijendel",2003,58.2089250233307,54.1399814438442,62.5836740613991
"functioneel-grondbroed-binair","Grondbroeders — binair","meijendel",2004,55.9232444635699,51.9169559527901,60.2386872253463
"functioneel-grondbroed-binair","Grondbroeders — binair","meijendel",2005,53.7589230029569,49.8016094959235,58.0306908087862
"functioneel-grondbroed-binair","Grondbroeders — binair","meijendel",2006,51.7155900626802,47.7994431439564,55.9525818632751
"functioneel-grondbroed-binair","Grondbroeders — binair","meijendel",2007,49.7927284113686,45.9150939110143,53.9978379975296
"functioneel-grondbroed-binair","Grondbroeders — binair","meijendel",2008,47.9894335467706,44.1519908269842,52.1604052049315
"functioneel-grondbroed-binair","Grondbroeders — binair","meijendel",2009,46.3042381847764,42.5120626949168,50.4346846037389
"functioneel-grondbroed-binair","Grondbroeders — binair","meijendel",2010,44.7349973526864,40.9955460124696,48.8155466336794
"functioneel-grondbroed-binair","Grondbroeders — binair","meijendel",2011,43.278818050801,39.600894087803,47.2983283589862
"functioneel-grondbroed-binair","Grondbroeders — binair","meijendel",2012,41.9320224771145,38.3247967726968,45.8787692847956
"functioneel-grondbroed-binair","Grondbroeders — binair","meijendel",2013,40.6901313867568,37.1622840045485,44.5528803361192
"functioneel-grondbroed-binair","Grondbroeders — binair","meijendel",2014,39.5478614257812,36.1068927469235,43.3167526852906
"functioneel-grondbroed-binair","Grondbroeders — binair","meijendel",2015,38.4991329719786,35.1508717056234,42.1663295296592
"functioneel-grondbroed-binair","Grondbroeders — binair","meijendel",2016,37.5370913231933,34.2854058705087,41.0971720832905
"functioneel-grondbroed-binair","Grondbroeders — binair","meijendel",2017,36.6541451846367,33.5008487534256,40.1042483760668
"functioneel-grondbroed-binair","Grondbroeders — binair","meijendel",2018,35.8420290319861,32.7869513992271,39.1817778203075
"functioneel-grondbroed-binair","Grondbroeders — binair","meijendel",2019,35.0918934196572,32.1330806606783,38.3231535370188
"functioneel-grondbroed-binair","Grondbroeders — binair","meijendel",2020,34.3944306726443,31.5284335924733,37.520952565742
"functioneel-grondbroed-binair","Grondbroeders — binair","meijendel",2021,33.7400330816614,30.9622299254183,36.7670492433443
"functioneel-grondbroed-binair","Grondbroeders — binair","meijendel",2022,33.1189854923713,30.4071781525031,36.0726403003499
"functioneel-grondbroed-binair","Grondbroeders — binair","meijendel",2023,32.521679088847,29.6064845052748,35.7239175279156
"functioneel-grondbroed-binair","Grondbroeders — binair","meijendel",2024,31.9388520687986,28.7554621074315,35.474661045665
"functioneel-grondbroed-binair","Grondbroeders — binair","meijendel",2025,31.3618198023386,27.8339365715222,35.3368535847234
"functioneel-grondbroed-gewogen","Grondbroeders — gewogen","meijendel",1958,108.274731217115,98.3244645715031,119.231947727648
"functioneel-grondbroed-gewogen","Grondbroeders — gewogen","meijendel",1959,110.34283514996,101.614688682632,119.820681702412
"functioneel-grondbroed-gewogen","Grondbroeders — gewogen","meijendel",1960,112.319868981623,104.541839288081,120.676592778175
"functioneel-grondbroed-gewogen","Grondbroeders — gewogen","meijendel",1961,114.227360127804,107.169553552601,121.749968803993
"functioneel-grondbroed-gewogen","Grondbroeders — gewogen","meijendel",1962,116.087586027689,109.000563238419,123.635394436073
"functioneel-grondbroed-gewogen","Grondbroeders — gewogen","meijendel",1963,117.922257151332,110.712277752075,125.601776189671
"functioneel-grondbroed-gewogen","Grondbroeders — gewogen","meijendel",1964,119.751063884382,112.353775011492,127.635384747637
"functioneel-grondbroed-gewogen","Grondbroeders — gewogen","meijendel",1965,121.590112834795,113.924142162723,129.771927692564
"functioneel-grondbroed-gewogen","Grondbroeders — gewogen","meijendel",1966,123.450265593878,115.415377679319,132.044519384092
"functioneel-grondbroed-gewogen","Grondbroeders — gewogen","meijendel",1967,125.33550661801,116.811747782947,134.481244543851
"functioneel-grondbroed-gewogen","Grondbroeders — gewogen","meijendel",1968,127.241375457508,118.090092360353,137.101828821621
"functioneel-grondbroed-gewogen","Grondbroeders — gewogen","meijendel",1969,129.15358866171,119.22120374933,139.913446095296
"functioneel-grondbroed-gewogen","Grondbroeders — gewogen","meijendel",1970,131.046977004833,120.172267318514,142.905768238422
"functioneel-grondbroed-gewogen","Grondbroeders — gewogen","meijendel",1971,132.884897111261,120.910022772832,146.045757624637
"functioneel-grondbroed-gewogen","Grondbroeders — gewogen","meijendel",1972,134.619297748688,121.404137928815,149.272962483173
"functioneel-grondbroed-gewogen","Grondbroeders — gewogen","meijendel",1973,136.191621271575,121.63017567423,152.496348885155
"functioneel-grondbroed-gewogen","Grondbroeders — gewogen","meijendel",1974,137.534712347377,121.571827588686,155.593590025427
"functioneel-grondbroed-gewogen","Grondbroeders — gewogen","meijendel",1975,138.575842971425,121.222057173683,158.413944648104
"functioneel-grondbroed-gewogen","Grondbroeders — gewogen","meijendel",1976,139.240857252022,120.583044454395,160.785593165304
"functioneel-grondbroed-gewogen","Grondbroeders — gewogen","meijendel",1977,139.459270359181,119.664952401148,162.527855473652
"functioneel-grondbroed-gewogen","Grondbroeders — gewogen","meijendel",1978,139.169959367985,118.483806834029,163.467718568645
"functioneel-grondbroed-gewogen","Grondbroeders — gewogen","meijendel",1979,138.326868228253,117.05887962019,163.45895788444
"functioneel-grondbroed-gewogen","Grondbroeders — gewogen","meijendel",1980,136.904002300833,115.410094490862,162.400922802039
"functioneel-grondbroed-gewogen","Grondbroeders — gewogen","meijendel",1981,134.898928837975,113.555862964689,160.253469319253
"functioneel-grondbroed-gewogen","Grondbroeders — gewogen","meijendel",1982,132.334156797505,111.511770931158,157.044668101611
"functioneel-grondbroed-gewogen","Grondbroeders — gewogen","meijendel",1983,129.256052905349,109.290275793388,152.869293186294
"functioneel-grondbroed-gewogen","Grondbroeders — gewogen","meijendel",1984,125.731328552373,106.901328304317,147.878115551033
"functioneel-grondbroed-gewogen","Grondbroeders — gewogen","meijendel",1985,121.841602210919,104.353801652008,142.260040308154
"functioneel-grondbroed-gewogen","Grondbroeders — gewogen","meijendel",1986,117.676817028732,101.657346193554,136.220684333501
"functioneel-grondbroed-gewogen","Grondbroeders — gewogen","meijendel",1987,113.328439791252,98.8242622985634,129.96135733063
"functioneel-grondbroed-gewogen","Grondbroeders — gewogen","meijendel",1988,108.883327804651,95.8709830152747,123.66180778522
"functioneel-grondbroed-gewogen","Grondbroeders — gewogen","meijendel",1989,104.418905236418,92.8187613646584,117.468791982002
"functioneel-grondbroed-gewogen","Grondbroeders — gewogen","meijendel",1990,100,89.6933012796197,111.491046235715
"functioneel-grondbroed-gewogen","Grondbroeders — gewogen","meijendel",1991,95.677386067263,86.5232755955179,105.799995916224
"functioneel-grondbroed-gewogen","Grondbroeders — gewogen","meijendel",1992,91.4878344739563,83.3379814529531,100.43468429169
"functioneel-grondbroed-gewogen","Grondbroeders — gewogen","meijendel",1993,87.4553279979302,80.1647018540438,95.4090044412701
"functioneel-grondbroed-gewogen","Grondbroeders — gewogen","meijendel",1994,83.5930380494226,77.0265145974477,90.7193587409672
"functioneel-grondbroed-gewogen","Grondbroeders — gewogen","meijendel",1995,79.9056781569749,73.9411691025127,86.3513179359384
"functioneel-grondbroed-gewogen","Grondbroeders — gewogen","meijendel",1996,76.391909758044,70.921244063896,82.2845672479107
"functioneel-grondbroed-gewogen","Grondbroeders — gewogen","meijendel",1997,73.0465582163229,67.9753043426839,78.4961497244836
"functioneel-grondbroed-gewogen","Grondbroeders — gewogen","meijendel",1998,69.8624851520937,65.1094769927191,74.962464099847
"functioneel-grondbroed-gewogen","Grondbroeders — gewogen","meijendel",1999,66.8320195872574,62.3287401389449,71.660662996792
"functioneel-grondbroed-gewogen","Grondbroeders — gewogen","meijendel",2000,63.9479737522217,59.6378730522755,68.5695706054158
"functioneel-grondbroed-gewogen","Grondbroeders — gewogen","meijendel",2001,61.2042230238396,57.041715172608,65.6704817626302
"functioneel-grondbroed-gewogen","Grondbroeders — gewogen","meijendel",2002,58.5959510290473,54.5452016433443,62.9475256036105
"functioneel-grondbroed-gewogen","Grondbroeders — gewogen","meijendel",2003,56.1196270039666,52.1532635184143,60.387640630626
"functioneel-grondbroed-gewogen","Grondbroeders — gewogen","meijendel",2004,53.7728085224067,49.870752350348,57.9801747540157
"functioneel-grondbroed-gewogen","Grondbroeders — gewogen","meijendel",2005,51.5538426851077,47.7023292947393,55.7163294726981
"functioneel-grondbroed-gewogen","Grondbroeders — gewogen","meijendel",2006,49.4615399004118,45.6523334399374,53.5885845252291
"functioneel-grondbroed-gewogen","Grondbroeders — gewogen","meijendel",2007,47.4948622965851,43.7245587960588,51.5902734454788
"functioneel-grondbroed-gewogen","Grondbroeders — gewogen","meijendel",2008,45.6526585037886,41.9219773375116,49.7153369385236
"functioneel-grondbroed-gewogen","Grondbroeders — gewogen","meijendel",2009,43.9334565096814,40.2464516020189,47.9582304540668
"functioneel-grondbroed-gewogen","Grondbroeders — gewogen","meijendel",2010,42.3353161252626,38.6985000273096,46.3139137217492
"functioneel-grondbroed-gewogen","Grondbroeders — gewogen","meijendel",2011,40.855728957308,37.2771363404486,44.7778652680949
"functioneel-grondbroed-gewogen","Grondbroeders — gewogen","meijendel",2012,39.4915575473707,35.979815249246,43.3460568575314
"functioneel-grondbroed-gewogen","Grondbroeders — gewogen","meijendel",2013,38.2390004304939,34.8024700695586,42.0148670769867
"functioneel-grondbroed-gewogen","Grondbroeders — gewogen","meijendel",2014,37.0935758326208,33.7396277939063,40.7809290741168
"functioneel-grondbroed-gewogen","Grondbroeders — gewogen","meijendel",2015,36.0501182233927,32.7845753784735,39.640928970943
"functioneel-grondbroed-gewogen","Grondbroeders — gewogen","meijendel",2016,35.1027876526654,31.9295554771763,38.5913828919077
"functioneel-grondbroed-gewogen","Grondbroeders — gewogen","meijendel",2017,34.2450925956403,31.165974395372,37.6284197633854
"functioneel-grondbroed-gewogen","Grondbroeders — gewogen","meijendel",2018,33.4699299664077,30.4846075045023,36.7476016147095
"functioneel-grondbroed-gewogen","Grondbroeders — gewogen","meijendel",2019,32.769644187598,29.8757918796139,35.9438030800626
"functioneel-grondbroed-gewogen","Grondbroeders — gewogen","meijendel",2020,32.1361114008211,29.329612132603,35.2111596736048
"functioneel-grondbroed-gewogen","Grondbroeders — gewogen","meijendel",2021,31.5608463433143,28.8360614557169,34.5431023385761
"functioneel-grondbroed-gewogen","Grondbroeders — gewogen","meijendel",2022,31.0351349784852,28.3687895031604,33.9520867827474
"functioneel-grondbroed-gewogen","Grondbroeders — gewogen","meijendel",2023,30.5501832980002,27.6752416035079,33.7237778413147
"functioneel-grondbroed-gewogen","Grondbroeders — gewogen","meijendel",2024,30.0972914823045,26.94533892216,33.6179462127985
"functioneel-grondbroed-gewogen","Grondbroeders — gewogen","meijendel",2025,29.6680244856177,26.157138697363,33.6501513817313
"functioneel-holenbroed-binair","Holenbroeders — binair","meijendel",1958,119.343345162056,111.264650944582,128.008616515262
"functioneel-holenbroed-binair","Holenbroeders — binair","meijendel",1959,119.207743757514,112.158910755596,126.699573631942
"functioneel-holenbroed-binair","Holenbroeders — binair","meijendel",1960,119.0196301841,112.772023212164,125.613356625776
"functioneel-holenbroed-binair","Holenbroeders — binair","meijendel",1961,118.798645108427,113.168098762944,124.7093326995
"functioneel-holenbroed-binair","Holenbroeders — binair","meijendel",1962,118.564621413174,112.962964896956,124.444055303192
"functioneel-holenbroed-binair","Holenbroeders — binair","meijendel",1963,118.336969267364,112.719116580167,124.234812339267
"functioneel-holenbroed-binair","Holenbroeders — binair","meijendel",1964,118.13396466027,112.492342966417,124.05852023653
"functioneel-holenbroed-binair","Holenbroeders — binair","meijendel",1965,117.972024429945,112.301764195624,123.928583382326
"functioneel-holenbroed-binair","Holenbroeders — binair","meijendel",1966,117.86496826872,112.164228044822,123.855448275675
"functioneel-holenbroed-binair","Holenbroeders — binair","meijendel",1967,117.823330616426,112.092995102689,123.846608120606
"functioneel-holenbroed-binair","Holenbroeders — binair","meijendel",1968,117.853725669223,112.09614640306,123.907030703576
"functioneel-holenbroed-binair","Holenbroeders — binair","meijendel",1969,117.958302212684,112.174813774277,124.039974685382
"functioneel-holenbroed-binair","Holenbroeders — binair","meijendel",1970,118.134312239439,112.321345837523,124.248117080727
"functioneel-holenbroed-binair","Holenbroeders — binair","meijendel",1971,118.373805417777,112.517795399872,124.534592588557
"functioneel-holenbroed-binair","Holenbroeders — binair","meijendel",1972,118.663470998791,112.735397890667,124.903265637444
"functioneel-holenbroed-binair","Holenbroeders — binair","meijendel",1973,118.984636084307,112.935603283288,125.357665895693
"functioneel-holenbroed-binair","Holenbroeders — binair","meijendel",1974,119.313445707171,113.073478926072,125.897765432914
"functioneel-holenbroed-binair","Holenbroeders — binair","meijendel",1975,119.621246157208,113.1031720134,126.514953360531
"functioneel-holenbroed-binair","Holenbroeders — binair","meijendel",1976,119.875188992845,112.983782694648,127.186934207249
"functioneel-holenbroed-binair","Holenbroeders — binair","meijendel",1977,120.039082665944,112.683546719068,127.87475888743
"functioneel-holenbroed-binair","Holenbroeders — binair","meijendel",1978,120.074495195923,112.180882791784,128.523541959608
"functioneel-holenbroed-binair","Holenbroeders — binair","meijendel",1979,119.942105694224,111.462900927111,129.066340447858
"functioneel-holenbroed-binair","Holenbroeders — binair","meijendel",1980,119.60325525025,110.522788828249,129.429765735337
"functioneel-holenbroed-binair","Holenbroeders — binair","meijendel",1981,119.021633965489,109.357573055612,129.539719618785
"functioneel-holenbroed-binair","Holenbroeders — binair","meijendel",1982,118.165024808927,107.966919423404,129.326400740741
"functioneel-holenbroed-binair","Holenbroeders — binair","meijendel",1983,117.006984100747,106.352794459612,128.728487087865
"functioneel-holenbroed-binair","Holenbroeders — binair","meijendel",1984,115.528351492621,104.519686435507,127.696517792733
"functioneel-holenbroed-binair","Holenbroeders — binair","meijendel",1985,113.718505915904,102.475150125048,126.195458820652
"functioneel-holenbroed-binair","Holenbroeders — binair","meijendel",1986,111.576240903775,100.230064604783,124.206819413974
"functioneel-holenbroed-binair","Holenbroeders — binair","meijendel",1987,109.110223832826,97.798713927978,121.730035771398
"functioneel-holenbroed-binair","Holenbroeders — binair","meijendel",1988,106.338953861281,95.1984305374722,118.783188383139
"functioneel-holenbroed-binair","Holenbroeders — binair","meijendel",1989,103.290215887306,92.448928645063,115.402837592711
"functioneel-holenbroed-binair","Holenbroeders — binair","meijendel",1990,100,89.5714076796363,111.64276926144
"functioneel-holenbroed-binair","Holenbroeders — binair","meijendel",1991,96.5109353095798,86.5876531822421,107.571464198549
"functioneel-holenbroed-binair","Holenbroeders — binair","meijendel",1992,92.8703169481793,83.5193316962457,103.268256520819
"functioneel-holenbroed-binair","Holenbroeders — binair","meijendel",1993,89.1278561221899,80.3876446883363,98.8183540858285
"functioneel-holenbroed-binair","Holenbroeders — binair","meijendel",1994,85.3333235411187,77.2134176399667,94.3071337746887
"functioneel-holenbroed-binair","Holenbroeders — binair","meijendel",1995,81.5342787466688,74.01756303578,89.8143405170734
"functioneel-holenbroed-binair","Holenbroeders — binair","meijendel",1996,77.7740743791704,70.8216834201914,85.4089645066556
"functioneel-holenbroed-binair","Holenbroeders — binair","meijendel",1997,74.0902935568052,67.6484251631375,81.1455933541051
"functioneel-holenbroed-binair","Holenbroeders — binair","meijendel",1998,70.5137282897476,64.5211791435145,77.0628488710771
"functioneel-holenbroed-binair","Holenbroeders — binair","meijendel",1999,67.0679199872413,61.4628252619395,73.1841706307053
"functioneel-holenbroed-binair","Holenbroeders — binair","meijendel",2000,63.7692751138531,58.4939441820969,69.5203666876495
"functioneel-holenbroed-binair","Holenbroeders — binair","meijendel",2001,60.6276235675891,55.6308670747959,66.0731880110961
"functioneel-holenbroed-binair","Holenbroeders — binair","meijendel",2002,57.6471276739762,52.884443798661,62.8387308319173
"functioneel-holenbroed-binair","Holenbroeders — binair","meijendel",2003,54.8273910144591,50.259889876162,59.8099759641164
"functioneel-holenbroed-binair","Holenbroeders — binair","meijendel",2004,52.1646321159116,47.7576924462527,56.9782312420312
"functioneel-holenbroed-binair","Holenbroeders — binair","meijendel",2005,49.6528018143385,45.3751541359158,54.3337157738167
"functioneel-holenbroed-binair","Holenbroeders — binair","meijendel",2006,47.2845544369688,43.1080489866854,51.8656988859143
"functioneel-holenbroed-binair","Holenbroeders — binair","meijendel",2007,45.0520155647297,40.9519501699452,49.5625751160012
"functioneel-holenbroed-binair","Holenbroeders — binair","meijendel",2008,42.9473263416604,38.9030210954912,47.4120720694066
"functioneel-holenbroed-binair","Holenbroeders — binair","meijendel",2009,40.9629695872383,36.9582514359898,45.4016305482196
"functioneel-holenbroed-binair","Holenbroeders — binair","meijendel",2010,39.0919052375277,35.1152770656811,43.5188665104787
"functioneel-holenbroed-binair","Holenbroeders — binair","meijendel",2011,37.3275568373948,33.3719838416292,41.7519829225987
"functioneel-holenbroed-binair","Holenbroeders — binair","meijendel",2012,35.663694531696,31.7260614338752,40.0900411260021
"functioneel-holenbroed-binair","Holenbroeders — binair","meijendel",2013,34.0942618407121,30.1746265712818,38.5230514027088
"functioneel-holenbroed-binair","Holenbroeders — binair","meijendel",2014,32.6131893663416,28.7139747621293,37.0418978722396
"functioneel-holenbroed-binair","Holenbroeders — binair","meijendel",2015,31.2142306800084,27.3394659847504,35.6381575809947
"functioneel-holenbroed-binair","Holenbroeders — binair","meijendel",2016,29.8908500814217,26.0455408468965,34.3038727374513
"functioneel-holenbroed-binair","Holenbroeders — binair","meijendel",2017,28.6361806454238,24.8258349005665,33.0313500126691
"functioneel-holenbroed-binair","Holenbroeders — binair","meijendel",2018,27.4430625921289,23.6733673741036,31.8130358277356
"functioneel-holenbroed-binair","Holenbroeders — binair","meijendel",2019,26.3041624695018,22.5807753787562,30.6415059543478
"functioneel-holenbroed-binair","Holenbroeders — binair","meijendel",2020,25.2121644722457,21.5405717369531,29.5095805783604
"functioneel-holenbroed-binair","Holenbroeders — binair","meijendel",2021,24.160016655279,20.5454054582045,28.4105566069646
"functioneel-holenbroed-binair","Holenbroeders — binair","meijendel",2022,23.1412103284492,19.5671798202805,27.3680530553761
"functioneel-holenbroed-binair","Holenbroeders — binair","meijendel",2023,22.1500628565789,18.2869501346376,26.8292569804243
"functioneel-holenbroed-binair","Holenbroeders — binair","meijendel",2024,21.1819784486633,16.9611226901243,26.4532141649374
"functioneel-holenbroed-binair","Holenbroeders — binair","meijendel",2025,20.2336548457192,15.578783414063,26.2793812285834
"functioneel-holenbroed-gewogen","Holenbroeders — gewogen","meijendel",1958,119.343345162056,111.264650944582,128.008616515262
"functioneel-holenbroed-gewogen","Holenbroeders — gewogen","meijendel",1959,119.207743757514,112.158910755596,126.699573631942
"functioneel-holenbroed-gewogen","Holenbroeders — gewogen","meijendel",1960,119.0196301841,112.772023212164,125.613356625776
"functioneel-holenbroed-gewogen","Holenbroeders — gewogen","meijendel",1961,118.798645108427,113.168098762944,124.7093326995
"functioneel-holenbroed-gewogen","Holenbroeders — gewogen","meijendel",1962,118.564621413174,112.962964896956,124.444055303192
"functioneel-holenbroed-gewogen","Holenbroeders — gewogen","meijendel",1963,118.336969267364,112.719116580167,124.234812339267
"functioneel-holenbroed-gewogen","Holenbroeders — gewogen","meijendel",1964,118.13396466027,112.492342966417,124.05852023653
"functioneel-holenbroed-gewogen","Holenbroeders — gewogen","meijendel",1965,117.972024429945,112.301764195624,123.928583382326
"functioneel-holenbroed-gewogen","Holenbroeders — gewogen","meijendel",1966,117.86496826872,112.164228044822,123.855448275675
"functioneel-holenbroed-gewogen","Holenbroeders — gewogen","meijendel",1967,117.823330616426,112.092995102689,123.846608120606
"functioneel-holenbroed-gewogen","Holenbroeders — gewogen","meijendel",1968,117.853725669223,112.09614640306,123.907030703576
"functioneel-holenbroed-gewogen","Holenbroeders — gewogen","meijendel",1969,117.958302212684,112.174813774277,124.039974685382
"functioneel-holenbroed-gewogen","Holenbroeders — gewogen","meijendel",1970,118.134312239439,112.321345837523,124.248117080727
"functioneel-holenbroed-gewogen","Holenbroeders — gewogen","meijendel",1971,118.373805417777,112.517795399872,124.534592588557
"functioneel-holenbroed-gewogen","Holenbroeders — gewogen","meijendel",1972,118.663470998791,112.735397890667,124.903265637444
"functioneel-holenbroed-gewogen","Holenbroeders — gewogen","meijendel",1973,118.984636084307,112.935603283288,125.357665895693
"functioneel-holenbroed-gewogen","Holenbroeders — gewogen","meijendel",1974,119.313445707171,113.073478926072,125.897765432914
"functioneel-holenbroed-gewogen","Holenbroeders — gewogen","meijendel",1975,119.621246157208,113.1031720134,126.514953360531
"functioneel-holenbroed-gewogen","Holenbroeders — gewogen","meijendel",1976,119.875188992845,112.983782694648,127.186934207249
"functioneel-holenbroed-gewogen","Holenbroeders — gewogen","meijendel",1977,120.039082665944,112.683546719068,127.87475888743
"functioneel-holenbroed-gewogen","Holenbroeders — gewogen","meijendel",1978,120.074495195923,112.180882791784,128.523541959608
"functioneel-holenbroed-gewogen","Holenbroeders — gewogen","meijendel",1979,119.942105694224,111.462900927111,129.066340447858
"functioneel-holenbroed-gewogen","Holenbroeders — gewogen","meijendel",1980,119.60325525025,110.522788828249,129.429765735337
"functioneel-holenbroed-gewogen","Holenbroeders — gewogen","meijendel",1981,119.021633965489,109.357573055612,129.539719618785
"functioneel-holenbroed-gewogen","Holenbroeders — gewogen","meijendel",1982,118.165024808927,107.966919423404,129.326400740741
"functioneel-holenbroed-gewogen","Holenbroeders — gewogen","meijendel",1983,117.006984100747,106.352794459612,128.728487087865
"functioneel-holenbroed-gewogen","Holenbroeders — gewogen","meijendel",1984,115.528351492621,104.519686435507,127.696517792733
"functioneel-holenbroed-gewogen","Holenbroeders — gewogen","meijendel",1985,113.718505915904,102.475150125048,126.195458820652
"functioneel-holenbroed-gewogen","Holenbroeders — gewogen","meijendel",1986,111.576240903775,100.230064604783,124.206819413974
"functioneel-holenbroed-gewogen","Holenbroeders — gewogen","meijendel",1987,109.110223832826,97.798713927978,121.730035771398
"functioneel-holenbroed-gewogen","Holenbroeders — gewogen","meijendel",1988,106.338953861281,95.1984305374722,118.783188383139
"functioneel-holenbroed-gewogen","Holenbroeders — gewogen","meijendel",1989,103.290215887306,92.448928645063,115.402837592711
"functioneel-holenbroed-gewogen","Holenbroeders — gewogen","meijendel",1990,100,89.5714076796363,111.64276926144
"functioneel-holenbroed-gewogen","Holenbroeders — gewogen","meijendel",1991,96.5109353095798,86.5876531822421,107.571464198549
"functioneel-holenbroed-gewogen","Holenbroeders — gewogen","meijendel",1992,92.8703169481793,83.5193316962457,103.268256520819
"functioneel-holenbroed-gewogen","Holenbroeders — gewogen","meijendel",1993,89.1278561221899,80.3876446883363,98.8183540858285
"functioneel-holenbroed-gewogen","Holenbroeders — gewogen","meijendel",1994,85.3333235411187,77.2134176399667,94.3071337746887
"functioneel-holenbroed-gewogen","Holenbroeders — gewogen","meijendel",1995,81.5342787466688,74.01756303578,89.8143405170734
"functioneel-holenbroed-gewogen","Holenbroeders — gewogen","meijendel",1996,77.7740743791704,70.8216834201914,85.4089645066556
"functioneel-holenbroed-gewogen","Holenbroeders — gewogen","meijendel",1997,74.0902935568052,67.6484251631375,81.1455933541051
"functioneel-holenbroed-gewogen","Holenbroeders — gewogen","meijendel",1998,70.5137282897476,64.5211791435145,77.0628488710771
"functioneel-holenbroed-gewogen","Holenbroeders — gewogen","meijendel",1999,67.0679199872413,61.4628252619395,73.1841706307053
"functioneel-holenbroed-gewogen","Holenbroeders — gewogen","meijendel",2000,63.7692751138531,58.4939441820969,69.5203666876495
"functioneel-holenbroed-gewogen","Holenbroeders — gewogen","meijendel",2001,60.6276235675891,55.6308670747959,66.0731880110961
"functioneel-holenbroed-gewogen","Holenbroeders — gewogen","meijendel",2002,57.6471276739762,52.884443798661,62.8387308319173
"functioneel-holenbroed-gewogen","Holenbroeders — gewogen","meijendel",2003,54.8273910144591,50.259889876162,59.8099759641164
"functioneel-holenbroed-gewogen","Holenbroeders — gewogen","meijendel",2004,52.1646321159116,47.7576924462527,56.9782312420312
"functioneel-holenbroed-gewogen","Holenbroeders — gewogen","meijendel",2005,49.6528018143385,45.3751541359158,54.3337157738167
"functioneel-holenbroed-gewogen","Holenbroeders — gewogen","meijendel",2006,47.2845544369688,43.1080489866854,51.8656988859143
"functioneel-holenbroed-gewogen","Holenbroeders — gewogen","meijendel",2007,45.0520155647297,40.9519501699452,49.5625751160012
"functioneel-holenbroed-gewogen","Holenbroeders — gewogen","meijendel",2008,42.9473263416604,38.9030210954912,47.4120720694066
"functioneel-holenbroed-gewogen","Holenbroeders — gewogen","meijendel",2009,40.9629695872383,36.9582514359898,45.4016305482196
"functioneel-holenbroed-gewogen","Holenbroeders — gewogen","meijendel",2010,39.0919052375277,35.1152770656811,43.5188665104787
"functioneel-holenbroed-gewogen","Holenbroeders — gewogen","meijendel",2011,37.3275568373948,33.3719838416292,41.7519829225987
"functioneel-holenbroed-gewogen","Holenbroeders — gewogen","meijendel",2012,35.663694531696,31.7260614338752,40.0900411260021
"functioneel-holenbroed-gewogen","Holenbroeders — gewogen","meijendel",2013,34.0942618407121,30.1746265712818,38.5230514027088
"functioneel-holenbroed-gewogen","Holenbroeders — gewogen","meijendel",2014,32.6131893663416,28.7139747621293,37.0418978722396
"functioneel-holenbroed-gewogen","Holenbroeders — gewogen","meijendel",2015,31.2142306800084,27.3394659847504,35.6381575809947
"functioneel-holenbroed-gewogen","Holenbroeders — gewogen","meijendel",2016,29.8908500814217,26.0455408468965,34.3038727374513
"functioneel-holenbroed-gewogen","Holenbroeders — gewogen","meijendel",2017,28.6361806454238,24.8258349005665,33.0313500126691
"functioneel-holenbroed-gewogen","Holenbroeders — gewogen","meijendel",2018,27.4430625921289,23.6733673741036,31.8130358277356
"functioneel-holenbroed-gewogen","Holenbroeders — gewogen","meijendel",2019,26.3041624695018,22.5807753787562,30.6415059543478
"functioneel-holenbroed-gewogen","Holenbroeders — gewogen","meijendel",2020,25.2121644722457,21.5405717369531,29.5095805783604
"functioneel-holenbroed-gewogen","Holenbroeders — gewogen","meijendel",2021,24.160016655279,20.5454054582045,28.4105566069646
"functioneel-holenbroed-gewogen","Holenbroeders — gewogen","meijendel",2022,23.1412103284492,19.5671798202805,27.3680530553761
"functioneel-holenbroed-gewogen","Holenbroeders — gewogen","meijendel",2023,22.1500628565789,18.2869501346376,26.8292569804243
"functioneel-holenbroed-gewogen","Holenbroeders — gewogen","meijendel",2024,21.1819784486633,16.9611226901243,26.4532141649374
"functioneel-holenbroed-gewogen","Holenbroeders — gewogen","meijendel",2025,20.2336548457192,15.578783414063,26.2793812285834
"functioneel-lange-trek-binair","Langeafstandstrekkers — binair","meijendel",1958,121.945124208344,110.293632104708,134.827487629303
"functioneel-lange-trek-binair","Langeafstandstrekkers — binair","meijendel",1959,123.814288045987,113.623955812695,134.918537333849
"functioneel-lange-trek-binair","Langeafstandstrekkers — binair","meijendel",1960,125.578182766593,116.531403872235,135.327297732119
"functioneel-lange-trek-binair","Langeafstandstrekkers — binair","meijendel",1961,127.250727044237,119.083174115245,135.978467601274
"functioneel-lange-trek-binair","Langeafstandstrekkers — binair","meijendel",1962,128.845065291791,120.700117947365,137.53964065955
"functioneel-lange-trek-binair","Langeafstandstrekkers — binair","meijendel",1963,130.372833075178,122.160618096498,139.137112016098
"functioneel-lange-trek-binair","Langeafstandstrekkers — binair","meijendel",1964,131.843379369891,123.512220050954,140.736492927597
"functioneel-lange-trek-binair","Langeafstandstrekkers — binair","meijendel",1965,133.262984410512,124.745665114513,142.361844779889
"functioneel-lange-trek-binair","Langeafstandstrekkers — binair","meijendel",1966,134.634001489916,125.845739503673,144.035979514887
"functioneel-lange-trek-binair","Langeafstandstrekkers — binair","meijendel",1967,135.954054193914,126.79181162398,145.778379652602
"functioneel-lange-trek-binair","Langeafstandstrekkers — binair","meijendel",1968,137.215241139749,127.559364283374,147.602040091804
"functioneel-lange-trek-binair","Langeafstandstrekkers — binair","meijendel",1969,138.403455008115,128.122194232836,149.509743201651
"functioneel-lange-trek-binair","Langeafstandstrekkers — binair","meijendel",1970,139.497883076533,128.45488342266,151.49022648524
"functioneel-lange-trek-binair","Langeafstandstrekkers — binair","meijendel",1971,140.470788499367,128.535179954135,153.514722029213
"functioneel-lange-trek-binair","Langeafstandstrekkers — binair","meijendel",1972,141.287696300357,128.345952232225,155.534419112361
"functioneel-lange-trek-binair","Langeafstandstrekkers — binair","meijendel",1973,141.908094214626,127.876449747018,157.479404874523
"functioneel-lange-trek-binair","Langeafstandstrekkers — binair","meijendel",1974,142.286760127595,127.123024954307,159.259285364588
"functioneel-lange-trek-binair","Langeafstandstrekkers — binair","meijendel",1975,142.3757870129,126.089274784475,160.765971270687
"functioneel-lange-trek-binair","Langeafstandstrekkers — binair","meijendel",1976,142.127313312006,124.785617172842,161.87901816689
"functioneel-lange-trek-binair","Langeafstandstrekkers — binair","meijendel",1977,141.496836470561,123.228141660438,162.473883492836
"functioneel-lange-trek-binair","Langeafstandstrekkers — binair","meijendel",1978,140.446923294583,121.437074935295,162.432587193199
"functioneel-lange-trek-binair","Langeafstandstrekkers — binair","meijendel",1979,138.950939115789,119.434867572296,161.656004428294
"functioneel-lange-trek-binair","Langeafstandstrekkers — binair","meijendel",1980,136.996335842904,117.244216592824,160.07609227806
"functioneel-lange-trek-binair","Langeafstandstrekkers — binair","meijendel",1981,134.587005752962,114.886383473821,157.665874491343
"functioneel-lange-trek-binair","Langeafstandstrekkers — binair","meijendel",1982,131.74428404727,112.38010430274,154.445099395629
"functioneel-lange-trek-binair","Langeafstandstrekkers — binair","meijendel",1983,128.506317525784,109.74121655611,150.480140117585
"functioneel-lange-trek-binair","Langeafstandstrekkers — binair","meijendel",1984,124.925791147302,106.9830491265,145.877813552741
"functioneel-lange-trek-binair","Langeafstandstrekkers — binair","meijendel",1985,121.066282208646,104.117464186017,140.77412278921
"functioneel-lange-trek-binair","Langeafstandstrekkers — binair","meijendel",1986,116.997737365506,101.156276079971,135.320032321339
"functioneel-lange-trek-binair","Langeafstandstrekkers — binair","meijendel",1987,112.791667166183,98.1126996175737,129.666803907293
"functioneel-lange-trek-binair","Langeafstandstrekkers — binair","meijendel",1988,108.516719198628,95.0024531682052,123.953413337488
"functioneel-lange-trek-binair","Langeafstandstrekkers — binair","meijendel",1989,104.23507442501,91.8441967303383,118.297629324232
"functioneel-lange-trek-binair","Langeafstandstrekkers — binair","meijendel",1990,100,88.6591436602333,112.791524789849
"functioneel-lange-trek-binair","Langeafstandstrekkers — binair","meijendel",1991,95.8546306068728,85.4699088158269,107.501111631918
"functioneel-lange-trek-binair","Langeafstandstrekkers — binair","meijendel",1992,91.8318762077371,82.2989012181828,102.469089659851
"functioneel-lange-trek-binair","Langeafstandstrekkers — binair","meijendel",1993,87.9552211384159,79.1667283929295,97.7193460251486
"functioneel-lange-trek-binair","Langeafstandstrekkers — binair","meijendel",1994,84.2401149166063,76.0910708397206,93.26188845615
"functioneel-lange-trek-binair","Langeafstandstrekkers — binair","meijendel",1995,80.6956505168415,73.0863001962689,89.0972452408892
"functioneel-lange-trek-binair","Langeafstandstrekkers — binair","meijendel",1996,77.3262656924805,70.163838614119,85.2198437834737
"functioneel-lange-trek-binair","Langeafstandstrekkers — binair","meijendel",1997,74.1332691712264,67.3330152491676,81.6203102991359
"functioneel-lange-trek-binair","Langeafstandstrekkers — binair","meijendel",1998,71.1160723853275,64.602069815691,78.2868995675236
"functioneel-lange-trek-binair","Langeafstandstrekkers — binair","meijendel",1999,68.2730626503999,61.9789055759586,75.2064116064918
"functioneel-lange-trek-binair","Langeafstandstrekkers — binair","meijendel",2000,65.6021663542785,59.4715453763305,72.3647620579112
"functioneel-lange-trek-binair","Langeafstandstrekkers — binair","meijendel",2001,63.1011117767678,57.0880494191298,69.747527687115
"functioneel-lange-trek-binair","Langeafstandstrekkers — binair","meijendel",2002,60.7675007905884,54.8361459307714,67.3404209879382
"functioneel-lange-trek-binair","Langeafstandstrekkers — binair","meijendel",2003,58.5987612307918,52.7226956639324,65.1297278058645
"functioneel-lange-trek-binair","Langeafstandstrekkers — binair","meijendel",2004,56.592059695721,50.7532005888507,63.1026454183385
"functioneel-lange-trek-binair","Langeafstandstrekkers — binair","meijendel",2005,54.7442201712467,48.9314476274657,61.2475164228685
"functioneel-lange-trek-binair","Langeafstandstrekkers — binair","meijendel",2006,53.0516912821808,47.2593859008522,59.5539255166046
"functioneel-lange-trek-binair","Langeafstandstrekkers — binair","meijendel",2007,51.5105637518222,45.7371945420803,58.0127007044419
"functioneel-lange-trek-binair","Langeafstandstrekkers — binair","meijendel",2008,50.116639580541,44.3635098667218,56.6158442014958
"functioneel-lange-trek-binair","Langeafstandstrekkers — binair","meijendel",2009,48.8655325083025,43.1357302308849,55.3564354779436
"functioneel-lange-trek-binair","Langeafstandstrekkers — binair","meijendel",2010,47.7527843498305,42.050342402267,54.2285337738055
"functioneel-lange-trek-binair","Langeafstandstrekkers — binair","meijendel",2011,46.7739775777384,41.1032166140997,53.2270989636439
"functioneel-lange-trek-binair","Langeafstandstrekkers — binair","meijendel",2012,45.9248285427484,40.2898452705703,52.347926940822
"functioneel-lange-trek-binair","Langeafstandstrekkers — binair","meijendel",2013,45.2012568988983,39.6055178195489,51.5876003578401
"functioneel-lange-trek-binair","Langeafstandstrekkers — binair","meijendel",2014,44.5994253945794,39.0454376700709,50.9434357564225
"functioneel-lange-trek-binair","Langeafstandstrekkers — binair","meijendel",2015,44.1157545754904,38.6047940052703,50.4134227862791
"functioneel-lange-trek-binair","Langeafstandstrekkers — binair","meijendel",2016,43.7469181223356,38.278800429924,49.9961551487452
"functioneel-lange-trek-binair","Langeafstandstrekkers — binair","meijendel",2017,43.4898276846367,38.0627215242618,49.6907482254995
"functioneel-lange-trek-binair","Langeafstandstrekkers — binair","meijendel",2018,43.3416173321041,37.9518875081764,49.4967685746286
"functioneel-lange-trek-binair","Langeafstandstrekkers — binair","meijendel",2019,43.2996370927265,37.9417100138387,49.4141822199893
"functioneel-lange-trek-binair","Langeafstandstrekkers — binair","meijendel",2020,43.3614647922819,38.027699512663,49.4433440104943
"functioneel-lange-trek-binair","Langeafstandstrekkers — binair","meijendel",2021,43.5249422458528,38.2054803065193,49.5850485926638
"functioneel-lange-trek-binair","Langeafstandstrekkers — binair","meijendel",2022,43.7882386249678,38.4385601894621,49.8824574184435
"functioneel-lange-trek-binair","Langeafstandstrekkers — binair","meijendel",2023,44.1499468818513,38.2306278057332,50.9857651193994
"functioneel-lange-trek-binair","Langeafstandstrekkers — binair","meijendel",2024,44.6092133926922,37.949418421743,52.4377448265346
"functioneel-lange-trek-binair","Langeafstandstrekkers — binair","meijendel",2025,45.1658726846384,37.5529783024147,54.3220843613833
"functioneel-lange-trek-gewogen","Langeafstandstrekkers — gewogen","meijendel",1958,119.675940730467,107.949882363209,132.675742448084
"functioneel-lange-trek-gewogen","Langeafstandstrekkers — gewogen","meijendel",1959,121.58199269982,111.316524722772,132.794129044842
"functioneel-lange-trek-gewogen","Langeafstandstrekkers — gewogen","meijendel",1960,123.398538608945,114.274940378632,133.250555899399
"functioneel-lange-trek-gewogen","Langeafstandstrekkers — gewogen","meijendel",1961,125.139446887191,116.892080568487,133.968709352016
"functioneel-lange-trek-gewogen","Langeafstandstrekkers — gewogen","meijendel",1962,126.817483329422,118.581697067712,135.625264907659
"functioneel-lange-trek-gewogen","Langeafstandstrekkers — gewogen","meijendel",1963,128.443586104011,120.126910591542,137.336045104453
"functioneel-lange-trek-gewogen","Langeafstandstrekkers — gewogen","meijendel",1964,130.026104767619,121.574404159047,139.065357037835
"functioneel-lange-trek-gewogen","Langeafstandstrekkers — gewogen","meijendel",1965,131.570038310885,122.913231745233,140.836545710621
"functioneel-lange-trek-gewogen","Langeafstandstrekkers — gewogen","meijendel",1966,133.076192222495,124.126148518775,142.671573618992
"functioneel-lange-trek-gewogen","Langeafstandstrekkers — gewogen","meijendel",1967,134.540390161593,125.190217469174,144.588905992521
"functioneel-lange-trek-gewogen","Langeafstandstrekkers — gewogen","meijendel",1968,135.952689311015,126.078434970187,146.600278907872
"functioneel-lange-trek-gewogen","Langeafstandstrekkers — gewogen","meijendel",1969,137.296706260577,126.762078497122,148.706819685283
"functioneel-lange-trek-gewogen","Langeafstandstrekkers — gewogen","meijendel",1970,138.549127428319,127.213318406659,150.895055262891
"functioneel-lange-trek-gewogen","Langeafstandstrekkers — gewogen","meijendel",1971,139.679506651968,127.40773200152,153.133285335495
"functioneel-lange-trek-gewogen","Langeafstandstrekkers — gewogen","meijendel",1972,140.650482800919,127.326366777237,155.368906007834
"functioneel-lange-trek-gewogen","Langeafstandstrekkers — gewogen","meijendel",1973,141.418535376716,126.957067902215,157.527284447836
"functioneel-lange-trek-gewogen","Langeafstandstrekkers — gewogen","meijendel",1974,141.935398921916,126.295238033796,159.512407441147
"functioneel-lange-trek-gewogen","Langeafstandstrekkers — gewogen","meijendel",1975,142.150212982617,125.343983361457,161.209836396638
"functioneel-lange-trek-gewogen","Langeafstandstrekkers — gewogen","meijendel",1976,142.01241068252,124.113630349122,162.492425135992
"functioneel-lange-trek-gewogen","Langeafstandstrekkers — gewogen","meijendel",1977,141.475222265584,122.620520500392,163.229110702009
"functioneel-lange-trek-gewogen","Langeafstandstrekkers — gewogen","meijendel",1978,140.499585035596,120.885381227413,163.296282765896
"functioneel-lange-trek-gewogen","Langeafstandstrekkers — gewogen","meijendel",1979,139.058056709609,118.931312612791,162.590849382193
"functioneel-lange-trek-gewogen","Langeafstandstrekkers — gewogen","meijendel",1980,137.138244287244,116.781728460346,161.043155415994
"functioneel-lange-trek-gewogen","Langeafstandstrekkers — gewogen","meijendel",1981,134.745221983343,114.458606839756,158.6274317733
"functioneel-lange-trek-gewogen","Langeafstandstrekkers — gewogen","meijendel",1982,131.902502884717,111.9813678332,155.367545547114
"functioneel-lange-trek-gewogen","Langeafstandstrekkers — gewogen","meijendel",1983,128.651275338972,109.366505389974,151.336559464221
"functioneel-lange-trek-gewogen","Langeafstandstrekkers — gewogen","meijendel",1984,125.047907376534,106.628019187729,146.649813607808
"functioneel-lange-trek-gewogen","Langeafstandstrekkers — gewogen","meijendel",1985,121.16002028569,103.778534298107,141.4526675956
"functioneel-lange-trek-gewogen","Langeafstandstrekkers — gewogen","meijendel",1986,117.061662383094,100.83082200409,135.905197711644
"functioneel-lange-trek-gewogen","Langeafstandstrekkers — gewogen","meijendel",1987,112.828220612914,97.7993573163929,130.166574873212
"functioneel-lange-trek-gewogen","Langeafstandstrekkers — gewogen","meijendel",1988,108.53175797609,94.7015106280157,124.381780303893
"functioneel-lange-trek-gewogen","Langeafstandstrekkers — gewogen","meijendel",1989,104.237242212609,91.5580118731363,118.672330709247
"functioneel-lange-trek-gewogen","Langeafstandstrekkers — gewogen","meijendel",1990,100,88.3924878018001,113.131785841606
"functioneel-lange-trek-gewogen","Langeafstandstrekkers — gewogen","meijendel",1991,95.8644610523419,85.230113747974,107.825679079003
"functioneel-lange-trek-gewogen","Langeafstandstrekkers — gewogen","meijendel",1992,91.8640757303346,82.0957063919726,102.794759685676
"functioneel-lange-trek-gewogen","Langeafstandstrekkers — gewogen","meijendel",1993,88.0221563953043,79.0117851626819,98.0600552250125
"functioneel-lange-trek-gewogen","Langeafstandstrekkers — gewogen","meijendel",1994,84.3533315195521,75.9971410368475,93.6283186626387
"functioneel-lange-trek-gewogen","Langeafstandstrekkers — gewogen","meijendel",1995,80.8653018769896,73.0662508742392,89.4968192484906
"functioneel-lange-trek-gewogen","Langeafstandstrekkers — gewogen","meijendel",1996,77.5606323490688,70.2295603321716,85.6569749537745
"functioneel-lange-trek-gewogen","Langeafstandstrekkers — gewogen","meijendel",1997,74.43838154495,67.4943811762917,82.0967990292194
"functioneel-lange-trek-gewogen","Langeafstandstrekkers — gewogen","meijendel",1998,71.4954501875781,64.866028331303,78.8024105841194
"functioneel-lange-trek-gewogen","Langeafstandstrekkers — gewogen","meijendel",1999,68.7275826191948,62.3487826621536,75.7589869600685
"functioneel-lange-trek-gewogen","Langeafstandstrekkers — gewogen","meijendel",2000,66.1300644940895,59.9466154601469,72.951331721134
"functioneel-lange-trek-gewogen","Langeafstandstrekkers — gewogen","meijendel",2001,63.6981188219717,57.6634284226052,70.3643618225695
"functioneel-lange-trek-gewogen","Langeafstandstrekkers — gewogen","meijendel",2002,61.427099178379,55.5030263358916,67.983473380989
"functioneel-lange-trek-gewogen","Langeafstandstrekkers — gewogen","meijendel",2003,59.3125421268679,53.4689047305238,65.7948329273177
"functioneel-lange-trek-gewogen","Langeafstandstrekkers — gewogen","meijendel",2004,57.3501507941072,51.564017639408,63.7855610691044
"functioneel-lange-trek-gewogen","Langeafstandstrekkers — gewogen","meijendel",2005,55.5357495138036,49.7905784847261,61.9438369250129
"functioneel-lange-trek-gewogen","Langeafstandstrekkers — gewogen","meijendel",2006,53.8652527474745,48.149979590874,60.2589134658581
"functioneel-lange-trek-gewogen","Langeafstandstrekkers — gewogen","meijendel",2007,52.3346520069859,46.6427890434175,58.7210983061665
"functioneel-lange-trek-gewogen","Langeafstandstrekkers — gewogen","meijendel",2008,50.940028833203,45.2688174957715,57.3217212437665
"functioneel-lange-trek-gewogen","Langeafstandstrekkers — gewogen","meijendel",2009,49.6775805883471,44.0272046137664,56.0531161303862
"functioneel-lange-trek-gewogen","Langeafstandstrekkers — gewogen","meijendel",2010,48.543651240086,42.9165045066941,54.9086208862034
"functioneel-lange-trek-gewogen","Langeafstandstrekkers — gewogen","meijendel",2011,47.5347543107906,41.9347490154371,53.8825895096078
"functioneel-lange-trek-gewogen","Langeafstandstrekkers — gewogen","meijendel",2012,46.64757796168,41.0794874467305,52.970391427418
"functioneel-lange-trek-gewogen","Langeafstandstrekkers — gewogen","meijendel",2013,45.8789719362816,40.34780874859,52.1683861209358
"functioneel-lange-trek-gewogen","Langeafstandstrekkers — gewogen","meijendel",2014,45.2259132832852,39.7363562650748,51.4738497577083
"functioneel-lange-trek-gewogen","Langeafstandstrekkers — gewogen","meijendel",2015,44.68545796777,39.2413433431267,50.8848572366492
"functioneel-lange-trek-gewogen","Langeafstandstrekkers — gewogen","meijendel",2016,44.2546850797974,38.8585744816547,50.4001286109107
"functioneel-lange-trek-gewogen","Langeafstandstrekkers — gewogen","meijendel",2017,43.9306435809531,38.5834826769474,50.0188503354002
"functioneel-lange-trek-gewogen","Langeafstandstrekkers — gewogen","meijendel",2018,43.7103117902678,38.4111736521942,49.7405097303836
"functioneel-lange-trek-gewogen","Langeafstandstrekkers — gewogen","meijendel",2019,43.5905786861382,38.3364826121437,49.564759746386
"functioneel-lange-trek-gewogen","Langeafstandstrekkers — gewogen","meijendel",2020,43.5682550377536,38.3540379302981,49.4913430102037
"functioneel-lange-trek-gewogen","Langeafstandstrekkers — gewogen","meijendel",2021,43.6401188195999,38.4583247516949,49.5200969591081
"functioneel-lange-trek-gewogen","Langeafstandstrekkers — gewogen","meijendel",2022,43.8029949316386,38.6123946347755,49.6913590345705
"functioneel-lange-trek-gewogen","Langeafstandstrekkers — gewogen","meijendel",2023,44.0538731111001,38.3343499948933,50.6267547603504
"functioneel-lange-trek-gewogen","Langeafstandstrekkers — gewogen","meijendel",2024,44.390059820369,37.9835813082251,51.8770832814873
"functioneel-lange-trek-gewogen","Langeafstandstrekkers — gewogen","meijendel",2025,44.8093341261448,37.5203101104369,53.5143877787397
"functioneel-lucht-binair","Luchtfoerageerders — binair","meijendel",1959,242.993986977668,200.488609646218,294.510884241733
"functioneel-lucht-binair","Luchtfoerageerders — binair","meijendel",1960,245.08172172036,206.16989660432,291.337636147203
"functioneel-lucht-binair","Luchtfoerageerders — binair","meijendel",1961,246.624774318858,210.597096666038,288.815849177071
"functioneel-lucht-binair","Luchtfoerageerders — binair","meijendel",1962,247.579687841887,213.82311148039,286.665465709061
"functioneel-lucht-binair","Luchtfoerageerders — binair","meijendel",1963,247.909286529087,213.369511056743,288.040282995336
"functioneel-lucht-binair","Luchtfoerageerders — binair","meijendel",1964,247.583604840276,212.063654599639,289.053027504555
"functioneel-lucht-binair","Luchtfoerageerders — binair","meijendel",1965,246.580584848381,210.177509469628,289.288730167181
"functioneel-lucht-binair","Luchtfoerageerders — binair","meijendel",1966,244.88639456091,207.711939301285,288.714006728598
"functioneel-lucht-binair","Luchtfoerageerders — binair","meijendel",1967,242.495343360211,204.671665633612,287.308902135254
"functioneel-lucht-binair","Luchtfoerageerders — binair","meijendel",1968,239.409776640934,201.065559867563,285.06642902452
"functioneel-lucht-binair","Luchtfoerageerders — binair","meijendel",1969,235.63982142799,196.907503403434,281.990906810951
"functioneel-lucht-binair","Luchtfoerageerders — binair","meijendel",1970,231.203303279144,192.217822617895,278.095791114281
"functioneel-lucht-binair","Luchtfoerageerders — binair","meijendel",1971,226.125909609708,187.025130751308,273.401370133571
"functioneel-lucht-binair","Luchtfoerageerders — binair","meijendel",1972,220.441686238649,181.368139508789,267.933150570716
"functioneel-lucht-binair","Luchtfoerageerders — binair","meijendel",1973,214.193845983531,175.296882032635,261.721732441739
"functioneel-lucht-binair","Luchtfoerageerders — binair","meijendel",1974,207.435717310555,168.872758695922,254.804724861664
"functioneel-lucht-binair","Luchtfoerageerders — binair","meijendel",1975,200.231647573579,162.167188151923,247.230732350555
"functioneel-lucht-binair","Luchtfoerageerders — binair","meijendel",1976,192.657514858527,155.258960270642,239.064579376047
"functioneel-lucht-binair","Luchtfoerageerders — binair","meijendel",1977,184.800542532137,148.230868290022,230.392231484154
"functioneel-lucht-binair","Luchtfoerageerders — binair","meijendel",1978,176.75811601197,141.166434775249,221.323373547287
"functioneel-lucht-binair","Luchtfoerageerders — binair","meijendel",1979,168.635464532654,134.147465129486,211.989990796281
"functioneel-lucht-binair","Luchtfoerageerders — binair","meijendel",1980,160.542211214296,127.252833868519,202.54009909285
"functioneel-lucht-binair","Luchtfoerageerders — binair","meijendel",1981,152.587998843316,120.558362789819,193.127186303944
"functioneel-lucht-binair","Luchtfoerageerders — binair","meijendel",1982,144.877619643294,114.137125656981,183.897435235817
"functioneel-lucht-binair","Luchtfoerageerders — binair","meijendel",1983,137.506226060621,108.059156838441,174.977880252238
"functioneel-lucht-binair","Luchtfoerageerders — binair","meijendel",1984,130.555160565052,102.3898714752,166.468125260757
"functioneel-lucht-binair","Luchtfoerageerders — binair","meijendel",1985,124.088846253456,97.1870765168927,158.437132964252
"functioneel-lucht-binair","Luchtfoerageerders — binair","meijendel",1986,118.153107883549,92.4970603361026,150.925411594867
"functioneel-lucht-binair","Luchtfoerageerders — binair","meijendel",1987,112.774910611878,88.3509196798298,143.950742217577
"functioneel-lucht-binair","Luchtfoerageerders — binair","meijendel",1988,107.963345343222,84.7621657995927,137.515173518086
"functioneel-lucht-binair","Luchtfoerageerders — binair","meijendel",1989,103.711691444215,81.7259428612242,131.612001839912
"functioneel-lucht-binair","Luchtfoerageerders — binair","meijendel",1990,100,79.2200664249959,126.230643967811
"functioneel-lucht-binair","Luchtfoerageerders — binair","meijendel",1991,96.7979863531418,77.2072597991627,121.359703561512
"functioneel-lucht-binair","Luchtfoerageerders — binair","meijendel",1992,94.06787188494,75.6381055763426,116.988182788771
"functioneel-lucht-binair","Luchtfoerageerders — binair","meijendel",1993,91.7669675585576,74.4542572958785,113.105370206406
"functioneel-lucht-binair","Luchtfoerageerders — binair","meijendel",1994,89.8498650250234,73.5916629514324,109.699902424311
"functioneel-lucht-binair","Luchtfoerageerders — binair","meijendel",1995,88.2701745497789,72.9837322266158,106.758362135486
"functioneel-lucht-binair","Luchtfoerageerders — binair","meijendel",1996,86.9818090290631,72.5644822720386,104.263613066303
"functioneel-lucht-binair","Luchtfoerageerders — binair","meijendel",1997,85.9398612564956,72.2716888230978,102.192986950449
"functioneel-lucht-binair","Luchtfoerageerders — binair","meijendel",1998,85.1011569856924,72.0499355650988,100.516494060705
"functioneel-lucht-binair","Luchtfoerageerders — binair","meijendel",1999,84.4246055422156,71.8532318441003,99.1954549298944
"functioneel-lucht-binair","Luchtfoerageerders — binair","meijendel",2000,83.8714485438025,71.6466699087599,98.1820912234142
"functioneel-lucht-binair","Luchtfoerageerders — binair","meijendel",2001,83.4055444031335,71.4066551576647,97.4206790924918
"functioneel-lucht-binair","Luchtfoerageerders — binair","meijendel",2002,82.9937680980177,71.1195832244064,96.8504767719698
"functioneel-lucht-binair","Luchtfoerageerders — binair","meijendel",2003,82.6065663067854,70.7793753697864,96.4100737163361
"functioneel-lucht-binair","Luchtfoerageerders — binair","meijendel",2004,82.2186620592908,70.3846035417743,96.0424304557994
"functioneel-lucht-binair","Luchtfoerageerders — binair","meijendel",2005,81.8098222925611,69.935987042578,95.6996148415798
"functioneel-lucht-binair","Luchtfoerageerders — binair","meijendel",2006,81.3656098905822,69.4346846228705,95.3466197596265
"functioneel-lucht-binair","Luchtfoerageerders — binair","meijendel",2007,80.8779826150869,68.8816183623686,94.9636234949427
"functioneel-lucht-binair","Luchtfoerageerders — binair","meijendel",2008,80.3456445780895,68.2777854199142,94.5464555267469
"functioneel-lucht-binair","Luchtfoerageerders — binair","meijendel",2009,79.774083936479,67.6253850827022,94.1052603267498
"functioneel-lucht-binair","Luchtfoerageerders — binair","meijendel",2010,79.1752996091605,66.9293979937339,93.6618026773113
"functioneel-lucht-binair","Luchtfoerageerders — binair","meijendel",2011,78.5672095360696,66.19928921824,93.245811052966
"functioneel-lucht-binair","Luchtfoerageerders — binair","meijendel",2012,77.9728728514241,65.45019339967,92.8915345380019
"functioneel-lucht-binair","Luchtfoerageerders — binair","meijendel",2013,77.4195814425494,64.7033248046555,92.6349860511075
"functioneel-lucht-binair","Luchtfoerageerders — binair","meijendel",2014,76.9379437518588,63.9854502835398,92.512394029162
"functioneel-lucht-binair","Luchtfoerageerders — binair","meijendel",2015,76.5610793267847,63.3275826117475,92.5599655938054
"functioneel-lucht-binair","Luchtfoerageerders — binair","meijendel",2016,76.3240075333915,62.7633523499691,92.8145790153936
"functioneel-lucht-binair","Luchtfoerageerders — binair","meijendel",2017,76.2633196092896,62.3274620284991,93.3151090793535
"functioneel-lucht-binair","Luchtfoerageerders — binair","meijendel",2018,76.4171826610654,62.0545948025989,94.1040034896831
"functioneel-lucht-binair","Luchtfoerageerders — binair","meijendel",2019,76.8257211358355,61.978937366673,95.2289871174017
"functioneel-lucht-binair","Luchtfoerageerders — binair","meijendel",2020,77.5318020711709,62.1343040668048,96.7449530929034
"functioneel-lucht-binair","Luchtfoerageerders — binair","meijendel",2021,78.5822237811535,62.5547225781196,98.7162222113545
"functioneel-lucht-binair","Luchtfoerageerders — binair","meijendel",2022,80.0293689458888,63.1440675420232,101.429954438947
"functioneel-lucht-binair","Luchtfoerageerders — binair","meijendel",2023,81.9333810472492,62.4569988550217,107.483213297143
"functioneel-lucht-binair","Luchtfoerageerders — binair","meijendel",2024,84.3647290490616,61.5176410832946,115.697016045928
"functioneel-lucht-binair","Luchtfoerageerders — binair","meijendel",2025,87.4078389134249,60.186138849536,126.941692049981
"functioneel-lucht-gewogen","Luchtfoerageerders — gewogen","meijendel",1959,253.929346456621,208.451954751377,309.328416079344
"functioneel-lucht-gewogen","Luchtfoerageerders — gewogen","meijendel",1960,256.307216945404,214.634274929441,306.071290244275
"functioneel-lucht-gewogen","Luchtfoerageerders — gewogen","meijendel",1961,258.106984533306,219.492669811418,303.514534321868
"functioneel-lucht-gewogen","Luchtfoerageerders — gewogen","meijendel",1962,259.269618777462,223.072355744557,301.340500021373
"functioneel-lucht-gewogen","Luchtfoerageerders — gewogen","meijendel",1963,259.743338565838,222.710477984815,302.934116705221
"functioneel-lucht-gewogen","Luchtfoerageerders — gewogen","meijendel",1964,259.485425745182,221.42764786329,304.084367168683
"functioneel-lucht-gewogen","Luchtfoerageerders — gewogen","meijendel",1965,258.463819695722,219.513958986256,304.324820162736
"functioneel-lucht-gewogen","Luchtfoerageerders — gewogen","meijendel",1966,256.658190510486,216.972163429671,303.603124543067
"functioneel-lucht-gewogen","Luchtfoerageerders — gewogen","meijendel",1967,254.060398062249,213.811771260806,301.885557950945
"functioneel-lucht-gewogen","Luchtfoerageerders — gewogen","meijendel",1968,250.674710874847,210.048744766358,299.158229876993
"functioneel-lucht-gewogen","Luchtfoerageerders — gewogen","meijendel",1969,246.517523794559,205.705426407014,295.426769236307
"functioneel-lucht-gewogen","Luchtfoerageerders — gewogen","meijendel",1970,241.616913057657,200.810790999221,290.715117375031
"functioneel-lucht-gewogen","Luchtfoerageerders — gewogen","meijendel",1971,236.012117167098,195.401061900576,285.063545243362
"functioneel-lucht-gewogen","Luchtfoerageerders — gewogen","meijendel",1972,229.753067806664,189.520510722668,278.526434765775
"functioneel-lucht-gewogen","Luchtfoerageerders — gewogen","meijendel",1973,222.900027241476,183.222115074199,271.17044317565
"functioneel-lucht-gewogen","Luchtfoerageerders — gewogen","meijendel",1974,215.523266045077,176.567615143664,263.073600268898
"functioneel-lucht-gewogen","Luchtfoerageerders — gewogen","meijendel",1975,207.702703199033,169.626737874933,254.325547119778
"functioneel-lucht-gewogen","Luchtfoerageerders — gewogen","meijendel",1976,199.527286447909,162.475463796012,245.028616057677
"functioneel-lucht-gewogen","Luchtfoerageerders — gewogen","meijendel",1977,191.093926419703,155.193620859977,235.298902829556
"functioneel-lucht-gewogen","Luchtfoerageerders — gewogen","meijendel",1978,182.505770191974,147.862303950186,225.266043227537
"functioneel-lucht-gewogen","Luchtfoerageerders — gewogen","meijendel",1979,173.869738162119,140.561658128072,215.070640537118
"functioneel-lucht-gewogen","Luchtfoerageerders — gewogen","meijendel",1980,165.293348148331,133.369386783255,204.858788070216
"functioneel-lucht-gewogen","Luchtfoerageerders — gewogen","meijendel",1981,156.880959922027,126.359954564582,194.774014210948
"functioneel-lucht-gewogen","Luchtfoerageerders — gewogen","meijendel",1982,148.729784304578,119.604116998715,184.948054417926
"functioneel-lucht-gewogen","Luchtfoerageerders — gewogen","meijendel",1983,140.926113256601,113.168007502159,175.492790197208
"functioneel-lucht-gewogen","Luchtfoerageerders — gewogen","meijendel",1984,133.542143392753,107.111379204205,166.494953145282
"functioneel-lucht-gewogen","Luchtfoerageerders — gewogen","meijendel",1985,126.633715937344,101.484953896038,158.014537096084
"functioneel-lucht-gewogen","Luchtfoerageerders — gewogen","meijendel",1986,120.2393083487,96.3271911227208,150.08733363516
"functioneel-lucht-gewogen","Luchtfoerageerders — gewogen","meijendel",1987,114.380187675718,91.6615030302235,142.729792772639
"functioneel-lucht-gewogen","Luchtfoerageerders — gewogen","meijendel",1988,109.061600514702,87.4947262338052,135.94456739077
"functioneel-lucht-gewogen","Luchtfoerageerders — gewogen","meijendel",1989,104.274889550231,83.8170470938481,129.726027910984
"functioneel-lucht-gewogen","Luchtfoerageerders — gewogen","meijendel",1990,100,80.6037232088436,124.063747949832
"functioneel-lucht-gewogen","Luchtfoerageerders — gewogen","meijendel",1991,96.2082191227847,77.8179905970606,118.944492857766
"functioneel-lucht-gewogen","Luchtfoerageerders — gewogen","meijendel",1992,92.8648055225028,75.414724983171,114.352629498506
"functioneel-lucht-gewogen","Luchtfoerageerders — gewogen","meijendel",1993,89.9313078711043,73.344315884752,110.269487660307
"functioneel-lucht-gewogen","Luchtfoerageerders — gewogen","meijendel",1994,87.3674397370965,71.5562923089061,106.672233564918
"functioneel-lucht-gewogen","Luchtfoerageerders — gewogen","meijendel",1995,85.1324544542935,70.0023208849279,103.532778767808
"functioneel-lucht-gewogen","Luchtfoerageerders — gewogen","meijendel",1996,83.1860347730835,68.638294669781,100.817137351101
"functioneel-lucht-gewogen","Luchtfoerageerders — gewogen","meijendel",1997,81.4887726735123,67.4253748361179,98.4854750600256
"functioneel-lucht-gewogen","Luchtfoerageerders — gewogen","meijendel",1998,80.0023602113957,66.3300492710887,96.4928823320449
"functioneel-lucht-gewogen","Luchtfoerageerders — gewogen","meijendel",1999,78.6896480619629,65.3234906537887,94.7907200019852
"functioneel-lucht-gewogen","Luchtfoerageerders — gewogen","meijendel",2000,77.5147150107426,64.3806123723404,93.3282679643797
"functioneel-lucht-gewogen","Luchtfoerageerders — gewogen","meijendel",2001,76.4430926510191,63.4792163700198,92.0544825252773
"functioneel-lucht-gewogen","Luchtfoerageerders — gewogen","meijendel",2002,75.442231723808,62.5994365319843,90.9198331930788
"functioneel-lucht-gewogen","Luchtfoerageerders — gewogen","meijendel",2003,74.4822282802308,61.7234854107888,89.8783063313324
"functioneel-lucht-gewogen","Luchtfoerageerders — gewogen","meijendel",2004,73.5367683456261,60.8355738762223,88.8897063701715
"functioneel-lucht-gewogen","Luchtfoerageerders — gewogen","meijendel",2005,72.5841612661369,59.9219186636997,87.9220923528299
"functioneel-lucht-gewogen","Luchtfoerageerders — gewogen","meijendel",2006,71.6083342240337,58.9708224301282,86.9540786278936
"functioneel-lucht-gewogen","Luchtfoerageerders — gewogen","meijendel",2007,70.5996116212349,57.972986810476,85.9763389001119
"functioneel-lucht-gewogen","Luchtfoerageerders — gewogen","meijendel",2008,69.5551599289658,56.9222011401156,84.991798908748
"functioneel-lucht-gewogen","Luchtfoerageerders — gewogen","meijendel",2009,68.4790161014806,55.8164419688507,84.0142345304601
"functioneel-lucht-gewogen","Luchtfoerageerders — gewogen","meijendel",2010,67.3817150324653,54.6591431776261,83.0656182436256
"functioneel-lucht-gewogen","Luchtfoerageerders — gewogen","meijendel",2011,66.2795290212238,53.4602759397291,82.1727140396332
"functioneel-lucht-gewogen","Luchtfoerageerders — gewogen","meijendel",2012,65.1934747606565,52.2366756172112,81.3640818668022
"functioneel-lucht-gewogen","Luchtfoerageerders — gewogen","meijendel",2013,64.1481807685404,51.0113872121992,80.6680492493889
"functioneel-lucht-gewogen","Luchtfoerageerders — gewogen","meijendel",2014,63.1707606671529,49.8120697725233,80.1120094284444
"functioneel-lucht-gewogen","Luchtfoerageerders — gewogen","meijendel",2015,62.2898279364376,48.6688413693821,79.7229306303549
"functioneel-lucht-gewogen","Luchtfoerageerders — gewogen","meijendel",2016,61.5347419752917,47.6121344222934,79.5285595974619
"functioneel-lucht-gewogen","Luchtfoerageerders — gewogen","meijendel",2017,60.935169126647,46.6709925276196,79.5589430478834
"functioneel-lucht-gewogen","Luchtfoerageerders — gewogen","meijendel",2018,60.5209954229256,45.8720739019572,79.8479461558747
"functioneel-lucht-gewogen","Luchtfoerageerders — gewogen","meijendel",2019,60.3226150825727,45.2393769053299,80.4347482065234
"functioneel-lucht-gewogen","Luchtfoerageerders — gewogen","meijendel",2020,60.3715983200328,44.7945584100501,81.365460740822
"functioneel-lucht-gewogen","Luchtfoerageerders — gewogen","meijendel",2021,60.7017226367314,44.5576340074061,82.6951253842208
"functioneel-lucht-gewogen","Luchtfoerageerders — gewogen","meijendel",2022,61.3504102984652,44.4219916178883,84.7299435866434
"functioneel-lucht-gewogen","Luchtfoerageerders — gewogen","meijendel",2023,62.360580025922,43.0059480222437,90.4256764473142
"functioneel-lucht-gewogen","Luchtfoerageerders — gewogen","meijendel",2024,63.7828643676232,41.3108990944902,98.4789456562862
"functioneel-lucht-gewogen","Luchtfoerageerders — gewogen","meijendel",2025,65.6786634156045,39.2255400162781,109.971381560844
"functioneel-zaad-binair","Zaadeters — binair","meijendel",1958,83.5420394022779,77.8443372200674,89.656776545752
"functioneel-zaad-binair","Zaadeters — binair","meijendel",1959,85.3284380284503,80.2113459648405,90.7719755702214
"functioneel-zaad-binair","Zaadeters — binair","meijendel",1960,87.0395602818527,82.3831465369951,91.9591612182018
"functioneel-zaad-binair","Zaadeters — binair","meijendel",1961,88.6848398601031,84.38649382769,93.2021282584839
"functioneel-zaad-binair","Zaadeters — binair","meijendel",1962,90.2752234096404,85.9038717927728,94.8690180265672
"functioneel-zaad-binair","Zaadeters — binair","meijendel",1963,91.8224007467356,87.3468886977427,96.5272307302229
"functioneel-zaad-binair","Zaadeters — binair","meijendel",1964,93.337904285435,88.7518280325487,98.1609570137756
"functioneel-zaad-binair","Zaadeters — binair","meijendel",1965,94.8321723448028,90.1261285096369,99.7839479000007
"functioneel-zaad-binair","Zaadeters — binair","meijendel",1966,96.3136091301932,91.4742429336833,101.408997835694
"functioneel-zaad-binair","Zaadeters — binair","meijendel",1967,97.7876911875561,92.7966031085231,103.047226164193
"functioneel-zaad-binair","Zaadeters — binair","meijendel",1968,99.256189659348,94.0887598016668,104.707418893175
"functioneel-zaad-binair","Zaadeters — binair","meijendel",1969,100.716542520493,95.3410515140497,106.395112873151
"functioneel-zaad-binair","Zaadeters — binair","meijendel",1970,102.161431531675,96.5390059241521,108.111306851462
"functioneel-zaad-binair","Zaadeters — binair","meijendel",1971,103.578603926251,97.6646640045112,109.850653771928
"functioneel-zaad-binair","Zaadeters — binair","meijendel",1972,104.950973319025,98.6986218764043,111.599398159823
"functioneel-zaad-binair","Zaadeters — binair","meijendel",1973,106.25702914427,99.622426887391,113.333479170595
"functioneel-zaad-binair","Zaadeters — binair","meijendel",1974,107.47157180983,100.420674350647,115.017538190839
"functioneel-zaad-binair","Zaadeters — binair","meijendel",1975,108.566777578741,101.082334637694,116.605391397802
"functioneel-zaad-binair","Zaadeters — binair","meijendel",1976,109.513571162838,101.601092268514,118.042257234224
"functioneel-zaad-binair","Zaadeters — binair","meijendel",1977,110.283249408556,101.974801113581,119.268632714107
"functioneel-zaad-binair","Zaadeters — binair","meijendel",1978,110.84926140305,102.204386773382,120.225355696785
"functioneel-zaad-binair","Zaadeters — binair","meijendel",1979,111.189004686144,102.292524655815,120.85922020884
"functioneel-zaad-binair","Zaadeters — binair","meijendel",1980,111.285460835201,102.24235952021,121.128403642279
"functioneel-zaad-binair","Zaadeters — binair","meijendel",1981,111.128490245657,102.056505428526,121.006899975896
"functioneel-zaad-binair","Zaadeters — binair","meijendel",1982,110.715602145588,101.736340231299,120.487374821931
"functioneel-zaad-binair","Zaadeters — binair","meijendel",1983,110.052103959816,101.281733313659,119.581934369885
"functioneel-zaad-binair","Zaadeters — binair","meijendel",1984,109.150573144668,100.691060109029,118.32080827145
"functioneel-zaad-binair","Zaadeters — binair","meijendel",1985,108.029718721141,99.9614857942571,116.749166283795
"functioneel-zaad-binair","Zaadeters — binair","meijendel",1986,106.712762810742,99.089382377873,114.9226433088
"functioneel-zaad-binair","Zaadeters — binair","meijendel",1987,105.225546543414,98.070832012391,112.902230134656
"functioneel-zaad-binair","Zaadeters — binair","meijendel",1988,103.594563156305,96.9021414945642,110.749188305067
"functioneel-zaad-binair","Zaadeters — binair","meijendel",1989,101.845151947952,95.5804989980264,108.520410376971
"functioneel-zaad-binair","Zaadeters — binair","meijendel",1990,100,94.1048321935414,106.264468751545
"functioneel-zaad-binair","Zaadeters — binair","meijendel",1991,98.0780765280147,92.4769637695428,104.018435546899
"functioneel-zaad-binair","Zaadeters — binair","meijendel",1992,96.094054640286,90.7028856245158,101.80566223038
"functioneel-zaad-binair","Zaadeters — binair","meijendel",1993,94.0582243661081,88.7936415069444,99.6349448086688
"functioneel-zaad-binair","Zaadeters — binair","meijendel",1994,91.9768579212642,86.7652139233816,97.501544807333
"functioneel-zaad-binair","Zaadeters — binair","meijendel",1995,89.8529559089373,84.6372205529329,95.3901089004235
"functioneel-zaad-binair","Zaadeters — binair","meijendel",1996,87.6872798469195,82.4308690339348,93.2788788601339
"functioneel-zaad-binair","Zaadeters — binair","meijendel",1997,85.479559885587,80.1669137579209,91.144274061713
"functioneel-zaad-binair","Zaadeters — binair","meijendel",1998,83.2297585478021,77.8641445497591,88.9651167168298
"functioneel-zaad-binair","Zaadeters — binair","meijendel",1999,80.9392484347617,75.5384396397256,86.7262014999158
"functioneel-zaad-binair","Zaadeters — binair","meijendel",2000,78.6118179072128,73.2024720752269,84.4208909820157
"functioneel-zaad-binair","Zaadeters — binair","meijendel",2001,76.2543590916058,70.8657515250746,82.0527145389001
"functioneel-zaad-binair","Zaadeters — binair","meijendel",2002,73.8771890446375,68.5351511555501,79.6356171849651
"functioneel-zaad-binair","Zaadeters — binair","meijendel",2003,71.4939676391451,66.2159685935821,77.1926699458194
"functioneel-zaad-binair","Zaadeters — binair","meijendel",2004,69.1212350710907,63.9135742851215,74.7532146526375
"functioneel-zaad-binair","Zaadeters — binair","meijendel",2005,66.7776347083899,61.6354350394388,72.3488443684027
"functioneel-zaad-binair","Zaadeters — binair","meijendel",2006,64.4829333445172,59.3930359692298,70.0090275713072
"functioneel-zaad-binair","Zaadeters — binair","meijendel",2007,62.2569547909958,57.2028835160088,67.7575706260222
"functioneel-zaad-binair","Zaadeters — binair","meijendel",2008,60.1185501111548,55.0860119208905,65.61085004044
"functioneel-zaad-binair","Zaadeters — binair","meijendel",2009,58.08469346759,53.0659402971834,63.5780991786736
"functioneel-zaad-binair","Zaadeters — binair","meijendel",2010,56.1697614387865,51.1657424959842,61.6631743463473
"functioneel-zaad-binair","Zaadeters — binair","meijendel",2011,54.3850176162528,49.4051823597355,59.8667993892606
"functioneel-zaad-binair","Zaadeters — binair","meijendel",2012,52.7382942069186,47.7986362507091,58.1884315959797
"functioneel-zaad-binair","Zaadeters — binair","meijendel",2013,51.2338418032704,46.3540471255357,56.6273434294483
"functioneel-zaad-binair","Zaadeters — binair","meijendel",2014,49.8723129184455,45.0727927704227,55.182903986094
"functioneel-zaad-binair","Zaadeters — binair","meijendel",2015,48.6508451305697,43.9501787613074,53.8542685974793
"functioneel-zaad-binair","Zaadeters — binair","meijendel",2016,47.5632165682681,42.9762685326322,52.639739269179
"functioneel-zaad-binair","Zaadeters — binair","meijendel",2017,46.6000559856255,42.1368375875245,51.5360274333062
"functioneel-zaad-binair","Zaadeters — binair","meijendel",2018,45.7490990801909,41.4143301210523,50.5375810868227
"functioneel-zaad-binair","Zaadeters — binair","meijendel",2019,44.9954924257348,40.7887593985727,49.6360852471823
"functioneel-zaad-binair","Zaadeters — binair","meijendel",2020,44.3221514088154,40.2385343621375,48.8201952841109
"functioneel-zaad-binair","Zaadeters — binair","meijendel",2021,43.7101820976516,39.7412078922986,48.0755397316475
"functioneel-zaad-binair","Zaadeters — binair","meijendel",2022,43.1393772754821,39.2502831237752,47.4138203244987
"functioneel-zaad-binair","Zaadeters — binair","meijendel",2023,42.5887844866886,38.389619134187,47.2472664475686
"functioneel-zaad-binair","Zaadeters — binair","meijendel",2024,42.0373563621241,37.4273348976703,47.2152060719187
"functioneel-zaad-binair","Zaadeters — binair","meijendel",2025,41.4646453990872,36.3251544200444,47.3313010095097
"functioneel-zaad-gewogen","Zaadeters — gewogen","meijendel",1958,84.9117323175933,78.9899862409514,91.2774217124333
"functioneel-zaad-gewogen","Zaadeters — gewogen","meijendel",1959,87.0442188241038,81.7149926595324,92.7210024024229
"functioneel-zaad-gewogen","Zaadeters — gewogen","meijendel",1960,89.1198205142892,84.2599770254841,94.2599640882525
"functioneel-zaad-gewogen","Zaadeters — gewogen","meijendel",1961,91.1451335853317,86.6485332280981,95.8750837064839
"functioneel-zaad-gewogen","Zaadeters — gewogen","meijendel",1962,93.1279982510788,88.5427730954609,97.9506712411467
"functioneel-zaad-gewogen","Zaadeters — gewogen","meijendel",1963,95.0767565905862,90.3664365838004,100.032600437916
"functioneel-zaad-gewogen","Zaadeters — gewogen","meijendel",1964,96.9993561518065,92.1509359372758,102.102870667199
"functioneel-zaad-gewogen","Zaadeters — gewogen","meijendel",1965,98.9023941975514,93.8963732823525,104.17530769366
"functioneel-zaad-gewogen","Zaadeters — gewogen","meijendel",1966,100.790132639181,95.5986086188801,106.263584629383
"functioneel-zaad-gewogen","Zaadeters — gewogen","meijendel",1967,102.663530308275,97.2484683510414,108.380117795915
"functioneel-zaad-gewogen","Zaadeters — gewogen","meijendel",1968,104.519374635927,98.8314311554569,110.534670464318
"functioneel-zaad-gewogen","Zaadeters — gewogen","meijendel",1969,106.349555500166,100.32820172793,112.732290226371
"functioneel-zaad-gewogen","Zaadeters — gewogen","meijendel",1970,108.140554216417,101.716201025108,114.970666898453
"functioneel-zaad-gewogen","Zaadeters — gewogen","meijendel",1971,109.873209362929,102.971823860174,117.237140055933
"functioneel-zaad-gewogen","Zaadeters — gewogen","meijendel",1972,111.522818818722,104.072905631888,119.506023606808
"functioneel-zaad-gewogen","Zaadeters — gewogen","meijendel",1973,113.059632048323,105.000874953736,121.736894140493
"functioneel-zaad-gewogen","Zaadeters — gewogen","meijendel",1974,114.449772911545,105.742138140315,123.874462441101
"functioneel-zaad-gewogen","Zaadeters — gewogen","meijendel",1975,115.656613562068,106.288602729788,125.850297370563
"functioneel-zaad-gewogen","Zaadeters — gewogen","meijendel",1976,116.642580491167,106.637410453974,127.586477632169
"functioneel-zaad-gewogen","Zaadeters — gewogen","meijendel",1977,117.37132170456,106.790074662008,129.001006903278
"functioneel-zaad-gewogen","Zaadeters — gewogen","meijendel",1978,117.810105512285,106.751286787581,130.014554189246
"functioneel-zaad-gewogen","Zaadeters — gewogen","meijendel",1979,117.932250522938,106.527581763177,130.557884476568
"functioneel-zaad-gewogen","Zaadeters — gewogen","meijendel",1980,117.71933094048,106.126037941846,130.579084509572
"functioneel-zaad-gewogen","Zaadeters — gewogen","meijendel",1981,117.162895877015,105.553245540495,130.049475030324
"functioneel-zaad-gewogen","Zaadeters — gewogen","meijendel",1982,116.265433088861,104.814537588955,128.967328791278
"functioneel-zaad-gewogen","Zaadeters — gewogen","meijendel",1983,115.040436601009,103.913683549568,127.35860765669
"functioneel-zaad-gewogen","Zaadeters — gewogen","meijendel",1984,113.511502824395,102.85291651882,125.274632062522
"functioneel-zaad-gewogen","Zaadeters — gewogen","meijendel",1985,111.710557108943,101.633295746262,122.787010673609
"functioneel-zaad-gewogen","Zaadeters — gewogen","meijendel",1986,109.675415152484,100.255271298156,119.980690622209
"functioneel-zaad-gewogen","Zaadeters — gewogen","meijendel",1987,107.446987195206,98.7193750457029,116.946192700086
"functioneel-zaad-gewogen","Zaadeters — gewogen","meijendel",1988,105.066434464558,97.0268992971236,113.772116094228
"functioneel-zaad-gewogen","Zaadeters — gewogen","meijendel",1989,102.572610070453,95.1805987615216,110.538707189963
"functioneel-zaad-gewogen","Zaadeters — gewogen","meijendel",1990,100,93.1853922652025,107.312957073147
"functioneel-zaad-gewogen","Zaadeters — gewogen","meijendel",1991,97.3773235144584,91.0491304651826,104.145345336006
"functioneel-zaad-gewogen","Zaadeters — gewogen","meijendel",1992,94.7268473773702,88.7833615780841,101.068212045156
"functioneel-zaad-gewogen","Zaadeters — gewogen","meijendel",1993,92.0643888145792,86.4038131008094,98.0958060023699
"functioneel-zaad-gewogen","Zaadeters — gewogen","meijendel",1994,89.3999197213843,83.9301627500054,95.226142596625
"functioneel-zaad-gewogen","Zaadeters — gewogen","meijendel",1995,86.738642595333,81.3848556220866,92.4446208299118
"functioneel-zaad-gewogen","Zaadeters — gewogen","meijendel",1996,84.0823843446443,78.7912033027807,89.7288918143858
"functioneel-zaad-gewogen","Zaadeters — gewogen","meijendel",1997,81.4311437124737,76.1713658646687,87.0541192356022
"functioneel-zaad-gewogen","Zaadeters — gewogen","meijendel",1998,78.7846318343704,73.5447828567156,84.3978046052592
"functioneel-zaad-gewogen","Zaadeters — gewogen","meijendel",1999,76.1436367724526,70.9271911682726,81.743733615222
"functioneel-zaad-gewogen","Zaadeters — gewogen","meijendel",2000,73.511119867607,68.3304342337751,79.0845953898329
"functioneel-zaad-gewogen","Zaadeters — gewogen","meijendel",2001,70.8929056843824,65.7627539212557,76.4232605342627
"functioneel-zaad-gewogen","Zaadeters — gewogen","meijendel",2002,68.2979405783399,63.2296966797499,73.7724349820635
"functioneel-zaad-gewogen","Zaadeters — gewogen","meijendel",2003,65.7381171600737,60.7356089301806,71.1526586111849
"functioneel-zaad-gewogen","Zaadeters — gewogen","meijendel",2004,63.2277243633539,58.2856335543069,68.5888594561371
"functioneel-zaad-gewogen","Zaadeters — gewogen","meijendel",2005,60.7826167987195,55.8877650631941,66.1061772773067
"functioneel-zaad-gewogen","Zaadeters — gewogen","meijendel",2006,58.4192368818695,53.5543495412833,63.7260515176113
"functioneel-zaad-gewogen","Zaadeters — gewogen","meijendel",2007,56.153609493314,51.3022647583295,61.4637165431502
"functioneel-zaad-gewogen","Zaadeters — gewogen","meijendel",2008,54.0004258049649,49.151564530279,59.3276331076123
"functioneel-zaad-gewogen","Zaadeters — gewogen","meijendel",2009,51.9722885034325,47.1229696148201,57.3206398994541
"functioneel-zaad-gewogen","Zaadeters — gewogen","meijendel",2010,50.0791561522781,45.235074392345,55.4419753833468
"functioneel-zaad-gewogen","Zaadeters — gewogen","meijendel",2011,48.3279892313442,43.5020855315959,53.6892545404188
"functioneel-zaad-gewogen","Zaadeters — gewogen","meijendel",2012,46.72257424242,41.9325044604435,52.0598273803978
"functioneel-zaad-gewogen","Zaadeters — gewogen","meijendel",2013,45.2634875805807,40.5287413976647,50.5513676789241
"functioneel-zaad-gewogen","Zaadeters — gewogen","meijendel",2014,43.9481597211123,39.287423827718,49.1618068759635
"functioneel-zaad-gewogen","Zaadeters — gewogen","meijendel",2015,42.7710069941181,38.2001158550984,47.8888348462102
"functioneel-zaad-gewogen","Zaadeters — gewogen","meijendel",2016,41.7236054645701,37.2542065413278,46.7291995880221
"functioneel-zaad-gewogen","Zaadeters — gewogen","meijendel",2017,40.7948949408206,36.4338189085663,45.6779855389056
"functioneel-zaad-gewogen","Zaadeters — gewogen","meijendel",2018,39.9714105802243,35.7206614274995,44.7279977448253
"functioneel-zaad-gewogen","Zaadeters — gewogen","meijendel",2019,39.2375496121846,35.0947939930352,43.8693357161234
"functioneel-zaad-gewogen","Zaadeters — gewogen","meijendel",2020,38.5758847758394,34.5353031495192,43.0892087379739
"functioneel-zaad-gewogen","Zaadeters — gewogen","meijendel",2021,37.9675408324807,34.0208931529286,42.3720256368988
"functioneel-zaad-gewogen","Zaadeters — gewogen","meijendel",2022,37.3926474209493,33.506737765092,41.729221476288
"functioneel-zaad-gewogen","Zaadeters — gewogen","meijendel",2023,36.8308693764846,32.6199513715207,41.5853758817062
"functioneel-zaad-gewogen","Zaadeters — gewogen","meijendel",2024,36.2620274205949,31.6269908780378,41.5763433746422
"functioneel-zaad-gewogen","Zaadeters — gewogen","meijendel",2025,35.6667706199615,30.4926287849694,41.718886732521
"oranje-lijst","Oranje Lijst","landelijk",1990,100,93.5444129678574,106.901093103616
"oranje-lijst","Oranje Lijst","landelijk",1991,100.774326119061,95.6254717460628,106.200415216975
"oranje-lijst","Oranje Lijst","landelijk",1992,101.626037215304,97.3346893793761,106.106584465812
"oranje-lijst","Oranje Lijst","landelijk",1993,102.631842221929,98.6480674487921,106.776496593151
"oranje-lijst","Oranje Lijst","landelijk",1994,103.841380839664,99.8599217322426,107.981582477113
"oranje-lijst","Oranje Lijst","landelijk",1995,105.248331655697,101.244096132423,109.410935940592
"oranje-lijst","Oranje Lijst","landelijk",1996,106.779326855925,102.799946162643,110.912749173675
"oranje-lijst","Oranje Lijst","landelijk",1997,108.30175887488,104.326171912048,112.428844655405
"oranje-lijst","Oranje Lijst","landelijk",1998,109.649050342252,105.609725906821,113.842869467964
"oranje-lijst","Oranje Lijst","landelijk",1999,110.65826487167,106.543129871389,114.932343354193
"oranje-lijst","Oranje Lijst","landelijk",2000,111.210650666082,107.084265175232,115.496042311491
"oranje-lijst","Oranje Lijst","landelijk",2001,111.263191136809,107.189488932584,115.491713088884
"oranje-lijst","Oranje Lijst","landelijk",2002,110.86106785777,106.836740503246,115.036983613251
"oranje-lijst","Oranje Lijst","landelijk",2003,110.127413961921,106.108061668313,114.299018521815
"oranje-lijst","Oranje Lijst","landelijk",2004,109.234903672824,105.210346631499,113.41341001569
"oranje-lijst","Oranje Lijst","landelijk",2005,108.369335942704,104.379013082319,112.512205527378
"oranje-lijst","Oranje Lijst","landelijk",2006,107.696024116421,103.771217901666,111.76927326299
"oranje-lijst","Oranje Lijst","landelijk",2007,107.336341023624,103.449430334904,111.369294804637
"oranje-lijst","Oranje Lijst","landelijk",2008,107.356963937224,103.444514218537,111.417389243759
"oranje-lijst","Oranje Lijst","landelijk",2009,107.770619048752,103.802341849975,111.89060018451
"oranje-lijst","Oranje Lijst","landelijk",2010,108.545251058684,104.546102986388,112.697376476354
"oranje-lijst","Oranje Lijst","landelijk",2011,109.618080621929,105.617317615534,113.770391736103
"oranje-lijst","Oranje Lijst","landelijk",2012,110.911203204095,106.885055904575,115.089007458277
"oranje-lijst","Oranje Lijst","landelijk",2013,112.345834331888,108.232493088686,116.615501791924
"oranje-lijst","Oranje Lijst","landelijk",2014,113.853028608005,109.628599719912,118.240241655307
"oranje-lijst","Oranje Lijst","landelijk",2015,115.379768248785,111.089051028561,119.836210660588
"oranje-lijst","Oranje Lijst","landelijk",2016,116.890572485087,112.584480054402,121.361362856488
"oranje-lijst","Oranje Lijst","landelijk",2017,118.365826657342,114.020803619928,122.876426717513
"oranje-lijst","Oranje Lijst","landelijk",2018,119.798486805293,115.333916747452,124.435880143254
"oranje-lijst","Oranje Lijst","landelijk",2019,121.190573720699,116.579806093846,125.983698642706
"oranje-lijst","Oranje Lijst","landelijk",2020,122.550165418078,117.851378977889,127.436294545318
"oranje-lijst","Oranje Lijst","landelijk",2021,123.888864662424,119.079973746801,128.891956425686
"oranje-lijst","Oranje Lijst","landelijk",2022,125.219358803287,119.931739221325,130.740102002274
"oranje-lijst","Oranje Lijst","landelijk",2023,126.552879084173,120.086923220392,133.366987636949
"oranje-lijst","Oranje Lijst","landelijk",2024,127.896995910114,119.640494027641,136.723286674599
"oranje-lijst","Oranje Lijst","meijendel",1958,195.010977150311,151.172194063065,251.562672916252
"oranje-lijst","Oranje Lijst","meijendel",1959,186.750924270724,149.246222717861,233.680337638427
"oranje-lijst","Oranje Lijst","meijendel",1960,179.781856810096,147.187673578111,219.593905198407
"oranje-lijst","Oranje Lijst","meijendel",1961,174.023348584001,145.231594330951,208.522986970574
"oranje-lijst","Oranje Lijst","meijendel",1962,169.390851333837,141.480227435874,202.807565662185
"oranje-lijst","Oranje Lijst","meijendel",1963,165.796852188352,138.527320187624,198.434476017693
"oranje-lijst","Oranje Lijst","meijendel",1964,163.151173619088,136.475076239414,195.041513708995
"oranje-lijst","Oranje Lijst","meijendel",1965,161.36059541748,135.247344640792,192.515733470677
"oranje-lijst","Oranje Lijst","meijendel",1966,160.328073093017,134.755988181313,190.752866485858
"oranje-lijst","Oranje Lijst","meijendel",1967,159.951629564554,134.897269306976,189.659315802277
"oranje-lijst","Oranje Lijst","meijendel",1968,160.123266655127,135.548093458857,189.153973840962
"oranje-lijst","Oranje Lijst","meijendel",1969,160.728070994094,136.563608126463,189.168352827641
"oranje-lijst","Oranje Lijst","meijendel",1970,161.643769884444,137.77820990293,189.643256077022
"oranje-lijst","Oranje Lijst","meijendel",1971,162.740961618116,139.012374168621,190.519878153175
"oranje-lijst","Oranje Lijst","meijendel",1972,163.884233706903,140.086472617617,191.724736556192
"oranje-lijst","Oranje Lijst","meijendel",1973,164.934325002604,140.839475389075,193.151326990635
"oranje-lijst","Oranje Lijst","meijendel",1974,165.751415765534,141.146581638193,194.645392820798
"oranje-lijst","Oranje Lijst","meijendel",1975,166.199558080595,140.929119552066,196.001317499043
"oranje-lijst","Oranje Lijst","meijendel",1976,166.152053499084,140.153138451877,196.973861498231
"oranje-lijst","Oranje Lijst","meijendel",1977,165.497486287308,138.819852966125,197.301879970304
"oranje-lijst","Oranje Lijst","meijendel",1978,164.145869148928,136.953191095017,196.73777692382
"oranje-lijst","Oranje Lijst","meijendel",1979,162.034275265207,134.589242900347,195.075815829953
"oranje-lijst","Oranje Lijst","meijendel",1980,159.131209500806,131.769153932131,192.1750355188
"oranje-lijst","Oranje Lijst","meijendel",1981,155.439035561323,128.535223141283,187.974106908242
"oranje-lijst","Oranje Lijst","meijendel",1982,150.993946546678,124.929153779816,182.496808822734
"oranje-lijst","Oranje Lijst","meijendel",1983,145.863335329957,120.991709139255,175.847690266876
"oranje-lijst","Oranje Lijst","meijendel",1984,140.140683141465,116.762760089206,168.199270523857
"oranje-lijst","Oranje Lijst","meijendel",1985,133.938549566378,112.28155242081,159.772773649504
"oranje-lijst","Oranje Lijst","meijendel",1986,127.380427287207,107.58677315482,150.815688398072
"oranje-lijst","Oranje Lijst","meijendel",1987,120.592458459556,102.71676531312,141.579040120554
"oranje-lijst","Oranje Lijst","meijendel",1988,113.695761299459,97.7093244170424,132.29777418468
"oranje-lijst","Oranje Lijst","meijendel",1989,106.800212910068,92.6018056318001,123.175627082144
"oranje-lijst","Oranje Lijst","meijendel",1990,100,87.4312138835087,114.375628060292
"oranje-lijst","Oranje Lijst","meijendel",1991,93.3711261851531,82.234556375008,106.015859869505
"oranje-lijst","Oranje Lijst","meijendel",1992,86.9707560196429,77.049410786336,98.1696332967888
"oranje-lijst","Oranje Lijst","meijendel",1993,80.838103053352,71.9144459104517,90.8690711933111
"oranje-lijst","Oranje Lijst","meijendel",1994,74.9964690990552,66.8693591375819,84.1113246764239
"oranje-lijst","Oranje Lijst","meijendel",1995,69.4560150428272,61.95370260607,77.8668234940455
"oranje-lijst","Oranje Lijst","meijendel",1996,64.2168704771892,57.2045883917883,72.0887357084116
"oranje-lijst","Oranje Lijst","meijendel",1997,59.2722478838845,52.6540012024813,66.7223627640114
"oranje-lijst","Oranje Lijst","meijendel",1998,54.6113017682791,48.3267465196305,61.7131194547638
"oranje-lijst","Oranje Lijst","meijendel",1999,50.2215232159746,44.239530928335,57.0123900775183
"oranje-lijst","Oranje Lijst","meijendel",2000,46.0905947780485,40.4013515066144,52.5809867188844
"oranje-lijst","Oranje Lijst","meijendel",2001,42.2075918878449,36.8144549897999,48.3907968612998
"oranje-lijst","Oranje Lijst","meijendel",2002,38.5635807663655,33.4757050335567,44.4247480384131
"oranje-lijst","Oranje Lijst","meijendel",2003,35.1516617279667,30.3779934984477,40.6754752350757
"oranje-lijst","Oranje Lijst","meijendel",2004,31.9665787591398,27.5116085845945,37.1429447472038
"oranje-lijst","Oranje Lijst","meijendel",2005,29.0040517771796,24.8655277972499,33.8313759656594
"oranje-lijst","Oranje Lijst","meijendel",2006,26.2599864696806,22.4284707690576,30.7460502540889
"oranje-lijst","Oranje Lijst","meijendel",2007,23.7297222375258,20.1896747807349,27.8904798410839
"oranje-lijst","Oranje Lijst","meijendel",2008,21.4074275057288,18.1392299302717,25.2644657008418
"oranje-lijst","Oranje Lijst","meijendel",2009,19.2857179895435,16.2680021740267,22.8632203508083
"oranje-lijst","Oranje Lijst","meijendel",2010,17.3555108378207,14.5671806907297,20.6775602525065
"oranje-lijst","Oranje Lijst","meijendel",2011,15.6061005420694,13.027708500831,18.6947976394807
"oranje-lijst","Oranje Lijst","meijendel",2012,14.0254072222013,11.6398075241341,16.8999399122976
"oranje-lijst","Oranje Lijst","meijendel",2013,12.6003403774882,10.3927661551606,15.2768353735855
"oranje-lijst","Oranje Lijst","meijendel",2014,11.3172222566958,9.27503174539342,13.8090653620741
"oranje-lijst","Oranje Lijst","meijendel",2015,10.1622226690529,8.27453225213648,12.4805567769401
"oranje-lijst","Oranje Lijst","meijendel",2016,9.12177024051676,7.37911463819174,11.2759723084024
"oranje-lijst","Oranje Lijst","meijendel",2017,8.18291574071958,6.5769832623347,10.1809761936275
"oranje-lijst","Oranje Lijst","meijendel",2018,7.3336333502821,5.85706896956881,9.18243892906203
"oranje-lijst","Oranje Lijst","meijendel",2019,6.5630523083258,5.20929449910501,8.26861595350789
"oranje-lijst","Oranje Lijst","meijendel",2020,5.86161562117022,4.62473483424425,7.42929895913945
"oranje-lijst","Oranje Lijst","meijendel",2021,5.22116511871201,4.09568542666702,6.65592260073524
"oranje-lijst","Oranje Lijst","meijendel",2022,4.63495310912036,3.6098466608191,5.95116423002576
"oranje-lijst","Oranje Lijst","meijendel",2023,4.09758358064777,3.08490132562942,5.44269959654818
"oranje-lijst","Oranje Lijst","meijendel",2024,3.60488879283045,2.59935040261295,4.99941185136538
"oranje-lijst","Oranje Lijst","meijendel",2025,3.15375004911429,2.15250076591986,4.62073674015066
"rode-en-oranje-lijst","Rode & Oranjelijst","landelijk",1990,100,93.4452664396746,107.014516422356
"rode-en-oranje-lijst","Rode & Oranjelijst","landelijk",1991,100.103700564076,94.9535994367068,105.533133299509
"rode-en-oranje-lijst","Rode & Oranjelijst","landelijk",1992,100.272289506636,96.0154354499906,104.717871619086
"rode-en-oranje-lijst","Rode & Oranjelijst","landelijk",1993,100.574379145528,96.6099959802443,104.70144044491
"rode-en-oranje-lijst","Rode & Oranjelijst","landelijk",1994,101.054591345733,97.0882176147549,105.183004518368
"rode-en-oranje-lijst","Rode & Oranjelijst","landelijk",1995,101.709841151219,97.7508724927897,105.82915040241
"rode-en-oranje-lijst","Rode & Oranjelijst","landelijk",1996,102.481598828815,98.5948110562244,106.521610883975
"rode-en-oranje-lijst","Rode & Oranjelijst","landelijk",1997,103.263900714839,99.4186818462669,107.257841210702
"rode-en-oranje-lijst","Rode & Oranjelijst","landelijk",1998,103.924962785586,100.034208816883,107.967044651255
"rode-en-oranje-lijst","Rode & Oranjelijst","landelijk",1999,104.337671647697,100.382302489154,108.448894425776
"rode-en-oranje-lijst","Rode & Oranjelijst","landelijk",2000,104.411418052166,100.460705175734,108.51749647381
"rode-en-oranje-lijst","Rode & Oranjelijst","landelijk",2001,104.116291280315,100.236771388696,108.145962402675
"rode-en-oranje-lijst","Rode & Oranjelijst","landelijk",2002,103.492253811185,99.6730987077955,107.457746751894
"rode-en-oranje-lijst","Rode & Oranjelijst","landelijk",2003,102.640700708545,98.8257480366719,106.602921315929
"rode-en-oranje-lijst","Rode & Oranjelijst","landelijk",2004,101.701759815715,97.8770386372204,105.675938847623
"rode-en-oranje-lijst","Rode & Oranjelijst","landelijk",2005,100.824895191539,97.0351195536071,104.762683213564
"rode-en-oranje-lijst","Rode & Oranjelijst","landelijk",2006,100.141113640322,96.4232522567183,104.002327306121
"rode-en-oranje-lijst","Rode & Oranjelijst","landelijk",2007,99.7428144086684,96.0680355445714,103.558160315939
"rode-en-oranje-lijst","Rode & Oranjelijst","landelijk",2008,99.6739426429581,95.9734255542948,103.517143257237
"rode-en-oranje-lijst","Rode & Oranjelijst","landelijk",2009,99.9303207250008,96.1741700813041,103.833170504715
"rode-en-oranje-lijst","Rode & Oranjelijst","landelijk",2010,100.468442450262,96.6901029180244,104.394427389734
"rode-en-oranje-lijst","Rode & Oranjelijst","landelijk",2011,101.220266119262,97.4581082032138,105.127653944307
"rode-en-oranje-lijst","Rode & Oranjelijst","landelijk",2012,102.111051663074,98.3428668017892,106.023621344636
"rode-en-oranje-lijst","Rode & Oranjelijst","landelijk",2013,103.076856687371,99.2360675950314,107.066297990639
"rode-en-oranje-lijst","Rode & Oranjelijst","landelijk",2014,104.078225488618,100.140119932111,108.171200795479
"rode-en-oranje-lijst","Rode & Oranjelijst","landelijk",2015,105.107289287674,101.122744455293,109.248837350206
"rode-en-oranje-lijst","Rode & Oranjelijst","landelijk",2016,106.187020355344,102.211579231303,110.317083218425
"rode-en-oranje-lijst","Rode & Oranjelijst","landelijk",2017,107.3633049589,103.365437328853,111.51579821624
"rode-en-oranje-lijst","Rode & Oranjelijst","landelijk",2018,108.69211723604,104.569785060528,112.976959285275
"rode-en-oranje-lijst","Rode & Oranjelijst","landelijk",2019,110.22488773622,105.934478165353,114.689061454555
"rode-en-oranje-lijst","Rode & Oranjelijst","landelijk",2020,111.99515226002,107.599363567933,116.570523410448
"rode-en-oranje-lijst","Rode & Oranjelijst","landelijk",2021,114.009122972981,109.515176784669,118.68747787008
"rode-en-oranje-lijst","Rode & Oranjelijst","landelijk",2022,116.242393280703,111.307561276509,121.396011561682
"rode-en-oranje-lijst","Rode & Oranjelijst","landelijk",2023,118.644777396212,112.540781256394,125.07984258015
"rode-en-oranje-lijst","Rode & Oranjelijst","landelijk",2024,121.155175798718,113.213776830569,129.653625501654
"rode-en-oranje-lijst","Rode & Oranjelijst","meijendel",1958,215.530239880822,200.850968185041,231.282351899285
"rode-en-oranje-lijst","Rode & Oranjelijst","meijendel",1959,214.101934629219,201.347733645625,227.664039629335
"rode-en-oranje-lijst","Rode & Oranjelijst","meijendel",1960,212.83785134876,201.557331761292,224.74970555974
"rode-en-oranje-lijst","Rode & Oranjelijst","meijendel",1961,211.750093044688,201.576008627728,222.437690922045
"rode-en-oranje-lijst","Rode & Oranjelijst","meijendel",1962,210.842908672018,200.670355757034,221.531137320061
"rode-en-oranje-lijst","Rode & Oranjelijst","meijendel",1963,210.111917969308,199.793587264272,220.963138393161
"rode-en-oranje-lijst","Rode & Oranjelijst","meijendel",1964,209.543379436792,198.967527971033,220.681376069485
"rode-en-oranje-lijst","Rode & Oranjelijst","meijendel",1965,209.113489947492,198.132777019451,220.702764761264
"rode-en-oranje-lijst","Rode & Oranjelijst","meijendel",1966,208.787830437779,197.216038343836,221.0386057087
"rode-en-oranje-lijst","Rode & Oranjelijst","meijendel",1967,208.521029175275,196.136468602079,221.687582723486
"rode-en-oranje-lijst","Rode & Oranjelijst","meijendel",1968,208.256712738835,194.813975464864,222.627038421111
"rode-en-oranje-lijst","Rode & Oranjelijst","meijendel",1969,207.927895356074,193.176955472557,223.805213005069
"rode-en-oranje-lijst","Rode & Oranjelijst","meijendel",1970,207.457935226187,191.167484211717,225.136586725426
"rode-en-oranje-lijst","Rode & Oranjelijst","meijendel",1971,206.762194421143,188.743837738704,226.500666480197
"rode-en-oranje-lijst","Rode & Oranjelijst","meijendel",1972,205.75053733943,185.881165930188,227.743802894822
"rode-en-oranje-lijst","Rode & Oranjelijst","meijendel",1973,204.330725367279,182.570821320661,228.68410749924
"rode-en-oranje-lijst","Rode & Oranjelijst","meijendel",1974,202.412728432307,178.819403574526,229.118942421345
"rode-en-oranje-lijst","Rode & Oranjelijst","meijendel",1975,199.91382301276,174.647048081484,228.836027122146
"rode-en-oranje-lijst","Rode & Oranjelijst","meijendel",1976,196.764229044058,170.085187707562,227.628063049615
"rode-en-oranje-lijst","Rode & Oranjelijst","meijendel",1977,192.912828227976,165.173576970925,225.310609465504
"rode-en-oranje-lijst","Rode & Oranjelijst","meijendel",1978,188.33238480238,159.957055146385,221.74131133442
"rode-en-oranje-lijst","Rode & Oranjelijst","meijendel",1979,183.023581955815,154.482438050899,216.837797063379
"rode-en-oranje-lijst","Rode & Oranjelijst","meijendel",1980,177.017173719828,148.795805571004,210.591149874873
"rode-en-oranje-lijst","Rode & Oranjelijst","meijendel",1981,170.37374242751,142.940628450871,203.071809767033
"rode-en-oranje-lijst","Rode & Oranjelijst","meijendel",1982,163.180818879777,136.956788057122,194.426140011174
"rode-en-oranje-lijst","Rode & Oranjelijst","meijendel",1983,155.547556366223,130.880554333769,184.863537709366
"rode-en-oranje-lijst","Rode & Oranjelijst","meijendel",1984,147.597492370906,124.745194030993,174.636144690008
"rode-en-oranje-lijst","Rode & Oranjelijst","meijendel",1985,139.460316367914,118.582090262187,164.014479745096
"rode-en-oranje-lijst","Rode & Oranjelijst","meijendel",1986,131.263607260826,112.421860476242,153.263204488292
"rode-en-oranje-lijst","Rode & Oranjelijst","meijendel",1987,123.125544273457,106.29537332055,142.620503405337
"rode-en-oranje-lijst","Rode & Oranjelijst","meijendel",1988,115.149268865576,100.234273057992,132.283636282826
"rode-en-oranje-lijst","Rode & Oranjelijst","meijendel",1989,107.419295211071,94.2708996330458,122.401557941624
"rode-en-oranje-lijst","Rode & Oranjelijst","meijendel",1990,100,88.4375492224152,113.074142012355
"rode-en-oranje-lijst","Rode & Oranjelijst","meijendel",1991,92.9359524388601,82.7651691537819,104.356595220266
"rode-en-oranje-lijst","Rode & Oranjelijst","meijendel",1992,86.2536612420373,77.2817305902235,96.2671775183731
"rode-en-oranje-lijst","Rode & Oranjelijst","meijendel",1993,79.9642469095444,72.0106498347997,88.796321078615
"rode-en-oranje-lijst","Rode & Oranjelijst","meijendel",1994,74.0665682118529,66.9696615848754,81.9155479788179
"rode-en-oranje-lijst","Rode & Oranjelijst","meijendel",1995,68.5504110493061,62.1704317824647,75.5851088741229
"rode-en-oranje-lijst","Rode & Oranjelijst","meijendel",1996,63.3994534517855,57.6189547873295,69.7598683075904
"rode-en-oranje-lijst","Rode & Oranjelijst","meijendel",1997,58.5938269540885,53.3165202751589,64.3934851600823
"rode-en-oranje-lijst","Rode & Oranjelijst","meijendel",1998,54.112188897151,49.2609083146379,59.4412301238637
"rode-en-oranje-lijst","Rode & Oranjelijst","meijendel",1999,49.9332703186124,45.4473928328766,54.8619256088094
"rode-en-oranje-lijst","Rode & Oranjelijst","meijendel",2000,46.0369655909038,41.8696001507881,50.6191172876097
"rode-en-oranje-lijst","Rode & Oranjelijst","meijendel",2001,42.4049743681394,38.5199580218866,46.6818227096939
"rode-en-oranje-lijst","Rode & Oranjelijst","meijendel",2002,39.0210962527457,35.39002723936,43.0247183046129
"rode-en-oranje-lijst","Rode & Oranjelijst","meijendel",2003,35.8712425271167,32.4707642781194,39.6278335002513
"rode-en-oranje-lijst","Rode & Oranjelijst","meijendel",2004,32.9432448283136,29.7528436722788,36.4757531001772
"rode-en-oranje-lijst","Rode & Oranjelijst","meijendel",2005,30.2265310937744,27.2270475771464,33.5564544548634
"rode-en-oranje-lijst","Rode & Oranjelijst","meijendel",2006,27.7117329349221,24.8846640805755,30.8599762395783
"rode-en-oranje-lijst","Rode & Oranjelijst","meijendel",2007,25.3902836199639,22.717821429285,28.3771269313344
"rode-en-oranje-lijst","Rode & Oranjelijst","meijendel",2008,23.2540489629419,20.7196263188752,26.0984819344104
"rode-en-oranje-lijst","Rode & Oranjelijst","meijendel",2009,21.2950230972901,18.8840432404055,24.0138196540361
"rode-en-oranje-lijst","Rode & Oranjelijst","meijendel",2010,19.505106111146,17.2055306308843,22.1120273805534
"rode-en-oranje-lijst","Rode & Oranjelijst","meijendel",2011,17.8759663160764,15.6785340019817,20.3813807906472
"rode-en-oranje-lijst","Rode & Oranjelijst","meijendel",2012,16.3989829044612,14.2970049749707,18.8099983717997
"rode-en-oranje-lijst","Rode & Oranjelijst","meijendel",2013,15.0652553729394,13.0540716134343,17.3862934242146
"rode-en-oranje-lijst","Rode & Oranjelijst","meijendel",2014,13.865664716008,11.9419262609405,16.099300382182
"rode-en-oranje-lijst","Rode & Oranjelijst","meijendel",2015,12.7909705240369,10.9519182789743,14.9388374510501
"rode-en-oranje-lijst","Rode & Oranjelijst","meijendel",2016,11.8319288709647,10.0747886526045,13.8955312746315
"rode-en-oranje-lijst","Rode & Oranjelijst","meijendel",2017,10.9794183668578,9.30097197767493,12.9607559257079
"rode-en-oranje-lijst","Rode & Oranjelijst","meijendel",2018,10.2245640481449,8.6209025850698,12.1265388331459
"rode-en-oranje-lijst","Rode & Oranjelijst","meijendel",2019,9.55885128560891,8.02528167989258,11.3854742481276
"rode-en-oranje-lijst","Rode & Oranjelijst","meijendel",2020,8.97422472314364,7.50528452719244,10.7306670506214
"rode-en-oranje-lijst","Rode & Oranjelijst","meijendel",2021,8.46316934439249,7.05270198304872,10.1557155717081
"rode-en-oranje-lijst","Rode & Oranjelijst","meijendel",2022,8.01877226123148,6.65201848915212,9.66634543820868
"rode-en-oranje-lijst","Rode & Oranjelijst","meijendel",2023,7.63476690283096,6.18017089006135,9.43172392761851
"rode-en-oranje-lijst","Rode & Oranjelijst","meijendel",2024,7.30556179773075,5.73107884664045,9.3125979608096
"rode-en-oranje-lijst","Rode & Oranjelijst","meijendel",2025,7.02625272823867,5.29456097276344,9.3243288074392
"rode-lijst","Rode Lijst Totaal","landelijk",1990,100,93.4289377744505,107.033219452214
"rode-lijst","Rode Lijst Totaal","landelijk",1991,99.9936146097782,94.8433328603476,105.423572339571
"rode-lijst","Rode Lijst Totaal","landelijk",1992,100.050937191447,95.7997529523525,104.490770846409
"rode-lijst","Rode Lijst Totaal","landelijk",1993,100.239302467191,96.2781986865895,104.363375054591
"rode-lijst","Rode Lijst Totaal","landelijk",1994,100.60257735397,96.6388986917791,104.728827700543
"rode-lijst","Rode Lijst Totaal","landelijk",1995,101.138245444076,97.1868906888214,105.250251541206
"rode-lijst","Rode Lijst Totaal","landelijk",1996,101.790150195439,97.9185308737187,105.814850206162
"rode-lijst","Rode Lijst Totaal","landelijk",1997,102.456480959189,98.6324092107879,106.428815584407
"rode-lijst","Rode Lijst Totaal","landelijk",1998,103.010773838147,99.1440731547535,107.028279039643
"rode-lijst","Rode Lijst Totaal","landelijk",1999,103.331290801796,99.4017916899209,107.41612879648
"rode-lijst","Rode Lijst Totaal","landelijk",2000,103.331540499229,99.4091995933065,107.408643321002
"rode-lijst","Rode Lijst Totaal","landelijk",2001,102.983397029601,99.1350939851911,106.981086489319
"rode-lijst","Rode Lijst Totaal","landelijk",2002,102.325823414699,98.5395622914042,106.25756695095
"rode-lijst","Rode Lijst Totaal","landelijk",2003,101.456737826257,97.6745808729503,105.385347532077
"rode-lijst","Rode Lijst Totaal","landelijk",2004,100.51119158503,96.7185941888965,104.452506972049
"rode-lijst","Rode Lijst Totaal","landelijk",2005,99.6330350952649,95.8754846315919,103.537851416746
"rode-lijst","Rode Lijst Totaal","landelijk",2006,98.9480014202642,95.2633057709245,102.775217654192
"rode-lijst","Rode Lijst Totaal","landelijk",2007,98.5440551111165,94.9032129377507,102.324573606506
"rode-lijst","Rode Lijst Totaal","landelijk",2008,98.4616850536408,94.7950991970668,102.270091024941
"rode-lijst","Rode Lijst Totaal","landelijk",2009,98.6941764839909,94.9720340414301,102.562197073761
"rode-lijst","Rode Lijst Totaal","landelijk",2010,99.1963508278163,95.4533664305298,103.086107756259
"rode-lijst","Rode Lijst Totaal","landelijk",2011,99.899468256656,96.1753640069647,103.767777340982
"rode-lijst","Rode Lijst Totaal","landelijk",2012,100.729390159334,97.0022002750387,104.599792717097
"rode-lijst","Rode Lijst Totaal","landelijk",2013,101.624532644492,97.8270079012549,105.56947265152
"rode-lijst","Rode Lijst Totaal","landelijk",2014,102.54994519213,98.6572727033248,106.596208984342
"rode-lijst","Rode Lijst Totaal","landelijk",2015,103.504492782198,99.5684071172761,107.596177706062
"rode-lijst","Rode Lijst Totaal","landelijk",2016,104.519710376144,100.596368957756,108.596065348051
"rode-lijst","Rode Lijst Totaal","landelijk",2017,105.650966266646,101.70766398348,109.747154107178
"rode-lijst","Rode Lijst Totaal","landelijk",2018,106.963341224432,102.89495800852,111.192585014194
"rode-lijst","Rode Lijst Totaal","landelijk",2019,108.515539959853,104.275962805269,112.927486795484
"rode-lijst","Rode Lijst Totaal","landelijk",2020,110.345178134638,105.99764709168,114.871024703346
"rode-lijst","Rode Lijst Totaal","landelijk",2021,112.458360924855,108.014403039519,117.085153331616
"rode-lijst","Rode Lijst Totaal","landelijk",2022,114.82608400876,109.947100840008,119.921575630933
"rode-lijst","Rode Lijst Totaal","landelijk",2023,117.389847057117,111.343553108987,123.76447317614
"rode-lijst","Rode Lijst Totaal","landelijk",2024,120.078785134595,112.188333443717,128.524189608663
"rode-lijst","Rode Lijst Totaal","meijendel",1958,215.426883880116,201.275017606706,230.573783324567
"rode-lijst","Rode Lijst Totaal","meijendel",1959,215.35685068791,202.861893978033,228.621414444829
"rode-lijst","Rode Lijst Totaal","meijendel",1960,215.223579887416,203.985084874128,227.081256299392
"rode-lijst","Rode Lijst Totaal","meijendel",1961,215.051857024379,204.734456500948,225.88919325077
"rode-lijst","Rode Lijst Totaal","meijendel",1962,214.862589334609,204.353998196273,225.911568665432
"rode-lijst","Rode Lijst Totaal","meijendel",1963,214.671032034683,203.80979397374,226.111076883645
"rode-lijst","Rode Lijst Totaal","meijendel",1964,214.485019141452,203.149305611814,226.453264497074
"rode-lijst","Rode Lijst Totaal","meijendel",1965,214.303218179056,202.342057861562,226.97144532019
"rode-lijst","Rode Lijst Totaal","meijendel",1966,214.113552978135,201.345849499576,227.690879563013
"rode-lijst","Rode Lijst Totaal","meijendel",1967,213.891952830225,200.109714238053,228.623421205343
"rode-lijst","Rode Lijst Totaal","meijendel",1968,213.601481342571,198.57876038751,229.760689122574
"rode-lijst","Rode Lijst Totaal","meijendel",1969,213.192059639945,196.699596245549,231.067349201792
"rode-lijst","Rode Lijst Totaal","meijendel",1970,212.600934691451,194.425382597613,232.475599779191
"rode-lijst","Rode Lijst Totaal","meijendel",1971,211.754059140616,191.720062352987,233.881530248881
"rode-lijst","Rode Lijst Totaal","meijendel",1972,210.568543656962,188.561494150061,235.144040291322
"rode-lijst","Rode Lijst Totaal","meijendel",1973,208.956253286136,184.942946980217,236.087488062199
"rode-lijst","Rode Lijst Totaal","meijendel",1974,206.828580322723,180.873602020823,236.508042966869
"rode-lijst","Rode Lijst Totaal","meijendel",1975,204.102232513393,176.377396559534,236.185146903959
"rode-lijst","Rode Lijst Totaal","meijendel",1976,200.705757963105,171.490793787541,234.897748093992
"rode-lijst","Rode Lijst Totaal","meijendel",1977,196.586247882135,166.259304964987,232.445052410839
"rode-lijst","Rode Lijst Totaal","meijendel",1978,191.715537009977,160.733607029908,228.669335618063
"rode-lijst","Rode Lijst Totaal","meijendel",1979,186.095065105059,154.965741687296,223.477607885351
"rode-lijst","Rode Lijst Totaal","meijendel",1980,179.758559115086,149.005840121943,216.85820870301
"rode-lijst","Rode Lijst Totaal","meijendel",1981,172.771931656635,142.899968187251,208.888362586969
"rode-lijst","Rode Lijst Totaal","meijendel",1982,165.230114182247,136.689154323217,199.730481674662
"rode-lijst","Rode Lijst Totaal","meijendel",1983,157.251058706038,130.409612921522,189.617121853207
"rode-lijst","Rode Lijst Totaal","meijendel",1984,148.967583017295,124.093814621773,178.827130567724
"rode-lijst","Rode Lijst Totaal","meijendel",1985,140.518152429355,117.772124111494,167.657256002843
"rode-lijst","Rode Lijst Totaal","meijendel",1986,132.037749725645,111.474422619035,156.394327443102
"rode-lijst","Rode Lijst Totaal","meijendel",1987,123.649969078898,105.231452437698,145.292253399851
"rode-lijst","Rode Lijst Totaal","meijendel",1988,115.461113158681,99.0754601923373,134.556716930323
"rode-lijst","Rode Lijst Totaal","meijendel",1989,107.556646651644,93.0399637965055,124.338314063071
"rode-lijst","Rode Lijst Totaal","meijendel",1990,100,87.1586419379166,114.733315912873
"rode-lijst","Rode Lijst Totaal","meijendel",1991,92.8333704228238,81.4635354685243,105.790088958158
"rode-lijst","Rode Lijst Totaal","meijendel",1992,86.079992133726,75.9829590676718,97.5187744286591
"rode-lijst","Rode Lijst Totaal","meijendel",1993,79.7472940834379,70.7396371160997,89.9019442691337
"rode-lijst","Rode Lijst Totaal","meijendel",1994,73.8304133161278,65.7495310846123,82.9044685264071
"rode-lijst","Rode Lijst Totaal","meijendel",1995,68.3156430499625,61.0216036573515,76.4815541645904
"rode-lijst","Rode Lijst Totaal","meijendel",1996,63.1835280433133,56.558458988577,70.5846355680668
"rode-lijst","Rode Lijst Totaal","meijendel",1997,58.4114469135651,52.3575553044724,65.1653254376602
"rode-lijst","Rode Lijst Totaal","meijendel",1998,53.9756278975718,48.4126188907349,60.177872498748
"rode-lijst","Rode Lijst Totaal","meijendel",1999,49.8526001357297,44.7148740976703,55.5806494023527
"rode-lijst","Rode Lijst Totaal","meijendel",2000,46.0201809168286,41.2541139454562,51.3368692009175
"rode-lijst","Rode Lijst Totaal","meijendel",2001,42.4580405037256,38.0193852602992,47.4148961397968
"rode-lijst","Rode Lijst Totaal","meijendel",2002,39.1479613398083,34.9994976127485,43.7881393047453
"rode-lijst","Rode Lijst Totaal","meijendel",2003,36.0738638025429,32.1833883664272,40.434637733854
"rode-lijst","Rode Lijst Totaal","meijendel",2004,33.2216741526492,29.5604547705547,37.3363550077782
"rode-lijst","Rode Lijst Totaal","meijendel",2005,30.5790888247349,27.1208570234351,34.4782863072146
"rode-lijst","Rode Lijst Totaal","meijendel",2006,28.1352832123923,24.8557912044346,31.8474738917299
"rode-lijst","Rode Lijst Totaal","meijendel",2007,25.8806021871421,22.7576795896609,29.4320678402294
"rode-lijst","Rode Lijst Totaal","meijendel",2008,23.8062603916308,20.8202021613864,27.2205826553027
"rode-lijst","Rode Lijst Totaal","meijendel",2009,21.9040732341395,19.0381187540334,25.201461890498
"rode-lijst","Rode Lijst Totaal","meijendel",2010,20.1662350818658,17.4069040933796,23.3629734038545
"rode-lijst","Rode Lijst Totaal","meijendel",2011,18.585148749102,15.9222553409997,21.6933937202241
"rode-lijst","Rode Lijst Totaal","meijendel",2012,17.1533117172253,14.5796119327615,20.1813398206524
"rode-lijst","Rode Lijst Totaal","meijendel",2013,15.8632548969234,13.3737904276533,18.8161207763834
"rode-lijst","Rode Lijst Totaal","meijendel",2014,14.7075295557597,12.2988039047897,17.5880050863565
"rode-lijst","Rode Lijst Totaal","meijendel",2015,13.678735818466,11.3478728895303,16.4883600136209
"rode-lijst","Rode Lijst Totaal","meijendel",2016,12.7695849705894,10.5135882710503,15.5096714953258
"rode-lijst","Rode Lijst Totaal","meijendel",2017,11.9729878558882,9.78816751985935,14.6454827123051
"rode-lijst","Rode Lijst Totaal","meijendel",2018,11.2821616299078,9.16374589327194,13.8902990682902
"rode-lijst","Rode Lijst Totaal","meijendel",2019,10.6907480849579,8.63265767894906,13.2395026962248
"rode-lijst","Rode Lijst Totaal","meijendel",2020,10.1929373025815,8.18767843636107,12.6893076788361
"rode-lijst","Rode Lijst Totaal","meijendel",2021,9.78359358687282,7.82221608701253,12.236775666684
"rode-lijst","Rode Lijst Totaal","meijendel",2022,9.45838035868257,7.51934002117289,11.8974482810471
"rode-lijst","Rode Lijst Totaal","meijendel",2023,9.21388619523798,7.10889224160803,11.9421839484226
"rode-lijst","Rode Lijst Totaal","meijendel",2024,9.04775557526707,6.7200876032123,12.1816687197121
"rode-lijst","Rode Lijst Totaal","meijendel",2025,8.95882356011443,6.33905085666655,12.6612834312339
"vogelrichtlijn","Vogelrichtlijn","landelijk",1990,100,92.9073916238948,107.634062534892
"vogelrichtlijn","Vogelrichtlijn","landelijk",1991,100.999692285352,95.3868072447699,106.942858623618
"vogelrichtlijn","Vogelrichtlijn","landelijk",1992,102.08143360674,97.4110586913798,106.975729729231
"vogelrichtlijn","Vogelrichtlijn","landelijk",1993,103.324091940041,98.9383404589953,107.904255576822
"vogelrichtlijn","Vogelrichtlijn","landelijk",1994,104.781418668878,100.342740672042,109.41644233285
"vogelrichtlijn","Vogelrichtlijn","landelijk",1995,106.452610673585,101.96692267608,111.135631259766
"vogelrichtlijn","Vogelrichtlijn","landelijk",1996,108.269188025788,103.814227653947,112.915323271856
"vogelrichtlijn","Vogelrichtlijn","landelijk",1997,110.099422332785,105.649415112037,114.736866126122
"vogelrichtlijn","Vogelrichtlijn","landelijk",1998,111.76980663756,107.232147699047,116.499482140918
"vogelrichtlijn","Vogelrichtlijn","landelijk",1999,113.100066699923,108.455097085019,117.943973416939
"vogelrichtlijn","Vogelrichtlijn","landelijk",2000,113.944074570366,109.274250471963,118.813463131723
"vogelrichtlijn","Vogelrichtlijn","landelijk",2001,114.225635755284,109.613954309602,119.031339995696
"vogelrichtlijn","Vogelrichtlijn","landelijk",2002,113.958197310052,109.400226963294,118.706067570719
"vogelrichtlijn","Vogelrichtlijn","landelijk",2003,113.242319490791,108.681026646284,117.995047704059
"vogelrichtlijn","Vogelrichtlijn","landelijk",2004,112.242484574703,107.668960074062,117.010281652543
"vogelrichtlijn","Vogelrichtlijn","landelijk",2005,111.15157756504,106.624271000292,115.87111526571
"vogelrichtlijn","Vogelrichtlijn","landelijk",2006,110.153956977379,105.720545098,114.77328485704
"vogelrichtlijn","Vogelrichtlijn","landelijk",2007,109.396072105517,105.02573260839,113.948270532316
"vogelrichtlijn","Vogelrichtlijn","landelijk",2008,108.969229267525,104.58349961443,113.538875357352
"vogelrichtlijn","Vogelrichtlijn","landelijk",2009,108.905002754116,104.469201259404,113.529150045132
"vogelrichtlijn","Vogelrichtlijn","landelijk",2010,109.181328625387,104.732536500259,113.819094989409
"vogelrichtlijn","Vogelrichtlijn","landelijk",2011,109.736391943346,105.316314523492,114.341977985354
"vogelrichtlijn","Vogelrichtlijn","landelijk",2012,110.487174021077,106.068033715487,115.090430128161
"vogelrichtlijn","Vogelrichtlijn","landelijk",2013,111.349318616167,106.8537639777,116.034010358983
"vogelrichtlijn","Vogelrichtlijn","landelijk",2014,112.254782745213,107.654191695602,117.051979590404
"vogelrichtlijn","Vogelrichtlijn","landelijk",2015,113.163986951053,108.516392159764,118.010631276834
"vogelrichtlijn","Vogelrichtlijn","landelijk",2016,114.070245211949,109.439192485135,118.897266575514
"vogelrichtlijn","Vogelrichtlijn","landelijk",2017,114.996043607302,110.348124357888,119.839735584841
"vogelrichtlijn","Vogelrichtlijn","landelijk",2018,115.982679942056,111.210331941822,120.959822811955
"vogelrichtlijn","Vogelrichtlijn","landelijk",2019,117.076198728728,112.142855186395,122.226567943059
"vogelrichtlijn","Vogelrichtlijn","landelijk",2020,118.313103966969,113.301206075273,123.546704004184
"vogelrichtlijn","Vogelrichtlijn","landelijk",2021,119.709123365538,114.627883789779,125.015604782746
"vogelrichtlijn","Vogelrichtlijn","landelijk",2022,121.253725810586,115.706190481082,127.067237818642
"vogelrichtlijn","Vogelrichtlijn","landelijk",2023,122.9125010348,116.081849151132,130.145091770208
"vogelrichtlijn","Vogelrichtlijn","landelijk",2024,124.638990170778,115.798834714032,134.154008623273
"vogelrichtlijn","Vogelrichtlijn","meijendel",1958,158.829553650166,146.431156479138,172.277729134134
"vogelrichtlijn","Vogelrichtlijn","meijendel",1959,161.75633497951,150.753965974724,173.561682021621
"vogelrichtlijn","Vogelrichtlijn","meijendel",1960,164.561504596691,154.599654285907,175.165261010519
"vogelrichtlijn","Vogelrichtlijn","meijendel",1961,167.269028917873,158.03715817279,177.040186995374
"vogelrichtlijn","Vogelrichtlijn","meijendel",1962,169.901841730643,160.375777041629,179.993739428438
"vogelrichtlijn","Vogelrichtlijn","meijendel",1963,172.479526423673,162.458120321851,183.119113876224
"vogelrichtlijn","Vogelrichtlijn","meijendel",1964,175.015745493557,164.319354997522,186.408418966394
"vogelrichtlijn","Vogelrichtlijn","meijendel",1965,177.515538722054,165.927262096088,189.91313476584
"vogelrichtlijn","Vogelrichtlijn","meijendel",1966,179.972579511077,167.24147695108,193.672825463896
"vogelrichtlijn","Vogelrichtlijn","meijendel",1967,182.366628983281,168.215774805827,197.707898709947
"vogelrichtlijn","Vogelrichtlijn","meijendel",1968,184.661381332719,168.800868380873,202.012146517914
"vogelrichtlijn","Vogelrichtlijn","meijendel",1969,186.802971438932,168.947780946399,206.545181848144
"vogelrichtlijn","Vogelrichtlijn","meijendel",1970,188.719476995638,168.611614480319,211.225312724019
"vogelrichtlijn","Vogelrichtlijn","meijendel",1971,190.32175422303,167.755678078908,215.923362745988
"vogelrichtlijn","Vogelrichtlijn","meijendel",1972,191.505953906419,166.355645249884,220.458586340839
"vogelrichtlijn","Vogelrichtlijn","meijendel",1973,192.15796882554,164.402799613245,224.598881953482
"vogelrichtlijn","Vogelrichtlijn","meijendel",1974,192.159945003472,161.905988443859,228.067193923105
"vogelrichtlijn","Vogelrichtlijn","meijendel",1975,191.398699936223,158.891464933197,230.55651449043
"vogelrichtlijn","Vogelrichtlijn","meijendel",1976,189.775583437617,155.400687279185,231.754265052802
"vogelrichtlijn","Vogelrichtlijn","meijendel",1977,187.2168832277,151.486264576163,231.375177568472
"vogelrichtlijn","Vogelrichtlijn","meijendel",1978,183.683535549875,147.206873953001,229.198816101986
"vogelrichtlijn","Vogelrichtlijn","meijendel",1979,179.178657085007,142.622047287762,225.105387037461
"vogelrichtlijn","Vogelrichtlijn","meijendel",1980,173.751485315057,137.787813228252,219.101950614298
"vogelrichtlijn","Vogelrichtlijn","meijendel",1981,167.496659100571,132.753844642709,211.331964700231
"vogelrichtlijn","Vogelrichtlijn","meijendel",1982,160.548559245766,127.562620325297,202.06420823091
"vogelrichtlijn","Vogelrichtlijn","meijendel",1983,153.071257910499,122.250572393877,191.662170078117
"vogelrichtlijn","Vogelrichtlijn","meijendel",1984,145.245466006503,116.850916725186,180.539836457263
"vogelrichtlijn","Vogelrichtlijn","meijendel",1985,137.254436226778,111.39757295139,169.113022526543
"vogelrichtlijn","Vogelrichtlijn","meijendel",1986,129.270793404292,105.929204125559,157.755721524798
"vogelrichtlijn","Vogelrichtlijn","meijendel",1987,121.445953817481,100.492213031196,146.768781916059
"vogelrichtlijn","Vogelrichtlijn","meijendel",1988,113.903153226082,95.1413402436802,136.364784031998
"vogelrichtlijn","Vogelrichtlijn","meijendel",1989,106.734255331994,89.9369370169106,126.668770798067
"vogelrichtlijn","Vogelrichtlijn","meijendel",1990,100,84.9389907435421,117.731561353174
"vogelrichtlijn","Vogelrichtlijn","meijendel",1991,93.7328654208433,80.1994411372496,109.550016002808
"vogelrichtlijn","Vogelrichtlijn","meijendel",1992,87.9415906194008,75.7552962582604,102.088220133216
"vogelrichtlijn","Vogelrichtlijn","meijendel",1993,82.6164529413496,71.6247758219181,95.2949341660843
"vogelrichtlijn","Vogelrichtlijn","meijendel",1994,77.7345717648631,67.8073381271929,89.1151874467013
"vogelrichtlijn","Vogelrichtlijn","meijendel",1995,73.264732420809,64.2869528483162,83.4962737984761
"vogelrichtlijn","Vogelrichtlijn","meijendel",1996,69.1714367704813,61.0371781045002,78.3897259585127
"vogelrichtlijn","Vogelrichtlijn","meijendel",1997,65.4180595970741,58.0265880677064,73.7510624690344
"vogelrichtlijn","Vogelrichtlijn","meijendel",1998,61.9691172895213,55.2235188439544,69.5386961575856
"vogelrichtlijn","Vogelrichtlijn","meijendel",1999,58.791720384556,52.5995096694495,65.7129012703208
"vogelrichtlijn","Vogelrichtlijn","meijendel",2000,55.8563762682247,50.1313606084433,62.2351903469388
"vogelrichtlijn","Vogelrichtlijn","meijendel",2001,53.1372531528306,47.8017018994433,59.0683502978141
"vogelrichtlijn","Vogelrichtlijn","meijendel",2002,50.6120885572091,45.5984643700271,56.1769687535041
"vogelrichtlijn","Vogelrichtlijn","meijendel",2003,48.2618739361566,43.5136379873271,53.5282404221827
"vogelrichtlijn","Vogelrichtlijn","meijendel",2004,46.0704325316718,41.5418023274095,51.0927459749356
"vogelrichtlijn","Vogelrichtlijn","meijendel",2005,44.0239784872466,39.6788317618505,48.8449532354671
"vogelrichtlijn","Vogelrichtlijn","meijendel",2006,42.1107126695776,37.9209932370961,46.7633352969507
"vogelrichtlijn","Vogelrichtlijn","meijendel",2007,40.3204823036408,36.2644700230055,44.8301406905127
"vogelrichtlijn","Vogelrichtlijn","meijendel",2008,38.6445115814891,34.7052270217333,43.0309323271864
"vogelrichtlijn","Vogelrichtlijn","meijendel",2009,37.0751946404808,33.2390824236424,41.354031381198
"vogelrichtlijn","Vogelrichtlijn","meijendel",2010,35.6059360799882,31.8618638106842,39.789972478229
"vogelrichtlijn","Vogelrichtlijn","meijendel",2011,34.2310217981936,30.5695611605322,38.3310328596162
"vogelrichtlijn","Vogelrichtlijn","meijendel",2012,32.9455058742452,29.358430484459,36.9708577536012
"vogelrichtlijn","Vogelrichtlijn","meijendel",2013,31.7451044693332,28.2250349837503,35.704177456257
"vogelrichtlijn","Vogelrichtlijn","meijendel",2014,30.6260922992722,27.1662301099114,34.5265988592703
"vogelrichtlijn","Vogelrichtlijn","meijendel",2015,29.585201810453,26.1791140214788,33.4344456977077
"vogelrichtlijn","Vogelrichtlijn","meijendel",2016,28.61953067229,25.2609604427694,32.4246395048135
"vogelrichtlijn","Vogelrichtlijn","meijendel",2017,27.7264632585588,24.409159765053,31.4946017080382
"vogelrichtlijn","Vogelrichtlijn","meijendel",2018,26.9036144312907,23.621175911672,30.6421861542421
"vogelrichtlijn","Vogelrichtlijn","meijendel",2019,26.1488005794752,22.8945253844534,29.8656451821217
"vogelrichtlijn","Vogelrichtlijn","meijendel",2020,25.4600431678757,22.2267825273814,29.1636361363393
"vogelrichtlijn","Vogelrichtlijn","meijendel",2021,24.8356048244807,21.61560044752,28.5352825842291
"vogelrichtlijn","Vogelrichtlijn","meijendel",2022,24.2740559008239,21.0393744046213,28.0060508713081
"vogelrichtlijn","Vogelrichtlijn","meijendel",2023,23.7743669581953,20.2017494060826,27.9787909898904
"vogelrichtlijn","Vogelrichtlijn","meijendel",2024,23.3360254386548,19.3267699547126,28.1769837665375
"vogelrichtlijn","Vogelrichtlijn","meijendel",2025,22.9591500554962,18.3930689605652,28.6587612105922
