"chart_id","chart_title","jaar","dichtheid","territoria","oppervlakte_km2"
"100","Watervogels",1958,14.753,243,16.4707
"100","Watervogels",1959,26.775,441,16.4707
"100","Watervogels",1960,27.955,461,16.4907
"100","Watervogels",1961,30.539,503,16.4707
"100","Watervogels",1962,32.118,529,16.4707
"100","Watervogels",1963,25.38,416,16.3907
"100","Watervogels",1964,41.103,677,16.4707
"100","Watervogels",1965,47.546,798,16.7837
"100","Watervogels",1966,49.159,829,16.8637
"100","Watervogels",1967,49.784,851,17.0937
"100","Watervogels",1968,44.526,760,17.0687
"100","Watervogels",1969,36.792,628,17.0687
"100","Watervogels",1970,44.051,753,17.0937
"100","Watervogels",1971,42.731,730,17.0837
"100","Watervogels",1972,44.234,757,17.1137
"100","Watervogels",1973,56.74,975,17.1837
"100","Watervogels",1974,45.528,824,18.0987
"100","Watervogels",1975,49.006,884,18.0387
"100","Watervogels",1976,53.326,959,17.9837
"100","Watervogels",1977,49.503,890,17.9787
"100","Watervogels",1978,58.697,1055,17.9737
"100","Watervogels",1979,66.375,1193,17.9737
"100","Watervogels",1980,76.468,1379,18.0337
"100","Watervogels",1981,107.687,1942,18.0337
"100","Watervogels",1982,139.966,2515,17.9687
"100","Watervogels",1983,145.055,2624,18.0897
"100","Watervogels",1984,92.571,1643,17.74848285
"100","Watervogels",1985,35.496,630,17.74848285
"100","Watervogels",1986,36.848,654,17.74848285
"100","Watervogels",1987,38.313,680,17.74848285
"100","Watervogels",1988,34.764,617,17.74848285
"100","Watervogels",1989,37.017,657,17.74848285
"100","Watervogels",1990,43.722,776,17.74848285
"100","Watervogels",1991,39.947,709,17.74848285
"100","Watervogels",1992,51.666,917,17.74848285
"100","Watervogels",1993,52.793,937,17.74848285
"100","Watervogels",1994,53.188,944,17.74848285
"100","Watervogels",1995,46.596,827,17.74848285
"100","Watervogels",1996,49.92,886,17.74848285
"100","Watervogels",1997,40.511,719,17.74848285
"100","Watervogels",1998,38.088,676,17.74848285
"100","Watervogels",1999,40.454,718,17.74848285
"100","Watervogels",2000,38.482,683,17.74848285
"100","Watervogels",2001,43.102,765,17.74848285
"100","Watervogels",2002,39.046,693,17.74848285
"100","Watervogels",2003,35.383,628,17.74848285
"100","Watervogels",2004,32.904,584,17.74848285
"100","Watervogels",2005,27.608,490,17.74848285
"100","Watervogels",2006,30.707,545,17.74848285
"100","Watervogels",2007,35.045,622,17.74848285
"100","Watervogels",2008,31.665,562,17.74848285
"100","Watervogels",2009,43.046,764,17.74848285
"100","Watervogels",2010,38.539,684,17.74848285
"100","Watervogels",2011,35.947,638,17.74848285
"100","Watervogels",2012,30.989,550,17.74848285
"100","Watervogels",2013,33.13,588,17.74848285
"100","Watervogels",2014,33.693,598,17.74848285
"100","Watervogels",2015,35.214,625,17.74848285
"100","Watervogels",2016,36.51,648,17.74848285
"100","Watervogels",2017,36.792,653,17.74848285
"100","Watervogels",2018,31.89,566,17.74848285
"100","Watervogels",2019,36.003,639,17.74848285
"100","Watervogels",2020,41.299,733,17.74848285
"100","Watervogels",2021,37.693,669,17.74848285
"100","Watervogels",2022,35.102,623,17.74848285
"100","Watervogels",2023,37.919,673,17.74848285
"100","Watervogels",2024,36.341,645,17.74848285
"100","Watervogels",2025,33.186,589,17.74848285
"200","Rietvogels",1958,1.457,24,16.4707
"200","Rietvogels",1959,4.675,77,16.4707
"200","Rietvogels",1960,4.609,76,16.4907
"200","Rietvogels",1961,5.282,87,16.4707
"200","Rietvogels",1962,4.918,81,16.4707
"200","Rietvogels",1963,3.295,54,16.3907
"200","Rietvogels",1964,5.1,84,16.4707
"200","Rietvogels",1965,7.984,134,16.7837
"200","Rietvogels",1966,8.539,144,16.8637
"200","Rietvogels",1967,8.366,143,17.0937
"200","Rietvogels",1968,8.554,146,17.0687
"200","Rietvogels",1969,7.441,127,17.0687
"200","Rietvogels",1970,8.658,148,17.0937
"200","Rietvogels",1971,8.839,151,17.0837
"200","Rietvogels",1972,9.408,161,17.1137
"200","Rietvogels",1973,10.882,187,17.1837
"200","Rietvogels",1974,9.945,180,18.0987
"200","Rietvogels",1975,11.808,213,18.0387
"200","Rietvogels",1976,13.29,239,17.9837
"200","Rietvogels",1977,11.291,203,17.9787
"200","Rietvogels",1978,13.631,245,17.9737
"200","Rietvogels",1979,15.745,283,17.9737
"200","Rietvogels",1980,19.63,354,18.0337
"200","Rietvogels",1981,28.502,514,18.0337
"200","Rietvogels",1982,29.44,529,17.9687
"200","Rietvogels",1983,30.072,544,18.0897
"200","Rietvogels",1984,9.86,175,17.74848285
"200","Rietvogels",1985,22.819,405,17.74848285
"200","Rietvogels",1986,19.945,354,17.74848285
"200","Rietvogels",1987,26.819,476,17.74848285
"200","Rietvogels",1988,28.735,510,17.74848285
"200","Rietvogels",1989,29.242,519,17.74848285
"200","Rietvogels",1990,30.651,544,17.74848285
"200","Rietvogels",1991,27.101,481,17.74848285
"200","Rietvogels",1992,35.721,634,17.74848285
"200","Rietvogels",1993,38.426,682,17.74848285
"200","Rietvogels",1994,39.384,699,17.74848285
"200","Rietvogels",1995,36.454,647,17.74848285
"200","Rietvogels",1996,40.172,713,17.74848285
"200","Rietvogels",1997,31.101,552,17.74848285
"200","Rietvogels",1998,28.397,504,17.74848285
"200","Rietvogels",1999,27.552,489,17.74848285
"200","Rietvogels",2000,26.312,467,17.74848285
"200","Rietvogels",2001,33.58,596,17.74848285
"200","Rietvogels",2002,24.96,443,17.74848285
"200","Rietvogels",2003,24.622,437,17.74848285
"200","Rietvogels",2004,24.847,441,17.74848285
"200","Rietvogels",2005,22.819,405,17.74848285
"200","Rietvogels",2006,21.185,376,17.74848285
"200","Rietvogels",2007,21.636,384,17.74848285
"200","Rietvogels",2008,14.536,258,17.74848285
"200","Rietvogels",2009,17.185,305,17.74848285
"200","Rietvogels",2010,18.988,337,17.74848285
"200","Rietvogels",2011,18.875,335,17.74848285
"200","Rietvogels",2012,15.945,283,17.74848285
"200","Rietvogels",2013,14.029,249,17.74848285
"200","Rietvogels",2014,15.776,280,17.74848285
"200","Rietvogels",2015,16.677,296,17.74848285
"200","Rietvogels",2016,14.931,265,17.74848285
"200","Rietvogels",2017,15.551,276,17.74848285
"200","Rietvogels",2018,14.593,259,17.74848285
"200","Rietvogels",2019,17.523,311,17.74848285
"200","Rietvogels",2020,18.593,330,17.74848285
"200","Rietvogels",2021,18.48,328,17.74848285
"200","Rietvogels",2022,15.494,275,17.74848285
"200","Rietvogels",2023,18.762,333,17.74848285
"200","Rietvogels",2024,17.579,312,17.74848285
"200","Rietvogels",2025,19.213,341,17.74848285
"2110-embryonale-wandelende-duinen","H2110 - Embryonale wandelende duinen",1958,0.668,11,16.4707
"2110-embryonale-wandelende-duinen","H2110 - Embryonale wandelende duinen",1959,1.032,17,16.4707
"2110-embryonale-wandelende-duinen","H2110 - Embryonale wandelende duinen",1960,0.97,16,16.4907
"2110-embryonale-wandelende-duinen","H2110 - Embryonale wandelende duinen",1961,1.336,22,16.4707
"2110-embryonale-wandelende-duinen","H2110 - Embryonale wandelende duinen",1962,1.214,20,16.4707
"2110-embryonale-wandelende-duinen","H2110 - Embryonale wandelende duinen",1963,1.159,19,16.3907
"2110-embryonale-wandelende-duinen","H2110 - Embryonale wandelende duinen",1964,1.275,21,16.4707
"2110-embryonale-wandelende-duinen","H2110 - Embryonale wandelende duinen",1965,1.847,31,16.7837
"2110-embryonale-wandelende-duinen","H2110 - Embryonale wandelende duinen",1966,2.372,40,16.8637
"2110-embryonale-wandelende-duinen","H2110 - Embryonale wandelende duinen",1967,2.106,36,17.0937
"2110-embryonale-wandelende-duinen","H2110 - Embryonale wandelende duinen",1968,2.519,43,17.0687
"2110-embryonale-wandelende-duinen","H2110 - Embryonale wandelende duinen",1969,2.051,35,17.0687
"2110-embryonale-wandelende-duinen","H2110 - Embryonale wandelende duinen",1970,2.399,41,17.0937
"2110-embryonale-wandelende-duinen","H2110 - Embryonale wandelende duinen",1971,2.341,40,17.0837
"2110-embryonale-wandelende-duinen","H2110 - Embryonale wandelende duinen",1972,2.571,44,17.1137
"2110-embryonale-wandelende-duinen","H2110 - Embryonale wandelende duinen",1973,5.238,90,17.1837
"2110-embryonale-wandelende-duinen","H2110 - Embryonale wandelende duinen",1974,7.128,129,18.0987
"2110-embryonale-wandelende-duinen","H2110 - Embryonale wandelende duinen",1975,7.539,136,18.0387
"2110-embryonale-wandelende-duinen","H2110 - Embryonale wandelende duinen",1976,8.452,152,17.9837
"2110-embryonale-wandelende-duinen","H2110 - Embryonale wandelende duinen",1977,7.398,133,17.9787
"2110-embryonale-wandelende-duinen","H2110 - Embryonale wandelende duinen",1978,8.846,159,17.9737
"2110-embryonale-wandelende-duinen","H2110 - Embryonale wandelende duinen",1979,8.457,152,17.9737
"2110-embryonale-wandelende-duinen","H2110 - Embryonale wandelende duinen",1980,8.706,157,18.0337
"2110-embryonale-wandelende-duinen","H2110 - Embryonale wandelende duinen",1981,10.148,183,18.0337
"2110-embryonale-wandelende-duinen","H2110 - Embryonale wandelende duinen",1982,9.238,166,17.9687
"2110-embryonale-wandelende-duinen","H2110 - Embryonale wandelende duinen",1983,8.403,152,18.0897
"2110-embryonale-wandelende-duinen","H2110 - Embryonale wandelende duinen",1984,3.155,56,17.74848285
"2110-embryonale-wandelende-duinen","H2110 - Embryonale wandelende duinen",1985,3.662,65,17.74848285
"2110-embryonale-wandelende-duinen","H2110 - Embryonale wandelende duinen",1986,3.268,58,17.74848285
"2110-embryonale-wandelende-duinen","H2110 - Embryonale wandelende duinen",1987,4.057,72,17.74848285
"2110-embryonale-wandelende-duinen","H2110 - Embryonale wandelende duinen",1988,2.93,52,17.74848285
"2110-embryonale-wandelende-duinen","H2110 - Embryonale wandelende duinen",1989,3.043,54,17.74848285
"2110-embryonale-wandelende-duinen","H2110 - Embryonale wandelende duinen",1990,2.197,39,17.74848285
"2110-embryonale-wandelende-duinen","H2110 - Embryonale wandelende duinen",1991,1.747,31,17.74848285
"2110-embryonale-wandelende-duinen","H2110 - Embryonale wandelende duinen",1992,2.028,36,17.74848285
"2110-embryonale-wandelende-duinen","H2110 - Embryonale wandelende duinen",1993,1.465,26,17.74848285
"2110-embryonale-wandelende-duinen","H2110 - Embryonale wandelende duinen",1994,1.747,31,17.74848285
"2110-embryonale-wandelende-duinen","H2110 - Embryonale wandelende duinen",1995,1.634,29,17.74848285
"2110-embryonale-wandelende-duinen","H2110 - Embryonale wandelende duinen",1996,1.634,29,17.74848285
"2110-embryonale-wandelende-duinen","H2110 - Embryonale wandelende duinen",1997,1.409,25,17.74848285
"2110-embryonale-wandelende-duinen","H2110 - Embryonale wandelende duinen",1998,1.296,23,17.74848285
"2110-embryonale-wandelende-duinen","H2110 - Embryonale wandelende duinen",1999,1.578,28,17.74848285
"2110-embryonale-wandelende-duinen","H2110 - Embryonale wandelende duinen",2000,2.197,39,17.74848285
"2110-embryonale-wandelende-duinen","H2110 - Embryonale wandelende duinen",2001,1.69,30,17.74848285
"2110-embryonale-wandelende-duinen","H2110 - Embryonale wandelende duinen",2002,2.366,42,17.74848285
"2110-embryonale-wandelende-duinen","H2110 - Embryonale wandelende duinen",2003,3.437,61,17.74848285
"2110-embryonale-wandelende-duinen","H2110 - Embryonale wandelende duinen",2004,3.268,58,17.74848285
"2110-embryonale-wandelende-duinen","H2110 - Embryonale wandelende duinen",2005,3.493,62,17.74848285
"2110-embryonale-wandelende-duinen","H2110 - Embryonale wandelende duinen",2006,1.803,32,17.74848285
"2110-embryonale-wandelende-duinen","H2110 - Embryonale wandelende duinen",2007,2.592,46,17.74848285
"2110-embryonale-wandelende-duinen","H2110 - Embryonale wandelende duinen",2008,1.859,33,17.74848285
"2110-embryonale-wandelende-duinen","H2110 - Embryonale wandelende duinen",2009,1.578,28,17.74848285
"2110-embryonale-wandelende-duinen","H2110 - Embryonale wandelende duinen",2010,0.958,17,17.74848285
"2110-embryonale-wandelende-duinen","H2110 - Embryonale wandelende duinen",2011,1.24,22,17.74848285
"2110-embryonale-wandelende-duinen","H2110 - Embryonale wandelende duinen",2012,1.296,23,17.74848285
"2110-embryonale-wandelende-duinen","H2110 - Embryonale wandelende duinen",2013,1.24,22,17.74848285
"2110-embryonale-wandelende-duinen","H2110 - Embryonale wandelende duinen",2014,1.24,22,17.74848285
"2110-embryonale-wandelende-duinen","H2110 - Embryonale wandelende duinen",2015,1.634,29,17.74848285
"2110-embryonale-wandelende-duinen","H2110 - Embryonale wandelende duinen",2016,1.521,27,17.74848285
"2110-embryonale-wandelende-duinen","H2110 - Embryonale wandelende duinen",2017,1.803,32,17.74848285
"2110-embryonale-wandelende-duinen","H2110 - Embryonale wandelende duinen",2018,2.085,37,17.74848285
"2110-embryonale-wandelende-duinen","H2110 - Embryonale wandelende duinen",2019,2.028,36,17.74848285
"2110-embryonale-wandelende-duinen","H2110 - Embryonale wandelende duinen",2020,2.028,36,17.74848285
"2110-embryonale-wandelende-duinen","H2110 - Embryonale wandelende duinen",2021,2.085,37,17.74848285
"2110-embryonale-wandelende-duinen","H2110 - Embryonale wandelende duinen",2022,2.31,41,17.74848285
"2110-embryonale-wandelende-duinen","H2110 - Embryonale wandelende duinen",2023,3.155,56,17.74848285
"2110-embryonale-wandelende-duinen","H2110 - Embryonale wandelende duinen",2024,3.268,58,17.74848285
"2110-embryonale-wandelende-duinen","H2110 - Embryonale wandelende duinen",2025,3.381,60,17.74848285
"2120-witte-duinen","H2120 - Witte duinen",1958,0.971,16,16.4707
"2120-witte-duinen","H2120 - Witte duinen",1959,1.579,26,16.4707
"2120-witte-duinen","H2120 - Witte duinen",1960,2.183,36,16.4907
"2120-witte-duinen","H2120 - Witte duinen",1961,2.125,35,16.4707
"2120-witte-duinen","H2120 - Witte duinen",1962,1.821,30,16.4707
"2120-witte-duinen","H2120 - Witte duinen",1963,2.562,42,16.3907
"2120-witte-duinen","H2120 - Witte duinen",1964,2.368,39,16.4707
"2120-witte-duinen","H2120 - Witte duinen",1965,2.8,47,16.7837
"2120-witte-duinen","H2120 - Witte duinen",1966,3.854,65,16.8637
"2120-witte-duinen","H2120 - Witte duinen",1967,3.393,58,17.0937
"2120-witte-duinen","H2120 - Witte duinen",1968,3.632,62,17.0687
"2120-witte-duinen","H2120 - Witte duinen",1969,3.339,57,17.0687
"2120-witte-duinen","H2120 - Witte duinen",1970,3.861,66,17.0937
"2120-witte-duinen","H2120 - Witte duinen",1971,3.922,67,17.0837
"2120-witte-duinen","H2120 - Witte duinen",1972,4.499,77,17.1137
"2120-witte-duinen","H2120 - Witte duinen",1973,9.602,165,17.1837
"2120-witte-duinen","H2120 - Witte duinen",1974,11.824,214,18.0987
"2120-witte-duinen","H2120 - Witte duinen",1975,12.362,223,18.0387
"2120-witte-duinen","H2120 - Witte duinen",1976,13.123,236,17.9837
"2120-witte-duinen","H2120 - Witte duinen",1977,11.68,210,17.9787
"2120-witte-duinen","H2120 - Witte duinen",1978,12.741,229,17.9737
"2120-witte-duinen","H2120 - Witte duinen",1979,11.127,200,17.9737
"2120-witte-duinen","H2120 - Witte duinen",1980,10.979,198,18.0337
"2120-witte-duinen","H2120 - Witte duinen",1981,12.31,222,18.0337
"2120-witte-duinen","H2120 - Witte duinen",1982,10.852,195,17.9687
"2120-witte-duinen","H2120 - Witte duinen",1983,9.95,180,18.0897
"2120-witte-duinen","H2120 - Witte duinen",1984,3.324,59,17.74848285
"2120-witte-duinen","H2120 - Witte duinen",1985,3.944,70,17.74848285
"2120-witte-duinen","H2120 - Witte duinen",1986,3.55,63,17.74848285
"2120-witte-duinen","H2120 - Witte duinen",1987,4.789,85,17.74848285
"2120-witte-duinen","H2120 - Witte duinen",1988,3.437,61,17.74848285
"2120-witte-duinen","H2120 - Witte duinen",1989,3.606,64,17.74848285
"2120-witte-duinen","H2120 - Witte duinen",1990,2.592,46,17.74848285
"2120-witte-duinen","H2120 - Witte duinen",1991,2.535,45,17.74848285
"2120-witte-duinen","H2120 - Witte duinen",1992,2.873,51,17.74848285
"2120-witte-duinen","H2120 - Witte duinen",1993,2.704,48,17.74848285
"2120-witte-duinen","H2120 - Witte duinen",1994,3.606,64,17.74848285
"2120-witte-duinen","H2120 - Witte duinen",1995,3.155,56,17.74848285
"2120-witte-duinen","H2120 - Witte duinen",1996,3.606,64,17.74848285
"2120-witte-duinen","H2120 - Witte duinen",1997,2.986,53,17.74848285
"2120-witte-duinen","H2120 - Witte duinen",1998,4.057,72,17.74848285
"2120-witte-duinen","H2120 - Witte duinen",1999,4.169,74,17.74848285
"2120-witte-duinen","H2120 - Witte duinen",2000,5.071,90,17.74848285
"2120-witte-duinen","H2120 - Witte duinen",2001,4.733,84,17.74848285
"2120-witte-duinen","H2120 - Witte duinen",2002,5.353,95,17.74848285
"2120-witte-duinen","H2120 - Witte duinen",2003,6.987,124,17.74848285
"2120-witte-duinen","H2120 - Witte duinen",2004,6.817,121,17.74848285
"2120-witte-duinen","H2120 - Witte duinen",2005,6.085,108,17.74848285
"2120-witte-duinen","H2120 - Witte duinen",2006,3.775,67,17.74848285
"2120-witte-duinen","H2120 - Witte duinen",2007,4.676,83,17.74848285
"2120-witte-duinen","H2120 - Witte duinen",2008,3.324,59,17.74848285
"2120-witte-duinen","H2120 - Witte duinen",2009,3.55,63,17.74848285
"2120-witte-duinen","H2120 - Witte duinen",2010,3.212,57,17.74848285
"2120-witte-duinen","H2120 - Witte duinen",2011,4.451,79,17.74848285
"2120-witte-duinen","H2120 - Witte duinen",2012,5.015,89,17.74848285
"2120-witte-duinen","H2120 - Witte duinen",2013,4.338,77,17.74848285
"2120-witte-duinen","H2120 - Witte duinen",2014,4.226,75,17.74848285
"2120-witte-duinen","H2120 - Witte duinen",2015,4.676,83,17.74848285
"2120-witte-duinen","H2120 - Witte duinen",2016,4.733,84,17.74848285
"2120-witte-duinen","H2120 - Witte duinen",2017,4.282,76,17.74848285
"2120-witte-duinen","H2120 - Witte duinen",2018,5.578,99,17.74848285
"2120-witte-duinen","H2120 - Witte duinen",2019,5.747,102,17.74848285
"2120-witte-duinen","H2120 - Witte duinen",2020,5.916,105,17.74848285
"2120-witte-duinen","H2120 - Witte duinen",2021,5.522,98,17.74848285
"2120-witte-duinen","H2120 - Witte duinen",2022,6.987,124,17.74848285
"2120-witte-duinen","H2120 - Witte duinen",2023,8.959,159,17.74848285
"2120-witte-duinen","H2120 - Witte duinen",2024,10.142,180,17.74848285
"2120-witte-duinen","H2120 - Witte duinen",2025,10.874,193,17.74848285
"2130-grijze-duinen","H2130 - Grijze duinen",1958,7.589,125,16.4707
"2130-grijze-duinen","H2130 - Grijze duinen",1959,21.857,360,16.4707
"2130-grijze-duinen","H2130 - Grijze duinen",1960,22.073,364,16.4907
"2130-grijze-duinen","H2130 - Grijze duinen",1961,20.4,336,16.4707
"2130-grijze-duinen","H2130 - Grijze duinen",1962,17.486,288,16.4707
"2130-grijze-duinen","H2130 - Grijze duinen",1963,15.558,255,16.3907
"2130-grijze-duinen","H2130 - Grijze duinen",1964,18.093,298,16.4707
"2130-grijze-duinen","H2130 - Grijze duinen",1965,18.649,313,16.7837
"2130-grijze-duinen","H2130 - Grijze duinen",1966,21.051,355,16.8637
"2130-grijze-duinen","H2130 - Grijze duinen",1967,20.534,351,17.0937
"2130-grijze-duinen","H2130 - Grijze duinen",1968,18.455,315,17.0687
"2130-grijze-duinen","H2130 - Grijze duinen",1969,13.123,224,17.0687
"2130-grijze-duinen","H2130 - Grijze duinen",1970,13.982,239,17.0937
"2130-grijze-duinen","H2130 - Grijze duinen",1971,14.4,246,17.0837
"2130-grijze-duinen","H2130 - Grijze duinen",1972,14.608,250,17.1137
"2130-grijze-duinen","H2130 - Grijze duinen",1973,25.315,435,17.1837
"2130-grijze-duinen","H2130 - Grijze duinen",1974,27.24,493,18.0987
"2130-grijze-duinen","H2130 - Grijze duinen",1975,27.774,501,18.0387
"2130-grijze-duinen","H2130 - Grijze duinen",1976,29.137,524,17.9837
"2130-grijze-duinen","H2130 - Grijze duinen",1977,27.088,487,17.9787
"2130-grijze-duinen","H2130 - Grijze duinen",1978,24.369,438,17.9737
"2130-grijze-duinen","H2130 - Grijze duinen",1979,20.697,372,17.9737
"2130-grijze-duinen","H2130 - Grijze duinen",1980,22.125,399,18.0337
"2130-grijze-duinen","H2130 - Grijze duinen",1981,23.29,420,18.0337
"2130-grijze-duinen","H2130 - Grijze duinen",1982,24.376,438,17.9687
"2130-grijze-duinen","H2130 - Grijze duinen",1983,22.112,400,18.0897
"2130-grijze-duinen","H2130 - Grijze duinen",1984,9.24,164,17.74848285
"2130-grijze-duinen","H2130 - Grijze duinen",1985,12.226,217,17.74848285
"2130-grijze-duinen","H2130 - Grijze duinen",1986,15.1,268,17.74848285
"2130-grijze-duinen","H2130 - Grijze duinen",1987,21.241,377,17.74848285
"2130-grijze-duinen","H2130 - Grijze duinen",1988,15.382,273,17.74848285
"2130-grijze-duinen","H2130 - Grijze duinen",1989,21.41,380,17.74848285
"2130-grijze-duinen","H2130 - Grijze duinen",1990,21.072,374,17.74848285
"2130-grijze-duinen","H2130 - Grijze duinen",1991,19.213,341,17.74848285
"2130-grijze-duinen","H2130 - Grijze duinen",1992,23.382,415,17.74848285
"2130-grijze-duinen","H2130 - Grijze duinen",1993,27.946,496,17.74848285
"2130-grijze-duinen","H2130 - Grijze duinen",1994,27.721,492,17.74848285
"2130-grijze-duinen","H2130 - Grijze duinen",1995,33.749,599,17.74848285
"2130-grijze-duinen","H2130 - Grijze duinen",1996,38.482,683,17.74848285
"2130-grijze-duinen","H2130 - Grijze duinen",1997,41.13,730,17.74848285
"2130-grijze-duinen","H2130 - Grijze duinen",1998,39.44,700,17.74848285
"2130-grijze-duinen","H2130 - Grijze duinen",1999,37.693,669,17.74848285
"2130-grijze-duinen","H2130 - Grijze duinen",2000,43.891,779,17.74848285
"2130-grijze-duinen","H2130 - Grijze duinen",2001,46.821,831,17.74848285
"2130-grijze-duinen","H2130 - Grijze duinen",2002,42.595,756,17.74848285
"2130-grijze-duinen","H2130 - Grijze duinen",2003,41.468,736,17.74848285
"2130-grijze-duinen","H2130 - Grijze duinen",2004,49.244,874,17.74848285
"2130-grijze-duinen","H2130 - Grijze duinen",2005,42.877,761,17.74848285
"2130-grijze-duinen","H2130 - Grijze duinen",2006,35.496,630,17.74848285
"2130-grijze-duinen","H2130 - Grijze duinen",2007,39.102,694,17.74848285
"2130-grijze-duinen","H2130 - Grijze duinen",2008,30.481,541,17.74848285
"2130-grijze-duinen","H2130 - Grijze duinen",2009,32.848,583,17.74848285
"2130-grijze-duinen","H2130 - Grijze duinen",2010,35.665,633,17.74848285
"2130-grijze-duinen","H2130 - Grijze duinen",2011,46.314,822,17.74848285
"2130-grijze-duinen","H2130 - Grijze duinen",2012,37.919,673,17.74848285
"2130-grijze-duinen","H2130 - Grijze duinen",2013,40.003,710,17.74848285
"2130-grijze-duinen","H2130 - Grijze duinen",2014,42.201,749,17.74848285
"2130-grijze-duinen","H2130 - Grijze duinen",2015,41.412,735,17.74848285
"2130-grijze-duinen","H2130 - Grijze duinen",2016,45.074,800,17.74848285
"2130-grijze-duinen","H2130 - Grijze duinen",2017,43.835,778,17.74848285
"2130-grijze-duinen","H2130 - Grijze duinen",2018,38.82,689,17.74848285
"2130-grijze-duinen","H2130 - Grijze duinen",2019,43.271,768,17.74848285
"2130-grijze-duinen","H2130 - Grijze duinen",2020,48.624,863,17.74848285
"2130-grijze-duinen","H2130 - Grijze duinen",2021,47.497,843,17.74848285
"2130-grijze-duinen","H2130 - Grijze duinen",2022,48.624,863,17.74848285
"2130-grijze-duinen","H2130 - Grijze duinen",2023,55.047,977,17.74848285
"2130-grijze-duinen","H2130 - Grijze duinen",2024,53.075,942,17.74848285
"2130-grijze-duinen","H2130 - Grijze duinen",2025,59.273,1052,17.74848285
"2160-duindoornstruwelen","H2160 - Duindoornstruwelen",1958,17,280,16.4707
"2160-duindoornstruwelen","H2160 - Duindoornstruwelen",1959,42.318,697,16.4707
"2160-duindoornstruwelen","H2160 - Duindoornstruwelen",1960,45.116,744,16.4907
"2160-duindoornstruwelen","H2160 - Duindoornstruwelen",1961,44.989,741,16.4707
"2160-duindoornstruwelen","H2160 - Duindoornstruwelen",1962,40.982,675,16.4707
"2160-duindoornstruwelen","H2160 - Duindoornstruwelen",1963,37.155,609,16.3907
"2160-duindoornstruwelen","H2160 - Duindoornstruwelen",1964,42.985,708,16.4707
"2160-duindoornstruwelen","H2160 - Duindoornstruwelen",1965,45.401,762,16.7837
"2160-duindoornstruwelen","H2160 - Duindoornstruwelen",1966,47.736,805,16.8637
"2160-duindoornstruwelen","H2160 - Duindoornstruwelen",1967,47.561,813,17.0937
"2160-duindoornstruwelen","H2160 - Duindoornstruwelen",1968,48.158,822,17.0687
"2160-duindoornstruwelen","H2160 - Duindoornstruwelen",1969,43.237,738,17.0687
"2160-duindoornstruwelen","H2160 - Duindoornstruwelen",1970,45.163,772,17.0937
"2160-duindoornstruwelen","H2160 - Duindoornstruwelen",1971,46.067,787,17.0837
"2160-duindoornstruwelen","H2160 - Duindoornstruwelen",1972,54.401,931,17.1137
"2160-duindoornstruwelen","H2160 - Duindoornstruwelen",1973,140.424,2413,17.1837
"2160-duindoornstruwelen","H2160 - Duindoornstruwelen",1974,159.514,2887,18.0987
"2160-duindoornstruwelen","H2160 - Duindoornstruwelen",1975,155.222,2800,18.0387
"2160-duindoornstruwelen","H2160 - Duindoornstruwelen",1976,161.035,2896,17.9837
"2160-duindoornstruwelen","H2160 - Duindoornstruwelen",1977,138.108,2483,17.9787
"2160-duindoornstruwelen","H2160 - Duindoornstruwelen",1978,155.449,2794,17.9737
"2160-duindoornstruwelen","H2160 - Duindoornstruwelen",1979,140.26,2521,17.9737
"2160-duindoornstruwelen","H2160 - Duindoornstruwelen",1980,165.634,2987,18.0337
"2160-duindoornstruwelen","H2160 - Duindoornstruwelen",1981,183.545,3310,18.0337
"2160-duindoornstruwelen","H2160 - Duindoornstruwelen",1982,207.694,3732,17.9687
"2160-duindoornstruwelen","H2160 - Duindoornstruwelen",1983,229.081,4144,18.0897
"2160-duindoornstruwelen","H2160 - Duindoornstruwelen",1984,98.206,1743,17.74848285
"2160-duindoornstruwelen","H2160 - Duindoornstruwelen",1985,138.378,2456,17.74848285
"2160-duindoornstruwelen","H2160 - Duindoornstruwelen",1986,152.576,2708,17.74848285
"2160-duindoornstruwelen","H2160 - Duindoornstruwelen",1987,178.269,3164,17.74848285
"2160-duindoornstruwelen","H2160 - Duindoornstruwelen",1988,167.451,2972,17.74848285
"2160-duindoornstruwelen","H2160 - Duindoornstruwelen",1989,189.706,3367,17.74848285
"2160-duindoornstruwelen","H2160 - Duindoornstruwelen",1990,211.793,3759,17.74848285
"2160-duindoornstruwelen","H2160 - Duindoornstruwelen",1991,163.225,2897,17.74848285
"2160-duindoornstruwelen","H2160 - Duindoornstruwelen",1992,186.777,3315,17.74848285
"2160-duindoornstruwelen","H2160 - Duindoornstruwelen",1993,212.694,3775,17.74848285
"2160-duindoornstruwelen","H2160 - Duindoornstruwelen",1994,205.651,3650,17.74848285
"2160-duindoornstruwelen","H2160 - Duindoornstruwelen",1995,217.427,3859,17.74848285
"2160-duindoornstruwelen","H2160 - Duindoornstruwelen",1996,187.171,3322,17.74848285
"2160-duindoornstruwelen","H2160 - Duindoornstruwelen",1997,200.637,3561,17.74848285
"2160-duindoornstruwelen","H2160 - Duindoornstruwelen",1998,208.525,3701,17.74848285
"2160-duindoornstruwelen","H2160 - Duindoornstruwelen",1999,216.92,3850,17.74848285
"2160-duindoornstruwelen","H2160 - Duindoornstruwelen",2000,215.061,3817,17.74848285
"2160-duindoornstruwelen","H2160 - Duindoornstruwelen",2001,241.711,4290,17.74848285
"2160-duindoornstruwelen","H2160 - Duindoornstruwelen",2002,220.639,3916,17.74848285
"2160-duindoornstruwelen","H2160 - Duindoornstruwelen",2003,215.511,3825,17.74848285
"2160-duindoornstruwelen","H2160 - Duindoornstruwelen",2004,241.993,4295,17.74848285
"2160-duindoornstruwelen","H2160 - Duindoornstruwelen",2005,201.933,3584,17.74848285
"2160-duindoornstruwelen","H2160 - Duindoornstruwelen",2006,176.522,3133,17.74848285
"2160-duindoornstruwelen","H2160 - Duindoornstruwelen",2007,200.693,3562,17.74848285
"2160-duindoornstruwelen","H2160 - Duindoornstruwelen",2008,153.253,2720,17.74848285
"2160-duindoornstruwelen","H2160 - Duindoornstruwelen",2009,167,2964,17.74848285
"2160-duindoornstruwelen","H2160 - Duindoornstruwelen",2010,194.214,3447,17.74848285
"2160-duindoornstruwelen","H2160 - Duindoornstruwelen",2011,209.145,3712,17.74848285
"2160-duindoornstruwelen","H2160 - Duindoornstruwelen",2012,194.439,3451,17.74848285
"2160-duindoornstruwelen","H2160 - Duindoornstruwelen",2013,186.777,3315,17.74848285
"2160-duindoornstruwelen","H2160 - Duindoornstruwelen",2014,216.638,3845,17.74848285
"2160-duindoornstruwelen","H2160 - Duindoornstruwelen",2015,219.061,3888,17.74848285
"2160-duindoornstruwelen","H2160 - Duindoornstruwelen",2016,234.048,4154,17.74848285
"2160-duindoornstruwelen","H2160 - Duindoornstruwelen",2017,229.428,4072,17.74848285
"2160-duindoornstruwelen","H2160 - Duindoornstruwelen",2018,187.622,3330,17.74848285
"2160-duindoornstruwelen","H2160 - Duindoornstruwelen",2019,207.567,3684,17.74848285
"2160-duindoornstruwelen","H2160 - Duindoornstruwelen",2020,204.412,3628,17.74848285
"2160-duindoornstruwelen","H2160 - Duindoornstruwelen",2021,200.581,3560,17.74848285
"2160-duindoornstruwelen","H2160 - Duindoornstruwelen",2022,194.552,3453,17.74848285
"2160-duindoornstruwelen","H2160 - Duindoornstruwelen",2023,217.99,3869,17.74848285
"2160-duindoornstruwelen","H2160 - Duindoornstruwelen",2024,213.201,3784,17.74848285
"2160-duindoornstruwelen","H2160 - Duindoornstruwelen",2025,211.455,3753,17.74848285
"2180-duinbossen","H2180 - Duinbossen",1958,0.789,13,16.4707
"2180-duinbossen","H2180 - Duinbossen",1959,1.821,30,16.4707
"2180-duinbossen","H2180 - Duinbossen",1960,3.638,60,16.4907
"2180-duinbossen","H2180 - Duinbossen",1961,3.339,55,16.4707
"2180-duinbossen","H2180 - Duinbossen",1962,3.825,63,16.4707
"2180-duinbossen","H2180 - Duinbossen",1963,1.586,26,16.3907
"2180-duinbossen","H2180 - Duinbossen",1964,1.821,30,16.4707
"2180-duinbossen","H2180 - Duinbossen",1965,2.324,39,16.7837
"2180-duinbossen","H2180 - Duinbossen",1966,2.728,46,16.8637
"2180-duinbossen","H2180 - Duinbossen",1967,3.978,68,17.0937
"2180-duinbossen","H2180 - Duinbossen",1968,3.398,58,17.0687
"2180-duinbossen","H2180 - Duinbossen",1969,3.75,64,17.0687
"2180-duinbossen","H2180 - Duinbossen",1970,4.329,74,17.0937
"2180-duinbossen","H2180 - Duinbossen",1971,4.683,80,17.0837
"2180-duinbossen","H2180 - Duinbossen",1972,5.61,96,17.1137
"2180-duinbossen","H2180 - Duinbossen",1973,25.897,445,17.1837
"2180-duinbossen","H2180 - Duinbossen",1974,35.03,634,18.0987
"2180-duinbossen","H2180 - Duinbossen",1975,39.471,712,18.0387
"2180-duinbossen","H2180 - Duinbossen",1976,31.862,573,17.9837
"2180-duinbossen","H2180 - Duinbossen",1977,28.812,518,17.9787
"2180-duinbossen","H2180 - Duinbossen",1978,31.602,568,17.9737
"2180-duinbossen","H2180 - Duinbossen",1979,18.082,325,17.9737
"2180-duinbossen","H2180 - Duinbossen",1980,25.12,453,18.0337
"2180-duinbossen","H2180 - Duinbossen",1981,28.835,520,18.0337
"2180-duinbossen","H2180 - Duinbossen",1982,32.056,576,17.9687
"2180-duinbossen","H2180 - Duinbossen",1983,39.857,721,18.0897
"2180-duinbossen","H2180 - Duinbossen",1984,22.65,402,17.74848285
"2180-duinbossen","H2180 - Duinbossen",1985,20.283,360,17.74848285
"2180-duinbossen","H2180 - Duinbossen",1986,25.805,458,17.74848285
"2180-duinbossen","H2180 - Duinbossen",1987,31.27,555,17.74848285
"2180-duinbossen","H2180 - Duinbossen",1988,33.073,587,17.74848285
"2180-duinbossen","H2180 - Duinbossen",1989,40.905,726,17.74848285
"2180-duinbossen","H2180 - Duinbossen",1990,60.118,1067,17.74848285
"2180-duinbossen","H2180 - Duinbossen",1991,37.975,674,17.74848285
"2180-duinbossen","H2180 - Duinbossen",1992,50.145,890,17.74848285
"2180-duinbossen","H2180 - Duinbossen",1993,52.004,923,17.74848285
"2180-duinbossen","H2180 - Duinbossen",1994,48.906,868,17.74848285
"2180-duinbossen","H2180 - Duinbossen",1995,56.343,1000,17.74848285
"2180-duinbossen","H2180 - Duinbossen",1996,31.89,566,17.74848285
"2180-duinbossen","H2180 - Duinbossen",1997,35.44,629,17.74848285
"2180-duinbossen","H2180 - Duinbossen",1998,40.792,724,17.74848285
"2180-duinbossen","H2180 - Duinbossen",1999,53.864,956,17.74848285
"2180-duinbossen","H2180 - Duinbossen",2000,55.667,988,17.74848285
"2180-duinbossen","H2180 - Duinbossen",2001,61.752,1096,17.74848285
"2180-duinbossen","H2180 - Duinbossen",2002,60.231,1069,17.74848285
"2180-duinbossen","H2180 - Duinbossen",2003,46.877,832,17.74848285
"2180-duinbossen","H2180 - Duinbossen",2004,51.441,913,17.74848285
"2180-duinbossen","H2180 - Duinbossen",2005,36.51,648,17.74848285
"2180-duinbossen","H2180 - Duinbossen",2006,39.722,705,17.74848285
"2180-duinbossen","H2180 - Duinbossen",2007,46.37,823,17.74848285
"2180-duinbossen","H2180 - Duinbossen",2008,33.242,590,17.74848285
"2180-duinbossen","H2180 - Duinbossen",2009,28.679,509,17.74848285
"2180-duinbossen","H2180 - Duinbossen",2010,36.792,653,17.74848285
"2180-duinbossen","H2180 - Duinbossen",2011,38.144,677,17.74848285
"2180-duinbossen","H2180 - Duinbossen",2012,43.271,768,17.74848285
"2180-duinbossen","H2180 - Duinbossen",2013,39.553,702,17.74848285
"2180-duinbossen","H2180 - Duinbossen",2014,52.117,925,17.74848285
"2180-duinbossen","H2180 - Duinbossen",2015,61.076,1084,17.74848285
"2180-duinbossen","H2180 - Duinbossen",2016,79.443,1410,17.74848285
"2180-duinbossen","H2180 - Duinbossen",2017,72.232,1282,17.74848285
"2180-duinbossen","H2180 - Duinbossen",2018,61.47,1091,17.74848285
"2180-duinbossen","H2180 - Duinbossen",2019,56.117,996,17.74848285
"2180-duinbossen","H2180 - Duinbossen",2020,58.033,1030,17.74848285
"2180-duinbossen","H2180 - Duinbossen",2021,56.512,1003,17.74848285
"2180-duinbossen","H2180 - Duinbossen",2022,56.23,998,17.74848285
"2180-duinbossen","H2180 - Duinbossen",2023,66.992,1189,17.74848285
"2180-duinbossen","H2180 - Duinbossen",2024,60.005,1065,17.74848285
"2180-duinbossen","H2180 - Duinbossen",2025,58.371,1036,17.74848285
"2190-vochtige-duinvalleien","H2190 - Vochtige duinvalleien",1958,1.821,30,16.4707
"2190-vochtige-duinvalleien","H2190 - Vochtige duinvalleien",1959,8.196,135,16.4707
"2190-vochtige-duinvalleien","H2190 - Vochtige duinvalleien",1960,7.823,129,16.4907
"2190-vochtige-duinvalleien","H2190 - Vochtige duinvalleien",1961,10.625,175,16.4707
"2190-vochtige-duinvalleien","H2190 - Vochtige duinvalleien",1962,11.961,197,16.4707
"2190-vochtige-duinvalleien","H2190 - Vochtige duinvalleien",1963,12.263,201,16.3907
"2190-vochtige-duinvalleien","H2190 - Vochtige duinvalleien",1964,21.007,346,16.4707
"2190-vochtige-duinvalleien","H2190 - Vochtige duinvalleien",1965,24.786,416,16.7837
"2190-vochtige-duinvalleien","H2190 - Vochtige duinvalleien",1966,29.056,490,16.8637
"2190-vochtige-duinvalleien","H2190 - Vochtige duinvalleien",1967,31.883,545,17.0937
"2190-vochtige-duinvalleien","H2190 - Vochtige duinvalleien",1968,27.536,470,17.0687
"2190-vochtige-duinvalleien","H2190 - Vochtige duinvalleien",1969,23.845,407,17.0687
"2190-vochtige-duinvalleien","H2190 - Vochtige duinvalleien",1970,28.783,492,17.0937
"2190-vochtige-duinvalleien","H2190 - Vochtige duinvalleien",1971,29.151,498,17.0837
"2190-vochtige-duinvalleien","H2190 - Vochtige duinvalleien",1972,30.093,515,17.1137
"2190-vochtige-duinvalleien","H2190 - Vochtige duinvalleien",1973,34.684,596,17.1837
"2190-vochtige-duinvalleien","H2190 - Vochtige duinvalleien",1974,29.615,536,18.0987
"2190-vochtige-duinvalleien","H2190 - Vochtige duinvalleien",1975,33.206,599,18.0387
"2190-vochtige-duinvalleien","H2190 - Vochtige duinvalleien",1976,35.532,639,17.9837
"2190-vochtige-duinvalleien","H2190 - Vochtige duinvalleien",1977,30.814,554,17.9787
"2190-vochtige-duinvalleien","H2190 - Vochtige duinvalleien",1978,33.938,610,17.9737
"2190-vochtige-duinvalleien","H2190 - Vochtige duinvalleien",1979,43.119,775,17.9737
"2190-vochtige-duinvalleien","H2190 - Vochtige duinvalleien",1980,38.65,697,18.0337
"2190-vochtige-duinvalleien","H2190 - Vochtige duinvalleien",1981,48.742,879,18.0337
"2190-vochtige-duinvalleien","H2190 - Vochtige duinvalleien",1982,45.691,821,17.9687
"2190-vochtige-duinvalleien","H2190 - Vochtige duinvalleien",1983,48.481,877,18.0897
"2190-vochtige-duinvalleien","H2190 - Vochtige duinvalleien",1984,16.621,295,17.74848285
"2190-vochtige-duinvalleien","H2190 - Vochtige duinvalleien",1985,36.792,653,17.74848285
"2190-vochtige-duinvalleien","H2190 - Vochtige duinvalleien",1986,35.496,630,17.74848285
"2190-vochtige-duinvalleien","H2190 - Vochtige duinvalleien",1987,42.877,761,17.74848285
"2190-vochtige-duinvalleien","H2190 - Vochtige duinvalleien",1988,41.975,745,17.74848285
"2190-vochtige-duinvalleien","H2190 - Vochtige duinvalleien",1989,42.313,751,17.74848285
"2190-vochtige-duinvalleien","H2190 - Vochtige duinvalleien",1990,46.37,823,17.74848285
"2190-vochtige-duinvalleien","H2190 - Vochtige duinvalleien",1991,42.088,747,17.74848285
"2190-vochtige-duinvalleien","H2190 - Vochtige duinvalleien",1992,55.272,981,17.74848285
"2190-vochtige-duinvalleien","H2190 - Vochtige duinvalleien",1993,57.301,1017,17.74848285
"2190-vochtige-duinvalleien","H2190 - Vochtige duinvalleien",1994,57.639,1023,17.74848285
"2190-vochtige-duinvalleien","H2190 - Vochtige duinvalleien",1995,51.554,915,17.74848285
"2190-vochtige-duinvalleien","H2190 - Vochtige duinvalleien",1996,57.132,1014,17.74848285
"2190-vochtige-duinvalleien","H2190 - Vochtige duinvalleien",1997,45.581,809,17.74848285
"2190-vochtige-duinvalleien","H2190 - Vochtige duinvalleien",1998,43.046,764,17.74848285
"2190-vochtige-duinvalleien","H2190 - Vochtige duinvalleien",1999,43.271,768,17.74848285
"2190-vochtige-duinvalleien","H2190 - Vochtige duinvalleien",2000,42.821,760,17.74848285
"2190-vochtige-duinvalleien","H2190 - Vochtige duinvalleien",2001,51.216,909,17.74848285
"2190-vochtige-duinvalleien","H2190 - Vochtige duinvalleien",2002,40.06,711,17.74848285
"2190-vochtige-duinvalleien","H2190 - Vochtige duinvalleien",2003,38.313,680,17.74848285
"2190-vochtige-duinvalleien","H2190 - Vochtige duinvalleien",2004,36.397,646,17.74848285
"2190-vochtige-duinvalleien","H2190 - Vochtige duinvalleien",2005,31.383,557,17.74848285
"2190-vochtige-duinvalleien","H2190 - Vochtige duinvalleien",2006,30.932,549,17.74848285
"2190-vochtige-duinvalleien","H2190 - Vochtige duinvalleien",2007,35.552,631,17.74848285
"2190-vochtige-duinvalleien","H2190 - Vochtige duinvalleien",2008,25.805,458,17.74848285
"2190-vochtige-duinvalleien","H2190 - Vochtige duinvalleien",2009,32.679,580,17.74848285
"2190-vochtige-duinvalleien","H2190 - Vochtige duinvalleien",2010,32.735,581,17.74848285
"2190-vochtige-duinvalleien","H2190 - Vochtige duinvalleien",2011,34.144,606,17.74848285
"2190-vochtige-duinvalleien","H2190 - Vochtige duinvalleien",2012,27.439,487,17.74848285
"2190-vochtige-duinvalleien","H2190 - Vochtige duinvalleien",2013,29.017,515,17.74848285
"2190-vochtige-duinvalleien","H2190 - Vochtige duinvalleien",2014,29.129,517,17.74848285
"2190-vochtige-duinvalleien","H2190 - Vochtige duinvalleien",2015,29.974,532,17.74848285
"2190-vochtige-duinvalleien","H2190 - Vochtige duinvalleien",2016,28.002,497,17.74848285
"2190-vochtige-duinvalleien","H2190 - Vochtige duinvalleien",2017,28.735,510,17.74848285
"2190-vochtige-duinvalleien","H2190 - Vochtige duinvalleien",2018,26.425,469,17.74848285
"2190-vochtige-duinvalleien","H2190 - Vochtige duinvalleien",2019,30.538,542,17.74848285
"2190-vochtige-duinvalleien","H2190 - Vochtige duinvalleien",2020,33.637,597,17.74848285
"2190-vochtige-duinvalleien","H2190 - Vochtige duinvalleien",2021,33.637,597,17.74848285
"2190-vochtige-duinvalleien","H2190 - Vochtige duinvalleien",2022,30.989,550,17.74848285
"2190-vochtige-duinvalleien","H2190 - Vochtige duinvalleien",2023,36.848,654,17.74848285
"2190-vochtige-duinvalleien","H2190 - Vochtige duinvalleien",2024,37.581,667,17.74848285
"2190-vochtige-duinvalleien","H2190 - Vochtige duinvalleien",2025,35.496,630,17.74848285
"300","Vogels van pionierbegroeiingen",1958,8.379,138,16.4707
"300","Vogels van pionierbegroeiingen",1959,9.957,164,16.4707
"300","Vogels van pionierbegroeiingen",1960,9.46,156,16.4907
"300","Vogels van pionierbegroeiingen",1961,11.839,195,16.4707
"300","Vogels van pionierbegroeiingen",1962,10.868,179,16.4707
"300","Vogels van pionierbegroeiingen",1963,8.907,146,16.3907
"300","Vogels van pionierbegroeiingen",1964,9.471,156,16.4707
"300","Vogels van pionierbegroeiingen",1965,8.282,139,16.7837
"300","Vogels van pionierbegroeiingen",1966,9.547,161,16.8637
"300","Vogels van pionierbegroeiingen",1967,10.004,171,17.0937
"300","Vogels van pionierbegroeiingen",1968,14.237,243,17.0687
"300","Vogels van pionierbegroeiingen",1969,13.416,229,17.0687
"300","Vogels van pionierbegroeiingen",1970,14.742,252,17.0937
"300","Vogels van pionierbegroeiingen",1971,17.795,304,17.0837
"300","Vogels van pionierbegroeiingen",1972,19.867,340,17.1137
"300","Vogels van pionierbegroeiingen",1973,99.629,1712,17.1837
"300","Vogels van pionierbegroeiingen",1974,107.301,1942,18.0987
"300","Vogels van pionierbegroeiingen",1975,131.329,2369,18.0387
"300","Vogels van pionierbegroeiingen",1976,164.037,2950,17.9837
"300","Vogels van pionierbegroeiingen",1977,193.117,3472,17.9787
"300","Vogels van pionierbegroeiingen",1978,211.698,3805,17.9737
"300","Vogels van pionierbegroeiingen",1979,251.701,4524,17.9737
"300","Vogels van pionierbegroeiingen",1980,284.412,5129,18.0337
"300","Vogels van pionierbegroeiingen",1981,326.555,5889,18.0337
"300","Vogels van pionierbegroeiingen",1982,373.26,6707,17.9687
"300","Vogels van pionierbegroeiingen",1983,428.144,7745,18.0897
"300","Vogels van pionierbegroeiingen",1984,433.502,7694,17.74848285
"300","Vogels van pionierbegroeiingen",1985,441.221,7831,17.74848285
"300","Vogels van pionierbegroeiingen",1986,407.866,7239,17.74848285
"300","Vogels van pionierbegroeiingen",1987,377.61,6702,17.74848285
"300","Vogels van pionierbegroeiingen",1988,263.065,4669,17.74848285
"300","Vogels van pionierbegroeiingen",1989,159.45,2830,17.74848285
"300","Vogels van pionierbegroeiingen",1990,107.051,1900,17.74848285
"300","Vogels van pionierbegroeiingen",1991,33.186,589,17.74848285
"300","Vogels van pionierbegroeiingen",1992,22.819,405,17.74848285
"300","Vogels van pionierbegroeiingen",1993,19.551,347,17.74848285
"300","Vogels van pionierbegroeiingen",1994,17.466,310,17.74848285
"300","Vogels van pionierbegroeiingen",1995,16.508,293,17.74848285
"300","Vogels van pionierbegroeiingen",1996,16.227,288,17.74848285
"300","Vogels van pionierbegroeiingen",1997,15.945,283,17.74848285
"300","Vogels van pionierbegroeiingen",1998,17.016,302,17.74848285
"300","Vogels van pionierbegroeiingen",1999,15.945,283,17.74848285
"300","Vogels van pionierbegroeiingen",2000,15.889,282,17.74848285
"300","Vogels van pionierbegroeiingen",2001,15.156,269,17.74848285
"300","Vogels van pionierbegroeiingen",2002,14.875,264,17.74848285
"300","Vogels van pionierbegroeiingen",2003,16.677,296,17.74848285
"300","Vogels van pionierbegroeiingen",2004,16.903,300,17.74848285
"300","Vogels van pionierbegroeiingen",2005,12.114,215,17.74848285
"300","Vogels van pionierbegroeiingen",2006,9.747,173,17.74848285
"300","Vogels van pionierbegroeiingen",2007,10.142,180,17.74848285
"300","Vogels van pionierbegroeiingen",2008,8.17,145,17.74848285
"300","Vogels van pionierbegroeiingen",2009,8.846,157,17.74848285
"300","Vogels van pionierbegroeiingen",2010,7.888,140,17.74848285
"300","Vogels van pionierbegroeiingen",2011,9.691,172,17.74848285
"300","Vogels van pionierbegroeiingen",2012,7.494,133,17.74848285
"300","Vogels van pionierbegroeiingen",2013,8.564,152,17.74848285
"300","Vogels van pionierbegroeiingen",2014,8.395,149,17.74848285
"300","Vogels van pionierbegroeiingen",2015,10.423,185,17.74848285
"300","Vogels van pionierbegroeiingen",2016,13.241,235,17.74848285
"300","Vogels van pionierbegroeiingen",2017,13.241,235,17.74848285
"300","Vogels van pionierbegroeiingen",2018,11.607,206,17.74848285
"300","Vogels van pionierbegroeiingen",2019,13.072,232,17.74848285
"300","Vogels van pionierbegroeiingen",2020,15.044,267,17.74848285
"300","Vogels van pionierbegroeiingen",2021,15.889,282,17.74848285
"300","Vogels van pionierbegroeiingen",2022,14.818,263,17.74848285
"300","Vogels van pionierbegroeiingen",2023,15.382,273,17.74848285
"300","Vogels van pionierbegroeiingen",2024,15.663,278,17.74848285
"300","Vogels van pionierbegroeiingen",2025,16.621,295,17.74848285
"3140-kranswierwateren","H3140 - Kranswierwateren",1958,5.221,86,16.4707
"3140-kranswierwateren","H3140 - Kranswierwateren",1959,13.418,221,16.4707
"3140-kranswierwateren","H3140 - Kranswierwateren",1960,12.431,205,16.4907
"3140-kranswierwateren","H3140 - Kranswierwateren",1961,17.546,289,16.4707
"3140-kranswierwateren","H3140 - Kranswierwateren",1962,19.853,327,16.4707
"3140-kranswierwateren","H3140 - Kranswierwateren",1963,15.436,253,16.3907
"3140-kranswierwateren","H3140 - Kranswierwateren",1964,27.564,454,16.4707
"3140-kranswierwateren","H3140 - Kranswierwateren",1965,33.187,557,16.7837
"3140-kranswierwateren","H3140 - Kranswierwateren",1966,36.41,614,16.8637
"3140-kranswierwateren","H3140 - Kranswierwateren",1967,38.084,651,17.0937
"3140-kranswierwateren","H3140 - Kranswierwateren",1968,34.215,584,17.0687
"3140-kranswierwateren","H3140 - Kranswierwateren",1969,28.825,492,17.0687
"3140-kranswierwateren","H3140 - Kranswierwateren",1970,34.048,582,17.0937
"3140-kranswierwateren","H3140 - Kranswierwateren",1971,33.775,577,17.0837
"3140-kranswierwateren","H3140 - Kranswierwateren",1972,36.696,628,17.1137
"3140-kranswierwateren","H3140 - Kranswierwateren",1973,44.461,764,17.1837
"3140-kranswierwateren","H3140 - Kranswierwateren",1974,37.738,683,18.0987
"3140-kranswierwateren","H3140 - Kranswierwateren",1975,41.854,755,18.0387
"3140-kranswierwateren","H3140 - Kranswierwateren",1976,44.04,792,17.9837
"3140-kranswierwateren","H3140 - Kranswierwateren",1977,39.881,717,17.9787
"3140-kranswierwateren","H3140 - Kranswierwateren",1978,40.003,719,17.9737
"3140-kranswierwateren","H3140 - Kranswierwateren",1979,46.179,830,17.9737
"3140-kranswierwateren","H3140 - Kranswierwateren",1980,36.82,664,18.0337
"3140-kranswierwateren","H3140 - Kranswierwateren",1981,41.312,745,18.0337
"3140-kranswierwateren","H3140 - Kranswierwateren",1982,35.729,642,17.9687
"3140-kranswierwateren","H3140 - Kranswierwateren",1983,38.143,690,18.0897
"3140-kranswierwateren","H3140 - Kranswierwateren",1984,16.227,288,17.74848285
"3140-kranswierwateren","H3140 - Kranswierwateren",1985,28.509,506,17.74848285
"3140-kranswierwateren","H3140 - Kranswierwateren",1986,28.735,510,17.74848285
"3140-kranswierwateren","H3140 - Kranswierwateren",1987,30.707,545,17.74848285
"3140-kranswierwateren","H3140 - Kranswierwateren",1988,27.833,494,17.74848285
"3140-kranswierwateren","H3140 - Kranswierwateren",1989,28.904,513,17.74848285
"3140-kranswierwateren","H3140 - Kranswierwateren",1990,35.102,623,17.74848285
"3140-kranswierwateren","H3140 - Kranswierwateren",1991,32.453,576,17.74848285
"3140-kranswierwateren","H3140 - Kranswierwateren",1992,43.497,772,17.74848285
"3140-kranswierwateren","H3140 - Kranswierwateren",1993,43.271,768,17.74848285
"3140-kranswierwateren","H3140 - Kranswierwateren",1994,42.99,763,17.74848285
"3140-kranswierwateren","H3140 - Kranswierwateren",1995,36.848,654,17.74848285
"3140-kranswierwateren","H3140 - Kranswierwateren",1996,39.158,695,17.74848285
"3140-kranswierwateren","H3140 - Kranswierwateren",1997,31.27,555,17.74848285
"3140-kranswierwateren","H3140 - Kranswierwateren",1998,30.481,541,17.74848285
"3140-kranswierwateren","H3140 - Kranswierwateren",1999,32.397,575,17.74848285
"3140-kranswierwateren","H3140 - Kranswierwateren",2000,32.848,583,17.74848285
"3140-kranswierwateren","H3140 - Kranswierwateren",2001,36.285,644,17.74848285
"3140-kranswierwateren","H3140 - Kranswierwateren",2002,32.284,573,17.74848285
"3140-kranswierwateren","H3140 - Kranswierwateren",2003,28.397,504,17.74848285
"3140-kranswierwateren","H3140 - Kranswierwateren",2004,26.481,470,17.74848285
"3140-kranswierwateren","H3140 - Kranswierwateren",2005,21.579,383,17.74848285
"3140-kranswierwateren","H3140 - Kranswierwateren",2006,23.889,424,17.74848285
"3140-kranswierwateren","H3140 - Kranswierwateren",2007,28.171,500,17.74848285
"3140-kranswierwateren","H3140 - Kranswierwateren",2008,24.284,431,17.74848285
"3140-kranswierwateren","H3140 - Kranswierwateren",2009,31.721,563,17.74848285
"3140-kranswierwateren","H3140 - Kranswierwateren",2010,28.002,497,17.74848285
"3140-kranswierwateren","H3140 - Kranswierwateren",2011,27.27,484,17.74848285
"3140-kranswierwateren","H3140 - Kranswierwateren",2012,22.086,392,17.74848285
"3140-kranswierwateren","H3140 - Kranswierwateren",2013,25.636,455,17.74848285
"3140-kranswierwateren","H3140 - Kranswierwateren",2014,25.411,451,17.74848285
"3140-kranswierwateren","H3140 - Kranswierwateren",2015,25.805,458,17.74848285
"3140-kranswierwateren","H3140 - Kranswierwateren",2016,27.045,480,17.74848285
"3140-kranswierwateren","H3140 - Kranswierwateren",2017,27.89,495,17.74848285
"3140-kranswierwateren","H3140 - Kranswierwateren",2018,22.988,408,17.74848285
"3140-kranswierwateren","H3140 - Kranswierwateren",2019,26.368,468,17.74848285
"3140-kranswierwateren","H3140 - Kranswierwateren",2020,29.129,517,17.74848285
"3140-kranswierwateren","H3140 - Kranswierwateren",2021,27.045,480,17.74848285
"3140-kranswierwateren","H3140 - Kranswierwateren",2022,25.411,451,17.74848285
"3140-kranswierwateren","H3140 - Kranswierwateren",2023,28.96,514,17.74848285
"3140-kranswierwateren","H3140 - Kranswierwateren",2024,26.932,478,17.74848285
"3140-kranswierwateren","H3140 - Kranswierwateren",2025,23.213,412,17.74848285
"400","Vogels van open heide",1958,6.8,112,16.4707
"400","Vogels van open heide",1959,8.196,135,16.4707
"400","Vogels van open heide",1960,6.731,111,16.4907
"400","Vogels van open heide",1961,7.771,128,16.4707
"400","Vogels van open heide",1962,7.346,121,16.4707
"400","Vogels van open heide",1963,5.308,87,16.3907
"400","Vogels van open heide",1964,5.282,87,16.4707
"400","Vogels van open heide",1965,4.349,73,16.7837
"400","Vogels van open heide",1966,4.566,77,16.8637
"400","Vogels van open heide",1967,4.797,82,17.0937
"400","Vogels van open heide",1968,6.386,109,17.0687
"400","Vogels van open heide",1969,4.921,84,17.0687
"400","Vogels van open heide",1970,5.148,88,17.0937
"400","Vogels van open heide",1971,5.854,100,17.0837
"400","Vogels van open heide",1972,6.252,107,17.1137
"400","Vogels van open heide",1973,10.359,178,17.1837
"400","Vogels van open heide",1974,11.493,208,18.0987
"400","Vogels van open heide",1975,13.028,235,18.0387
"400","Vogels van open heide",1976,13.957,251,17.9837
"400","Vogels van open heide",1977,11.569,208,17.9787
"400","Vogels van open heide",1978,13.687,246,17.9737
"400","Vogels van open heide",1979,11.35,204,17.9737
"400","Vogels van open heide",1980,9.87,178,18.0337
"400","Vogels van open heide",1981,11.423,206,18.0337
"400","Vogels van open heide",1982,10.073,181,17.9687
"400","Vogels van open heide",1983,10.006,181,18.0897
"400","Vogels van open heide",1984,5.015,89,17.74848285
"400","Vogels van open heide",1985,4.902,87,17.74848285
"400","Vogels van open heide",1986,3.719,66,17.74848285
"400","Vogels van open heide",1987,4.733,84,17.74848285
"400","Vogels van open heide",1988,3.606,64,17.74848285
"400","Vogels van open heide",1989,3.606,64,17.74848285
"400","Vogels van open heide",1990,2.93,52,17.74848285
"400","Vogels van open heide",1991,2.817,50,17.74848285
"400","Vogels van open heide",1992,2.986,53,17.74848285
"400","Vogels van open heide",1993,2.704,48,17.74848285
"400","Vogels van open heide",1994,3.381,60,17.74848285
"400","Vogels van open heide",1995,2.423,43,17.74848285
"400","Vogels van open heide",1996,2.986,53,17.74848285
"400","Vogels van open heide",1997,2.986,53,17.74848285
"400","Vogels van open heide",1998,2.535,45,17.74848285
"400","Vogels van open heide",1999,2.93,52,17.74848285
"400","Vogels van open heide",2000,4,71,17.74848285
"400","Vogels van open heide",2001,3.155,56,17.74848285
"400","Vogels van open heide",2002,3.775,67,17.74848285
"400","Vogels van open heide",2003,4.789,85,17.74848285
"400","Vogels van open heide",2004,4.113,73,17.74848285
"400","Vogels van open heide",2005,4.338,77,17.74848285
"400","Vogels van open heide",2006,2.423,43,17.74848285
"400","Vogels van open heide",2007,3.437,61,17.74848285
"400","Vogels van open heide",2008,2.704,48,17.74848285
"400","Vogels van open heide",2009,2.648,47,17.74848285
"400","Vogels van open heide",2010,1.747,31,17.74848285
"400","Vogels van open heide",2011,2.141,38,17.74848285
"400","Vogels van open heide",2012,2.141,38,17.74848285
"400","Vogels van open heide",2013,1.916,34,17.74848285
"400","Vogels van open heide",2014,2.141,38,17.74848285
"400","Vogels van open heide",2015,2.592,46,17.74848285
"400","Vogels van open heide",2016,2.535,45,17.74848285
"400","Vogels van open heide",2017,3.099,55,17.74848285
"400","Vogels van open heide",2018,2.986,53,17.74848285
"400","Vogels van open heide",2019,3.155,56,17.74848285
"400","Vogels van open heide",2020,3.043,54,17.74848285
"400","Vogels van open heide",2021,2.535,45,17.74848285
"400","Vogels van open heide",2022,3.043,54,17.74848285
"400","Vogels van open heide",2023,3.719,66,17.74848285
"400","Vogels van open heide",2024,4.113,73,17.74848285
"400","Vogels van open heide",2025,4.169,74,17.74848285
"500","Weidevogels",1958,16.271,268,16.4707
"500","Weidevogels",1959,23.436,386,16.4707
"500","Weidevogels",1960,22.983,379,16.4907
"500","Weidevogels",1961,20.218,333,16.4707
"500","Weidevogels",1962,21.128,348,16.4707
"500","Weidevogels",1963,16.778,275,16.3907
"500","Weidevogels",1964,23.011,379,16.4707
"500","Weidevogels",1965,21.986,369,16.7837
"500","Weidevogels",1966,21.229,358,16.8637
"500","Weidevogels",1967,18.369,314,17.0937
"500","Weidevogels",1968,16.873,288,17.0687
"500","Weidevogels",1969,13.123,224,17.0687
"500","Weidevogels",1970,16.614,284,17.0937
"500","Weidevogels",1971,14.985,256,17.0837
"500","Weidevogels",1972,13.79,236,17.1137
"500","Weidevogels",1973,23.161,398,17.1837
"500","Weidevogels",1974,20.83,377,18.0987
"500","Weidevogels",1975,22.285,402,18.0387
"500","Weidevogels",1976,24.745,445,17.9837
"500","Weidevogels",1977,21.637,389,17.9787
"500","Weidevogels",1978,23.646,425,17.9737
"500","Weidevogels",1979,21.698,390,17.9737
"500","Weidevogels",1980,18.854,340,18.0337
"500","Weidevogels",1981,21.737,392,18.0337
"500","Weidevogels",1982,20.981,377,17.9687
"500","Weidevogels",1983,18.685,338,18.0897
"500","Weidevogels",1984,9.297,165,17.74848285
"500","Weidevogels",1985,10.592,188,17.74848285
"500","Weidevogels",1986,8.959,159,17.74848285
"500","Weidevogels",1987,11.494,204,17.74848285
"500","Weidevogels",1988,9.804,174,17.74848285
"500","Weidevogels",1989,9.015,160,17.74848285
"500","Weidevogels",1990,9.409,167,17.74848285
"500","Weidevogels",1991,8.17,145,17.74848285
"500","Weidevogels",1992,10.931,194,17.74848285
"500","Weidevogels",1993,10.987,195,17.74848285
"500","Weidevogels",1994,12.114,215,17.74848285
"500","Weidevogels",1995,11.381,202,17.74848285
"500","Weidevogels",1996,11.381,202,17.74848285
"500","Weidevogels",1997,10.705,190,17.74848285
"500","Weidevogels",1998,8.113,144,17.74848285
"500","Weidevogels",1999,10.592,188,17.74848285
"500","Weidevogels",2000,10.649,189,17.74848285
"500","Weidevogels",2001,10.874,193,17.74848285
"500","Weidevogels",2002,12.001,213,17.74848285
"500","Weidevogels",2003,11.776,209,17.74848285
"500","Weidevogels",2004,10.536,187,17.74848285
"500","Weidevogels",2005,9.522,169,17.74848285
"500","Weidevogels",2006,8.226,146,17.74848285
"500","Weidevogels",2007,9.747,173,17.74848285
"500","Weidevogels",2008,8.508,151,17.74848285
"500","Weidevogels",2009,11.607,206,17.74848285
"500","Weidevogels",2010,8.959,159,17.74848285
"500","Weidevogels",2011,8.001,142,17.74848285
"500","Weidevogels",2012,8.733,155,17.74848285
"500","Weidevogels",2013,8.451,150,17.74848285
"500","Weidevogels",2014,7.606,135,17.74848285
"500","Weidevogels",2015,9.409,167,17.74848285
"500","Weidevogels",2016,8.564,152,17.74848285
"500","Weidevogels",2017,8.789,156,17.74848285
"500","Weidevogels",2018,7.775,138,17.74848285
"500","Weidevogels",2019,8.17,145,17.74848285
"500","Weidevogels",2020,10.085,179,17.74848285
"500","Weidevogels",2021,9.409,167,17.74848285
"500","Weidevogels",2022,9.015,160,17.74848285
"500","Weidevogels",2023,10.705,190,17.74848285
"500","Weidevogels",2024,10.423,185,17.74848285
"500","Weidevogels",2025,9.86,175,17.74848285
"600","Struweelvogels",1958,18.032,297,16.4707
"600","Struweelvogels",1959,46.871,772,16.4707
"600","Struweelvogels",1960,50.271,829,16.4907
"600","Struweelvogels",1961,49.3,812,16.4707
"600","Struweelvogels",1962,45.657,752,16.4707
"600","Struweelvogels",1963,41.792,685,16.3907
"600","Struweelvogels",1964,48.389,797,16.4707
"600","Struweelvogels",1965,52.074,874,16.7837
"600","Struweelvogels",1966,56.334,950,16.8637
"600","Struweelvogels",1967,55.342,946,17.0937
"600","Struweelvogels",1968,55.716,951,17.0687
"600","Struweelvogels",1969,50.033,854,17.0687
"600","Struweelvogels",1970,53.47,914,17.0937
"600","Struweelvogels",1971,54.848,937,17.0837
"600","Struweelvogels",1972,63.458,1086,17.1137
"600","Struweelvogels",1973,158.057,2716,17.1837
"600","Struweelvogels",1974,179.681,3252,18.0987
"600","Struweelvogels",1975,177.396,3200,18.0387
"600","Struweelvogels",1976,181.943,3272,17.9837
"600","Struweelvogels",1977,156.407,2812,17.9787
"600","Struweelvogels",1978,175.423,3153,17.9737
"600","Struweelvogels",1979,161.069,2895,17.9737
"600","Struweelvogels",1980,189.035,3409,18.0337
"600","Struweelvogels",1981,211.881,3821,18.0337
"600","Struweelvogels",1982,238.637,4288,17.9687
"600","Struweelvogels",1983,261.972,4739,18.0897
"600","Struweelvogels",1984,115.785,2055,17.74848285
"600","Struweelvogels",1985,165.366,2935,17.74848285
"600","Struweelvogels",1986,183.621,3259,17.74848285
"600","Struweelvogels",1987,213.539,3790,17.74848285
"600","Struweelvogels",1988,193.087,3427,17.74848285
"600","Struweelvogels",1989,215.399,3823,17.74848285
"600","Struweelvogels",1990,238.668,4236,17.74848285
"600","Struweelvogels",1991,189.65,3366,17.74848285
"600","Struweelvogels",1992,216.469,3842,17.74848285
"600","Struweelvogels",1993,235.175,4174,17.74848285
"600","Struweelvogels",1994,228.301,4052,17.74848285
"600","Struweelvogels",1995,238.668,4236,17.74848285
"600","Struweelvogels",1996,206.44,3664,17.74848285
"600","Struweelvogels",1997,213.145,3783,17.74848285
"600","Struweelvogels",1998,215.286,3821,17.74848285
"600","Struweelvogels",1999,228.865,4062,17.74848285
"600","Struweelvogels",2000,232.414,4125,17.74848285
"600","Struweelvogels",2001,258.05,4580,17.74848285
"600","Struweelvogels",2002,230.893,4098,17.74848285
"600","Struweelvogels",2003,216.807,3848,17.74848285
"600","Struweelvogels",2004,242.669,4307,17.74848285
"600","Struweelvogels",2005,207.736,3687,17.74848285
"600","Struweelvogels",2006,186.664,3313,17.74848285
"600","Struweelvogels",2007,207.905,3690,17.74848285
"600","Struweelvogels",2008,155.675,2763,17.74848285
"600","Struweelvogels",2009,167.902,2980,17.74848285
"600","Struweelvogels",2010,198.27,3519,17.74848285
"600","Struweelvogels",2011,208.187,3695,17.74848285
"600","Struweelvogels",2012,191.904,3406,17.74848285
"600","Struweelvogels",2013,184.692,3278,17.74848285
"600","Struweelvogels",2014,213.934,3797,17.74848285
"600","Struweelvogels",2015,218.498,3878,17.74848285
"600","Struweelvogels",2016,237.767,4220,17.74848285
"600","Struweelvogels",2017,229.428,4072,17.74848285
"600","Struweelvogels",2018,188.918,3353,17.74848285
"600","Struweelvogels",2019,207.849,3689,17.74848285
"600","Struweelvogels",2020,204.017,3621,17.74848285
"600","Struweelvogels",2021,197.763,3510,17.74848285
"600","Struweelvogels",2022,191.284,3395,17.74848285
"600","Struweelvogels",2023,214.385,3805,17.74848285
"600","Struweelvogels",2024,208.13,3694,17.74848285
"600","Struweelvogels",2025,203.623,3614,17.74848285
"6430-ruigten-en-zomen","H6430 - Ruigten en zomen",1958,3.157,52,16.4707
"6430-ruigten-en-zomen","H6430 - Ruigten en zomen",1959,8.804,145,16.4707
"6430-ruigten-en-zomen","H6430 - Ruigten en zomen",1960,9.096,150,16.4907
"6430-ruigten-en-zomen","H6430 - Ruigten en zomen",1961,8.561,141,16.4707
"6430-ruigten-en-zomen","H6430 - Ruigten en zomen",1962,7.771,128,16.4707
"6430-ruigten-en-zomen","H6430 - Ruigten en zomen",1963,8.724,143,16.3907
"6430-ruigten-en-zomen","H6430 - Ruigten en zomen",1964,7.771,128,16.4707
"6430-ruigten-en-zomen","H6430 - Ruigten en zomen",1965,8.878,149,16.7837
"6430-ruigten-en-zomen","H6430 - Ruigten en zomen",1966,10.377,175,16.8637
"6430-ruigten-en-zomen","H6430 - Ruigten en zomen",1967,9.126,156,17.0937
"6430-ruigten-en-zomen","H6430 - Ruigten en zomen",1968,8.612,147,17.0687
"6430-ruigten-en-zomen","H6430 - Ruigten en zomen",1969,8.144,139,17.0687
"6430-ruigten-en-zomen","H6430 - Ruigten en zomen",1970,10.764,184,17.0937
"6430-ruigten-en-zomen","H6430 - Ruigten en zomen",1971,10.712,183,17.0837
"6430-ruigten-en-zomen","H6430 - Ruigten en zomen",1972,11.979,205,17.1137
"6430-ruigten-en-zomen","H6430 - Ruigten en zomen",1973,28.108,483,17.1837
"6430-ruigten-en-zomen","H6430 - Ruigten en zomen",1974,32.047,580,18.0987
"6430-ruigten-en-zomen","H6430 - Ruigten en zomen",1975,29.936,540,18.0387
"6430-ruigten-en-zomen","H6430 - Ruigten en zomen",1976,28.693,516,17.9837
"6430-ruigten-en-zomen","H6430 - Ruigten en zomen",1977,25.475,458,17.9787
"6430-ruigten-en-zomen","H6430 - Ruigten en zomen",1978,31.379,564,17.9737
"6430-ruigten-en-zomen","H6430 - Ruigten en zomen",1979,31.324,563,17.9737
"6430-ruigten-en-zomen","H6430 - Ruigten en zomen",1980,28.89,521,18.0337
"6430-ruigten-en-zomen","H6430 - Ruigten en zomen",1981,31.829,574,18.0337
"6430-ruigten-en-zomen","H6430 - Ruigten en zomen",1982,33.336,599,17.9687
"6430-ruigten-en-zomen","H6430 - Ruigten en zomen",1983,35.158,636,18.0897
"6430-ruigten-en-zomen","H6430 - Ruigten en zomen",1984,14.424,256,17.74848285
"6430-ruigten-en-zomen","H6430 - Ruigten en zomen",1985,25.58,454,17.74848285
"6430-ruigten-en-zomen","H6430 - Ruigten en zomen",1986,27.157,482,17.74848285
"6430-ruigten-en-zomen","H6430 - Ruigten en zomen",1987,31.946,567,17.74848285
"6430-ruigten-en-zomen","H6430 - Ruigten en zomen",1988,29.411,522,17.74848285
"6430-ruigten-en-zomen","H6430 - Ruigten en zomen",1989,32.51,577,17.74848285
"6430-ruigten-en-zomen","H6430 - Ruigten en zomen",1990,32.059,569,17.74848285
"6430-ruigten-en-zomen","H6430 - Ruigten en zomen",1991,27.664,491,17.74848285
"6430-ruigten-en-zomen","H6430 - Ruigten en zomen",1992,30.876,548,17.74848285
"6430-ruigten-en-zomen","H6430 - Ruigten en zomen",1993,34.764,617,17.74848285
"6430-ruigten-en-zomen","H6430 - Ruigten en zomen",1994,33.13,588,17.74848285
"6430-ruigten-en-zomen","H6430 - Ruigten en zomen",1995,31.214,554,17.74848285
"6430-ruigten-en-zomen","H6430 - Ruigten en zomen",1996,32.51,577,17.74848285
"6430-ruigten-en-zomen","H6430 - Ruigten en zomen",1997,30.143,535,17.74848285
"6430-ruigten-en-zomen","H6430 - Ruigten en zomen",1998,33.242,590,17.74848285
"6430-ruigten-en-zomen","H6430 - Ruigten en zomen",1999,34.313,609,17.74848285
"6430-ruigten-en-zomen","H6430 - Ruigten en zomen",2000,33.918,602,17.74848285
"6430-ruigten-en-zomen","H6430 - Ruigten en zomen",2001,36.905,655,17.74848285
"6430-ruigten-en-zomen","H6430 - Ruigten en zomen",2002,32.848,583,17.74848285
"6430-ruigten-en-zomen","H6430 - Ruigten en zomen",2003,32.51,577,17.74848285
"6430-ruigten-en-zomen","H6430 - Ruigten en zomen",2004,36.285,644,17.74848285
"6430-ruigten-en-zomen","H6430 - Ruigten en zomen",2005,32.51,577,17.74848285
"6430-ruigten-en-zomen","H6430 - Ruigten en zomen",2006,28.622,508,17.74848285
"6430-ruigten-en-zomen","H6430 - Ruigten en zomen",2007,30.538,542,17.74848285
"6430-ruigten-en-zomen","H6430 - Ruigten en zomen",2008,22.086,392,17.74848285
"6430-ruigten-en-zomen","H6430 - Ruigten en zomen",2009,25.918,460,17.74848285
"6430-ruigten-en-zomen","H6430 - Ruigten en zomen",2010,28.171,500,17.74848285
"6430-ruigten-en-zomen","H6430 - Ruigten en zomen",2011,31.777,564,17.74848285
"6430-ruigten-en-zomen","H6430 - Ruigten en zomen",2012,29.974,532,17.74848285
"6430-ruigten-en-zomen","H6430 - Ruigten en zomen",2013,29.298,520,17.74848285
"6430-ruigten-en-zomen","H6430 - Ruigten en zomen",2014,32.284,573,17.74848285
"6430-ruigten-en-zomen","H6430 - Ruigten en zomen",2015,33.524,595,17.74848285
"6430-ruigten-en-zomen","H6430 - Ruigten en zomen",2016,33.299,591,17.74848285
"6430-ruigten-en-zomen","H6430 - Ruigten en zomen",2017,30.651,544,17.74848285
"6430-ruigten-en-zomen","H6430 - Ruigten en zomen",2018,27.101,481,17.74848285
"6430-ruigten-en-zomen","H6430 - Ruigten en zomen",2019,34.764,617,17.74848285
"6430-ruigten-en-zomen","H6430 - Ruigten en zomen",2020,36.116,641,17.74848285
"6430-ruigten-en-zomen","H6430 - Ruigten en zomen",2021,33.975,603,17.74848285
"6430-ruigten-en-zomen","H6430 - Ruigten en zomen",2022,35.609,632,17.74848285
"6430-ruigten-en-zomen","H6430 - Ruigten en zomen",2023,39.834,707,17.74848285
"6430-ruigten-en-zomen","H6430 - Ruigten en zomen",2024,40.172,713,17.74848285
"6430-ruigten-en-zomen","H6430 - Ruigten en zomen",2025,39.947,709,17.74848285
"700","Bosrandvogels",1958,18.032,297,16.4707
"700","Bosrandvogels",1959,43.714,720,16.4707
"700","Bosrandvogels",1960,46.269,763,16.4907
"700","Bosrandvogels",1961,45.414,748,16.4707
"700","Bosrandvogels",1962,40.435,666,16.4707
"700","Bosrandvogels",1963,39.535,648,16.3907
"700","Bosrandvogels",1964,43.775,721,16.4707
"700","Bosrandvogels",1965,45.163,758,16.7837
"700","Bosrandvogels",1966,48.922,825,16.8637
"700","Bosrandvogels",1967,48.497,829,17.0937
"700","Bosrandvogels",1968,47.397,809,17.0687
"700","Bosrandvogels",1969,41.831,714,17.0687
"700","Bosrandvogels",1970,45.104,771,17.0937
"700","Bosrandvogels",1971,45.833,783,17.0837
"700","Bosrandvogels",1972,52.531,899,17.1137
"700","Bosrandvogels",1973,120.172,2065,17.1837
"700","Bosrandvogels",1974,136.861,2477,18.0987
"700","Bosrandvogels",1975,130.719,2358,18.0387
"700","Bosrandvogels",1976,145.02,2608,17.9837
"700","Bosrandvogels",1977,126.038,2266,17.9787
"700","Bosrandvogels",1978,135.754,2440,17.9737
"700","Bosrandvogels",1979,137.812,2477,17.9737
"700","Bosrandvogels",1980,156.818,2828,18.0337
"700","Bosrandvogels",1981,173.619,3131,18.0337
"700","Bosrandvogels",1982,194.783,3500,17.9687
"700","Bosrandvogels",1983,208.406,3770,18.0897
"700","Bosrandvogels",1984,90.205,1601,17.74848285
"700","Bosrandvogels",1985,138.096,2451,17.74848285
"700","Bosrandvogels",1986,146.942,2608,17.74848285
"700","Bosrandvogels",1987,174.776,3102,17.74848285
"700","Bosrandvogels",1988,148.013,2627,17.74848285
"700","Bosrandvogels",1989,165.254,2933,17.74848285
"700","Bosrandvogels",1990,179.058,3178,17.74848285
"700","Bosrandvogels",1991,158.154,2807,17.74848285
"700","Bosrandvogels",1992,169.536,3009,17.74848285
"700","Bosrandvogels",1993,182.945,3247,17.74848285
"700","Bosrandvogels",1994,169.648,3011,17.74848285
"700","Bosrandvogels",1995,176.973,3141,17.74848285
"700","Bosrandvogels",1996,172.465,3061,17.74848285
"700","Bosrandvogels",1997,183.79,3262,17.74848285
"700","Bosrandvogels",1998,177.931,3158,17.74848285
"700","Bosrandvogels",1999,184.016,3266,17.74848285
"700","Bosrandvogels",2000,164.239,2915,17.74848285
"700","Bosrandvogels",2001,181.649,3224,17.74848285
"700","Bosrandvogels",2002,160.07,2841,17.74848285
"700","Bosrandvogels",2003,169.592,3010,17.74848285
"700","Bosrandvogels",2004,190.382,3379,17.74848285
"700","Bosrandvogels",2005,177.142,3144,17.74848285
"700","Bosrandvogels",2006,153.647,2727,17.74848285
"700","Bosrandvogels",2007,170.719,3030,17.74848285
"700","Bosrandvogels",2008,131.673,2337,17.74848285
"700","Bosrandvogels",2009,160.295,2845,17.74848285
"700","Bosrandvogels",2010,173.649,3082,17.74848285
"700","Bosrandvogels",2011,185.086,3285,17.74848285
"700","Bosrandvogels",2012,173.254,3075,17.74848285
"700","Bosrandvogels",2013,183.847,3263,17.74848285
"700","Bosrandvogels",2014,204.074,3622,17.74848285
"700","Bosrandvogels",2015,204.299,3626,17.74848285
"700","Bosrandvogels",2016,217.202,3855,17.74848285
"700","Bosrandvogels",2017,204.525,3630,17.74848285
"700","Bosrandvogels",2018,181.086,3214,17.74848285
"700","Bosrandvogels",2019,202.158,3588,17.74848285
"700","Bosrandvogels",2020,203.398,3610,17.74848285
"700","Bosrandvogels",2021,194.214,3447,17.74848285
"700","Bosrandvogels",2022,158.098,2806,17.74848285
"700","Bosrandvogels",2023,191.791,3404,17.74848285
"700","Bosrandvogels",2024,185.819,3298,17.74848285
"700","Bosrandvogels",2025,190.326,3378,17.74848285
"800","Bosvogels",1958,1.943,32,16.4707
"800","Bosvogels",1959,4.129,68,16.4707
"800","Bosvogels",1960,4.669,77,16.4907
"800","Bosvogels",1961,5.464,90,16.4707
"800","Bosvogels",1962,4.371,72,16.4707
"800","Bosvogels",1963,3.539,58,16.3907
"800","Bosvogels",1964,4.918,81,16.4707
"800","Bosvogels",1965,5.124,86,16.7837
"800","Bosvogels",1966,5.633,95,16.8637
"800","Bosvogels",1967,6.084,104,17.0937
"800","Bosvogels",1968,5.742,98,17.0687
"800","Bosvogels",1969,5.39,92,17.0687
"800","Bosvogels",1970,5.558,95,17.0937
"800","Bosvogels",1971,6.907,118,17.0837
"800","Bosvogels",1972,7.83,134,17.1137
"800","Bosvogels",1973,33.695,579,17.1837
"800","Bosvogels",1974,37.461,678,18.0987
"800","Bosvogels",1975,40.08,723,18.0387
"800","Bosvogels",1976,37.812,680,17.9837
"800","Bosvogels",1977,45.999,827,17.9787
"800","Bosvogels",1978,51.965,934,17.9737
"800","Bosvogels",1979,53.69,965,17.9737
"800","Bosvogels",1980,58.502,1055,18.0337
"800","Bosvogels",1981,61.33,1106,18.0337
"800","Bosvogels",1982,64.39,1157,17.9687
"800","Bosvogels",1983,78.111,1413,18.0897
"800","Bosvogels",1984,45.074,800,17.74848285
"800","Bosvogels",1985,57.244,1016,17.74848285
"800","Bosvogels",1986,62.766,1114,17.74848285
"800","Bosvogels",1987,72.964,1295,17.74848285
"800","Bosvogels",1988,59.498,1056,17.74848285
"800","Bosvogels",1989,63.386,1125,17.74848285
"800","Bosvogels",1990,93.191,1654,17.74848285
"800","Bosvogels",1991,95.896,1702,17.74848285
"800","Bosvogels",1992,106.601,1892,17.74848285
"800","Bosvogels",1993,103.953,1845,17.74848285
"800","Bosvogels",1994,94.093,1670,17.74848285
"800","Bosvogels",1995,100.009,1775,17.74848285
"800","Bosvogels",1996,99.67,1769,17.74848285
"800","Bosvogels",1997,104.91,1862,17.74848285
"800","Bosvogels",1998,108.009,1917,17.74848285
"800","Bosvogels",1999,108.066,1918,17.74848285
"800","Bosvogels",2000,95.726,1699,17.74848285
"800","Bosvogels",2001,102.544,1820,17.74848285
"800","Bosvogels",2002,100.009,1775,17.74848285
"800","Bosvogels",2003,101.642,1804,17.74848285
"800","Bosvogels",2004,109.981,1952,17.74848285
"800","Bosvogels",2005,78.655,1396,17.74848285
"800","Bosvogels",2006,79.331,1408,17.74848285
"800","Bosvogels",2007,87.5,1553,17.74848285
"800","Bosvogels",2008,68.231,1211,17.74848285
"800","Bosvogels",2009,70.485,1251,17.74848285
"800","Bosvogels",2010,100.009,1775,17.74848285
"800","Bosvogels",2011,96.403,1711,17.74848285
"800","Bosvogels",2012,103.389,1835,17.74848285
"800","Bosvogels",2013,101.699,1805,17.74848285
"800","Bosvogels",2014,111.953,1987,17.74848285
"800","Bosvogels",2015,116.517,2068,17.74848285
"800","Bosvogels",2016,138.491,2458,17.74848285
"800","Bosvogels",2017,138.885,2465,17.74848285
"800","Bosvogels",2018,119.898,2128,17.74848285
"800","Bosvogels",2019,113.756,2019,17.74848285
"800","Bosvogels",2020,112.46,1996,17.74848285
"800","Bosvogels",2021,118.038,2095,17.74848285
"800","Bosvogels",2022,117.7,2089,17.74848285
"800","Bosvogels",2023,139.28,2472,17.74848285
"800","Bosvogels",2024,138.885,2465,17.74848285
"800","Bosvogels",2025,133.138,2363,17.74848285
"900","Vogels van bebouwing/overige",1958,0.061,1,16.4707
"900","Vogels van bebouwing/overige",1959,0.304,5,16.4707
"900","Vogels van bebouwing/overige",1960,0.303,5,16.4907
"900","Vogels van bebouwing/overige",1961,0.304,5,16.4707
"900","Vogels van bebouwing/overige",1962,0.121,2,16.4707
"900","Vogels van bebouwing/overige",1963,0.122,2,16.3907
"900","Vogels van bebouwing/overige",1964,0.182,3,16.4707
"900","Vogels van bebouwing/overige",1965,0.119,2,16.7837
"900","Vogels van bebouwing/overige",1966,0.237,4,16.8637
"900","Vogels van bebouwing/overige",1967,0.702,12,17.0937
"900","Vogels van bebouwing/overige",1968,0.469,8,17.0687
"900","Vogels van bebouwing/overige",1969,0.293,5,17.0687
"900","Vogels van bebouwing/overige",1970,0.468,8,17.0937
"900","Vogels van bebouwing/overige",1971,0.585,10,17.0837
"900","Vogels van bebouwing/overige",1972,0.935,16,17.1137
"900","Vogels van bebouwing/overige",1973,7.216,124,17.1837
"900","Vogels van bebouwing/overige",1974,9.78,177,18.0987
"900","Vogels van bebouwing/overige",1975,7.983,144,18.0387
"900","Vogels van bebouwing/overige",1976,9.731,175,17.9837
"900","Vogels van bebouwing/overige",1977,10.957,197,17.9787
"900","Vogels van bebouwing/overige",1978,13.408,241,17.9737
"900","Vogels van bebouwing/overige",1979,11.851,213,17.9737
"900","Vogels van bebouwing/overige",1980,10.702,193,18.0337
"900","Vogels van bebouwing/overige",1981,11.589,209,18.0337
"900","Vogels van bebouwing/overige",1982,13.969,251,17.9687
"900","Vogels van bebouwing/overige",1983,15.036,272,18.0897
"900","Vogels van bebouwing/overige",1984,7.663,136,17.74848285
"900","Vogels van bebouwing/overige",1985,12.564,223,17.74848285
"900","Vogels van bebouwing/overige",1986,12.452,221,17.74848285
"900","Vogels van bebouwing/overige",1987,13.917,247,17.74848285
"900","Vogels van bebouwing/overige",1988,12.79,227,17.74848285
"900","Vogels van bebouwing/overige",1989,12.846,228,17.74848285
"900","Vogels van bebouwing/overige",1990,19.776,351,17.74848285
"900","Vogels van bebouwing/overige",1991,16.959,301,17.74848285
"900","Vogels van bebouwing/overige",1992,17.804,316,17.74848285
"900","Vogels van bebouwing/overige",1993,16.565,294,17.74848285
"900","Vogels van bebouwing/overige",1994,14.142,251,17.74848285
"900","Vogels van bebouwing/overige",1995,14.142,251,17.74848285
"900","Vogels van bebouwing/overige",1996,14.198,252,17.74848285
"900","Vogels van bebouwing/overige",1997,14.255,253,17.74848285
"900","Vogels van bebouwing/overige",1998,14.987,266,17.74848285
"900","Vogels van bebouwing/overige",1999,14.931,265,17.74848285
"900","Vogels van bebouwing/overige",2000,12.057,214,17.74848285
"900","Vogels van bebouwing/overige",2001,11.719,208,17.74848285
"900","Vogels van bebouwing/overige",2002,9.804,174,17.74848285
"900","Vogels van bebouwing/overige",2003,9.015,160,17.74848285
"900","Vogels van bebouwing/overige",2004,10.48,186,17.74848285
"900","Vogels van bebouwing/overige",2005,4.733,84,17.74848285
"900","Vogels van bebouwing/overige",2006,5.296,94,17.74848285
"900","Vogels van bebouwing/overige",2007,4.845,86,17.74848285
"900","Vogels van bebouwing/overige",2008,3.043,54,17.74848285
"900","Vogels van bebouwing/overige",2009,3.662,65,17.74848285
"900","Vogels van bebouwing/overige",2010,5.409,96,17.74848285
"900","Vogels van bebouwing/overige",2011,5.916,105,17.74848285
"900","Vogels van bebouwing/overige",2012,3.437,61,17.74848285
"900","Vogels van bebouwing/overige",2013,4.958,88,17.74848285
"900","Vogels van bebouwing/overige",2014,2.704,48,17.74848285
"900","Vogels van bebouwing/overige",2015,4.169,74,17.74848285
"900","Vogels van bebouwing/overige",2016,5.803,103,17.74848285
"900","Vogels van bebouwing/overige",2017,3.888,69,17.74848285
"900","Vogels van bebouwing/overige",2018,4.507,80,17.74848285
"900","Vogels van bebouwing/overige",2019,3.944,70,17.74848285
"900","Vogels van bebouwing/overige",2020,4.845,86,17.74848285
"900","Vogels van bebouwing/overige",2021,5.184,92,17.74848285
"900","Vogels van bebouwing/overige",2022,4.902,87,17.74848285
"900","Vogels van bebouwing/overige",2023,5.071,90,17.74848285
"900","Vogels van bebouwing/overige",2024,3.888,69,17.74848285
"900","Vogels van bebouwing/overige",2025,4.113,73,17.74848285
"functioneel-bodem-insect-binair","Bodemfoeragerende insecteneters — binair",1958,22.525,371,16.4707
"functioneel-bodem-insect-binair","Bodemfoeragerende insecteneters — binair",1959,43.289,713,16.4707
"functioneel-bodem-insect-binair","Bodemfoeragerende insecteneters — binair",1960,45.905,757,16.4907
"functioneel-bodem-insect-binair","Bodemfoeragerende insecteneters — binair",1961,51.182,843,16.4707
"functioneel-bodem-insect-binair","Bodemfoeragerende insecteneters — binair",1962,49.3,812,16.4707
"functioneel-bodem-insect-binair","Bodemfoeragerende insecteneters — binair",1963,48.564,796,16.3907
"functioneel-bodem-insect-binair","Bodemfoeragerende insecteneters — binair",1964,58.407,962,16.4707
"functioneel-bodem-insect-binair","Bodemfoeragerende insecteneters — binair",1965,60.714,1019,16.7837
"functioneel-bodem-insect-binair","Bodemfoeragerende insecteneters — binair",1966,68.905,1162,16.8637
"functioneel-bodem-insect-binair","Bodemfoeragerende insecteneters — binair",1967,71.839,1228,17.0937
"functioneel-bodem-insect-binair","Bodemfoeragerende insecteneters — binair",1968,70.304,1200,17.0687
"functioneel-bodem-insect-binair","Bodemfoeragerende insecteneters — binair",1969,65.617,1120,17.0687
"functioneel-bodem-insect-binair","Bodemfoeragerende insecteneters — binair",1970,71.664,1225,17.0937
"functioneel-bodem-insect-binair","Bodemfoeragerende insecteneters — binair",1971,74.223,1268,17.0837
"functioneel-bodem-insect-binair","Bodemfoeragerende insecteneters — binair",1972,82.507,1412,17.1137
"functioneel-bodem-insect-binair","Bodemfoeragerende insecteneters — binair",1973,185.525,3188,17.1837
"functioneel-bodem-insect-binair","Bodemfoeragerende insecteneters — binair",1974,203.772,3688,18.0987
"functioneel-bodem-insect-binair","Bodemfoeragerende insecteneters — binair",1975,201.4,3633,18.0387
"functioneel-bodem-insect-binair","Bodemfoeragerende insecteneters — binair",1976,212.804,3827,17.9837
"functioneel-bodem-insect-binair","Bodemfoeragerende insecteneters — binair",1977,180.213,3240,17.9787
"functioneel-bodem-insect-binair","Bodemfoeragerende insecteneters — binair",1978,207.748,3734,17.9737
"functioneel-bodem-insect-binair","Bodemfoeragerende insecteneters — binair",1979,212.477,3819,17.9737
"functioneel-bodem-insect-binair","Bodemfoeragerende insecteneters — binair",1980,247.037,4455,18.0337
"functioneel-bodem-insect-binair","Bodemfoeragerende insecteneters — binair",1981,291.732,5261,18.0337
"functioneel-bodem-insect-binair","Bodemfoeragerende insecteneters — binair",1982,349.942,6288,17.9687
"functioneel-bodem-insect-binair","Bodemfoeragerende insecteneters — binair",1983,377.895,6836,18.0897
"functioneel-bodem-insect-binair","Bodemfoeragerende insecteneters — binair",1984,195.622,3472,17.74848285
"functioneel-bodem-insect-binair","Bodemfoeragerende insecteneters — binair",1985,179.227,3181,17.74848285
"functioneel-bodem-insect-binair","Bodemfoeragerende insecteneters — binair",1986,192.242,3412,17.74848285
"functioneel-bodem-insect-binair","Bodemfoeragerende insecteneters — binair",1987,219.23,3891,17.74848285
"functioneel-bodem-insect-binair","Bodemfoeragerende insecteneters — binair",1988,189.988,3372,17.74848285
"functioneel-bodem-insect-binair","Bodemfoeragerende insecteneters — binair",1989,205.989,3656,17.74848285
"functioneel-bodem-insect-binair","Bodemfoeragerende insecteneters — binair",1990,236.471,4197,17.74848285
"functioneel-bodem-insect-binair","Bodemfoeragerende insecteneters — binair",1991,202.834,3600,17.74848285
"functioneel-bodem-insect-binair","Bodemfoeragerende insecteneters — binair",1992,224.752,3989,17.74848285
"functioneel-bodem-insect-binair","Bodemfoeragerende insecteneters — binair",1993,234.612,4164,17.74848285
"functioneel-bodem-insect-binair","Bodemfoeragerende insecteneters — binair",1994,225.033,3994,17.74848285
"functioneel-bodem-insect-binair","Bodemfoeragerende insecteneters — binair",1995,231.4,4107,17.74848285
"functioneel-bodem-insect-binair","Bodemfoeragerende insecteneters — binair",1996,212.243,3767,17.74848285
"functioneel-bodem-insect-binair","Bodemfoeragerende insecteneters — binair",1997,218.61,3880,17.74848285
"functioneel-bodem-insect-binair","Bodemfoeragerende insecteneters — binair",1998,223.174,3961,17.74848285
"functioneel-bodem-insect-binair","Bodemfoeragerende insecteneters — binair",1999,230.555,4092,17.74848285
"functioneel-bodem-insect-binair","Bodemfoeragerende insecteneters — binair",2000,221.653,3934,17.74848285
"functioneel-bodem-insect-binair","Bodemfoeragerende insecteneters — binair",2001,247.232,4388,17.74848285
"functioneel-bodem-insect-binair","Bodemfoeragerende insecteneters — binair",2002,226.498,4020,17.74848285
"functioneel-bodem-insect-binair","Bodemfoeragerende insecteneters — binair",2003,230.048,4083,17.74848285
"functioneel-bodem-insect-binair","Bodemfoeragerende insecteneters — binair",2004,249.768,4433,17.74848285
"functioneel-bodem-insect-binair","Bodemfoeragerende insecteneters — binair",2005,208.243,3696,17.74848285
"functioneel-bodem-insect-binair","Bodemfoeragerende insecteneters — binair",2006,185.312,3289,17.74848285
"functioneel-bodem-insect-binair","Bodemfoeragerende insecteneters — binair",2007,207.116,3676,17.74848285
"functioneel-bodem-insect-binair","Bodemfoeragerende insecteneters — binair",2008,159.901,2838,17.74848285
"functioneel-bodem-insect-binair","Bodemfoeragerende insecteneters — binair",2009,178.325,3165,17.74848285
"functioneel-bodem-insect-binair","Bodemfoeragerende insecteneters — binair",2010,211.624,3756,17.74848285
"functioneel-bodem-insect-binair","Bodemfoeragerende insecteneters — binair",2011,222.667,3952,17.74848285
"functioneel-bodem-insect-binair","Bodemfoeragerende insecteneters — binair",2012,215.23,3820,17.74848285
"functioneel-bodem-insect-binair","Bodemfoeragerende insecteneters — binair",2013,213.483,3789,17.74848285
"functioneel-bodem-insect-binair","Bodemfoeragerende insecteneters — binair",2014,240.922,4276,17.74848285
"functioneel-bodem-insect-binair","Bodemfoeragerende insecteneters — binair",2015,249.768,4433,17.74848285
"functioneel-bodem-insect-binair","Bodemfoeragerende insecteneters — binair",2016,270.502,4801,17.74848285
"functioneel-bodem-insect-binair","Bodemfoeragerende insecteneters — binair",2017,271.742,4823,17.74848285
"functioneel-bodem-insect-binair","Bodemfoeragerende insecteneters — binair",2018,224.639,3987,17.74848285
"functioneel-bodem-insect-binair","Bodemfoeragerende insecteneters — binair",2019,234.95,4170,17.74848285
"functioneel-bodem-insect-binair","Bodemfoeragerende insecteneters — binair",2020,239.344,4248,17.74848285
"functioneel-bodem-insect-binair","Bodemfoeragerende insecteneters — binair",2021,239.175,4245,17.74848285
"functioneel-bodem-insect-binair","Bodemfoeragerende insecteneters — binair",2022,231.513,4109,17.74848285
"functioneel-bodem-insect-binair","Bodemfoeragerende insecteneters — binair",2023,266.84,4736,17.74848285
"functioneel-bodem-insect-binair","Bodemfoeragerende insecteneters — binair",2024,267.347,4745,17.74848285
"functioneel-bodem-insect-binair","Bodemfoeragerende insecteneters — binair",2025,263.459,4676,17.74848285
"functioneel-bodem-insect-gewogen","Bodemfoeragerende insecteneters — gewogen",1958,18.761,309,16.4707
"functioneel-bodem-insect-gewogen","Bodemfoeragerende insecteneters — gewogen",1959,35.943,592,16.4707
"functioneel-bodem-insect-gewogen","Bodemfoeragerende insecteneters — gewogen",1960,37.93,625.5,16.4907
"functioneel-bodem-insect-gewogen","Bodemfoeragerende insecteneters — gewogen",1961,41.346,681,16.4707
"functioneel-bodem-insect-gewogen","Bodemfoeragerende insecteneters — gewogen",1962,38.341,631.5,16.4707
"functioneel-bodem-insect-gewogen","Bodemfoeragerende insecteneters — gewogen",1963,37.857,620.5,16.3907
"functioneel-bodem-insect-gewogen","Bodemfoeragerende insecteneters — gewogen",1964,43.835,722,16.4707
"functioneel-bodem-insect-gewogen","Bodemfoeragerende insecteneters — gewogen",1965,45.401,762,16.7837
"functioneel-bodem-insect-gewogen","Bodemfoeragerende insecteneters — gewogen",1966,51.323,865.5,16.8637
"functioneel-bodem-insect-gewogen","Bodemfoeragerende insecteneters — gewogen",1967,52.212,892.5,17.0937
"functioneel-bodem-insect-gewogen","Bodemfoeragerende insecteneters — gewogen",1968,52.494,896,17.0687
"functioneel-bodem-insect-gewogen","Bodemfoeragerende insecteneters — gewogen",1969,49.008,836.5,17.0687
"functioneel-bodem-insect-gewogen","Bodemfoeragerende insecteneters — gewogen",1970,52.563,898.5,17.0937
"functioneel-bodem-insect-gewogen","Bodemfoeragerende insecteneters — gewogen",1971,54.292,927.5,17.0837
"functioneel-bodem-insect-gewogen","Bodemfoeragerende insecteneters — gewogen",1972,59.981,1026.5,17.1137
"functioneel-bodem-insect-gewogen","Bodemfoeragerende insecteneters — gewogen",1973,137.019,2354.5,17.1837
"functioneel-bodem-insect-gewogen","Bodemfoeragerende insecteneters — gewogen",1974,153.326,2775,18.0987
"functioneel-bodem-insect-gewogen","Bodemfoeragerende insecteneters — gewogen",1975,149.65,2699.5,18.0387
"functioneel-bodem-insect-gewogen","Bodemfoeragerende insecteneters — gewogen",1976,163.12,2933.5,17.9837
"functioneel-bodem-insect-gewogen","Bodemfoeragerende insecteneters — gewogen",1977,138.247,2485.5,17.9787
"functioneel-bodem-insect-gewogen","Bodemfoeragerende insecteneters — gewogen",1978,161.514,2903,17.9737
"functioneel-bodem-insect-gewogen","Bodemfoeragerende insecteneters — gewogen",1979,164.546,2957.5,17.9737
"functioneel-bodem-insect-gewogen","Bodemfoeragerende insecteneters — gewogen",1980,201.567,3635,18.0337
"functioneel-bodem-insect-gewogen","Bodemfoeragerende insecteneters — gewogen",1981,242.324,4370,18.0337
"functioneel-bodem-insect-gewogen","Bodemfoeragerende insecteneters — gewogen",1982,299.688,5385,17.9687
"functioneel-bodem-insect-gewogen","Bodemfoeragerende insecteneters — gewogen",1983,320.984,5806.5,18.0897
"functioneel-bodem-insect-gewogen","Bodemfoeragerende insecteneters — gewogen",1984,168.972,2999,17.74848285
"functioneel-bodem-insect-gewogen","Bodemfoeragerende insecteneters — gewogen",1985,141.984,2520,17.74848285
"functioneel-bodem-insect-gewogen","Bodemfoeragerende insecteneters — gewogen",1986,149.844,2659.5,17.74848285
"functioneel-bodem-insect-gewogen","Bodemfoeragerende insecteneters — gewogen",1987,172.184,3056,17.74848285
"functioneel-bodem-insect-gewogen","Bodemfoeragerende insecteneters — gewogen",1988,149.449,2652.5,17.74848285
"functioneel-bodem-insect-gewogen","Bodemfoeragerende insecteneters — gewogen",1989,161.591,2868,17.74848285
"functioneel-bodem-insect-gewogen","Bodemfoeragerende insecteneters — gewogen",1990,181.565,3222.5,17.74848285
"functioneel-bodem-insect-gewogen","Bodemfoeragerende insecteneters — gewogen",1991,155.816,2765.5,17.74848285
"functioneel-bodem-insect-gewogen","Bodemfoeragerende insecteneters — gewogen",1992,171.282,3040,17.74848285
"functioneel-bodem-insect-gewogen","Bodemfoeragerende insecteneters — gewogen",1993,179.593,3187.5,17.74848285
"functioneel-bodem-insect-gewogen","Bodemfoeragerende insecteneters — gewogen",1994,172.606,3063.5,17.74848285
"functioneel-bodem-insect-gewogen","Bodemfoeragerende insecteneters — gewogen",1995,178.41,3166.5,17.74848285
"functioneel-bodem-insect-gewogen","Bodemfoeragerende insecteneters — gewogen",1996,163.169,2896,17.74848285
"functioneel-bodem-insect-gewogen","Bodemfoeragerende insecteneters — gewogen",1997,169.282,3004.5,17.74848285
"functioneel-bodem-insect-gewogen","Bodemfoeragerende insecteneters — gewogen",1998,173.423,3078,17.74848285
"functioneel-bodem-insect-gewogen","Bodemfoeragerende insecteneters — gewogen",1999,175.48,3114.5,17.74848285
"functioneel-bodem-insect-gewogen","Bodemfoeragerende insecteneters — gewogen",2000,167.789,2978,17.74848285
"functioneel-bodem-insect-gewogen","Bodemfoeragerende insecteneters — gewogen",2001,186.551,3311,17.74848285
"functioneel-bodem-insect-gewogen","Bodemfoeragerende insecteneters — gewogen",2002,170.522,3026.5,17.74848285
"functioneel-bodem-insect-gewogen","Bodemfoeragerende insecteneters — gewogen",2003,176.1,3125.5,17.74848285
"functioneel-bodem-insect-gewogen","Bodemfoeragerende insecteneters — gewogen",2004,191.34,3396,17.74848285
"functioneel-bodem-insect-gewogen","Bodemfoeragerende insecteneters — gewogen",2005,158.943,2821,17.74848285
"functioneel-bodem-insect-gewogen","Bodemfoeragerende insecteneters — gewogen",2006,139.251,2471.5,17.74848285
"functioneel-bodem-insect-gewogen","Bodemfoeragerende insecteneters — gewogen",2007,157.309,2792,17.74848285
"functioneel-bodem-insect-gewogen","Bodemfoeragerende insecteneters — gewogen",2008,121.56,2157.5,17.74848285
"functioneel-bodem-insect-gewogen","Bodemfoeragerende insecteneters — gewogen",2009,135.899,2412,17.74848285
"functioneel-bodem-insect-gewogen","Bodemfoeragerende insecteneters — gewogen",2010,158.042,2805,17.74848285
"functioneel-bodem-insect-gewogen","Bodemfoeragerende insecteneters — gewogen",2011,168.212,2985.5,17.74848285
"functioneel-bodem-insect-gewogen","Bodemfoeragerende insecteneters — gewogen",2012,160.493,2848.5,17.74848285
"functioneel-bodem-insect-gewogen","Bodemfoeragerende insecteneters — gewogen",2013,158.859,2819.5,17.74848285
"functioneel-bodem-insect-gewogen","Bodemfoeragerende insecteneters — gewogen",2014,176.607,3134.5,17.74848285
"functioneel-bodem-insect-gewogen","Bodemfoeragerende insecteneters — gewogen",2015,181.959,3229.5,17.74848285
"functioneel-bodem-insect-gewogen","Bodemfoeragerende insecteneters — gewogen",2016,194.495,3452,17.74848285
"functioneel-bodem-insect-gewogen","Bodemfoeragerende insecteneters — gewogen",2017,196.327,3484.5,17.74848285
"functioneel-bodem-insect-gewogen","Bodemfoeragerende insecteneters — gewogen",2018,157.591,2797,17.74848285
"functioneel-bodem-insect-gewogen","Bodemfoeragerende insecteneters — gewogen",2019,169.93,3016,17.74848285
"functioneel-bodem-insect-gewogen","Bodemfoeragerende insecteneters — gewogen",2020,172.437,3060.5,17.74848285
"functioneel-bodem-insect-gewogen","Bodemfoeragerende insecteneters — gewogen",2021,171.818,3049.5,17.74848285
"functioneel-bodem-insect-gewogen","Bodemfoeragerende insecteneters — gewogen",2022,167.479,2972.5,17.74848285
"functioneel-bodem-insect-gewogen","Bodemfoeragerende insecteneters — gewogen",2023,195.707,3473.5,17.74848285
"functioneel-bodem-insect-gewogen","Bodemfoeragerende insecteneters — gewogen",2024,198.073,3515.5,17.74848285
"functioneel-bodem-insect-gewogen","Bodemfoeragerende insecteneters — gewogen",2025,198.101,3516,17.74848285
"functioneel-grondbroed-binair","Grondbroeders — binair",1958,34.971,576,16.4707
"functioneel-grondbroed-binair","Grondbroeders — binair",1959,63.385,1044,16.4707
"functioneel-grondbroed-binair","Grondbroeders — binair",1960,66.219,1092,16.4907
"functioneel-grondbroed-binair","Grondbroeders — binair",1961,69.092,1138,16.4707
"functioneel-grondbroed-binair","Grondbroeders — binair",1962,66.725,1099,16.4707
"functioneel-grondbroed-binair","Grondbroeders — binair",1963,59.546,976,16.3907
"functioneel-grondbroed-binair","Grondbroeders — binair",1964,77.653,1279,16.4707
"functioneel-grondbroed-binair","Grondbroeders — binair",1965,84.785,1423,16.7837
"functioneel-grondbroed-binair","Grondbroeders — binair",1966,90.372,1524,16.8637
"functioneel-grondbroed-binair","Grondbroeders — binair",1967,91.379,1562,17.0937
"functioneel-grondbroed-binair","Grondbroeders — binair",1968,87.47,1493,17.0687
"functioneel-grondbroed-binair","Grondbroeders — binair",1969,79.209,1352,17.0687
"functioneel-grondbroed-binair","Grondbroeders — binair",1970,89.858,1536,17.0937
"functioneel-grondbroed-binair","Grondbroeders — binair",1971,92.31,1577,17.0837
"functioneel-grondbroed-binair","Grondbroeders — binair",1972,100.972,1728,17.1137
"functioneel-grondbroed-binair","Grondbroeders — binair",1973,248.84,4276,17.1837
"functioneel-grondbroed-binair","Grondbroeders — binair",1974,259.687,4700,18.0987
"functioneel-grondbroed-binair","Grondbroeders — binair",1975,282.448,5095,18.0387
"functioneel-grondbroed-binair","Grondbroeders — binair",1976,325.017,5845,17.9837
"functioneel-grondbroed-binair","Grondbroeders — binair",1977,330.78,5947,17.9787
"functioneel-grondbroed-binair","Grondbroeders — binair",1978,370.041,6651,17.9737
"functioneel-grondbroed-binair","Grondbroeders — binair",1979,412.046,7406,17.9737
"functioneel-grondbroed-binair","Grondbroeders — binair",1980,468.844,8455,18.0337
"functioneel-grondbroed-binair","Grondbroeders — binair",1981,539.878,9736,18.0337
"functioneel-grondbroed-binair","Grondbroeders — binair",1982,633.324,11380,17.9687
"functioneel-grondbroed-binair","Grondbroeders — binair",1983,698.464,12635,18.0897
"functioneel-grondbroed-binair","Grondbroeders — binair",1984,567.992,10081,17.74848285
"functioneel-grondbroed-binair","Grondbroeders — binair",1985,547.314,9714,17.74848285
"functioneel-grondbroed-binair","Grondbroeders — binair",1986,533.454,9468,17.74848285
"functioneel-grondbroed-binair","Grondbroeders — binair",1987,530.017,9407,17.74848285
"functioneel-grondbroed-binair","Grondbroeders — binair",1988,402.908,7151,17.74848285
"functioneel-grondbroed-binair","Grondbroeders — binair",1989,316.759,5622,17.74848285
"functioneel-grondbroed-binair","Grondbroeders — binair",1990,282.728,5018,17.74848285
"functioneel-grondbroed-binair","Grondbroeders — binair",1991,186.213,3305,17.74848285
"functioneel-grondbroed-binair","Grondbroeders — binair",1992,196.186,3482,17.74848285
"functioneel-grondbroed-binair","Grondbroeders — binair",1993,209.314,3715,17.74848285
"functioneel-grondbroed-binair","Grondbroeders — binair",1994,201.313,3573,17.74848285
"functioneel-grondbroed-binair","Grondbroeders — binair",1995,207.398,3681,17.74848285
"functioneel-grondbroed-binair","Grondbroeders — binair",1996,192.693,3420,17.74848285
"functioneel-grondbroed-binair","Grondbroeders — binair",1997,192.354,3414,17.74848285
"functioneel-grondbroed-binair","Grondbroeders — binair",1998,201.144,3570,17.74848285
"functioneel-grondbroed-binair","Grondbroeders — binair",1999,210.384,3734,17.74848285
"functioneel-grondbroed-binair","Grondbroeders — binair",2000,186.607,3312,17.74848285
"functioneel-grondbroed-binair","Grondbroeders — binair",2001,209.821,3724,17.74848285
"functioneel-grondbroed-binair","Grondbroeders — binair",2002,189.819,3369,17.74848285
"functioneel-grondbroed-binair","Grondbroeders — binair",2003,210.722,3740,17.74848285
"functioneel-grondbroed-binair","Grondbroeders — binair",2004,226.667,4023,17.74848285
"functioneel-grondbroed-binair","Grondbroeders — binair",2005,195.115,3463,17.74848285
"functioneel-grondbroed-binair","Grondbroeders — binair",2006,177.649,3153,17.74848285
"functioneel-grondbroed-binair","Grondbroeders — binair",2007,199.51,3541,17.74848285
"functioneel-grondbroed-binair","Grondbroeders — binair",2008,155.281,2756,17.74848285
"functioneel-grondbroed-binair","Grondbroeders — binair",2009,194.214,3447,17.74848285
"functioneel-grondbroed-binair","Grondbroeders — binair",2010,198.609,3525,17.74848285
"functioneel-grondbroed-binair","Grondbroeders — binair",2011,203.341,3609,17.74848285
"functioneel-grondbroed-binair","Grondbroeders — binair",2012,192.016,3408,17.74848285
"functioneel-grondbroed-binair","Grondbroeders — binair",2013,202.383,3592,17.74848285
"functioneel-grondbroed-binair","Grondbroeders — binair",2014,227.963,4046,17.74848285
"functioneel-grondbroed-binair","Grondbroeders — binair",2015,233.541,4145,17.74848285
"functioneel-grondbroed-binair","Grondbroeders — binair",2016,249.43,4427,17.74848285
"functioneel-grondbroed-binair","Grondbroeders — binair",2017,239.344,4248,17.74848285
"functioneel-grondbroed-binair","Grondbroeders — binair",2018,209.821,3724,17.74848285
"functioneel-grondbroed-binair","Grondbroeders — binair",2019,224.019,3976,17.74848285
"functioneel-grondbroed-binair","Grondbroeders — binair",2020,225.766,4007,17.74848285
"functioneel-grondbroed-binair","Grondbroeders — binair",2021,212.751,3776,17.74848285
"functioneel-grondbroed-binair","Grondbroeders — binair",2022,182.833,3245,17.74848285
"functioneel-grondbroed-binair","Grondbroeders — binair",2023,224.075,3977,17.74848285
"functioneel-grondbroed-binair","Grondbroeders — binair",2024,224.188,3979,17.74848285
"functioneel-grondbroed-binair","Grondbroeders — binair",2025,230.499,4091,17.74848285
"functioneel-grondbroed-gewogen","Grondbroeders — gewogen",1958,32.543,536,16.4707
"functioneel-grondbroed-gewogen","Grondbroeders — gewogen",1959,59.56,981,16.4707
"functioneel-grondbroed-gewogen","Grondbroeders — gewogen",1960,62.096,1024,16.4907
"functioneel-grondbroed-gewogen","Grondbroeders — gewogen",1961,64.448,1061.5,16.4707
"functioneel-grondbroed-gewogen","Grondbroeders — gewogen",1962,62.505,1029.5,16.4707
"functioneel-grondbroed-gewogen","Grondbroeders — gewogen",1963,56.16,920.5,16.3907
"functioneel-grondbroed-gewogen","Grondbroeders — gewogen",1964,74.283,1223.5,16.4707
"functioneel-grondbroed-gewogen","Grondbroeders — gewogen",1965,81.24,1363.5,16.7837
"functioneel-grondbroed-gewogen","Grondbroeders — gewogen",1966,86.488,1458.5,16.8637
"functioneel-grondbroed-gewogen","Grondbroeders — gewogen",1967,87.284,1492,17.0937
"functioneel-grondbroed-gewogen","Grondbroeders — gewogen",1968,82.637,1410.5,17.0687
"functioneel-grondbroed-gewogen","Grondbroeders — gewogen",1969,74.932,1279,17.0687
"functioneel-grondbroed-gewogen","Grondbroeders — gewogen",1970,85.88,1468,17.0937
"functioneel-grondbroed-gewogen","Grondbroeders — gewogen",1971,88.183,1506.5,17.0837
"functioneel-grondbroed-gewogen","Grondbroeders — gewogen",1972,96.443,1650.5,17.1137
"functioneel-grondbroed-gewogen","Grondbroeders — gewogen",1973,234.437,4028.5,17.1837
"functioneel-grondbroed-gewogen","Grondbroeders — gewogen",1974,243.913,4414.5,18.0987
"functioneel-grondbroed-gewogen","Grondbroeders — gewogen",1975,266.788,4812.5,18.0387
"functioneel-grondbroed-gewogen","Grondbroeders — gewogen",1976,310.364,5581.5,17.9837
"functioneel-grondbroed-gewogen","Grondbroeders — gewogen",1977,319.517,5744.5,17.9787
"functioneel-grondbroed-gewogen","Grondbroeders — gewogen",1978,354.935,6379.5,17.9737
"functioneel-grondbroed-gewogen","Grondbroeders — gewogen",1979,399.278,7176.5,17.9737
"functioneel-grondbroed-gewogen","Grondbroeders — gewogen",1980,454.261,8192,18.0337
"functioneel-grondbroed-gewogen","Grondbroeders — gewogen",1981,524.795,9464,18.0337
"functioneel-grondbroed-gewogen","Grondbroeders — gewogen",1982,617.017,11087,17.9687
"functioneel-grondbroed-gewogen","Grondbroeders — gewogen",1983,680.608,12312,18.0897
"functioneel-grondbroed-gewogen","Grondbroeders — gewogen",1984,557.963,9903,17.74848285
"functioneel-grondbroed-gewogen","Grondbroeders — gewogen",1985,537.285,9536,17.74848285
"functioneel-grondbroed-gewogen","Grondbroeders — gewogen",1986,521.002,9247,17.74848285
"functioneel-grondbroed-gewogen","Grondbroeders — gewogen",1987,516.354,9164.5,17.74848285
"functioneel-grondbroed-gewogen","Grondbroeders — gewogen",1988,391.414,6947,17.74848285
"functioneel-grondbroed-gewogen","Grondbroeders — gewogen",1989,302.702,5372.5,17.74848285
"functioneel-grondbroed-gewogen","Grondbroeders — gewogen",1990,264.445,4693.5,17.74848285
"functioneel-grondbroed-gewogen","Grondbroeders — gewogen",1991,171.761,3048.5,17.74848285
"functioneel-grondbroed-gewogen","Grondbroeders — gewogen",1992,179.565,3187,17.74848285
"functioneel-grondbroed-gewogen","Grondbroeders — gewogen",1993,191.96,3407,17.74848285
"functioneel-grondbroed-gewogen","Grondbroeders — gewogen",1994,186.1,3303,17.74848285
"functioneel-grondbroed-gewogen","Grondbroeders — gewogen",1995,189.509,3363.5,17.74848285
"functioneel-grondbroed-gewogen","Grondbroeders — gewogen",1996,178.072,3160.5,17.74848285
"functioneel-grondbroed-gewogen","Grondbroeders — gewogen",1997,174.353,3094.5,17.74848285
"functioneel-grondbroed-gewogen","Grondbroeders — gewogen",1998,180.889,3210.5,17.74848285
"functioneel-grondbroed-gewogen","Grondbroeders — gewogen",1999,184.382,3272.5,17.74848285
"functioneel-grondbroed-gewogen","Grondbroeders — gewogen",2000,168.409,2989,17.74848285
"functioneel-grondbroed-gewogen","Grondbroeders — gewogen",2001,189.735,3367.5,17.74848285
"functioneel-grondbroed-gewogen","Grondbroeders — gewogen",2002,170.916,3033.5,17.74848285
"functioneel-grondbroed-gewogen","Grondbroeders — gewogen",2003,185.509,3292.5,17.74848285
"functioneel-grondbroed-gewogen","Grondbroeders — gewogen",2004,199.228,3536,17.74848285
"functioneel-grondbroed-gewogen","Grondbroeders — gewogen",2005,168.634,2993,17.74848285
"functioneel-grondbroed-gewogen","Grondbroeders — gewogen",2006,152.745,2711,17.74848285
"functioneel-grondbroed-gewogen","Grondbroeders — gewogen",2007,171.958,3052,17.74848285
"functioneel-grondbroed-gewogen","Grondbroeders — gewogen",2008,135.927,2412.5,17.74848285
"functioneel-grondbroed-gewogen","Grondbroeders — gewogen",2009,166.352,2952.5,17.74848285
"functioneel-grondbroed-gewogen","Grondbroeders — gewogen",2010,169.169,3002.5,17.74848285
"functioneel-grondbroed-gewogen","Grondbroeders — gewogen",2011,175.283,3111,17.74848285
"functioneel-grondbroed-gewogen","Grondbroeders — gewogen",2012,162.267,2880,17.74848285
"functioneel-grondbroed-gewogen","Grondbroeders — gewogen",2013,167.902,2980,17.74848285
"functioneel-grondbroed-gewogen","Grondbroeders — gewogen",2014,185.621,3294.5,17.74848285
"functioneel-grondbroed-gewogen","Grondbroeders — gewogen",2015,190.016,3372.5,17.74848285
"functioneel-grondbroed-gewogen","Grondbroeders — gewogen",2016,198.439,3522,17.74848285
"functioneel-grondbroed-gewogen","Grondbroeders — gewogen",2017,193.932,3442,17.74848285
"functioneel-grondbroed-gewogen","Grondbroeders — gewogen",2018,163.732,2906,17.74848285
"functioneel-grondbroed-gewogen","Grondbroeders — gewogen",2019,181.508,3221.5,17.74848285
"functioneel-grondbroed-gewogen","Grondbroeders — gewogen",2020,185.086,3285,17.74848285
"functioneel-grondbroed-gewogen","Grondbroeders — gewogen",2021,176.353,3130,17.74848285
"functioneel-grondbroed-gewogen","Grondbroeders — gewogen",2022,161.788,2871.5,17.74848285
"functioneel-grondbroed-gewogen","Grondbroeders — gewogen",2023,194.045,3444,17.74848285
"functioneel-grondbroed-gewogen","Grondbroeders — gewogen",2024,194.27,3448,17.74848285
"functioneel-grondbroed-gewogen","Grondbroeders — gewogen",2025,199.031,3532.5,17.74848285
"functioneel-holenbroed-binair","Holenbroeders — binair",1958,10.321,170,16.4707
"functioneel-holenbroed-binair","Holenbroeders — binair",1959,14.996,247,16.4707
"functioneel-holenbroed-binair","Holenbroeders — binair",1960,17.101,282,16.4907
"functioneel-holenbroed-binair","Holenbroeders — binair",1961,14.571,240,16.4707
"functioneel-holenbroed-binair","Holenbroeders — binair",1962,13.903,229,16.4707
"functioneel-holenbroed-binair","Holenbroeders — binair",1963,12.263,201,16.3907
"functioneel-holenbroed-binair","Holenbroeders — binair",1964,15.664,258,16.4707
"functioneel-holenbroed-binair","Holenbroeders — binair",1965,16.504,277,16.7837
"functioneel-holenbroed-binair","Holenbroeders — binair",1966,16.604,280,16.8637
"functioneel-holenbroed-binair","Holenbroeders — binair",1967,15.503,265,17.0937
"functioneel-holenbroed-binair","Holenbroeders — binair",1968,13.241,226,17.0687
"functioneel-holenbroed-binair","Holenbroeders — binair",1969,10.78,184,17.0687
"functioneel-holenbroed-binair","Holenbroeders — binair",1970,13.631,233,17.0937
"functioneel-holenbroed-binair","Holenbroeders — binair",1971,13.112,224,17.0837
"functioneel-holenbroed-binair","Holenbroeders — binair",1972,12.154,208,17.1137
"functioneel-holenbroed-binair","Holenbroeders — binair",1973,34.568,594,17.1837
"functioneel-holenbroed-binair","Holenbroeders — binair",1974,34.975,633,18.0987
"functioneel-holenbroed-binair","Holenbroeders — binair",1975,33.872,611,18.0387
"functioneel-holenbroed-binair","Holenbroeders — binair",1976,36.978,665,17.9837
"functioneel-holenbroed-binair","Holenbroeders — binair",1977,39.102,703,17.9787
"functioneel-holenbroed-binair","Holenbroeders — binair",1978,42.673,767,17.9737
"functioneel-holenbroed-binair","Holenbroeders — binair",1979,41.394,744,17.9737
"functioneel-holenbroed-binair","Holenbroeders — binair",1980,47.189,851,18.0337
"functioneel-holenbroed-binair","Holenbroeders — binair",1981,51.459,928,18.0337
"functioneel-holenbroed-binair","Holenbroeders — binair",1982,54.317,976,17.9687
"functioneel-holenbroed-binair","Holenbroeders — binair",1983,60.255,1090,18.0897
"functioneel-holenbroed-binair","Holenbroeders — binair",1984,32.51,577,17.74848285
"functioneel-holenbroed-binair","Holenbroeders — binair",1985,43.384,770,17.74848285
"functioneel-holenbroed-binair","Holenbroeders — binair",1986,50.371,894,17.74848285
"functioneel-holenbroed-binair","Holenbroeders — binair",1987,58.653,1041,17.74848285
"functioneel-holenbroed-binair","Holenbroeders — binair",1988,44.229,785,17.74848285
"functioneel-holenbroed-binair","Holenbroeders — binair",1989,46.877,832,17.74848285
"functioneel-holenbroed-binair","Holenbroeders — binair",1990,65.921,1170,17.74848285
"functioneel-holenbroed-binair","Holenbroeders — binair",1991,68.4,1214,17.74848285
"functioneel-holenbroed-binair","Holenbroeders — binair",1992,70.654,1254,17.74848285
"functioneel-holenbroed-binair","Holenbroeders — binair",1993,65.358,1160,17.74848285
"functioneel-holenbroed-binair","Holenbroeders — binair",1994,60.343,1071,17.74848285
"functioneel-holenbroed-binair","Holenbroeders — binair",1995,65.47,1162,17.74848285
"functioneel-holenbroed-binair","Holenbroeders — binair",1996,66.09,1173,17.74848285
"functioneel-holenbroed-binair","Holenbroeders — binair",1997,69.245,1229,17.74848285
"functioneel-holenbroed-binair","Holenbroeders — binair",1998,65.301,1159,17.74848285
"functioneel-holenbroed-binair","Holenbroeders — binair",1999,66.428,1179,17.74848285
"functioneel-holenbroed-binair","Holenbroeders — binair",2000,58.428,1037,17.74848285
"functioneel-holenbroed-binair","Holenbroeders — binair",2001,61.019,1083,17.74848285
"functioneel-holenbroed-binair","Holenbroeders — binair",2002,58.597,1040,17.74848285
"functioneel-holenbroed-binair","Holenbroeders — binair",2003,54.033,959,17.74848285
"functioneel-holenbroed-binair","Holenbroeders — binair",2004,57.019,1012,17.74848285
"functioneel-holenbroed-binair","Holenbroeders — binair",2005,42.933,762,17.74848285
"functioneel-holenbroed-binair","Holenbroeders — binair",2006,47.159,837,17.74848285
"functioneel-holenbroed-binair","Holenbroeders — binair",2007,50.652,899,17.74848285
"functioneel-holenbroed-binair","Holenbroeders — binair",2008,38.426,682,17.74848285
"functioneel-holenbroed-binair","Holenbroeders — binair",2009,40.172,713,17.74848285
"functioneel-holenbroed-binair","Holenbroeders — binair",2010,61.583,1093,17.74848285
"functioneel-holenbroed-binair","Holenbroeders — binair",2011,56.399,1001,17.74848285
"functioneel-holenbroed-binair","Holenbroeders — binair",2012,59.949,1064,17.74848285
"functioneel-holenbroed-binair","Holenbroeders — binair",2013,61.47,1091,17.74848285
"functioneel-holenbroed-binair","Holenbroeders — binair",2014,62.259,1105,17.74848285
"functioneel-holenbroed-binair","Holenbroeders — binair",2015,65.245,1158,17.74848285
"functioneel-holenbroed-binair","Holenbroeders — binair",2016,81.528,1447,17.74848285
"functioneel-holenbroed-binair","Holenbroeders — binair",2017,79.162,1405,17.74848285
"functioneel-holenbroed-binair","Holenbroeders — binair",2018,69.245,1229,17.74848285
"functioneel-holenbroed-binair","Holenbroeders — binair",2019,65.752,1167,17.74848285
"functioneel-holenbroed-binair","Holenbroeders — binair",2020,66.71,1184,17.74848285
"functioneel-holenbroed-binair","Holenbroeders — binair",2021,67.949,1206,17.74848285
"functioneel-holenbroed-binair","Holenbroeders — binair",2022,64.287,1141,17.74848285
"functioneel-holenbroed-binair","Holenbroeders — binair",2023,74.711,1326,17.74848285
"functioneel-holenbroed-binair","Holenbroeders — binair",2024,70.372,1249,17.74848285
"functioneel-holenbroed-binair","Holenbroeders — binair",2025,65.583,1164,17.74848285
"functioneel-holenbroed-gewogen","Holenbroeders — gewogen",1958,10.321,170,16.4707
"functioneel-holenbroed-gewogen","Holenbroeders — gewogen",1959,14.996,247,16.4707
"functioneel-holenbroed-gewogen","Holenbroeders — gewogen",1960,17.101,282,16.4907
"functioneel-holenbroed-gewogen","Holenbroeders — gewogen",1961,14.571,240,16.4707
"functioneel-holenbroed-gewogen","Holenbroeders — gewogen",1962,13.903,229,16.4707
"functioneel-holenbroed-gewogen","Holenbroeders — gewogen",1963,12.263,201,16.3907
"functioneel-holenbroed-gewogen","Holenbroeders — gewogen",1964,15.664,258,16.4707
"functioneel-holenbroed-gewogen","Holenbroeders — gewogen",1965,16.504,277,16.7837
"functioneel-holenbroed-gewogen","Holenbroeders — gewogen",1966,16.604,280,16.8637
"functioneel-holenbroed-gewogen","Holenbroeders — gewogen",1967,15.503,265,17.0937
"functioneel-holenbroed-gewogen","Holenbroeders — gewogen",1968,13.241,226,17.0687
"functioneel-holenbroed-gewogen","Holenbroeders — gewogen",1969,10.78,184,17.0687
"functioneel-holenbroed-gewogen","Holenbroeders — gewogen",1970,13.631,233,17.0937
"functioneel-holenbroed-gewogen","Holenbroeders — gewogen",1971,13.112,224,17.0837
"functioneel-holenbroed-gewogen","Holenbroeders — gewogen",1972,12.154,208,17.1137
"functioneel-holenbroed-gewogen","Holenbroeders — gewogen",1973,34.568,594,17.1837
"functioneel-holenbroed-gewogen","Holenbroeders — gewogen",1974,34.975,633,18.0987
"functioneel-holenbroed-gewogen","Holenbroeders — gewogen",1975,33.872,611,18.0387
"functioneel-holenbroed-gewogen","Holenbroeders — gewogen",1976,36.978,665,17.9837
"functioneel-holenbroed-gewogen","Holenbroeders — gewogen",1977,39.102,703,17.9787
"functioneel-holenbroed-gewogen","Holenbroeders — gewogen",1978,42.673,767,17.9737
"functioneel-holenbroed-gewogen","Holenbroeders — gewogen",1979,41.394,744,17.9737
"functioneel-holenbroed-gewogen","Holenbroeders — gewogen",1980,47.189,851,18.0337
"functioneel-holenbroed-gewogen","Holenbroeders — gewogen",1981,51.459,928,18.0337
"functioneel-holenbroed-gewogen","Holenbroeders — gewogen",1982,54.317,976,17.9687
"functioneel-holenbroed-gewogen","Holenbroeders — gewogen",1983,60.255,1090,18.0897
"functioneel-holenbroed-gewogen","Holenbroeders — gewogen",1984,32.51,577,17.74848285
"functioneel-holenbroed-gewogen","Holenbroeders — gewogen",1985,43.384,770,17.74848285
"functioneel-holenbroed-gewogen","Holenbroeders — gewogen",1986,50.371,894,17.74848285
"functioneel-holenbroed-gewogen","Holenbroeders — gewogen",1987,58.653,1041,17.74848285
"functioneel-holenbroed-gewogen","Holenbroeders — gewogen",1988,44.229,785,17.74848285
"functioneel-holenbroed-gewogen","Holenbroeders — gewogen",1989,46.877,832,17.74848285
"functioneel-holenbroed-gewogen","Holenbroeders — gewogen",1990,65.921,1170,17.74848285
"functioneel-holenbroed-gewogen","Holenbroeders — gewogen",1991,68.4,1214,17.74848285
"functioneel-holenbroed-gewogen","Holenbroeders — gewogen",1992,70.654,1254,17.74848285
"functioneel-holenbroed-gewogen","Holenbroeders — gewogen",1993,65.358,1160,17.74848285
"functioneel-holenbroed-gewogen","Holenbroeders — gewogen",1994,60.343,1071,17.74848285
"functioneel-holenbroed-gewogen","Holenbroeders — gewogen",1995,65.47,1162,17.74848285
"functioneel-holenbroed-gewogen","Holenbroeders — gewogen",1996,66.09,1173,17.74848285
"functioneel-holenbroed-gewogen","Holenbroeders — gewogen",1997,69.245,1229,17.74848285
"functioneel-holenbroed-gewogen","Holenbroeders — gewogen",1998,65.301,1159,17.74848285
"functioneel-holenbroed-gewogen","Holenbroeders — gewogen",1999,66.428,1179,17.74848285
"functioneel-holenbroed-gewogen","Holenbroeders — gewogen",2000,58.428,1037,17.74848285
"functioneel-holenbroed-gewogen","Holenbroeders — gewogen",2001,61.019,1083,17.74848285
"functioneel-holenbroed-gewogen","Holenbroeders — gewogen",2002,58.597,1040,17.74848285
"functioneel-holenbroed-gewogen","Holenbroeders — gewogen",2003,54.033,959,17.74848285
"functioneel-holenbroed-gewogen","Holenbroeders — gewogen",2004,57.019,1012,17.74848285
"functioneel-holenbroed-gewogen","Holenbroeders — gewogen",2005,42.933,762,17.74848285
"functioneel-holenbroed-gewogen","Holenbroeders — gewogen",2006,47.159,837,17.74848285
"functioneel-holenbroed-gewogen","Holenbroeders — gewogen",2007,50.652,899,17.74848285
"functioneel-holenbroed-gewogen","Holenbroeders — gewogen",2008,38.426,682,17.74848285
"functioneel-holenbroed-gewogen","Holenbroeders — gewogen",2009,40.172,713,17.74848285
"functioneel-holenbroed-gewogen","Holenbroeders — gewogen",2010,61.583,1093,17.74848285
"functioneel-holenbroed-gewogen","Holenbroeders — gewogen",2011,56.399,1001,17.74848285
"functioneel-holenbroed-gewogen","Holenbroeders — gewogen",2012,59.949,1064,17.74848285
"functioneel-holenbroed-gewogen","Holenbroeders — gewogen",2013,61.47,1091,17.74848285
"functioneel-holenbroed-gewogen","Holenbroeders — gewogen",2014,62.259,1105,17.74848285
"functioneel-holenbroed-gewogen","Holenbroeders — gewogen",2015,65.245,1158,17.74848285
"functioneel-holenbroed-gewogen","Holenbroeders — gewogen",2016,81.528,1447,17.74848285
"functioneel-holenbroed-gewogen","Holenbroeders — gewogen",2017,79.162,1405,17.74848285
"functioneel-holenbroed-gewogen","Holenbroeders — gewogen",2018,69.245,1229,17.74848285
"functioneel-holenbroed-gewogen","Holenbroeders — gewogen",2019,65.752,1167,17.74848285
"functioneel-holenbroed-gewogen","Holenbroeders — gewogen",2020,66.71,1184,17.74848285
"functioneel-holenbroed-gewogen","Holenbroeders — gewogen",2021,67.949,1206,17.74848285
"functioneel-holenbroed-gewogen","Holenbroeders — gewogen",2022,64.287,1141,17.74848285
"functioneel-holenbroed-gewogen","Holenbroeders — gewogen",2023,74.711,1326,17.74848285
"functioneel-holenbroed-gewogen","Holenbroeders — gewogen",2024,70.372,1249,17.74848285
"functioneel-holenbroed-gewogen","Holenbroeders — gewogen",2025,65.583,1164,17.74848285
"functioneel-lange-trek-binair","Langeafstandstrekkers — binair",1958,19.611,323,16.4707
"functioneel-lange-trek-binair","Langeafstandstrekkers — binair",1959,47.843,788,16.4707
"functioneel-lange-trek-binair","Langeafstandstrekkers — binair",1960,47.724,787,16.4907
"functioneel-lange-trek-binair","Langeafstandstrekkers — binair",1961,45.293,746,16.4707
"functioneel-lange-trek-binair","Langeafstandstrekkers — binair",1962,39.585,652,16.4707
"functioneel-lange-trek-binair","Langeafstandstrekkers — binair",1963,38.009,623,16.3907
"functioneel-lange-trek-binair","Langeafstandstrekkers — binair",1964,44.746,737,16.4707
"functioneel-lange-trek-binair","Langeafstandstrekkers — binair",1965,47.367,795,16.7837
"functioneel-lange-trek-binair","Langeafstandstrekkers — binair",1966,49.633,837,16.8637
"functioneel-lange-trek-binair","Langeafstandstrekkers — binair",1967,47.386,810,17.0937
"functioneel-lange-trek-binair","Langeafstandstrekkers — binair",1968,46.401,792,17.0687
"functioneel-lange-trek-binair","Langeafstandstrekkers — binair",1969,39.722,678,17.0687
"functioneel-lange-trek-binair","Langeafstandstrekkers — binair",1970,44.285,757,17.0937
"functioneel-lange-trek-binair","Langeafstandstrekkers — binair",1971,45.482,777,17.0837
"functioneel-lange-trek-binair","Langeafstandstrekkers — binair",1972,48.967,838,17.1137
"functioneel-lange-trek-binair","Langeafstandstrekkers — binair",1973,98.698,1696,17.1837
"functioneel-lange-trek-binair","Langeafstandstrekkers — binair",1974,105.367,1907,18.0987
"functioneel-lange-trek-binair","Langeafstandstrekkers — binair",1975,102.003,1840,18.0387
"functioneel-lange-trek-binair","Langeafstandstrekkers — binair",1976,117.106,2106,17.9837
"functioneel-lange-trek-binair","Langeafstandstrekkers — binair",1977,101.342,1822,17.9787
"functioneel-lange-trek-binair","Langeafstandstrekkers — binair",1978,112.609,2024,17.9737
"functioneel-lange-trek-binair","Langeafstandstrekkers — binair",1979,119.23,2143,17.9737
"functioneel-lange-trek-binair","Langeafstandstrekkers — binair",1980,133.195,2402,18.0337
"functioneel-lange-trek-binair","Langeafstandstrekkers — binair",1981,148.222,2673,18.0337
"functioneel-lange-trek-binair","Langeafstandstrekkers — binair",1982,167.625,3012,17.9687
"functioneel-lange-trek-binair","Langeafstandstrekkers — binair",1983,178.112,3222,18.0897
"functioneel-lange-trek-binair","Langeafstandstrekkers — binair",1984,72.908,1294,17.74848285
"functioneel-lange-trek-binair","Langeafstandstrekkers — binair",1985,124.687,2213,17.74848285
"functioneel-lange-trek-binair","Langeafstandstrekkers — binair",1986,132.969,2360,17.74848285
"functioneel-lange-trek-binair","Langeafstandstrekkers — binair",1987,161.479,2866,17.74848285
"functioneel-lange-trek-binair","Langeafstandstrekkers — binair",1988,142.04,2521,17.74848285
"functioneel-lange-trek-binair","Langeafstandstrekkers — binair",1989,154.323,2739,17.74848285
"functioneel-lange-trek-binair","Langeafstandstrekkers — binair",1990,162.831,2890,17.74848285
"functioneel-lange-trek-binair","Langeafstandstrekkers — binair",1991,141.139,2505,17.74848285
"functioneel-lange-trek-binair","Langeafstandstrekkers — binair",1992,154.21,2737,17.74848285
"functioneel-lange-trek-binair","Langeafstandstrekkers — binair",1993,166.38,2953,17.74848285
"functioneel-lange-trek-binair","Langeafstandstrekkers — binair",1994,160.464,2848,17.74848285
"functioneel-lange-trek-binair","Langeafstandstrekkers — binair",1995,168.409,2989,17.74848285
"functioneel-lange-trek-binair","Langeafstandstrekkers — binair",1996,168.465,2990,17.74848285
"functioneel-lange-trek-binair","Langeafstandstrekkers — binair",1997,163.676,2905,17.74848285
"functioneel-lange-trek-binair","Langeafstandstrekkers — binair",1998,154.717,2746,17.74848285
"functioneel-lange-trek-binair","Langeafstandstrekkers — binair",1999,152.52,2707,17.74848285
"functioneel-lange-trek-binair","Langeafstandstrekkers — binair",2000,147.787,2623,17.74848285
"functioneel-lange-trek-binair","Langeafstandstrekkers — binair",2001,169.648,3011,17.74848285
"functioneel-lange-trek-binair","Langeafstandstrekkers — binair",2002,140.632,2496,17.74848285
"functioneel-lange-trek-binair","Langeafstandstrekkers — binair",2003,134.209,2382,17.74848285
"functioneel-lange-trek-binair","Langeafstandstrekkers — binair",2004,155.225,2755,17.74848285
"functioneel-lange-trek-binair","Langeafstandstrekkers — binair",2005,140.632,2496,17.74848285
"functioneel-lange-trek-binair","Langeafstandstrekkers — binair",2006,121.362,2154,17.74848285
"functioneel-lange-trek-binair","Langeafstandstrekkers — binair",2007,132.913,2359,17.74848285
"functioneel-lange-trek-binair","Langeafstandstrekkers — binair",2008,101.361,1799,17.74848285
"functioneel-lange-trek-binair","Langeafstandstrekkers — binair",2009,117.137,2079,17.74848285
"functioneel-lange-trek-binair","Langeafstandstrekkers — binair",2010,130.434,2315,17.74848285
"functioneel-lange-trek-binair","Langeafstandstrekkers — binair",2011,145.026,2574,17.74848285
"functioneel-lange-trek-binair","Langeafstandstrekkers — binair",2012,123.56,2193,17.74848285
"functioneel-lange-trek-binair","Langeafstandstrekkers — binair",2013,125.757,2232,17.74848285
"functioneel-lange-trek-binair","Langeafstandstrekkers — binair",2014,134.997,2396,17.74848285
"functioneel-lange-trek-binair","Langeafstandstrekkers — binair",2015,138.603,2460,17.74848285
"functioneel-lange-trek-binair","Langeafstandstrekkers — binair",2016,141.026,2503,17.74848285
"functioneel-lange-trek-binair","Langeafstandstrekkers — binair",2017,136.35,2420,17.74848285
"functioneel-lange-trek-binair","Langeafstandstrekkers — binair",2018,107.22,1903,17.74848285
"functioneel-lange-trek-binair","Langeafstandstrekkers — binair",2019,130.321,2313,17.74848285
"functioneel-lange-trek-binair","Langeafstandstrekkers — binair",2020,133.983,2378,17.74848285
"functioneel-lange-trek-binair","Langeafstandstrekkers — binair",2021,129.363,2296,17.74848285
"functioneel-lange-trek-binair","Langeafstandstrekkers — binair",2022,120.968,2147,17.74848285
"functioneel-lange-trek-binair","Langeafstandstrekkers — binair",2023,140.406,2492,17.74848285
"functioneel-lange-trek-binair","Langeafstandstrekkers — binair",2024,129.025,2290,17.74848285
"functioneel-lange-trek-binair","Langeafstandstrekkers — binair",2025,130.265,2312,17.74848285
"functioneel-lange-trek-gewogen","Langeafstandstrekkers — gewogen",1958,18.639,307,16.4707
"functioneel-lange-trek-gewogen","Langeafstandstrekkers — gewogen",1959,46.203,761,16.4707
"functioneel-lange-trek-gewogen","Langeafstandstrekkers — gewogen",1960,46.269,763,16.4907
"functioneel-lange-trek-gewogen","Langeafstandstrekkers — gewogen",1961,44.018,725,16.4707
"functioneel-lange-trek-gewogen","Langeafstandstrekkers — gewogen",1962,37.977,625.5,16.4707
"functioneel-lange-trek-gewogen","Langeafstandstrekkers — gewogen",1963,36.698,601.5,16.3907
"functioneel-lange-trek-gewogen","Langeafstandstrekkers — gewogen",1964,42.469,699.5,16.4707
"functioneel-lange-trek-gewogen","Langeafstandstrekkers — gewogen",1965,44.954,754.5,16.7837
"functioneel-lange-trek-gewogen","Langeafstandstrekkers — gewogen",1966,47.41,799.5,16.8637
"functioneel-lange-trek-gewogen","Langeafstandstrekkers — gewogen",1967,45.485,777.5,17.0937
"functioneel-lange-trek-gewogen","Langeafstandstrekkers — gewogen",1968,44.76,764,17.0687
"functioneel-lange-trek-gewogen","Langeafstandstrekkers — gewogen",1969,38.638,659.5,17.0687
"functioneel-lange-trek-gewogen","Langeafstandstrekkers — gewogen",1970,42.852,732.5,17.0937
"functioneel-lange-trek-gewogen","Langeafstandstrekkers — gewogen",1971,44.223,755.5,17.0837
"functioneel-lange-trek-gewogen","Langeafstandstrekkers — gewogen",1972,47.798,818,17.1137
"functioneel-lange-trek-gewogen","Langeafstandstrekkers — gewogen",1973,96.894,1665,17.1837
"functioneel-lange-trek-gewogen","Langeafstandstrekkers — gewogen",1974,104.427,1890,18.0987
"functioneel-lange-trek-gewogen","Langeafstandstrekkers — gewogen",1975,101.005,1822,18.0387
"functioneel-lange-trek-gewogen","Langeafstandstrekkers — gewogen",1976,116.133,2088.5,17.9837
"functioneel-lange-trek-gewogen","Langeafstandstrekkers — gewogen",1977,100.73,1811,17.9787
"functioneel-lange-trek-gewogen","Langeafstandstrekkers — gewogen",1978,111.914,2011.5,17.9737
"functioneel-lange-trek-gewogen","Langeafstandstrekkers — gewogen",1979,118.562,2131,17.9737
"functioneel-lange-trek-gewogen","Langeafstandstrekkers — gewogen",1980,132.668,2392.5,18.0337
"functioneel-lange-trek-gewogen","Langeafstandstrekkers — gewogen",1981,147.64,2662.5,18.0337
"functioneel-lange-trek-gewogen","Langeafstandstrekkers — gewogen",1982,166.874,2998.5,17.9687
"functioneel-lange-trek-gewogen","Langeafstandstrekkers — gewogen",1983,177.421,3209.5,18.0897
"functioneel-lange-trek-gewogen","Langeafstandstrekkers — gewogen",1984,72.457,1286,17.74848285
"functioneel-lange-trek-gewogen","Langeafstandstrekkers — gewogen",1985,124.151,2203.5,17.74848285
"functioneel-lange-trek-gewogen","Langeafstandstrekkers — gewogen",1986,132.49,2351.5,17.74848285
"functioneel-lange-trek-gewogen","Langeafstandstrekkers — gewogen",1987,161.028,2858,17.74848285
"functioneel-lange-trek-gewogen","Langeafstandstrekkers — gewogen",1988,141.449,2510.5,17.74848285
"functioneel-lange-trek-gewogen","Langeafstandstrekkers — gewogen",1989,153.872,2731,17.74848285
"functioneel-lange-trek-gewogen","Langeafstandstrekkers — gewogen",1990,162.465,2883.5,17.74848285
"functioneel-lange-trek-gewogen","Langeafstandstrekkers — gewogen",1991,140.857,2500,17.74848285
"functioneel-lange-trek-gewogen","Langeafstandstrekkers — gewogen",1992,153.478,2724,17.74848285
"functioneel-lange-trek-gewogen","Langeafstandstrekkers — gewogen",1993,165.873,2944,17.74848285
"functioneel-lange-trek-gewogen","Langeafstandstrekkers — gewogen",1994,159.986,2839.5,17.74848285
"functioneel-lange-trek-gewogen","Langeafstandstrekkers — gewogen",1995,167.958,2981,17.74848285
"functioneel-lange-trek-gewogen","Langeafstandstrekkers — gewogen",1996,167.986,2981.5,17.74848285
"functioneel-lange-trek-gewogen","Langeafstandstrekkers — gewogen",1997,163.535,2902.5,17.74848285
"functioneel-lange-trek-gewogen","Langeafstandstrekkers — gewogen",1998,154.577,2743.5,17.74848285
"functioneel-lange-trek-gewogen","Langeafstandstrekkers — gewogen",1999,152.267,2702.5,17.74848285
"functioneel-lange-trek-gewogen","Langeafstandstrekkers — gewogen",2000,147.59,2619.5,17.74848285
"functioneel-lange-trek-gewogen","Langeafstandstrekkers — gewogen",2001,169.226,3003.5,17.74848285
"functioneel-lange-trek-gewogen","Langeafstandstrekkers — gewogen",2002,140.35,2491,17.74848285
"functioneel-lange-trek-gewogen","Langeafstandstrekkers — gewogen",2003,134.18,2381.5,17.74848285
"functioneel-lange-trek-gewogen","Langeafstandstrekkers — gewogen",2004,155.196,2754.5,17.74848285
"functioneel-lange-trek-gewogen","Langeafstandstrekkers — gewogen",2005,140.632,2496,17.74848285
"functioneel-lange-trek-gewogen","Langeafstandstrekkers — gewogen",2006,121.362,2154,17.74848285
"functioneel-lange-trek-gewogen","Langeafstandstrekkers — gewogen",2007,132.913,2359,17.74848285
"functioneel-lange-trek-gewogen","Langeafstandstrekkers — gewogen",2008,101.304,1798,17.74848285
"functioneel-lange-trek-gewogen","Langeafstandstrekkers — gewogen",2009,117.052,2077.5,17.74848285
"functioneel-lange-trek-gewogen","Langeafstandstrekkers — gewogen",2010,130.377,2314,17.74848285
"functioneel-lange-trek-gewogen","Langeafstandstrekkers — gewogen",2011,144.998,2573.5,17.74848285
"functioneel-lange-trek-gewogen","Langeafstandstrekkers — gewogen",2012,123.504,2192,17.74848285
"functioneel-lange-trek-gewogen","Langeafstandstrekkers — gewogen",2013,125.447,2226.5,17.74848285
"functioneel-lange-trek-gewogen","Langeafstandstrekkers — gewogen",2014,134.941,2395,17.74848285
"functioneel-lange-trek-gewogen","Langeafstandstrekkers — gewogen",2015,138.491,2458,17.74848285
"functioneel-lange-trek-gewogen","Langeafstandstrekkers — gewogen",2016,140.857,2500,17.74848285
"functioneel-lange-trek-gewogen","Langeafstandstrekkers — gewogen",2017,136.322,2419.5,17.74848285
"functioneel-lange-trek-gewogen","Langeafstandstrekkers — gewogen",2018,107.136,1901.5,17.74848285
"functioneel-lange-trek-gewogen","Langeafstandstrekkers — gewogen",2019,130.18,2310.5,17.74848285
"functioneel-lange-trek-gewogen","Langeafstandstrekkers — gewogen",2020,133.899,2376.5,17.74848285
"functioneel-lange-trek-gewogen","Langeafstandstrekkers — gewogen",2021,129.138,2292,17.74848285
"functioneel-lange-trek-gewogen","Langeafstandstrekkers — gewogen",2022,120.884,2145.5,17.74848285
"functioneel-lange-trek-gewogen","Langeafstandstrekkers — gewogen",2023,139.956,2484,17.74848285
"functioneel-lange-trek-gewogen","Langeafstandstrekkers — gewogen",2024,128.912,2288,17.74848285
"functioneel-lange-trek-gewogen","Langeafstandstrekkers — gewogen",2025,130.208,2311,17.74848285
"functioneel-lucht-binair","Luchtfoerageerders — binair",1958,0,0,16.4707
"functioneel-lucht-binair","Luchtfoerageerders — binair",1959,0.182,3,16.4707
"functioneel-lucht-binair","Luchtfoerageerders — binair",1960,0.121,2,16.4907
"functioneel-lucht-binair","Luchtfoerageerders — binair",1961,0.121,2,16.4707
"functioneel-lucht-binair","Luchtfoerageerders — binair",1962,0.182,3,16.4707
"functioneel-lucht-binair","Luchtfoerageerders — binair",1963,0.244,4,16.3907
"functioneel-lucht-binair","Luchtfoerageerders — binair",1964,0.304,5,16.4707
"functioneel-lucht-binair","Luchtfoerageerders — binair",1965,0.298,5,16.7837
"functioneel-lucht-binair","Luchtfoerageerders — binair",1966,0.296,5,16.8637
"functioneel-lucht-binair","Luchtfoerageerders — binair",1967,0.41,7,17.0937
"functioneel-lucht-binair","Luchtfoerageerders — binair",1968,0.469,8,17.0687
"functioneel-lucht-binair","Luchtfoerageerders — binair",1969,0.117,2,17.0687
"functioneel-lucht-binair","Luchtfoerageerders — binair",1970,0.41,7,17.0937
"functioneel-lucht-binair","Luchtfoerageerders — binair",1971,0.117,2,17.0837
"functioneel-lucht-binair","Luchtfoerageerders — binair",1972,0.058,1,17.1137
"functioneel-lucht-binair","Luchtfoerageerders — binair",1973,0.757,13,17.1837
"functioneel-lucht-binair","Luchtfoerageerders — binair",1974,0.829,15,18.0987
"functioneel-lucht-binair","Luchtfoerageerders — binair",1975,0.887,16,18.0387
"functioneel-lucht-binair","Luchtfoerageerders — binair",1976,0.667,12,17.9837
"functioneel-lucht-binair","Luchtfoerageerders — binair",1977,0.501,9,17.9787
"functioneel-lucht-binair","Luchtfoerageerders — binair",1978,0.389,7,17.9737
"functioneel-lucht-binair","Luchtfoerageerders — binair",1979,0.445,8,17.9737
"functioneel-lucht-binair","Luchtfoerageerders — binair",1980,0.166,3,18.0337
"functioneel-lucht-binair","Luchtfoerageerders — binair",1981,0.055,1,18.0337
"functioneel-lucht-binair","Luchtfoerageerders — binair",1982,0.223,4,17.9687
"functioneel-lucht-binair","Luchtfoerageerders — binair",1983,0.442,8,18.0897
"functioneel-lucht-binair","Luchtfoerageerders — binair",1984,0.282,5,17.74848285
"functioneel-lucht-binair","Luchtfoerageerders — binair",1985,0.338,6,17.74848285
"functioneel-lucht-binair","Luchtfoerageerders — binair",1986,0.225,4,17.74848285
"functioneel-lucht-binair","Luchtfoerageerders — binair",1987,0.451,8,17.74848285
"functioneel-lucht-binair","Luchtfoerageerders — binair",1988,0.282,5,17.74848285
"functioneel-lucht-binair","Luchtfoerageerders — binair",1989,0.225,4,17.74848285
"functioneel-lucht-binair","Luchtfoerageerders — binair",1990,1.183,21,17.74848285
"functioneel-lucht-binair","Luchtfoerageerders — binair",1991,0.958,17,17.74848285
"functioneel-lucht-binair","Luchtfoerageerders — binair",1992,1.24,22,17.74848285
"functioneel-lucht-binair","Luchtfoerageerders — binair",1993,1.24,22,17.74848285
"functioneel-lucht-binair","Luchtfoerageerders — binair",1994,1.014,18,17.74848285
"functioneel-lucht-binair","Luchtfoerageerders — binair",1995,1.127,20,17.74848285
"functioneel-lucht-binair","Luchtfoerageerders — binair",1996,1.409,25,17.74848285
"functioneel-lucht-binair","Luchtfoerageerders — binair",1997,1.634,29,17.74848285
"functioneel-lucht-binair","Luchtfoerageerders — binair",1998,0.732,13,17.74848285
"functioneel-lucht-binair","Luchtfoerageerders — binair",1999,0.676,12,17.74848285
"functioneel-lucht-binair","Luchtfoerageerders — binair",2000,0.901,16,17.74848285
"functioneel-lucht-binair","Luchtfoerageerders — binair",2001,1.127,20,17.74848285
"functioneel-lucht-binair","Luchtfoerageerders — binair",2002,0.901,16,17.74848285
"functioneel-lucht-binair","Luchtfoerageerders — binair",2003,1.071,19,17.74848285
"functioneel-lucht-binair","Luchtfoerageerders — binair",2004,0.507,9,17.74848285
"functioneel-lucht-binair","Luchtfoerageerders — binair",2005,0.563,10,17.74848285
"functioneel-lucht-binair","Luchtfoerageerders — binair",2006,0.62,11,17.74848285
"functioneel-lucht-binair","Luchtfoerageerders — binair",2007,0.62,11,17.74848285
"functioneel-lucht-binair","Luchtfoerageerders — binair",2008,0.676,12,17.74848285
"functioneel-lucht-binair","Luchtfoerageerders — binair",2009,0.338,6,17.74848285
"functioneel-lucht-binair","Luchtfoerageerders — binair",2010,0.225,4,17.74848285
"functioneel-lucht-binair","Luchtfoerageerders — binair",2011,0.451,8,17.74848285
"functioneel-lucht-binair","Luchtfoerageerders — binair",2012,0.732,13,17.74848285
"functioneel-lucht-binair","Luchtfoerageerders — binair",2013,0.563,10,17.74848285
"functioneel-lucht-binair","Luchtfoerageerders — binair",2014,0.845,15,17.74848285
"functioneel-lucht-binair","Luchtfoerageerders — binair",2015,0.958,17,17.74848285
"functioneel-lucht-binair","Luchtfoerageerders — binair",2016,2.254,40,17.74848285
"functioneel-lucht-binair","Luchtfoerageerders — binair",2017,1.803,32,17.74848285
"functioneel-lucht-binair","Luchtfoerageerders — binair",2018,1.916,34,17.74848285
"functioneel-lucht-binair","Luchtfoerageerders — binair",2019,2.31,41,17.74848285
"functioneel-lucht-binair","Luchtfoerageerders — binair",2020,2.31,41,17.74848285
"functioneel-lucht-binair","Luchtfoerageerders — binair",2021,1.803,32,17.74848285
"functioneel-lucht-binair","Luchtfoerageerders — binair",2022,1.578,28,17.74848285
"functioneel-lucht-binair","Luchtfoerageerders — binair",2023,1.69,30,17.74848285
"functioneel-lucht-binair","Luchtfoerageerders — binair",2024,1.803,32,17.74848285
"functioneel-lucht-binair","Luchtfoerageerders — binair",2025,2.254,40,17.74848285
"functioneel-lucht-gewogen","Luchtfoerageerders — gewogen",1958,0,0,16.4707
"functioneel-lucht-gewogen","Luchtfoerageerders — gewogen",1959,0.121,2,16.4707
"functioneel-lucht-gewogen","Luchtfoerageerders — gewogen",1960,0.061,1,16.4907
"functioneel-lucht-gewogen","Luchtfoerageerders — gewogen",1961,0.091,1.5,16.4707
"functioneel-lucht-gewogen","Luchtfoerageerders — gewogen",1962,0.121,2,16.4707
"functioneel-lucht-gewogen","Luchtfoerageerders — gewogen",1963,0.153,2.5,16.3907
"functioneel-lucht-gewogen","Luchtfoerageerders — gewogen",1964,0.152,2.5,16.4707
"functioneel-lucht-gewogen","Luchtfoerageerders — gewogen",1965,0.149,2.5,16.7837
"functioneel-lucht-gewogen","Luchtfoerageerders — gewogen",1966,0.208,3.5,16.8637
"functioneel-lucht-gewogen","Luchtfoerageerders — gewogen",1967,0.263,4.5,17.0937
"functioneel-lucht-gewogen","Luchtfoerageerders — gewogen",1968,0.41,7,17.0687
"functioneel-lucht-gewogen","Luchtfoerageerders — gewogen",1969,0.088,1.5,17.0687
"functioneel-lucht-gewogen","Luchtfoerageerders — gewogen",1970,0.41,7,17.0937
"functioneel-lucht-gewogen","Luchtfoerageerders — gewogen",1971,0.088,1.5,17.0837
"functioneel-lucht-gewogen","Luchtfoerageerders — gewogen",1972,0.058,1,17.1137
"functioneel-lucht-gewogen","Luchtfoerageerders — gewogen",1973,0.611,10.5,17.1837
"functioneel-lucht-gewogen","Luchtfoerageerders — gewogen",1974,0.58,10.5,18.0987
"functioneel-lucht-gewogen","Luchtfoerageerders — gewogen",1975,0.693,12.5,18.0387
"functioneel-lucht-gewogen","Luchtfoerageerders — gewogen",1976,0.5,9,17.9837
"functioneel-lucht-gewogen","Luchtfoerageerders — gewogen",1977,0.389,7,17.9787
"functioneel-lucht-gewogen","Luchtfoerageerders — gewogen",1978,0.278,5,17.9737
"functioneel-lucht-gewogen","Luchtfoerageerders — gewogen",1979,0.334,6,17.9737
"functioneel-lucht-gewogen","Luchtfoerageerders — gewogen",1980,0.166,3,18.0337
"functioneel-lucht-gewogen","Luchtfoerageerders — gewogen",1981,0.055,1,18.0337
"functioneel-lucht-gewogen","Luchtfoerageerders — gewogen",1982,0.195,3.5,17.9687
"functioneel-lucht-gewogen","Luchtfoerageerders — gewogen",1983,0.387,7,18.0897
"functioneel-lucht-gewogen","Luchtfoerageerders — gewogen",1984,0.197,3.5,17.74848285
"functioneel-lucht-gewogen","Luchtfoerageerders — gewogen",1985,0.282,5,17.74848285
"functioneel-lucht-gewogen","Luchtfoerageerders — gewogen",1986,0.197,3.5,17.74848285
"functioneel-lucht-gewogen","Luchtfoerageerders — gewogen",1987,0.423,7.5,17.74848285
"functioneel-lucht-gewogen","Luchtfoerageerders — gewogen",1988,0.282,5,17.74848285
"functioneel-lucht-gewogen","Luchtfoerageerders — gewogen",1989,0.225,4,17.74848285
"functioneel-lucht-gewogen","Luchtfoerageerders — gewogen",1990,1.014,18,17.74848285
"functioneel-lucht-gewogen","Luchtfoerageerders — gewogen",1991,0.845,15,17.74848285
"functioneel-lucht-gewogen","Luchtfoerageerders — gewogen",1992,1.127,20,17.74848285
"functioneel-lucht-gewogen","Luchtfoerageerders — gewogen",1993,1.071,19,17.74848285
"functioneel-lucht-gewogen","Luchtfoerageerders — gewogen",1994,0.93,16.5,17.74848285
"functioneel-lucht-gewogen","Luchtfoerageerders — gewogen",1995,0.986,17.5,17.74848285
"functioneel-lucht-gewogen","Luchtfoerageerders — gewogen",1996,1.183,21,17.74848285
"functioneel-lucht-gewogen","Luchtfoerageerders — gewogen",1997,1.437,25.5,17.74848285
"functioneel-lucht-gewogen","Luchtfoerageerders — gewogen",1998,0.535,9.5,17.74848285
"functioneel-lucht-gewogen","Luchtfoerageerders — gewogen",1999,0.535,9.5,17.74848285
"functioneel-lucht-gewogen","Luchtfoerageerders — gewogen",2000,0.62,11,17.74848285
"functioneel-lucht-gewogen","Luchtfoerageerders — gewogen",2001,0.704,12.5,17.74848285
"functioneel-lucht-gewogen","Luchtfoerageerders — gewogen",2002,0.62,11,17.74848285
"functioneel-lucht-gewogen","Luchtfoerageerders — gewogen",2003,0.789,14,17.74848285
"functioneel-lucht-gewogen","Luchtfoerageerders — gewogen",2004,0.31,5.5,17.74848285
"functioneel-lucht-gewogen","Luchtfoerageerders — gewogen",2005,0.366,6.5,17.74848285
"functioneel-lucht-gewogen","Luchtfoerageerders — gewogen",2006,0.451,8,17.74848285
"functioneel-lucht-gewogen","Luchtfoerageerders — gewogen",2007,0.366,6.5,17.74848285
"functioneel-lucht-gewogen","Luchtfoerageerders — gewogen",2008,0.423,7.5,17.74848285
"functioneel-lucht-gewogen","Luchtfoerageerders — gewogen",2009,0.169,3,17.74848285
"functioneel-lucht-gewogen","Luchtfoerageerders — gewogen",2010,0.141,2.5,17.74848285
"functioneel-lucht-gewogen","Luchtfoerageerders — gewogen",2011,0.254,4.5,17.74848285
"functioneel-lucht-gewogen","Luchtfoerageerders — gewogen",2012,0.423,7.5,17.74848285
"functioneel-lucht-gewogen","Luchtfoerageerders — gewogen",2013,0.31,5.5,17.74848285
"functioneel-lucht-gewogen","Luchtfoerageerders — gewogen",2014,0.648,11.5,17.74848285
"functioneel-lucht-gewogen","Luchtfoerageerders — gewogen",2015,0.648,11.5,17.74848285
"functioneel-lucht-gewogen","Luchtfoerageerders — gewogen",2016,1.747,31,17.74848285
"functioneel-lucht-gewogen","Luchtfoerageerders — gewogen",2017,1.324,23.5,17.74848285
"functioneel-lucht-gewogen","Luchtfoerageerders — gewogen",2018,1.352,24,17.74848285
"functioneel-lucht-gewogen","Luchtfoerageerders — gewogen",2019,1.747,31,17.74848285
"functioneel-lucht-gewogen","Luchtfoerageerders — gewogen",2020,1.916,34,17.74848285
"functioneel-lucht-gewogen","Luchtfoerageerders — gewogen",2021,1.493,26.5,17.74848285
"functioneel-lucht-gewogen","Luchtfoerageerders — gewogen",2022,1.268,22.5,17.74848285
"functioneel-lucht-gewogen","Luchtfoerageerders — gewogen",2023,1.211,21.5,17.74848285
"functioneel-lucht-gewogen","Luchtfoerageerders — gewogen",2024,1.099,19.5,17.74848285
"functioneel-lucht-gewogen","Luchtfoerageerders — gewogen",2025,1.718,30.5,17.74848285
"functioneel-zaad-binair","Zaadeters — binair",1958,14.207,234,16.4707
"functioneel-zaad-binair","Zaadeters — binair",1959,25.864,426,16.4707
"functioneel-zaad-binair","Zaadeters — binair",1960,29.653,489,16.4907
"functioneel-zaad-binair","Zaadeters — binair",1961,30.114,496,16.4707
"functioneel-zaad-binair","Zaadeters — binair",1962,30.903,509,16.4707
"functioneel-zaad-binair","Zaadeters — binair",1963,23.123,379,16.3907
"functioneel-zaad-binair","Zaadeters — binair",1964,33.028,544,16.4707
"functioneel-zaad-binair","Zaadeters — binair",1965,38.49,646,16.7837
"functioneel-zaad-binair","Zaadeters — binair",1966,39.434,665,16.8637
"functioneel-zaad-binair","Zaadeters — binair",1967,37.967,649,17.0937
"functioneel-zaad-binair","Zaadeters — binair",1968,37.378,638,17.0687
"functioneel-zaad-binair","Zaadeters — binair",1969,33.336,569,17.0687
"functioneel-zaad-binair","Zaadeters — binair",1970,37.499,641,17.0937
"functioneel-zaad-binair","Zaadeters — binair",1971,37.053,633,17.0837
"functioneel-zaad-binair","Zaadeters — binair",1972,43.299,741,17.1137
"functioneel-zaad-binair","Zaadeters — binair",1973,103.179,1773,17.1837
"functioneel-zaad-binair","Zaadeters — binair",1974,112.218,2031,18.0987
"functioneel-zaad-binair","Zaadeters — binair",1975,114.365,2063,18.0387
"functioneel-zaad-binair","Zaadeters — binair",1976,117.551,2114,17.9837
"functioneel-zaad-binair","Zaadeters — binair",1977,116.972,2103,17.9787
"functioneel-zaad-binair","Zaadeters — binair",1978,123.514,2220,17.9737
"functioneel-zaad-binair","Zaadeters — binair",1979,123.625,2222,17.9737
"functioneel-zaad-binair","Zaadeters — binair",1980,136.467,2461,18.0337
"functioneel-zaad-binair","Zaadeters — binair",1981,156.208,2817,18.0337
"functioneel-zaad-binair","Zaadeters — binair",1982,161.113,2895,17.9687
"functioneel-zaad-binair","Zaadeters — binair",1983,179.384,3245,18.0897
"functioneel-zaad-binair","Zaadeters — binair",1984,94.656,1680,17.74848285
"functioneel-zaad-binair","Zaadeters — binair",1985,127.335,2260,17.74848285
"functioneel-zaad-binair","Zaadeters — binair",1986,134.321,2384,17.74848285
"functioneel-zaad-binair","Zaadeters — binair",1987,153.027,2716,17.74848285
"functioneel-zaad-binair","Zaadeters — binair",1988,124.968,2218,17.74848285
"functioneel-zaad-binair","Zaadeters — binair",1989,132.18,2346,17.74848285
"functioneel-zaad-binair","Zaadeters — binair",1990,166.099,2948,17.74848285
"functioneel-zaad-binair","Zaadeters — binair",1991,163.225,2897,17.74848285
"functioneel-zaad-binair","Zaadeters — binair",1992,185.255,3288,17.74848285
"functioneel-zaad-binair","Zaadeters — binair",1993,177.311,3147,17.74848285
"functioneel-zaad-binair","Zaadeters — binair",1994,168.014,2982,17.74848285
"functioneel-zaad-binair","Zaadeters — binair",1995,163.169,2896,17.74848285
"functioneel-zaad-binair","Zaadeters — binair",1996,159.845,2837,17.74848285
"functioneel-zaad-binair","Zaadeters — binair",1997,158.211,2808,17.74848285
"functioneel-zaad-binair","Zaadeters — binair",1998,150.492,2671,17.74848285
"functioneel-zaad-binair","Zaadeters — binair",1999,159.563,2832,17.74848285
"functioneel-zaad-binair","Zaadeters — binair",2000,149.816,2659,17.74848285
"functioneel-zaad-binair","Zaadeters — binair",2001,163,2893,17.74848285
"functioneel-zaad-binair","Zaadeters — binair",2002,153.253,2720,17.74848285
"functioneel-zaad-binair","Zaadeters — binair",2003,141.139,2505,17.74848285
"functioneel-zaad-binair","Zaadeters — binair",2004,146.153,2594,17.74848285
"functioneel-zaad-binair","Zaadeters — binair",2005,117.869,2092,17.74848285
"functioneel-zaad-binair","Zaadeters — binair",2006,120.686,2142,17.74848285
"functioneel-zaad-binair","Zaadeters — binair",2007,128.067,2273,17.74848285
"functioneel-zaad-binair","Zaadeters — binair",2008,101.586,1803,17.74848285
"functioneel-zaad-binair","Zaadeters — binair",2009,107.051,1900,17.74848285
"functioneel-zaad-binair","Zaadeters — binair",2010,139.899,2483,17.74848285
"functioneel-zaad-binair","Zaadeters — binair",2011,123.56,2193,17.74848285
"functioneel-zaad-binair","Zaadeters — binair",2012,128.743,2285,17.74848285
"functioneel-zaad-binair","Zaadeters — binair",2013,124.067,2202,17.74848285
"functioneel-zaad-binair","Zaadeters — binair",2014,139.11,2469,17.74848285
"functioneel-zaad-binair","Zaadeters — binair",2015,144.069,2557,17.74848285
"functioneel-zaad-binair","Zaadeters — binair",2016,165.141,2931,17.74848285
"functioneel-zaad-binair","Zaadeters — binair",2017,165.93,2945,17.74848285
"functioneel-zaad-binair","Zaadeters — binair",2018,145.308,2579,17.74848285
"functioneel-zaad-binair","Zaadeters — binair",2019,139.223,2471,17.74848285
"functioneel-zaad-binair","Zaadeters — binair",2020,144.914,2572,17.74848285
"functioneel-zaad-binair","Zaadeters — binair",2021,145.252,2578,17.74848285
"functioneel-zaad-binair","Zaadeters — binair",2022,138.491,2458,17.74848285
"functioneel-zaad-binair","Zaadeters — binair",2023,160.464,2848,17.74848285
"functioneel-zaad-binair","Zaadeters — binair",2024,159.901,2838,17.74848285
"functioneel-zaad-binair","Zaadeters — binair",2025,151.168,2683,17.74848285
"functioneel-zaad-gewogen","Zaadeters — gewogen",1958,7.923,130.5,16.4707
"functioneel-zaad-gewogen","Zaadeters — gewogen",1959,14.693,242,16.4707
"functioneel-zaad-gewogen","Zaadeters — gewogen",1960,16.858,278,16.4907
"functioneel-zaad-gewogen","Zaadeters — gewogen",1961,17.607,290,16.4707
"functioneel-zaad-gewogen","Zaadeters — gewogen",1962,18.245,300.5,16.4707
"functioneel-zaad-gewogen","Zaadeters — gewogen",1963,13.941,228.5,16.3907
"functioneel-zaad-gewogen","Zaadeters — gewogen",1964,20.127,331.5,16.4707
"functioneel-zaad-gewogen","Zaadeters — gewogen",1965,22.999,386,16.7837
"functioneel-zaad-gewogen","Zaadeters — gewogen",1966,23.986,404.5,16.8637
"functioneel-zaad-gewogen","Zaadeters — gewogen",1967,23.459,401,17.0937
"functioneel-zaad-gewogen","Zaadeters — gewogen",1968,23.493,401,17.0687
"functioneel-zaad-gewogen","Zaadeters — gewogen",1969,21.062,359.5,17.0687
"functioneel-zaad-gewogen","Zaadeters — gewogen",1970,23.371,399.5,17.0937
"functioneel-zaad-gewogen","Zaadeters — gewogen",1971,23.385,399.5,17.0837
"functioneel-zaad-gewogen","Zaadeters — gewogen",1972,28.398,486,17.1137
"functioneel-zaad-gewogen","Zaadeters — gewogen",1973,70.939,1219,17.1837
"functioneel-zaad-gewogen","Zaadeters — gewogen",1974,78.072,1413,18.0987
"functioneel-zaad-gewogen","Zaadeters — gewogen",1975,78.415,1414.5,18.0387
"functioneel-zaad-gewogen","Zaadeters — gewogen",1976,82.019,1475,17.9837
"functioneel-zaad-gewogen","Zaadeters — gewogen",1977,83.237,1496.5,17.9787
"functioneel-zaad-gewogen","Zaadeters — gewogen",1978,89.019,1600,17.9737
"functioneel-zaad-gewogen","Zaadeters — gewogen",1979,90.076,1619,17.9737
"functioneel-zaad-gewogen","Zaadeters — gewogen",1980,96.292,1736.5,18.0337
"functioneel-zaad-gewogen","Zaadeters — gewogen",1981,108.103,1949.5,18.0337
"functioneel-zaad-gewogen","Zaadeters — gewogen",1982,109.746,1972,17.9687
"functioneel-zaad-gewogen","Zaadeters — gewogen",1983,122.418,2214.5,18.0897
"functioneel-zaad-gewogen","Zaadeters — gewogen",1984,64.682,1148,17.74848285
"functioneel-zaad-gewogen","Zaadeters — gewogen",1985,88.627,1573,17.74848285
"functioneel-zaad-gewogen","Zaadeters — gewogen",1986,91.952,1632,17.74848285
"functioneel-zaad-gewogen","Zaadeters — gewogen",1987,103.614,1839,17.74848285
"functioneel-zaad-gewogen","Zaadeters — gewogen",1988,83.725,1486,17.74848285
"functioneel-zaad-gewogen","Zaadeters — gewogen",1989,86.092,1528,17.74848285
"functioneel-zaad-gewogen","Zaadeters — gewogen",1990,109.136,1937,17.74848285
"functioneel-zaad-gewogen","Zaadeters — gewogen",1991,106.516,1890.5,17.74848285
"functioneel-zaad-gewogen","Zaadeters — gewogen",1992,120.743,2143,17.74848285
"functioneel-zaad-gewogen","Zaadeters — gewogen",1993,115.616,2052,17.74848285
"functioneel-zaad-gewogen","Zaadeters — gewogen",1994,108.657,1928.5,17.74848285
"functioneel-zaad-gewogen","Zaadeters — gewogen",1995,104.178,1849,17.74848285
"functioneel-zaad-gewogen","Zaadeters — gewogen",1996,102.037,1811,17.74848285
"functioneel-zaad-gewogen","Zaadeters — gewogen",1997,101.135,1795,17.74848285
"functioneel-zaad-gewogen","Zaadeters — gewogen",1998,95.473,1694.5,17.74848285
"functioneel-zaad-gewogen","Zaadeters — gewogen",1999,101.22,1796.5,17.74848285
"functioneel-zaad-gewogen","Zaadeters — gewogen",2000,94.177,1671.5,17.74848285
"functioneel-zaad-gewogen","Zaadeters — gewogen",2001,102.488,1819,17.74848285
"functioneel-zaad-gewogen","Zaadeters — gewogen",2002,96.121,1706,17.74848285
"functioneel-zaad-gewogen","Zaadeters — gewogen",2003,89.022,1580,17.74848285
"functioneel-zaad-gewogen","Zaadeters — gewogen",2004,92.233,1637,17.74848285
"functioneel-zaad-gewogen","Zaadeters — gewogen",2005,74.654,1325,17.74848285
"functioneel-zaad-gewogen","Zaadeters — gewogen",2006,76.767,1362.5,17.74848285
"functioneel-zaad-gewogen","Zaadeters — gewogen",2007,79.753,1415.5,17.74848285
"functioneel-zaad-gewogen","Zaadeters — gewogen",2008,63.442,1126,17.74848285
"functioneel-zaad-gewogen","Zaadeters — gewogen",2009,67.189,1192.5,17.74848285
"functioneel-zaad-gewogen","Zaadeters — gewogen",2010,88.12,1564,17.74848285
"functioneel-zaad-gewogen","Zaadeters — gewogen",2011,77.387,1373.5,17.74848285
"functioneel-zaad-gewogen","Zaadeters — gewogen",2012,82.486,1464,17.74848285
"functioneel-zaad-gewogen","Zaadeters — gewogen",2013,78.007,1384.5,17.74848285
"functioneel-zaad-gewogen","Zaadeters — gewogen",2014,88.994,1579.5,17.74848285
"functioneel-zaad-gewogen","Zaadeters — gewogen",2015,93.304,1656,17.74848285
"functioneel-zaad-gewogen","Zaadeters — gewogen",2016,107.023,1899.5,17.74848285
"functioneel-zaad-gewogen","Zaadeters — gewogen",2017,109.023,1935,17.74848285
"functioneel-zaad-gewogen","Zaadeters — gewogen",2018,97.332,1727.5,17.74848285
"functioneel-zaad-gewogen","Zaadeters — gewogen",2019,90.205,1601,17.74848285
"functioneel-zaad-gewogen","Zaadeters — gewogen",2020,95.698,1698.5,17.74848285
"functioneel-zaad-gewogen","Zaadeters — gewogen",2021,97.558,1731.5,17.74848285
"functioneel-zaad-gewogen","Zaadeters — gewogen",2022,91.67,1627,17.74848285
"functioneel-zaad-gewogen","Zaadeters — gewogen",2023,106.037,1882,17.74848285
"functioneel-zaad-gewogen","Zaadeters — gewogen",2024,103.868,1843.5,17.74848285
"functioneel-zaad-gewogen","Zaadeters — gewogen",2025,98.093,1741,17.74848285
"oranje-lijst","Oranje Lijst",1958,5.768,95,16.4707
"oranje-lijst","Oranje Lijst",1959,7.954,131,16.4707
"oranje-lijst","Oranje Lijst",1960,7.034,116,16.4907
"oranje-lijst","Oranje Lijst",1961,8.439,139,16.4707
"oranje-lijst","Oranje Lijst",1962,7.589,125,16.4707
"oranje-lijst","Oranje Lijst",1963,4.576,75,16.3907
"oranje-lijst","Oranje Lijst",1964,5.343,88,16.4707
"oranje-lijst","Oranje Lijst",1965,5.243,88,16.7837
"oranje-lijst","Oranje Lijst",1966,4.922,83,16.8637
"oranje-lijst","Oranje Lijst",1967,4.446,76,17.0937
"oranje-lijst","Oranje Lijst",1968,7.909,135,17.0687
"oranje-lijst","Oranje Lijst",1969,7.089,121,17.0687
"oranje-lijst","Oranje Lijst",1970,6.552,112,17.0937
"oranje-lijst","Oranje Lijst",1971,7.434,127,17.0837
"oranje-lijst","Oranje Lijst",1972,7.421,127,17.1137
"oranje-lijst","Oranje Lijst",1973,13.909,239,17.1837
"oranje-lijst","Oranje Lijst",1974,14.808,268,18.0987
"oranje-lijst","Oranje Lijst",1975,16.132,291,18.0387
"oranje-lijst","Oranje Lijst",1976,15.848,285,17.9837
"oranje-lijst","Oranje Lijst",1977,15.24,274,17.9787
"oranje-lijst","Oranje Lijst",1978,27.262,490,17.9737
"oranje-lijst","Oranje Lijst",1979,29.376,528,17.9737
"oranje-lijst","Oranje Lijst",1980,49.74,897,18.0337
"oranje-lijst","Oranje Lijst",1981,82.9,1495,18.0337
"oranje-lijst","Oranje Lijst",1982,125.385,2253,17.9687
"oranje-lijst","Oranje Lijst",1983,138.753,2510,18.0897
"oranje-lijst","Oranje Lijst",1984,103.671,1840,17.74848285
"oranje-lijst","Oranje Lijst",1985,34.538,613,17.74848285
"oranje-lijst","Oranje Lijst",1986,26.763,475,17.74848285
"oranje-lijst","Oranje Lijst",1987,20.452,363,17.74848285
"oranje-lijst","Oranje Lijst",1988,15.156,269,17.74848285
"oranje-lijst","Oranje Lijst",1989,13.973,248,17.74848285
"oranje-lijst","Oranje Lijst",1990,28.848,512,17.74848285
"oranje-lijst","Oranje Lijst",1991,21.917,389,17.74848285
"oranje-lijst","Oranje Lijst",1992,20.171,358,17.74848285
"oranje-lijst","Oranje Lijst",1993,19.326,343,17.74848285
"oranje-lijst","Oranje Lijst",1994,17.635,313,17.74848285
"oranje-lijst","Oranje Lijst",1995,21.861,388,17.74848285
"oranje-lijst","Oranje Lijst",1996,25.805,458,17.74848285
"oranje-lijst","Oranje Lijst",1997,24.509,435,17.74848285
"oranje-lijst","Oranje Lijst",1998,6.254,111,17.74848285
"oranje-lijst","Oranje Lijst",1999,7.437,132,17.74848285
"oranje-lijst","Oranje Lijst",2000,6.423,114,17.74848285
"oranje-lijst","Oranje Lijst",2001,6.141,109,17.74848285
"oranje-lijst","Oranje Lijst",2002,5.86,104,17.74848285
"oranje-lijst","Oranje Lijst",2003,5.691,101,17.74848285
"oranje-lijst","Oranje Lijst",2004,6.198,110,17.74848285
"oranje-lijst","Oranje Lijst",2005,3.888,69,17.74848285
"oranje-lijst","Oranje Lijst",2006,4.113,73,17.74848285
"oranje-lijst","Oranje Lijst",2007,3.719,66,17.74848285
"oranje-lijst","Oranje Lijst",2008,3.155,56,17.74848285
"oranje-lijst","Oranje Lijst",2009,2.761,49,17.74848285
"oranje-lijst","Oranje Lijst",2010,2.648,47,17.74848285
"oranje-lijst","Oranje Lijst",2011,2.423,43,17.74848285
"oranje-lijst","Oranje Lijst",2012,2.704,48,17.74848285
"oranje-lijst","Oranje Lijst",2013,2.761,49,17.74848285
"oranje-lijst","Oranje Lijst",2014,2.028,36,17.74848285
"oranje-lijst","Oranje Lijst",2015,2.761,49,17.74848285
"oranje-lijst","Oranje Lijst",2016,3.775,67,17.74848285
"oranje-lijst","Oranje Lijst",2017,3.155,56,17.74848285
"oranje-lijst","Oranje Lijst",2018,2.535,45,17.74848285
"oranje-lijst","Oranje Lijst",2019,2.704,48,17.74848285
"oranje-lijst","Oranje Lijst",2020,3.212,57,17.74848285
"oranje-lijst","Oranje Lijst",2021,2.479,44,17.74848285
"oranje-lijst","Oranje Lijst",2022,2.366,42,17.74848285
"oranje-lijst","Oranje Lijst",2023,2.873,51,17.74848285
"oranje-lijst","Oranje Lijst",2024,2.197,39,17.74848285
"oranje-lijst","Oranje Lijst",2025,2.028,36,17.74848285
"rode-en-oranje-lijst","Rode & Oranjelijst",1958,11.353,187,16.4707
"rode-en-oranje-lijst","Rode & Oranjelijst",1959,17.607,290,16.4707
"rode-en-oranje-lijst","Rode & Oranjelijst",1960,15.948,263,16.4907
"rode-en-oranje-lijst","Rode & Oranjelijst",1961,18.336,302,16.4707
"rode-en-oranje-lijst","Rode & Oranjelijst",1962,18.578,306,16.4707
"rode-en-oranje-lijst","Rode & Oranjelijst",1963,12.934,212,16.3907
"rode-en-oranje-lijst","Rode & Oranjelijst",1964,17.911,295,16.4707
"rode-en-oranje-lijst","Rode & Oranjelijst",1965,18.649,313,16.7837
"rode-en-oranje-lijst","Rode & Oranjelijst",1966,19.213,324,16.8637
"rode-en-oranje-lijst","Rode & Oranjelijst",1967,17.375,297,17.0937
"rode-en-oranje-lijst","Rode & Oranjelijst",1968,20.505,350,17.0687
"rode-en-oranje-lijst","Rode & Oranjelijst",1969,17.342,296,17.0687
"rode-en-oranje-lijst","Rode & Oranjelijst",1970,18.077,309,17.0937
"rode-en-oranje-lijst","Rode & Oranjelijst",1971,18.673,319,17.0837
"rode-en-oranje-lijst","Rode & Oranjelijst",1972,20.51,351,17.1137
"rode-en-oranje-lijst","Rode & Oranjelijst",1973,46.09,792,17.1837
"rode-en-oranje-lijst","Rode & Oranjelijst",1974,50.501,914,18.0987
"rode-en-oranje-lijst","Rode & Oranjelijst",1975,51.722,933,18.0387
"rode-en-oranje-lijst","Rode & Oranjelijst",1976,55.495,998,17.9837
"rode-en-oranje-lijst","Rode & Oranjelijst",1977,50.671,911,17.9787
"rode-en-oranje-lijst","Rode & Oranjelijst",1978,66.709,1199,17.9737
"rode-en-oranje-lijst","Rode & Oranjelijst",1979,66.875,1202,17.9737
"rode-en-oranje-lijst","Rode & Oranjelijst",1980,84.453,1523,18.0337
"rode-en-oranje-lijst","Rode & Oranjelijst",1981,120.164,2167,18.0337
"rode-en-oranje-lijst","Rode & Oranjelijst",1982,160.835,2890,17.9687
"rode-en-oranje-lijst","Rode & Oranjelijst",1983,175.404,3173,18.0897
"rode-en-oranje-lijst","Rode & Oranjelijst",1984,119.672,2124,17.74848285
"rode-en-oranje-lijst","Rode & Oranjelijst",1985,56.568,1004,17.74848285
"rode-en-oranje-lijst","Rode & Oranjelijst",1986,46.99,834,17.74848285
"rode-en-oranje-lijst","Rode & Oranjelijst",1987,40.623,721,17.74848285
"rode-en-oranje-lijst","Rode & Oranjelijst",1988,30.651,544,17.74848285
"rode-en-oranje-lijst","Rode & Oranjelijst",1989,29.298,520,17.74848285
"rode-en-oranje-lijst","Rode & Oranjelijst",1990,44.511,790,17.74848285
"rode-en-oranje-lijst","Rode & Oranjelijst",1991,34.876,619,17.74848285
"rode-en-oranje-lijst","Rode & Oranjelijst",1992,37.017,657,17.74848285
"rode-en-oranje-lijst","Rode & Oranjelijst",1993,35.102,623,17.74848285
"rode-en-oranje-lijst","Rode & Oranjelijst",1994,32.792,582,17.74848285
"rode-en-oranje-lijst","Rode & Oranjelijst",1995,34.82,618,17.74848285
"rode-en-oranje-lijst","Rode & Oranjelijst",1996,39.102,694,17.74848285
"rode-en-oranje-lijst","Rode & Oranjelijst",1997,37.13,659,17.74848285
"rode-en-oranje-lijst","Rode & Oranjelijst",1998,16.959,301,17.74848285
"rode-en-oranje-lijst","Rode & Oranjelijst",1999,19.438,345,17.74848285
"rode-en-oranje-lijst","Rode & Oranjelijst",2000,16.734,297,17.74848285
"rode-en-oranje-lijst","Rode & Oranjelijst",2001,17.128,304,17.74848285
"rode-en-oranje-lijst","Rode & Oranjelijst",2002,18.03,320,17.74848285
"rode-en-oranje-lijst","Rode & Oranjelijst",2003,16.79,298,17.74848285
"rode-en-oranje-lijst","Rode & Oranjelijst",2004,15.551,276,17.74848285
"rode-en-oranje-lijst","Rode & Oranjelijst",2005,14.029,249,17.74848285
"rode-en-oranje-lijst","Rode & Oranjelijst",2006,11.438,203,17.74848285
"rode-en-oranje-lijst","Rode & Oranjelijst",2007,11.325,201,17.74848285
"rode-en-oranje-lijst","Rode & Oranjelijst",2008,9.24,164,17.74848285
"rode-en-oranje-lijst","Rode & Oranjelijst",2009,8.339,148,17.74848285
"rode-en-oranje-lijst","Rode & Oranjelijst",2010,7.55,134,17.74848285
"rode-en-oranje-lijst","Rode & Oranjelijst",2011,7.437,132,17.74848285
"rode-en-oranje-lijst","Rode & Oranjelijst",2012,8.508,151,17.74848285
"rode-en-oranje-lijst","Rode & Oranjelijst",2013,8.339,148,17.74848285
"rode-en-oranje-lijst","Rode & Oranjelijst",2014,7.944,141,17.74848285
"rode-en-oranje-lijst","Rode & Oranjelijst",2015,10.085,179,17.74848285
"rode-en-oranje-lijst","Rode & Oranjelijst",2016,11.832,210,17.74848285
"rode-en-oranje-lijst","Rode & Oranjelijst",2017,10.987,195,17.74848285
"rode-en-oranje-lijst","Rode & Oranjelijst",2018,11.494,204,17.74848285
"rode-en-oranje-lijst","Rode & Oranjelijst",2019,11.663,207,17.74848285
"rode-en-oranje-lijst","Rode & Oranjelijst",2020,13.015,231,17.74848285
"rode-en-oranje-lijst","Rode & Oranjelijst",2021,13.804,245,17.74848285
"rode-en-oranje-lijst","Rode & Oranjelijst",2022,12.452,221,17.74848285
"rode-en-oranje-lijst","Rode & Oranjelijst",2023,15.382,273,17.74848285
"rode-en-oranje-lijst","Rode & Oranjelijst",2024,13.353,237,17.74848285
"rode-en-oranje-lijst","Rode & Oranjelijst",2025,13.691,243,17.74848285
"rode-lijst","Rode Lijst Totaal",1958,5.586,92,16.4707
"rode-lijst","Rode Lijst Totaal",1959,9.654,159,16.4707
"rode-lijst","Rode Lijst Totaal",1960,8.914,147,16.4907
"rode-lijst","Rode Lijst Totaal",1961,9.896,163,16.4707
"rode-lijst","Rode Lijst Totaal",1962,10.989,181,16.4707
"rode-lijst","Rode Lijst Totaal",1963,8.358,137,16.3907
"rode-lijst","Rode Lijst Totaal",1964,12.568,207,16.4707
"rode-lijst","Rode Lijst Totaal",1965,13.406,225,16.7837
"rode-lijst","Rode Lijst Totaal",1966,14.291,241,16.8637
"rode-lijst","Rode Lijst Totaal",1967,12.929,221,17.0937
"rode-lijst","Rode Lijst Totaal",1968,12.596,215,17.0687
"rode-lijst","Rode Lijst Totaal",1969,10.253,175,17.0687
"rode-lijst","Rode Lijst Totaal",1970,11.525,197,17.0937
"rode-lijst","Rode Lijst Totaal",1971,11.239,192,17.0837
"rode-lijst","Rode Lijst Totaal",1972,13.089,224,17.1137
"rode-lijst","Rode Lijst Totaal",1973,32.182,553,17.1837
"rode-lijst","Rode Lijst Totaal",1974,35.693,646,18.0987
"rode-lijst","Rode Lijst Totaal",1975,35.59,642,18.0387
"rode-lijst","Rode Lijst Totaal",1976,39.647,713,17.9837
"rode-lijst","Rode Lijst Totaal",1977,35.431,637,17.9787
"rode-lijst","Rode Lijst Totaal",1978,39.447,709,17.9737
"rode-lijst","Rode Lijst Totaal",1979,37.499,674,17.9737
"rode-lijst","Rode Lijst Totaal",1980,34.713,626,18.0337
"rode-lijst","Rode Lijst Totaal",1981,37.264,672,18.0337
"rode-lijst","Rode Lijst Totaal",1982,35.451,637,17.9687
"rode-lijst","Rode Lijst Totaal",1983,36.651,663,18.0897
"rode-lijst","Rode Lijst Totaal",1984,16.001,284,17.74848285
"rode-lijst","Rode Lijst Totaal",1985,22.03,391,17.74848285
"rode-lijst","Rode Lijst Totaal",1986,20.227,359,17.74848285
"rode-lijst","Rode Lijst Totaal",1987,20.171,358,17.74848285
"rode-lijst","Rode Lijst Totaal",1988,15.494,275,17.74848285
"rode-lijst","Rode Lijst Totaal",1989,15.325,272,17.74848285
"rode-lijst","Rode Lijst Totaal",1990,15.663,278,17.74848285
"rode-lijst","Rode Lijst Totaal",1991,12.959,230,17.74848285
"rode-lijst","Rode Lijst Totaal",1992,16.847,299,17.74848285
"rode-lijst","Rode Lijst Totaal",1993,15.776,280,17.74848285
"rode-lijst","Rode Lijst Totaal",1994,15.156,269,17.74848285
"rode-lijst","Rode Lijst Totaal",1995,12.959,230,17.74848285
"rode-lijst","Rode Lijst Totaal",1996,13.297,236,17.74848285
"rode-lijst","Rode Lijst Totaal",1997,12.621,224,17.74848285
"rode-lijst","Rode Lijst Totaal",1998,10.705,190,17.74848285
"rode-lijst","Rode Lijst Totaal",1999,12.001,213,17.74848285
"rode-lijst","Rode Lijst Totaal",2000,10.311,183,17.74848285
"rode-lijst","Rode Lijst Totaal",2001,10.987,195,17.74848285
"rode-lijst","Rode Lijst Totaal",2002,12.17,216,17.74848285
"rode-lijst","Rode Lijst Totaal",2003,11.1,197,17.74848285
"rode-lijst","Rode Lijst Totaal",2004,9.353,166,17.74848285
"rode-lijst","Rode Lijst Totaal",2005,10.142,180,17.74848285
"rode-lijst","Rode Lijst Totaal",2006,7.325,130,17.74848285
"rode-lijst","Rode Lijst Totaal",2007,7.606,135,17.74848285
"rode-lijst","Rode Lijst Totaal",2008,6.085,108,17.74848285
"rode-lijst","Rode Lijst Totaal",2009,5.578,99,17.74848285
"rode-lijst","Rode Lijst Totaal",2010,4.902,87,17.74848285
"rode-lijst","Rode Lijst Totaal",2011,5.015,89,17.74848285
"rode-lijst","Rode Lijst Totaal",2012,5.803,103,17.74848285
"rode-lijst","Rode Lijst Totaal",2013,5.578,99,17.74848285
"rode-lijst","Rode Lijst Totaal",2014,5.916,105,17.74848285
"rode-lijst","Rode Lijst Totaal",2015,7.325,130,17.74848285
"rode-lijst","Rode Lijst Totaal",2016,8.057,143,17.74848285
"rode-lijst","Rode Lijst Totaal",2017,7.832,139,17.74848285
"rode-lijst","Rode Lijst Totaal",2018,8.959,159,17.74848285
"rode-lijst","Rode Lijst Totaal",2019,8.959,159,17.74848285
"rode-lijst","Rode Lijst Totaal",2020,9.804,174,17.74848285
"rode-lijst","Rode Lijst Totaal",2021,11.325,201,17.74848285
"rode-lijst","Rode Lijst Totaal",2022,10.085,179,17.74848285
"rode-lijst","Rode Lijst Totaal",2023,12.508,222,17.74848285
"rode-lijst","Rode Lijst Totaal",2024,11.156,198,17.74848285
"rode-lijst","Rode Lijst Totaal",2025,11.663,207,17.74848285
"vogelrichtlijn","Vogelrichtlijn",1958,20.946,345,16.4707
"vogelrichtlijn","Vogelrichtlijn",1959,34.243,564,16.4707
"vogelrichtlijn","Vogelrichtlijn",1960,34.929,576,16.4907
"vogelrichtlijn","Vogelrichtlijn",1961,37.885,624,16.4707
"vogelrichtlijn","Vogelrichtlijn",1962,39.768,655,16.4707
"vogelrichtlijn","Vogelrichtlijn",1963,33.434,548,16.3907
"vogelrichtlijn","Vogelrichtlijn",1964,48.571,800,16.4707
"vogelrichtlijn","Vogelrichtlijn",1965,53.266,894,16.7837
"vogelrichtlijn","Vogelrichtlijn",1966,56.927,960,16.8637
"vogelrichtlijn","Vogelrichtlijn",1967,57.039,975,17.0937
"vogelrichtlijn","Vogelrichtlijn",1968,53.314,910,17.0687
"vogelrichtlijn","Vogelrichtlijn",1969,45.698,780,17.0687
"vogelrichtlijn","Vogelrichtlijn",1970,54.348,929,17.0937
"vogelrichtlijn","Vogelrichtlijn",1971,54.848,937,17.0837
"vogelrichtlijn","Vogelrichtlijn",1972,57.848,990,17.1137
"vogelrichtlijn","Vogelrichtlijn",1973,76.584,1316,17.1837
"vogelrichtlijn","Vogelrichtlijn",1974,67.519,1222,18.0987
"vogelrichtlijn","Vogelrichtlijn",1975,78.553,1417,18.0387
"vogelrichtlijn","Vogelrichtlijn",1976,89.637,1612,17.9837
"vogelrichtlijn","Vogelrichtlijn",1977,92.109,1656,17.9787
"vogelrichtlijn","Vogelrichtlijn",1978,95.64,1719,17.9737
"vogelrichtlijn","Vogelrichtlijn",1979,108.102,1943,17.9737
"vogelrichtlijn","Vogelrichtlijn",1980,113.232,2042,18.0337
"vogelrichtlijn","Vogelrichtlijn",1981,125.265,2259,18.0337
"vogelrichtlijn","Vogelrichtlijn",1982,132.842,2387,17.9687
"vogelrichtlijn","Vogelrichtlijn",1983,137.592,2489,18.0897
"vogelrichtlijn","Vogelrichtlijn",1984,121.588,2158,17.74848285
"vogelrichtlijn","Vogelrichtlijn",1985,151.562,2690,17.74848285
"vogelrichtlijn","Vogelrichtlijn",1986,150.323,2668,17.74848285
"vogelrichtlijn","Vogelrichtlijn",1987,154.098,2735,17.74848285
"vogelrichtlijn","Vogelrichtlijn",1988,139.11,2469,17.74848285
"vogelrichtlijn","Vogelrichtlijn",1989,102.206,1814,17.74848285
"vogelrichtlijn","Vogelrichtlijn",1990,98.769,1753,17.74848285
"vogelrichtlijn","Vogelrichtlijn",1991,48.004,852,17.74848285
"vogelrichtlijn","Vogelrichtlijn",1992,52.962,940,17.74848285
"vogelrichtlijn","Vogelrichtlijn",1993,54.596,969,17.74848285
"vogelrichtlijn","Vogelrichtlijn",1994,53.526,950,17.74848285
"vogelrichtlijn","Vogelrichtlijn",1995,46.821,831,17.74848285
"vogelrichtlijn","Vogelrichtlijn",1996,50.032,888,17.74848285
"vogelrichtlijn","Vogelrichtlijn",1997,48.737,865,17.74848285
"vogelrichtlijn","Vogelrichtlijn",1998,49.413,877,17.74848285
"vogelrichtlijn","Vogelrichtlijn",1999,59.329,1053,17.74848285
"vogelrichtlijn","Vogelrichtlijn",2000,43.609,774,17.74848285
"vogelrichtlijn","Vogelrichtlijn",2001,47.948,851,17.74848285
"vogelrichtlijn","Vogelrichtlijn",2002,44.567,791,17.74848285
"vogelrichtlijn","Vogelrichtlijn",2003,58.935,1046,17.74848285
"vogelrichtlijn","Vogelrichtlijn",2004,57.357,1018,17.74848285
"vogelrichtlijn","Vogelrichtlijn",2005,55.948,993,17.74848285
"vogelrichtlijn","Vogelrichtlijn",2006,55.216,980,17.74848285
"vogelrichtlijn","Vogelrichtlijn",2007,62.935,1117,17.74848285
"vogelrichtlijn","Vogelrichtlijn",2008,50.314,893,17.74848285
"vogelrichtlijn","Vogelrichtlijn",2009,80.57,1430,17.74848285
"vogelrichtlijn","Vogelrichtlijn",2010,70.09,1244,17.74848285
"vogelrichtlijn","Vogelrichtlijn",2011,65.977,1171,17.74848285
"vogelrichtlijn","Vogelrichtlijn",2012,67.104,1191,17.74848285
"vogelrichtlijn","Vogelrichtlijn",2013,77.246,1371,17.74848285
"vogelrichtlijn","Vogelrichtlijn",2014,88.965,1579,17.74848285
"vogelrichtlijn","Vogelrichtlijn",2015,88.909,1578,17.74848285
"vogelrichtlijn","Vogelrichtlijn",2016,96.403,1711,17.74848285
"vogelrichtlijn","Vogelrichtlijn",2017,90.036,1598,17.74848285
"vogelrichtlijn","Vogelrichtlijn",2018,94.938,1685,17.74848285
"vogelrichtlijn","Vogelrichtlijn",2019,99.22,1761,17.74848285
"vogelrichtlijn","Vogelrichtlijn",2020,99.332,1763,17.74848285
"vogelrichtlijn","Vogelrichtlijn",2021,91.952,1632,17.74848285
"vogelrichtlijn","Vogelrichtlijn",2022,63.104,1120,17.74848285
"vogelrichtlijn","Vogelrichtlijn",2023,80.12,1422,17.74848285
"vogelrichtlijn","Vogelrichtlijn",2024,81.359,1444,17.74848285
"vogelrichtlijn","Vogelrichtlijn",2025,84.571,1501,17.74848285
