"maand","totaal_aantal","detecties","geldige_bezoeken","gemiddeld_per_bezoek","waarnemingsfrequentie","schatting_aantal","ondergrens_aantal","bovengrens_aantal","schatting_detectie","ondergrens_detectie","bovengrens_detectie","maandindex","soort_id","soort_naam","modelstatus","weergavetype"
"dec",1971,145,564,3.49468085106383,0.25709219858156,0.0882683671322808,0.0293672079451299,0.234917781143082,0.0726088314708551,0.0299475068294915,0.149996990795857,77.8224520320713,5,"Aalscholver","indicatief","modelindex"
"feb",1139,102,556,2.04856115107914,0.183453237410072,0.0537669415019445,0.0168299390916627,0.14284271483015,0.0391367073681736,0.0150055838724601,0.0829715904208386,47.4040175647026,5,"Aalscholver","indicatief","modelindex"
"jan",1002,124,562,1.78291814946619,0.220640569395018,0.0726462854468938,0.0246684517452754,0.187775353553483,0.0536132238804328,0.021933507301634,0.109210783078441,64.0491293560079,5,"Aalscholver","indicatief","modelindex"
"mrt",3670,102,454,8.08370044052863,0.224669603524229,0.149747823970562,0.0491312385655058,0.376973523778804,0.0595676523864176,0.0227806837443414,0.123950372945911,132.026265200891,5,"Aalscholver","indicatief","modelindex"
"nov",2223,176,571,3.89316987740806,0.308231173380035,0.150711167610105,0.0521621988267093,0.395455166829263,0.106017978655158,0.0467738807773446,0.200809375031325,132.875604172648,5,"Aalscholver","indicatief","modelindex"
"okt",2583,151,548,4.71350364963504,0.275547445255474,0.133225601804396,0.0458951720367455,0.340402499589256,0.0900251499728446,0.0377196547997225,0.180834282388032,117.459327080661,5,"Aalscholver","indicatief","modelindex"
"sep",2136,158,508,4.20472440944882,0.311023622047244,0.14559307980457,0.0456268754638061,0.36871941488322,0.113593791617994,0.0493237752309608,0.219356927774869,128.363204593019,5,"Aalscholver","indicatief","modelindex"
"dec",1,1,564,0.00177304964539007,0.00177304964539007,,,,,,,,248,"Appelvink","alleen_beschrijvend","beschrijvend"
"feb",3,3,556,0.00539568345323741,0.00539568345323741,,,,,,,,248,"Appelvink","alleen_beschrijvend","beschrijvend"
"jan",5,3,562,0.00889679715302491,0.00533807829181495,,,,,,,,248,"Appelvink","alleen_beschrijvend","beschrijvend"
"mrt",22,10,454,0.0484581497797357,0.0220264317180617,,,,,,,,248,"Appelvink","alleen_beschrijvend","beschrijvend"
"nov",2,1,571,0.00350262697022767,0.00175131348511384,,,,,,,,248,"Appelvink","alleen_beschrijvend","beschrijvend"
"okt",12,6,548,0.0218978102189781,0.0109489051094891,,,,,,,,248,"Appelvink","alleen_beschrijvend","beschrijvend"
"sep",6,4,508,0.0118110236220472,0.0078740157480315,,,,,,,,248,"Appelvink","alleen_beschrijvend","beschrijvend"
"dec",17,8,564,0.0301418439716312,0.0141843971631206,,,,,,,,206,"Baardmannetje","alleen_beschrijvend","beschrijvend"
"feb",13,4,556,0.0233812949640288,0.00719424460431655,,,,,,,,206,"Baardmannetje","alleen_beschrijvend","beschrijvend"
"jan",7,3,562,0.0124555160142349,0.00533807829181495,,,,,,,,206,"Baardmannetje","alleen_beschrijvend","beschrijvend"
"mrt",1,1,454,0.00220264317180617,0.00220264317180617,,,,,,,,206,"Baardmannetje","alleen_beschrijvend","beschrijvend"
"nov",35,12,571,0.0612959719789842,0.021015761821366,,,,,,,,206,"Baardmannetje","alleen_beschrijvend","beschrijvend"
"okt",141,23,548,0.257299270072993,0.041970802919708,,,,,,,,206,"Baardmannetje","alleen_beschrijvend","beschrijvend"
"sep",0,0,508,0,0,,,,,,,,206,"Baardmannetje","alleen_beschrijvend","beschrijvend"
"dec",42,6,564,0.074468085106383,0.0106382978723404,,,,,,,,240,"Barmsijs","alleen_beschrijvend","beschrijvend"
"feb",1,1,556,0.00179856115107914,0.00179856115107914,,,,,,,,240,"Barmsijs","alleen_beschrijvend","beschrijvend"
"jan",13,5,562,0.0231316725978648,0.00889679715302491,,,,,,,,240,"Barmsijs","alleen_beschrijvend","beschrijvend"
"mrt",1,1,454,0.00220264317180617,0.00220264317180617,,,,,,,,240,"Barmsijs","alleen_beschrijvend","beschrijvend"
"nov",38,10,571,0.0665499124343257,0.0175131348511384,,,,,,,,240,"Barmsijs","alleen_beschrijvend","beschrijvend"
"okt",19,2,548,0.0346715328467153,0.00364963503649635,,,,,,,,240,"Barmsijs","alleen_beschrijvend","beschrijvend"
"sep",0,0,508,0,0,,,,,,,,240,"Barmsijs","alleen_beschrijvend","beschrijvend"
"dec",16,2,564,0.0283687943262411,0.00354609929078014,,,,,,,,174,"Beflijster","alleen_beschrijvend","beschrijvend"
"feb",0,0,556,0,0,,,,,,,,174,"Beflijster","alleen_beschrijvend","beschrijvend"
"jan",0,0,562,0,0,,,,,,,,174,"Beflijster","alleen_beschrijvend","beschrijvend"
"mrt",0,0,454,0,0,,,,,,,,174,"Beflijster","alleen_beschrijvend","beschrijvend"
"nov",4,4,571,0.00700525394045534,0.00700525394045534,,,,,,,,174,"Beflijster","alleen_beschrijvend","beschrijvend"
"okt",37,18,548,0.0675182481751825,0.0328467153284672,,,,,,,,174,"Beflijster","alleen_beschrijvend","beschrijvend"
"sep",0,0,508,0,0,,,,,,,,174,"Beflijster","alleen_beschrijvend","beschrijvend"
"dec",0,0,564,0,0,,,,,,,,29,"Bergeend","alleen_beschrijvend","beschrijvend"
"feb",6,3,556,0.0107913669064748,0.00539568345323741,,,,,,,,29,"Bergeend","alleen_beschrijvend","beschrijvend"
"jan",4,3,562,0.00711743772241993,0.00533807829181495,,,,,,,,29,"Bergeend","alleen_beschrijvend","beschrijvend"
"mrt",13,7,454,0.0286343612334802,0.0154185022026432,,,,,,,,29,"Bergeend","alleen_beschrijvend","beschrijvend"
"nov",2,2,571,0.00350262697022767,0.00350262697022767,,,,,,,,29,"Bergeend","alleen_beschrijvend","beschrijvend"
"okt",0,0,548,0,0,,,,,,,,29,"Bergeend","alleen_beschrijvend","beschrijvend"
"sep",1,1,508,0.00196850393700787,0.00196850393700787,,,,,,,,29,"Bergeend","alleen_beschrijvend","beschrijvend"
"dec",0,0,564,0,0,,,,,,,,525,"Bladkoning","alleen_beschrijvend","beschrijvend"
"feb",0,0,556,0,0,,,,,,,,525,"Bladkoning","alleen_beschrijvend","beschrijvend"
"jan",0,0,562,0,0,,,,,,,,525,"Bladkoning","alleen_beschrijvend","beschrijvend"
"mrt",0,0,454,0,0,,,,,,,,525,"Bladkoning","alleen_beschrijvend","beschrijvend"
"nov",2,2,571,0.00350262697022767,0.00350262697022767,,,,,,,,525,"Bladkoning","alleen_beschrijvend","beschrijvend"
"okt",41,28,548,0.0748175182481752,0.0510948905109489,,,,,,,,525,"Bladkoning","alleen_beschrijvend","beschrijvend"
"sep",5,5,508,0.00984251968503937,0.00984251968503937,,,,,,,,525,"Bladkoning","alleen_beschrijvend","beschrijvend"
"dec",0,0,564,0,0,,,,,,,,168,"Blauwborst","alleen_beschrijvend","beschrijvend"
"feb",0,0,556,0,0,,,,,,,,168,"Blauwborst","alleen_beschrijvend","beschrijvend"
"jan",0,0,562,0,0,,,,,,,,168,"Blauwborst","alleen_beschrijvend","beschrijvend"
"mrt",22,12,454,0.0484581497797357,0.026431718061674,,,,,,,,168,"Blauwborst","alleen_beschrijvend","beschrijvend"
"nov",0,0,571,0,0,,,,,,,,168,"Blauwborst","alleen_beschrijvend","beschrijvend"
"okt",1,1,548,0.00182481751824818,0.00182481751824818,,,,,,,,168,"Blauwborst","alleen_beschrijvend","beschrijvend"
"sep",0,0,508,0,0,,,,,,,,168,"Blauwborst","alleen_beschrijvend","beschrijvend"
"dec",22,22,564,0.0390070921985816,0.0390070921985816,,,,,,,,58,"Blauwe Kiekendief","alleen_beschrijvend","beschrijvend"
"feb",16,16,556,0.0287769784172662,0.0287769784172662,,,,,,,,58,"Blauwe Kiekendief","alleen_beschrijvend","beschrijvend"
"jan",17,17,562,0.0302491103202847,0.0302491103202847,,,,,,,,58,"Blauwe Kiekendief","alleen_beschrijvend","beschrijvend"
"mrt",4,4,454,0.00881057268722467,0.00881057268722467,,,,,,,,58,"Blauwe Kiekendief","alleen_beschrijvend","beschrijvend"
"nov",22,22,571,0.0385288966725044,0.0385288966725044,,,,,,,,58,"Blauwe Kiekendief","alleen_beschrijvend","beschrijvend"
"okt",10,9,548,0.0182481751824818,0.0164233576642336,,,,,,,,58,"Blauwe Kiekendief","alleen_beschrijvend","beschrijvend"
"sep",1,1,508,0.00196850393700787,0.00196850393700787,,,,,,,,58,"Blauwe Kiekendief","alleen_beschrijvend","beschrijvend"
"dec",303,208,564,0.537234042553192,0.368794326241135,0.179331467520322,0.107822336449082,0.295054382847533,0.185258495465485,0.109119916310967,0.291590047391582,102.176838111852,11,"Blauwe Reiger","indicatief","modelindex"
"feb",252,166,556,0.453237410071942,0.298561151079137,0.153527247536209,0.0907103656676969,0.25560981240707,0.128229932875886,0.0699382564297302,0.204092803939265,87.474490306548,11,"Blauwe Reiger","indicatief","modelindex"
"jan",291,194,562,0.51779359430605,0.345195729537367,0.169739873100143,0.0996043902659031,0.284480855571555,0.161230043235555,0.0926506160580805,0.257504235456605,96.7118809358666,11,"Blauwe Reiger","indicatief","modelindex"
"mrt",184,113,454,0.405286343612335,0.248898678414097,0.134795016421834,0.0749455544708836,0.222314639246405,0.0952415648161347,0.0509101354825037,0.159697229036209,76.8015159952752,11,"Blauwe Reiger","indicatief","modelindex"
"nov",326,227,571,0.57092819614711,0.397548161120841,0.191170227833832,0.112217651338305,0.319245382663126,0.213893802546188,0.129976778258448,0.329355865758739,108.922152320924,11,"Blauwe Reiger","indicatief","modelindex"
"okt",322,183,548,0.587591240875912,0.333941605839416,0.196923682202039,0.117090696183608,0.32231986968906,0.160006602038552,0.0929403910878244,0.253831844511606,112.200270677356,11,"Blauwe Reiger","indicatief","modelindex"
"sep",304,175,508,0.598425196850394,0.344488188976378,0.203088643974583,0.121091690792508,0.33809417177231,0.167392860415287,0.0952750399168255,0.268609619970703,115.712851652179,11,"Blauwe Reiger","indicatief","modelindex"
"dec",0,0,564,0,0,,,,,,,,152,"Boerenzwaluw","alleen_beschrijvend","beschrijvend"
"feb",0,0,556,0,0,,,,,,,,152,"Boerenzwaluw","alleen_beschrijvend","beschrijvend"
"jan",0,0,562,0,0,,,,,,,,152,"Boerenzwaluw","alleen_beschrijvend","beschrijvend"
"mrt",0,0,454,0,0,,,,,,,,152,"Boerenzwaluw","alleen_beschrijvend","beschrijvend"
"nov",0,0,571,0,0,,,,,,,,152,"Boerenzwaluw","alleen_beschrijvend","beschrijvend"
"okt",27,11,548,0.0492700729927007,0.0200729927007299,,,,,,,,152,"Boerenzwaluw","alleen_beschrijvend","beschrijvend"
"sep",466,58,508,0.917322834645669,0.114173228346457,,,,,,,,152,"Boerenzwaluw","alleen_beschrijvend","beschrijvend"
"dec",36,23,564,0.0638297872340425,0.0407801418439716,0.00777522524486663,0.0020579112161054,0.0200167643753094,0.00707584957973928,0.00180950073525357,0.0174802929665769,113.038903322695,92,"Bokje","indicatief","modelindex"
"feb",22,16,556,0.039568345323741,0.0287769784172662,0.00578898724976333,0.00146106380663358,0.0158655156811758,0.00500689559680885,0.00125922659211502,0.0134222184615475,84.1622910531561,92,"Bokje","indicatief","modelindex"
"jan",34,24,562,0.0604982206405694,0.0427046263345196,0.00854308536638721,0.00210424782788754,0.023599033545987,0.00785520861182944,0.00210989078145905,0.0199898780732909,124.202318311762,92,"Bokje","indicatief","modelindex"
"mrt",11,10,454,0.0242290748898678,0.0220264317180617,0.00334191666739123,0.000865164780608776,0.00987316097789364,0.00353127215126438,0.000849883152535344,0.0097990016604646,48.5859358643211,92,"Bokje","indicatief","modelindex"
"nov",64,35,571,0.112084063047285,0.0612959719789842,0.0139834991653268,0.00390236008580395,0.0405029951873337,0.0120957304365544,0.00358001122422365,0.0299132079988694,203.296928446667,92,"Bokje","indicatief","modelindex"
"okt",39,21,548,0.0711678832116788,0.0383211678832117,0.00808839246860996,0.00228447766645607,0.0220185918221927,0.00672256810018113,0.00165928751085463,0.0169853400404466,117.591836313534,92,"Bokje","indicatief","modelindex"
"sep",2,2,508,0.00393700787401575,0.00393700787401575,0.000627429531329578,6.94352366677528e-05,0.0023068920371393,0.000594227489587322,6.1636553041024e-05,0.00217027764710836,9.12178668786394,92,"Bokje","indicatief","modelindex"
"dec",0,0,564,0,0,,,,,,,,85,"Bontbekplevier","alleen_beschrijvend","beschrijvend"
"feb",0,0,556,0,0,,,,,,,,85,"Bontbekplevier","alleen_beschrijvend","beschrijvend"
"jan",0,0,562,0,0,,,,,,,,85,"Bontbekplevier","alleen_beschrijvend","beschrijvend"
"mrt",2,2,454,0.00440528634361234,0.00440528634361234,,,,,,,,85,"Bontbekplevier","alleen_beschrijvend","beschrijvend"
"nov",0,0,571,0,0,,,,,,,,85,"Bontbekplevier","alleen_beschrijvend","beschrijvend"
"okt",0,0,548,0,0,,,,,,,,85,"Bontbekplevier","alleen_beschrijvend","beschrijvend"
"sep",9,2,508,0.0177165354330709,0.00393700787401575,,,,,,,,85,"Bontbekplevier","alleen_beschrijvend","beschrijvend"
"dec",0,0,564,0,0,,,,,,,,227,"Bonte Kraai","alleen_beschrijvend","beschrijvend"
"feb",6,1,556,0.0107913669064748,0.00179856115107914,,,,,,,,227,"Bonte Kraai","alleen_beschrijvend","beschrijvend"
"jan",0,0,562,0,0,,,,,,,,227,"Bonte Kraai","alleen_beschrijvend","beschrijvend"
"mrt",4,1,454,0.00881057268722467,0.00220264317180617,,,,,,,,227,"Bonte Kraai","alleen_beschrijvend","beschrijvend"
"nov",3,1,571,0.00525394045534151,0.00175131348511384,,,,,,,,227,"Bonte Kraai","alleen_beschrijvend","beschrijvend"
"okt",0,0,548,0,0,,,,,,,,227,"Bonte Kraai","alleen_beschrijvend","beschrijvend"
"sep",0,0,508,0,0,,,,,,,,227,"Bonte Kraai","alleen_beschrijvend","beschrijvend"
"dec",0,0,564,0,0,,,,,,,,90,"Bonte Strandloper","alleen_beschrijvend","beschrijvend"
"feb",1,1,556,0.00179856115107914,0.00179856115107914,,,,,,,,90,"Bonte Strandloper","alleen_beschrijvend","beschrijvend"
"jan",0,0,562,0,0,,,,,,,,90,"Bonte Strandloper","alleen_beschrijvend","beschrijvend"
"mrt",6,3,454,0.013215859030837,0.0066079295154185,,,,,,,,90,"Bonte Strandloper","alleen_beschrijvend","beschrijvend"
"nov",0,0,571,0,0,,,,,,,,90,"Bonte Strandloper","alleen_beschrijvend","beschrijvend"
"okt",5,3,548,0.00912408759124088,0.00547445255474453,,,,,,,,90,"Bonte Strandloper","alleen_beschrijvend","beschrijvend"
"sep",17,5,508,0.0334645669291339,0.00984251968503937,,,,,,,,90,"Bonte Strandloper","alleen_beschrijvend","beschrijvend"
"dec",0,0,564,0,0,,,,,,,,205,"Bonte Vliegenvanger","alleen_beschrijvend","beschrijvend"
"feb",0,0,556,0,0,,,,,,,,205,"Bonte Vliegenvanger","alleen_beschrijvend","beschrijvend"
"jan",0,0,562,0,0,,,,,,,,205,"Bonte Vliegenvanger","alleen_beschrijvend","beschrijvend"
"mrt",0,0,454,0,0,,,,,,,,205,"Bonte Vliegenvanger","alleen_beschrijvend","beschrijvend"
"nov",0,0,571,0,0,,,,,,,,205,"Bonte Vliegenvanger","alleen_beschrijvend","beschrijvend"
"okt",1,1,548,0.00182481751824818,0.00182481751824818,,,,,,,,205,"Bonte Vliegenvanger","alleen_beschrijvend","beschrijvend"
"sep",10,8,508,0.0196850393700787,0.015748031496063,,,,,,,,205,"Bonte Vliegenvanger","alleen_beschrijvend","beschrijvend"
"dec",53,26,564,0.0939716312056738,0.0460992907801418,,,,,,,,215,"Boomklever","alleen_beschrijvend","beschrijvend"
"feb",74,37,556,0.133093525179856,0.0665467625899281,,,,,,,,215,"Boomklever","alleen_beschrijvend","beschrijvend"
"jan",64,34,562,0.113879003558719,0.0604982206405694,,,,,,,,215,"Boomklever","alleen_beschrijvend","beschrijvend"
"mrt",46,26,454,0.101321585903084,0.0572687224669604,,,,,,,,215,"Boomklever","alleen_beschrijvend","beschrijvend"
"nov",54,27,571,0.0945709281961471,0.0472854640980736,,,,,,,,215,"Boomklever","alleen_beschrijvend","beschrijvend"
"okt",75,32,548,0.136861313868613,0.0583941605839416,,,,,,,,215,"Boomklever","alleen_beschrijvend","beschrijvend"
"sep",66,31,508,0.12992125984252,0.0610236220472441,,,,,,,,215,"Boomklever","alleen_beschrijvend","beschrijvend"
"dec",336,150,564,0.595744680851064,0.265957446808511,0.359007795871467,0.23296925938155,0.575721715991498,0.265913914841155,0.164033842151366,0.380977707554073,86.7925237064415,217,"Boomkruiper","indicatief","modelindex"
"feb",335,158,556,0.602517985611511,0.284172661870504,0.369079145484087,0.23399193773419,0.577616034649004,0.291056505716168,0.181297005853868,0.402799591345714,89.2273394961303,217,"Boomkruiper","indicatief","modelindex"
"jan",331,144,562,0.588967971530249,0.256227758007117,0.355329321576133,0.228860924137614,0.565334080808365,0.267450066507972,0.166649836822339,0.383479245944456,85.9032280667569,217,"Boomkruiper","indicatief","modelindex"
"mrt",278,142,454,0.612334801762115,0.312775330396476,0.354091660876449,0.22280917140474,0.561596975276079,0.308111985972066,0.197277227210654,0.435914123062169,85.6040153564671,217,"Boomkruiper","indicatief","modelindex"
"nov",387,176,571,0.677758318739054,0.308231173380035,0.409878579045498,0.259265554298268,0.64877324879503,0.32892271527751,0.215182808105576,0.448014900866186,99.0908740636524,217,"Boomkruiper","indicatief","modelindex"
"okt",425,199,548,0.775547445255474,0.363138686131387,0.507362679317945,0.323185872462421,0.805925855231757,0.401820114839219,0.271400433722948,0.523563833441959,122.658304022546,217,"Boomkruiper","indicatief","modelindex"
"sep",439,185,508,0.864173228346457,0.364173228346457,0.540724372209875,0.351167153581931,0.855670314347675,0.40550863518441,0.277205101821028,0.53143879036838,130.723715288006,217,"Boomkruiper","indicatief","modelindex"
"dec",142,36,564,0.25177304964539,0.0638297872340425,0.136610355105945,0.0932723985980304,0.191910293859138,0.0308524507099134,0.0181205593977553,0.0499884252883241,16.0592557402967,148,"Boomleeuwerik","betrouwbaar","modelindex"
"feb",433,162,556,0.778776978417266,0.29136690647482,0.451666994437006,0.320705967403204,0.627318172140099,0.208594837538724,0.147888457214395,0.278639190536043,53.0957976610912,148,"Boomleeuwerik","betrouwbaar","modelindex"
"jan",124,25,562,0.220640569395018,0.0444839857651246,0.143549583689807,0.0960131284389309,0.201762571299747,0.022352303992688,0.0124697825497395,0.0360326394148398,16.8749980490126,148,"Boomleeuwerik","betrouwbaar","modelindex"
"mrt",1560,325,454,3.43612334801762,0.715859030837004,2.37349676241939,1.72735781040916,3.06450069392068,0.706465388349721,0.625143650007394,0.784415610815932,279.016854007143,148,"Boomleeuwerik","betrouwbaar","modelindex"
"nov",269,64,571,0.471103327495622,0.112084063047285,0.264600293394451,0.18705206129759,0.359861937830185,0.0630564222807029,0.0381297514323187,0.0935794033238919,31.1051367759319,148,"Boomleeuwerik","betrouwbaar","modelindex"
"okt",677,192,548,1.23540145985401,0.35036496350365,0.783048891302888,0.562072893037165,1.04837414250319,0.272687886542873,0.201771050965003,0.351972803362268,92.0514582722263,148,"Boomleeuwerik","betrouwbaar","modelindex"
"sep",1557,267,508,3.06496062992126,0.525590551181102,1.80167720559493,1.29661752174207,2.4386649867293,0.454900915454036,0.368519903040081,0.545657194646965,211.796499494298,148,"Boomleeuwerik","betrouwbaar","modelindex"
"dec",4,3,564,0.00709219858156028,0.00531914893617021,,,,,,,,155,"Boompieper","alleen_beschrijvend","beschrijvend"
"feb",3,1,556,0.00539568345323741,0.00179856115107914,,,,,,,,155,"Boompieper","alleen_beschrijvend","beschrijvend"
"jan",7,3,562,0.0124555160142349,0.00533807829181495,,,,,,,,155,"Boompieper","alleen_beschrijvend","beschrijvend"
"mrt",8,6,454,0.0176211453744493,0.013215859030837,,,,,,,,155,"Boompieper","alleen_beschrijvend","beschrijvend"
"nov",21,7,571,0.0367775831873905,0.0122591943957968,,,,,,,,155,"Boompieper","alleen_beschrijvend","beschrijvend"
"okt",38,16,548,0.0693430656934307,0.0291970802919708,,,,,,,,155,"Boompieper","alleen_beschrijvend","beschrijvend"
"sep",73,37,508,0.143700787401575,0.0728346456692913,,,,,,,,155,"Boompieper","alleen_beschrijvend","beschrijvend"
"dec",0,0,564,0,0,,,,,,,,66,"Boomvalk","alleen_beschrijvend","beschrijvend"
"feb",0,0,556,0,0,,,,,,,,66,"Boomvalk","alleen_beschrijvend","beschrijvend"
"jan",0,0,562,0,0,,,,,,,,66,"Boomvalk","alleen_beschrijvend","beschrijvend"
"mrt",0,0,454,0,0,,,,,,,,66,"Boomvalk","alleen_beschrijvend","beschrijvend"
"nov",0,0,571,0,0,,,,,,,,66,"Boomvalk","alleen_beschrijvend","beschrijvend"
"okt",3,3,548,0.00547445255474453,0.00547445255474453,,,,,,,,66,"Boomvalk","alleen_beschrijvend","beschrijvend"
"sep",47,40,508,0.0925196850393701,0.078740157480315,,,,,,,,66,"Boomvalk","alleen_beschrijvend","beschrijvend"
"dec",0,0,564,0,0,,,,,,,,187,"Bosrietzanger","alleen_beschrijvend","beschrijvend"
"feb",0,0,556,0,0,,,,,,,,187,"Bosrietzanger","alleen_beschrijvend","beschrijvend"
"jan",0,0,562,0,0,,,,,,,,187,"Bosrietzanger","alleen_beschrijvend","beschrijvend"
"mrt",0,0,454,0,0,,,,,,,,187,"Bosrietzanger","alleen_beschrijvend","beschrijvend"
"nov",0,0,571,0,0,,,,,,,,187,"Bosrietzanger","alleen_beschrijvend","beschrijvend"
"okt",0,0,548,0,0,,,,,,,,187,"Bosrietzanger","alleen_beschrijvend","beschrijvend"
"sep",3,2,508,0.00590551181102362,0.00393700787401575,,,,,,,,187,"Bosrietzanger","alleen_beschrijvend","beschrijvend"
"dec",0,0,564,0,0,,,,,,,,101,"Bosruiter","alleen_beschrijvend","beschrijvend"
"feb",0,0,556,0,0,,,,,,,,101,"Bosruiter","alleen_beschrijvend","beschrijvend"
"jan",0,0,562,0,0,,,,,,,,101,"Bosruiter","alleen_beschrijvend","beschrijvend"
"mrt",1,1,454,0.00220264317180617,0.00220264317180617,,,,,,,,101,"Bosruiter","alleen_beschrijvend","beschrijvend"
"nov",0,0,571,0,0,,,,,,,,101,"Bosruiter","alleen_beschrijvend","beschrijvend"
"okt",2,2,548,0.00364963503649635,0.00364963503649635,,,,,,,,101,"Bosruiter","alleen_beschrijvend","beschrijvend"
"sep",0,0,508,0,0,,,,,,,,101,"Bosruiter","alleen_beschrijvend","beschrijvend"
"dec",3,3,564,0.00531914893617021,0.00531914893617021,,,,,,,,131,"Bosuil","alleen_beschrijvend","beschrijvend"
"feb",2,2,556,0.00359712230215827,0.00359712230215827,,,,,,,,131,"Bosuil","alleen_beschrijvend","beschrijvend"
"jan",4,4,562,0.00711743772241993,0.00711743772241993,,,,,,,,131,"Bosuil","alleen_beschrijvend","beschrijvend"
"mrt",1,1,454,0.00220264317180617,0.00220264317180617,,,,,,,,131,"Bosuil","alleen_beschrijvend","beschrijvend"
"nov",4,4,571,0.00700525394045534,0.00700525394045534,,,,,,,,131,"Bosuil","alleen_beschrijvend","beschrijvend"
"okt",4,4,548,0.0072992700729927,0.0072992700729927,,,,,,,,131,"Bosuil","alleen_beschrijvend","beschrijvend"
"sep",6,5,508,0.0118110236220472,0.00984251968503937,,,,,,,,131,"Bosuil","alleen_beschrijvend","beschrijvend"
"dec",0,0,564,0,0,,,,,,,,192,"Braamsluiper","alleen_beschrijvend","beschrijvend"
"feb",0,0,556,0,0,,,,,,,,192,"Braamsluiper","alleen_beschrijvend","beschrijvend"
"jan",0,0,562,0,0,,,,,,,,192,"Braamsluiper","alleen_beschrijvend","beschrijvend"
"mrt",0,0,454,0,0,,,,,,,,192,"Braamsluiper","alleen_beschrijvend","beschrijvend"
"nov",0,0,571,0,0,,,,,,,,192,"Braamsluiper","alleen_beschrijvend","beschrijvend"
"okt",0,0,548,0,0,,,,,,,,192,"Braamsluiper","alleen_beschrijvend","beschrijvend"
"sep",51,35,508,0.100393700787402,0.0688976377952756,,,,,,,,192,"Braamsluiper","alleen_beschrijvend","beschrijvend"
"dec",10,1,564,0.0177304964539007,0.00177304964539007,,,,,,,,26,"Brandgans","alleen_beschrijvend","beschrijvend"
"feb",20,2,556,0.0359712230215827,0.00359712230215827,,,,,,,,26,"Brandgans","alleen_beschrijvend","beschrijvend"
"jan",7,2,562,0.0124555160142349,0.00355871886120996,,,,,,,,26,"Brandgans","alleen_beschrijvend","beschrijvend"
"mrt",2,2,454,0.00440528634361234,0.00440528634361234,,,,,,,,26,"Brandgans","alleen_beschrijvend","beschrijvend"
"nov",0,0,571,0,0,,,,,,,,26,"Brandgans","alleen_beschrijvend","beschrijvend"
"okt",0,0,548,0,0,,,,,,,,26,"Brandgans","alleen_beschrijvend","beschrijvend"
"sep",0,0,508,0,0,,,,,,,,26,"Brandgans","alleen_beschrijvend","beschrijvend"
"dec",109,46,564,0.193262411347518,0.0815602836879433,0.0086079875332056,0.000833212180635853,0.0389548611132045,0.00784156739860933,0.00100745927935203,0.0295781164967187,95.5983593551857,47,"Brilduiker","indicatief","modelindex"
"feb",171,64,556,0.307553956834532,0.115107913669065,0.0197766012266005,0.00206038917180029,0.0884011717626509,0.0155576659538078,0.00191169513082503,0.0509723500490806,219.634452720995,47,"Brilduiker","indicatief","modelindex"
"jan",116,54,562,0.206405693950178,0.096085409252669,0.00966894991952392,0.000946660617183891,0.0382291548341295,0.0101138185599143,0.00131515766045573,0.0373078702454474,107.381167250566,47,"Brilduiker","indicatief","modelindex"
"mrt",151,50,454,0.332599118942731,0.110132158590308,0.0156438768483883,0.00140363411336325,0.0696942362997785,0.0150743905011912,0.00206154096506909,0.055500951890901,173.737352068813,47,"Brilduiker","indicatief","modelindex"
"nov",89,41,571,0.155866900175131,0.0718038528896672,0.00829491337219928,0.000772198993317695,0.0353595831159237,0.0068909129796583,0.000808655711378465,0.0248591572714375,92.1214286517835,47,"Brilduiker","indicatief","modelindex"
"okt",8,5,548,0.0145985401459854,0.00912408759124088,0.000697384716419812,5.93509201719826e-05,0.00312906894853093,0.000630376257861033,5.40031646835592e-05,0.00285066466325342,7.74499666407951,47,"Brilduiker","indicatief","modelindex"
"sep",3,3,508,0.00590551181102362,0.00590551181102362,0.00034056550023688,2.12567959772904e-05,0.00165467431492844,0.000415643795281764,3.57922906433288e-05,0.00183325012831478,3.78224328857729,47,"Brilduiker","indicatief","modelindex"
"dec",0,0,564,0,0,,,,,,,,635,"Bruine boszanger","alleen_beschrijvend","beschrijvend"
"feb",0,0,556,0,0,,,,,,,,635,"Bruine boszanger","alleen_beschrijvend","beschrijvend"
"jan",0,0,562,0,0,,,,,,,,635,"Bruine boszanger","alleen_beschrijvend","beschrijvend"
"mrt",0,0,454,0,0,,,,,,,,635,"Bruine boszanger","alleen_beschrijvend","beschrijvend"
"nov",2,2,571,0.00350262697022767,0.00350262697022767,,,,,,,,635,"Bruine boszanger","alleen_beschrijvend","beschrijvend"
"okt",0,0,548,0,0,,,,,,,,635,"Bruine boszanger","alleen_beschrijvend","beschrijvend"
"sep",0,0,508,0,0,,,,,,,,635,"Bruine boszanger","alleen_beschrijvend","beschrijvend"
"dec",3,1,564,0.00531914893617021,0.00177304964539007,,,,,,,,57,"Bruine Kiekendief","alleen_beschrijvend","beschrijvend"
"feb",0,0,556,0,0,,,,,,,,57,"Bruine Kiekendief","alleen_beschrijvend","beschrijvend"
"jan",0,0,562,0,0,,,,,,,,57,"Bruine Kiekendief","alleen_beschrijvend","beschrijvend"
"mrt",3,2,454,0.0066079295154185,0.00440528634361234,,,,,,,,57,"Bruine Kiekendief","alleen_beschrijvend","beschrijvend"
"nov",2,2,571,0.00350262697022767,0.00350262697022767,,,,,,,,57,"Bruine Kiekendief","alleen_beschrijvend","beschrijvend"
"okt",1,1,548,0.00182481751824818,0.00182481751824818,,,,,,,,57,"Bruine Kiekendief","alleen_beschrijvend","beschrijvend"
"sep",9,9,508,0.0177165354330709,0.0177165354330709,,,,,,,,57,"Bruine Kiekendief","alleen_beschrijvend","beschrijvend"
"dec",448,303,564,0.794326241134752,0.537234042553192,0.691455637464235,0.543929783113084,0.873935930474287,0.54946677314149,0.460606395862525,0.6400621014931,94.6433836660682,62,"Buizerd","indicatief","modelindex"
"feb",446,300,556,0.802158273381295,0.539568345323741,0.719504437832855,0.571880262858371,0.895618085295804,0.568369459345095,0.475394936744986,0.650047715645998,98.4825791702014,62,"Buizerd","indicatief","modelindex"
"jan",450,308,562,0.800711743772242,0.548042704626335,0.705449080800442,0.555608630088965,0.883511684223016,0.564152874996855,0.467396384571597,0.644420003570047,96.558744181943,62,"Buizerd","indicatief","modelindex"
"mrt",300,197,454,0.66079295154185,0.433920704845815,0.597962153377365,0.475707220498521,0.736703227000086,0.446896647365552,0.352970699261614,0.538182707808537,81.8464098541817,62,"Buizerd","indicatief","modelindex"
"nov",502,334,571,0.879159369527145,0.584938704028021,0.772967053820117,0.610617477419457,0.956755844330713,0.608855153870523,0.523722103765896,0.69257516840206,105.80030514208,62,"Buizerd","indicatief","modelindex"
"okt",495,300,548,0.903284671532847,0.547445255474453,0.814720631180248,0.640093141253992,1.02312602932178,0.577231913261631,0.491092294176381,0.660783020803469,111.51534979197,62,"Buizerd","indicatief","modelindex"
"sep",456,283,508,0.89763779527559,0.557086614173228,0.81207500492544,0.634815071178779,0.998977233319253,0.583723847329965,0.49958092013573,0.668795994385311,111.153228193556,62,"Buizerd","indicatief","modelindex"
"dec",51,29,564,0.0904255319148936,0.0514184397163121,,,,,,,,180,"Cetti's Zanger","alleen_beschrijvend","beschrijvend"
"feb",70,34,556,0.12589928057554,0.0611510791366906,,,,,,,,180,"Cetti's Zanger","alleen_beschrijvend","beschrijvend"
"jan",30,19,562,0.0533807829181495,0.0338078291814947,,,,,,,,180,"Cetti's Zanger","alleen_beschrijvend","beschrijvend"
"mrt",128,47,454,0.281938325991189,0.10352422907489,,,,,,,,180,"Cetti's Zanger","alleen_beschrijvend","beschrijvend"
"nov",131,55,571,0.229422066549912,0.0963222416812609,,,,,,,,180,"Cetti's Zanger","alleen_beschrijvend","beschrijvend"
"okt",157,54,548,0.286496350364964,0.0985401459854015,,,,,,,,180,"Cetti's Zanger","alleen_beschrijvend","beschrijvend"
"sep",117,39,508,0.230314960629921,0.0767716535433071,,,,,,,,180,"Cetti's Zanger","alleen_beschrijvend","beschrijvend"
"dec",645,193,564,1.1436170212766,0.342198581560284,0.0569801110881136,0.0146739778010985,0.167461580284742,0.0532073412759553,0.0123474169039133,0.164130063333802,84.4123437469065,1,"Dodaars","indicatief","modelindex"
"feb",668,192,556,1.20143884892086,0.345323741007194,0.0646703392765228,0.0163116958830537,0.189371653501113,0.0561985300470313,0.0132052906226046,0.165645194300369,95.8049186811376,1,"Dodaars","indicatief","modelindex"
"jan",483,165,562,0.859430604982206,0.293594306049822,0.0458167080111163,0.0117349547988852,0.132201662159219,0.0378598603598608,0.00813817411955856,0.112465350586692,67.8744851866879,1,"Dodaars","indicatief","modelindex"
"mrt",550,171,454,1.21145374449339,0.376651982378855,0.0707863948882213,0.0185804418050302,0.199506255289762,0.0718944063588368,0.0176758537087476,0.19081684435092,104.865458908438,1,"Dodaars","indicatief","modelindex"
"nov",765,210,571,1.33975481611208,0.367775831873905,0.0693430543718103,0.0174132433979994,0.200003574296837,0.0605913466041231,0.0146023980860373,0.172125126694952,102.727243424324,1,"Dodaars","indicatief","modelindex"
"okt",829,210,548,1.51277372262774,0.383211678832117,0.0772540154218371,0.0194688208268023,0.223709861979137,0.072395148213227,0.0160677221028627,0.192827490762093,114.44681979529,1,"Dodaars","indicatief","modelindex"
"sep",854,178,508,1.68110236220472,0.350393700787402,0.0876641300129712,0.0220822980798104,0.259380268668209,0.0567691055589894,0.0134297241058574,0.15657049934795,129.868730257216,1,"Dodaars","indicatief","modelindex"
"dec",0,0,564,0,0,,,,,,,,141,"Draaihals","alleen_beschrijvend","beschrijvend"
"feb",0,0,556,0,0,,,,,,,,141,"Draaihals","alleen_beschrijvend","beschrijvend"
"jan",0,0,562,0,0,,,,,,,,141,"Draaihals","alleen_beschrijvend","beschrijvend"
"mrt",0,0,454,0,0,,,,,,,,141,"Draaihals","alleen_beschrijvend","beschrijvend"
"nov",0,0,571,0,0,,,,,,,,141,"Draaihals","alleen_beschrijvend","beschrijvend"
"okt",0,0,548,0,0,,,,,,,,141,"Draaihals","alleen_beschrijvend","beschrijvend"
"sep",4,4,508,0.0078740157480315,0.0078740157480315,,,,,,,,141,"Draaihals","alleen_beschrijvend","beschrijvend"
"dec",0,0,564,0,0,,,,,,,,442,"Drieteenmeeuw","alleen_beschrijvend","beschrijvend"
"feb",0,0,556,0,0,,,,,,,,442,"Drieteenmeeuw","alleen_beschrijvend","beschrijvend"
"jan",3,2,562,0.00533807829181495,0.00355871886120996,,,,,,,,442,"Drieteenmeeuw","alleen_beschrijvend","beschrijvend"
"mrt",0,0,454,0,0,,,,,,,,442,"Drieteenmeeuw","alleen_beschrijvend","beschrijvend"
"nov",1,1,571,0.00175131348511384,0.00175131348511384,,,,,,,,442,"Drieteenmeeuw","alleen_beschrijvend","beschrijvend"
"okt",0,0,548,0,0,,,,,,,,442,"Drieteenmeeuw","alleen_beschrijvend","beschrijvend"
"sep",0,0,508,0,0,,,,,,,,442,"Drieteenmeeuw","alleen_beschrijvend","beschrijvend"
"dec",13,2,564,0.0230496453900709,0.00354609929078014,,,,,,,,89,"Drieteenstrandloper","alleen_beschrijvend","beschrijvend"
"feb",0,0,556,0,0,,,,,,,,89,"Drieteenstrandloper","alleen_beschrijvend","beschrijvend"
"jan",165,4,562,0.293594306049822,0.00711743772241993,,,,,,,,89,"Drieteenstrandloper","alleen_beschrijvend","beschrijvend"
"mrt",0,0,454,0,0,,,,,,,,89,"Drieteenstrandloper","alleen_beschrijvend","beschrijvend"
"nov",107,5,571,0.18739054290718,0.00875656742556918,,,,,,,,89,"Drieteenstrandloper","alleen_beschrijvend","beschrijvend"
"okt",0,0,548,0,0,,,,,,,,89,"Drieteenstrandloper","alleen_beschrijvend","beschrijvend"
"sep",0,0,508,0,0,,,,,,,,89,"Drieteenstrandloper","alleen_beschrijvend","beschrijvend"
"dec",0,0,564,0,0,,,,,,,,154,"Duinpieper","alleen_beschrijvend","beschrijvend"
"feb",0,0,556,0,0,,,,,,,,154,"Duinpieper","alleen_beschrijvend","beschrijvend"
"jan",0,0,562,0,0,,,,,,,,154,"Duinpieper","alleen_beschrijvend","beschrijvend"
"mrt",0,0,454,0,0,,,,,,,,154,"Duinpieper","alleen_beschrijvend","beschrijvend"
"nov",0,0,571,0,0,,,,,,,,154,"Duinpieper","alleen_beschrijvend","beschrijvend"
"okt",1,1,548,0.00182481751824818,0.00182481751824818,,,,,,,,154,"Duinpieper","alleen_beschrijvend","beschrijvend"
"sep",1,1,508,0.00196850393700787,0.00196850393700787,,,,,,,,154,"Duinpieper","alleen_beschrijvend","beschrijvend"
"dec",0,0,564,0,0,,,,,,,,642,"Dwerggors","alleen_beschrijvend","beschrijvend"
"feb",0,0,556,0,0,,,,,,,,642,"Dwerggors","alleen_beschrijvend","beschrijvend"
"jan",0,0,562,0,0,,,,,,,,642,"Dwerggors","alleen_beschrijvend","beschrijvend"
"mrt",0,0,454,0,0,,,,,,,,642,"Dwerggors","alleen_beschrijvend","beschrijvend"
"nov",0,0,571,0,0,,,,,,,,642,"Dwerggors","alleen_beschrijvend","beschrijvend"
"okt",1,1,548,0.00182481751824818,0.00182481751824818,,,,,,,,642,"Dwerggors","alleen_beschrijvend","beschrijvend"
"sep",0,0,508,0,0,,,,,,,,642,"Dwerggors","alleen_beschrijvend","beschrijvend"
"dec",1,1,564,0.00177304964539007,0.00177304964539007,,,,,,,,104,"Dwergmeeuw","alleen_beschrijvend","beschrijvend"
"feb",0,0,556,0,0,,,,,,,,104,"Dwergmeeuw","alleen_beschrijvend","beschrijvend"
"jan",0,0,562,0,0,,,,,,,,104,"Dwergmeeuw","alleen_beschrijvend","beschrijvend"
"mrt",0,0,454,0,0,,,,,,,,104,"Dwergmeeuw","alleen_beschrijvend","beschrijvend"
"nov",0,0,571,0,0,,,,,,,,104,"Dwergmeeuw","alleen_beschrijvend","beschrijvend"
"okt",0,0,548,0,0,,,,,,,,104,"Dwergmeeuw","alleen_beschrijvend","beschrijvend"
"sep",0,0,508,0,0,,,,,,,,104,"Dwergmeeuw","alleen_beschrijvend","beschrijvend"
"dec",1150,314,564,2.03900709219858,0.556737588652482,1.83601377245507,1.25825513457849,2.54768669444475,0.633941038741189,0.540346557729987,0.717537205581609,121.729729602758,223,"Ekster","indicatief","modelindex"
"feb",921,278,556,1.65647482014388,0.5,1.45299437510163,0.986910706784955,2.01009489217217,0.579821827371768,0.472987792228795,0.670964047113958,96.3351228890515,223,"Ekster","indicatief","modelindex"
"jan",1081,300,562,1.92348754448399,0.533807829181495,1.60954485120452,1.09524894789838,2.25037936070535,0.593844445092148,0.494122447834988,0.678966348940225,106.714591393639,223,"Ekster","indicatief","modelindex"
"mrt",634,198,454,1.39647577092511,0.436123348017621,1.24877041604613,0.8461405178914,1.72302753315795,0.520521670791936,0.414392661354421,0.611207623983997,82.7948501050465,223,"Ekster","indicatief","modelindex"
"nov",1137,325,571,1.99124343257443,0.569176882661997,1.71808040121035,1.1770369012358,2.39156362129065,0.640264920010243,0.545805792944175,0.723890932089187,113.910617563329,223,"Ekster","indicatief","modelindex"
"okt",969,278,548,1.76824817518248,0.507299270072993,1.55476146760379,1.07707918128141,2.11346158160893,0.572436490810607,0.46859170224248,0.667902673738761,103.082392892469,223,"Ekster","indicatief","modelindex"
"sep",683,205,508,1.34448818897638,0.403543307086614,1.13772920043419,0.7929699020753,1.56391459746164,0.462381516820679,0.364368191706734,0.553263502100782,75.4326955537068,223,"Ekster","indicatief","modelindex"
"dec",0,0,564,0,0,,,,,,,,56,"Europese Zeearend","alleen_beschrijvend","beschrijvend"
"feb",0,0,556,0,0,,,,,,,,56,"Europese Zeearend","alleen_beschrijvend","beschrijvend"
"jan",0,0,562,0,0,,,,,,,,56,"Europese Zeearend","alleen_beschrijvend","beschrijvend"
"mrt",0,0,454,0,0,,,,,,,,56,"Europese Zeearend","alleen_beschrijvend","beschrijvend"
"nov",1,1,571,0.00175131348511384,0.00175131348511384,,,,,,,,56,"Europese Zeearend","alleen_beschrijvend","beschrijvend"
"okt",1,1,548,0.00182481751824818,0.00182481751824818,,,,,,,,56,"Europese Zeearend","alleen_beschrijvend","beschrijvend"
"sep",0,0,508,0,0,,,,,,,,56,"Europese Zeearend","alleen_beschrijvend","beschrijvend"
"dec",0,0,564,0,0,,,,,,,,200,"Fitis","alleen_beschrijvend","beschrijvend"
"feb",0,0,556,0,0,,,,,,,,200,"Fitis","alleen_beschrijvend","beschrijvend"
"jan",0,0,562,0,0,,,,,,,,200,"Fitis","alleen_beschrijvend","beschrijvend"
"mrt",21,9,454,0.0462555066079295,0.0198237885462555,,,,,,,,200,"Fitis","alleen_beschrijvend","beschrijvend"
"nov",3,3,571,0.00525394045534151,0.00525394045534151,,,,,,,,200,"Fitis","alleen_beschrijvend","beschrijvend"
"okt",45,25,548,0.0821167883211679,0.0456204379562044,,,,,,,,200,"Fitis","alleen_beschrijvend","beschrijvend"
"sep",419,126,508,0.824803149606299,0.248031496062992,,,,,,,,200,"Fitis","alleen_beschrijvend","beschrijvend"
"dec",4,1,564,0.00709219858156028,0.00177304964539007,,,,,,,,640,"Frater","alleen_beschrijvend","beschrijvend"
"feb",0,0,556,0,0,,,,,,,,640,"Frater","alleen_beschrijvend","beschrijvend"
"jan",18,3,562,0.0320284697508897,0.00533807829181495,,,,,,,,640,"Frater","alleen_beschrijvend","beschrijvend"
"mrt",0,0,454,0,0,,,,,,,,640,"Frater","alleen_beschrijvend","beschrijvend"
"nov",14,2,571,0.0245183887915937,0.00350262697022767,,,,,,,,640,"Frater","alleen_beschrijvend","beschrijvend"
"okt",0,0,548,0,0,,,,,,,,640,"Frater","alleen_beschrijvend","beschrijvend"
"sep",6,2,508,0.0118110236220472,0.00393700787401575,,,,,,,,640,"Frater","alleen_beschrijvend","beschrijvend"
"dec",196,95,564,0.347517730496454,0.168439716312057,0.0124409919954534,0.00209035926291569,0.0411587970650148,0.00874287914303126,0.00110498440208399,0.0337948748926025,49.6061659002983,2,"Fuut","indicatief","modelindex"
"feb",184,86,556,0.330935251798561,0.154676258992806,0.0118079135703051,0.00194943064176586,0.0407320909961932,0.00752826473958611,0.000972176383849798,0.0281604601998682,47.0818821938797,2,"Fuut","indicatief","modelindex"
"jan",163,71,562,0.290035587188612,0.126334519572954,0.00958010950162681,0.00147136227486316,0.0342392559060989,0.005420144266274,0.000730341725730828,0.0205052682628978,38.1989234825002,2,"Fuut","indicatief","modelindex"
"mrt",310,134,454,0.682819383259912,0.295154185022026,0.0273699311556576,0.00459792573376186,0.0923286840707842,0.0296685834916712,0.0042913295949858,0.100426498608206,109.132563229964,2,"Fuut","indicatief","modelindex"
"nov",395,153,571,0.691768826619965,0.267950963222417,0.0254887661687779,0.00421875307719201,0.0912135713077687,0.0226984245885195,0.0031961485531933,0.0811591676737648,101.631764060646,2,"Fuut","indicatief","modelindex"
"okt",521,162,548,0.950729927007299,0.295620437956204,0.0371017231016141,0.00632994034185122,0.12655097796756,0.0323335153823705,0.00426043107149713,0.106653991536421,147.936292543087,2,"Fuut","indicatief","modelindex"
"sep",683,168,508,1.34448818897638,0.330708661417323,0.0517672566790805,0.00902442627472178,0.183992342878354,0.0445120763642032,0.00709323063276321,0.146005262518047,206.412408589625,2,"Fuut","indicatief","modelindex"
"dec",1381,429,564,2.44858156028369,0.76063829787234,2.16522211732538,1.75660928051721,2.72396599749986,0.852267125082733,0.789873368748107,0.90555646980727,87.1491321408771,222,"Gaai","betrouwbaar","modelindex"
"feb",1183,384,556,2.12769784172662,0.690647482014389,1.93201483086086,1.56570340241399,2.45330851833232,0.788221180571546,0.696047914194504,0.858592269146876,77.7626528223409,222,"Gaai","betrouwbaar","modelindex"
"jan",1237,412,562,2.20106761565836,0.733096085409253,1.95347270439256,1.59066686488971,2.4239138488724,0.825703767084368,0.747078988896532,0.885883663817238,78.6263217461491,222,"Gaai","betrouwbaar","modelindex"
"mrt",1024,310,454,2.25550660792952,0.682819383259912,2.07928220546746,1.69651505629061,2.57357894949516,0.795730151679907,0.706961546844018,0.868859011846207,83.6900926849471,222,"Gaai","betrouwbaar","modelindex"
"nov",1553,453,571,2.71978984238179,0.793345008756567,2.49336742440044,2.0179240195369,3.16477458213418,0.883989900472718,0.830031802110425,0.926078366351905,100.356820395521,222,"Gaai","betrouwbaar","modelindex"
"okt",1998,462,548,3.64598540145985,0.843065693430657,3.34524057440185,2.71230404025833,4.19952504297882,0.925049356153931,0.880590486763566,0.957578397436109,134.64429839729,222,"Gaai","betrouwbaar","modelindex"
"sep",1818,426,508,3.57874015748031,0.838582677165354,3.42291563957315,2.76705560880198,4.30317877618997,0.920072572300049,0.87468588619969,0.951970908056708,137.770681812875,222,"Gaai","betrouwbaar","modelindex"
"dec",1,1,564,0.00177304964539007,0.00177304964539007,,,,,,,,249,"Geelgors","alleen_beschrijvend","beschrijvend"
"feb",0,0,556,0,0,,,,,,,,249,"Geelgors","alleen_beschrijvend","beschrijvend"
"jan",0,0,562,0,0,,,,,,,,249,"Geelgors","alleen_beschrijvend","beschrijvend"
"mrt",0,0,454,0,0,,,,,,,,249,"Geelgors","alleen_beschrijvend","beschrijvend"
"nov",1,1,571,0.00175131348511384,0.00175131348511384,,,,,,,,249,"Geelgors","alleen_beschrijvend","beschrijvend"
"okt",0,0,548,0,0,,,,,,,,249,"Geelgors","alleen_beschrijvend","beschrijvend"
"sep",2,2,508,0.00393700787401575,0.00393700787401575,,,,,,,,249,"Geelgors","alleen_beschrijvend","beschrijvend"
"dec",0,0,564,0,0,,,,,,,,170,"Gekraagde Roodstaart","alleen_beschrijvend","beschrijvend"
"feb",0,0,556,0,0,,,,,,,,170,"Gekraagde Roodstaart","alleen_beschrijvend","beschrijvend"
"jan",0,0,562,0,0,,,,,,,,170,"Gekraagde Roodstaart","alleen_beschrijvend","beschrijvend"
"mrt",0,0,454,0,0,,,,,,,,170,"Gekraagde Roodstaart","alleen_beschrijvend","beschrijvend"
"nov",0,0,571,0,0,,,,,,,,170,"Gekraagde Roodstaart","alleen_beschrijvend","beschrijvend"
"okt",7,7,548,0.0127737226277372,0.0127737226277372,,,,,,,,170,"Gekraagde Roodstaart","alleen_beschrijvend","beschrijvend"
"sep",174,85,508,0.34251968503937,0.167322834645669,,,,,,,,170,"Gekraagde Roodstaart","alleen_beschrijvend","beschrijvend"
"dec",0,0,564,0,0,,,,,,,,158,"Gele Kwikstaart","alleen_beschrijvend","beschrijvend"
"feb",0,0,556,0,0,,,,,,,,158,"Gele Kwikstaart","alleen_beschrijvend","beschrijvend"
"jan",0,0,562,0,0,,,,,,,,158,"Gele Kwikstaart","alleen_beschrijvend","beschrijvend"
"mrt",0,0,454,0,0,,,,,,,,158,"Gele Kwikstaart","alleen_beschrijvend","beschrijvend"
"nov",1,1,571,0.00175131348511384,0.00175131348511384,,,,,,,,158,"Gele Kwikstaart","alleen_beschrijvend","beschrijvend"
"okt",4,2,548,0.0072992700729927,0.00364963503649635,,,,,,,,158,"Gele Kwikstaart","alleen_beschrijvend","beschrijvend"
"sep",12,8,508,0.0236220472440945,0.015748031496063,,,,,,,,158,"Gele Kwikstaart","alleen_beschrijvend","beschrijvend"
"dec",5,3,564,0.00886524822695036,0.00531914893617021,,,,,,,,4,"Geoorde Fuut","alleen_beschrijvend","beschrijvend"
"feb",0,0,556,0,0,,,,,,,,4,"Geoorde Fuut","alleen_beschrijvend","beschrijvend"
"jan",3,1,562,0.00533807829181495,0.00177935943060498,,,,,,,,4,"Geoorde Fuut","alleen_beschrijvend","beschrijvend"
"mrt",16,11,454,0.0352422907488987,0.0242290748898678,,,,,,,,4,"Geoorde Fuut","alleen_beschrijvend","beschrijvend"
"nov",6,3,571,0.010507880910683,0.00525394045534151,,,,,,,,4,"Geoorde Fuut","alleen_beschrijvend","beschrijvend"
"okt",3,2,548,0.00547445255474453,0.00364963503649635,,,,,,,,4,"Geoorde Fuut","alleen_beschrijvend","beschrijvend"
"sep",12,7,508,0.0236220472440945,0.0137795275590551,,,,,,,,4,"Geoorde Fuut","alleen_beschrijvend","beschrijvend"
"dec",70,29,564,0.124113475177305,0.0514184397163121,,,,,,,,71,"Gewone Fazant","alleen_beschrijvend","beschrijvend"
"feb",41,26,556,0.0737410071942446,0.0467625899280576,,,,,,,,71,"Gewone Fazant","alleen_beschrijvend","beschrijvend"
"jan",43,26,562,0.0765124555160142,0.0462633451957295,,,,,,,,71,"Gewone Fazant","alleen_beschrijvend","beschrijvend"
"mrt",29,18,454,0.0638766519823789,0.039647577092511,,,,,,,,71,"Gewone Fazant","alleen_beschrijvend","beschrijvend"
"nov",108,38,571,0.189141856392294,0.0665499124343257,,,,,,,,71,"Gewone Fazant","alleen_beschrijvend","beschrijvend"
"okt",37,21,548,0.0675182481751825,0.0383211678832117,,,,,,,,71,"Gewone Fazant","alleen_beschrijvend","beschrijvend"
"sep",61,19,508,0.12007874015748,0.0374015748031496,,,,,,,,71,"Gewone Fazant","alleen_beschrijvend","beschrijvend"
"dec",0,0,564,0,0,,,,,,,,136,"Gierzwaluw","alleen_beschrijvend","beschrijvend"
"feb",0,0,556,0,0,,,,,,,,136,"Gierzwaluw","alleen_beschrijvend","beschrijvend"
"jan",0,0,562,0,0,,,,,,,,136,"Gierzwaluw","alleen_beschrijvend","beschrijvend"
"mrt",0,0,454,0,0,,,,,,,,136,"Gierzwaluw","alleen_beschrijvend","beschrijvend"
"nov",0,0,571,0,0,,,,,,,,136,"Gierzwaluw","alleen_beschrijvend","beschrijvend"
"okt",0,0,548,0,0,,,,,,,,136,"Gierzwaluw","alleen_beschrijvend","beschrijvend"
"sep",2,2,508,0.00393700787401575,0.00393700787401575,,,,,,,,136,"Gierzwaluw","alleen_beschrijvend","beschrijvend"
"dec",403,169,564,0.714539007092199,0.299645390070922,0.426182303649522,0.254975697661353,0.672719993426395,0.263918566839355,0.163221094799594,0.381300482855645,91.67448003094,208,"Glanskop","indicatief","modelindex"
"feb",420,177,556,0.755395683453237,0.318345323741007,0.484445039098712,0.279845907993235,0.757780378334483,0.294671169256271,0.198764763230781,0.418360267916322,104.207158961403,208,"Glanskop","indicatief","modelindex"
"jan",421,187,562,0.749110320284697,0.332740213523132,0.502082329897419,0.296115779230732,0.833109636473998,0.313119629959861,0.203809708818987,0.447386520252873,108.001050564316,208,"Glanskop","indicatief","modelindex"
"mrt",278,130,454,0.612334801762115,0.286343612334802,0.369586229334732,0.217592704069994,0.595295866285088,0.2474524947335,0.150735399879395,0.364384258568564,79.5003103383674,208,"Glanskop","indicatief","modelindex"
"nov",448,187,571,0.784588441330998,0.327495621716287,0.493750560303556,0.288951997134371,0.77628514925519,0.314860627953679,0.204224538656649,0.444346216605784,106.208834794881,208,"Glanskop","indicatief","modelindex"
"okt",446,166,548,0.813868613138686,0.302919708029197,0.493913586726811,0.294436074153712,0.786043382036512,0.277462868380425,0.175776917451125,0.403527027272603,106.243902798538,208,"Glanskop","indicatief","modelindex"
"sep",388,155,508,0.763779527559055,0.30511811023622,0.484245619284069,0.29225140302674,0.777311849563391,0.285788025823318,0.182583045882311,0.408383686143675,104.164262511554,208,"Glanskop","indicatief","modelindex"
"dec",1120,250,564,1.98581560283688,0.443262411347518,1.41815494356698,0.991381022468105,1.96791344848416,0.433725127686646,0.350475742112799,0.521007815289041,121.709035564694,201,"Goudhaan","indicatief","modelindex"
"feb",491,156,556,0.883093525179856,0.280575539568345,0.612480959116796,0.415984313214645,0.862607354333134,0.246468439025276,0.182347874180208,0.324502610603513,52.564402200191,201,"Goudhaan","indicatief","modelindex"
"jan",676,194,562,1.20284697508897,0.345195729537367,0.871482198568648,0.611421467405187,1.19493435082113,0.324959075957626,0.252413960881652,0.406272957281586,74.7924325058629,201,"Goudhaan","indicatief","modelindex"
"mrt",285,120,454,0.627753303964758,0.26431718061674,0.373859268879063,0.250174568969265,0.519457484934826,0.216993225179018,0.15706865018913,0.290258158768391,32.0853876077493,201,"Goudhaan","indicatief","modelindex"
"nov",1817,301,571,3.18213660245184,0.527145359019264,2.3353355106601,1.66920163732101,3.20440477543221,0.543325280638907,0.458994707106298,0.630436670797017,200.423398029778,201,"Goudhaan","indicatief","modelindex"
"okt",1697,264,548,3.09671532846715,0.481751824817518,2.19968109204912,1.5859123896943,2.97666717895048,0.481671887921623,0.397791170114748,0.570677450111033,188.781250932858,201,"Goudhaan","indicatief","modelindex"
"sep",308,91,508,0.606299212598425,0.179133858267717,0.345413280663627,0.235589975425757,0.484746146630706,0.135904423163371,0.0941872602408518,0.181134411404901,29.6440931588668,201,"Goudhaan","indicatief","modelindex"
"dec",0,0,564,0,0,,,,,,,,87,"Goudplevier","alleen_beschrijvend","beschrijvend"
"feb",0,0,556,0,0,,,,,,,,87,"Goudplevier","alleen_beschrijvend","beschrijvend"
"jan",0,0,562,0,0,,,,,,,,87,"Goudplevier","alleen_beschrijvend","beschrijvend"
"mrt",1,1,454,0.00220264317180617,0.00220264317180617,,,,,,,,87,"Goudplevier","alleen_beschrijvend","beschrijvend"
"nov",1,1,571,0.00175131348511384,0.00175131348511384,,,,,,,,87,"Goudplevier","alleen_beschrijvend","beschrijvend"
"okt",0,0,548,0,0,,,,,,,,87,"Goudplevier","alleen_beschrijvend","beschrijvend"
"sep",2,2,508,0.00393700787401575,0.00393700787401575,,,,,,,,87,"Goudplevier","alleen_beschrijvend","beschrijvend"
"dec",558,163,564,0.98936170212766,0.289007092198582,0.551322188226201,0.336146673991569,0.806216772631153,0.252642372107913,0.172930253406218,0.33647061247919,140.851180571078,246,"Goudvink","indicatief","modelindex"
"feb",395,127,556,0.710431654676259,0.22841726618705,0.37537292107087,0.232151871108294,0.559382733562431,0.197571253843525,0.133795268999159,0.278649895501198,95.8998571368097,246,"Goudvink","indicatief","modelindex"
"jan",385,131,562,0.685053380782918,0.233096085409253,0.371341183345407,0.228130039946306,0.568258812556333,0.192317287895589,0.124436667409517,0.272549316880905,94.8698332587365,246,"Goudvink","indicatief","modelindex"
"mrt",207,94,454,0.455947136563877,0.20704845814978,0.300266799388372,0.181879117238,0.453691966399549,0.206707198844754,0.134869019610773,0.289140539587283,76.7118285520532,246,"Goudvink","indicatief","modelindex"
"nov",494,168,571,0.865148861646235,0.294220665499124,0.516354953245811,0.316560401688423,0.77428955866584,0.270544098143852,0.190804089143916,0.371910219201196,131.917790198852,246,"Goudvink","indicatief","modelindex"
"okt",410,133,548,0.748175182481752,0.242700729927007,0.376105575609718,0.236107923990466,0.573548110139659,0.202613990326538,0.133179888555793,0.286444494799378,96.0870349050026,246,"Goudvink","indicatief","modelindex"
"sep",205,87,508,0.403543307086614,0.171259842519685,0.249188789832619,0.158541161491636,0.388931798691656,0.138137225797566,0.0861719598252219,0.202281893575477,63.6624753774684,246,"Goudvink","indicatief","modelindex"
"dec",0,0,564,0,0,,,,,,,,193,"Grasmus","alleen_beschrijvend","beschrijvend"
"feb",0,0,556,0,0,,,,,,,,193,"Grasmus","alleen_beschrijvend","beschrijvend"
"jan",0,0,562,0,0,,,,,,,,193,"Grasmus","alleen_beschrijvend","beschrijvend"
"mrt",0,0,454,0,0,,,,,,,,193,"Grasmus","alleen_beschrijvend","beschrijvend"
"nov",1,1,571,0.00175131348511384,0.00175131348511384,,,,,,,,193,"Grasmus","alleen_beschrijvend","beschrijvend"
"okt",8,3,548,0.0145985401459854,0.00547445255474453,,,,,,,,193,"Grasmus","alleen_beschrijvend","beschrijvend"
"sep",83,53,508,0.163385826771654,0.104330708661417,,,,,,,,193,"Grasmus","alleen_beschrijvend","beschrijvend"
"dec",0,0,564,0,0,,,,,,,,643,"Grasparkiet","alleen_beschrijvend","beschrijvend"
"feb",0,0,556,0,0,,,,,,,,643,"Grasparkiet","alleen_beschrijvend","beschrijvend"
"jan",0,0,562,0,0,,,,,,,,643,"Grasparkiet","alleen_beschrijvend","beschrijvend"
"mrt",0,0,454,0,0,,,,,,,,643,"Grasparkiet","alleen_beschrijvend","beschrijvend"
"nov",0,0,571,0,0,,,,,,,,643,"Grasparkiet","alleen_beschrijvend","beschrijvend"
"okt",0,0,548,0,0,,,,,,,,643,"Grasparkiet","alleen_beschrijvend","beschrijvend"
"sep",1,1,508,0.00196850393700787,0.00196850393700787,,,,,,,,643,"Grasparkiet","alleen_beschrijvend","beschrijvend"
"dec",337,87,564,0.597517730496454,0.154255319148936,0.0867401680943916,0.0446634191983412,0.158025042532095,0.0502655505554996,0.0251425464003812,0.0862296629780585,25.8757258195166,156,"Graspieper","indicatief","modelindex"
"feb",289,83,556,0.51978417266187,0.149280575539568,0.0929203819491267,0.0477793764339183,0.172679894257806,0.0480759406588983,0.0257376389457344,0.0834090141800058,27.7193643865653,156,"Graspieper","indicatief","modelindex"
"jan",299,84,562,0.53202846975089,0.149466192170818,0.0869453936930044,0.0425320142589588,0.151773776433498,0.0483273549092447,0.025882808549022,0.0833380552185451,25.9369472978411,156,"Graspieper","indicatief","modelindex"
"mrt",739,147,454,1.62775330396476,0.323788546255507,0.349182297391025,0.183886047130465,0.620529020928862,0.209233670588865,0.119341758677934,0.309138506702527,104.165643055784,156,"Graspieper","indicatief","modelindex"
"nov",683,152,571,1.19614711033275,0.266199649737303,0.203613689283728,0.106749724666434,0.358581551065708,0.134678300264016,0.0762168034466676,0.211014427011803,60.7406247042616,156,"Graspieper","indicatief","modelindex"
"okt",2124,211,548,3.87591240875912,0.385036496350365,0.92554960998018,0.502688442724724,1.72969177293673,0.279023435868521,0.18019860882836,0.395576514547122,276.103545408695,156,"Graspieper","indicatief","modelindex"
"sep",1658,186,508,3.26377952755906,0.366141732283465,0.601576556620525,0.311151755250587,1.08035838504174,0.251093108766497,0.15029475804183,0.360115659251692,179.458149327337,156,"Graspieper","indicatief","modelindex"
"dec",442,26,564,0.783687943262411,0.0460992907801418,0.0377806018102115,0.00957703322708204,0.104888781083096,0.00645730185356637,0.00217577199566572,0.0140347710733287,18.5356567713784,21,"Grauwe Gans","indicatief","modelindex"
"feb",766,97,556,1.37769784172662,0.174460431654676,0.17334069343314,0.0434393397733093,0.462764262301434,0.0419937071152161,0.0170303418183278,0.0794142125292303,85.0432085261542,21,"Grauwe Gans","indicatief","modelindex"
"jan",924,55,562,1.644128113879,0.097864768683274,0.118381327693967,0.029098583226007,0.318954066356594,0.0176126967906098,0.0064302483465658,0.0354261470717406,58.079425767177,21,"Grauwe Gans","indicatief","modelindex"
"mrt",1752,202,454,3.8590308370044,0.444933920704846,0.84428083900713,0.202535430033898,2.17056150532596,0.249809959384939,0.117541916230295,0.387766006304316,414.215208352183,21,"Grauwe Gans","indicatief","modelindex"
"nov",555,31,571,0.971978984238179,0.0542907180385289,0.0345966211808649,0.0080989468230128,0.0896697516356976,0.00756349747067249,0.00270430821814885,0.0167317488313266,16.9735542826792,21,"Grauwe Gans","indicatief","modelindex"
"okt",1626,39,548,2.96715328467153,0.0711678832116788,0.0941615779428268,0.0224471262250157,0.2638774710742,0.0114583986845348,0.00428574621294544,0.0236441069563055,46.1969001596978,21,"Grauwe Gans","indicatief","modelindex"
"sep",1302,43,508,2.56299212598425,0.0846456692913386,0.12424464563478,0.0308781997073256,0.308022520424759,0.014093853925368,0.00493085312457441,0.0285267328140514,60.9560461407308,21,"Grauwe Gans","indicatief","modelindex"
"dec",0,0,564,0,0,,,,,,,,203,"Grauwe Vliegenvanger","alleen_beschrijvend","beschrijvend"
"feb",0,0,556,0,0,,,,,,,,203,"Grauwe Vliegenvanger","alleen_beschrijvend","beschrijvend"
"jan",0,0,562,0,0,,,,,,,,203,"Grauwe Vliegenvanger","alleen_beschrijvend","beschrijvend"
"mrt",0,0,454,0,0,,,,,,,,203,"Grauwe Vliegenvanger","alleen_beschrijvend","beschrijvend"
"nov",0,0,571,0,0,,,,,,,,203,"Grauwe Vliegenvanger","alleen_beschrijvend","beschrijvend"
"okt",1,1,548,0.00182481751824818,0.00182481751824818,,,,,,,,203,"Grauwe Vliegenvanger","alleen_beschrijvend","beschrijvend"
"sep",12,10,508,0.0236220472440945,0.0196850393700787,,,,,,,,203,"Grauwe Vliegenvanger","alleen_beschrijvend","beschrijvend"
"dec",113,96,564,0.200354609929078,0.170212765957447,0.112954543060706,0.0636044149523076,0.17620918376825,0.121003138888519,0.069209558162218,0.2037038448865,84.7165679673764,142,"Groene Specht","indicatief","modelindex"
"feb",115,94,556,0.206834532374101,0.169064748201439,0.117545764888067,0.06725341793733,0.179740513871911,0.12270579382064,0.062512592164425,0.206440461377026,88.1600111919831,142,"Groene Specht","indicatief","modelindex"
"jan",90,79,562,0.160142348754448,0.140569395017794,0.0902997069506599,0.0516069937175074,0.142571460276811,0.0951183005281124,0.0506456498182325,0.167104155658591,67.72530837656,142,"Groene Specht","indicatief","modelindex"
"mrt",111,79,454,0.244493392070485,0.174008810572687,0.143138820213445,0.0808717485831602,0.221273928161558,0.135362327203968,0.0688054601590575,0.223559719304283,107.354952379961,142,"Groene Specht","indicatief","modelindex"
"nov",124,105,571,0.217162872154116,0.183887915936953,0.125619574115175,0.071743251474104,0.198323763675711,0.141285693718356,0.0771812648049754,0.226769631536187,94.2154153360759,142,"Groene Specht","indicatief","modelindex"
"okt",180,134,548,0.328467153284672,0.244525547445255,0.189167617150774,0.110756411250909,0.293347082882668,0.210029784874815,0.122606825752183,0.315442244454259,141.876819305687,142,"Groene Specht","indicatief","modelindex"
"sep",132,93,508,0.259842519685039,0.183070866141732,0.154600028247734,0.0894420108377305,0.242015511282132,0.144684595293806,0.0773834340776363,0.233367628157168,115.950925442357,142,"Groene Specht","indicatief","modelindex"
"dec",302,102,564,0.535460992907801,0.180851063829787,0.360605628417524,0.234630031223705,0.553107932140657,0.147664032941352,0.106738247489351,0.200382885217777,89.4449477511506,236,"Groenling","indicatief","modelindex"
"feb",170,64,556,0.305755395683453,0.115107913669065,0.176504495523337,0.108249391992792,0.272170456846728,0.0891201352368917,0.0606579583767626,0.126150374429707,43.7803354573511,236,"Groenling","indicatief","modelindex"
"jan",207,63,562,0.368327402135231,0.112099644128114,0.206529914542436,0.127852648134004,0.323266921236872,0.0868046450205875,0.0589496934752654,0.124446930357485,51.2278676746246,236,"Groenling","indicatief","modelindex"
"mrt",172,78,454,0.378854625550661,0.171806167400881,0.255902912908592,0.148685135270809,0.406744464270442,0.133415325261815,0.0932612560133405,0.180667005844217,63.4743910540804,236,"Groenling","indicatief","modelindex"
"nov",467,140,571,0.817863397548161,0.245183887915937,0.661180140582983,0.410548753548299,0.976987107229367,0.213723312716123,0.160500583340601,0.276765068523296,163.999722877507,236,"Groenling","indicatief","modelindex"
"okt",485,118,548,0.885036496350365,0.215328467153285,0.736234727011152,0.463600641158879,1.10318554008115,0.188566589408612,0.139529652699918,0.245603677372225,182.616330696448,236,"Groenling","indicatief","modelindex"
"sep",398,84,508,0.783464566929134,0.165354330708661,0.425157305889987,0.259635519498393,0.644421005854718,0.130103045240305,0.0899543414642334,0.179225778782414,105.456404488837,236,"Groenling","indicatief","modelindex"
"dec",0,0,564,0,0,,,,,,,,99,"Groenpootruiter","alleen_beschrijvend","beschrijvend"
"feb",0,0,556,0,0,,,,,,,,99,"Groenpootruiter","alleen_beschrijvend","beschrijvend"
"jan",0,0,562,0,0,,,,,,,,99,"Groenpootruiter","alleen_beschrijvend","beschrijvend"
"mrt",0,0,454,0,0,,,,,,,,99,"Groenpootruiter","alleen_beschrijvend","beschrijvend"
"nov",0,0,571,0,0,,,,,,,,99,"Groenpootruiter","alleen_beschrijvend","beschrijvend"
"okt",2,1,548,0.00364963503649635,0.00182481751824818,,,,,,,,99,"Groenpootruiter","alleen_beschrijvend","beschrijvend"
"sep",6,4,508,0.0118110236220472,0.0078740157480315,,,,,,,,99,"Groenpootruiter","alleen_beschrijvend","beschrijvend"
"dec",8,3,564,0.0141843971631206,0.00531914893617021,,,,,,,,241,"Grote Barmsijs","alleen_beschrijvend","beschrijvend"
"feb",8,3,556,0.0143884892086331,0.00539568345323741,,,,,,,,241,"Grote Barmsijs","alleen_beschrijvend","beschrijvend"
"jan",17,6,562,0.0302491103202847,0.0106761565836299,,,,,,,,241,"Grote Barmsijs","alleen_beschrijvend","beschrijvend"
"mrt",5,1,454,0.0110132158590308,0.00220264317180617,,,,,,,,241,"Grote Barmsijs","alleen_beschrijvend","beschrijvend"
"nov",44,7,571,0.0770577933450088,0.0122591943957968,,,,,,,,241,"Grote Barmsijs","alleen_beschrijvend","beschrijvend"
"okt",1,1,548,0.00182481751824818,0.00182481751824818,,,,,,,,241,"Grote Barmsijs","alleen_beschrijvend","beschrijvend"
"sep",0,0,508,0,0,,,,,,,,241,"Grote Barmsijs","alleen_beschrijvend","beschrijvend"
"dec",752,280,564,1.33333333333333,0.49645390070922,0.77129101427699,0.53558242934906,1.12290457440189,0.551129679926813,0.418594339602577,0.674673463360312,92.1074139221473,144,"Grote Bonte Specht","betrouwbaar","modelindex"
"feb",725,267,556,1.30395683453237,0.48021582733813,0.795219634137783,0.547835023260999,1.1443046357729,0.52976515372452,0.393309639639352,0.654934529292632,94.964964773002,144,"Grote Bonte Specht","betrouwbaar","modelindex"
"jan",659,251,562,1.17259786476868,0.446619217081851,0.708174042854011,0.50488892591456,1.02089350383852,0.49022085962463,0.347681180102629,0.625469783531109,84.5699982064745,144,"Grote Bonte Specht","betrouwbaar","modelindex"
"mrt",710,228,454,1.56387665198238,0.502202643171806,0.87555175507902,0.610780099800876,1.26183294982719,0.533591571365829,0.392826040662987,0.669219417217101,104.558210095216,144,"Grote Bonte Specht","betrouwbaar","modelindex"
"nov",768,289,571,1.34500875656743,0.506129597197898,0.816587608617773,0.574866073404709,1.18271371611618,0.577242216327486,0.446448631196091,0.699133431742152,97.5167238803621,144,"Grote Bonte Specht","betrouwbaar","modelindex"
"okt",852,276,548,1.55474452554745,0.503649635036496,0.903923964502987,0.627917763374633,1.29832910961385,0.569484491936205,0.436276386650661,0.691999066428463,107.946413495652,144,"Grote Bonte Specht","betrouwbaar","modelindex"
"sep",829,291,508,1.63188976377953,0.572834645669291,0.990926812160515,0.679327174635619,1.43675317720736,0.668855970907487,0.537387780770636,0.776244152457408,118.336275627146,144,"Grote Bonte Specht","betrouwbaar","modelindex"
"dec",21,3,564,0.0372340425531915,0.00531914893617021,,,,,,,,25,"Grote Canadese Gans","alleen_beschrijvend","beschrijvend"
"feb",219,61,556,0.393884892086331,0.109712230215827,,,,,,,,25,"Grote Canadese Gans","alleen_beschrijvend","beschrijvend"
"jan",68,17,562,0.120996441281139,0.0302491103202847,,,,,,,,25,"Grote Canadese Gans","alleen_beschrijvend","beschrijvend"
"mrt",366,101,454,0.806167400881057,0.222466960352423,,,,,,,,25,"Grote Canadese Gans","alleen_beschrijvend","beschrijvend"
"nov",0,0,571,0,0,,,,,,,,25,"Grote Canadese Gans","alleen_beschrijvend","beschrijvend"
"okt",98,7,548,0.178832116788321,0.0127737226277372,,,,,,,,25,"Grote Canadese Gans","alleen_beschrijvend","beschrijvend"
"sep",81,9,508,0.159448818897638,0.0177165354330709,,,,,,,,25,"Grote Canadese Gans","alleen_beschrijvend","beschrijvend"
"dec",11,11,564,0.0195035460992908,0.0195035460992908,,,,,,,,160,"Grote Gele Kwikstaart","alleen_beschrijvend","beschrijvend"
"feb",8,8,556,0.0143884892086331,0.0143884892086331,,,,,,,,160,"Grote Gele Kwikstaart","alleen_beschrijvend","beschrijvend"
"jan",2,2,562,0.00355871886120996,0.00355871886120996,,,,,,,,160,"Grote Gele Kwikstaart","alleen_beschrijvend","beschrijvend"
"mrt",1,1,454,0.00220264317180617,0.00220264317180617,,,,,,,,160,"Grote Gele Kwikstaart","alleen_beschrijvend","beschrijvend"
"nov",9,9,571,0.0157618213660245,0.0157618213660245,,,,,,,,160,"Grote Gele Kwikstaart","alleen_beschrijvend","beschrijvend"
"okt",27,21,548,0.0492700729927007,0.0383211678832117,,,,,,,,160,"Grote Gele Kwikstaart","alleen_beschrijvend","beschrijvend"
"sep",5,3,508,0.00984251968503937,0.00590551181102362,,,,,,,,160,"Grote Gele Kwikstaart","alleen_beschrijvend","beschrijvend"
"dec",0,0,564,0,0,,,,,,,,435,"Grote jager","alleen_beschrijvend","beschrijvend"
"feb",0,0,556,0,0,,,,,,,,435,"Grote jager","alleen_beschrijvend","beschrijvend"
"jan",0,0,562,0,0,,,,,,,,435,"Grote jager","alleen_beschrijvend","beschrijvend"
"mrt",0,0,454,0,0,,,,,,,,435,"Grote jager","alleen_beschrijvend","beschrijvend"
"nov",1,1,571,0.00175131348511384,0.00175131348511384,,,,,,,,435,"Grote jager","alleen_beschrijvend","beschrijvend"
"okt",0,0,548,0,0,,,,,,,,435,"Grote jager","alleen_beschrijvend","beschrijvend"
"sep",0,0,508,0,0,,,,,,,,435,"Grote jager","alleen_beschrijvend","beschrijvend"
"dec",0,0,564,0,0,,,,,,,,244,"Grote Kruisbek","alleen_beschrijvend","beschrijvend"
"feb",0,0,556,0,0,,,,,,,,244,"Grote Kruisbek","alleen_beschrijvend","beschrijvend"
"jan",0,0,562,0,0,,,,,,,,244,"Grote Kruisbek","alleen_beschrijvend","beschrijvend"
"mrt",0,0,454,0,0,,,,,,,,244,"Grote Kruisbek","alleen_beschrijvend","beschrijvend"
"nov",0,0,571,0,0,,,,,,,,244,"Grote Kruisbek","alleen_beschrijvend","beschrijvend"
"okt",4,1,548,0.0072992700729927,0.00182481751824818,,,,,,,,244,"Grote Kruisbek","alleen_beschrijvend","beschrijvend"
"sep",0,0,508,0,0,,,,,,,,244,"Grote Kruisbek","alleen_beschrijvend","beschrijvend"
"dec",7,7,564,0.0124113475177305,0.0124113475177305,,,,,,,,179,"Grote Lijster","alleen_beschrijvend","beschrijvend"
"feb",20,18,556,0.0359712230215827,0.0323741007194245,,,,,,,,179,"Grote Lijster","alleen_beschrijvend","beschrijvend"
"jan",8,6,562,0.0142348754448399,0.0106761565836299,,,,,,,,179,"Grote Lijster","alleen_beschrijvend","beschrijvend"
"mrt",33,25,454,0.0726872246696035,0.0550660792951542,,,,,,,,179,"Grote Lijster","alleen_beschrijvend","beschrijvend"
"nov",32,17,571,0.0560420315236427,0.0297723292469352,,,,,,,,179,"Grote Lijster","alleen_beschrijvend","beschrijvend"
"okt",98,43,548,0.178832116788321,0.0784671532846715,,,,,,,,179,"Grote Lijster","alleen_beschrijvend","beschrijvend"
"sep",10,9,508,0.0196850393700787,0.0177165354330709,,,,,,,,179,"Grote Lijster","alleen_beschrijvend","beschrijvend"
"dec",9,6,564,0.0159574468085106,0.0106382978723404,,,,,,,,112,"Grote Mantelmeeuw","alleen_beschrijvend","beschrijvend"
"feb",1,1,556,0.00179856115107914,0.00179856115107914,,,,,,,,112,"Grote Mantelmeeuw","alleen_beschrijvend","beschrijvend"
"jan",13,7,562,0.0231316725978648,0.0124555160142349,,,,,,,,112,"Grote Mantelmeeuw","alleen_beschrijvend","beschrijvend"
"mrt",6,2,454,0.013215859030837,0.00440528634361234,,,,,,,,112,"Grote Mantelmeeuw","alleen_beschrijvend","beschrijvend"
"nov",78,11,571,0.136602451838879,0.0192644483362522,,,,,,,,112,"Grote Mantelmeeuw","alleen_beschrijvend","beschrijvend"
"okt",5,2,548,0.00912408759124088,0.00364963503649635,,,,,,,,112,"Grote Mantelmeeuw","alleen_beschrijvend","beschrijvend"
"sep",5,3,508,0.00984251968503937,0.00590551181102362,,,,,,,,112,"Grote Mantelmeeuw","alleen_beschrijvend","beschrijvend"
"dec",0,0,564,0,0,,,,,,,,631,"Grote Pieper","alleen_beschrijvend","beschrijvend"
"feb",0,0,556,0,0,,,,,,,,631,"Grote Pieper","alleen_beschrijvend","beschrijvend"
"jan",0,0,562,0,0,,,,,,,,631,"Grote Pieper","alleen_beschrijvend","beschrijvend"
"mrt",0,0,454,0,0,,,,,,,,631,"Grote Pieper","alleen_beschrijvend","beschrijvend"
"nov",0,0,571,0,0,,,,,,,,631,"Grote Pieper","alleen_beschrijvend","beschrijvend"
"okt",1,1,548,0.00182481751824818,0.00182481751824818,,,,,,,,631,"Grote Pieper","alleen_beschrijvend","beschrijvend"
"sep",0,0,508,0,0,,,,,,,,631,"Grote Pieper","alleen_beschrijvend","beschrijvend"
"dec",2,2,564,0.00354609929078014,0.00354609929078014,,,,,,,,628,"Grote toppereend","alleen_beschrijvend","beschrijvend"
"feb",1,1,556,0.00179856115107914,0.00179856115107914,,,,,,,,628,"Grote toppereend","alleen_beschrijvend","beschrijvend"
"jan",0,0,562,0,0,,,,,,,,628,"Grote toppereend","alleen_beschrijvend","beschrijvend"
"mrt",0,0,454,0,0,,,,,,,,628,"Grote toppereend","alleen_beschrijvend","beschrijvend"
"nov",0,0,571,0,0,,,,,,,,628,"Grote toppereend","alleen_beschrijvend","beschrijvend"
"okt",0,0,548,0,0,,,,,,,,628,"Grote toppereend","alleen_beschrijvend","beschrijvend"
"sep",3,2,508,0.00590551181102362,0.00393700787401575,,,,,,,,628,"Grote toppereend","alleen_beschrijvend","beschrijvend"
"dec",241,53,564,0.427304964539007,0.0939716312056738,,,,,,,,51,"Grote Zaagbek","alleen_beschrijvend","beschrijvend"
"feb",145,45,556,0.260791366906475,0.0809352517985611,,,,,,,,51,"Grote Zaagbek","alleen_beschrijvend","beschrijvend"
"jan",284,63,562,0.505338078291815,0.112099644128114,,,,,,,,51,"Grote Zaagbek","alleen_beschrijvend","beschrijvend"
"mrt",47,18,454,0.10352422907489,0.039647577092511,,,,,,,,51,"Grote Zaagbek","alleen_beschrijvend","beschrijvend"
"nov",168,30,571,0.294220665499124,0.0525394045534151,,,,,,,,51,"Grote Zaagbek","alleen_beschrijvend","beschrijvend"
"okt",1,1,548,0.00182481751824818,0.00182481751824818,,,,,,,,51,"Grote Zaagbek","alleen_beschrijvend","beschrijvend"
"sep",0,0,508,0,0,,,,,,,,51,"Grote Zaagbek","alleen_beschrijvend","beschrijvend"
"dec",0,0,564,0,0,,,,,,,,363,"Grote zee-eend","alleen_beschrijvend","beschrijvend"
"feb",0,0,556,0,0,,,,,,,,363,"Grote zee-eend","alleen_beschrijvend","beschrijvend"
"jan",1,1,562,0.00177935943060498,0.00177935943060498,,,,,,,,363,"Grote zee-eend","alleen_beschrijvend","beschrijvend"
"mrt",0,0,454,0,0,,,,,,,,363,"Grote zee-eend","alleen_beschrijvend","beschrijvend"
"nov",0,0,571,0,0,,,,,,,,363,"Grote zee-eend","alleen_beschrijvend","beschrijvend"
"okt",0,0,548,0,0,,,,,,,,363,"Grote zee-eend","alleen_beschrijvend","beschrijvend"
"sep",0,0,508,0,0,,,,,,,,363,"Grote zee-eend","alleen_beschrijvend","beschrijvend"
"dec",40,38,564,0.0709219858156028,0.0673758865248227,,,,,,,,10,"Grote Zilverreiger","alleen_beschrijvend","beschrijvend"
"feb",23,18,556,0.0413669064748201,0.0323741007194245,,,,,,,,10,"Grote Zilverreiger","alleen_beschrijvend","beschrijvend"
"jan",31,29,562,0.0551601423487545,0.0516014234875445,,,,,,,,10,"Grote Zilverreiger","alleen_beschrijvend","beschrijvend"
"mrt",10,10,454,0.0220264317180617,0.0220264317180617,,,,,,,,10,"Grote Zilverreiger","alleen_beschrijvend","beschrijvend"
"nov",37,27,571,0.0647985989492119,0.0472854640980736,,,,,,,,10,"Grote Zilverreiger","alleen_beschrijvend","beschrijvend"
"okt",31,25,548,0.0565693430656934,0.0456204379562044,,,,,,,,10,"Grote Zilverreiger","alleen_beschrijvend","beschrijvend"
"sep",36,20,508,0.0708661417322835,0.0393700787401575,,,,,,,,10,"Grote Zilverreiger","alleen_beschrijvend","beschrijvend"
"dec",0,0,564,0,0,,,,,,,,95,"Grutto","alleen_beschrijvend","beschrijvend"
"feb",1,1,556,0.00179856115107914,0.00179856115107914,,,,,,,,95,"Grutto","alleen_beschrijvend","beschrijvend"
"jan",0,0,562,0,0,,,,,,,,95,"Grutto","alleen_beschrijvend","beschrijvend"
"mrt",0,0,454,0,0,,,,,,,,95,"Grutto","alleen_beschrijvend","beschrijvend"
"nov",0,0,571,0,0,,,,,,,,95,"Grutto","alleen_beschrijvend","beschrijvend"
"okt",0,0,548,0,0,,,,,,,,95,"Grutto","alleen_beschrijvend","beschrijvend"
"sep",2,1,508,0.00393700787401575,0.00196850393700787,,,,,,,,95,"Grutto","alleen_beschrijvend","beschrijvend"
"dec",145,35,564,0.25709219858156,0.0620567375886525,,,,,,,,126,"Halsbandparkiet","alleen_beschrijvend","beschrijvend"
"feb",162,41,556,0.29136690647482,0.0737410071942446,,,,,,,,126,"Halsbandparkiet","alleen_beschrijvend","beschrijvend"
"jan",184,37,562,0.327402135231317,0.0658362989323843,,,,,,,,126,"Halsbandparkiet","alleen_beschrijvend","beschrijvend"
"mrt",104,26,454,0.229074889867841,0.0572687224669604,,,,,,,,126,"Halsbandparkiet","alleen_beschrijvend","beschrijvend"
"nov",180,36,571,0.31523642732049,0.0630472854640981,,,,,,,,126,"Halsbandparkiet","alleen_beschrijvend","beschrijvend"
"okt",168,34,548,0.306569343065693,0.062043795620438,,,,,,,,126,"Halsbandparkiet","alleen_beschrijvend","beschrijvend"
"sep",108,24,508,0.21259842519685,0.047244094488189,,,,,,,,126,"Halsbandparkiet","alleen_beschrijvend","beschrijvend"
"dec",96,86,564,0.170212765957447,0.152482269503546,0.116439896700513,0.0813046151137519,0.161210064715283,0.109175479271678,0.0763808499276143,0.147629302778374,72.9168792315435,60,"Havik","indicatief","modelindex"
"feb",130,110,556,0.233812949640288,0.197841726618705,0.16738218908899,0.12075412181325,0.224799084231013,0.156086645899892,0.110588620610581,0.206804058127654,104.817912186103,60,"Havik","indicatief","modelindex"
"jan",124,106,562,0.220640569395018,0.188612099644128,0.152268741647986,0.107469492065265,0.204060273098424,0.143227103806555,0.10121854358011,0.193309088579156,95.353583781017,60,"Havik","indicatief","modelindex"
"mrt",114,91,454,0.251101321585903,0.200440528634361,0.178805664757673,0.127337374581547,0.24862028448292,0.156984380552321,0.110653926979778,0.211443948269824,111.971510045093,60,"Havik","indicatief","modelindex"
"nov",130,116,571,0.227670753064799,0.203152364273205,0.16171960863569,0.113130478494652,0.223421789615386,0.161330424083953,0.118829465163428,0.208769246870973,101.27189654411,60,"Havik","indicatief","modelindex"
"okt",153,125,548,0.279197080291971,0.228102189781022,0.198833600769467,0.144042758934041,0.264538582781454,0.183112223614813,0.131824828720344,0.244345517260115,124.513384718731,60,"Havik","indicatief","modelindex"
"sep",101,88,508,0.198818897637795,0.173228346456693,0.142370048083906,0.101001511559322,0.196514689780337,0.133232056576413,0.0932244602821427,0.179038971172295,89.1548334934029,60,"Havik","indicatief","modelindex"
"dec",592,229,564,1.04964539007092,0.406028368794326,0.60577443342832,0.422656539580519,0.840264820707272,0.348332131085241,0.259585542169074,0.452928536335904,42.6664786407405,165,"Heggenmus","betrouwbaar","modelindex"
"feb",821,248,556,1.47661870503597,0.446043165467626,0.947052985470538,0.679054439033421,1.2852878477013,0.418097163240317,0.322420838121861,0.519989391152587,66.703732852419,165,"Heggenmus","betrouwbaar","modelindex"
"jan",350,169,562,0.622775800711744,0.300711743772242,0.374741366447936,0.265054037406452,0.524521373107461,0.231800516809042,0.161716062680293,0.317752864282276,26.3941388494479,165,"Heggenmus","betrouwbaar","modelindex"
"mrt",2270,371,454,5,0.817180616740088,3.88978613156029,2.81733989750399,5.2989694748903,0.872107499407358,0.810437321290198,0.919071616612264,273.969100940777,165,"Heggenmus","betrouwbaar","modelindex"
"nov",1066,280,571,1.86690017513135,0.490367775831874,1.06280656469519,0.765361960186996,1.48277966477874,0.463613890151614,0.362979428676322,0.570050607204677,74.856598577747,165,"Heggenmus","betrouwbaar","modelindex"
"okt",1241,300,548,2.26459854014599,0.547445255474453,1.39102328324621,0.99169931440816,1.87509324288467,0.545288271889208,0.443790132461399,0.644543343994712,97.9738693617544,165,"Heggenmus","betrouwbaar","modelindex"
"sep",1825,275,508,3.59251968503937,0.541338582677165,1.66734583127445,1.1855476443042,2.27565232484343,0.53426732379642,0.427546972807668,0.635112816644008,117.436080777114,165,"Heggenmus","betrouwbaar","modelindex"
"dec",7,4,564,0.0124113475177305,0.00709219858156028,,,,,,,,122,"Holenduif","alleen_beschrijvend","beschrijvend"
"feb",34,21,556,0.0611510791366906,0.0377697841726619,,,,,,,,122,"Holenduif","alleen_beschrijvend","beschrijvend"
"jan",24,10,562,0.0427046263345196,0.0177935943060498,,,,,,,,122,"Holenduif","alleen_beschrijvend","beschrijvend"
"mrt",29,15,454,0.0638766519823789,0.0330396475770925,,,,,,,,122,"Holenduif","alleen_beschrijvend","beschrijvend"
"nov",23,9,571,0.0402802101576182,0.0157618213660245,,,,,,,,122,"Holenduif","alleen_beschrijvend","beschrijvend"
"okt",55,21,548,0.10036496350365,0.0383211678832117,,,,,,,,122,"Holenduif","alleen_beschrijvend","beschrijvend"
"sep",49,27,508,0.0964566929133858,0.0531496062992126,,,,,,,,122,"Holenduif","alleen_beschrijvend","beschrijvend"
"dec",3599,182,564,6.38120567375887,0.322695035460993,2.94173904008149,1.76058358929931,4.51327972578021,0.385870772143645,0.292188035095295,0.483274583705616,84.4770806367661,123,"Houtduif","indicatief","modelindex"
"feb",1580,180,556,2.84172661870504,0.323741007194245,2.08608322396615,1.27119133132158,3.18402182745968,0.399062831473873,0.298959080113172,0.497010407294495,59.9054567128127,123,"Houtduif","indicatief","modelindex"
"jan",2590,174,562,4.6085409252669,0.309608540925267,2.24802471467169,1.41866976430895,3.42996316234107,0.37437640560776,0.283756431848081,0.476060287601565,64.5558842940407,123,"Houtduif","indicatief","modelindex"
"mrt",1389,141,454,3.05947136563877,0.31057268722467,2.57667078716072,1.52616500809213,4.02330409964292,0.416136068028075,0.324574298012759,0.513090117401965,73.9935197839117,123,"Houtduif","indicatief","modelindex"
"nov",3699,207,571,6.47810858143608,0.362521891418564,3.53666380283055,2.09317532796318,5.31219336703967,0.436150106290495,0.339576440588888,0.532901210818253,101.561365296553,123,"Houtduif","indicatief","modelindex"
"okt",2345,241,548,4.27919708029197,0.43978102189781,4.70204825277334,2.86155312495639,7.32757499353379,0.542745993293759,0.438446891763356,0.63287999654314,135.027378022115,123,"Houtduif","indicatief","modelindex"
"sep",1779,268,508,3.50196850393701,0.52755905511811,6.28481765240136,3.89662664057368,10.0546105139323,0.643568220625296,0.558207432902103,0.722168396205806,180.479315253801,123,"Houtduif","indicatief","modelindex"
"dec",396,210,564,0.702127659574468,0.372340425531915,0.53504919060998,0.418720301226487,0.685987396465025,0.344742107065186,0.279357681103878,0.416126272317335,141.865594803613,94,"Houtsnip","indicatief","modelindex"
"feb",425,191,556,0.764388489208633,0.343525179856115,0.557960204284523,0.429820288429489,0.708909378738523,0.319564090718243,0.25328841276869,0.385396603907846,147.940334546303,94,"Houtsnip","indicatief","modelindex"
"jan",548,242,562,0.97508896797153,0.430604982206406,0.738399052084073,0.571835211430834,0.961218796201222,0.414134964687387,0.347221011268633,0.485064379851806,195.782785143376,94,"Houtsnip","indicatief","modelindex"
"mrt",142,95,454,0.312775330396476,0.209251101321586,0.246330201012423,0.175266176898109,0.332586894754194,0.174978610602119,0.130984439089774,0.232812789571922,65.3132106318693,94,"Houtsnip","indicatief","modelindex"
"nov",358,193,571,0.626970227670753,0.33800350262697,0.483520774153922,0.376791298392498,0.627703373714905,0.31077274960294,0.251153418593474,0.381028490536779,128.203095022064,94,"Houtsnip","indicatief","modelindex"
"okt",45,37,548,0.0821167883211679,0.0675182481751825,0.0618142889648582,0.0435243425583977,0.0868707599981937,0.0511705013204123,0.0334567259964077,0.074360539356419,16.3897470088023,94,"Houtsnip","indicatief","modelindex"
"sep",11,7,508,0.0216535433070866,0.0137795275590551,0.0169915841118089,0.00889933287223933,0.0293288104015318,0.0102180797921157,0.00443821262368239,0.0200443171293622,4.50523284397325,94,"Houtsnip","indicatief","modelindex"
"dec",47,7,564,0.0833333333333333,0.0124113475177305,,,,,,,,231,"Huismus","alleen_beschrijvend","beschrijvend"
"feb",48,10,556,0.0863309352517986,0.0179856115107914,,,,,,,,231,"Huismus","alleen_beschrijvend","beschrijvend"
"jan",21,6,562,0.0373665480427046,0.0106761565836299,,,,,,,,231,"Huismus","alleen_beschrijvend","beschrijvend"
"mrt",108,15,454,0.237885462555066,0.0330396475770925,,,,,,,,231,"Huismus","alleen_beschrijvend","beschrijvend"
"nov",64,9,571,0.112084063047285,0.0157618213660245,,,,,,,,231,"Huismus","alleen_beschrijvend","beschrijvend"
"okt",53,9,548,0.0967153284671533,0.0164233576642336,,,,,,,,231,"Huismus","alleen_beschrijvend","beschrijvend"
"sep",53,7,508,0.104330708661417,0.0137795275590551,,,,,,,,231,"Huismus","alleen_beschrijvend","beschrijvend"
"dec",0,0,564,0,0,,,,,,,,153,"Huiszwaluw","alleen_beschrijvend","beschrijvend"
"feb",0,0,556,0,0,,,,,,,,153,"Huiszwaluw","alleen_beschrijvend","beschrijvend"
"jan",0,0,562,0,0,,,,,,,,153,"Huiszwaluw","alleen_beschrijvend","beschrijvend"
"mrt",0,0,454,0,0,,,,,,,,153,"Huiszwaluw","alleen_beschrijvend","beschrijvend"
"nov",0,0,571,0,0,,,,,,,,153,"Huiszwaluw","alleen_beschrijvend","beschrijvend"
"okt",0,0,548,0,0,,,,,,,,153,"Huiszwaluw","alleen_beschrijvend","beschrijvend"
"sep",1107,56,508,2.17913385826772,0.110236220472441,,,,,,,,153,"Huiszwaluw","alleen_beschrijvend","beschrijvend"
"dec",0,0,564,0,0,,,,,,,,639,"hybride Zwarte Kraai x Bonte Kraai","alleen_beschrijvend","beschrijvend"
"feb",0,0,556,0,0,,,,,,,,639,"hybride Zwarte Kraai x Bonte Kraai","alleen_beschrijvend","beschrijvend"
"jan",0,0,562,0,0,,,,,,,,639,"hybride Zwarte Kraai x Bonte Kraai","alleen_beschrijvend","beschrijvend"
"mrt",0,0,454,0,0,,,,,,,,639,"hybride Zwarte Kraai x Bonte Kraai","alleen_beschrijvend","beschrijvend"
"nov",2,1,571,0.00350262697022767,0.00175131348511384,,,,,,,,639,"hybride Zwarte Kraai x Bonte Kraai","alleen_beschrijvend","beschrijvend"
"okt",2,1,548,0.00364963503649635,0.00182481751824818,,,,,,,,639,"hybride Zwarte Kraai x Bonte Kraai","alleen_beschrijvend","beschrijvend"
"sep",2,1,508,0.00393700787401575,0.00196850393700787,,,,,,,,639,"hybride Zwarte Kraai x Bonte Kraai","alleen_beschrijvend","beschrijvend"
"dec",0,0,564,0,0,,,,,,,,302,"IJsduiker","alleen_beschrijvend","beschrijvend"
"feb",0,0,556,0,0,,,,,,,,302,"IJsduiker","alleen_beschrijvend","beschrijvend"
"jan",0,0,562,0,0,,,,,,,,302,"IJsduiker","alleen_beschrijvend","beschrijvend"
"mrt",0,0,454,0,0,,,,,,,,302,"IJsduiker","alleen_beschrijvend","beschrijvend"
"nov",1,1,571,0.00175131348511384,0.00175131348511384,,,,,,,,302,"IJsduiker","alleen_beschrijvend","beschrijvend"
"okt",0,0,548,0,0,,,,,,,,302,"IJsduiker","alleen_beschrijvend","beschrijvend"
"sep",0,0,508,0,0,,,,,,,,302,"IJsduiker","alleen_beschrijvend","beschrijvend"
"dec",0,0,564,0,0,,,,,,,,362,"IJseend","alleen_beschrijvend","beschrijvend"
"feb",0,0,556,0,0,,,,,,,,362,"IJseend","alleen_beschrijvend","beschrijvend"
"jan",0,0,562,0,0,,,,,,,,362,"IJseend","alleen_beschrijvend","beschrijvend"
"mrt",0,0,454,0,0,,,,,,,,362,"IJseend","alleen_beschrijvend","beschrijvend"
"nov",1,1,571,0.00175131348511384,0.00175131348511384,,,,,,,,362,"IJseend","alleen_beschrijvend","beschrijvend"
"okt",0,0,548,0,0,,,,,,,,362,"IJseend","alleen_beschrijvend","beschrijvend"
"sep",0,0,508,0,0,,,,,,,,362,"IJseend","alleen_beschrijvend","beschrijvend"
"dec",0,0,564,0,0,,,,,,,,641,"IJsgors","alleen_beschrijvend","beschrijvend"
"feb",0,0,556,0,0,,,,,,,,641,"IJsgors","alleen_beschrijvend","beschrijvend"
"jan",0,0,562,0,0,,,,,,,,641,"IJsgors","alleen_beschrijvend","beschrijvend"
"mrt",0,0,454,0,0,,,,,,,,641,"IJsgors","alleen_beschrijvend","beschrijvend"
"nov",4,3,571,0.00700525394045534,0.00525394045534151,,,,,,,,641,"IJsgors","alleen_beschrijvend","beschrijvend"
"okt",6,3,548,0.0109489051094891,0.00547445255474453,,,,,,,,641,"IJsgors","alleen_beschrijvend","beschrijvend"
"sep",3,3,508,0.00590551181102362,0.00590551181102362,,,,,,,,641,"IJsgors","alleen_beschrijvend","beschrijvend"
"dec",25,21,564,0.0443262411347518,0.0372340425531915,,,,,,,,137,"IJsvogel","alleen_beschrijvend","beschrijvend"
"feb",16,14,556,0.0287769784172662,0.0251798561151079,,,,,,,,137,"IJsvogel","alleen_beschrijvend","beschrijvend"
"jan",12,11,562,0.0213523131672598,0.0195729537366548,,,,,,,,137,"IJsvogel","alleen_beschrijvend","beschrijvend"
"mrt",14,11,454,0.0308370044052863,0.0242290748898678,,,,,,,,137,"IJsvogel","alleen_beschrijvend","beschrijvend"
"nov",46,40,571,0.0805604203152364,0.0700525394045534,,,,,,,,137,"IJsvogel","alleen_beschrijvend","beschrijvend"
"okt",54,43,548,0.0985401459854015,0.0784671532846715,,,,,,,,137,"IJsvogel","alleen_beschrijvend","beschrijvend"
"sep",71,55,508,0.139763779527559,0.108267716535433,,,,,,,,137,"IJsvogel","alleen_beschrijvend","beschrijvend"
"dec",0,0,564,0,0,,,,,,,,625,"Jan-van-gent","alleen_beschrijvend","beschrijvend"
"feb",0,0,556,0,0,,,,,,,,625,"Jan-van-gent","alleen_beschrijvend","beschrijvend"
"jan",0,0,562,0,0,,,,,,,,625,"Jan-van-gent","alleen_beschrijvend","beschrijvend"
"mrt",0,0,454,0,0,,,,,,,,625,"Jan-van-gent","alleen_beschrijvend","beschrijvend"
"nov",1,1,571,0.00175131348511384,0.00175131348511384,,,,,,,,625,"Jan-van-gent","alleen_beschrijvend","beschrijvend"
"okt",0,0,548,0,0,,,,,,,,625,"Jan-van-gent","alleen_beschrijvend","beschrijvend"
"sep",0,0,508,0,0,,,,,,,,625,"Jan-van-gent","alleen_beschrijvend","beschrijvend"
"dec",0,0,564,0,0,,,,,,,,415,"Kanoetstrandloper","alleen_beschrijvend","beschrijvend"
"feb",1,1,556,0.00179856115107914,0.00179856115107914,,,,,,,,415,"Kanoetstrandloper","alleen_beschrijvend","beschrijvend"
"jan",0,0,562,0,0,,,,,,,,415,"Kanoetstrandloper","alleen_beschrijvend","beschrijvend"
"mrt",0,0,454,0,0,,,,,,,,415,"Kanoetstrandloper","alleen_beschrijvend","beschrijvend"
"nov",0,0,571,0,0,,,,,,,,415,"Kanoetstrandloper","alleen_beschrijvend","beschrijvend"
"okt",0,0,548,0,0,,,,,,,,415,"Kanoetstrandloper","alleen_beschrijvend","beschrijvend"
"sep",2,1,508,0.00393700787401575,0.00196850393700787,,,,,,,,415,"Kanoetstrandloper","alleen_beschrijvend","beschrijvend"
"dec",1226,61,564,2.17375886524823,0.108156028368794,0.251300120259058,0.0854579052837632,0.560625352084136,0.0978729344513046,0.0425838709670253,0.175777736232893,42.7701456834157,224,"Kauw","indicatief","modelindex"
"feb",1310,77,556,2.35611510791367,0.138489208633094,0.437749387674989,0.157094936870446,0.957788630073512,0.147117587709801,0.0676774749829929,0.244209523648262,74.5029690570174,224,"Kauw","indicatief","modelindex"
"jan",1182,60,562,2.10320284697509,0.106761565836299,0.282092457754799,0.09696138156577,0.680804957482958,0.0961413628605523,0.0431273189339604,0.163472862948095,48.0108624776143,224,"Kauw","indicatief","modelindex"
"mrt",1483,57,454,3.26651982378855,0.125550660792952,0.677694551299164,0.23354696000688,1.56361550210622,0.151797165695758,0.071569138012014,0.250728230438429,115.340552396244,224,"Kauw","indicatief","modelindex"
"nov",1024,66,571,1.79334500875657,0.115586690017513,0.298249307656816,0.100127026278149,0.638093561088021,0.105023006652265,0.0450253132364655,0.19168407689737,50.7606853721756,224,"Kauw","indicatief","modelindex"
"okt",1513,74,548,2.76094890510949,0.135036496350365,1.58999856700226,0.529226840142523,3.44251002026769,0.147676050929673,0.0690499129723075,0.250194997471922,270.610576218607,224,"Kauw","indicatief","modelindex"
"sep",1111,49,508,2.18700787401575,0.0964566929133858,0.575833190711071,0.209180078221481,1.28313867448396,0.0927367869411221,0.0415809020682801,0.164604794164004,98.0042087949257,224,"Kauw","indicatief","modelindex"
"dec",73,21,564,0.129432624113475,0.0372340425531915,0.0471873271293881,0.0210795686993432,0.0947689827229546,0.0250691966191589,0.0131694039570121,0.0448029352075736,31.7186718556119,234,"Keep","betrouwbaar","modelindex"
"feb",40,10,556,0.0719424460431655,0.0179856115107914,0.0231844919308824,0.00940165694195365,0.0487858448005589,0.0118298563373968,0.00533192700453137,0.023076140932489,15.5842963870007,234,"Keep","betrouwbaar","modelindex"
"jan",56,12,562,0.099644128113879,0.0213523131672598,0.0318420480830914,0.0145022191885922,0.0611984150050937,0.0141242121218716,0.00629743573548757,0.0251297335163111,21.4037864782804,234,"Keep","betrouwbaar","modelindex"
"mrt",32,16,454,0.0704845814977974,0.0352422907488987,0.0350949130950852,0.0134772640051646,0.076909789753642,0.0243362467223137,0.0121921991531347,0.0459640635991963,23.5903175700526,234,"Keep","betrouwbaar","modelindex"
"nov",172,66,571,0.30122591943958,0.115586690017513,0.212291465170762,0.108589240611502,0.388716309107017,0.0941682636165243,0.0608951302312712,0.138144689866514,142.699401113245,234,"Keep","betrouwbaar","modelindex"
"okt",361,101,548,0.658759124087591,0.184306569343066,0.66460549343389,0.35918331552094,1.16934517396232,0.1617579788459,0.110427519429335,0.23357653229085,446.738665698608,234,"Keep","betrouwbaar","modelindex"
"sep",35,6,508,0.0688976377952756,0.0118110236220472,0.027172322033292,0.011070007116133,0.0545481917016375,0.00769769034632489,0.002581841652555,0.0170408965852556,18.2648608972012,234,"Keep","betrouwbaar","modelindex"
"dec",0,0,564,0,0,,,,,,,,128,"Kerkuil","alleen_beschrijvend","beschrijvend"
"feb",2,2,556,0.00359712230215827,0.00359712230215827,,,,,,,,128,"Kerkuil","alleen_beschrijvend","beschrijvend"
"jan",0,0,562,0,0,,,,,,,,128,"Kerkuil","alleen_beschrijvend","beschrijvend"
"mrt",0,0,454,0,0,,,,,,,,128,"Kerkuil","alleen_beschrijvend","beschrijvend"
"nov",0,0,571,0,0,,,,,,,,128,"Kerkuil","alleen_beschrijvend","beschrijvend"
"okt",1,1,548,0.00182481751824818,0.00182481751824818,,,,,,,,128,"Kerkuil","alleen_beschrijvend","beschrijvend"
"sep",0,0,508,0,0,,,,,,,,128,"Kerkuil","alleen_beschrijvend","beschrijvend"
"dec",27,10,564,0.0478723404255319,0.0177304964539007,,,,,,,,88,"Kievit","alleen_beschrijvend","beschrijvend"
"feb",44,19,556,0.079136690647482,0.0341726618705036,,,,,,,,88,"Kievit","alleen_beschrijvend","beschrijvend"
"jan",11,7,562,0.0195729537366548,0.0124555160142349,,,,,,,,88,"Kievit","alleen_beschrijvend","beschrijvend"
"mrt",175,47,454,0.385462555066079,0.10352422907489,,,,,,,,88,"Kievit","alleen_beschrijvend","beschrijvend"
"nov",3,2,571,0.00525394045534151,0.00350262697022767,,,,,,,,88,"Kievit","alleen_beschrijvend","beschrijvend"
"okt",0,0,548,0,0,,,,,,,,88,"Kievit","alleen_beschrijvend","beschrijvend"
"sep",3,1,508,0.00590551181102362,0.00196850393700787,,,,,,,,88,"Kievit","alleen_beschrijvend","beschrijvend"
"dec",8,8,564,0.0141843971631206,0.0141843971631206,,,,,,,,220,"Klapekster","alleen_beschrijvend","beschrijvend"
"feb",8,8,556,0.0143884892086331,0.0143884892086331,,,,,,,,220,"Klapekster","alleen_beschrijvend","beschrijvend"
"jan",8,8,562,0.0142348754448399,0.0142348754448399,,,,,,,,220,"Klapekster","alleen_beschrijvend","beschrijvend"
"mrt",4,4,454,0.00881057268722467,0.00881057268722467,,,,,,,,220,"Klapekster","alleen_beschrijvend","beschrijvend"
"nov",9,8,571,0.0157618213660245,0.0140105078809107,,,,,,,,220,"Klapekster","alleen_beschrijvend","beschrijvend"
"okt",5,5,548,0.00912408759124088,0.00912408759124088,,,,,,,,220,"Klapekster","alleen_beschrijvend","beschrijvend"
"sep",1,1,508,0.00196850393700787,0.00196850393700787,,,,,,,,220,"Klapekster","alleen_beschrijvend","beschrijvend"
"dec",12,4,564,0.0212765957446809,0.00709219858156028,,,,,,,,242,"Kleine Barmsijs","alleen_beschrijvend","beschrijvend"
"feb",16,3,556,0.0287769784172662,0.00539568345323741,,,,,,,,242,"Kleine Barmsijs","alleen_beschrijvend","beschrijvend"
"jan",5,2,562,0.00889679715302491,0.00355871886120996,,,,,,,,242,"Kleine Barmsijs","alleen_beschrijvend","beschrijvend"
"mrt",15,5,454,0.0330396475770925,0.0110132158590308,,,,,,,,242,"Kleine Barmsijs","alleen_beschrijvend","beschrijvend"
"nov",40,10,571,0.0700525394045534,0.0175131348511384,,,,,,,,242,"Kleine Barmsijs","alleen_beschrijvend","beschrijvend"
"okt",21,5,548,0.0383211678832117,0.00912408759124088,,,,,,,,242,"Kleine Barmsijs","alleen_beschrijvend","beschrijvend"
"sep",0,0,508,0,0,,,,,,,,242,"Kleine Barmsijs","alleen_beschrijvend","beschrijvend"
"dec",26,22,564,0.0460992907801418,0.0390070921985816,,,,,,,,146,"Kleine Bonte Specht","alleen_beschrijvend","beschrijvend"
"feb",24,19,556,0.0431654676258993,0.0341726618705036,,,,,,,,146,"Kleine Bonte Specht","alleen_beschrijvend","beschrijvend"
"jan",16,13,562,0.0284697508896797,0.0231316725978648,,,,,,,,146,"Kleine Bonte Specht","alleen_beschrijvend","beschrijvend"
"mrt",30,22,454,0.066079295154185,0.0484581497797357,,,,,,,,146,"Kleine Bonte Specht","alleen_beschrijvend","beschrijvend"
"nov",23,21,571,0.0402802101576182,0.0367775831873905,,,,,,,,146,"Kleine Bonte Specht","alleen_beschrijvend","beschrijvend"
"okt",21,20,548,0.0383211678832117,0.0364963503649635,,,,,,,,146,"Kleine Bonte Specht","alleen_beschrijvend","beschrijvend"
"sep",27,23,508,0.0531496062992126,0.0452755905511811,,,,,,,,146,"Kleine Bonte Specht","alleen_beschrijvend","beschrijvend"
"dec",0,0,564,0,0,,,,,,,,24,"Kleine Canadese Gans","alleen_beschrijvend","beschrijvend"
"feb",0,0,556,0,0,,,,,,,,24,"Kleine Canadese Gans","alleen_beschrijvend","beschrijvend"
"jan",0,0,562,0,0,,,,,,,,24,"Kleine Canadese Gans","alleen_beschrijvend","beschrijvend"
"mrt",2,1,454,0.00440528634361234,0.00220264317180617,,,,,,,,24,"Kleine Canadese Gans","alleen_beschrijvend","beschrijvend"
"nov",0,0,571,0,0,,,,,,,,24,"Kleine Canadese Gans","alleen_beschrijvend","beschrijvend"
"okt",0,0,548,0,0,,,,,,,,24,"Kleine Canadese Gans","alleen_beschrijvend","beschrijvend"
"sep",0,0,508,0,0,,,,,,,,24,"Kleine Canadese Gans","alleen_beschrijvend","beschrijvend"
"dec",0,0,564,0,0,,,,,,,,188,"Kleine Karekiet","alleen_beschrijvend","beschrijvend"
"feb",0,0,556,0,0,,,,,,,,188,"Kleine Karekiet","alleen_beschrijvend","beschrijvend"
"jan",0,0,562,0,0,,,,,,,,188,"Kleine Karekiet","alleen_beschrijvend","beschrijvend"
"mrt",0,0,454,0,0,,,,,,,,188,"Kleine Karekiet","alleen_beschrijvend","beschrijvend"
"nov",0,0,571,0,0,,,,,,,,188,"Kleine Karekiet","alleen_beschrijvend","beschrijvend"
"okt",5,5,548,0.00912408759124088,0.00912408759124088,,,,,,,,188,"Kleine Karekiet","alleen_beschrijvend","beschrijvend"
"sep",48,33,508,0.094488188976378,0.0649606299212598,,,,,,,,188,"Kleine Karekiet","alleen_beschrijvend","beschrijvend"
"dec",6,4,564,0.0106382978723404,0.00709219858156028,,,,,,,,107,"Kleine Mantelmeeuw","alleen_beschrijvend","beschrijvend"
"feb",4,3,556,0.00719424460431655,0.00539568345323741,,,,,,,,107,"Kleine Mantelmeeuw","alleen_beschrijvend","beschrijvend"
"jan",8,1,562,0.0142348754448399,0.00177935943060498,,,,,,,,107,"Kleine Mantelmeeuw","alleen_beschrijvend","beschrijvend"
"mrt",8,4,454,0.0176211453744493,0.00881057268722467,,,,,,,,107,"Kleine Mantelmeeuw","alleen_beschrijvend","beschrijvend"
"nov",29,4,571,0.0507880910683012,0.00700525394045534,,,,,,,,107,"Kleine Mantelmeeuw","alleen_beschrijvend","beschrijvend"
"okt",92,16,548,0.167883211678832,0.0291970802919708,,,,,,,,107,"Kleine Mantelmeeuw","alleen_beschrijvend","beschrijvend"
"sep",94,13,508,0.18503937007874,0.0255905511811024,,,,,,,,107,"Kleine Mantelmeeuw","alleen_beschrijvend","beschrijvend"
"dec",0,0,564,0,0,,,,,,,,84,"Kleine Plevier","alleen_beschrijvend","beschrijvend"
"feb",0,0,556,0,0,,,,,,,,84,"Kleine Plevier","alleen_beschrijvend","beschrijvend"
"jan",0,0,562,0,0,,,,,,,,84,"Kleine Plevier","alleen_beschrijvend","beschrijvend"
"mrt",5,4,454,0.0110132158590308,0.00881057268722467,,,,,,,,84,"Kleine Plevier","alleen_beschrijvend","beschrijvend"
"nov",0,0,571,0,0,,,,,,,,84,"Kleine Plevier","alleen_beschrijvend","beschrijvend"
"okt",1,1,548,0.00182481751824818,0.00182481751824818,,,,,,,,84,"Kleine Plevier","alleen_beschrijvend","beschrijvend"
"sep",0,0,508,0,0,,,,,,,,84,"Kleine Plevier","alleen_beschrijvend","beschrijvend"
"dec",0,0,564,0,0,,,,,,,,417,"Kleine strandloper","alleen_beschrijvend","beschrijvend"
"feb",0,0,556,0,0,,,,,,,,417,"Kleine strandloper","alleen_beschrijvend","beschrijvend"
"jan",0,0,562,0,0,,,,,,,,417,"Kleine strandloper","alleen_beschrijvend","beschrijvend"
"mrt",0,0,454,0,0,,,,,,,,417,"Kleine strandloper","alleen_beschrijvend","beschrijvend"
"nov",0,0,571,0,0,,,,,,,,417,"Kleine strandloper","alleen_beschrijvend","beschrijvend"
"okt",0,0,548,0,0,,,,,,,,417,"Kleine strandloper","alleen_beschrijvend","beschrijvend"
"sep",2,1,508,0.00393700787401575,0.00196850393700787,,,,,,,,417,"Kleine strandloper","alleen_beschrijvend","beschrijvend"
"dec",0,0,564,0,0,,,,,,,,9,"Kleine Zilverreiger","alleen_beschrijvend","beschrijvend"
"feb",0,0,556,0,0,,,,,,,,9,"Kleine Zilverreiger","alleen_beschrijvend","beschrijvend"
"jan",0,0,562,0,0,,,,,,,,9,"Kleine Zilverreiger","alleen_beschrijvend","beschrijvend"
"mrt",1,1,454,0.00220264317180617,0.00220264317180617,,,,,,,,9,"Kleine Zilverreiger","alleen_beschrijvend","beschrijvend"
"nov",0,0,571,0,0,,,,,,,,9,"Kleine Zilverreiger","alleen_beschrijvend","beschrijvend"
"okt",0,0,548,0,0,,,,,,,,9,"Kleine Zilverreiger","alleen_beschrijvend","beschrijvend"
"sep",0,0,508,0,0,,,,,,,,9,"Kleine Zilverreiger","alleen_beschrijvend","beschrijvend"
"dec",0,0,564,0,0,,,,,,,,344,"Kleine Zwaan","alleen_beschrijvend","beschrijvend"
"feb",0,0,556,0,0,,,,,,,,344,"Kleine Zwaan","alleen_beschrijvend","beschrijvend"
"jan",0,0,562,0,0,,,,,,,,344,"Kleine Zwaan","alleen_beschrijvend","beschrijvend"
"mrt",0,0,454,0,0,,,,,,,,344,"Kleine Zwaan","alleen_beschrijvend","beschrijvend"
"nov",0,0,571,0,0,,,,,,,,344,"Kleine Zwaan","alleen_beschrijvend","beschrijvend"
"okt",1,1,548,0.00182481751824818,0.00182481751824818,,,,,,,,344,"Kleine Zwaan","alleen_beschrijvend","beschrijvend"
"sep",0,0,508,0,0,,,,,,,,344,"Kleine Zwaan","alleen_beschrijvend","beschrijvend"
"dec",24,8,564,0.0425531914893617,0.0141843971631206,0.0154943663396019,0.00698607096244596,0.0312834006127046,0.0073447797785027,0.00271944719469675,0.0155217093226586,5.48962020938952,239,"Kneu","betrouwbaar","modelindex"
"feb",24,13,556,0.0431654676258993,0.0233812949640288,0.0194157146084586,0.00784249297004629,0.0369325152027069,0.0125287919069583,0.00597537329984008,0.0235447192868439,6.87894535073139,239,"Kneu","betrouwbaar","modelindex"
"jan",13,5,562,0.0231316725978648,0.00889679715302491,0.0104751306463069,0.00411365199781825,0.0210289155744538,0.00487470592015653,0.00152485163726971,0.0116097456087999,3.71131594746063,239,"Kneu","betrouwbaar","modelindex"
"mrt",105,42,454,0.231277533039648,0.092511013215859,0.143179212159802,0.0695857317602417,0.270630673648815,0.0576744015192458,0.0322637207956798,0.0915010401023079,50.7280826727319,239,"Kneu","betrouwbaar","modelindex"
"nov",82,28,571,0.143607705779334,0.0490367775831874,0.0550472992280532,0.0274007791705731,0.105840743661391,0.0266960153852127,0.0144766166809608,0.0456536732310319,19.5031380884723,239,"Kneu","betrouwbaar","modelindex"
"okt",281,77,548,0.512773722627737,0.140510948905109,0.268930296018353,0.136472158514062,0.490785138533725,0.0915305264650719,0.0564714073373357,0.136405503805078,95.2814174895381,239,"Kneu","betrouwbaar","modelindex"
"sep",1126,161,508,2.21653543307087,0.316929133858268,1.4631969254113,0.734370842220327,2.70045882230412,0.270695741172602,0.184811400549217,0.364961522238334,518.407480241676,239,"Kneu","betrouwbaar","modelindex"
"dec",402,137,564,0.712765957446808,0.24290780141844,0.079127264788441,0.0306344488687589,0.187017219041084,0.0514199222882474,0.0200865464836282,0.113088768858527,95.230346216316,17,"Knobbelzwaan","indicatief","modelindex"
"feb",331,126,556,0.595323741007194,0.226618705035971,0.0728760451830801,0.0275258271143733,0.162250888733386,0.0461402491324313,0.0174031787836292,0.0999090634964654,87.7069494594032,17,"Knobbelzwaan","indicatief","modelindex"
"jan",396,145,562,0.704626334519573,0.258007117437722,0.0823381136930075,0.0310805373179164,0.190687723043049,0.0570329651585599,0.0233366226398244,0.125247901140397,99.0946305896945,17,"Knobbelzwaan","indicatief","modelindex"
"mrt",223,96,454,0.491189427312775,0.211453744493392,0.051474542092574,0.0196591657894856,0.113710026817375,0.0371721808821521,0.0145321384404221,0.0784385160513899,61.9500557476395,17,"Knobbelzwaan","indicatief","modelindex"
"nov",417,154,571,0.730297723292469,0.269702276707531,0.0854410691289438,0.0321948078019535,0.18692115179654,0.059219508292698,0.0230963893809202,0.124395379431065,102.829064242217,17,"Knobbelzwaan","indicatief","modelindex"
"okt",446,163,548,0.813868613138686,0.297445255474453,0.0966032000772116,0.0367601404309287,0.224864074211559,0.0761761451848785,0.0312722467877831,0.164762813566735,116.262785192352,17,"Knobbelzwaan","indicatief","modelindex"
"sep",480,160,508,0.94488188976378,0.31496062992126,0.113772485620286,0.0443612395542161,0.251051722092088,0.081202850956142,0.0331068831268831,0.171548208435182,136.926168552377,17,"Knobbelzwaan","indicatief","modelindex"
"dec",0,0,564,0,0,,,,,,,,127,"Koekoek","alleen_beschrijvend","beschrijvend"
"feb",0,0,556,0,0,,,,,,,,127,"Koekoek","alleen_beschrijvend","beschrijvend"
"jan",0,0,562,0,0,,,,,,,,127,"Koekoek","alleen_beschrijvend","beschrijvend"
"mrt",0,0,454,0,0,,,,,,,,127,"Koekoek","alleen_beschrijvend","beschrijvend"
"nov",0,0,571,0,0,,,,,,,,127,"Koekoek","alleen_beschrijvend","beschrijvend"
"okt",0,0,548,0,0,,,,,,,,127,"Koekoek","alleen_beschrijvend","beschrijvend"
"sep",2,2,508,0.00393700787401575,0.00393700787401575,,,,,,,,127,"Koekoek","alleen_beschrijvend","beschrijvend"
"dec",5,3,564,0.00886524822695036,0.00531914893617021,,,,,,,,105,"Kokmeeuw","alleen_beschrijvend","beschrijvend"
"feb",16,8,556,0.0287769784172662,0.0143884892086331,,,,,,,,105,"Kokmeeuw","alleen_beschrijvend","beschrijvend"
"jan",79,10,562,0.140569395017794,0.0177935943060498,,,,,,,,105,"Kokmeeuw","alleen_beschrijvend","beschrijvend"
"mrt",2,1,454,0.00440528634361234,0.00220264317180617,,,,,,,,105,"Kokmeeuw","alleen_beschrijvend","beschrijvend"
"nov",22,10,571,0.0385288966725044,0.0175131348511384,,,,,,,,105,"Kokmeeuw","alleen_beschrijvend","beschrijvend"
"okt",143,8,548,0.260948905109489,0.0145985401459854,,,,,,,,105,"Kokmeeuw","alleen_beschrijvend","beschrijvend"
"sep",6,2,508,0.0118110236220472,0.00393700787401575,,,,,,,,105,"Kokmeeuw","alleen_beschrijvend","beschrijvend"
"dec",0,0,564,0,0,,,,,,,,20,"Kolgans","alleen_beschrijvend","beschrijvend"
"feb",0,0,556,0,0,,,,,,,,20,"Kolgans","alleen_beschrijvend","beschrijvend"
"jan",30,4,562,0.0533807829181495,0.00711743772241993,,,,,,,,20,"Kolgans","alleen_beschrijvend","beschrijvend"
"mrt",155,2,454,0.341409691629956,0.00440528634361234,,,,,,,,20,"Kolgans","alleen_beschrijvend","beschrijvend"
"nov",2,2,571,0.00350262697022767,0.00350262697022767,,,,,,,,20,"Kolgans","alleen_beschrijvend","beschrijvend"
"okt",84,2,548,0.153284671532847,0.00364963503649635,,,,,,,,20,"Kolgans","alleen_beschrijvend","beschrijvend"
"sep",0,0,508,0,0,,,,,,,,20,"Kolgans","alleen_beschrijvend","beschrijvend"
"dec",4135,485,564,7.33156028368794,0.859929078014184,6.53116426239335,5.25575998865591,8.04340662323934,0.924266744324013,0.874879705395796,0.957130585588615,71.3098445488597,214,"Koolmees","indicatief","modelindex"
"feb",6174,519,556,11.1043165467626,0.933453237410072,10.408016209148,8.37476820674499,12.7866911472434,0.972342689340285,0.95063039927189,0.984904577312757,113.638853367987,214,"Koolmees","indicatief","modelindex"
"jan",4443,491,562,7.90569395017794,0.873665480427046,7.17670415900302,5.829931049465,8.88341761783466,0.938713862817424,0.901220604788056,0.965474911668214,78.3581054450653,214,"Koolmees","indicatief","modelindex"
"mrt",4619,429,454,10.1740088105727,0.944933920704846,9.44856171553383,7.53254789868352,11.8703674863613,0.976415202274538,0.95776951493583,0.988128977906619,103.163148265102,214,"Koolmees","indicatief","modelindex"
"nov",4409,511,571,7.7215411558669,0.89492119089317,7.14985757745172,5.73875003293486,8.9086111602904,0.950984946349752,0.917895579990799,0.97201706832138,78.0649838085272,214,"Koolmees","indicatief","modelindex"
"okt",6323,517,548,11.5383211678832,0.943430656934307,11.0977097362878,9.00293822401338,13.9118655021557,0.978133218096953,0.958623471579984,0.988595959717962,121.169201133069,214,"Koolmees","indicatief","modelindex"
"sep",6371,477,508,12.5413385826772,0.938976377952756,12.299961518348,9.95443510912299,15.3836037126556,0.973423987259236,0.952517096140228,0.986732902201844,134.29586343139,214,"Koolmees","indicatief","modelindex"
"dec",1415,160,564,2.50886524822695,0.283687943262411,2.12418701653984,1.39964577977379,3.17965542719109,0.281659029322887,0.21380920674384,0.344905443033838,17.2882010472596,178,"Koperwiek","indicatief","modelindex"
"feb",743,82,556,1.3363309352518,0.147482014388489,0.668585987251813,0.416794578313565,1.02218176036313,0.139572525629124,0.0986576985874334,0.192604384002689,5.44144600969182,178,"Koperwiek","indicatief","modelindex"
"jan",1536,138,562,2.73309608540925,0.245551601423488,2.32421621828208,1.46061954959814,3.49200391253938,0.245746292859343,0.181636361740689,0.308189927950458,18.9161862614221,178,"Koperwiek","indicatief","modelindex"
"mrt",890,60,454,1.96035242290749,0.13215859030837,1.49020104311721,0.942754737647845,2.30363331131699,0.12387121342352,0.0877427859362464,0.167733551208141,12.1283554760693,178,"Koperwiek","indicatief","modelindex"
"nov",3727,297,571,6.52714535901926,0.520140105078809,7.65704506476373,4.93210129089201,11.6688146572304,0.552881332166347,0.477083138452722,0.624538903551227,62.3186816776588,178,"Koperwiek","indicatief","modelindex"
"okt",25038,379,548,45.6897810218978,0.691605839416058,71.6067197413174,46.5632179365701,106.602102742512,0.74559489983071,0.675974927607726,0.804588211559403,582.788312697254,178,"Koperwiek","indicatief","modelindex"
"sep",338,9,508,0.665354330708661,0.0177165354330709,0.137468102033568,0.0761985787198895,0.224762910791311,0.0140266001370734,0.00608563579932084,0.0269194593114108,1.1188168306446,178,"Koperwiek","indicatief","modelindex"
"dec",626,74,564,1.10992907801418,0.131205673758865,0.0451768588462139,0.00918311517883942,0.140702587118014,0.018278167312941,0.00554897421346013,0.0443613646082762,87.3259976356862,34,"Krakeend","betrouwbaar","modelindex"
"feb",242,50,556,0.435251798561151,0.0899280575539568,0.0122558772805459,0.00243595614673591,0.0402255081622301,0.0108404408658618,0.00321689594698692,0.0276289194543843,23.6903746244833,34,"Krakeend","betrouwbaar","modelindex"
"jan",240,55,562,0.427046263345196,0.097864768683274,0.01933712754723,0.00373477701999246,0.0598374483460502,0.0121054896545771,0.0036788348261808,0.0293670290279001,37.3782949411918,34,"Krakeend","betrouwbaar","modelindex"
"mrt",224,53,454,0.493392070484582,0.116740088105727,0.0251120365458672,0.00490615347793189,0.0784241135437935,0.0180569787909313,0.00520571192726592,0.0448926999788758,48.5410827586887,34,"Krakeend","betrouwbaar","modelindex"
"nov",843,91,571,1.47635726795096,0.159369527145359,0.0397081678481181,0.00813863643096127,0.113575444268948,0.0240617637933403,0.00772948099442493,0.0579018087544187,76.7551233127133,34,"Krakeend","betrouwbaar","modelindex"
"okt",838,103,548,1.52919708029197,0.187956204379562,0.0495077033980653,0.0101741473235912,0.156532118662666,0.0331444007580741,0.010249213277831,0.0763111754180714,95.6974367032609,34,"Krakeend","betrouwbaar","modelindex"
"sep",1479,151,508,2.91141732283465,0.297244094488189,0.171037240426758,0.0373169767338586,0.524807359720739,0.0900667696003482,0.0315294639939789,0.193093684299299,330.611690023976,34,"Krakeend","betrouwbaar","modelindex"
"dec",6080,219,564,10.7801418439716,0.388297872340426,6.76378766696878,3.97345032918872,10.9928726186749,0.363317686390585,0.304855639948354,0.428910721408776,120.705518970513,176,"Kramsvogel","indicatief","modelindex"
"feb",660,70,556,1.18705035971223,0.12589928057554,0.800928551256973,0.45016157408318,1.29181966820233,0.108686875169494,0.0776103394924966,0.144809357457914,14.2932482800868,176,"Kramsvogel","indicatief","modelindex"
"jan",4253,177,562,7.56761565836299,0.314946619217082,4.85314588827046,2.68138442195677,7.89399688893388,0.293485211006578,0.235552539979493,0.348630530308978,86.6084983631407,176,"Kramsvogel","indicatief","modelindex"
"mrt",252,36,454,0.555066079295154,0.079295154185022,0.404548321696843,0.221134216642503,0.671758222819157,0.070300264850218,0.046923428353522,0.101145748384939,7.21950740079209,176,"Kramsvogel","indicatief","modelindex"
"nov",6882,265,571,12.0525394045534,0.464098073555166,11.8936998628259,6.75975132276384,19.1195268833886,0.451860204038362,0.390665434220529,0.516648916744619,212.253146477808,176,"Kramsvogel","indicatief","modelindex"
"okt",5658,205,548,10.3248175182482,0.374087591240876,14.388813476081,8.31669960444232,23.5238358919023,0.363843299203369,0.303812972517282,0.429387662193013,256.780561944906,176,"Kramsvogel","indicatief","modelindex"
"sep",58,21,508,0.114173228346457,0.0413385826771654,0.119888878250327,0.0577493628972431,0.221655136245085,0.0346433743836354,0.0208181999722589,0.054096260494923,2.13951856275284,176,"Kramsvogel","indicatief","modelindex"
"dec",0,0,564,0,0,,,,,,,,421,"Krombekstrandloper","alleen_beschrijvend","beschrijvend"
"feb",0,0,556,0,0,,,,,,,,421,"Krombekstrandloper","alleen_beschrijvend","beschrijvend"
"jan",0,0,562,0,0,,,,,,,,421,"Krombekstrandloper","alleen_beschrijvend","beschrijvend"
"mrt",0,0,454,0,0,,,,,,,,421,"Krombekstrandloper","alleen_beschrijvend","beschrijvend"
"nov",0,0,571,0,0,,,,,,,,421,"Krombekstrandloper","alleen_beschrijvend","beschrijvend"
"okt",0,0,548,0,0,,,,,,,,421,"Krombekstrandloper","alleen_beschrijvend","beschrijvend"
"sep",2,2,508,0.00393700787401575,0.00393700787401575,,,,,,,,421,"Krombekstrandloper","alleen_beschrijvend","beschrijvend"
"dec",227,43,564,0.402482269503546,0.076241134751773,8.4351581188182e-05,1.01812682884602e-06,0.000576082412296911,0.00370132270692408,0.000169456435627866,0.0188988651201181,21.827361050664,41,"Krooneend","indicatief","modelindex"
"feb",183,31,556,0.329136690647482,0.0557553956834532,7.09837870803012e-05,8.44286365324621e-07,0.000561132735332288,0.0024202346525008,0.000101417720863262,0.0121104101404243,18.368224134277,41,"Krooneend","indicatief","modelindex"
"jan",270,26,562,0.480427046263345,0.0462633451957295,5.93415845303262e-05,8.25342122937301e-07,0.000410626628922828,0.00196887695849483,9.28878365108364e-05,0.0108315886132852,15.3556124570122,41,"Krooneend","indicatief","modelindex"
"mrt",451,64,454,0.993392070484581,0.140969162995595,0.000462283980716583,6.00191767691383e-06,0.0030786758355706,0.00843393697186832,0.000400449852700728,0.0449298680052075,119.623594636928,41,"Krooneend","indicatief","modelindex"
"nov",411,51,571,0.719789842381786,0.0893169877408056,0.000150304038940041,1.92535530637058e-06,0.00106650924396374,0.00433295215130197,0.000208848517148081,0.0240524442220625,38.893645846404,41,"Krooneend","indicatief","modelindex"
"okt",510,59,548,0.930656934306569,0.107664233576642,0.000363270680132001,4.85130577846127e-06,0.00262108539878092,0.0060180765468063,0.000284786695622009,0.0314290124982853,94.0022721882584,41,"Krooneend","indicatief","modelindex"
"sep",2409,100,508,4.74212598425197,0.196850393700787,0.00151460615061425,1.9111374178341e-05,0.01099277100978,0.0173928226735815,0.000885186481663664,0.0860084336530902,391.929289686456,41,"Krooneend","indicatief","modelindex"
"dec",6,3,564,0.0106382978723404,0.00531914893617021,,,,,,,,243,"Kruisbek","alleen_beschrijvend","beschrijvend"
"feb",6,1,556,0.0107913669064748,0.00179856115107914,,,,,,,,243,"Kruisbek","alleen_beschrijvend","beschrijvend"
"jan",17,2,562,0.0302491103202847,0.00355871886120996,,,,,,,,243,"Kruisbek","alleen_beschrijvend","beschrijvend"
"mrt",4,1,454,0.00881057268722467,0.00220264317180617,,,,,,,,243,"Kruisbek","alleen_beschrijvend","beschrijvend"
"nov",14,4,571,0.0245183887915937,0.00700525394045534,,,,,,,,243,"Kruisbek","alleen_beschrijvend","beschrijvend"
"okt",107,12,548,0.195255474452555,0.0218978102189781,,,,,,,,243,"Kruisbek","alleen_beschrijvend","beschrijvend"
"sep",90,9,508,0.177165354330709,0.0177165354330709,,,,,,,,243,"Kruisbek","alleen_beschrijvend","beschrijvend"
"dec",5478,225,564,9.71276595744681,0.398936170212766,0.0954192516214774,0.00884903725695838,0.403152398291826,0.0503071710141427,0.0044115577836889,0.194984281527053,99.1607496904863,44,"Kuifeend","betrouwbaar","modelindex"
"feb",4612,227,556,8.29496402877698,0.408273381294964,0.105627982858051,0.0097064921682886,0.408256079791698,0.0618393201357441,0.00632558110728924,0.230013133245448,109.769776963338,44,"Kuifeend","betrouwbaar","modelindex"
"jan",4690,224,562,8.34519572953737,0.398576512455516,0.0921092776592799,0.00885281246685276,0.377526850454445,0.0489805013995029,0.00470611067249264,0.203400792940412,95.7209878607716,44,"Kuifeend","betrouwbaar","modelindex"
"mrt",3841,212,454,8.46035242290749,0.466960352422908,0.11571599533696,0.01119540342555,0.483816613061937,0.112488447374618,0.0131348174048283,0.373353763120962,120.253351957867,44,"Kuifeend","betrouwbaar","modelindex"
"nov",5677,237,571,9.94220665499124,0.415061295971979,0.0913148301370455,0.00870999322973159,0.370538952576674,0.0546666961794042,0.00536299838984415,0.218543047103593,94.8953891418986,44,"Kuifeend","betrouwbaar","modelindex"
"okt",4268,216,548,7.78832116788321,0.394160583941606,0.0810328506105852,0.00803134995529722,0.313383234556318,0.0483369259355861,0.00434139260145084,0.179220261041524,84.2102414298771,44,"Kuifeend","betrouwbaar","modelindex"
"sep",4958,199,508,9.75984251968504,0.391732283464567,0.092367661238398,0.00852624275685538,0.373381350302602,0.0496025627213218,0.00490817582329903,0.198529929009498,95.989502955762,44,"Kuifeend","betrouwbaar","modelindex"
"dec",93,42,564,0.164893617021277,0.074468085106383,0.00637869036163004,0.000898508949181569,0.0243069746921617,0.00654043329806449,0.000737557770006999,0.0239221707824209,126.28354533604,210,"Kuifmees","indicatief","modelindex"
"feb",78,30,556,0.140287769784173,0.0539568345323741,0.00443903350655074,0.000577956228193885,0.016406149125684,0.00341271384850154,0.000391232312506154,0.0131624971135045,87.8827560661604,210,"Kuifmees","indicatief","modelindex"
"jan",61,27,562,0.108540925266904,0.0480427046263345,0.00420608369809853,0.000564445843812165,0.017300699378815,0.00315459587356582,0.000328102672011113,0.0125899663398203,83.2708802689505,210,"Kuifmees","indicatief","modelindex"
"mrt",38,21,454,0.0837004405286344,0.0462555066079295,0.00314602372627179,0.000426072684328953,0.0116768772270514,0.00257592326391884,0.000247723358069553,0.0104940110735989,62.2841065079346,210,"Kuifmees","indicatief","modelindex"
"nov",114,42,571,0.199649737302977,0.0735551663747811,0.00727823031719,0.00107399739474144,0.0278722832059435,0.00733198724663177,0.000811603467780253,0.02964679981015,144.092388267633,210,"Kuifmees","indicatief","modelindex"
"okt",74,35,548,0.135036496350365,0.0638686131386861,0.00539750864693213,0.000732843566030095,0.0210549176105178,0.00452083171654678,0.000443400815748467,0.0153016997689041,106.858381465994,210,"Kuifmees","indicatief","modelindex"
"sep",51,25,508,0.100393700787402,0.0492125984251969,0.00451203109399727,0.000565789848509815,0.0183451594083334,0.00319799277547144,0.00036595187633611,0.0120143277526633,89.3279420872874,210,"Kuifmees","indicatief","modelindex"
"dec",0,0,564,0,0,,,,,,,,32,"Mandarijneend","alleen_beschrijvend","beschrijvend"
"feb",0,0,556,0,0,,,,,,,,32,"Mandarijneend","alleen_beschrijvend","beschrijvend"
"jan",0,0,562,0,0,,,,,,,,32,"Mandarijneend","alleen_beschrijvend","beschrijvend"
"mrt",1,1,454,0.00220264317180617,0.00220264317180617,,,,,,,,32,"Mandarijneend","alleen_beschrijvend","beschrijvend"
"nov",0,0,571,0,0,,,,,,,,32,"Mandarijneend","alleen_beschrijvend","beschrijvend"
"okt",2,1,548,0.00364963503649635,0.00182481751824818,,,,,,,,32,"Mandarijneend","alleen_beschrijvend","beschrijvend"
"sep",0,0,508,0,0,,,,,,,,32,"Mandarijneend","alleen_beschrijvend","beschrijvend"
"dec",4,3,564,0.00709219858156028,0.00531914893617021,,,,,,,,209,"Matkop","alleen_beschrijvend","beschrijvend"
"feb",5,3,556,0.00899280575539568,0.00539568345323741,,,,,,,,209,"Matkop","alleen_beschrijvend","beschrijvend"
"jan",0,0,562,0,0,,,,,,,,209,"Matkop","alleen_beschrijvend","beschrijvend"
"mrt",1,1,454,0.00220264317180617,0.00220264317180617,,,,,,,,209,"Matkop","alleen_beschrijvend","beschrijvend"
"nov",0,0,571,0,0,,,,,,,,209,"Matkop","alleen_beschrijvend","beschrijvend"
"okt",5,2,548,0.00912408759124088,0.00364963503649635,,,,,,,,209,"Matkop","alleen_beschrijvend","beschrijvend"
"sep",1,1,508,0.00196850393700787,0.00196850393700787,,,,,,,,209,"Matkop","alleen_beschrijvend","beschrijvend"
"dec",11627,272,564,20.6152482269504,0.482269503546099,0.350926505088846,0.0651723204002461,1.2860599067411,0.124204535991078,0.0232304980565854,0.344244946943265,95.0297219130894,78,"Meerkoet","indicatief","modelindex"
"feb",5743,287,556,10.3291366906475,0.516187050359712,0.261571321583034,0.0466501870173888,0.956324364966121,0.184582763840481,0.0385978278264822,0.450443842798102,70.832637575158,78,"Meerkoet","indicatief","modelindex"
"jan",8195,270,562,14.5818505338078,0.480427046263345,0.32059595006292,0.0590048821347279,1.13047372875541,0.124203719421181,0.0225830395614173,0.36032322533267,86.8163092247157,78,"Meerkoet","indicatief","modelindex"
"mrt",3795,260,454,8.35903083700441,0.572687224669604,0.244527779140326,0.0438360392132888,0.857826999237417,0.301420408491025,0.07751821386659,0.640550833066707,66.217303380511,78,"Meerkoet","indicatief","modelindex"
"nov",16161,297,571,28.3029772329247,0.520140105078809,0.465053993924101,0.0865637176583945,1.62220398121858,0.160353224958781,0.0325920033341526,0.416142665871048,125.935063542693,78,"Meerkoet","indicatief","modelindex"
"okt",16559,278,548,30.2171532846715,0.507299270072993,0.471205853486495,0.0866342506792337,1.67255928324083,0.152666816257961,0.0305665098784341,0.432161017730416,127.600966502387,78,"Meerkoet","indicatief","modelindex"
"sep",13669,262,508,26.9074803149606,0.515748031496063,0.471084106629723,0.0835060143675221,1.62550788769065,0.172352703096665,0.0372846150675086,0.453754968675832,127.567997861446,78,"Meerkoet","indicatief","modelindex"
"dec",5501,541,564,9.75354609929078,0.959219858156028,9.10996904580158,7.54994464383431,10.9474116343998,0.975713178370832,0.956394692701665,0.986945196477642,121.717146519588,175,"Merel","indicatief","modelindex"
"feb",2806,481,556,5.04676258992806,0.865107913669065,4.72642048956625,3.8937603955919,5.64525356749797,0.909103082203249,0.867705743258257,0.938246938640629,63.1491075709908,175,"Merel","indicatief","modelindex"
"jan",4125,522,562,7.33985765124555,0.928825622775801,6.74161348276812,5.58446855196804,8.09206630773769,0.956147953839734,0.929583906591984,0.974022110716258,90.0738467864157,175,"Merel","indicatief","modelindex"
"mrt",2275,396,454,5.01101321585903,0.872246696035242,4.54022777447278,3.74058158048423,5.4688541857052,0.915458819080361,0.867216355495665,0.946272297156031,60.6614102067109,175,"Merel","indicatief","modelindex"
"nov",7577,552,571,13.2697022767075,0.966725043782837,12.8407788232092,10.5478607394498,15.4131560375657,0.981109069449134,0.968412472252528,0.990131109027074,171.564025035901,175,"Merel","indicatief","modelindex"
"okt",6749,503,548,12.3156934306569,0.917883211678832,11.4554191265896,9.53257382373981,13.9718462945751,0.94864914052027,0.918309740540711,0.969015911759737,153.054408995713,175,"Merel","indicatief","modelindex"
"sep",1760,357,508,3.46456692913386,0.702755905511811,2.97735429232559,2.4212306546421,3.60302529286044,0.736086926851161,0.652261589179987,0.803371740889198,39.7800548846797,175,"Merel","indicatief","modelindex"
"dec",3,2,564,0.00531914893617021,0.00354609929078014,,,,,,,,50,"Middelste Zaagbek","alleen_beschrijvend","beschrijvend"
"feb",2,1,556,0.00359712230215827,0.00179856115107914,,,,,,,,50,"Middelste Zaagbek","alleen_beschrijvend","beschrijvend"
"jan",2,2,562,0.00355871886120996,0.00355871886120996,,,,,,,,50,"Middelste Zaagbek","alleen_beschrijvend","beschrijvend"
"mrt",0,0,454,0,0,,,,,,,,50,"Middelste Zaagbek","alleen_beschrijvend","beschrijvend"
"nov",3,2,571,0.00525394045534151,0.00350262697022767,,,,,,,,50,"Middelste Zaagbek","alleen_beschrijvend","beschrijvend"
"okt",0,0,548,0,0,,,,,,,,50,"Middelste Zaagbek","alleen_beschrijvend","beschrijvend"
"sep",0,0,508,0,0,,,,,,,,50,"Middelste Zaagbek","alleen_beschrijvend","beschrijvend"
"dec",0,0,564,0,0,,,,,,,,167,"Nachtegaal","alleen_beschrijvend","beschrijvend"
"feb",0,0,556,0,0,,,,,,,,167,"Nachtegaal","alleen_beschrijvend","beschrijvend"
"jan",0,0,562,0,0,,,,,,,,167,"Nachtegaal","alleen_beschrijvend","beschrijvend"
"mrt",0,0,454,0,0,,,,,,,,167,"Nachtegaal","alleen_beschrijvend","beschrijvend"
"nov",0,0,571,0,0,,,,,,,,167,"Nachtegaal","alleen_beschrijvend","beschrijvend"
"okt",0,0,548,0,0,,,,,,,,167,"Nachtegaal","alleen_beschrijvend","beschrijvend"
"sep",1,1,508,0.00196850393700787,0.00196850393700787,,,,,,,,167,"Nachtegaal","alleen_beschrijvend","beschrijvend"
"dec",111,51,564,0.196808510638298,0.0904255319148936,0.0443302204455365,0.018556030529474,0.090889803521191,0.0242632177544418,0.0105972096348265,0.0445540864920594,88.3427640447815,27,"Nijlgans","indicatief","modelindex"
"feb",151,63,556,0.27158273381295,0.113309352517986,0.0620902617527011,0.0266902500906496,0.132709164486269,0.0344311959215141,0.0157799341881137,0.0651698834274085,123.735575604382,27,"Nijlgans","indicatief","modelindex"
"jan",162,67,562,0.288256227758007,0.119217081850534,0.0617092082387654,0.0268714514781835,0.122437721402277,0.0353230522125069,0.0155513072803727,0.0642277184055979,122.976199261749,27,"Nijlgans","indicatief","modelindex"
"mrt",255,86,454,0.561674008810573,0.18942731277533,0.129234188642763,0.0570464123110156,0.252632275021848,0.0712901201885057,0.0344745557250831,0.128022956446254,257.542266179638,27,"Nijlgans","indicatief","modelindex"
"nov",93,41,571,0.162872154115587,0.0718038528896672,0.0339714563644724,0.0140973605651519,0.0678232176143038,0.0178922936740092,0.00752355318371096,0.0339695731386354,67.699468301795,27,"Nijlgans","indicatief","modelindex"
"okt",39,20,548,0.0711678832116788,0.0364963503649635,0.0112751157010887,0.00444611620209364,0.0255273713135382,0.008408557428453,0.00327576149805042,0.017063964579059,22.4694322732424,27,"Nijlgans","indicatief","modelindex"
"sep",28,10,508,0.0551181102362205,0.0196850393700787,0.00864813406427381,0.00326858586174718,0.0198025698309418,0.00445958399574667,0.00164265596141186,0.010055888515926,17.2342943344128,27,"Nijlgans","indicatief","modelindex"
"dec",225,46,564,0.398936170212766,0.0815602836879433,,,,,,,,49,"Nonnetje","alleen_beschrijvend","beschrijvend"
"feb",349,81,556,0.627697841726619,0.14568345323741,,,,,,,,49,"Nonnetje","alleen_beschrijvend","beschrijvend"
"jan",385,75,562,0.685053380782918,0.133451957295374,,,,,,,,49,"Nonnetje","alleen_beschrijvend","beschrijvend"
"mrt",109,41,454,0.240088105726872,0.0903083700440529,,,,,,,,49,"Nonnetje","alleen_beschrijvend","beschrijvend"
"nov",30,11,571,0.0525394045534151,0.0192644483362522,,,,,,,,49,"Nonnetje","alleen_beschrijvend","beschrijvend"
"okt",1,1,548,0.00182481751824818,0.00182481751824818,,,,,,,,49,"Nonnetje","alleen_beschrijvend","beschrijvend"
"sep",0,0,508,0,0,,,,,,,,49,"Nonnetje","alleen_beschrijvend","beschrijvend"
"dec",0,0,564,0,0,,,,,,,,247,"Noordse Goudvink","alleen_beschrijvend","beschrijvend"
"feb",0,0,556,0,0,,,,,,,,247,"Noordse Goudvink","alleen_beschrijvend","beschrijvend"
"jan",0,0,562,0,0,,,,,,,,247,"Noordse Goudvink","alleen_beschrijvend","beschrijvend"
"mrt",0,0,454,0,0,,,,,,,,247,"Noordse Goudvink","alleen_beschrijvend","beschrijvend"
"nov",0,0,571,0,0,,,,,,,,247,"Noordse Goudvink","alleen_beschrijvend","beschrijvend"
"okt",0,0,548,0,0,,,,,,,,247,"Noordse Goudvink","alleen_beschrijvend","beschrijvend"
"sep",0,0,508,0,0,,,,,,,,247,"Noordse Goudvink","alleen_beschrijvend","beschrijvend"
"dec",0,0,564,0,0,,,,,,,,638,"Noordse Kauw","alleen_beschrijvend","beschrijvend"
"feb",1,1,556,0.00179856115107914,0.00179856115107914,,,,,,,,638,"Noordse Kauw","alleen_beschrijvend","beschrijvend"
"jan",0,0,562,0,0,,,,,,,,638,"Noordse Kauw","alleen_beschrijvend","beschrijvend"
"mrt",0,0,454,0,0,,,,,,,,638,"Noordse Kauw","alleen_beschrijvend","beschrijvend"
"nov",0,0,571,0,0,,,,,,,,638,"Noordse Kauw","alleen_beschrijvend","beschrijvend"
"okt",0,0,548,0,0,,,,,,,,638,"Noordse Kauw","alleen_beschrijvend","beschrijvend"
"sep",0,0,508,0,0,,,,,,,,638,"Noordse Kauw","alleen_beschrijvend","beschrijvend"
"dec",0,0,564,0,0,,,,,,,,102,"Oeverloper","alleen_beschrijvend","beschrijvend"
"feb",0,0,556,0,0,,,,,,,,102,"Oeverloper","alleen_beschrijvend","beschrijvend"
"jan",0,0,562,0,0,,,,,,,,102,"Oeverloper","alleen_beschrijvend","beschrijvend"
"mrt",0,0,454,0,0,,,,,,,,102,"Oeverloper","alleen_beschrijvend","beschrijvend"
"nov",1,1,571,0.00175131348511384,0.00175131348511384,,,,,,,,102,"Oeverloper","alleen_beschrijvend","beschrijvend"
"okt",3,3,548,0.00547445255474453,0.00547445255474453,,,,,,,,102,"Oeverloper","alleen_beschrijvend","beschrijvend"
"sep",15,9,508,0.0295275590551181,0.0177165354330709,,,,,,,,102,"Oeverloper","alleen_beschrijvend","beschrijvend"
"dec",5,2,564,0.00886524822695036,0.00354609929078014,,,,,,,,498,"Oeverpieper","alleen_beschrijvend","beschrijvend"
"feb",2,2,556,0.00359712230215827,0.00359712230215827,,,,,,,,498,"Oeverpieper","alleen_beschrijvend","beschrijvend"
"jan",10,5,562,0.0177935943060498,0.00889679715302491,,,,,,,,498,"Oeverpieper","alleen_beschrijvend","beschrijvend"
"mrt",2,2,454,0.00440528634361234,0.00440528634361234,,,,,,,,498,"Oeverpieper","alleen_beschrijvend","beschrijvend"
"nov",25,5,571,0.0437828371278459,0.00875656742556918,,,,,,,,498,"Oeverpieper","alleen_beschrijvend","beschrijvend"
"okt",8,5,548,0.0145985401459854,0.00912408759124088,,,,,,,,498,"Oeverpieper","alleen_beschrijvend","beschrijvend"
"sep",0,0,508,0,0,,,,,,,,498,"Oeverpieper","alleen_beschrijvend","beschrijvend"
"dec",0,0,564,0,0,,,,,,,,151,"Oeverzwaluw","alleen_beschrijvend","beschrijvend"
"feb",0,0,556,0,0,,,,,,,,151,"Oeverzwaluw","alleen_beschrijvend","beschrijvend"
"jan",0,0,562,0,0,,,,,,,,151,"Oeverzwaluw","alleen_beschrijvend","beschrijvend"
"mrt",1,1,454,0.00220264317180617,0.00220264317180617,,,,,,,,151,"Oeverzwaluw","alleen_beschrijvend","beschrijvend"
"nov",0,0,571,0,0,,,,,,,,151,"Oeverzwaluw","alleen_beschrijvend","beschrijvend"
"okt",2,1,548,0.00364963503649635,0.00182481751824818,,,,,,,,151,"Oeverzwaluw","alleen_beschrijvend","beschrijvend"
"sep",40,5,508,0.078740157480315,0.00984251968503937,,,,,,,,151,"Oeverzwaluw","alleen_beschrijvend","beschrijvend"
"dec",0,0,564,0,0,,,,,,,,14,"Ooievaar","alleen_beschrijvend","beschrijvend"
"feb",0,0,556,0,0,,,,,,,,14,"Ooievaar","alleen_beschrijvend","beschrijvend"
"jan",0,0,562,0,0,,,,,,,,14,"Ooievaar","alleen_beschrijvend","beschrijvend"
"mrt",1,1,454,0.00220264317180617,0.00220264317180617,,,,,,,,14,"Ooievaar","alleen_beschrijvend","beschrijvend"
"nov",0,0,571,0,0,,,,,,,,14,"Ooievaar","alleen_beschrijvend","beschrijvend"
"okt",0,0,548,0,0,,,,,,,,14,"Ooievaar","alleen_beschrijvend","beschrijvend"
"sep",0,0,508,0,0,,,,,,,,14,"Ooievaar","alleen_beschrijvend","beschrijvend"
"dec",0,0,564,0,0,,,,,,,,171,"Paapje","alleen_beschrijvend","beschrijvend"
"feb",0,0,556,0,0,,,,,,,,171,"Paapje","alleen_beschrijvend","beschrijvend"
"jan",0,0,562,0,0,,,,,,,,171,"Paapje","alleen_beschrijvend","beschrijvend"
"mrt",0,0,454,0,0,,,,,,,,171,"Paapje","alleen_beschrijvend","beschrijvend"
"nov",0,0,571,0,0,,,,,,,,171,"Paapje","alleen_beschrijvend","beschrijvend"
"okt",2,2,548,0.00364963503649635,0.00364963503649635,,,,,,,,171,"Paapje","alleen_beschrijvend","beschrijvend"
"sep",112,48,508,0.220472440944882,0.094488188976378,,,,,,,,171,"Paapje","alleen_beschrijvend","beschrijvend"
"dec",0,0,564,0,0,,,,,,,,634,"Pallas’ boszanger","alleen_beschrijvend","beschrijvend"
"feb",0,0,556,0,0,,,,,,,,634,"Pallas’ boszanger","alleen_beschrijvend","beschrijvend"
"jan",0,0,562,0,0,,,,,,,,634,"Pallas’ boszanger","alleen_beschrijvend","beschrijvend"
"mrt",0,0,454,0,0,,,,,,,,634,"Pallas’ boszanger","alleen_beschrijvend","beschrijvend"
"nov",1,1,571,0.00175131348511384,0.00175131348511384,,,,,,,,634,"Pallas’ boszanger","alleen_beschrijvend","beschrijvend"
"okt",0,0,548,0,0,,,,,,,,634,"Pallas’ boszanger","alleen_beschrijvend","beschrijvend"
"sep",0,0,508,0,0,,,,,,,,634,"Pallas’ boszanger","alleen_beschrijvend","beschrijvend"
"dec",0,0,564,0,0,,,,,,,,69,"Patrijs","alleen_beschrijvend","beschrijvend"
"feb",0,0,556,0,0,,,,,,,,69,"Patrijs","alleen_beschrijvend","beschrijvend"
"jan",0,0,562,0,0,,,,,,,,69,"Patrijs","alleen_beschrijvend","beschrijvend"
"mrt",0,0,454,0,0,,,,,,,,69,"Patrijs","alleen_beschrijvend","beschrijvend"
"nov",1,1,571,0.00175131348511384,0.00175131348511384,,,,,,,,69,"Patrijs","alleen_beschrijvend","beschrijvend"
"okt",0,0,548,0,0,,,,,,,,69,"Patrijs","alleen_beschrijvend","beschrijvend"
"sep",0,0,508,0,0,,,,,,,,69,"Patrijs","alleen_beschrijvend","beschrijvend"
"dec",7,1,564,0.0124113475177305,0.00177304964539007,,,,,,,,504,"Pestvogel","alleen_beschrijvend","beschrijvend"
"feb",0,0,556,0,0,,,,,,,,504,"Pestvogel","alleen_beschrijvend","beschrijvend"
"jan",8,3,562,0.0142348754448399,0.00533807829181495,,,,,,,,504,"Pestvogel","alleen_beschrijvend","beschrijvend"
"mrt",0,0,454,0,0,,,,,,,,504,"Pestvogel","alleen_beschrijvend","beschrijvend"
"nov",17,4,571,0.0297723292469352,0.00700525394045534,,,,,,,,504,"Pestvogel","alleen_beschrijvend","beschrijvend"
"okt",0,0,548,0,0,,,,,,,,504,"Pestvogel","alleen_beschrijvend","beschrijvend"
"sep",0,0,508,0,0,,,,,,,,504,"Pestvogel","alleen_beschrijvend","beschrijvend"
"dec",5,4,564,0.00886524822695036,0.00709219858156028,,,,,,,,38,"Pijlstaart","alleen_beschrijvend","beschrijvend"
"feb",17,5,556,0.0305755395683453,0.00899280575539568,,,,,,,,38,"Pijlstaart","alleen_beschrijvend","beschrijvend"
"jan",9,5,562,0.0160142348754448,0.00889679715302491,,,,,,,,38,"Pijlstaart","alleen_beschrijvend","beschrijvend"
"mrt",16,6,454,0.0352422907488987,0.013215859030837,,,,,,,,38,"Pijlstaart","alleen_beschrijvend","beschrijvend"
"nov",8,4,571,0.0140105078809107,0.00700525394045534,,,,,,,,38,"Pijlstaart","alleen_beschrijvend","beschrijvend"
"okt",7,5,548,0.0127737226277372,0.00912408759124088,,,,,,,,38,"Pijlstaart","alleen_beschrijvend","beschrijvend"
"sep",4,3,508,0.0078740157480315,0.00590551181102362,,,,,,,,38,"Pijlstaart","alleen_beschrijvend","beschrijvend"
"dec",3554,472,564,6.30141843971631,0.836879432624113,5.64515684686097,4.5664554451738,7.10371771592351,0.915433412700837,0.874857064687729,0.948142760239543,95.4226718661606,213,"Pimpelmees","indicatief","modelindex"
"feb",3327,455,556,5.98381294964029,0.818345323741007,5.5449553774082,4.46189761230986,6.8129420888776,0.905607567100674,0.857079045734415,0.940947335170654,93.7289205321448,213,"Pimpelmees","indicatief","modelindex"
"jan",3262,456,562,5.80427046263345,0.811387900355872,5.04846373366354,4.03226392318148,6.22952696404347,0.900160229685792,0.853671449997218,0.936183443598201,85.3364948670048,213,"Pimpelmees","indicatief","modelindex"
"mrt",1882,349,454,4.14537444933921,0.768722466960352,3.74356569989268,2.99916071008005,4.67286162582153,0.862352322569114,0.803815817776571,0.910869212726593,63.2792057122219,213,"Pimpelmees","indicatief","modelindex"
"nov",3660,488,571,6.40980735551664,0.854640980735552,6.00211822493891,4.79698619880457,7.44491852730208,0.928998227565259,0.888509067894878,0.954591275954695,101.456553540886,213,"Pimpelmees","indicatief","modelindex"
"okt",4169,471,548,7.60766423357664,0.85948905109489,7.40370409768678,5.97615074425447,9.28224073002435,0.935758407113714,0.90042186779343,0.962585021071316,125.148201524384,213,"Pimpelmees","indicatief","modelindex"
"sep",4274,437,508,8.41338582677165,0.860236220472441,8.02368081550673,6.44093214787221,9.91497011533206,0.933556663863599,0.897957700860551,0.95919378291761,135.627951957198,213,"Pimpelmees","indicatief","modelindex"
"dec",0,0,564,0,0,,,,,,,,73,"Porseleinhoen","alleen_beschrijvend","beschrijvend"
"feb",0,0,556,0,0,,,,,,,,73,"Porseleinhoen","alleen_beschrijvend","beschrijvend"
"jan",0,0,562,0,0,,,,,,,,73,"Porseleinhoen","alleen_beschrijvend","beschrijvend"
"mrt",0,0,454,0,0,,,,,,,,73,"Porseleinhoen","alleen_beschrijvend","beschrijvend"
"nov",0,0,571,0,0,,,,,,,,73,"Porseleinhoen","alleen_beschrijvend","beschrijvend"
"okt",0,0,548,0,0,,,,,,,,73,"Porseleinhoen","alleen_beschrijvend","beschrijvend"
"sep",1,1,508,0.00196850393700787,0.00196850393700787,,,,,,,,73,"Porseleinhoen","alleen_beschrijvend","beschrijvend"
"dec",0,0,564,0,0,,,,,,,,12,"Purperreiger","alleen_beschrijvend","beschrijvend"
"feb",0,0,556,0,0,,,,,,,,12,"Purperreiger","alleen_beschrijvend","beschrijvend"
"jan",0,0,562,0,0,,,,,,,,12,"Purperreiger","alleen_beschrijvend","beschrijvend"
"mrt",0,0,454,0,0,,,,,,,,12,"Purperreiger","alleen_beschrijvend","beschrijvend"
"nov",0,0,571,0,0,,,,,,,,12,"Purperreiger","alleen_beschrijvend","beschrijvend"
"okt",0,0,548,0,0,,,,,,,,12,"Purperreiger","alleen_beschrijvend","beschrijvend"
"sep",3,3,508,0.00590551181102362,0.00590551181102362,,,,,,,,12,"Purperreiger","alleen_beschrijvend","beschrijvend"
"dec",246,49,564,0.436170212765957,0.0868794326241135,0.19627109707373,0.102907168535599,0.341847698633792,0.0636184890517024,0.0405800454466764,0.0898723592560664,109.130561911639,237,"Putter","indicatief","modelindex"
"feb",164,43,556,0.294964028776978,0.0773381294964029,0.18270466691563,0.089918211780203,0.341280645551926,0.057619411233131,0.0364288797216452,0.0872508053964972,101.587361876779,237,"Putter","indicatief","modelindex"
"jan",138,33,562,0.245551601423488,0.0587188612099644,0.112465092331797,0.0578838123718505,0.196145251146139,0.0428500481637406,0.0262703008669858,0.0629324640456181,62.5327870715616,237,"Putter","indicatief","modelindex"
"mrt",161,49,454,0.354625550660793,0.107929515418502,0.19183044365676,0.0901458021998161,0.330459716708474,0.0740687068648288,0.0493429640723874,0.103824683021305,106.661471913804,237,"Putter","indicatief","modelindex"
"nov",215,43,571,0.376532399299475,0.0753064798598949,0.180406815679349,0.090162434462651,0.316143528986249,0.0542066645425899,0.0354315051117492,0.0795655514735179,100.309711726841,237,"Putter","indicatief","modelindex"
"okt",143,40,548,0.260948905109489,0.072992700729927,0.211215184717452,0.112752433691283,0.376755057479683,0.0531620163568802,0.0318747144847624,0.0775812383879398,117.43976640548,237,"Putter","indicatief","modelindex"
"sep",189,37,508,0.372047244094488,0.0728346456692913,0.184055297936848,0.0966485695049951,0.345614507693789,0.0515458380201842,0.0311228027790208,0.0783853277876461,102.338339093896,237,"Putter","indicatief","modelindex"
"dec",2,2,564,0.00354609929078014,0.00354609929078014,,,,,,,,228,"Raaf","alleen_beschrijvend","beschrijvend"
"feb",1,1,556,0.00179856115107914,0.00179856115107914,,,,,,,,228,"Raaf","alleen_beschrijvend","beschrijvend"
"jan",1,1,562,0.00177935943060498,0.00177935943060498,,,,,,,,228,"Raaf","alleen_beschrijvend","beschrijvend"
"mrt",0,0,454,0,0,,,,,,,,228,"Raaf","alleen_beschrijvend","beschrijvend"
"nov",0,0,571,0,0,,,,,,,,228,"Raaf","alleen_beschrijvend","beschrijvend"
"okt",3,2,548,0.00547445255474453,0.00364963503649635,,,,,,,,228,"Raaf","alleen_beschrijvend","beschrijvend"
"sep",3,2,508,0.00590551181102362,0.00393700787401575,,,,,,,,228,"Raaf","alleen_beschrijvend","beschrijvend"
"dec",0,0,564,0,0,,,,,,,,132,"Ransuil","alleen_beschrijvend","beschrijvend"
"feb",2,1,556,0.00359712230215827,0.00179856115107914,,,,,,,,132,"Ransuil","alleen_beschrijvend","beschrijvend"
"jan",1,1,562,0.00177935943060498,0.00177935943060498,,,,,,,,132,"Ransuil","alleen_beschrijvend","beschrijvend"
"mrt",3,1,454,0.0066079295154185,0.00220264317180617,,,,,,,,132,"Ransuil","alleen_beschrijvend","beschrijvend"
"nov",1,1,571,0.00175131348511384,0.00175131348511384,,,,,,,,132,"Ransuil","alleen_beschrijvend","beschrijvend"
"okt",4,3,548,0.0072992700729927,0.00547445255474453,,,,,,,,132,"Ransuil","alleen_beschrijvend","beschrijvend"
"sep",1,1,508,0.00196850393700787,0.00196850393700787,,,,,,,,132,"Ransuil","alleen_beschrijvend","beschrijvend"
"dec",2,1,564,0.00354609929078014,0.00177304964539007,,,,,,,,96,"Regenwulp","alleen_beschrijvend","beschrijvend"
"feb",0,0,556,0,0,,,,,,,,96,"Regenwulp","alleen_beschrijvend","beschrijvend"
"jan",0,0,562,0,0,,,,,,,,96,"Regenwulp","alleen_beschrijvend","beschrijvend"
"mrt",0,0,454,0,0,,,,,,,,96,"Regenwulp","alleen_beschrijvend","beschrijvend"
"nov",0,0,571,0,0,,,,,,,,96,"Regenwulp","alleen_beschrijvend","beschrijvend"
"okt",1,1,548,0.00182481751824818,0.00182481751824818,,,,,,,,96,"Regenwulp","alleen_beschrijvend","beschrijvend"
"sep",27,13,508,0.0531496062992126,0.0255905511811024,,,,,,,,96,"Regenwulp","alleen_beschrijvend","beschrijvend"
"dec",32,24,564,0.0567375886524823,0.0425531914893617,0.00810748174636669,0.00319556173972803,0.0169247660341679,0.00736099491760403,0.00286440085615998,0.0155809050057449,30.9318102197647,251,"Rietgors","indicatief","modelindex"
"feb",31,22,556,0.0557553956834532,0.039568345323741,0.0082214152504762,0.00325702552737011,0.0182601847716161,0.00726164631816651,0.00286341360106495,0.0155396117803614,31.3664913744115,251,"Rietgors","indicatief","modelindex"
"jan",9,7,562,0.0160142348754448,0.0124555160142349,0.0023756815097317,0.000734101201575763,0.00560256579946277,0.00207214951795453,0.000637499862279089,0.00488228935432269,9.06374283661589,251,"Rietgors","indicatief","modelindex"
"mrt",184,89,454,0.405286343612335,0.196035242290749,0.0702480434665719,0.0287737083317103,0.149432175745697,0.073043934910271,0.0351516062020936,0.132805589528124,268.011599260344,251,"Rietgors","indicatief","modelindex"
"nov",59,39,571,0.103327495621716,0.0683012259194396,0.0150862814713712,0.005621144976377,0.0323316895133346,0.0136299254667921,0.00569397217225076,0.02729674334648,57.5574524856047,251,"Rietgors","indicatief","modelindex"
"okt",164,69,548,0.299270072992701,0.125912408759124,0.0433077890949691,0.0161996945606469,0.0903703918119974,0.0336730387673312,0.0152427108663123,0.0696086170939298,165.22865610194,251,"Rietgors","indicatief","modelindex"
"sep",136,60,508,0.267716535433071,0.118110236220472,0.0361290621006453,0.0153413552352299,0.0773778063121789,0.0288955717500289,0.0127590806839056,0.0553775905579208,137.840247721319,251,"Rietgors","indicatief","modelindex"
"dec",19,3,564,0.0336879432624113,0.00531914893617021,,,,,,,,232,"Ringmus","alleen_beschrijvend","beschrijvend"
"feb",7,4,556,0.012589928057554,0.00719424460431655,,,,,,,,232,"Ringmus","alleen_beschrijvend","beschrijvend"
"jan",1,1,562,0.00177935943060498,0.00177935943060498,,,,,,,,232,"Ringmus","alleen_beschrijvend","beschrijvend"
"mrt",4,2,454,0.00881057268722467,0.00440528634361234,,,,,,,,232,"Ringmus","alleen_beschrijvend","beschrijvend"
"nov",2,1,571,0.00350262697022767,0.00175131348511384,,,,,,,,232,"Ringmus","alleen_beschrijvend","beschrijvend"
"okt",23,4,548,0.041970802919708,0.0072992700729927,,,,,,,,232,"Ringmus","alleen_beschrijvend","beschrijvend"
"sep",2,1,508,0.00393700787401575,0.00196850393700787,,,,,,,,232,"Ringmus","alleen_beschrijvend","beschrijvend"
"dec",0,0,564,0,0,,,,,,,,627,"Ringsnaveleend","alleen_beschrijvend","beschrijvend"
"feb",0,0,556,0,0,,,,,,,,627,"Ringsnaveleend","alleen_beschrijvend","beschrijvend"
"jan",0,0,562,0,0,,,,,,,,627,"Ringsnaveleend","alleen_beschrijvend","beschrijvend"
"mrt",0,0,454,0,0,,,,,,,,627,"Ringsnaveleend","alleen_beschrijvend","beschrijvend"
"nov",1,1,571,0.00175131348511384,0.00175131348511384,,,,,,,,627,"Ringsnaveleend","alleen_beschrijvend","beschrijvend"
"okt",0,0,548,0,0,,,,,,,,627,"Ringsnaveleend","alleen_beschrijvend","beschrijvend"
"sep",0,0,508,0,0,,,,,,,,627,"Ringsnaveleend","alleen_beschrijvend","beschrijvend"
"dec",2,2,564,0.00354609929078014,0.00354609929078014,,,,,,,,55,"Rode Wouw","alleen_beschrijvend","beschrijvend"
"feb",0,0,556,0,0,,,,,,,,55,"Rode Wouw","alleen_beschrijvend","beschrijvend"
"jan",0,0,562,0,0,,,,,,,,55,"Rode Wouw","alleen_beschrijvend","beschrijvend"
"mrt",1,1,454,0.00220264317180617,0.00220264317180617,,,,,,,,55,"Rode Wouw","alleen_beschrijvend","beschrijvend"
"nov",1,1,571,0.00175131348511384,0.00175131348511384,,,,,,,,55,"Rode Wouw","alleen_beschrijvend","beschrijvend"
"okt",1,1,548,0.00182481751824818,0.00182481751824818,,,,,,,,55,"Rode Wouw","alleen_beschrijvend","beschrijvend"
"sep",1,1,508,0.00196850393700787,0.00196850393700787,,,,,,,,55,"Rode Wouw","alleen_beschrijvend","beschrijvend"
"dec",0,0,564,0,0,,,,,,,,225,"Roek","alleen_beschrijvend","beschrijvend"
"feb",0,0,556,0,0,,,,,,,,225,"Roek","alleen_beschrijvend","beschrijvend"
"jan",0,0,562,0,0,,,,,,,,225,"Roek","alleen_beschrijvend","beschrijvend"
"mrt",0,0,454,0,0,,,,,,,,225,"Roek","alleen_beschrijvend","beschrijvend"
"nov",1,1,571,0.00175131348511384,0.00175131348511384,,,,,,,,225,"Roek","alleen_beschrijvend","beschrijvend"
"okt",0,0,548,0,0,,,,,,,,225,"Roek","alleen_beschrijvend","beschrijvend"
"sep",0,0,508,0,0,,,,,,,,225,"Roek","alleen_beschrijvend","beschrijvend"
"dec",33,26,564,0.0585106382978723,0.0460992907801418,,,,,,,,7,"Roerdomp","alleen_beschrijvend","beschrijvend"
"feb",43,38,556,0.0773381294964029,0.0683453237410072,,,,,,,,7,"Roerdomp","alleen_beschrijvend","beschrijvend"
"jan",37,31,562,0.0658362989323843,0.0551601423487545,,,,,,,,7,"Roerdomp","alleen_beschrijvend","beschrijvend"
"mrt",16,15,454,0.0352422907488987,0.0330396475770925,,,,,,,,7,"Roerdomp","alleen_beschrijvend","beschrijvend"
"nov",18,16,571,0.031523642732049,0.0280210157618214,,,,,,,,7,"Roerdomp","alleen_beschrijvend","beschrijvend"
"okt",6,6,548,0.0109489051094891,0.0109489051094891,,,,,,,,7,"Roerdomp","alleen_beschrijvend","beschrijvend"
"sep",7,7,508,0.0137795275590551,0.0137795275590551,,,,,,,,7,"Roerdomp","alleen_beschrijvend","beschrijvend"
"dec",2363,476,564,4.18971631205674,0.843971631205674,3.71240907468083,3.03981071076815,4.51631571077419,0.879072385928481,0.830013609985474,0.914934842076925,81.3366876910485,166,"Roodborst","indicatief","modelindex"
"feb",993,340,556,1.78597122302158,0.611510791366906,1.64879884629684,1.32902821869475,2.03757762137749,0.649698163785574,0.571924183880049,0.732319199328919,36.1242077930587,166,"Roodborst","indicatief","modelindex"
"jan",1349,396,562,2.40035587188612,0.704626334519573,2.15157198612236,1.75296686809098,2.61393806611758,0.754222161268978,0.682973765783098,0.817781204599304,47.1396699985411,166,"Roodborst","indicatief","modelindex"
"mrt",1327,331,454,2.92290748898678,0.729074889867841,2.71758577400889,2.22238180951486,3.39483924080573,0.769158878975619,0.703049090602508,0.832787401378344,59.540697409054,166,"Roodborst","indicatief","modelindex"
"nov",5646,532,571,9.88791593695271,0.93169877408056,8.73938971240978,7.14656809109081,10.6165283635956,0.954660304713677,0.932822949390412,0.971600163573739,191.474861026664,166,"Roodborst","indicatief","modelindex"
"okt",6074,509,548,11.0839416058394,0.928832116788321,9.92765052878864,8.23973309119362,12.0760081428966,0.953482848944639,0.929487497282993,0.971996859454412,217.508952898833,166,"Roodborst","indicatief","modelindex"
"sep",1789,394,508,3.52165354330709,0.775590551181102,3.05233811137524,2.45879944495766,3.6897835220485,0.817501328978325,0.763245145079373,0.86901084325421,66.8749231828007,166,"Roodborst","indicatief","modelindex"
"dec",10,7,564,0.0177304964539007,0.0124113475177305,0.00409341581553803,0.00148243041983554,0.00915767540906202,0.00256387777137642,0.000634954559471685,0.00650374185531236,5.41045353820253,172,"Roodborsttapuit","indicatief","modelindex"
"feb",14,9,556,0.0251798561151079,0.0161870503597122,0.00556749264398254,0.00197817026545225,0.0115808586093066,0.00325802839939067,0.000972403670948688,0.00860684130879419,7.35880781038919,172,"Roodborsttapuit","indicatief","modelindex"
"jan",2,2,562,0.00355871886120996,0.00355871886120996,0.000982428723305628,0.000138808561427977,0.00312833608519955,0.000792456025178187,0.000112371128804971,0.00259409826803621,1.29852064915181,172,"Roodborsttapuit","indicatief","modelindex"
"mrt",403,126,454,0.887665198237885,0.277533039647577,0.192697845064413,0.0939652269539231,0.356060383395167,0.12625390736695,0.0617764831809863,0.218402274108365,254.697490950042,172,"Roodborsttapuit","indicatief","modelindex"
"nov",13,12,571,0.0227670753064799,0.021015761821366,0.00505550692516306,0.00185054357106054,0.0111842819294706,0.00413239558459973,0.00146069013273689,0.00929604557170192,6.68209303995683,172,"Roodborsttapuit","indicatief","modelindex"
"okt",172,77,548,0.313868613138686,0.140510948905109,0.0667719925514026,0.0307878174383056,0.123457815695273,0.0424137858212506,0.0190017005085709,0.081777973519392,88.2555742275806,172,"Roodborsttapuit","indicatief","modelindex"
"sep",558,175,508,1.09842519685039,0.344488188976378,0.254434067961495,0.121183759170809,0.451970553102046,0.189088707724447,0.0992208368051075,0.322956914314197,336.297059784677,172,"Roodborsttapuit","indicatief","modelindex"
"dec",1,1,564,0.00177304964539007,0.00177304964539007,,,,,,,,48,"Roodhalsfuut","alleen_beschrijvend","beschrijvend"
"feb",0,0,556,0,0,,,,,,,,48,"Roodhalsfuut","alleen_beschrijvend","beschrijvend"
"jan",0,0,562,0,0,,,,,,,,48,"Roodhalsfuut","alleen_beschrijvend","beschrijvend"
"mrt",3,1,454,0.0066079295154185,0.00220264317180617,,,,,,,,48,"Roodhalsfuut","alleen_beschrijvend","beschrijvend"
"nov",0,0,571,0,0,,,,,,,,48,"Roodhalsfuut","alleen_beschrijvend","beschrijvend"
"okt",0,0,548,0,0,,,,,,,,48,"Roodhalsfuut","alleen_beschrijvend","beschrijvend"
"sep",0,0,508,0,0,,,,,,,,48,"Roodhalsfuut","alleen_beschrijvend","beschrijvend"
"dec",0,0,564,0,0,,,,,,,,300,"Roodkeelduiker","alleen_beschrijvend","beschrijvend"
"feb",1,1,556,0.00179856115107914,0.00179856115107914,,,,,,,,300,"Roodkeelduiker","alleen_beschrijvend","beschrijvend"
"jan",0,0,562,0,0,,,,,,,,300,"Roodkeelduiker","alleen_beschrijvend","beschrijvend"
"mrt",0,0,454,0,0,,,,,,,,300,"Roodkeelduiker","alleen_beschrijvend","beschrijvend"
"nov",0,0,571,0,0,,,,,,,,300,"Roodkeelduiker","alleen_beschrijvend","beschrijvend"
"okt",1,1,548,0.00182481751824818,0.00182481751824818,,,,,,,,300,"Roodkeelduiker","alleen_beschrijvend","beschrijvend"
"sep",0,0,508,0,0,,,,,,,,300,"Roodkeelduiker","alleen_beschrijvend","beschrijvend"
"dec",0,0,564,0,0,,,,,,,,245,"Roodmus","alleen_beschrijvend","beschrijvend"
"feb",0,0,556,0,0,,,,,,,,245,"Roodmus","alleen_beschrijvend","beschrijvend"
"jan",0,0,562,0,0,,,,,,,,245,"Roodmus","alleen_beschrijvend","beschrijvend"
"mrt",0,0,454,0,0,,,,,,,,245,"Roodmus","alleen_beschrijvend","beschrijvend"
"nov",0,0,571,0,0,,,,,,,,245,"Roodmus","alleen_beschrijvend","beschrijvend"
"okt",0,0,548,0,0,,,,,,,,245,"Roodmus","alleen_beschrijvend","beschrijvend"
"sep",1,1,508,0.00196850393700787,0.00196850393700787,,,,,,,,245,"Roodmus","alleen_beschrijvend","beschrijvend"
"dec",0,0,564,0,0,,,,,,,,424,"Rosse grutto","alleen_beschrijvend","beschrijvend"
"feb",0,0,556,0,0,,,,,,,,424,"Rosse grutto","alleen_beschrijvend","beschrijvend"
"jan",0,0,562,0,0,,,,,,,,424,"Rosse grutto","alleen_beschrijvend","beschrijvend"
"mrt",0,0,454,0,0,,,,,,,,424,"Rosse grutto","alleen_beschrijvend","beschrijvend"
"nov",0,0,571,0,0,,,,,,,,424,"Rosse grutto","alleen_beschrijvend","beschrijvend"
"okt",0,0,548,0,0,,,,,,,,424,"Rosse grutto","alleen_beschrijvend","beschrijvend"
"sep",1,1,508,0.00196850393700787,0.00196850393700787,,,,,,,,424,"Rosse grutto","alleen_beschrijvend","beschrijvend"
"dec",0,0,564,0,0,,,,,,,,52,"Rosse Stekelstaart","alleen_beschrijvend","beschrijvend"
"feb",0,0,556,0,0,,,,,,,,52,"Rosse Stekelstaart","alleen_beschrijvend","beschrijvend"
"jan",0,0,562,0,0,,,,,,,,52,"Rosse Stekelstaart","alleen_beschrijvend","beschrijvend"
"mrt",0,0,454,0,0,,,,,,,,52,"Rosse Stekelstaart","alleen_beschrijvend","beschrijvend"
"nov",1,1,571,0.00175131348511384,0.00175131348511384,,,,,,,,52,"Rosse Stekelstaart","alleen_beschrijvend","beschrijvend"
"okt",1,1,548,0.00182481751824818,0.00182481751824818,,,,,,,,52,"Rosse Stekelstaart","alleen_beschrijvend","beschrijvend"
"sep",1,1,508,0.00196850393700787,0.00196850393700787,,,,,,,,52,"Rosse Stekelstaart","alleen_beschrijvend","beschrijvend"
"dec",1,1,564,0.00177304964539007,0.00177304964539007,,,,,,,,351,"Rotgans","alleen_beschrijvend","beschrijvend"
"feb",0,0,556,0,0,,,,,,,,351,"Rotgans","alleen_beschrijvend","beschrijvend"
"jan",0,0,562,0,0,,,,,,,,351,"Rotgans","alleen_beschrijvend","beschrijvend"
"mrt",0,0,454,0,0,,,,,,,,351,"Rotgans","alleen_beschrijvend","beschrijvend"
"nov",0,0,571,0,0,,,,,,,,351,"Rotgans","alleen_beschrijvend","beschrijvend"
"okt",0,0,548,0,0,,,,,,,,351,"Rotgans","alleen_beschrijvend","beschrijvend"
"sep",0,0,508,0,0,,,,,,,,351,"Rotgans","alleen_beschrijvend","beschrijvend"
"dec",0,0,564,0,0,,,,,,,,163,"Rouwkwikstaart","alleen_beschrijvend","beschrijvend"
"feb",0,0,556,0,0,,,,,,,,163,"Rouwkwikstaart","alleen_beschrijvend","beschrijvend"
"jan",0,0,562,0,0,,,,,,,,163,"Rouwkwikstaart","alleen_beschrijvend","beschrijvend"
"mrt",2,2,454,0.00440528634361234,0.00440528634361234,,,,,,,,163,"Rouwkwikstaart","alleen_beschrijvend","beschrijvend"
"nov",0,0,571,0,0,,,,,,,,163,"Rouwkwikstaart","alleen_beschrijvend","beschrijvend"
"okt",0,0,548,0,0,,,,,,,,163,"Rouwkwikstaart","alleen_beschrijvend","beschrijvend"
"sep",0,0,508,0,0,,,,,,,,163,"Rouwkwikstaart","alleen_beschrijvend","beschrijvend"
"dec",1,1,564,0.00177304964539007,0.00177304964539007,,,,,,,,381,"Ruigpootbuizerd","alleen_beschrijvend","beschrijvend"
"feb",3,3,556,0.00539568345323741,0.00539568345323741,,,,,,,,381,"Ruigpootbuizerd","alleen_beschrijvend","beschrijvend"
"jan",6,6,562,0.0106761565836299,0.0106761565836299,,,,,,,,381,"Ruigpootbuizerd","alleen_beschrijvend","beschrijvend"
"mrt",2,2,454,0.00440528634361234,0.00440528634361234,,,,,,,,381,"Ruigpootbuizerd","alleen_beschrijvend","beschrijvend"
"nov",8,7,571,0.0140105078809107,0.0122591943957968,,,,,,,,381,"Ruigpootbuizerd","alleen_beschrijvend","beschrijvend"
"okt",4,3,548,0.0072992700729927,0.00547445255474453,,,,,,,,381,"Ruigpootbuizerd","alleen_beschrijvend","beschrijvend"
"sep",1,1,508,0.00196850393700787,0.00196850393700787,,,,,,,,381,"Ruigpootbuizerd","alleen_beschrijvend","beschrijvend"
"dec",14,6,564,0.024822695035461,0.0106382978723404,,,,,,,,80,"Scholekster","alleen_beschrijvend","beschrijvend"
"feb",9,6,556,0.0161870503597122,0.0107913669064748,,,,,,,,80,"Scholekster","alleen_beschrijvend","beschrijvend"
"jan",4,3,562,0.00711743772241993,0.00533807829181495,,,,,,,,80,"Scholekster","alleen_beschrijvend","beschrijvend"
"mrt",3,2,454,0.0066079295154185,0.00440528634361234,,,,,,,,80,"Scholekster","alleen_beschrijvend","beschrijvend"
"nov",36,5,571,0.0630472854640981,0.00875656742556918,,,,,,,,80,"Scholekster","alleen_beschrijvend","beschrijvend"
"okt",3,2,548,0.00547445255474453,0.00364963503649635,,,,,,,,80,"Scholekster","alleen_beschrijvend","beschrijvend"
"sep",4,3,508,0.0078740157480315,0.00590551181102362,,,,,,,,80,"Scholekster","alleen_beschrijvend","beschrijvend"
"dec",0,0,564,0,0,,,,,,,,636,"Siberische tjiftjaf","alleen_beschrijvend","beschrijvend"
"feb",0,0,556,0,0,,,,,,,,636,"Siberische tjiftjaf","alleen_beschrijvend","beschrijvend"
"jan",0,0,562,0,0,,,,,,,,636,"Siberische tjiftjaf","alleen_beschrijvend","beschrijvend"
"mrt",0,0,454,0,0,,,,,,,,636,"Siberische tjiftjaf","alleen_beschrijvend","beschrijvend"
"nov",1,1,571,0.00175131348511384,0.00175131348511384,,,,,,,,636,"Siberische tjiftjaf","alleen_beschrijvend","beschrijvend"
"okt",0,0,548,0,0,,,,,,,,636,"Siberische tjiftjaf","alleen_beschrijvend","beschrijvend"
"sep",0,0,508,0,0,,,,,,,,636,"Siberische tjiftjaf","alleen_beschrijvend","beschrijvend"
"dec",572,65,564,1.01418439716312,0.115248226950355,0.366213163503054,0.163389956806929,0.698657292286401,0.0652940016637625,0.0380408048345117,0.100013492320913,81.4111507588747,238,"Sijs","indicatief","modelindex"
"feb",596,65,556,1.07194244604317,0.116906474820144,0.246690249258045,0.112067908495567,0.48500298820556,0.0676736842411687,0.0415244606930313,0.101470332697504,54.8405657540586,238,"Sijs","indicatief","modelindex"
"jan",496,59,562,0.882562277580071,0.104982206405694,0.289762598433831,0.12717502517805,0.556697100885514,0.0599790759607637,0.0347419241140122,0.0926752504432743,64.4157800329402,238,"Sijs","indicatief","modelindex"
"mrt",420,48,454,0.92511013215859,0.105726872246696,0.220014711191291,0.0995605363260263,0.424706954946945,0.0533754654650404,0.0300094180218198,0.0821211234138204,48.9104505436902,238,"Sijs","indicatief","modelindex"
"nov",745,86,571,1.30472854640981,0.15061295971979,0.647581642987019,0.298129733079889,1.20822243041394,0.0956794828987081,0.058644125960155,0.142890654721551,143.960873119888,238,"Sijs","indicatief","modelindex"
"okt",981,103,548,1.79014598540146,0.187956204379562,1.16999101567099,0.520942203833063,2.10041285636845,0.126048467978299,0.0788715252279407,0.179745702202731,260.09527907788,238,"Sijs","indicatief","modelindex"
"sep",189,28,508,0.372047244094488,0.0551181102362205,0.208568519427346,0.0870904326743613,0.413221150897717,0.0279689737109899,0.0143112709018062,0.0463402184862708,46.3659007126688,238,"Sijs","indicatief","modelindex"
"dec",17,13,564,0.0301418439716312,0.0230496453900709,,,,,,,,67,"Slechtvalk","alleen_beschrijvend","beschrijvend"
"feb",17,12,556,0.0305755395683453,0.0215827338129496,,,,,,,,67,"Slechtvalk","alleen_beschrijvend","beschrijvend"
"jan",16,11,562,0.0284697508896797,0.0195729537366548,,,,,,,,67,"Slechtvalk","alleen_beschrijvend","beschrijvend"
"mrt",13,8,454,0.0286343612334802,0.0176211453744493,,,,,,,,67,"Slechtvalk","alleen_beschrijvend","beschrijvend"
"nov",20,18,571,0.0350262697022767,0.031523642732049,,,,,,,,67,"Slechtvalk","alleen_beschrijvend","beschrijvend"
"okt",24,19,548,0.0437956204379562,0.0346715328467153,,,,,,,,67,"Slechtvalk","alleen_beschrijvend","beschrijvend"
"sep",14,10,508,0.0275590551181102,0.0196850393700787,,,,,,,,67,"Slechtvalk","alleen_beschrijvend","beschrijvend"
"dec",890,60,564,1.57801418439716,0.106382978723404,0.00116329231322827,5.3443625775125e-06,0.00916171292483247,0.00870496446842379,0.00125265180422487,0.0309561375302765,77.9059164009407,40,"Slobeend","indicatief","modelindex"
"feb",1048,43,556,1.88489208633094,0.0773381294964029,0.00168367795470695,8.16614485313666e-06,0.0127310707760821,0.00573527748306343,0.000809131311831852,0.0207835215206954,112.756245780993,40,"Slobeend","indicatief","modelindex"
"jan",851,45,562,1.51423487544484,0.0800711743772242,0.000715657075895131,3.59011537480957e-06,0.00541300383754912,0.00585541705775736,0.000782602781624007,0.0204133541638116,47.9276959818502,40,"Slobeend","indicatief","modelindex"
"mrt",1187,47,454,2.61453744493392,0.10352422907489,0.00255428893522952,1.29782887343295e-05,0.0182005790362165,0.0090366623447167,0.00127672321110876,0.0293392276548568,171.061235416923,40,"Slobeend","indicatief","modelindex"
"nov",917,62,571,1.60595446584939,0.108581436077058,0.00179463377497732,8.6234572928842e-06,0.0158836106399616,0.00873042234806656,0.00130512476394838,0.0285613915166273,120.186979019651,40,"Slobeend","indicatief","modelindex"
"okt",411,56,548,0.75,0.102189781021898,0.00218545271944888,9.93285688380256e-06,0.018442963331722,0.00837150125618958,0.00122979269684143,0.0281467853952533,146.360201063396,40,"Slobeend","indicatief","modelindex"
"sep",129,29,508,0.253937007874016,0.0570866141732283,0.000355407734966111,1.49842718447919e-06,0.00276845855659159,0.00395218593596685,0.000547019286395068,0.0129810897570372,23.8017263362457,40,"Slobeend","indicatief","modelindex"
"dec",4,4,564,0.00709219858156028,0.00709219858156028,,,,,,,,65,"Smelleken","alleen_beschrijvend","beschrijvend"
"feb",0,0,556,0,0,,,,,,,,65,"Smelleken","alleen_beschrijvend","beschrijvend"
"jan",4,3,562,0.00711743772241993,0.00533807829181495,,,,,,,,65,"Smelleken","alleen_beschrijvend","beschrijvend"
"mrt",0,0,454,0,0,,,,,,,,65,"Smelleken","alleen_beschrijvend","beschrijvend"
"nov",3,3,571,0.00525394045534151,0.00525394045534151,,,,,,,,65,"Smelleken","alleen_beschrijvend","beschrijvend"
"okt",5,5,548,0.00912408759124088,0.00912408759124088,,,,,,,,65,"Smelleken","alleen_beschrijvend","beschrijvend"
"sep",7,7,508,0.0137795275590551,0.0137795275590551,,,,,,,,65,"Smelleken","alleen_beschrijvend","beschrijvend"
"dec",9,3,564,0.0159574468085106,0.00531914893617021,,,,,,,,33,"Smient","alleen_beschrijvend","beschrijvend"
"feb",13,4,556,0.0233812949640288,0.00719424460431655,,,,,,,,33,"Smient","alleen_beschrijvend","beschrijvend"
"jan",16,8,562,0.0284697508896797,0.0142348754448399,,,,,,,,33,"Smient","alleen_beschrijvend","beschrijvend"
"mrt",5,2,454,0.0110132158590308,0.00440528634361234,,,,,,,,33,"Smient","alleen_beschrijvend","beschrijvend"
"nov",50,13,571,0.0875656742556918,0.0227670753064799,,,,,,,,33,"Smient","alleen_beschrijvend","beschrijvend"
"okt",37,14,548,0.0675182481751825,0.0255474452554745,,,,,,,,33,"Smient","alleen_beschrijvend","beschrijvend"
"sep",36,15,508,0.0708661417322835,0.0295275590551181,,,,,,,,33,"Smient","alleen_beschrijvend","beschrijvend"
"dec",0,0,564,0,0,,,,,,,,564,"Sneeuwgors","alleen_beschrijvend","beschrijvend"
"feb",0,0,556,0,0,,,,,,,,564,"Sneeuwgors","alleen_beschrijvend","beschrijvend"
"jan",0,0,562,0,0,,,,,,,,564,"Sneeuwgors","alleen_beschrijvend","beschrijvend"
"mrt",0,0,454,0,0,,,,,,,,564,"Sneeuwgors","alleen_beschrijvend","beschrijvend"
"nov",1,1,571,0.00175131348511384,0.00175131348511384,,,,,,,,564,"Sneeuwgors","alleen_beschrijvend","beschrijvend"
"okt",0,0,548,0,0,,,,,,,,564,"Sneeuwgors","alleen_beschrijvend","beschrijvend"
"sep",0,0,508,0,0,,,,,,,,564,"Sneeuwgors","alleen_beschrijvend","beschrijvend"
"dec",21,16,564,0.0372340425531915,0.0283687943262411,,,,,,,,37,"Soepeend","alleen_beschrijvend","beschrijvend"
"feb",25,17,556,0.0449640287769784,0.0305755395683453,,,,,,,,37,"Soepeend","alleen_beschrijvend","beschrijvend"
"jan",17,12,562,0.0302491103202847,0.0213523131672598,,,,,,,,37,"Soepeend","alleen_beschrijvend","beschrijvend"
"mrt",17,10,454,0.0374449339207048,0.0220264317180617,,,,,,,,37,"Soepeend","alleen_beschrijvend","beschrijvend"
"nov",19,15,571,0.0332749562171629,0.0262697022767075,,,,,,,,37,"Soepeend","alleen_beschrijvend","beschrijvend"
"okt",20,11,548,0.0364963503649635,0.0200729927007299,,,,,,,,37,"Soepeend","alleen_beschrijvend","beschrijvend"
"sep",28,9,508,0.0551181102362205,0.0177165354330709,,,,,,,,37,"Soepeend","alleen_beschrijvend","beschrijvend"
"dec",0,0,564,0,0,,,,,,,,22,"Soepgans","alleen_beschrijvend","beschrijvend"
"feb",3,2,556,0.00539568345323741,0.00359712230215827,,,,,,,,22,"Soepgans","alleen_beschrijvend","beschrijvend"
"jan",1,1,562,0.00177935943060498,0.00177935943060498,,,,,,,,22,"Soepgans","alleen_beschrijvend","beschrijvend"
"mrt",0,0,454,0,0,,,,,,,,22,"Soepgans","alleen_beschrijvend","beschrijvend"
"nov",0,0,571,0,0,,,,,,,,22,"Soepgans","alleen_beschrijvend","beschrijvend"
"okt",3,3,548,0.00547445255474453,0.00547445255474453,,,,,,,,22,"Soepgans","alleen_beschrijvend","beschrijvend"
"sep",4,1,508,0.0078740157480315,0.00196850393700787,,,,,,,,22,"Soepgans","alleen_beschrijvend","beschrijvend"
"dec",92,81,564,0.163120567375887,0.143617021276596,0.13363699055015,0.0938592319863599,0.178958722555643,0.122144401696224,0.0880409592324999,0.166065382181239,75.6137275768841,61,"Sperwer","indicatief","modelindex"
"feb",41,40,556,0.0737410071942446,0.0719424460431655,0.063138312394051,0.0404598994084243,0.0901092889141507,0.0607006107290013,0.040188034367657,0.085987752173439,35.7245634863079,61,"Sperwer","indicatief","modelindex"
"jan",95,80,562,0.169039145907473,0.142348754448399,0.139585560747971,0.100027360769702,0.191971694145127,0.122950312935204,0.0854678272189655,0.163677303126915,78.9795139849611,61,"Sperwer","indicatief","modelindex"
"mrt",32,29,454,0.0704845814977974,0.0638766519823789,0.0629787295355434,0.0403089221745504,0.0916743568982386,0.0558772454801283,0.0369777269745499,0.0827878610072521,35.6342692141947,61,"Sperwer","indicatief","modelindex"
"nov",177,139,571,0.309982486865149,0.243432574430823,0.253475110222973,0.184587750451815,0.336145022704172,0.219882623908356,0.169176410306262,0.278439922793978,143.419855932239,61,"Sperwer","indicatief","modelindex"
"okt",249,165,548,0.454379562043796,0.301094890510949,0.388499010187646,0.285212827959309,0.499345510190049,0.290567748096063,0.228641015677123,0.361326524121125,219.818316764577,61,"Sperwer","indicatief","modelindex"
"sep",117,95,508,0.230314960629921,0.187007874015748,0.195841183797289,0.138377281478868,0.265376863517941,0.168231918442588,0.126761538123088,0.223569217175485,110.809753040836,61,"Sperwer","indicatief","modelindex"
"dec",0,0,564,0,0,,,,,,,,633,"Sperwergrasmus","alleen_beschrijvend","beschrijvend"
"feb",0,0,556,0,0,,,,,,,,633,"Sperwergrasmus","alleen_beschrijvend","beschrijvend"
"jan",0,0,562,0,0,,,,,,,,633,"Sperwergrasmus","alleen_beschrijvend","beschrijvend"
"mrt",0,0,454,0,0,,,,,,,,633,"Sperwergrasmus","alleen_beschrijvend","beschrijvend"
"nov",0,0,571,0,0,,,,,,,,633,"Sperwergrasmus","alleen_beschrijvend","beschrijvend"
"okt",0,0,548,0,0,,,,,,,,633,"Sperwergrasmus","alleen_beschrijvend","beschrijvend"
"sep",1,1,508,0.00196850393700787,0.00196850393700787,,,,,,,,633,"Sperwergrasmus","alleen_beschrijvend","beschrijvend"
"dec",0,0,564,0,0,,,,,,,,190,"Spotvogel","alleen_beschrijvend","beschrijvend"
"feb",0,0,556,0,0,,,,,,,,190,"Spotvogel","alleen_beschrijvend","beschrijvend"
"jan",0,0,562,0,0,,,,,,,,190,"Spotvogel","alleen_beschrijvend","beschrijvend"
"mrt",0,0,454,0,0,,,,,,,,190,"Spotvogel","alleen_beschrijvend","beschrijvend"
"nov",0,0,571,0,0,,,,,,,,190,"Spotvogel","alleen_beschrijvend","beschrijvend"
"okt",1,1,548,0.00182481751824818,0.00182481751824818,,,,,,,,190,"Spotvogel","alleen_beschrijvend","beschrijvend"
"sep",0,0,508,0,0,,,,,,,,190,"Spotvogel","alleen_beschrijvend","beschrijvend"
"dec",1216,74,564,2.15602836879433,0.131205673758865,1.25623973453556,0.561316136581154,2.45968815464116,0.120836561504043,0.0796721654009225,0.166955518060915,8.61410472056647,229,"Spreeuw","indicatief","modelindex"
"feb",496,39,556,0.892086330935252,0.0701438848920863,0.362757063250546,0.16040731389766,0.704589829939826,0.0597507566488879,0.0369933641552299,0.0894602963073809,2.4874450672591,229,"Spreeuw","indicatief","modelindex"
"jan",668,39,562,1.18861209964413,0.0693950177935943,0.492835868369653,0.209587221865345,0.966322135549069,0.0597483854829,0.0360226896422623,0.0920434146632056,3.3794025642383,229,"Spreeuw","indicatief","modelindex"
"mrt",1183,55,454,2.6057268722467,0.121145374449339,1.47740834550115,0.630322681927074,2.9674886311292,0.116280388622933,0.0756940992858521,0.167477920447711,10.1306700093281,229,"Spreeuw","indicatief","modelindex"
"nov",9776,189,571,17.1208406304729,0.330998248686515,25.6485505664687,11.0458301337856,49.2737586589216,0.3574941197009,0.275843525368886,0.443330689019237,175.873517161109,229,"Spreeuw","indicatief","modelindex"
"okt",35621,201,548,65.0018248175183,0.366788321167883,69.5426355041415,30.8529281385805,140.595532101736,0.41674562750964,0.327717802975421,0.506506756099368,476.857663635621,229,"Spreeuw","indicatief","modelindex"
"sep",5131,76,508,10.1003937007874,0.149606299212598,3.30421696383674,1.27093651885676,6.61630840687482,0.149120492377017,0.0978432511277751,0.209009255398182,22.6571968418789,229,"Spreeuw","indicatief","modelindex"
"dec",0,0,564,0,0,,,,,,,,182,"Sprinkhaanrietzanger","alleen_beschrijvend","beschrijvend"
"feb",0,0,556,0,0,,,,,,,,182,"Sprinkhaanrietzanger","alleen_beschrijvend","beschrijvend"
"jan",0,0,562,0,0,,,,,,,,182,"Sprinkhaanrietzanger","alleen_beschrijvend","beschrijvend"
"mrt",0,0,454,0,0,,,,,,,,182,"Sprinkhaanrietzanger","alleen_beschrijvend","beschrijvend"
"nov",0,0,571,0,0,,,,,,,,182,"Sprinkhaanrietzanger","alleen_beschrijvend","beschrijvend"
"okt",0,0,548,0,0,,,,,,,,182,"Sprinkhaanrietzanger","alleen_beschrijvend","beschrijvend"
"sep",1,1,508,0.00196850393700787,0.00196850393700787,,,,,,,,182,"Sprinkhaanrietzanger","alleen_beschrijvend","beschrijvend"
"dec",1494,216,564,2.64893617021277,0.382978723404255,2.3370675669193,1.69014709014887,3.15288660493924,0.405456150897874,0.327968223781077,0.489790181527608,93.856425465159,207,"Staartmees","indicatief","modelindex"
"feb",1119,217,556,2.01258992805755,0.390287769784173,2.05406971135723,1.47902080870834,2.80023093855278,0.418903818525363,0.338664306678402,0.496419475108815,82.4912567754177,207,"Staartmees","indicatief","modelindex"
"jan",1341,182,562,2.38612099644128,0.323843416370107,2.0933847004018,1.5259288327449,2.77518695997776,0.338421322988961,0.2620568161809,0.417106434426076,84.0701432360214,207,"Staartmees","indicatief","modelindex"
"mrt",749,210,454,1.64977973568282,0.462555066079295,1.58218301756773,1.12182481856401,2.14765846205239,0.508515481377925,0.417044047700867,0.59085950837026,63.5403291554529,207,"Staartmees","indicatief","modelindex"
"nov",1662,235,571,2.91068301225919,0.411558669001751,2.7928570401477,2.01611170084632,3.69187552745048,0.442594070776307,0.356124744530435,0.527910222712948,112.160890140203,207,"Staartmees","indicatief","modelindex"
"okt",2254,265,548,4.11313868613139,0.483576642335766,3.77879977810387,2.68547421393612,4.95563399558974,0.530162487992374,0.44501602672166,0.615164990951616,151.756262737787,207,"Staartmees","indicatief","modelindex"
"sep",1567,191,508,3.08464566929134,0.375984251968504,2.79195570223755,1.96104996477849,3.80983476698082,0.403511519738228,0.318109568070778,0.484652854867336,112.124692489959,207,"Staartmees","indicatief","modelindex"
"dec",0,0,564,0,0,,,,,,,,121,"Stadsduif","alleen_beschrijvend","beschrijvend"
"feb",0,0,556,0,0,,,,,,,,121,"Stadsduif","alleen_beschrijvend","beschrijvend"
"jan",0,0,562,0,0,,,,,,,,121,"Stadsduif","alleen_beschrijvend","beschrijvend"
"mrt",19,1,454,0.0418502202643172,0.00220264317180617,,,,,,,,121,"Stadsduif","alleen_beschrijvend","beschrijvend"
"nov",0,0,571,0,0,,,,,,,,121,"Stadsduif","alleen_beschrijvend","beschrijvend"
"okt",0,0,548,0,0,,,,,,,,121,"Stadsduif","alleen_beschrijvend","beschrijvend"
"sep",1,1,508,0.00196850393700787,0.00196850393700787,,,,,,,,121,"Stadsduif","alleen_beschrijvend","beschrijvend"
"dec",0,0,564,0,0,,,,,,,,430,"Steenloper","alleen_beschrijvend","beschrijvend"
"feb",0,0,556,0,0,,,,,,,,430,"Steenloper","alleen_beschrijvend","beschrijvend"
"jan",60,1,562,0.106761565836299,0.00177935943060498,,,,,,,,430,"Steenloper","alleen_beschrijvend","beschrijvend"
"mrt",0,0,454,0,0,,,,,,,,430,"Steenloper","alleen_beschrijvend","beschrijvend"
"nov",3,1,571,0.00525394045534151,0.00175131348511384,,,,,,,,430,"Steenloper","alleen_beschrijvend","beschrijvend"
"okt",0,0,548,0,0,,,,,,,,430,"Steenloper","alleen_beschrijvend","beschrijvend"
"sep",0,0,508,0,0,,,,,,,,430,"Steenloper","alleen_beschrijvend","beschrijvend"
"dec",15,10,564,0.0265957446808511,0.0177304964539007,,,,,,,,106,"Stormmeeuw","alleen_beschrijvend","beschrijvend"
"feb",9,5,556,0.0161870503597122,0.00899280575539568,,,,,,,,106,"Stormmeeuw","alleen_beschrijvend","beschrijvend"
"jan",18,6,562,0.0320284697508897,0.0106761565836299,,,,,,,,106,"Stormmeeuw","alleen_beschrijvend","beschrijvend"
"mrt",9,4,454,0.0198237885462555,0.00881057268722467,,,,,,,,106,"Stormmeeuw","alleen_beschrijvend","beschrijvend"
"nov",4,3,571,0.00700525394045534,0.00525394045534151,,,,,,,,106,"Stormmeeuw","alleen_beschrijvend","beschrijvend"
"okt",1,1,548,0.00182481751824818,0.00182481751824818,,,,,,,,106,"Stormmeeuw","alleen_beschrijvend","beschrijvend"
"sep",3,2,508,0.00590551181102362,0.00393700787401575,,,,,,,,106,"Stormmeeuw","alleen_beschrijvend","beschrijvend"
"dec",3526,175,564,6.25177304964539,0.310283687943262,0.459362253729897,6.00381287811522e-06,2.35266692855004,0.0169506420278052,0.000499283059958185,0.0936156008331364,96.2664577236527,42,"Tafeleend","betrouwbaar","modelindex"
"feb",1702,159,556,3.06115107913669,0.285971223021583,0.295004960703669,3.68561335459965e-06,1.64821281488455,0.0144450467965612,0.000429445862314614,0.0901600397383958,61.8228475397243,42,"Tafeleend","betrouwbaar","modelindex"
"jan",2798,174,562,4.97864768683274,0.309608540925267,0.418714189179703,5.2077463465762e-06,2.23666194910357,0.0158148084050663,0.000482708572597472,0.099997178663199,87.7480277573317,42,"Tafeleend","betrouwbaar","modelindex"
"mrt",843,139,454,1.8568281938326,0.306167400881057,0.240770790189953,3.02117394288797e-06,1.12550003754283,0.0170026718417957,0.000468175475156563,0.102245960956326,50.4572391543086,42,"Tafeleend","betrouwbaar","modelindex"
"nov",3806,177,571,6.66549912434326,0.309982486865149,0.490490667418532,5.50592852128423e-06,2.53770180112074,0.0147998553798333,0.000471100787449671,0.092494502500915,102.789897766951,42,"Tafeleend","betrouwbaar","modelindex"
"okt",4087,184,548,7.45802919708029,0.335766423357664,0.592734713560083,6.95429448162402e-06,3.2339893934434,0.0219119549547138,0.000655083710313767,0.13098829285342,124.216717374921,42,"Tafeleend","betrouwbaar","modelindex"
"sep",4215,185,508,8.29724409448819,0.364173228346457,0.843167669662447,1.10804436843371e-05,5.16331103676167,0.0312613988801258,0.00104264146633471,0.173118812046909,176.698812683111,42,"Tafeleend","betrouwbaar","modelindex"
"dec",0,0,564,0,0,,,,,,,,173,"Tapuit","alleen_beschrijvend","beschrijvend"
"feb",0,0,556,0,0,,,,,,,,173,"Tapuit","alleen_beschrijvend","beschrijvend"
"jan",0,0,562,0,0,,,,,,,,173,"Tapuit","alleen_beschrijvend","beschrijvend"
"mrt",7,6,454,0.0154185022026432,0.013215859030837,,,,,,,,173,"Tapuit","alleen_beschrijvend","beschrijvend"
"nov",0,0,571,0,0,,,,,,,,173,"Tapuit","alleen_beschrijvend","beschrijvend"
"okt",12,9,548,0.0218978102189781,0.0164233576642336,,,,,,,,173,"Tapuit","alleen_beschrijvend","beschrijvend"
"sep",167,78,508,0.328740157480315,0.153543307086614,,,,,,,,173,"Tapuit","alleen_beschrijvend","beschrijvend"
"dec",69,48,564,0.122340425531915,0.0851063829787234,0.0843809292655895,0.0594826082574164,0.117349919531909,0.0561497519911684,0.0375275957114546,0.0844563731954924,8.09687629580698,198,"Tjiftjaf","betrouwbaar","modelindex"
"feb",39,33,556,0.0701438848920863,0.0593525179856115,0.0521983485909203,0.0327849333265104,0.0771904501262008,0.038212227648994,0.0237109730630121,0.0561267304289104,5.008757014939,198,"Tjiftjaf","betrouwbaar","modelindex"
"jan",45,34,562,0.0800711743772242,0.0604982206405694,0.0560776030220402,0.0365480129002408,0.0782367683561907,0.0391107780158521,0.0244388302365036,0.0615974397056077,5.38099566556912,198,"Tjiftjaf","betrouwbaar","modelindex"
"mrt",1320,261,454,2.90748898678414,0.57488986784141,1.88260937531569,1.37922069667597,2.44272513467011,0.545657958215304,0.470305471286146,0.631432254575367,180.648108025444,198,"Tjiftjaf","betrouwbaar","modelindex"
"nov",118,78,571,0.206654991243433,0.136602451838879,0.144305434086769,0.10373790970466,0.191863893807951,0.0965940481385659,0.068295825615294,0.13643450572841,13.8470061752423,198,"Tjiftjaf","betrouwbaar","modelindex"
"okt",604,246,548,1.1021897810219,0.448905109489051,0.812154179706162,0.613564288447394,1.04701950142558,0.427983456971044,0.353778258972574,0.508472124472118,77.9312574942813,198,"Tjiftjaf","betrouwbaar","modelindex"
"sep",2846,406,508,5.60236220472441,0.799212598425197,4.26326646137655,3.23696430558042,5.50841088345554,0.809105966374242,0.749005680149911,0.863822985678,409.086999328717,198,"Tjiftjaf","betrouwbaar","modelindex"
"dec",95,82,564,0.168439716312057,0.145390070921986,0.116024352868902,0.0818523170238795,0.163736742400963,0.115671672586279,0.0814351232880828,0.156649228725864,108.217034018065,64,"Torenvalk","indicatief","modelindex"
"feb",61,51,556,0.109712230215827,0.091726618705036,0.0766469843333703,0.0519563234481034,0.106910543282295,0.0700327250571802,0.0470256827650946,0.102384236960562,71.489382236491,64,"Torenvalk","indicatief","modelindex"
"jan",76,65,562,0.135231316725979,0.115658362989324,0.0928310560229631,0.063112591869601,0.129189964493347,0.0902553938028644,0.060934032711809,0.1246609045456,86.5844221421424,64,"Torenvalk","indicatief","modelindex"
"mrt",34,31,454,0.0748898678414097,0.0682819383259912,0.0512879526554903,0.0313445001299695,0.0749908101803536,0.0480796399788529,0.0299933034189044,0.0731713155879577,47.8367685748475,64,"Torenvalk","indicatief","modelindex"
"nov",102,89,571,0.178633975481611,0.155866900175131,0.121091332005723,0.0853756808481471,0.166568807147878,0.12497048562096,0.0884076706317965,0.170748247919439,112.943054375513,64,"Torenvalk","indicatief","modelindex"
"okt",100,88,548,0.182481751824818,0.160583941605839,0.124616662475516,0.088587163385821,0.169940352341723,0.128940696366042,0.093194975118837,0.172359197234024,116.231164138173,64,"Torenvalk","indicatief","modelindex"
"sep",126,90,508,0.248031496062992,0.177165354330709,0.168003165664097,0.120166336805855,0.228563372973325,0.143801720006037,0.104302810418979,0.19029688730908,156.698174514768,64,"Torenvalk","indicatief","modelindex"
"dec",0,0,564,0,0,,,,,,,,125,"Tortelduif","alleen_beschrijvend","beschrijvend"
"feb",0,0,556,0,0,,,,,,,,125,"Tortelduif","alleen_beschrijvend","beschrijvend"
"jan",0,0,562,0,0,,,,,,,,125,"Tortelduif","alleen_beschrijvend","beschrijvend"
"mrt",0,0,454,0,0,,,,,,,,125,"Tortelduif","alleen_beschrijvend","beschrijvend"
"nov",1,1,571,0.00175131348511384,0.00175131348511384,,,,,,,,125,"Tortelduif","alleen_beschrijvend","beschrijvend"
"okt",0,0,548,0,0,,,,,,,,125,"Tortelduif","alleen_beschrijvend","beschrijvend"
"sep",0,0,508,0,0,,,,,,,,125,"Tortelduif","alleen_beschrijvend","beschrijvend"
"dec",0,0,564,0,0,,,,,,,,194,"Tuinfluiter","alleen_beschrijvend","beschrijvend"
"feb",0,0,556,0,0,,,,,,,,194,"Tuinfluiter","alleen_beschrijvend","beschrijvend"
"jan",0,0,562,0,0,,,,,,,,194,"Tuinfluiter","alleen_beschrijvend","beschrijvend"
"mrt",0,0,454,0,0,,,,,,,,194,"Tuinfluiter","alleen_beschrijvend","beschrijvend"
"nov",0,0,571,0,0,,,,,,,,194,"Tuinfluiter","alleen_beschrijvend","beschrijvend"
"okt",6,3,548,0.0109489051094891,0.00547445255474453,,,,,,,,194,"Tuinfluiter","alleen_beschrijvend","beschrijvend"
"sep",20,19,508,0.0393700787401575,0.0374015748031496,,,,,,,,194,"Tuinfluiter","alleen_beschrijvend","beschrijvend"
"dec",1,1,564,0.00177304964539007,0.00177304964539007,,,,,,,,98,"Tureluur","alleen_beschrijvend","beschrijvend"
"feb",0,0,556,0,0,,,,,,,,98,"Tureluur","alleen_beschrijvend","beschrijvend"
"jan",1,1,562,0.00177935943060498,0.00177935943060498,,,,,,,,98,"Tureluur","alleen_beschrijvend","beschrijvend"
"mrt",7,5,454,0.0154185022026432,0.0110132158590308,,,,,,,,98,"Tureluur","alleen_beschrijvend","beschrijvend"
"nov",0,0,571,0,0,,,,,,,,98,"Tureluur","alleen_beschrijvend","beschrijvend"
"okt",2,2,548,0.00364963503649635,0.00364963503649635,,,,,,,,98,"Tureluur","alleen_beschrijvend","beschrijvend"
"sep",11,5,508,0.0216535433070866,0.00984251968503937,,,,,,,,98,"Tureluur","alleen_beschrijvend","beschrijvend"
"dec",12,4,564,0.0212765957446809,0.00709219858156028,,,,,,,,124,"Turkse Tortel","alleen_beschrijvend","beschrijvend"
"feb",7,5,556,0.012589928057554,0.00899280575539568,,,,,,,,124,"Turkse Tortel","alleen_beschrijvend","beschrijvend"
"jan",15,6,562,0.0266903914590747,0.0106761565836299,,,,,,,,124,"Turkse Tortel","alleen_beschrijvend","beschrijvend"
"mrt",10,6,454,0.0220264317180617,0.013215859030837,,,,,,,,124,"Turkse Tortel","alleen_beschrijvend","beschrijvend"
"nov",6,5,571,0.010507880910683,0.00875656742556918,,,,,,,,124,"Turkse Tortel","alleen_beschrijvend","beschrijvend"
"okt",10,4,548,0.0182481751824818,0.0072992700729927,,,,,,,,124,"Turkse Tortel","alleen_beschrijvend","beschrijvend"
"sep",4,3,508,0.0078740157480315,0.00590551181102362,,,,,,,,124,"Turkse Tortel","alleen_beschrijvend","beschrijvend"
"dec",37,12,564,0.0656028368794326,0.0212765957446809,,,,,,,,150,"Veldleeuwerik","alleen_beschrijvend","beschrijvend"
"feb",13,12,556,0.0233812949640288,0.0215827338129496,,,,,,,,150,"Veldleeuwerik","alleen_beschrijvend","beschrijvend"
"jan",16,6,562,0.0284697508896797,0.0106761565836299,,,,,,,,150,"Veldleeuwerik","alleen_beschrijvend","beschrijvend"
"mrt",12,10,454,0.026431718061674,0.0220264317180617,,,,,,,,150,"Veldleeuwerik","alleen_beschrijvend","beschrijvend"
"nov",70,24,571,0.122591943957968,0.042031523642732,,,,,,,,150,"Veldleeuwerik","alleen_beschrijvend","beschrijvend"
"okt",195,50,548,0.355839416058394,0.0912408759124088,,,,,,,,150,"Veldleeuwerik","alleen_beschrijvend","beschrijvend"
"sep",11,6,508,0.0216535433070866,0.0118110236220472,,,,,,,,150,"Veldleeuwerik","alleen_beschrijvend","beschrijvend"
"dec",5,3,564,0.00886524822695036,0.00531914893617021,,,,,,,,133,"Velduil","alleen_beschrijvend","beschrijvend"
"feb",0,0,556,0,0,,,,,,,,133,"Velduil","alleen_beschrijvend","beschrijvend"
"jan",3,3,562,0.00533807829181495,0.00533807829181495,,,,,,,,133,"Velduil","alleen_beschrijvend","beschrijvend"
"mrt",2,2,454,0.00440528634361234,0.00440528634361234,,,,,,,,133,"Velduil","alleen_beschrijvend","beschrijvend"
"nov",6,6,571,0.010507880910683,0.010507880910683,,,,,,,,133,"Velduil","alleen_beschrijvend","beschrijvend"
"okt",15,12,548,0.0273722627737226,0.0218978102189781,,,,,,,,133,"Velduil","alleen_beschrijvend","beschrijvend"
"sep",10,7,508,0.0196850393700787,0.0137795275590551,,,,,,,,133,"Velduil","alleen_beschrijvend","beschrijvend"
"dec",3536,382,564,6.26950354609929,0.677304964539007,4.60260606913385,3.46061267529299,5.9838856887774,0.710724213850336,0.630392716822981,0.782048273486923,78.5334287312138,233,"Vink","indicatief","modelindex"
"feb",3034,359,556,5.4568345323741,0.64568345323741,3.89917965659219,2.89643820954317,5.0133243580646,0.687891541477431,0.602835735588628,0.764304060256588,66.530992023136,233,"Vink","indicatief","modelindex"
"jan",2857,345,562,5.08362989323843,0.613879003558719,3.55351798284306,2.61616617464083,4.59639953966019,0.652770874012657,0.566685687934974,0.726255613438486,60.6330298658841,233,"Vink","indicatief","modelindex"
"mrt",3374,389,454,7.43171806167401,0.856828193832599,6.77076274509862,5.06808602367647,8.93083781395271,0.891235149320185,0.847009490866333,0.926545351208723,115.528291040173,233,"Vink","indicatief","modelindex"
"nov",4882,457,571,8.54991243432574,0.800350262697023,6.99212791877896,5.22621545869363,8.9669659931165,0.843057177087188,0.782517537165344,0.888745700454225,119.305404664426,233,"Vink","indicatief","modelindex"
"okt",7899,436,548,14.4142335766423,0.795620437956204,11.3532997030496,8.32284882351466,14.6792966611963,0.84647451481375,0.784835300689696,0.891998582292813,193.719284184003,233,"Vink","indicatief","modelindex"
"sep",2180,342,508,4.29133858267717,0.673228346456693,3.85338285201712,2.85660748817504,4.99854023995465,0.708630316875059,0.623401360550692,0.780280182674455,65.7495694911638,233,"Vink","indicatief","modelindex"
"dec",0,0,564,0,0,,,,,,,,63,"Visarend","alleen_beschrijvend","beschrijvend"
"feb",0,0,556,0,0,,,,,,,,63,"Visarend","alleen_beschrijvend","beschrijvend"
"jan",0,0,562,0,0,,,,,,,,63,"Visarend","alleen_beschrijvend","beschrijvend"
"mrt",0,0,454,0,0,,,,,,,,63,"Visarend","alleen_beschrijvend","beschrijvend"
"nov",0,0,571,0,0,,,,,,,,63,"Visarend","alleen_beschrijvend","beschrijvend"
"okt",4,3,548,0.0072992700729927,0.00547445255474453,,,,,,,,63,"Visarend","alleen_beschrijvend","beschrijvend"
"sep",11,11,508,0.0216535433070866,0.0216535433070866,,,,,,,,63,"Visarend","alleen_beschrijvend","beschrijvend"
"dec",0,0,564,0,0,,,,,,,,116,"Visdief","alleen_beschrijvend","beschrijvend"
"feb",0,0,556,0,0,,,,,,,,116,"Visdief","alleen_beschrijvend","beschrijvend"
"jan",0,0,562,0,0,,,,,,,,116,"Visdief","alleen_beschrijvend","beschrijvend"
"mrt",0,0,454,0,0,,,,,,,,116,"Visdief","alleen_beschrijvend","beschrijvend"
"nov",0,0,571,0,0,,,,,,,,116,"Visdief","alleen_beschrijvend","beschrijvend"
"okt",0,0,548,0,0,,,,,,,,116,"Visdief","alleen_beschrijvend","beschrijvend"
"sep",1,1,508,0.00196850393700787,0.00196850393700787,,,,,,,,116,"Visdief","alleen_beschrijvend","beschrijvend"
"dec",139,70,564,0.24645390070922,0.124113475177305,,,,,,,,202,"Vuurgoudhaan","alleen_beschrijvend","beschrijvend"
"feb",97,44,556,0.174460431654676,0.079136690647482,,,,,,,,202,"Vuurgoudhaan","alleen_beschrijvend","beschrijvend"
"jan",112,55,562,0.199288256227758,0.097864768683274,,,,,,,,202,"Vuurgoudhaan","alleen_beschrijvend","beschrijvend"
"mrt",49,28,454,0.107929515418502,0.0616740088105727,,,,,,,,202,"Vuurgoudhaan","alleen_beschrijvend","beschrijvend"
"nov",265,95,571,0.464098073555166,0.166374781085814,,,,,,,,202,"Vuurgoudhaan","alleen_beschrijvend","beschrijvend"
"okt",195,81,548,0.355839416058394,0.147810218978102,,,,,,,,202,"Vuurgoudhaan","alleen_beschrijvend","beschrijvend"
"sep",117,46,508,0.230314960629921,0.0905511811023622,,,,,,,,202,"Vuurgoudhaan","alleen_beschrijvend","beschrijvend"
"dec",76,43,564,0.134751773049645,0.076241134751773,0.0320025699051605,0.0133246749936015,0.0662991258224111,0.0262703168364145,0.0111477648118425,0.0494547401071957,87.6942880173963,77,"Waterhoen","indicatief","modelindex"
"feb",34,17,556,0.0611510791366906,0.0305755395683453,0.0129002322720516,0.00490393241043783,0.0271645254869641,0.00976268363745845,0.00381699114437332,0.0211922657921159,35.3495574795755,77,"Waterhoen","indicatief","modelindex"
"jan",30,24,562,0.0533807829181495,0.0427046263345196,0.0139231201393635,0.00553089852080955,0.0269025178595538,0.0143300498203084,0.00596842071164117,0.0303978371456107,38.1525018528362,77,"Waterhoen","indicatief","modelindex"
"mrt",46,27,454,0.101321585903084,0.0594713656387665,0.0293020571440765,0.0124096849078011,0.0584236166533353,0.0220168477536269,0.00932422022497099,0.0451270112158628,80.2942715635001,77,"Waterhoen","indicatief","modelindex"
"nov",94,67,571,0.1646234676007,0.117338003502627,0.0495476345085707,0.0220042645929743,0.0940071313680124,0.0440294697645094,0.0205766106162423,0.0800616532449328,135.771737833924,77,"Waterhoen","indicatief","modelindex"
"okt",112,80,548,0.204379562043796,0.145985401459854,0.0614338830610292,0.0266683299668461,0.119722782760877,0.059511134877378,0.0300616054346107,0.10951441521337,168.342750321193,77,"Waterhoen","indicatief","modelindex"
"sep",93,64,508,0.183070866141732,0.125984251968504,0.05634384480164,0.0234424170404674,0.106269501726173,0.0508182536692184,0.0242448755380841,0.0969432521749418,154.394892931575,77,"Waterhoen","indicatief","modelindex"
"dec",2,2,564,0.00354609929078014,0.00354609929078014,,,,,,,,497,"Waterpieper","alleen_beschrijvend","beschrijvend"
"feb",2,2,556,0.00359712230215827,0.00359712230215827,,,,,,,,497,"Waterpieper","alleen_beschrijvend","beschrijvend"
"jan",0,0,562,0,0,,,,,,,,497,"Waterpieper","alleen_beschrijvend","beschrijvend"
"mrt",2,2,454,0.00440528634361234,0.00440528634361234,,,,,,,,497,"Waterpieper","alleen_beschrijvend","beschrijvend"
"nov",2,2,571,0.00350262697022767,0.00350262697022767,,,,,,,,497,"Waterpieper","alleen_beschrijvend","beschrijvend"
"okt",2,1,548,0.00364963503649635,0.00182481751824818,,,,,,,,497,"Waterpieper","alleen_beschrijvend","beschrijvend"
"sep",0,0,508,0,0,,,,,,,,497,"Waterpieper","alleen_beschrijvend","beschrijvend"
"dec",323,141,564,0.572695035460993,0.25,0.0430882487116325,0.0140269565719964,0.109868869565427,0.0384192596870935,0.0109843016772353,0.102840425088839,129.37690708612,72,"Waterral","betrouwbaar","modelindex"
"feb",146,93,556,0.262589928057554,0.16726618705036,0.0201849628034137,0.00611122113139652,0.0515479202630481,0.0174605231051812,0.00476560999239324,0.0549782997767616,60.6074309176793,72,"Waterral","betrouwbaar","modelindex"
"jan",232,119,562,0.412811387900356,0.211743772241993,0.0318305542800269,0.010295935489074,0.0793962346102545,0.0281769744304666,0.0077961314236569,0.0768530699131546,95.5745194274971,72,"Waterral","betrouwbaar","modelindex"
"mrt",99,69,454,0.218061674008811,0.151982378854626,0.0157761235722863,0.00504061952817997,0.0412654130256383,0.0129947152844705,0.00358538114041433,0.0344382213651864,47.3694367865969,72,"Waterral","betrouwbaar","modelindex"
"nov",423,175,571,0.740805604203152,0.306479859894921,0.0556775507609636,0.017234405929995,0.135841627302379,0.0588821579753832,0.0174743268224717,0.142211126181477,167.177583841769,72,"Waterral","betrouwbaar","modelindex"
"okt",325,130,548,0.593065693430657,0.237226277372263,0.0435210867117045,0.0136138686890884,0.106442003382259,0.0340800772136699,0.00931719751955411,0.100181583310855,130.67654778615,72,"Waterral","betrouwbaar","modelindex"
"sep",161,93,508,0.316929133858268,0.183070866141732,0.0230525224133409,0.00717264599342895,0.0587900705914596,0.0192699767968043,0.00517842481497048,0.0548741389799107,69.2175741541876,72,"Waterral","betrouwbaar","modelindex"
"dec",463,142,564,0.820921985815603,0.25177304964539,0.127610318714085,0.066079716437281,0.231517151376362,0.0925836729123024,0.0508610984026948,0.148285861771021,147.187273240287,93,"Watersnip","betrouwbaar","modelindex"
"feb",320,95,556,0.575539568345324,0.170863309352518,0.0908653659071343,0.0452632453907947,0.172482761337669,0.0538807972314496,0.0292393558609062,0.092603345909431,104.805203643582,93,"Watersnip","betrouwbaar","modelindex"
"jan",407,117,562,0.724199288256228,0.208185053380783,0.117618938728185,0.0583119273047083,0.22039898815178,0.0742249116446724,0.0398681642448456,0.122510734133906,135.663095643591,93,"Watersnip","betrouwbaar","modelindex"
"mrt",132,64,454,0.290748898678414,0.140969162995595,0.0438670036989376,0.0204012439589117,0.0844663780122403,0.0390731133552565,0.0209318926405394,0.06858796926553,50.5967285775268,93,"Watersnip","betrouwbaar","modelindex"
"nov",523,127,571,0.915936952714536,0.222416812609457,0.144384834462071,0.0738846444629525,0.279029953886131,0.0819160275901137,0.0457567485660601,0.135752520320279,166.535201039168,93,"Watersnip","betrouwbaar","modelindex"
"okt",206,85,548,0.375912408759124,0.155109489051095,0.0517960852453295,0.0248520100341971,0.100846422460419,0.0462298719157753,0.0248293691625955,0.0766515020154613,59.7422264014773,93,"Watersnip","betrouwbaar","modelindex"
"sep",115,50,508,0.226377952755905,0.0984251968503937,0.0307524729925354,0.0150982796518017,0.058828919456652,0.0229543482849483,0.0120513463364355,0.0407095732485471,35.4702714543669,93,"Watersnip","betrouwbaar","modelindex"
"dec",0,0,564,0,0,,,,,,,,53,"Wespendief","alleen_beschrijvend","beschrijvend"
"feb",1,1,556,0.00179856115107914,0.00179856115107914,,,,,,,,53,"Wespendief","alleen_beschrijvend","beschrijvend"
"jan",0,0,562,0,0,,,,,,,,53,"Wespendief","alleen_beschrijvend","beschrijvend"
"mrt",0,0,454,0,0,,,,,,,,53,"Wespendief","alleen_beschrijvend","beschrijvend"
"nov",0,0,571,0,0,,,,,,,,53,"Wespendief","alleen_beschrijvend","beschrijvend"
"okt",1,1,548,0.00182481751824818,0.00182481751824818,,,,,,,,53,"Wespendief","alleen_beschrijvend","beschrijvend"
"sep",11,8,508,0.0216535433070866,0.015748031496063,,,,,,,,53,"Wespendief","alleen_beschrijvend","beschrijvend"
"dec",1289,168,564,2.2854609929078,0.297872340425532,0.144460260866217,0.0455968674003798,0.350589018401016,0.06425404887269,0.0225367806541747,0.138531893918711,92.0411651231428,36,"Wilde Eend","betrouwbaar","modelindex"
"feb",1630,211,556,2.93165467625899,0.379496402877698,0.221941392182999,0.0698648217148664,0.583026187218706,0.120135328657643,0.0460372429542071,0.254003378784538,141.407361464572,36,"Wilde Eend","betrouwbaar","modelindex"
"jan",1282,168,562,2.28113879003559,0.298932384341637,0.143988620517359,0.0461293077780609,0.352971340485045,0.0653902275995801,0.0225340960257956,0.146412231898665,91.7406649927419,36,"Wilde Eend","betrouwbaar","modelindex"
"mrt",1152,222,454,2.5374449339207,0.488986784140969,0.22574856994482,0.0694307658718757,0.575800222968598,0.259953728906174,0.11466838906983,0.463513541429857,143.833060234101,36,"Wilde Eend","betrouwbaar","modelindex"
"nov",1160,164,571,2.03152364273205,0.287215411558669,0.126798447869762,0.0411041155679796,0.355180967203915,0.0575779380756926,0.0206301349870424,0.122015428056333,80.7881476037692,36,"Wilde Eend","betrouwbaar","modelindex"
"okt",1054,145,548,1.92335766423358,0.264598540145985,0.128456609251291,0.0392723521343702,0.34385976259742,0.0504036310089237,0.0173266009122169,0.110166380057325,81.8446257286391,36,"Wilde Eend","betrouwbaar","modelindex"
"sep",712,143,508,1.40157480314961,0.281496062992126,0.107268664873538,0.0341800543329965,0.263551749683777,0.0590832116214029,0.0209363121183412,0.133489412208468,68.3449748530342,36,"Wilde Eend","betrouwbaar","modelindex"
"dec",38,7,564,0.0673758865248227,0.0124113475177305,,,,,,,,19,"Wilde Zwaan","alleen_beschrijvend","beschrijvend"
"feb",44,9,556,0.079136690647482,0.0161870503597122,,,,,,,,19,"Wilde Zwaan","alleen_beschrijvend","beschrijvend"
"jan",25,11,562,0.0444839857651246,0.0195729537366548,,,,,,,,19,"Wilde Zwaan","alleen_beschrijvend","beschrijvend"
"mrt",3,2,454,0.0066079295154185,0.00440528634361234,,,,,,,,19,"Wilde Zwaan","alleen_beschrijvend","beschrijvend"
"nov",3,2,571,0.00525394045534151,0.00350262697022767,,,,,,,,19,"Wilde Zwaan","alleen_beschrijvend","beschrijvend"
"okt",0,0,548,0,0,,,,,,,,19,"Wilde Zwaan","alleen_beschrijvend","beschrijvend"
"sep",0,0,508,0,0,,,,,,,,19,"Wilde Zwaan","alleen_beschrijvend","beschrijvend"
"dec",2130,453,564,3.77659574468085,0.803191489361702,2.9952694344002,2.48150333416492,3.62961667370186,0.832318302019279,0.768680946007709,0.882113995929104,106.129497789226,164,"Winterkoning","betrouwbaar","modelindex"
"feb",1366,402,556,2.4568345323741,0.723021582733813,2.09529446561295,1.71723707381614,2.51704561651732,0.750652637513775,0.672217457760146,0.815416682292427,74.241250821089,164,"Winterkoning","betrouwbaar","modelindex"
"jan",1448,413,562,2.57651245551601,0.734875444839858,2.12055614415186,1.76191965690388,2.5597476379579,0.771561498563238,0.700613058761443,0.831167021800237,75.136331986695,164,"Winterkoning","betrouwbaar","modelindex"
"mrt",1588,380,454,3.49779735682819,0.837004405286344,3.01135353742918,2.47829466673067,3.67314712729692,0.870554568207845,0.815992328992757,0.911523911845386,106.699395694653,164,"Winterkoning","betrouwbaar","modelindex"
"nov",2840,477,571,4.97373029772329,0.835376532399299,3.88833873094642,3.20469898497544,4.67002645971539,0.86830197868025,0.817055346477031,0.90990771406046,137.773060416642,164,"Winterkoning","betrouwbaar","modelindex"
"okt",2291,469,548,4.18065693430657,0.855839416058394,3.45967009272129,2.84715731735292,4.12626392774887,0.889430484523693,0.840494237570322,0.926325946771609,122.584314198913,164,"Winterkoning","betrouwbaar","modelindex"
"sep",1398,369,508,2.75196850393701,0.726377952755906,2.18546337565741,1.77299712690288,2.61930495805498,0.750640021702892,0.667554660448488,0.816208831628682,77.4361490927822,164,"Winterkoning","betrouwbaar","modelindex"
"dec",1028,75,564,1.82269503546099,0.132978723404255,0.0316208312171989,0.00565951346507119,0.102138398156588,0.0235926509817591,0.00746377519004428,0.0550809022367583,109.306301772819,35,"Wintertaling","indicatief","modelindex"
"feb",802,55,556,1.44244604316547,0.0989208633093525,0.0361363053566135,0.00677223990688167,0.116769158719905,0.0151015566193366,0.00493616175169739,0.0371158107422049,124.915308871335,35,"Wintertaling","indicatief","modelindex"
"jan",644,59,562,1.14590747330961,0.104982206405694,0.0319260558704614,0.00576041343559859,0.104728274919483,0.0180183526820239,0.00611514766634219,0.0419204189485297,110.361396682528,35,"Wintertaling","indicatief","modelindex"
"mrt",488,51,454,1.07488986784141,0.112334801762115,0.0368781309864791,0.00721550282558428,0.113193687344337,0.0200150600461516,0.00635365712572168,0.048351570942652,127.479637924038,35,"Wintertaling","indicatief","modelindex"
"nov",616,65,571,1.07880910683012,0.113835376532399,0.0369525904491293,0.0063259242886628,0.115440908446466,0.0186719518885019,0.00580532278066604,0.0469276784616725,127.737028010921,35,"Wintertaling","indicatief","modelindex"
"okt",456,44,548,0.832116788321168,0.0802919708029197,0.012574467233789,0.00209726225851129,0.0432512400013781,0.010323483423389,0.00349618179260066,0.0253983823501094,43.4671846748098,35,"Wintertaling","indicatief","modelindex"
"sep",218,34,508,0.429133858267717,0.0669291338582677,0.0164121288573223,0.00268957465498107,0.0549050495921471,0.00932477762953501,0.00299164530157428,0.0221040746658916,56.7331420635497,35,"Wintertaling","indicatief","modelindex"
"dec",39,24,564,0.0691489361702128,0.0425531914893617,,,,,,,,100,"Witgat","alleen_beschrijvend","beschrijvend"
"feb",23,16,556,0.0413669064748201,0.0287769784172662,,,,,,,,100,"Witgat","alleen_beschrijvend","beschrijvend"
"jan",42,30,562,0.0747330960854092,0.0533807829181495,,,,,,,,100,"Witgat","alleen_beschrijvend","beschrijvend"
"mrt",22,16,454,0.0484581497797357,0.0352422907488987,,,,,,,,100,"Witgat","alleen_beschrijvend","beschrijvend"
"nov",29,19,571,0.0507880910683012,0.0332749562171629,,,,,,,,100,"Witgat","alleen_beschrijvend","beschrijvend"
"okt",27,16,548,0.0492700729927007,0.0291970802919708,,,,,,,,100,"Witgat","alleen_beschrijvend","beschrijvend"
"sep",46,29,508,0.0905511811023622,0.0570866141732283,,,,,,,,100,"Witgat","alleen_beschrijvend","beschrijvend"
"dec",1,1,564,0.00177304964539007,0.00177304964539007,,,,,,,,637,"Witkopstaartmees","alleen_beschrijvend","beschrijvend"
"feb",3,3,556,0.00539568345323741,0.00539568345323741,,,,,,,,637,"Witkopstaartmees","alleen_beschrijvend","beschrijvend"
"jan",1,1,562,0.00177935943060498,0.00177935943060498,,,,,,,,637,"Witkopstaartmees","alleen_beschrijvend","beschrijvend"
"mrt",1,1,454,0.00220264317180617,0.00220264317180617,,,,,,,,637,"Witkopstaartmees","alleen_beschrijvend","beschrijvend"
"nov",0,0,571,0,0,,,,,,,,637,"Witkopstaartmees","alleen_beschrijvend","beschrijvend"
"okt",0,0,548,0,0,,,,,,,,637,"Witkopstaartmees","alleen_beschrijvend","beschrijvend"
"sep",0,0,508,0,0,,,,,,,,637,"Witkopstaartmees","alleen_beschrijvend","beschrijvend"
"dec",2,2,564,0.00354609929078014,0.00354609929078014,,,,,,,,162,"Witte Kwikstaart","alleen_beschrijvend","beschrijvend"
"feb",1,1,556,0.00179856115107914,0.00179856115107914,,,,,,,,162,"Witte Kwikstaart","alleen_beschrijvend","beschrijvend"
"jan",2,2,562,0.00355871886120996,0.00355871886120996,,,,,,,,162,"Witte Kwikstaart","alleen_beschrijvend","beschrijvend"
"mrt",110,38,454,0.242290748898678,0.0837004405286344,,,,,,,,162,"Witte Kwikstaart","alleen_beschrijvend","beschrijvend"
"nov",3,3,571,0.00525394045534151,0.00525394045534151,,,,,,,,162,"Witte Kwikstaart","alleen_beschrijvend","beschrijvend"
"okt",20,12,548,0.0364963503649635,0.0218978102189781,,,,,,,,162,"Witte Kwikstaart","alleen_beschrijvend","beschrijvend"
"sep",36,20,508,0.0708661417322835,0.0393700787401575,,,,,,,,162,"Witte Kwikstaart","alleen_beschrijvend","beschrijvend"
"dec",0,0,564,0,0,,,,,,,,161,"Witte Kwikstaart (spec)","alleen_beschrijvend","beschrijvend"
"feb",0,0,556,0,0,,,,,,,,161,"Witte Kwikstaart (spec)","alleen_beschrijvend","beschrijvend"
"jan",1,1,562,0.00177935943060498,0.00177935943060498,,,,,,,,161,"Witte Kwikstaart (spec)","alleen_beschrijvend","beschrijvend"
"mrt",16,7,454,0.0352422907488987,0.0154185022026432,,,,,,,,161,"Witte Kwikstaart (spec)","alleen_beschrijvend","beschrijvend"
"nov",1,1,571,0.00175131348511384,0.00175131348511384,,,,,,,,161,"Witte Kwikstaart (spec)","alleen_beschrijvend","beschrijvend"
"okt",9,8,548,0.0164233576642336,0.0145985401459854,,,,,,,,161,"Witte Kwikstaart (spec)","alleen_beschrijvend","beschrijvend"
"sep",9,7,508,0.0177165354330709,0.0137795275590551,,,,,,,,161,"Witte Kwikstaart (spec)","alleen_beschrijvend","beschrijvend"
"dec",30,1,564,0.0531914893617021,0.00177304964539007,,,,,,,,97,"Wulp","alleen_beschrijvend","beschrijvend"
"feb",3,3,556,0.00539568345323741,0.00539568345323741,,,,,,,,97,"Wulp","alleen_beschrijvend","beschrijvend"
"jan",0,0,562,0,0,,,,,,,,97,"Wulp","alleen_beschrijvend","beschrijvend"
"mrt",5,4,454,0.0110132158590308,0.00881057268722467,,,,,,,,97,"Wulp","alleen_beschrijvend","beschrijvend"
"nov",0,0,571,0,0,,,,,,,,97,"Wulp","alleen_beschrijvend","beschrijvend"
"okt",2,2,548,0.00364963503649635,0.00364963503649635,,,,,,,,97,"Wulp","alleen_beschrijvend","beschrijvend"
"sep",4,4,508,0.0078740157480315,0.0078740157480315,,,,,,,,97,"Wulp","alleen_beschrijvend","beschrijvend"
"dec",404,108,564,0.716312056737589,0.191489361702128,0.314339176395191,0.217462202772583,0.421314858357583,0.156310875477194,0.11120892660526,0.210004434741054,14.2378486601266,177,"Zanglijster","indicatief","modelindex"
"feb",416,155,556,0.748201438848921,0.278776978417266,0.520334846685642,0.367149931720297,0.713266409717402,0.263980291126576,0.195089244500083,0.342299347865344,23.5683279591798,177,"Zanglijster","indicatief","modelindex"
"jan",379,98,562,0.674377224199288,0.174377224199288,0.270414210065958,0.184744301180065,0.382149203972768,0.142167959521141,0.100579118999977,0.19155698414746,12.2482874792112,177,"Zanglijster","indicatief","modelindex"
"mrt",807,269,454,1.77753303964758,0.592511013215859,1.73441690621812,1.25050732532947,2.42020253290046,0.635865262927781,0.552506484533757,0.711992236100886,78.5596173772897,177,"Zanglijster","indicatief","modelindex"
"nov",734,197,571,1.28546409807356,0.345008756567426,0.770972684534691,0.543448067415741,1.03036326408081,0.338821458413523,0.263118318119695,0.415767758637017,34.9208537395161,177,"Zanglijster","indicatief","modelindex"
"okt",8599,365,548,15.6916058394161,0.666058394160584,10.8350222516295,7.90900460123214,14.3715677860579,0.719937823214916,0.647673625291592,0.789625917652336,490.767357785073,177,"Zanglijster","indicatief","modelindex"
"sep",957,160,508,1.88385826771654,0.31496062992126,1.00890098808484,0.725285403636273,1.40656089893799,0.297840017367889,0.224275884226271,0.377006806109313,45.6977069996033,177,"Zanglijster","indicatief","modelindex"
"dec",467,20,564,0.828014184397163,0.0354609929078014,,,,,,,,108,"Zilvermeeuw","alleen_beschrijvend","beschrijvend"
"feb",116,19,556,0.20863309352518,0.0341726618705036,,,,,,,,108,"Zilvermeeuw","alleen_beschrijvend","beschrijvend"
"jan",309,25,562,0.549822064056939,0.0444839857651246,,,,,,,,108,"Zilvermeeuw","alleen_beschrijvend","beschrijvend"
"mrt",58,12,454,0.127753303964758,0.026431718061674,,,,,,,,108,"Zilvermeeuw","alleen_beschrijvend","beschrijvend"
"nov",137,19,571,0.239929947460595,0.0332749562171629,,,,,,,,108,"Zilvermeeuw","alleen_beschrijvend","beschrijvend"
"okt",92,19,548,0.167883211678832,0.0346715328467153,,,,,,,,108,"Zilvermeeuw","alleen_beschrijvend","beschrijvend"
"sep",81,17,508,0.159448818897638,0.0334645669291339,,,,,,,,108,"Zilvermeeuw","alleen_beschrijvend","beschrijvend"
"dec",0,0,564,0,0,,,,,,,,39,"Zomertaling","alleen_beschrijvend","beschrijvend"
"feb",0,0,556,0,0,,,,,,,,39,"Zomertaling","alleen_beschrijvend","beschrijvend"
"jan",0,0,562,0,0,,,,,,,,39,"Zomertaling","alleen_beschrijvend","beschrijvend"
"mrt",3,2,454,0.0066079295154185,0.00440528634361234,,,,,,,,39,"Zomertaling","alleen_beschrijvend","beschrijvend"
"nov",2,1,571,0.00350262697022767,0.00175131348511384,,,,,,,,39,"Zomertaling","alleen_beschrijvend","beschrijvend"
"okt",0,0,548,0,0,,,,,,,,39,"Zomertaling","alleen_beschrijvend","beschrijvend"
"sep",0,0,508,0,0,,,,,,,,39,"Zomertaling","alleen_beschrijvend","beschrijvend"
"dec",1851,377,564,3.28191489361702,0.668439716312057,2.53356700798757,1.87850753084228,3.44720747698457,0.762284781907794,0.676437247547738,0.838894174318077,87.1773367480596,226,"Zwarte Kraai","betrouwbaar","modelindex"
"feb",1848,394,556,3.32374100719424,0.70863309352518,2.93750810252011,2.18804943117341,3.89977731637684,0.819224627949932,0.738424763949827,0.884606817556892,101.076518697233,226,"Zwarte Kraai","betrouwbaar","modelindex"
"jan",1737,368,562,3.09074733096085,0.654804270462633,2.49226036653526,1.82659551753301,3.3871781169193,0.745678408452607,0.649995689133289,0.824983711615216,85.7560193009715,226,"Zwarte Kraai","betrouwbaar","modelindex"
"mrt",1274,290,454,2.80616740088106,0.638766519823789,2.47731091044866,1.81530370961742,3.29926096952349,0.7580149095319,0.677260031060275,0.830948718973443,85.2416244721182,226,"Zwarte Kraai","betrouwbaar","modelindex"
"nov",2317,402,571,4.05779334500876,0.704028021015762,3.32827943396491,2.43577634404391,4.45438758310357,0.801087103306819,0.717914567288507,0.869390282418054,114.522543154234,226,"Zwarte Kraai","betrouwbaar","modelindex"
"okt",2370,376,548,4.32481751824818,0.686131386861314,3.69377322867617,2.69790929590649,5.02665738315246,0.789255514502545,0.705511924689922,0.865028131080878,127.098794550158,226,"Zwarte Kraai","betrouwbaar","modelindex"
"sep",1869,315,508,3.67913385826772,0.62007874015748,2.88085549910371,2.09713484705413,3.90147451277161,0.7255779497275,0.63025207475361,0.809026502760337,99.1271630772258,226,"Zwarte Kraai","betrouwbaar","modelindex"
"dec",50,19,564,0.0886524822695035,0.0336879432624113,,,,,,,,212,"Zwarte Mees","alleen_beschrijvend","beschrijvend"
"feb",38,15,556,0.0683453237410072,0.026978417266187,,,,,,,,212,"Zwarte Mees","alleen_beschrijvend","beschrijvend"
"jan",46,19,562,0.0818505338078292,0.0338078291814947,,,,,,,,212,"Zwarte Mees","alleen_beschrijvend","beschrijvend"
"mrt",19,11,454,0.0418502202643172,0.0242290748898678,,,,,,,,212,"Zwarte Mees","alleen_beschrijvend","beschrijvend"
"nov",126,24,571,0.220665499124343,0.042031523642732,,,,,,,,212,"Zwarte Mees","alleen_beschrijvend","beschrijvend"
"okt",172,36,548,0.313868613138686,0.0656934306569343,,,,,,,,212,"Zwarte Mees","alleen_beschrijvend","beschrijvend"
"sep",61,24,508,0.12007874015748,0.047244094488189,,,,,,,,212,"Zwarte Mees","alleen_beschrijvend","beschrijvend"
"dec",0,0,564,0,0,,,,,,,,290,"Zwarte Ooievaar","alleen_beschrijvend","beschrijvend"
"feb",0,0,556,0,0,,,,,,,,290,"Zwarte Ooievaar","alleen_beschrijvend","beschrijvend"
"jan",0,0,562,0,0,,,,,,,,290,"Zwarte Ooievaar","alleen_beschrijvend","beschrijvend"
"mrt",0,0,454,0,0,,,,,,,,290,"Zwarte Ooievaar","alleen_beschrijvend","beschrijvend"
"nov",0,0,571,0,0,,,,,,,,290,"Zwarte Ooievaar","alleen_beschrijvend","beschrijvend"
"okt",0,0,548,0,0,,,,,,,,290,"Zwarte Ooievaar","alleen_beschrijvend","beschrijvend"
"sep",2,2,508,0.00393700787401575,0.00393700787401575,,,,,,,,290,"Zwarte Ooievaar","alleen_beschrijvend","beschrijvend"
"dec",1,1,564,0.00177304964539007,0.00177304964539007,,,,,,,,169,"Zwarte Roodstaart","alleen_beschrijvend","beschrijvend"
"feb",1,1,556,0.00179856115107914,0.00179856115107914,,,,,,,,169,"Zwarte Roodstaart","alleen_beschrijvend","beschrijvend"
"jan",0,0,562,0,0,,,,,,,,169,"Zwarte Roodstaart","alleen_beschrijvend","beschrijvend"
"mrt",3,3,454,0.0066079295154185,0.0066079295154185,,,,,,,,169,"Zwarte Roodstaart","alleen_beschrijvend","beschrijvend"
"nov",4,3,571,0.00700525394045534,0.00525394045534151,,,,,,,,169,"Zwarte Roodstaart","alleen_beschrijvend","beschrijvend"
"okt",5,2,548,0.00912408759124088,0.00364963503649635,,,,,,,,169,"Zwarte Roodstaart","alleen_beschrijvend","beschrijvend"
"sep",4,4,508,0.0078740157480315,0.0078740157480315,,,,,,,,169,"Zwarte Roodstaart","alleen_beschrijvend","beschrijvend"
"dec",0,0,564,0,0,,,,,,,,426,"Zwarte ruiter","alleen_beschrijvend","beschrijvend"
"feb",0,0,556,0,0,,,,,,,,426,"Zwarte ruiter","alleen_beschrijvend","beschrijvend"
"jan",0,0,562,0,0,,,,,,,,426,"Zwarte ruiter","alleen_beschrijvend","beschrijvend"
"mrt",0,0,454,0,0,,,,,,,,426,"Zwarte ruiter","alleen_beschrijvend","beschrijvend"
"nov",0,0,571,0,0,,,,,,,,426,"Zwarte ruiter","alleen_beschrijvend","beschrijvend"
"okt",1,1,548,0.00182481751824818,0.00182481751824818,,,,,,,,426,"Zwarte ruiter","alleen_beschrijvend","beschrijvend"
"sep",1,1,508,0.00196850393700787,0.00196850393700787,,,,,,,,426,"Zwarte ruiter","alleen_beschrijvend","beschrijvend"
"dec",4,4,564,0.00709219858156028,0.00709219858156028,,,,,,,,143,"Zwarte Specht","alleen_beschrijvend","beschrijvend"
"feb",0,0,556,0,0,,,,,,,,143,"Zwarte Specht","alleen_beschrijvend","beschrijvend"
"jan",2,2,562,0.00355871886120996,0.00355871886120996,,,,,,,,143,"Zwarte Specht","alleen_beschrijvend","beschrijvend"
"mrt",0,0,454,0,0,,,,,,,,143,"Zwarte Specht","alleen_beschrijvend","beschrijvend"
"nov",0,0,571,0,0,,,,,,,,143,"Zwarte Specht","alleen_beschrijvend","beschrijvend"
"okt",1,1,548,0.00182481751824818,0.00182481751824818,,,,,,,,143,"Zwarte Specht","alleen_beschrijvend","beschrijvend"
"sep",1,1,508,0.00196850393700787,0.00196850393700787,,,,,,,,143,"Zwarte Specht","alleen_beschrijvend","beschrijvend"
"dec",0,0,564,0,0,,,,,,,,120,"Zwarte Stern","alleen_beschrijvend","beschrijvend"
"feb",0,0,556,0,0,,,,,,,,120,"Zwarte Stern","alleen_beschrijvend","beschrijvend"
"jan",0,0,562,0,0,,,,,,,,120,"Zwarte Stern","alleen_beschrijvend","beschrijvend"
"mrt",0,0,454,0,0,,,,,,,,120,"Zwarte Stern","alleen_beschrijvend","beschrijvend"
"nov",0,0,571,0,0,,,,,,,,120,"Zwarte Stern","alleen_beschrijvend","beschrijvend"
"okt",1,1,548,0.00182481751824818,0.00182481751824818,,,,,,,,120,"Zwarte Stern","alleen_beschrijvend","beschrijvend"
"sep",1,1,508,0.00196850393700787,0.00196850393700787,,,,,,,,120,"Zwarte Stern","alleen_beschrijvend","beschrijvend"
"dec",0,0,564,0,0,,,,,,,,629,"Zwarte zee-eend","alleen_beschrijvend","beschrijvend"
"feb",0,0,556,0,0,,,,,,,,629,"Zwarte zee-eend","alleen_beschrijvend","beschrijvend"
"jan",0,0,562,0,0,,,,,,,,629,"Zwarte zee-eend","alleen_beschrijvend","beschrijvend"
"mrt",0,0,454,0,0,,,,,,,,629,"Zwarte zee-eend","alleen_beschrijvend","beschrijvend"
"nov",0,0,571,0,0,,,,,,,,629,"Zwarte zee-eend","alleen_beschrijvend","beschrijvend"
"okt",1,1,548,0.00182481751824818,0.00182481751824818,,,,,,,,629,"Zwarte zee-eend","alleen_beschrijvend","beschrijvend"
"sep",0,0,508,0,0,,,,,,,,629,"Zwarte zee-eend","alleen_beschrijvend","beschrijvend"
"dec",10,7,564,0.0177304964539007,0.0124113475177305,0.0112616711371057,0.00499221596714425,0.0219962104928646,0.00797264309616962,0.0035445126608809,0.0165661239807138,4.45436918042169,195,"Zwartkop","indicatief","modelindex"
"feb",3,3,556,0.00539568345323741,0.00539568345323741,0.00421217410358679,0.00111886855709621,0.0110526697073184,0.00396574476710482,0.000954181988521986,0.0105285935363601,1.66605633224071,195,"Zwartkop","indicatief","modelindex"
"jan",6,4,562,0.0106761565836299,0.00711743772241993,0.00732871805776865,0.00258424132461248,0.0155636939519968,0.00488413824229791,0.00161094998865485,0.0145321534051157,2.89875414146702,195,"Zwartkop","indicatief","modelindex"
"mrt",3,3,454,0.0066079295154185,0.0066079295154185,0.00511365116703774,0.00123995224894935,0.0136694975285498,0.00494262688720416,0.00119387282144457,0.0138436888943806,2.02262078874152,195,"Zwartkop","indicatief","modelindex"
"nov",40,30,571,0.0700525394045534,0.0525394045534151,0.045314161155446,0.0276129318089819,0.0720772007404555,0.0353564555395264,0.0194359739877262,0.0562233734831972,17.9232727035001,195,"Zwartkop","indicatief","modelindex"
"okt",251,122,548,0.458029197080292,0.222627737226277,0.324815069297716,0.219357609642099,0.475813020276463,0.192740809306744,0.134506575273267,0.260759382236647,128.475269469477,195,"Zwartkop","indicatief","modelindex"
"sep",1127,224,508,2.21850393700787,0.440944881889764,1.37171576630355,0.903191814082373,1.99347492444179,0.442475920310604,0.352606712736835,0.540123338308502,542.559657384152,195,"Zwartkop","indicatief","modelindex"
