"group_code","groep_titel","analysis_mode","msi_variant","weggelaten_soort_id","weggelaten_soort","baseline_trend_pct_per_jaar","loso_trend_pct_per_jaar","verschil_procentpunt","richtingsomslag"
"fg_v1_bodem_insect","Bodemfoeragerende insecteneters","binair","volledig",8,"Woudaap",-2.4105714803758,-2.3953771887305,0.0151942916453041,FALSE
"fg_v1_bodem_insect","Bodemfoeragerende insecteneters","binair","volledig",11,"Blauwe Reiger",-2.4105714803758,-2.31024451481142,0.100326965564379,FALSE
"fg_v1_bodem_insect","Bodemfoeragerende insecteneters","binair","volledig",29,"Bergeend",-2.4105714803758,-2.25838973003516,0.152181750340641,FALSE
"fg_v1_bodem_insect","Bodemfoeragerende insecteneters","binair","volledig",37,"Soepeend",-2.4105714803758,-2.46204604930125,-0.051474568925447,FALSE
"fg_v1_bodem_insect","Bodemfoeragerende insecteneters","binair","volledig",44,"Kuifeend",-2.4105714803758,-2.36742198953664,0.0431494908391561,FALSE
"fg_v1_bodem_insect","Bodemfoeragerende insecteneters","binair","volledig",64,"Torenvalk",-2.4105714803758,-2.30678490733198,0.103786573043818,FALSE
"fg_v1_bodem_insect","Bodemfoeragerende insecteneters","binair","volledig",69,"Patrijs",-2.4105714803758,-2.42778975960598,-0.01721827923018,FALSE
"fg_v1_bodem_insect","Bodemfoeragerende insecteneters","binair","volledig",70,"Kwartel",-2.4105714803758,-2.40493005421731,0.00564142615848695,FALSE
"fg_v1_bodem_insect","Bodemfoeragerende insecteneters","binair","volledig",80,"Scholekster",-2.4105714803758,-2.26103475781592,0.149536722559884,FALSE
"fg_v1_bodem_insect","Bodemfoeragerende insecteneters","binair","volledig",84,"Kleine Plevier",-2.4105714803758,-2.44353181192466,-0.0329603315488591,FALSE
"fg_v1_bodem_insect","Bodemfoeragerende insecteneters","binair","volledig",88,"Kievit",-2.4105714803758,-2.4205754617946,-0.0100039814188047,FALSE
"fg_v1_bodem_insect","Bodemfoeragerende insecteneters","binair","volledig",93,"Watersnip",-2.4105714803758,-2.41767126423205,-0.00709978385624588,FALSE
"fg_v1_bodem_insect","Bodemfoeragerende insecteneters","binair","volledig",94,"Houtsnip",-2.4105714803758,-2.39786812264082,0.0127033577349778,FALSE
"fg_v1_bodem_insect","Bodemfoeragerende insecteneters","binair","volledig",97,"Wulp",-2.4105714803758,-2.09929896714225,0.311272513233551,FALSE
"fg_v1_bodem_insect","Bodemfoeragerende insecteneters","binair","volledig",105,"Kokmeeuw",-2.4105714803758,-2.39168127215004,0.0188902082257636,FALSE
"fg_v1_bodem_insect","Bodemfoeragerende insecteneters","binair","volledig",122,"Holenduif",-2.4105714803758,-2.39156984063429,0.0190016397415116,FALSE
"fg_v1_bodem_insect","Bodemfoeragerende insecteneters","binair","volledig",125,"Tortelduif",-2.4105714803758,-2.29935745075626,0.111214029619544,FALSE
"fg_v1_bodem_insect","Bodemfoeragerende insecteneters","binair","volledig",141,"Draaihals",-2.4105714803758,-2.41169215055381,-0.00112067017801198,FALSE
"fg_v1_bodem_insect","Bodemfoeragerende insecteneters","binair","volledig",142,"Groene Specht",-2.4105714803758,-2.42416458365283,-0.013593103277032,FALSE
"fg_v1_bodem_insect","Bodemfoeragerende insecteneters","binair","volledig",143,"Zwarte Specht",-2.4105714803758,-2.11061685025234,0.299954630123456,FALSE
"fg_v1_bodem_insect","Bodemfoeragerende insecteneters","binair","volledig",144,"Grote Bonte Specht",-2.4105714803758,-2.54120661525508,-0.130635134879276,FALSE
"fg_v1_bodem_insect","Bodemfoeragerende insecteneters","binair","volledig",147,"Kuifleeuwerik",-2.4105714803758,-2.36852860257931,0.0420428777964887,FALSE
"fg_v1_bodem_insect","Bodemfoeragerende insecteneters","binair","volledig",148,"Boomleeuwerik",-2.4105714803758,-2.54928732757987,-0.138715847204074,FALSE
"fg_v1_bodem_insect","Bodemfoeragerende insecteneters","binair","volledig",150,"Veldleeuwerik",-2.4105714803758,-2.35104683208908,0.059524648286724,FALSE
"fg_v1_bodem_insect","Bodemfoeragerende insecteneters","binair","volledig",155,"Boompieper",-2.4105714803758,-2.47666535558032,-0.0660938752045204,FALSE
"fg_v1_bodem_insect","Bodemfoeragerende insecteneters","binair","volledig",156,"Graspieper",-2.4105714803758,-2.49166727171184,-0.0810957913360388,FALSE
"fg_v1_bodem_insect","Bodemfoeragerende insecteneters","binair","volledig",158,"Gele Kwikstaart",-2.4105714803758,-2.40169514003544,0.008876340340358,FALSE
"fg_v1_bodem_insect","Bodemfoeragerende insecteneters","binair","volledig",162,"Witte Kwikstaart",-2.4105714803758,-2.45601605541307,-0.0454445750372678,FALSE
"fg_v1_bodem_insect","Bodemfoeragerende insecteneters","binair","volledig",165,"Heggenmus",-2.4105714803758,-2.46584863299109,-0.0552771526152851,FALSE
"fg_v1_bodem_insect","Bodemfoeragerende insecteneters","binair","volledig",166,"Roodborst",-2.4105714803758,-2.48991882781457,-0.079347347438774,FALSE
"fg_v1_bodem_insect","Bodemfoeragerende insecteneters","binair","volledig",167,"Nachtegaal",-2.4105714803758,-2.46624651966157,-0.0556750392857741,FALSE
"fg_v1_bodem_insect","Bodemfoeragerende insecteneters","binair","volledig",168,"Blauwborst",-2.4105714803758,-2.52890988037997,-0.11833840000417,FALSE
"fg_v1_bodem_insect","Bodemfoeragerende insecteneters","binair","volledig",170,"Gekraagde Roodstaart",-2.4105714803758,-2.46587050057725,-0.0552990202014492,FALSE
"fg_v1_bodem_insect","Bodemfoeragerende insecteneters","binair","volledig",171,"Paapje",-2.4105714803758,-2.02945217151052,0.381119308865285,FALSE
"fg_v1_bodem_insect","Bodemfoeragerende insecteneters","binair","volledig",172,"Roodborsttapuit",-2.4105714803758,-2.51338393443099,-0.10281245405519,FALSE
"fg_v1_bodem_insect","Bodemfoeragerende insecteneters","binair","volledig",173,"Tapuit",-2.4105714803758,-2.00762293476258,0.402948545613224,FALSE
"fg_v1_bodem_insect","Bodemfoeragerende insecteneters","binair","volledig",175,"Merel",-2.4105714803758,-2.47380603420432,-0.0632345538285173,FALSE
"fg_v1_bodem_insect","Bodemfoeragerende insecteneters","binair","volledig",176,"Kramsvogel",-2.4105714803758,-2.38277777991732,0.0277937004584783,FALSE
"fg_v1_bodem_insect","Bodemfoeragerende insecteneters","binair","volledig",177,"Zanglijster",-2.4105714803758,-2.52272657648316,-0.112155096107358,FALSE
"fg_v1_bodem_insect","Bodemfoeragerende insecteneters","binair","volledig",179,"Grote Lijster",-2.4105714803758,-2.49060978282422,-0.0800383024484153,FALSE
"fg_v1_bodem_insect","Bodemfoeragerende insecteneters","binair","volledig",180,"Cetti's Zanger",-2.4105714803758,-2.46458049895797,-0.0540090185821684,FALSE
"fg_v1_bodem_insect","Bodemfoeragerende insecteneters","binair","volledig",182,"Sprinkhaanrietzanger",-2.4105714803758,-2.47331735324112,-0.0627458728653219,FALSE
"fg_v1_bodem_insect","Bodemfoeragerende insecteneters","binair","volledig",184,"Snor",-2.4105714803758,-2.26792074123622,0.142650739139583,FALSE
"fg_v1_bodem_insect","Bodemfoeragerende insecteneters","binair","volledig",189,"Grote Karekiet",-2.4105714803758,-2.4062128858248,0.00435859455100163,FALSE
"fg_v1_bodem_insect","Bodemfoeragerende insecteneters","binair","volledig",190,"Spotvogel",-2.4105714803758,-2.43601854078691,-0.0254470604111101,FALSE
"fg_v1_bodem_insect","Bodemfoeragerende insecteneters","binair","volledig",194,"Tuinfluiter",-2.4105714803758,-2.52964194499901,-0.119070464623205,FALSE
"fg_v1_bodem_insect","Bodemfoeragerende insecteneters","binair","volledig",195,"Zwartkop",-2.4105714803758,-2.52774283735794,-0.117171356982138,FALSE
"fg_v1_bodem_insect","Bodemfoeragerende insecteneters","binair","volledig",198,"Tjiftjaf",-2.4105714803758,-2.57622554497233,-0.165654064596532,FALSE
"fg_v1_bodem_insect","Bodemfoeragerende insecteneters","binair","volledig",200,"Fitis",-2.4105714803758,-2.44547880086353,-0.0349073204877315,FALSE
"fg_v1_bodem_insect","Bodemfoeragerende insecteneters","binair","volledig",207,"Staartmees",-2.4105714803758,-2.49778568831981,-0.0872142079440086,FALSE
"fg_v1_bodem_insect","Bodemfoeragerende insecteneters","binair","volledig",219,"Grauwe Klauwier",-2.4105714803758,-2.40355172853545,0.00701975184035364,FALSE
"fg_v1_bodem_insect","Bodemfoeragerende insecteneters","binair","volledig",223,"Ekster",-2.4105714803758,-2.43322004383373,-0.0226485634579277,FALSE
"fg_v1_bodem_insect","Bodemfoeragerende insecteneters","binair","volledig",224,"Kauw",-2.4105714803758,-2.42786770100807,-0.017296220632268,FALSE
"fg_v1_bodem_insect","Bodemfoeragerende insecteneters","binair","volledig",231,"Huismus",-2.4105714803758,-2.41905964540664,-0.00848816503083993,FALSE
"fg_v1_bodem_insect","Bodemfoeragerende insecteneters","binair","volledig",233,"Vink",-2.4105714803758,-2.62674921259177,-0.216177732215972,FALSE
"fg_v1_bodem_insect","Bodemfoeragerende insecteneters","binair","volledig",239,"Kneu",-2.4105714803758,-2.43246538688068,-0.0218939065048773,FALSE
"fg_v1_bodem_insect","Bodemfoeragerende insecteneters","binair","volledig",240,"Barmsijs",-2.4105714803758,-2.40606403513901,0.00450744523678992,FALSE
"fg_v1_bodem_insect","Bodemfoeragerende insecteneters","binair","volledig",248,"Appelvink",-2.4105714803758,-2.54848898885823,-0.137917508482432,FALSE
"fg_v1_bodem_insect","Bodemfoeragerende insecteneters","binair","volledig",249,"Geelgors",-2.4105714803758,-2.41010709764814,0.000464382727660695,FALSE
"fg_v1_bodem_insect","Bodemfoeragerende insecteneters","binair","volledig",251,"Rietgors",-2.4105714803758,-2.42206366845699,-0.0114921880811858,FALSE
"fg_v1_grondbroed","Grondbroeders","binair","volledig",1,"Dodaars",-2.47415448329474,-2.55870750787548,-0.0845530245807358,FALSE
"fg_v1_grondbroed","Grondbroeders","binair","volledig",2,"Fuut",-2.47415448329474,-2.53085676697612,-0.0567022836813758,FALSE
"fg_v1_grondbroed","Grondbroeders","binair","volledig",4,"Geoorde Fuut",-2.47415448329474,-2.47192981217094,0.0022246711238072,FALSE
"fg_v1_grondbroed","Grondbroeders","binair","volledig",5,"Aalscholver",-2.47415448329474,-2.71610062942768,-0.241946146132932,FALSE
"fg_v1_grondbroed","Grondbroeders","binair","volledig",7,"Roerdomp",-2.47415448329474,-2.56281997032066,-0.0886654870259185,FALSE
"fg_v1_grondbroed","Grondbroeders","binair","volledig",17,"Knobbelzwaan",-2.47415448329474,-2.51121280762701,-0.037058324332262,FALSE
"fg_v1_grondbroed","Grondbroeders","binair","volledig",21,"Grauwe Gans",-2.47415448329474,-2.61904141303017,-0.144886929735422,FALSE
"fg_v1_grondbroed","Grondbroeders","binair","volledig",22,"Soepgans",-2.47415448329474,-2.48495876312513,-0.0108042798303898,FALSE
"fg_v1_grondbroed","Grondbroeders","binair","volledig",25,"Grote Canadese Gans",-2.47415448329474,-2.57159037165193,-0.0974358883571891,FALSE
"fg_v1_grondbroed","Grondbroeders","binair","volledig",29,"Bergeend",-2.47415448329474,-2.33624696342318,0.137907519871561,FALSE
"fg_v1_grondbroed","Grondbroeders","binair","volledig",34,"Krakeend",-2.47415448329474,-2.52995482786929,-0.0558003445745414,FALSE
"fg_v1_grondbroed","Grondbroeders","binair","volledig",35,"Wintertaling",-2.47415448329474,-2.44243164395579,0.0317228393389546,FALSE
"fg_v1_grondbroed","Grondbroeders","binair","volledig",36,"Wilde Eend",-2.47415448329474,-2.48142117866482,-0.0072666953700784,FALSE
"fg_v1_grondbroed","Grondbroeders","binair","volledig",37,"Soepeend",-2.47415448329474,-2.51931210430054,-0.045157621005798,FALSE
"fg_v1_grondbroed","Grondbroeders","binair","volledig",39,"Zomertaling",-2.47415448329474,-2.49019384763267,-0.0160393643379275,FALSE
"fg_v1_grondbroed","Grondbroeders","binair","volledig",40,"Slobeend",-2.47415448329474,-2.41431726699168,0.0598372163030603,FALSE
"fg_v1_grondbroed","Grondbroeders","binair","volledig",41,"Krooneend",-2.47415448329474,-2.61639863224448,-0.142244148949733,FALSE
"fg_v1_grondbroed","Grondbroeders","binair","volledig",42,"Tafeleend",-2.47415448329474,-2.52341916452522,-0.0492646812304764,FALSE
"fg_v1_grondbroed","Grondbroeders","binair","volledig",44,"Kuifeend",-2.47415448329474,-2.42785275900167,0.0463017242930741,FALSE
"fg_v1_grondbroed","Grondbroeders","binair","volledig",69,"Patrijs",-2.47415448329474,-2.49577655207268,-0.0216220687779378,FALSE
"fg_v1_grondbroed","Grondbroeders","binair","volledig",70,"Kwartel",-2.47415448329474,-2.46736705034524,0.00678743294950657,FALSE
"fg_v1_grondbroed","Grondbroeders","binair","volledig",71,"Gewone Fazant",-2.47415448329474,-2.32585083228061,0.148303651014137,FALSE
"fg_v1_grondbroed","Grondbroeders","binair","volledig",77,"Waterhoen",-2.47415448329474,-2.47737339639067,-0.00321891309592592,FALSE
"fg_v1_grondbroed","Grondbroeders","binair","volledig",78,"Meerkoet",-2.47415448329474,-2.50554792676998,-0.0313934434752361,FALSE
"fg_v1_grondbroed","Grondbroeders","binair","volledig",80,"Scholekster",-2.47415448329474,-2.3362724561851,0.137882027109648,FALSE
"fg_v1_grondbroed","Grondbroeders","binair","volledig",84,"Kleine Plevier",-2.47415448329474,-2.50466789416252,-0.0305134108677718,FALSE
"fg_v1_grondbroed","Grondbroeders","binair","volledig",88,"Kievit",-2.47415448329474,-2.49138772154357,-0.0172332382488261,FALSE
"fg_v1_grondbroed","Grondbroeders","binair","volledig",93,"Watersnip",-2.47415448329474,-2.4804160105653,-0.00626152727055684,FALSE
"fg_v1_grondbroed","Grondbroeders","binair","volledig",94,"Houtsnip",-2.47415448329474,-2.46277679190569,0.0113776913890584,FALSE
"fg_v1_grondbroed","Grondbroeders","binair","volledig",97,"Wulp",-2.47415448329474,-2.18146036648057,0.292694116814174,FALSE
"fg_v1_grondbroed","Grondbroeders","binair","volledig",98,"Tureluur",-2.47415448329474,-2.48590358275014,-0.0117490994553937,FALSE
"fg_v1_grondbroed","Grondbroeders","binair","volledig",105,"Kokmeeuw",-2.47415448329474,-2.45539346420941,0.0187610190853338,FALSE
"fg_v1_grondbroed","Grondbroeders","binair","volledig",107,"Kleine Mantelmeeuw",-2.47415448329474,-2.15609072932096,0.318063753973785,FALSE
"fg_v1_grondbroed","Grondbroeders","binair","volledig",108,"Zilvermeeuw",-2.47415448329474,-2.07338819371444,0.400766289580301,FALSE
"fg_v1_grondbroed","Grondbroeders","binair","volledig",116,"Visdief",-2.47415448329474,-2.45332445875911,0.0208300245356341,FALSE
"fg_v1_grondbroed","Grondbroeders","binair","volledig",132,"Ransuil",-2.47415448329474,-2.46504549136998,0.00910899192476666,FALSE
"fg_v1_grondbroed","Grondbroeders","binair","volledig",135,"Nachtzwaluw",-2.47415448329474,-2.45270222663346,0.0214522566612807,FALSE
"fg_v1_grondbroed","Grondbroeders","binair","volledig",147,"Kuifleeuwerik",-2.47415448329474,-2.43213315630622,0.0420213269885283,FALSE
"fg_v1_grondbroed","Grondbroeders","binair","volledig",148,"Boomleeuwerik",-2.47415448329474,-2.6129340852027,-0.138779601907957,FALSE
"fg_v1_grondbroed","Grondbroeders","binair","volledig",150,"Veldleeuwerik",-2.47415448329474,-2.41710576093653,0.0570487223582106,FALSE
"fg_v1_grondbroed","Grondbroeders","binair","volledig",155,"Boompieper",-2.47415448329474,-2.54264763803321,-0.0684931547384693,FALSE
"fg_v1_grondbroed","Grondbroeders","binair","volledig",156,"Graspieper",-2.47415448329474,-2.55762764578537,-0.0834731624906215,FALSE
"fg_v1_grondbroed","Grondbroeders","binair","volledig",158,"Gele Kwikstaart",-2.47415448329474,-2.46476798680072,0.00938649649402379,FALSE
"fg_v1_grondbroed","Grondbroeders","binair","volledig",166,"Roodborst",-2.47415448329474,-2.55425501884045,-0.0801005355457018,FALSE
"fg_v1_grondbroed","Grondbroeders","binair","volledig",167,"Nachtegaal",-2.47415448329474,-2.53039649477522,-0.0562420114804785,FALSE
"fg_v1_grondbroed","Grondbroeders","binair","volledig",168,"Blauwborst",-2.47415448329474,-2.5837340564883,-0.109579573193552,FALSE
"fg_v1_grondbroed","Grondbroeders","binair","volledig",170,"Gekraagde Roodstaart",-2.47415448329474,-2.5328932024662,-0.0587387191714583,FALSE
"fg_v1_grondbroed","Grondbroeders","binair","volledig",171,"Paapje",-2.47415448329474,-2.11136200328239,0.362792480012353,FALSE
"fg_v1_grondbroed","Grondbroeders","binair","volledig",172,"Roodborsttapuit",-2.47415448329474,-2.5774729054776,-0.103318422182852,FALSE
"fg_v1_grondbroed","Grondbroeders","binair","volledig",175,"Merel",-2.47415448329474,-2.53606090393894,-0.0619064206441977,FALSE
"fg_v1_grondbroed","Grondbroeders","binair","volledig",182,"Sprinkhaanrietzanger",-2.47415448329474,-2.53819257774985,-0.06403809445511,FALSE
"fg_v1_grondbroed","Grondbroeders","binair","volledig",184,"Snor",-2.47415448329474,-2.33251761663972,0.141636866655026,FALSE
"fg_v1_grondbroed","Grondbroeders","binair","volledig",186,"Rietzanger",-2.47415448329474,-2.53583733850494,-0.0616828552101989,FALSE
"fg_v1_grondbroed","Grondbroeders","binair","volledig",197,"Fluiter",-2.47415448329474,-2.44871557073172,0.025438912563025,FALSE
"fg_v1_grondbroed","Grondbroeders","binair","volledig",198,"Tjiftjaf",-2.47415448329474,-2.63390750203017,-0.159753018735431,FALSE
"fg_v1_grondbroed","Grondbroeders","binair","volledig",200,"Fitis",-2.47415448329474,-2.50979108589662,-0.035636602601874,FALSE
"fg_v1_grondbroed","Grondbroeders","binair","volledig",212,"Zwarte Mees",-2.47415448329474,-2.47753096491694,-0.00337648162219706,FALSE
"fg_v1_grondbroed","Grondbroeders","binair","volledig",249,"Geelgors",-2.47415448329474,-2.47530687593491,-0.00115239264016909,FALSE
"fg_v1_grondbroed","Grondbroeders","binair","volledig",251,"Rietgors",-2.47415448329474,-2.48622289582527,-0.0120684125305304,FALSE
"fg_v1_holenbroed","Holenbroeders","binair","volledig",27,"Nijlgans",-2.81965514560321,-2.89013039298924,-0.070475247386037,FALSE
"fg_v1_holenbroed","Holenbroeders","binair","volledig",29,"Bergeend",-2.81965514560321,-2.66593171320387,0.153723432399333,FALSE
"fg_v1_holenbroed","Holenbroeders","binair","volledig",36,"Wilde Eend",-2.81965514560321,-2.82571157732215,-0.00605643171894821,FALSE
"fg_v1_holenbroed","Holenbroeders","binair","volledig",64,"Torenvalk",-2.81965514560321,-2.66674044703902,0.152914698564188,FALSE
"fg_v1_holenbroed","Holenbroeders","binair","volledig",122,"Holenduif",-2.81965514560321,-2.80684303984317,0.0128121057600405,FALSE
"fg_v1_holenbroed","Holenbroeders","binair","volledig",126,"Halsbandparkiet",-2.81965514560321,-2.99741053251376,-0.17775538691055,FALSE
"fg_v1_holenbroed","Holenbroeders","binair","volledig",128,"Kerkuil",-2.81965514560321,-2.8873896867186,-0.067734541115394,FALSE
"fg_v1_holenbroed","Holenbroeders","binair","volledig",131,"Bosuil",-2.81965514560321,-2.85652160277097,-0.0368664571677613,FALSE
"fg_v1_holenbroed","Holenbroeders","binair","volledig",137,"IJsvogel",-2.81965514560321,-2.89745965376801,-0.0778045081648027,FALSE
"fg_v1_holenbroed","Holenbroeders","binair","volledig",141,"Draaihals",-2.81965514560321,-2.82029493756265,-0.000639791959444747,FALSE
"fg_v1_holenbroed","Holenbroeders","binair","volledig",142,"Groene Specht",-2.81965514560321,-2.8603846634783,-0.0407295178750933,FALSE
"fg_v1_holenbroed","Holenbroeders","binair","volledig",143,"Zwarte Specht",-2.81965514560321,-2.36114379166743,0.458511353935775,FALSE
"fg_v1_holenbroed","Holenbroeders","binair","volledig",144,"Grote Bonte Specht",-2.81965514560321,-3.0447086996621,-0.225053554058896,FALSE
"fg_v1_holenbroed","Holenbroeders","binair","volledig",146,"Kleine Bonte Specht",-2.81965514560321,-3.08353594303742,-0.263880797434213,FALSE
"fg_v1_holenbroed","Holenbroeders","binair","volledig",151,"Oeverzwaluw",-2.81965514560321,-2.86453664322204,-0.0448814976188316,FALSE
"fg_v1_holenbroed","Holenbroeders","binair","volledig",162,"Witte Kwikstaart",-2.81965514560321,-2.88667100776171,-0.0670158621585037,FALSE
"fg_v1_holenbroed","Holenbroeders","binair","volledig",169,"Zwarte Roodstaart",-2.81965514560321,-2.92837268921513,-0.108717543611925,FALSE
"fg_v1_holenbroed","Holenbroeders","binair","volledig",170,"Gekraagde Roodstaart",-2.81965514560321,-2.92245528435354,-0.102800138750336,FALSE
"fg_v1_holenbroed","Holenbroeders","binair","volledig",173,"Tapuit",-2.81965514560321,-2.17580978745948,0.643845358143724,FALSE
"fg_v1_holenbroed","Holenbroeders","binair","volledig",203,"Grauwe Vliegenvanger",-2.81965514560321,-2.96024475028508,-0.140589604681873,FALSE
"fg_v1_holenbroed","Holenbroeders","binair","volledig",205,"Bonte Vliegenvanger",-2.81965514560321,-2.56980333405359,0.249851811549617,FALSE
"fg_v1_holenbroed","Holenbroeders","binair","volledig",208,"Glanskop",-2.81965514560321,-2.93426074157537,-0.114605595972161,FALSE
"fg_v1_holenbroed","Holenbroeders","binair","volledig",209,"Matkop",-2.81965514560321,-2.59686348042288,0.222791665180322,FALSE
"fg_v1_holenbroed","Holenbroeders","binair","volledig",210,"Kuifmees",-2.81965514560321,-2.79215142617273,0.0275037194304772,FALSE
"fg_v1_holenbroed","Holenbroeders","binair","volledig",212,"Zwarte Mees",-2.81965514560321,-2.84930589278938,-0.0296507471861718,FALSE
"fg_v1_holenbroed","Holenbroeders","binair","volledig",213,"Pimpelmees",-2.81965514560321,-3.00584885460131,-0.186193708998106,FALSE
"fg_v1_holenbroed","Holenbroeders","binair","volledig",214,"Koolmees",-2.81965514560321,-2.92898538926798,-0.109330243664774,FALSE
"fg_v1_holenbroed","Holenbroeders","binair","volledig",215,"Boomklever",-2.81965514560321,-2.9476140445498,-0.12795889894659,FALSE
"fg_v1_holenbroed","Holenbroeders","binair","volledig",217,"Boomkruiper",-2.81965514560321,-3.08209648386845,-0.26244133826524,FALSE
"fg_v1_holenbroed","Holenbroeders","binair","volledig",224,"Kauw",-2.81965514560321,-2.85903449201841,-0.0393793464152026,FALSE
"fg_v1_holenbroed","Holenbroeders","binair","volledig",229,"Spreeuw",-2.81965514560321,-2.82015700649376,-0.000501860890556038,FALSE
"fg_v1_holenbroed","Holenbroeders","binair","volledig",231,"Huismus",-2.81965514560321,-2.84910312948459,-0.029447983881381,FALSE
"fg_v1_holenbroed","Holenbroeders","binair","volledig",232,"Ringmus",-2.81965514560321,-2.40429647934822,0.415358666254984,FALSE
"fg_v1_lange_trek","Langeafstandstrekkers","binair","volledig",8,"Woudaap",-2.34936934722717,-2.3207146312285,0.0286547159986661,FALSE
"fg_v1_lange_trek","Langeafstandstrekkers","binair","volledig",39,"Zomertaling",-2.34936934722717,-2.38296325382804,-0.0335939066008706,FALSE
"fg_v1_lange_trek","Langeafstandstrekkers","binair","volledig",40,"Slobeend",-2.34936934722717,-2.23925851025386,0.110110836973309,FALSE
"fg_v1_lange_trek","Langeafstandstrekkers","binair","volledig",66,"Boomvalk",-2.34936934722717,-2.23160536327484,0.117763983952335,FALSE
"fg_v1_lange_trek","Langeafstandstrekkers","binair","volledig",70,"Kwartel",-2.34936934722717,-2.33715871375897,0.0122106334682015,FALSE
"fg_v1_lange_trek","Langeafstandstrekkers","binair","volledig",84,"Kleine Plevier",-2.34936934722717,-2.4051490945573,-0.0557797473301314,FALSE
"fg_v1_lange_trek","Langeafstandstrekkers","binair","volledig",93,"Watersnip",-2.34936934722717,-2.35867094116535,-0.00930159393818242,FALSE
"fg_v1_lange_trek","Langeafstandstrekkers","binair","volledig",98,"Tureluur",-2.34936934722717,-2.37056839668623,-0.0211990494590641,FALSE
"fg_v1_lange_trek","Langeafstandstrekkers","binair","volledig",116,"Visdief",-2.34936934722717,-2.314564362794,0.0348049844331677,FALSE
"fg_v1_lange_trek","Langeafstandstrekkers","binair","volledig",125,"Tortelduif",-2.34936934722717,-2.15207000504574,0.197299342181434,FALSE
"fg_v1_lange_trek","Langeafstandstrekkers","binair","volledig",127,"Koekoek",-2.34936934722717,-2.39355378675733,-0.0441844395301594,FALSE
"fg_v1_lange_trek","Langeafstandstrekkers","binair","volledig",135,"Nachtzwaluw",-2.34936934722717,-2.30640936947053,0.0429599777566403,FALSE
"fg_v1_lange_trek","Langeafstandstrekkers","binair","volledig",141,"Draaihals",-2.34936934722717,-2.35198168485546,-0.00261233762829383,FALSE
"fg_v1_lange_trek","Langeafstandstrekkers","binair","volledig",151,"Oeverzwaluw",-2.34936934722717,-2.39503195263214,-0.0456626054049725,FALSE
"fg_v1_lange_trek","Langeafstandstrekkers","binair","volledig",152,"Boerenzwaluw",-2.34936934722717,-2.36351403982031,-0.0141446925931432,FALSE
"fg_v1_lange_trek","Langeafstandstrekkers","binair","volledig",155,"Boompieper",-2.34936934722717,-2.47089294773603,-0.121523600508855,FALSE
"fg_v1_lange_trek","Langeafstandstrekkers","binair","volledig",158,"Gele Kwikstaart",-2.34936934722717,-2.33299830479275,0.0163710424344155,FALSE
"fg_v1_lange_trek","Langeafstandstrekkers","binair","volledig",167,"Nachtegaal",-2.34936934722717,-2.44654688822101,-0.0971775409938425,FALSE
"fg_v1_lange_trek","Langeafstandstrekkers","binair","volledig",168,"Blauwborst",-2.34936934722717,-2.54851816796363,-0.199148820736461,FALSE
"fg_v1_lange_trek","Langeafstandstrekkers","binair","volledig",170,"Gekraagde Roodstaart",-2.34936934722717,-2.45397796088892,-0.10460861366175,FALSE
"fg_v1_lange_trek","Langeafstandstrekkers","binair","volledig",171,"Paapje",-2.34936934722717,-1.67381273666659,0.675556610560579,FALSE
"fg_v1_lange_trek","Langeafstandstrekkers","binair","volledig",182,"Sprinkhaanrietzanger",-2.34936934722717,-2.46052519091815,-0.11115584369098,FALSE
"fg_v1_lange_trek","Langeafstandstrekkers","binair","volledig",184,"Snor",-2.34936934722717,-2.08371903859731,0.265650308629861,FALSE
"fg_v1_lange_trek","Langeafstandstrekkers","binair","volledig",186,"Rietzanger",-2.34936934722717,-2.45635910443078,-0.106989757203613,FALSE
"fg_v1_lange_trek","Langeafstandstrekkers","binair","volledig",187,"Bosrietzanger",-2.34936934722717,-2.42504368469794,-0.0756743374707658,FALSE
"fg_v1_lange_trek","Langeafstandstrekkers","binair","volledig",188,"Kleine Karekiet",-2.34936934722717,-2.51410443424296,-0.164735087015788,FALSE
"fg_v1_lange_trek","Langeafstandstrekkers","binair","volledig",189,"Grote Karekiet",-2.34936934722717,-2.34239308205741,0.0069762651697558,FALSE
"fg_v1_lange_trek","Langeafstandstrekkers","binair","volledig",190,"Spotvogel",-2.34936934722717,-2.39201966258434,-0.0426503153571733,FALSE
"fg_v1_lange_trek","Langeafstandstrekkers","binair","volledig",192,"Braamsluiper",-2.34936934722717,-2.45894673566407,-0.109577388436899,FALSE
"fg_v1_lange_trek","Langeafstandstrekkers","binair","volledig",193,"Grasmus",-2.34936934722717,-2.46349141323204,-0.114122066004874,FALSE
"fg_v1_lange_trek","Langeafstandstrekkers","binair","volledig",194,"Tuinfluiter",-2.34936934722717,-2.5627475707144,-0.213378223487226,FALSE
"fg_v1_lange_trek","Langeafstandstrekkers","binair","volledig",197,"Fluiter",-2.34936934722717,-2.29954009899985,0.0498292482273177,FALSE
"fg_v1_lange_trek","Langeafstandstrekkers","binair","volledig",200,"Fitis",-2.34936934722717,-2.40824299333073,-0.0588736461035633,FALSE
"fg_v1_lange_trek","Langeafstandstrekkers","binair","volledig",203,"Grauwe Vliegenvanger",-2.34936934722717,-2.48331829550985,-0.133948948282681,FALSE
"fg_v1_lange_trek","Langeafstandstrekkers","binair","volledig",205,"Bonte Vliegenvanger",-2.34936934722717,-2.0331279715454,0.316241375681769,FALSE
"fg_v1_lange_trek","Langeafstandstrekkers","binair","volledig",218,"Wielewaal",-2.34936934722717,-2.3378445956605,0.0115247515666717,FALSE
"fg_v1_lange_trek","Langeafstandstrekkers","binair","volledig",219,"Grauwe Klauwier",-2.34936934722717,-2.35051462071114,-0.0011452734839712,FALSE
"fg_v1_lucht","Luchtfoerageerders","binair","volledig",61,"Sperwer",-2.2619959525075,-2.55356567418147,-0.291569721673968,FALSE
"fg_v1_lucht","Luchtfoerageerders","binair","volledig",66,"Boomvalk",-2.2619959525075,-1.91692284268845,0.34507310981905,FALSE
"fg_v1_lucht","Luchtfoerageerders","binair","volledig",67,"Slechtvalk",-2.2619959525075,-2.33862290532261,-0.0766269528151065,FALSE
"fg_v1_lucht","Luchtfoerageerders","binair","volledig",135,"Nachtzwaluw",-2.2619959525075,-2.16887823998093,0.0931177125265692,FALSE
"fg_v1_lucht","Luchtfoerageerders","binair","volledig",151,"Oeverzwaluw",-2.2619959525075,-2.29436659779785,-0.0323706452903472,FALSE
"fg_v1_lucht","Luchtfoerageerders","binair","volledig",152,"Boerenzwaluw",-2.2619959525075,-2.29373377296542,-0.0317378204579222,FALSE
"fg_v1_lucht","Luchtfoerageerders","binair","volledig",169,"Zwarte Roodstaart",-2.2619959525075,-2.55221883924966,-0.290222886742164,FALSE
"fg_v1_lucht","Luchtfoerageerders","binair","volledig",197,"Fluiter",-2.2619959525075,-2.16406766051058,0.0979282919969182,FALSE
"fg_v1_lucht","Luchtfoerageerders","binair","volledig",201,"Goudhaan",-2.2619959525075,-2.73383474655952,-0.471838794052015,FALSE
"fg_v1_lucht","Luchtfoerageerders","binair","volledig",202,"Vuurgoudhaan",-2.2619959525075,-2.10200625749277,0.159989695014728,FALSE
"fg_v1_lucht","Luchtfoerageerders","binair","volledig",203,"Grauwe Vliegenvanger",-2.2619959525075,-2.71150564398304,-0.449509691475536,FALSE
"fg_v1_lucht","Luchtfoerageerders","binair","volledig",205,"Bonte Vliegenvanger",-2.2619959525075,-1.27089481320941,0.99110113929809,FALSE
"fg_v1_lucht","Luchtfoerageerders","binair","volledig",219,"Grauwe Klauwier",-2.2619959525075,-2.20611854591023,0.0558774065972711,FALSE
"fg_v1_zaad","Zaadeters","binair","volledig",21,"Grauwe Gans",-1.45717472861204,-1.59861300663996,-0.141438278027917,FALSE
"fg_v1_zaad","Zaadeters","binair","volledig",22,"Soepgans",-1.45717472861204,-1.45105672953141,0.00611799908063482,FALSE
"fg_v1_zaad","Zaadeters","binair","volledig",25,"Grote Canadese Gans",-1.45717472861204,-1.54597840609848,-0.0888036774864376,FALSE
"fg_v1_zaad","Zaadeters","binair","volledig",34,"Krakeend",-1.45717472861204,-1.49835379170379,-0.0411790630917452,FALSE
"fg_v1_zaad","Zaadeters","binair","volledig",35,"Wintertaling",-1.45717472861204,-1.39863973831197,0.0585349903000743,FALSE
"fg_v1_zaad","Zaadeters","binair","volledig",36,"Wilde Eend",-1.45717472861204,-1.44067625100686,0.0164984776051869,FALSE
"fg_v1_zaad","Zaadeters","binair","volledig",69,"Patrijs",-1.45717472861204,-1.48103849600475,-0.0238637673927067,FALSE
"fg_v1_zaad","Zaadeters","binair","volledig",70,"Kwartel",-1.45717472861204,-1.44202484359591,0.0151498850161302,FALSE
"fg_v1_zaad","Zaadeters","binair","volledig",71,"Gewone Fazant",-1.45717472861204,-1.2718521457185,0.185322582893543,FALSE
"fg_v1_zaad","Zaadeters","binair","volledig",72,"Waterral",-1.45717472861204,-1.50779332800925,-0.0506185993972119,FALSE
"fg_v1_zaad","Zaadeters","binair","volledig",77,"Waterhoen",-1.45717472861204,-1.43206548443123,0.0251092441808098,FALSE
"fg_v1_zaad","Zaadeters","binair","volledig",78,"Meerkoet",-1.45717472861204,-1.46146708961233,-0.00429236100029096,FALSE
"fg_v1_zaad","Zaadeters","binair","volledig",122,"Holenduif",-1.45717472861204,-1.41192040833059,0.0452543202814515,FALSE
"fg_v1_zaad","Zaadeters","binair","volledig",123,"Houtduif",-1.45717472861204,-1.42525575876342,0.0319189698486211,FALSE
"fg_v1_zaad","Zaadeters","binair","volledig",124,"Turkse Tortel",-1.45717472861204,-1.45846423496183,-0.00128950634978864,FALSE
"fg_v1_zaad","Zaadeters","binair","volledig",125,"Tortelduif",-1.45717472861204,-1.32558786830923,0.131586860302813,FALSE
"fg_v1_zaad","Zaadeters","binair","volledig",126,"Halsbandparkiet",-1.45717472861204,-1.53718305601901,-0.0800083274069663,FALSE
"fg_v1_zaad","Zaadeters","binair","volledig",144,"Grote Bonte Specht",-1.45717472861204,-1.57436685945737,-0.117192130845323,FALSE
"fg_v1_zaad","Zaadeters","binair","volledig",147,"Kuifleeuwerik",-1.45717472861204,-1.39694676401092,0.0602279646011228,FALSE
"fg_v1_zaad","Zaadeters","binair","volledig",150,"Veldleeuwerik",-1.45717472861204,-1.36076555248716,0.0964091761248786,FALSE
"fg_v1_zaad","Zaadeters","binair","volledig",165,"Heggenmus",-1.45717472861204,-1.48465974455968,-0.027485015947637,FALSE
"fg_v1_zaad","Zaadeters","binair","volledig",166,"Roodborst",-1.45717472861204,-1.53116730657988,-0.0739925779678408,FALSE
"fg_v1_zaad","Zaadeters","binair","volledig",169,"Zwarte Roodstaart",-1.45717472861204,-1.50214062169423,-0.0449658930821828,FALSE
"fg_v1_zaad","Zaadeters","binair","volledig",172,"Roodborsttapuit",-1.45717472861204,-1.5424751841862,-0.0853004555741554,FALSE
"fg_v1_zaad","Zaadeters","binair","volledig",179,"Grote Lijster",-1.45717472861204,-1.52368671720043,-0.0665119885883914,FALSE
"fg_v1_zaad","Zaadeters","binair","volledig",207,"Staartmees",-1.45717472861204,-1.53751722977312,-0.0803425011610792,FALSE
"fg_v1_zaad","Zaadeters","binair","volledig",208,"Glanskop",-1.45717472861204,-1.50307756821945,-0.0459028396074035,FALSE
"fg_v1_zaad","Zaadeters","binair","volledig",209,"Matkop",-1.45717472861204,-1.27349401222298,0.183680716389067,FALSE
"fg_v1_zaad","Zaadeters","binair","volledig",210,"Kuifmees",-1.45717472861204,-1.40401284159235,0.0531618870196926,FALSE
"fg_v1_zaad","Zaadeters","binair","volledig",212,"Zwarte Mees",-1.45717472861204,-1.44008875699698,0.0170859716150606,FALSE
"fg_v1_zaad","Zaadeters","binair","volledig",213,"Pimpelmees",-1.45717472861204,-1.5489438684322,-0.0917691398201526,FALSE
"fg_v1_zaad","Zaadeters","binair","volledig",214,"Koolmees",-1.45717472861204,-1.52584836263661,-0.0686736340245631,FALSE
"fg_v1_zaad","Zaadeters","binair","volledig",215,"Boomklever",-1.45717472861204,-1.50670461203201,-0.0495298834199631,FALSE
"fg_v1_zaad","Zaadeters","binair","volledig",222,"Gaai",-1.45717472861204,-1.52173590500658,-0.0645611763945397,FALSE
"fg_v1_zaad","Zaadeters","binair","volledig",223,"Ekster",-1.45717472861204,-1.47621272838627,-0.0190379997742296,FALSE
"fg_v1_zaad","Zaadeters","binair","volledig",224,"Kauw",-1.45717472861204,-1.45348202835037,0.00369270026167046,FALSE
"fg_v1_zaad","Zaadeters","binair","volledig",226,"Zwarte Kraai",-1.45717472861204,-1.51135154250528,-0.0541768138932364,FALSE
"fg_v1_zaad","Zaadeters","binair","volledig",231,"Huismus",-1.45717472861204,-1.44322662171823,0.013948106893813,FALSE
"fg_v1_zaad","Zaadeters","binair","volledig",232,"Ringmus",-1.45717472861204,-1.14822762408534,0.308947104526702,FALSE
"fg_v1_zaad","Zaadeters","binair","volledig",233,"Vink",-1.45717472861204,-1.66626787185697,-0.209093143244932,FALSE
"fg_v1_zaad","Zaadeters","binair","volledig",236,"Groenling",-1.45717472861204,-1.51447291186497,-0.0572981832529296,FALSE
"fg_v1_zaad","Zaadeters","binair","volledig",237,"Putter",-1.45717472861204,-1.56611982781566,-0.108945099203617,FALSE
"fg_v1_zaad","Zaadeters","binair","volledig",238,"Sijs",-1.45717472861204,-1.40577357974593,0.0514011488661148,FALSE
"fg_v1_zaad","Zaadeters","binair","volledig",239,"Kneu",-1.45717472861204,-1.47359141634086,-0.0164166877288152,FALSE
"fg_v1_zaad","Zaadeters","binair","volledig",240,"Barmsijs",-1.45717472861204,-1.45397591567342,0.00319881293862068,FALSE
"fg_v1_zaad","Zaadeters","binair","volledig",242,"Kleine Barmsijs",-1.45717472861204,-1.06550542948264,0.391669299129405,FALSE
"fg_v1_zaad","Zaadeters","binair","volledig",243,"Kruisbek",-1.45717472861204,-1.35079195734353,0.106382771268509,FALSE
"fg_v1_zaad","Zaadeters","binair","volledig",245,"Roodmus",-1.45717472861204,-1.4373105868633,0.0198641417487377,FALSE
"fg_v1_zaad","Zaadeters","binair","volledig",246,"Goudvink",-1.45717472861204,-1.46286188212518,-0.0056871535131342,FALSE
"fg_v1_zaad","Zaadeters","binair","volledig",248,"Appelvink",-1.45717472861204,-1.57982987760642,-0.122655148994377,FALSE
"fg_v1_zaad","Zaadeters","binair","volledig",249,"Geelgors",-1.45717472861204,-1.45799388825844,-0.000819159646392453,FALSE
"fg_v1_zaad","Zaadeters","binair","volledig",251,"Rietgors",-1.45717472861204,-1.43769194400007,0.0194827846119683,FALSE
"fg_v1_bodem_insect","Bodemfoeragerende insecteneters","binair","robuust",29,"Bergeend",-2.14012432026972,-1.94416699089783,0.195957329371887,FALSE
"fg_v1_bodem_insect","Bodemfoeragerende insecteneters","binair","robuust",44,"Kuifeend",-2.14012432026972,-2.10432283773718,0.0358014825325381,FALSE
"fg_v1_bodem_insect","Bodemfoeragerende insecteneters","binair","robuust",64,"Torenvalk",-2.14012432026972,-2.01081855286379,0.129305767405929,FALSE
"fg_v1_bodem_insect","Bodemfoeragerende insecteneters","binair","robuust",80,"Scholekster",-2.14012432026972,-1.95114494222101,0.188979378048715,FALSE
"fg_v1_bodem_insect","Bodemfoeragerende insecteneters","binair","robuust",84,"Kleine Plevier",-2.14012432026972,-2.17197150408517,-0.0318471838154477,FALSE
"fg_v1_bodem_insect","Bodemfoeragerende insecteneters","binair","robuust",88,"Kievit",-2.14012432026972,-2.14083273890747,-0.000708418637751507,FALSE
"fg_v1_bodem_insect","Bodemfoeragerende insecteneters","binair","robuust",94,"Houtsnip",-2.14012432026972,-2.11781529595162,0.0223090243181012,FALSE
"fg_v1_bodem_insect","Bodemfoeragerende insecteneters","binair","robuust",97,"Wulp",-2.14012432026972,-1.7603576869169,0.379766633352818,FALSE
"fg_v1_bodem_insect","Bodemfoeragerende insecteneters","binair","robuust",122,"Holenduif",-2.14012432026972,-2.11062617652698,0.0294981437427455,FALSE
"fg_v1_bodem_insect","Bodemfoeragerende insecteneters","binair","robuust",125,"Tortelduif",-2.14012432026972,-2.00120233966383,0.138921980605888,FALSE
"fg_v1_bodem_insect","Bodemfoeragerende insecteneters","binair","robuust",142,"Groene Specht",-2.14012432026972,-2.14818249554822,-0.0080581752785025,FALSE
"fg_v1_bodem_insect","Bodemfoeragerende insecteneters","binair","robuust",144,"Grote Bonte Specht",-2.14012432026972,-2.28803133862007,-0.147907018350346,FALSE
"fg_v1_bodem_insect","Bodemfoeragerende insecteneters","binair","robuust",147,"Kuifleeuwerik",-2.14012432026972,-2.08426826473708,0.0558560555326437,FALSE
"fg_v1_bodem_insect","Bodemfoeragerende insecteneters","binair","robuust",148,"Boomleeuwerik",-2.14012432026972,-2.29355653585777,-0.153432215588045,FALSE
"fg_v1_bodem_insect","Bodemfoeragerende insecteneters","binair","robuust",150,"Veldleeuwerik",-2.14012432026972,-2.07021103926311,0.0699132810066061,FALSE
"fg_v1_bodem_insect","Bodemfoeragerende insecteneters","binair","robuust",155,"Boompieper",-2.14012432026972,-2.21159238431651,-0.0714680640467868,FALSE
"fg_v1_bodem_insect","Bodemfoeragerende insecteneters","binair","robuust",156,"Graspieper",-2.14012432026972,-2.22357148473563,-0.0834471644659107,FALSE
"fg_v1_bodem_insect","Bodemfoeragerende insecteneters","binair","robuust",158,"Gele Kwikstaart",-2.14012432026972,-2.12436099174816,0.0157633285215564,FALSE
"fg_v1_bodem_insect","Bodemfoeragerende insecteneters","binair","robuust",162,"Witte Kwikstaart",-2.14012432026972,-2.18806277820325,-0.0479384579335274,FALSE
"fg_v1_bodem_insect","Bodemfoeragerende insecteneters","binair","robuust",165,"Heggenmus",-2.14012432026972,-2.20698532624053,-0.0668610059708086,FALSE
"fg_v1_bodem_insect","Bodemfoeragerende insecteneters","binair","robuust",166,"Roodborst",-2.14012432026972,-2.22436458850666,-0.0842402682369348,FALSE
"fg_v1_bodem_insect","Bodemfoeragerende insecteneters","binair","robuust",167,"Nachtegaal",-2.14012432026972,-2.20214362406072,-0.0620193037909944,FALSE
"fg_v1_bodem_insect","Bodemfoeragerende insecteneters","binair","robuust",170,"Gekraagde Roodstaart",-2.14012432026972,-2.19771373006259,-0.0575894097928686,FALSE
"fg_v1_bodem_insect","Bodemfoeragerende insecteneters","binair","robuust",171,"Paapje",-2.14012432026972,-1.68148945682783,0.458634863441887,FALSE
"fg_v1_bodem_insect","Bodemfoeragerende insecteneters","binair","robuust",172,"Roodborsttapuit",-2.14012432026972,-2.25763589277921,-0.117511572509488,FALSE
"fg_v1_bodem_insect","Bodemfoeragerende insecteneters","binair","robuust",173,"Tapuit",-2.14012432026972,-1.65793608699348,0.482188233276237,FALSE
"fg_v1_bodem_insect","Bodemfoeragerende insecteneters","binair","robuust",175,"Merel",-2.14012432026972,-2.2150345038954,-0.074910183625676,FALSE
"fg_v1_bodem_insect","Bodemfoeragerende insecteneters","binair","robuust",177,"Zanglijster",-2.14012432026972,-2.262197009968,-0.122072689698283,FALSE
"fg_v1_bodem_insect","Bodemfoeragerende insecteneters","binair","robuust",179,"Grote Lijster",-2.14012432026972,-2.22763930895504,-0.0875149886853221,FALSE
"fg_v1_bodem_insect","Bodemfoeragerende insecteneters","binair","robuust",182,"Sprinkhaanrietzanger",-2.14012432026972,-2.21133899366761,-0.0712146733978902,FALSE
"fg_v1_bodem_insect","Bodemfoeragerende insecteneters","binair","robuust",190,"Spotvogel",-2.14012432026972,-2.16164641668658,-0.0215220964168594,FALSE
"fg_v1_bodem_insect","Bodemfoeragerende insecteneters","binair","robuust",194,"Tuinfluiter",-2.14012432026972,-2.27331626435275,-0.133191944083033,FALSE
"fg_v1_bodem_insect","Bodemfoeragerende insecteneters","binair","robuust",195,"Zwartkop",-2.14012432026972,-2.26841581286603,-0.128291492596311,FALSE
"fg_v1_bodem_insect","Bodemfoeragerende insecteneters","binair","robuust",198,"Tjiftjaf",-2.14012432026972,-2.33079743176073,-0.190673111491013,FALSE
"fg_v1_bodem_insect","Bodemfoeragerende insecteneters","binair","robuust",200,"Fitis",-2.14012432026972,-2.17933902145433,-0.0392147011846089,FALSE
"fg_v1_bodem_insect","Bodemfoeragerende insecteneters","binair","robuust",207,"Staartmees",-2.14012432026972,-2.23604023174172,-0.0959159114719998,FALSE
"fg_v1_bodem_insect","Bodemfoeragerende insecteneters","binair","robuust",219,"Grauwe Klauwier",-2.14012432026972,-2.12738048518947,0.0127438350802533,FALSE
"fg_v1_bodem_insect","Bodemfoeragerende insecteneters","binair","robuust",223,"Ekster",-2.14012432026972,-2.15563658874588,-0.0155122684761588,FALSE
"fg_v1_bodem_insect","Bodemfoeragerende insecteneters","binair","robuust",224,"Kauw",-2.14012432026972,-2.15644717620147,-0.0163228559317496,FALSE
"fg_v1_bodem_insect","Bodemfoeragerende insecteneters","binair","robuust",231,"Huismus",-2.14012432026972,-2.14303709817377,-0.00291277790405164,FALSE
"fg_v1_bodem_insect","Bodemfoeragerende insecteneters","binair","robuust",233,"Vink",-2.14012432026972,-2.38865598466282,-0.248531664393103,FALSE
"fg_v1_bodem_insect","Bodemfoeragerende insecteneters","binair","robuust",239,"Kneu",-2.14012432026972,-2.15528179369309,-0.0151574734233662,FALSE
"fg_v1_bodem_insect","Bodemfoeragerende insecteneters","binair","robuust",251,"Rietgors",-2.14012432026972,-2.15478079463418,-0.0146564743644606,FALSE
"fg_v1_grondbroed","Grondbroeders","binair","robuust",1,"Dodaars",-3.15802113366282,-3.28445079356038,-0.126429659897553,FALSE
"fg_v1_grondbroed","Grondbroeders","binair","robuust",2,"Fuut",-3.15802113366282,-3.26629369362947,-0.108272559966649,FALSE
"fg_v1_grondbroed","Grondbroeders","binair","robuust",4,"Geoorde Fuut",-3.15802113366282,-3.17507129439121,-0.0170501607283824,FALSE
"fg_v1_grondbroed","Grondbroeders","binair","robuust",17,"Knobbelzwaan",-3.15802113366282,-3.22374691395534,-0.0657257802925137,FALSE
"fg_v1_grondbroed","Grondbroeders","binair","robuust",29,"Bergeend",-3.15802113366282,-2.9709873023393,0.187033831323524,FALSE
"fg_v1_grondbroed","Grondbroeders","binair","robuust",34,"Krakeend",-3.15802113366282,-3.25197861825195,-0.0939574845891245,FALSE
"fg_v1_grondbroed","Grondbroeders","binair","robuust",35,"Wintertaling",-3.15802113366282,-3.12762126612759,0.0303998675352357,FALSE
"fg_v1_grondbroed","Grondbroeders","binair","robuust",36,"Wilde Eend",-3.15802113366282,-3.17817612979098,-0.0201549961281522,FALSE
"fg_v1_grondbroed","Grondbroeders","binair","robuust",39,"Zomertaling",-3.15802113366282,-3.17459209260936,-0.0165709589465379,FALSE
"fg_v1_grondbroed","Grondbroeders","binair","robuust",40,"Slobeend",-3.15802113366282,-3.09039252241083,0.0676286112519908,FALSE
"fg_v1_grondbroed","Grondbroeders","binair","robuust",42,"Tafeleend",-3.15802113366282,-3.23696391308554,-0.0789427794227193,FALSE
"fg_v1_grondbroed","Grondbroeders","binair","robuust",44,"Kuifeend",-3.15802113366282,-3.15802978076234,-8.64709951420295e-06,FALSE
"fg_v1_grondbroed","Grondbroeders","binair","robuust",77,"Waterhoen",-3.15802113366282,-3.18151596553252,-0.023494831869697,FALSE
"fg_v1_grondbroed","Grondbroeders","binair","robuust",78,"Meerkoet",-3.15802113366282,-3.22681119988224,-0.0687900662194152,FALSE
"fg_v1_grondbroed","Grondbroeders","binair","robuust",80,"Scholekster",-3.15802113366282,-2.97967817633017,0.178342957332656,FALSE
"fg_v1_grondbroed","Grondbroeders","binair","robuust",84,"Kleine Plevier",-3.15802113366282,-3.21458699362072,-0.0565658599578911,FALSE
"fg_v1_grondbroed","Grondbroeders","binair","robuust",88,"Kievit",-3.15802113366282,-3.18580607873108,-0.0277849450682544,FALSE
"fg_v1_grondbroed","Grondbroeders","binair","robuust",94,"Houtsnip",-3.15802113366282,-3.15884561365947,-0.000824479996641703,FALSE
"fg_v1_grondbroed","Grondbroeders","binair","robuust",97,"Wulp",-3.15802113366282,-2.77346763789021,0.38455349577261,FALSE
"fg_v1_grondbroed","Grondbroeders","binair","robuust",98,"Tureluur",-3.15802113366282,-3.18027164260768,-0.0222505089448544,FALSE
"fg_v1_grondbroed","Grondbroeders","binair","robuust",107,"Kleine Mantelmeeuw",-3.15802113366282,-2.77367664170058,0.384344491962241,FALSE
"fg_v1_grondbroed","Grondbroeders","binair","robuust",108,"Zilvermeeuw",-3.15802113366282,-2.64301166402988,0.515009469632943,FALSE
"fg_v1_grondbroed","Grondbroeders","binair","robuust",132,"Ransuil",-3.15802113366282,-3.1614721740324,-0.00345104036957311,FALSE
"fg_v1_grondbroed","Grondbroeders","binair","robuust",147,"Kuifleeuwerik",-3.15802113366282,-3.11163084469046,0.0463902889723644,FALSE
"fg_v1_grondbroed","Grondbroeders","binair","robuust",148,"Boomleeuwerik",-3.15802113366282,-3.34987332759694,-0.191852193934117,FALSE
"fg_v1_grondbroed","Grondbroeders","binair","robuust",150,"Veldleeuwerik",-3.15802113366282,-3.11391711631632,0.0441040173465024,FALSE
"fg_v1_grondbroed","Grondbroeders","binair","robuust",155,"Boompieper",-3.15802113366282,-3.26459578978378,-0.10657465612095,FALSE
"fg_v1_grondbroed","Grondbroeders","binair","robuust",156,"Graspieper",-3.15802113366282,-3.27231766564245,-0.11429653197963,FALSE
"fg_v1_grondbroed","Grondbroeders","binair","robuust",158,"Gele Kwikstaart",-3.15802113366282,-3.15202177668151,0.00599935698131215,FALSE
"fg_v1_grondbroed","Grondbroeders","binair","robuust",166,"Roodborst",-3.15802113366282,-3.27488541205528,-0.116864278392459,FALSE
"fg_v1_grondbroed","Grondbroeders","binair","robuust",167,"Nachtegaal",-3.15802113366282,-3.25440069391726,-0.0963795602544337,FALSE
"fg_v1_grondbroed","Grondbroeders","binair","robuust",170,"Gekraagde Roodstaart",-3.15802113366282,-3.24862706738508,-0.0906059337222542,FALSE
"fg_v1_grondbroed","Grondbroeders","binair","robuust",171,"Paapje",-3.15802113366282,-2.6885697493266,0.469451384336228,FALSE
"fg_v1_grondbroed","Grondbroeders","binair","robuust",172,"Roodborsttapuit",-3.15802113366282,-3.31505360715355,-0.157032473490726,FALSE
"fg_v1_grondbroed","Grondbroeders","binair","robuust",175,"Merel",-3.15802113366282,-3.27018820175115,-0.11216706808832,FALSE
"fg_v1_grondbroed","Grondbroeders","binair","robuust",182,"Sprinkhaanrietzanger",-3.15802113366282,-3.26533638653099,-0.107315252868168,FALSE
"fg_v1_grondbroed","Grondbroeders","binair","robuust",186,"Rietzanger",-3.15802113366282,-3.26884537075718,-0.110824237094354,FALSE
"fg_v1_grondbroed","Grondbroeders","binair","robuust",198,"Tjiftjaf",-3.15802113366282,-3.38912593776343,-0.231104804100601,FALSE
"fg_v1_grondbroed","Grondbroeders","binair","robuust",200,"Fitis",-3.15802113366282,-3.23072779732285,-0.0727066636600271,FALSE
"fg_v1_grondbroed","Grondbroeders","binair","robuust",212,"Zwarte Mees",-3.15802113366282,-3.17961956294934,-0.0215984292865179,FALSE
"fg_v1_grondbroed","Grondbroeders","binair","robuust",251,"Rietgors",-3.15802113366282,-3.20585766065452,-0.0478365269916958,FALSE
"fg_v1_holenbroed","Holenbroeders","binair","robuust",27,"Nijlgans",-2.67637743266332,-2.75007677735649,-0.0736993446931677,FALSE
"fg_v1_holenbroed","Holenbroeders","binair","robuust",29,"Bergeend",-2.67637743266332,-2.47783101399858,0.198546418664747,FALSE
"fg_v1_holenbroed","Holenbroeders","binair","robuust",36,"Wilde Eend",-2.67637743266332,-2.6770032652366,-0.000625832573275531,FALSE
"fg_v1_holenbroed","Holenbroeders","binair","robuust",64,"Torenvalk",-2.67637743266332,-2.49885951303791,0.177517919625414,FALSE
"fg_v1_holenbroed","Holenbroeders","binair","robuust",122,"Holenduif",-2.67637743266332,-2.65722371597956,0.0191537166837619,FALSE
"fg_v1_holenbroed","Holenbroeders","binair","robuust",131,"Bosuil",-2.67637743266332,-2.71340863037444,-0.0370311977111126,FALSE
"fg_v1_holenbroed","Holenbroeders","binair","robuust",142,"Groene Specht",-2.67637743266332,-2.71493805695021,-0.0385606242868874,FALSE
"fg_v1_holenbroed","Holenbroeders","binair","robuust",144,"Grote Bonte Specht",-2.67637743266332,-2.9249551825442,-0.248577749880874,FALSE
"fg_v1_holenbroed","Holenbroeders","binair","robuust",146,"Kleine Bonte Specht",-2.67637743266332,-2.96931587603341,-0.292938443370083,FALSE
"fg_v1_holenbroed","Holenbroeders","binair","robuust",151,"Oeverzwaluw",-2.67637743266332,-2.72792852607422,-0.0515510934108954,FALSE
"fg_v1_holenbroed","Holenbroeders","binair","robuust",162,"Witte Kwikstaart",-2.67637743266332,-2.75086474408167,-0.0744873114183475,FALSE
"fg_v1_holenbroed","Holenbroeders","binair","robuust",169,"Zwarte Roodstaart",-2.67637743266332,-2.7947809520563,-0.118403519392973,FALSE
"fg_v1_holenbroed","Holenbroeders","binair","robuust",170,"Gekraagde Roodstaart",-2.67637743266332,-2.78613184979336,-0.109754417130037,FALSE
"fg_v1_holenbroed","Holenbroeders","binair","robuust",173,"Tapuit",-2.67637743266332,-1.94717817767311,0.729199254990209,FALSE
"fg_v1_holenbroed","Holenbroeders","binair","robuust",203,"Grauwe Vliegenvanger",-2.67637743266332,-2.82880656248335,-0.152429129820031,FALSE
"fg_v1_holenbroed","Holenbroeders","binair","robuust",205,"Bonte Vliegenvanger",-2.67637743266332,-2.38784468158861,0.28853275107471,FALSE
"fg_v1_holenbroed","Holenbroeders","binair","robuust",208,"Glanskop",-2.67637743266332,-2.7992418330144,-0.122864400351075,FALSE
"fg_v1_holenbroed","Holenbroeders","binair","robuust",209,"Matkop",-2.67637743266332,-2.41692329864676,0.259454134016568,FALSE
"fg_v1_holenbroed","Holenbroeders","binair","robuust",210,"Kuifmees",-2.67637743266332,-2.6363299708339,0.0400474618294289,FALSE
"fg_v1_holenbroed","Holenbroeders","binair","robuust",212,"Zwarte Mees",-2.67637743266332,-2.70388354028853,-0.0275061076252081,FALSE
"fg_v1_holenbroed","Holenbroeders","binair","robuust",213,"Pimpelmees",-2.67637743266332,-2.87820451523354,-0.201827082570216,FALSE
"fg_v1_holenbroed","Holenbroeders","binair","robuust",214,"Koolmees",-2.67637743266332,-2.80792820678628,-0.131550774122957,FALSE
"fg_v1_holenbroed","Holenbroeders","binair","robuust",215,"Boomklever",-2.67637743266332,-2.8152978759269,-0.138920443263579,FALSE
"fg_v1_holenbroed","Holenbroeders","binair","robuust",217,"Boomkruiper",-2.67637743266332,-2.96768723061261,-0.291309797949291,FALSE
"fg_v1_holenbroed","Holenbroeders","binair","robuust",224,"Kauw",-2.67637743266332,-2.71795552970937,-0.0415780970460466,FALSE
"fg_v1_holenbroed","Holenbroeders","binair","robuust",229,"Spreeuw",-2.67637743266332,-2.67381856326562,0.00255886939770633,FALSE
"fg_v1_holenbroed","Holenbroeders","binair","robuust",231,"Huismus",-2.67637743266332,-2.70429946222592,-0.0279220295625993,FALSE
"fg_v1_holenbroed","Holenbroeders","binair","robuust",232,"Ringmus",-2.67637743266332,-2.20281066074072,0.473566771922607,FALSE
"fg_v1_lange_trek","Langeafstandstrekkers","binair","robuust",39,"Zomertaling",-2.08850868006956,-2.11715098688986,-0.0286423068203034,FALSE
"fg_v1_lange_trek","Langeafstandstrekkers","binair","robuust",40,"Slobeend",-2.08850868006956,-1.93314578842932,0.155362891640232,FALSE
"fg_v1_lange_trek","Langeafstandstrekkers","binair","robuust",66,"Boomvalk",-2.08850868006956,-1.92667048849158,0.161838191577979,FALSE
"fg_v1_lange_trek","Langeafstandstrekkers","binair","robuust",84,"Kleine Plevier",-2.08850868006956,-2.13891130346305,-0.0504026233934973,FALSE
"fg_v1_lange_trek","Langeafstandstrekkers","binair","robuust",98,"Tureluur",-2.08850868006956,-2.10537953566675,-0.0168708555971953,FALSE
"fg_v1_lange_trek","Langeafstandstrekkers","binair","robuust",125,"Tortelduif",-2.08850868006956,-1.83030396751221,0.258204712557342,FALSE
"fg_v1_lange_trek","Langeafstandstrekkers","binair","robuust",127,"Koekoek",-2.08850868006956,-2.13117055379599,-0.042661873726435,FALSE
"fg_v1_lange_trek","Langeafstandstrekkers","binair","robuust",151,"Oeverzwaluw",-2.08850868006956,-2.13880255309145,-0.0502938730218894,FALSE
"fg_v1_lange_trek","Langeafstandstrekkers","binair","robuust",155,"Boompieper",-2.08850868006956,-2.22318721251515,-0.134678532445598,FALSE
"fg_v1_lange_trek","Langeafstandstrekkers","binair","robuust",158,"Gele Kwikstaart",-2.08850868006956,-2.05799639456948,0.0305122855000728,FALSE
"fg_v1_lange_trek","Langeafstandstrekkers","binair","robuust",167,"Nachtegaal",-2.08850868006956,-2.20254305687433,-0.114034376804772,FALSE
"fg_v1_lange_trek","Langeafstandstrekkers","binair","robuust",170,"Gekraagde Roodstaart",-2.08850868006956,-2.19816757641906,-0.109658896349507,FALSE
"fg_v1_lange_trek","Langeafstandstrekkers","binair","robuust",171,"Paapje",-2.08850868006956,-1.23500873526858,0.853499944800973,FALSE
"fg_v1_lange_trek","Langeafstandstrekkers","binair","robuust",182,"Sprinkhaanrietzanger",-2.08850868006956,-2.22096269058579,-0.132454010516236,FALSE
"fg_v1_lange_trek","Langeafstandstrekkers","binair","robuust",186,"Rietzanger",-2.08850868006956,-2.22338177309214,-0.134873093022581,FALSE
"fg_v1_lange_trek","Langeafstandstrekkers","binair","robuust",187,"Bosrietzanger",-2.08850868006956,-2.1770271594998,-0.088518479430244,FALSE
"fg_v1_lange_trek","Langeafstandstrekkers","binair","robuust",188,"Kleine Karekiet",-2.08850868006956,-2.29909135370165,-0.210582673632098,FALSE
"fg_v1_lange_trek","Langeafstandstrekkers","binair","robuust",190,"Spotvogel",-2.08850868006956,-2.12199279344002,-0.0334841133704633,FALSE
"fg_v1_lange_trek","Langeafstandstrekkers","binair","robuust",192,"Braamsluiper",-2.08850868006956,-2.24048483952494,-0.15197615945538,FALSE
"fg_v1_lange_trek","Langeafstandstrekkers","binair","robuust",193,"Grasmus",-2.08850868006956,-2.21781861195979,-0.129309931890231,FALSE
"fg_v1_lange_trek","Langeafstandstrekkers","binair","robuust",194,"Tuinfluiter",-2.08850868006956,-2.33450760134533,-0.24599892127577,FALSE
"fg_v1_lange_trek","Langeafstandstrekkers","binair","robuust",200,"Fitis",-2.08850868006956,-2.16017544770892,-0.0716667676393667,FALSE
"fg_v1_lange_trek","Langeafstandstrekkers","binair","robuust",203,"Grauwe Vliegenvanger",-2.08850868006956,-2.23616620969656,-0.147657529626999,FALSE
"fg_v1_lange_trek","Langeafstandstrekkers","binair","robuust",205,"Bonte Vliegenvanger",-2.08850868006956,-1.68759906411544,0.400909615954115,FALSE
"fg_v1_lange_trek","Langeafstandstrekkers","binair","robuust",218,"Wielewaal",-2.08850868006956,-2.05949893270446,0.0290097473650941,FALSE
"fg_v1_lange_trek","Langeafstandstrekkers","binair","robuust",219,"Grauwe Klauwier",-2.08850868006956,-2.07759028423852,0.0109183958310388,FALSE
"fg_v1_lucht","Luchtfoerageerders","binair","robuust",66,"Boomvalk",-3.2093562191897,-2.57431969636689,0.635036522822807,FALSE
"fg_v1_lucht","Luchtfoerageerders","binair","robuust",151,"Oeverzwaluw",-3.2093562191897,-3.49849297869036,-0.289136759500663,FALSE
"fg_v1_lucht","Luchtfoerageerders","binair","robuust",169,"Zwarte Roodstaart",-3.2093562191897,-4.2328603988599,-1.0235041796702,FALSE
"fg_v1_lucht","Luchtfoerageerders","binair","robuust",203,"Grauwe Vliegenvanger",-3.2093562191897,-4.4801785022112,-1.2708222830215,FALSE
"fg_v1_lucht","Luchtfoerageerders","binair","robuust",205,"Bonte Vliegenvanger",-3.2093562191897,-1.10275312641241,2.10660309277728,FALSE
"fg_v1_lucht","Luchtfoerageerders","binair","robuust",219,"Grauwe Klauwier",-3.2093562191897,-3.22349067494133,-0.0141344557516354,FALSE
"fg_v1_zaad","Zaadeters","binair","robuust",34,"Krakeend",-1.06365636303326,-1.10539112741705,-0.041734764383794,FALSE
"fg_v1_zaad","Zaadeters","binair","robuust",35,"Wintertaling",-1.06365636303326,-0.986538726458952,0.0771176365743087,FALSE
"fg_v1_zaad","Zaadeters","binair","robuust",36,"Wilde Eend",-1.06365636303326,-1.02729888802756,0.0363574750056994,FALSE
"fg_v1_zaad","Zaadeters","binair","robuust",72,"Waterral",-1.06365636303326,-1.11423961287997,-0.050583249846714,FALSE
"fg_v1_zaad","Zaadeters","binair","robuust",77,"Waterhoen",-1.06365636303326,-1.02395102556994,0.0397053374633249,FALSE
"fg_v1_zaad","Zaadeters","binair","robuust",78,"Meerkoet",-1.06365636303326,-1.06719964126394,-0.00354327823067768,FALSE
"fg_v1_zaad","Zaadeters","binair","robuust",122,"Holenduif",-1.06365636303326,-0.995305950436964,0.0683504125962964,FALSE
"fg_v1_zaad","Zaadeters","binair","robuust",123,"Houtduif",-1.06365636303326,-1.0242195836061,0.03943677942716,FALSE
"fg_v1_zaad","Zaadeters","binair","robuust",124,"Turkse Tortel",-1.06365636303326,-1.05163562808143,0.0120207349518342,FALSE
"fg_v1_zaad","Zaadeters","binair","robuust",125,"Tortelduif",-1.06365636303326,-0.885307347896336,0.178349015136925,FALSE
"fg_v1_zaad","Zaadeters","binair","robuust",144,"Grote Bonte Specht",-1.06365636303326,-1.19814623872829,-0.134489875695032,FALSE
"fg_v1_zaad","Zaadeters","binair","robuust",147,"Kuifleeuwerik",-1.06365636303326,-0.97941916156532,0.0842372014679404,FALSE
"fg_v1_zaad","Zaadeters","binair","robuust",150,"Veldleeuwerik",-1.06365636303326,-0.945573165000613,0.118083198032648,FALSE
"fg_v1_zaad","Zaadeters","binair","robuust",165,"Heggenmus",-1.06365636303326,-1.10140643382246,-0.0377500707891998,FALSE
"fg_v1_zaad","Zaadeters","binair","robuust",166,"Roodborst",-1.06365636303326,-1.13762735005225,-0.0739709870189897,FALSE
"fg_v1_zaad","Zaadeters","binair","robuust",169,"Zwarte Roodstaart",-1.06365636303326,-1.10772857134069,-0.044072208307433,FALSE
"fg_v1_zaad","Zaadeters","binair","robuust",172,"Roodborsttapuit",-1.06365636303326,-1.16238621438463,-0.0987298513513646,FALSE
"fg_v1_zaad","Zaadeters","binair","robuust",179,"Grote Lijster",-1.06365636303326,-1.13300508048167,-0.0693487174484142,FALSE
"fg_v1_zaad","Zaadeters","binair","robuust",207,"Staartmees",-1.06365636303326,-1.14983629818836,-0.0861799351550951,FALSE
"fg_v1_zaad","Zaadeters","binair","robuust",208,"Glanskop",-1.06365636303326,-1.10776761012295,-0.0441112470896843,FALSE
"fg_v1_zaad","Zaadeters","binair","robuust",209,"Matkop",-1.06365636303326,-0.819816818654151,0.24383954437911,FALSE
"fg_v1_zaad","Zaadeters","binair","robuust",210,"Kuifmees",-1.06365636303326,-0.98074666826995,0.0829096947633112,FALSE
"fg_v1_zaad","Zaadeters","binair","robuust",212,"Zwarte Mees",-1.06365636303326,-1.03060785192927,0.0330485111039946,FALSE
"fg_v1_zaad","Zaadeters","binair","robuust",213,"Pimpelmees",-1.06365636303326,-1.16310041857421,-0.0994440555409537,FALSE
"fg_v1_zaad","Zaadeters","binair","robuust",214,"Koolmees",-1.06365636303326,-1.1473779432718,-0.0837215802385383,FALSE
"fg_v1_zaad","Zaadeters","binair","robuust",215,"Boomklever",-1.06365636303326,-1.11324351127338,-0.0495871482401156,FALSE
"fg_v1_zaad","Zaadeters","binair","robuust",222,"Gaai",-1.06365636303326,-1.13209728265439,-0.0684409196211266,FALSE
"fg_v1_zaad","Zaadeters","binair","robuust",223,"Ekster",-1.06365636303326,-1.06536761375081,-0.00171125071755096,FALSE
"fg_v1_zaad","Zaadeters","binair","robuust",224,"Kauw",-1.06365636303326,-1.05138453783715,0.0122718251961085,FALSE
"fg_v1_zaad","Zaadeters","binair","robuust",226,"Zwarte Kraai",-1.06365636303326,-1.11968050990165,-0.0560241468683942,FALSE
"fg_v1_zaad","Zaadeters","binair","robuust",231,"Huismus",-1.06365636303326,-1.03422933161879,0.0294270314144751,FALSE
"fg_v1_zaad","Zaadeters","binair","robuust",232,"Ringmus",-1.06365636303326,-0.667524052315349,0.396132310717912,FALSE
"fg_v1_zaad","Zaadeters","binair","robuust",233,"Vink",-1.06365636303326,-1.31169987957473,-0.248043516541474,FALSE
"fg_v1_zaad","Zaadeters","binair","robuust",236,"Groenling",-1.06365636303326,-1.12134683300067,-0.0576904699674086,FALSE
"fg_v1_zaad","Zaadeters","binair","robuust",237,"Putter",-1.06365636303326,-1.18719406787473,-0.12353770484147,FALSE
"fg_v1_zaad","Zaadeters","binair","robuust",239,"Kneu",-1.06365636303326,-1.0636319920942,2.43709390557179e-05,FALSE
"fg_v1_zaad","Zaadeters","binair","robuust",246,"Goudvink",-1.06365636303326,-1.06164435901047,0.00201200402278889,FALSE
"fg_v1_zaad","Zaadeters","binair","robuust",251,"Rietgors",-1.06365636303326,-1.04196017618695,0.0216961868463095,FALSE
"fg_v1_bodem_insect","Bodemfoeragerende insecteneters","gewogen","volledig",8,"Woudaap",-2.66577509205874,-2.64690704267562,0.018868049383125,FALSE
"fg_v1_bodem_insect","Bodemfoeragerende insecteneters","gewogen","volledig",11,"Blauwe Reiger",-2.66577509205874,-2.59728067135901,0.0684944206997273,FALSE
"fg_v1_bodem_insect","Bodemfoeragerende insecteneters","gewogen","volledig",29,"Bergeend",-2.66577509205874,-2.5646981745702,0.101076917488541,FALSE
"fg_v1_bodem_insect","Bodemfoeragerende insecteneters","gewogen","volledig",37,"Soepeend",-2.66577509205874,-2.70494808952961,-0.039172997470871,FALSE
"fg_v1_bodem_insect","Bodemfoeragerende insecteneters","gewogen","volledig",44,"Kuifeend",-2.66577509205874,-2.63752512912014,0.0282499629385979,FALSE
"fg_v1_bodem_insect","Bodemfoeragerende insecteneters","gewogen","volledig",64,"Torenvalk",-2.66577509205874,-2.59722401801884,0.068551074039902,FALSE
"fg_v1_bodem_insect","Bodemfoeragerende insecteneters","gewogen","volledig",69,"Patrijs",-2.66577509205874,-2.67839257434711,-0.0126174822883685,FALSE
"fg_v1_bodem_insect","Bodemfoeragerende insecteneters","gewogen","volledig",70,"Kwartel",-2.66577509205874,-2.66302557129894,0.00274952075980384,FALSE
"fg_v1_bodem_insect","Bodemfoeragerende insecteneters","gewogen","volledig",80,"Scholekster",-2.66577509205874,-2.56599129560561,0.0997837964531345,FALSE
"fg_v1_bodem_insect","Bodemfoeragerende insecteneters","gewogen","volledig",84,"Kleine Plevier",-2.66577509205874,-2.71996042422691,-0.0541853321681662,FALSE
"fg_v1_bodem_insect","Bodemfoeragerende insecteneters","gewogen","volledig",88,"Kievit",-2.66577509205874,-2.68977723934604,-0.0240021472872942,FALSE
"fg_v1_bodem_insect","Bodemfoeragerende insecteneters","gewogen","volledig",93,"Watersnip",-2.66577509205874,-2.67604622876176,-0.0102711367030217,FALSE
"fg_v1_bodem_insect","Bodemfoeragerende insecteneters","gewogen","volledig",94,"Houtsnip",-2.66577509205874,-2.65492331113687,0.0108517809218722,FALSE
"fg_v1_bodem_insect","Bodemfoeragerende insecteneters","gewogen","volledig",97,"Wulp",-2.66577509205874,-2.45319248140455,0.212582610654188,FALSE
"fg_v1_bodem_insect","Bodemfoeragerende insecteneters","gewogen","volledig",105,"Kokmeeuw",-2.66577509205874,-2.6381381658876,0.0276369261711373,FALSE
"fg_v1_bodem_insect","Bodemfoeragerende insecteneters","gewogen","volledig",122,"Holenduif",-2.66577509205874,-2.65586603713152,0.00990905492722627,FALSE
"fg_v1_bodem_insect","Bodemfoeragerende insecteneters","gewogen","volledig",125,"Tortelduif",-2.66577509205874,-2.59212254810016,0.07365254395858,FALSE
"fg_v1_bodem_insect","Bodemfoeragerende insecteneters","gewogen","volledig",141,"Draaihals",-2.66577509205874,-2.66728531926643,-0.00151022720769056,FALSE
"fg_v1_bodem_insect","Bodemfoeragerende insecteneters","gewogen","volledig",142,"Groene Specht",-2.66577509205874,-2.67895383864174,-0.013178746582998,FALSE
"fg_v1_bodem_insect","Bodemfoeragerende insecteneters","gewogen","volledig",143,"Zwarte Specht",-2.66577509205874,-2.24714533551421,0.418629756544531,FALSE
"fg_v1_bodem_insect","Bodemfoeragerende insecteneters","gewogen","volledig",144,"Grote Bonte Specht",-2.66577509205874,-2.7603636318297,-0.0945885397709567,FALSE
"fg_v1_bodem_insect","Bodemfoeragerende insecteneters","gewogen","volledig",147,"Kuifleeuwerik",-2.66577509205874,-2.61032522166212,0.0554498703966178,FALSE
"fg_v1_bodem_insect","Bodemfoeragerende insecteneters","gewogen","volledig",148,"Boomleeuwerik",-2.66577509205874,-2.87115518334485,-0.205380091286111,FALSE
"fg_v1_bodem_insect","Bodemfoeragerende insecteneters","gewogen","volledig",150,"Veldleeuwerik",-2.66577509205874,-2.62749498279434,0.0382801092643992,FALSE
"fg_v1_bodem_insect","Bodemfoeragerende insecteneters","gewogen","volledig",155,"Boompieper",-2.66577509205874,-2.71604668888358,-0.0502715968248357,FALSE
"fg_v1_bodem_insect","Bodemfoeragerende insecteneters","gewogen","volledig",156,"Graspieper",-2.66577509205874,-2.72696787409993,-0.0611927820411862,FALSE
"fg_v1_bodem_insect","Bodemfoeragerende insecteneters","gewogen","volledig",158,"Gele Kwikstaart",-2.66577509205874,-2.6560211864277,0.00975390563103806,FALSE
"fg_v1_bodem_insect","Bodemfoeragerende insecteneters","gewogen","volledig",162,"Witte Kwikstaart",-2.66577509205874,-2.73811493375198,-0.0723398416932364,FALSE
"fg_v1_bodem_insect","Bodemfoeragerende insecteneters","gewogen","volledig",165,"Heggenmus",-2.66577509205874,-2.74986582205827,-0.0840907299995308,FALSE
"fg_v1_bodem_insect","Bodemfoeragerende insecteneters","gewogen","volledig",166,"Roodborst",-2.66577509205874,-2.72509921931838,-0.0593241272596412,FALSE
"fg_v1_bodem_insect","Bodemfoeragerende insecteneters","gewogen","volledig",167,"Nachtegaal",-2.66577509205874,-2.70840388032185,-0.0426287882631105,FALSE
"fg_v1_bodem_insect","Bodemfoeragerende insecteneters","gewogen","volledig",168,"Blauwborst",-2.66577509205874,-2.83990742126012,-0.174132329201382,FALSE
"fg_v1_bodem_insect","Bodemfoeragerende insecteneters","gewogen","volledig",170,"Gekraagde Roodstaart",-2.66577509205874,-2.75287379855927,-0.0870987065005324,FALSE
"fg_v1_bodem_insect","Bodemfoeragerende insecteneters","gewogen","volledig",171,"Paapje",-2.66577509205874,-2.13363135728482,0.532143734773927,FALSE
"fg_v1_bodem_insect","Bodemfoeragerende insecteneters","gewogen","volledig",172,"Roodborsttapuit",-2.66577509205874,-2.8191482990566,-0.153373206997853,FALSE
"fg_v1_bodem_insect","Bodemfoeragerende insecteneters","gewogen","volledig",173,"Tapuit",-2.66577509205874,-2.10164148778292,0.564133604275818,FALSE
"fg_v1_bodem_insect","Bodemfoeragerende insecteneters","gewogen","volledig",175,"Merel",-2.66577509205874,-2.71323493209914,-0.047459840040398,FALSE
"fg_v1_bodem_insect","Bodemfoeragerende insecteneters","gewogen","volledig",176,"Kramsvogel",-2.66577509205874,-2.62838330909341,0.0373917829653347,FALSE
"fg_v1_bodem_insect","Bodemfoeragerende insecteneters","gewogen","volledig",177,"Zanglijster",-2.66577509205874,-2.74840450606977,-0.0826294140110262,FALSE
"fg_v1_bodem_insect","Bodemfoeragerende insecteneters","gewogen","volledig",179,"Grote Lijster",-2.66577509205874,-2.72536021089331,-0.0595851188345708,FALSE
"fg_v1_bodem_insect","Bodemfoeragerende insecteneters","gewogen","volledig",180,"Cetti's Zanger",-2.66577509205874,-2.74663920055777,-0.0808641084990236,FALSE
"fg_v1_bodem_insect","Bodemfoeragerende insecteneters","gewogen","volledig",182,"Sprinkhaanrietzanger",-2.66577509205874,-2.76223808579961,-0.0964629937408645,FALSE
"fg_v1_bodem_insect","Bodemfoeragerende insecteneters","gewogen","volledig",184,"Snor",-2.66577509205874,-2.47017237386666,0.195602718192078,FALSE
"fg_v1_bodem_insect","Bodemfoeragerende insecteneters","gewogen","volledig",189,"Grote Karekiet",-2.66577509205874,-2.66300333907205,0.00277175298669663,FALSE
"fg_v1_bodem_insect","Bodemfoeragerende insecteneters","gewogen","volledig",190,"Spotvogel",-2.66577509205874,-2.68733505366412,-0.0215599616053774,FALSE
"fg_v1_bodem_insect","Bodemfoeragerende insecteneters","gewogen","volledig",194,"Tuinfluiter",-2.66577509205874,-2.75295793345097,-0.0871828413922304,FALSE
"fg_v1_bodem_insect","Bodemfoeragerende insecteneters","gewogen","volledig",195,"Zwartkop",-2.66577509205874,-2.75165221831709,-0.0858771262583491,FALSE
"fg_v1_bodem_insect","Bodemfoeragerende insecteneters","gewogen","volledig",198,"Tjiftjaf",-2.66577509205874,-2.90752938878716,-0.241754296728414,FALSE
"fg_v1_bodem_insect","Bodemfoeragerende insecteneters","gewogen","volledig",200,"Fitis",-2.66577509205874,-2.72213073050286,-0.0563556384441166,FALSE
"fg_v1_bodem_insect","Bodemfoeragerende insecteneters","gewogen","volledig",207,"Staartmees",-2.66577509205874,-2.79775823289319,-0.131983140834446,FALSE
"fg_v1_bodem_insect","Bodemfoeragerende insecteneters","gewogen","volledig",219,"Grauwe Klauwier",-2.66577509205874,-2.66299825702813,0.00277683503061565,FALSE
"fg_v1_bodem_insect","Bodemfoeragerende insecteneters","gewogen","volledig",223,"Ekster",-2.66577509205874,-2.68608525813163,-0.0203101660728899,FALSE
"fg_v1_bodem_insect","Bodemfoeragerende insecteneters","gewogen","volledig",224,"Kauw",-2.66577509205874,-2.68117749619233,-0.015402404133591,FALSE
"fg_v1_bodem_insect","Bodemfoeragerende insecteneters","gewogen","volledig",231,"Huismus",-2.66577509205874,-2.68484846802775,-0.0190733759690032,FALSE
"fg_v1_bodem_insect","Bodemfoeragerende insecteneters","gewogen","volledig",233,"Vink",-2.66577509205874,-2.8202431851883,-0.154468093129556,FALSE
"fg_v1_bodem_insect","Bodemfoeragerende insecteneters","gewogen","volledig",239,"Kneu",-2.66577509205874,-2.68540437281007,-0.0196292807513321,FALSE
"fg_v1_bodem_insect","Bodemfoeragerende insecteneters","gewogen","volledig",240,"Barmsijs",-2.66577509205874,-2.66272256718303,0.00305252487571295,FALSE
"fg_v1_bodem_insect","Bodemfoeragerende insecteneters","gewogen","volledig",248,"Appelvink",-2.66577509205874,-2.76526846413612,-0.099493372077375,FALSE
"fg_v1_bodem_insect","Bodemfoeragerende insecteneters","gewogen","volledig",249,"Geelgors",-2.66577509205874,-2.66541093690695,0.000364155151788559,FALSE
"fg_v1_bodem_insect","Bodemfoeragerende insecteneters","gewogen","volledig",251,"Rietgors",-2.66577509205874,-2.67697780107335,-0.0112027090146127,FALSE
"fg_v1_grondbroed","Grondbroeders","gewogen","volledig",1,"Dodaars",-2.63963274628747,-2.73519125477971,-0.0955585084922439,FALSE
"fg_v1_grondbroed","Grondbroeders","gewogen","volledig",2,"Fuut",-2.63963274628747,-2.70363870532029,-0.0640059590328201,FALSE
"fg_v1_grondbroed","Grondbroeders","gewogen","volledig",4,"Geoorde Fuut",-2.63963274628747,-2.64044989394993,-0.00081714766245744,FALSE
"fg_v1_grondbroed","Grondbroeders","gewogen","volledig",5,"Aalscholver",-2.63963274628747,-2.76923157499324,-0.129598828705768,FALSE
"fg_v1_grondbroed","Grondbroeders","gewogen","volledig",7,"Roerdomp",-2.63963274628747,-2.7370354557901,-0.0974027095026364,FALSE
"fg_v1_grondbroed","Grondbroeders","gewogen","volledig",17,"Knobbelzwaan",-2.63963274628747,-2.68202755110099,-0.042394804813517,FALSE
"fg_v1_grondbroed","Grondbroeders","gewogen","volledig",21,"Grauwe Gans",-2.63963274628747,-2.79723295036768,-0.15760020408021,FALSE
"fg_v1_grondbroed","Grondbroeders","gewogen","volledig",22,"Soepgans",-2.63963274628747,-2.65319913559562,-0.0135663893081506,FALSE
"fg_v1_grondbroed","Grondbroeders","gewogen","volledig",25,"Grote Canadese Gans",-2.63963274628747,-2.74627425481682,-0.106641508529348,FALSE
"fg_v1_grondbroed","Grondbroeders","gewogen","volledig",29,"Bergeend",-2.63963274628747,-2.56915480676032,0.0704779395271471,FALSE
"fg_v1_grondbroed","Grondbroeders","gewogen","volledig",34,"Krakeend",-2.63963274628747,-2.70263889679971,-0.0630061505122459,FALSE
"fg_v1_grondbroed","Grondbroeders","gewogen","volledig",35,"Wintertaling",-2.63963274628747,-2.60891102484537,0.0307217214420952,FALSE
"fg_v1_grondbroed","Grondbroeders","gewogen","volledig",36,"Wilde Eend",-2.63963274628747,-2.65230851949372,-0.0126757732062499,FALSE
"fg_v1_grondbroed","Grondbroeders","gewogen","volledig",37,"Soepeend",-2.63963274628747,-2.69011914966136,-0.050486403373895,FALSE
"fg_v1_grondbroed","Grondbroeders","gewogen","volledig",39,"Zomertaling",-2.63963274628747,-2.65910530063427,-0.0194725543468,FALSE
"fg_v1_grondbroed","Grondbroeders","gewogen","volledig",40,"Slobeend",-2.63963274628747,-2.58014672626208,0.0594860200253899,FALSE
"fg_v1_grondbroed","Grondbroeders","gewogen","volledig",41,"Krooneend",-2.63963274628747,-2.79447207796358,-0.154839331676115,FALSE
"fg_v1_grondbroed","Grondbroeders","gewogen","volledig",42,"Tafeleend",-2.63963274628747,-2.69756770107852,-0.0579349547910502,FALSE
"fg_v1_grondbroed","Grondbroeders","gewogen","volledig",44,"Kuifeend",-2.63963274628747,-2.59104978138882,0.0485829648986469,FALSE
"fg_v1_grondbroed","Grondbroeders","gewogen","volledig",69,"Patrijs",-2.63963274628747,-2.66374349590789,-0.0241107496204207,FALSE
"fg_v1_grondbroed","Grondbroeders","gewogen","volledig",70,"Kwartel",-2.63963274628747,-2.63327232988322,0.00636041640424967,FALSE
"fg_v1_grondbroed","Grondbroeders","gewogen","volledig",71,"Gewone Fazant",-2.63963274628747,-2.4823734038858,0.157259342401672,FALSE
"fg_v1_grondbroed","Grondbroeders","gewogen","volledig",77,"Waterhoen",-2.63963274628747,-2.64733379227303,-0.0077010459855642,FALSE
"fg_v1_grondbroed","Grondbroeders","gewogen","volledig",78,"Meerkoet",-2.63963274628747,-2.67713078264813,-0.0374980363606614,FALSE
"fg_v1_grondbroed","Grondbroeders","gewogen","volledig",80,"Scholekster",-2.63963274628747,-2.49693533089929,0.142697415388182,FALSE
"fg_v1_grondbroed","Grondbroeders","gewogen","volledig",84,"Kleine Plevier",-2.63963274628747,-2.67540926830525,-0.035776522017783,FALSE
"fg_v1_grondbroed","Grondbroeders","gewogen","volledig",88,"Kievit",-2.63963274628747,-2.65124732543299,-0.0116145791455247,FALSE
"fg_v1_grondbroed","Grondbroeders","gewogen","volledig",93,"Watersnip",-2.63963274628747,-2.64643693807964,-0.00680419179217573,FALSE
"fg_v1_grondbroed","Grondbroeders","gewogen","volledig",94,"Houtsnip",-2.63963274628747,-2.63113989100598,0.00849285528148336,FALSE
"fg_v1_grondbroed","Grondbroeders","gewogen","volledig",97,"Wulp",-2.63963274628747,-2.330545841763,0.309086904524469,FALSE
"fg_v1_grondbroed","Grondbroeders","gewogen","volledig",98,"Tureluur",-2.63963274628747,-2.65397180915087,-0.0143390628633999,FALSE
"fg_v1_grondbroed","Grondbroeders","gewogen","volledig",105,"Kokmeeuw",-2.63963274628747,-2.61996506028109,0.0196676860063749,FALSE
"fg_v1_grondbroed","Grondbroeders","gewogen","volledig",107,"Kleine Mantelmeeuw",-2.63963274628747,-2.30129399670375,0.338338749583722,FALSE
"fg_v1_grondbroed","Grondbroeders","gewogen","volledig",108,"Zilvermeeuw",-2.63963274628747,-2.21184843639887,0.427784309888601,FALSE
"fg_v1_grondbroed","Grondbroeders","gewogen","volledig",116,"Visdief",-2.63963274628747,-2.61796169364591,0.0216710526415587,FALSE
"fg_v1_grondbroed","Grondbroeders","gewogen","volledig",132,"Ransuil",-2.63963274628747,-2.6369503996905,0.00268234659697164,FALSE
"fg_v1_grondbroed","Grondbroeders","gewogen","volledig",135,"Nachtzwaluw",-2.63963274628747,-2.61858075331967,0.0210519929678021,FALSE
"fg_v1_grondbroed","Grondbroeders","gewogen","volledig",147,"Kuifleeuwerik",-2.63963274628747,-2.59635356423099,0.0432791820564771,FALSE
"fg_v1_grondbroed","Grondbroeders","gewogen","volledig",148,"Boomleeuwerik",-2.63963274628747,-2.79372235675405,-0.154089610466579,FALSE
"fg_v1_grondbroed","Grondbroeders","gewogen","volledig",150,"Veldleeuwerik",-2.63963274628747,-2.58187961812479,0.0577531281626742,FALSE
"fg_v1_grondbroed","Grondbroeders","gewogen","volledig",155,"Boompieper",-2.63963274628747,-2.71787296264469,-0.0782402163572171,FALSE
"fg_v1_grondbroed","Grondbroeders","gewogen","volledig",156,"Graspieper",-2.63963274628747,-2.73433752938744,-0.0947047830999748,FALSE
"fg_v1_grondbroed","Grondbroeders","gewogen","volledig",158,"Gele Kwikstaart",-2.63963274628747,-2.63072768056162,0.00890506572585048,FALSE
"fg_v1_grondbroed","Grondbroeders","gewogen","volledig",166,"Roodborst",-2.63963274628747,-2.68458532747405,-0.0449525811865858,FALSE
"fg_v1_grondbroed","Grondbroeders","gewogen","volledig",167,"Nachtegaal",-2.63963274628747,-2.70429725673026,-0.0646645104427912,FALSE
"fg_v1_grondbroed","Grondbroeders","gewogen","volledig",168,"Blauwborst",-2.63963274628747,-2.75936882542671,-0.119736079139243,FALSE
"fg_v1_grondbroed","Grondbroeders","gewogen","volledig",170,"Gekraagde Roodstaart",-2.63963274628747,-2.67318076633356,-0.0335480200460925,FALSE
"fg_v1_grondbroed","Grondbroeders","gewogen","volledig",171,"Paapje",-2.63963274628747,-2.25434923032781,0.385283515959656,FALSE
"fg_v1_grondbroed","Grondbroeders","gewogen","volledig",172,"Roodborsttapuit",-2.63963274628747,-2.75475580756326,-0.11512306127579,FALSE
"fg_v1_grondbroed","Grondbroeders","gewogen","volledig",175,"Merel",-2.63963274628747,-2.67443683906328,-0.0348040927758086,FALSE
"fg_v1_grondbroed","Grondbroeders","gewogen","volledig",182,"Sprinkhaanrietzanger",-2.63963274628747,-2.71244269874354,-0.0728099524560766,FALSE
"fg_v1_grondbroed","Grondbroeders","gewogen","volledig",184,"Snor",-2.63963274628747,-2.48954244878472,0.150090297502747,FALSE
"fg_v1_grondbroed","Grondbroeders","gewogen","volledig",186,"Rietzanger",-2.63963274628747,-2.7094899863031,-0.0698572400156361,FALSE
"fg_v1_grondbroed","Grondbroeders","gewogen","volledig",197,"Fluiter",-2.63963274628747,-2.61434319081385,0.0252895554736177,FALSE
"fg_v1_grondbroed","Grondbroeders","gewogen","volledig",198,"Tjiftjaf",-2.63963274628747,-2.81483479151252,-0.175202045225054,FALSE
"fg_v1_grondbroed","Grondbroeders","gewogen","volledig",200,"Fitis",-2.63963274628747,-2.68189330371985,-0.0422605574323831,FALSE
"fg_v1_grondbroed","Grondbroeders","gewogen","volledig",212,"Zwarte Mees",-2.63963274628747,-2.64566837389631,-0.0060356276088469,FALSE
"fg_v1_grondbroed","Grondbroeders","gewogen","volledig",249,"Geelgors",-2.63963274628747,-2.64136447238595,-0.00173172609848615,FALSE
"fg_v1_grondbroed","Grondbroeders","gewogen","volledig",251,"Rietgors",-2.63963274628747,-2.65611373361574,-0.0164809873282712,FALSE
"fg_v1_holenbroed","Holenbroeders","gewogen","volledig",27,"Nijlgans",-2.81965514560321,-2.89013039298924,-0.070475247386037,FALSE
"fg_v1_holenbroed","Holenbroeders","gewogen","volledig",29,"Bergeend",-2.81965514560321,-2.66593171320387,0.153723432399333,FALSE
"fg_v1_holenbroed","Holenbroeders","gewogen","volledig",36,"Wilde Eend",-2.81965514560321,-2.82571157732215,-0.00605643171894821,FALSE
"fg_v1_holenbroed","Holenbroeders","gewogen","volledig",64,"Torenvalk",-2.81965514560321,-2.66674044703902,0.152914698564188,FALSE
"fg_v1_holenbroed","Holenbroeders","gewogen","volledig",122,"Holenduif",-2.81965514560321,-2.80684303984317,0.0128121057600405,FALSE
"fg_v1_holenbroed","Holenbroeders","gewogen","volledig",126,"Halsbandparkiet",-2.81965514560321,-2.99741053251376,-0.17775538691055,FALSE
"fg_v1_holenbroed","Holenbroeders","gewogen","volledig",128,"Kerkuil",-2.81965514560321,-2.8873896867186,-0.067734541115394,FALSE
"fg_v1_holenbroed","Holenbroeders","gewogen","volledig",131,"Bosuil",-2.81965514560321,-2.85652160277097,-0.0368664571677613,FALSE
"fg_v1_holenbroed","Holenbroeders","gewogen","volledig",137,"IJsvogel",-2.81965514560321,-2.89745965376801,-0.0778045081648027,FALSE
"fg_v1_holenbroed","Holenbroeders","gewogen","volledig",141,"Draaihals",-2.81965514560321,-2.82029493756265,-0.000639791959444747,FALSE
"fg_v1_holenbroed","Holenbroeders","gewogen","volledig",142,"Groene Specht",-2.81965514560321,-2.8603846634783,-0.0407295178750933,FALSE
"fg_v1_holenbroed","Holenbroeders","gewogen","volledig",143,"Zwarte Specht",-2.81965514560321,-2.36114379166743,0.458511353935775,FALSE
"fg_v1_holenbroed","Holenbroeders","gewogen","volledig",144,"Grote Bonte Specht",-2.81965514560321,-3.0447086996621,-0.225053554058896,FALSE
"fg_v1_holenbroed","Holenbroeders","gewogen","volledig",146,"Kleine Bonte Specht",-2.81965514560321,-3.08353594303742,-0.263880797434213,FALSE
"fg_v1_holenbroed","Holenbroeders","gewogen","volledig",151,"Oeverzwaluw",-2.81965514560321,-2.86453664322204,-0.0448814976188316,FALSE
"fg_v1_holenbroed","Holenbroeders","gewogen","volledig",162,"Witte Kwikstaart",-2.81965514560321,-2.88667100776171,-0.0670158621585037,FALSE
"fg_v1_holenbroed","Holenbroeders","gewogen","volledig",169,"Zwarte Roodstaart",-2.81965514560321,-2.92837268921513,-0.108717543611925,FALSE
"fg_v1_holenbroed","Holenbroeders","gewogen","volledig",170,"Gekraagde Roodstaart",-2.81965514560321,-2.92245528435354,-0.102800138750336,FALSE
"fg_v1_holenbroed","Holenbroeders","gewogen","volledig",173,"Tapuit",-2.81965514560321,-2.17580978745948,0.643845358143724,FALSE
"fg_v1_holenbroed","Holenbroeders","gewogen","volledig",203,"Grauwe Vliegenvanger",-2.81965514560321,-2.96024475028508,-0.140589604681873,FALSE
"fg_v1_holenbroed","Holenbroeders","gewogen","volledig",205,"Bonte Vliegenvanger",-2.81965514560321,-2.56980333405359,0.249851811549617,FALSE
"fg_v1_holenbroed","Holenbroeders","gewogen","volledig",208,"Glanskop",-2.81965514560321,-2.93426074157537,-0.114605595972161,FALSE
"fg_v1_holenbroed","Holenbroeders","gewogen","volledig",209,"Matkop",-2.81965514560321,-2.59686348042288,0.222791665180322,FALSE
"fg_v1_holenbroed","Holenbroeders","gewogen","volledig",210,"Kuifmees",-2.81965514560321,-2.79215142617273,0.0275037194304772,FALSE
"fg_v1_holenbroed","Holenbroeders","gewogen","volledig",212,"Zwarte Mees",-2.81965514560321,-2.84930589278938,-0.0296507471861718,FALSE
"fg_v1_holenbroed","Holenbroeders","gewogen","volledig",213,"Pimpelmees",-2.81965514560321,-3.00584885460131,-0.186193708998106,FALSE
"fg_v1_holenbroed","Holenbroeders","gewogen","volledig",214,"Koolmees",-2.81965514560321,-2.92898538926798,-0.109330243664774,FALSE
"fg_v1_holenbroed","Holenbroeders","gewogen","volledig",215,"Boomklever",-2.81965514560321,-2.9476140445498,-0.12795889894659,FALSE
"fg_v1_holenbroed","Holenbroeders","gewogen","volledig",217,"Boomkruiper",-2.81965514560321,-3.08209648386845,-0.26244133826524,FALSE
"fg_v1_holenbroed","Holenbroeders","gewogen","volledig",224,"Kauw",-2.81965514560321,-2.85903449201841,-0.0393793464152026,FALSE
"fg_v1_holenbroed","Holenbroeders","gewogen","volledig",229,"Spreeuw",-2.81965514560321,-2.82015700649376,-0.000501860890556038,FALSE
"fg_v1_holenbroed","Holenbroeders","gewogen","volledig",231,"Huismus",-2.81965514560321,-2.84910312948459,-0.029447983881381,FALSE
"fg_v1_holenbroed","Holenbroeders","gewogen","volledig",232,"Ringmus",-2.81965514560321,-2.40429647934822,0.415358666254984,FALSE
"fg_v1_lange_trek","Langeafstandstrekkers","gewogen","volledig",8,"Woudaap",-2.30976704983668,-2.27920411331729,0.0305629365193849,FALSE
"fg_v1_lange_trek","Langeafstandstrekkers","gewogen","volledig",39,"Zomertaling",-2.30976704983668,-2.3446844700917,-0.0349174202550206,FALSE
"fg_v1_lange_trek","Langeafstandstrekkers","gewogen","volledig",40,"Slobeend",-2.30976704983668,-2.25342257809418,0.0563444717424977,FALSE
"fg_v1_lange_trek","Langeafstandstrekkers","gewogen","volledig",66,"Boomvalk",-2.30976704983668,-2.18682660821656,0.122940441620112,FALSE
"fg_v1_lange_trek","Langeafstandstrekkers","gewogen","volledig",70,"Kwartel",-2.30976704983668,-2.29599452541556,0.0137725244211184,FALSE
"fg_v1_lange_trek","Langeafstandstrekkers","gewogen","volledig",84,"Kleine Plevier",-2.30976704983668,-2.36527651057823,-0.055509460741554,FALSE
"fg_v1_lange_trek","Langeafstandstrekkers","gewogen","volledig",93,"Watersnip",-2.30976704983668,-2.31458134912971,-0.00481429929303223,FALSE
"fg_v1_lange_trek","Langeafstandstrekkers","gewogen","volledig",98,"Tureluur",-2.30976704983668,-2.32033182024945,-0.0105647704127798,FALSE
"fg_v1_lange_trek","Langeafstandstrekkers","gewogen","volledig",116,"Visdief",-2.30976704983668,-2.27267056039621,0.0370964894404691,FALSE
"fg_v1_lange_trek","Langeafstandstrekkers","gewogen","volledig",125,"Tortelduif",-2.30976704983668,-2.10631493073012,0.203452119106551,FALSE
"fg_v1_lange_trek","Langeafstandstrekkers","gewogen","volledig",127,"Koekoek",-2.30976704983668,-2.35401466870055,-0.0442476188638796,FALSE
"fg_v1_lange_trek","Langeafstandstrekkers","gewogen","volledig",135,"Nachtzwaluw",-2.30976704983668,-2.26356402598814,0.0462030238485345,FALSE
"fg_v1_lange_trek","Langeafstandstrekkers","gewogen","volledig",141,"Draaihals",-2.30976704983668,-2.31259066912437,-0.00282361928769514,FALSE
"fg_v1_lange_trek","Langeafstandstrekkers","gewogen","volledig",151,"Oeverzwaluw",-2.30976704983668,-2.35610918251433,-0.046342132677657,FALSE
"fg_v1_lange_trek","Langeafstandstrekkers","gewogen","volledig",152,"Boerenzwaluw",-2.30976704983668,-2.324830079199,-0.0150630293623277,FALSE
"fg_v1_lange_trek","Langeafstandstrekkers","gewogen","volledig",155,"Boompieper",-2.30976704983668,-2.43404488124636,-0.12427783140968,FALSE
"fg_v1_lange_trek","Langeafstandstrekkers","gewogen","volledig",158,"Gele Kwikstaart",-2.30976704983668,-2.29201295287109,0.0177540969655832,FALSE
"fg_v1_lange_trek","Langeafstandstrekkers","gewogen","volledig",167,"Nachtegaal",-2.30976704983668,-2.40870613021522,-0.0989390803785462,FALSE
"fg_v1_lange_trek","Langeafstandstrekkers","gewogen","volledig",168,"Blauwborst",-2.30976704983668,-2.51246135413337,-0.202694304296691,FALSE
"fg_v1_lange_trek","Langeafstandstrekkers","gewogen","volledig",170,"Gekraagde Roodstaart",-2.30976704983668,-2.41684013103632,-0.107073081199649,FALSE
"fg_v1_lange_trek","Langeafstandstrekkers","gewogen","volledig",171,"Paapje",-2.30976704983668,-1.61315956975578,0.696607480080891,FALSE
"fg_v1_lange_trek","Langeafstandstrekkers","gewogen","volledig",182,"Sprinkhaanrietzanger",-2.30976704983668,-2.42268621922896,-0.112919169392289,FALSE
"fg_v1_lange_trek","Langeafstandstrekkers","gewogen","volledig",184,"Snor",-2.30976704983668,-2.0340012209842,0.27576582885247,FALSE
"fg_v1_lange_trek","Langeafstandstrekkers","gewogen","volledig",186,"Rietzanger",-2.30976704983668,-2.41831980008024,-0.108552750243562,FALSE
"fg_v1_lange_trek","Langeafstandstrekkers","gewogen","volledig",187,"Bosrietzanger",-2.30976704983668,-2.38654184463153,-0.0767747947948538,FALSE
"fg_v1_lange_trek","Langeafstandstrekkers","gewogen","volledig",188,"Kleine Karekiet",-2.30976704983668,-2.47780035305244,-0.168033303215764,FALSE
"fg_v1_lange_trek","Langeafstandstrekkers","gewogen","volledig",189,"Grote Karekiet",-2.30976704983668,-2.30236767698105,0.00739937285562098,FALSE
"fg_v1_lange_trek","Langeafstandstrekkers","gewogen","volledig",190,"Spotvogel",-2.30976704983668,-2.35191137993503,-0.0421443300983593,FALSE
"fg_v1_lange_trek","Langeafstandstrekkers","gewogen","volledig",192,"Braamsluiper",-2.30976704983668,-2.42024267816853,-0.110475628331852,FALSE
"fg_v1_lange_trek","Langeafstandstrekkers","gewogen","volledig",193,"Grasmus",-2.30976704983668,-2.42569286021902,-0.115925810382345,FALSE
"fg_v1_lange_trek","Langeafstandstrekkers","gewogen","volledig",194,"Tuinfluiter",-2.30976704983668,-2.52879408251845,-0.219027032681773,FALSE
"fg_v1_lange_trek","Langeafstandstrekkers","gewogen","volledig",197,"Fluiter",-2.30976704983668,-2.25616453469087,0.0536025151458008,FALSE
"fg_v1_lange_trek","Langeafstandstrekkers","gewogen","volledig",200,"Fitis",-2.30976704983668,-2.3690357848297,-0.0592687349930232,FALSE
"fg_v1_lange_trek","Langeafstandstrekkers","gewogen","volledig",203,"Grauwe Vliegenvanger",-2.30976704983668,-2.44593592934393,-0.136168879507259,FALSE
"fg_v1_lange_trek","Langeafstandstrekkers","gewogen","volledig",205,"Bonte Vliegenvanger",-2.30976704983668,-1.98293116785351,0.326835881983167,FALSE
"fg_v1_lange_trek","Langeafstandstrekkers","gewogen","volledig",218,"Wielewaal",-2.30976704983668,-2.29633433422826,0.0134327156084191,FALSE
"fg_v1_lange_trek","Langeafstandstrekkers","gewogen","volledig",219,"Grauwe Klauwier",-2.30976704983668,-2.31050052265329,-0.000733472816616398,FALSE
"fg_v1_lucht","Luchtfoerageerders","gewogen","volledig",61,"Sperwer",-2.78992968001502,-3.03344967606127,-0.243519996046249,FALSE
"fg_v1_lucht","Luchtfoerageerders","gewogen","volledig",66,"Boomvalk",-2.78992968001502,-2.3669347939649,0.422994886050121,FALSE
"fg_v1_lucht","Luchtfoerageerders","gewogen","volledig",67,"Slechtvalk",-2.78992968001502,-2.86182562796599,-0.0718959479509618,FALSE
"fg_v1_lucht","Luchtfoerageerders","gewogen","volledig",135,"Nachtzwaluw",-2.78992968001502,-2.72385301901797,0.0660766609970498,FALSE
"fg_v1_lucht","Luchtfoerageerders","gewogen","volledig",151,"Oeverzwaluw",-2.78992968001502,-2.90302585035653,-0.113096170341509,FALSE
"fg_v1_lucht","Luchtfoerageerders","gewogen","volledig",152,"Boerenzwaluw",-2.78992968001502,-2.82793897514604,-0.038009295131014,FALSE
"fg_v1_lucht","Luchtfoerageerders","gewogen","volledig",169,"Zwarte Roodstaart",-2.78992968001502,-3.0362563790826,-0.246326699067578,FALSE
"fg_v1_lucht","Luchtfoerageerders","gewogen","volledig",197,"Fluiter",-2.78992968001502,-2.77098728321838,0.0189423967966396,FALSE
"fg_v1_lucht","Luchtfoerageerders","gewogen","volledig",201,"Goudhaan",-2.78992968001502,-3.1543739952983,-0.364444315283274,FALSE
"fg_v1_lucht","Luchtfoerageerders","gewogen","volledig",202,"Vuurgoudhaan",-2.78992968001502,-2.71819055916813,0.071739120846892,FALSE
"fg_v1_lucht","Luchtfoerageerders","gewogen","volledig",203,"Grauwe Vliegenvanger",-2.78992968001502,-3.53308564635983,-0.743155966344811,FALSE
"fg_v1_lucht","Luchtfoerageerders","gewogen","volledig",205,"Bonte Vliegenvanger",-2.78992968001502,-1.41984678947797,1.37008289053705,FALSE
"fg_v1_lucht","Luchtfoerageerders","gewogen","volledig",219,"Grauwe Klauwier",-2.78992968001502,-2.75830509738869,0.0316245826263328,FALSE
"fg_v1_zaad","Zaadeters","gewogen","volledig",21,"Grauwe Gans",-1.83491310973727,-1.93356911361355,-0.0986560038762851,FALSE
"fg_v1_zaad","Zaadeters","gewogen","volledig",22,"Soepgans",-1.83491310973727,-1.83567705856541,-0.000763948828141903,FALSE
"fg_v1_zaad","Zaadeters","gewogen","volledig",25,"Grote Canadese Gans",-1.83491310973727,-1.89872631185832,-0.0638132021210547,FALSE
"fg_v1_zaad","Zaadeters","gewogen","volledig",34,"Krakeend",-1.83491310973727,-1.86798775131931,-0.0330746415820427,FALSE
"fg_v1_zaad","Zaadeters","gewogen","volledig",35,"Wintertaling",-1.83491310973727,-1.79885586355557,0.0360572461816977,FALSE
"fg_v1_zaad","Zaadeters","gewogen","volledig",36,"Wilde Eend",-1.83491310973727,-1.83033336222663,0.00457974751063572,FALSE
"fg_v1_zaad","Zaadeters","gewogen","volledig",69,"Patrijs",-1.83491310973727,-1.8680201637039,-0.03310705396663,FALSE
"fg_v1_zaad","Zaadeters","gewogen","volledig",70,"Kwartel",-1.83491310973727,-1.81824473779335,0.0166683719439176,FALSE
"fg_v1_zaad","Zaadeters","gewogen","volledig",71,"Gewone Fazant",-1.83491310973727,-1.59685206570448,0.238061044032789,FALSE
"fg_v1_zaad","Zaadeters","gewogen","volledig",72,"Waterral",-1.83491310973727,-1.87449320587099,-0.0395800961337178,FALSE
"fg_v1_zaad","Zaadeters","gewogen","volledig",77,"Waterhoen",-1.83491310973727,-1.82323373462383,0.0116793751134381,FALSE
"fg_v1_zaad","Zaadeters","gewogen","volledig",78,"Meerkoet",-1.83491310973727,-1.84139741116699,-0.00648430142972112,FALSE
"fg_v1_zaad","Zaadeters","gewogen","volledig",122,"Holenduif",-1.83491310973727,-1.78516451312997,0.0497485966073019,FALSE
"fg_v1_zaad","Zaadeters","gewogen","volledig",123,"Houtduif",-1.83491310973727,-1.7986258757839,0.0362872339533693,FALSE
"fg_v1_zaad","Zaadeters","gewogen","volledig",124,"Turkse Tortel",-1.83491310973727,-1.84858870283712,-0.0136755930998489,FALSE
"fg_v1_zaad","Zaadeters","gewogen","volledig",125,"Tortelduif",-1.83491310973727,-1.67322053701152,0.161692572725747,FALSE
"fg_v1_zaad","Zaadeters","gewogen","volledig",126,"Halsbandparkiet",-1.83491310973727,-1.95252246814154,-0.117609358404269,FALSE
"fg_v1_zaad","Zaadeters","gewogen","volledig",144,"Grote Bonte Specht",-1.83491310973727,-2.0034476538184,-0.168534544081134,FALSE
"fg_v1_zaad","Zaadeters","gewogen","volledig",147,"Kuifleeuwerik",-1.83491310973727,-1.79886917735811,0.0360439323791595,FALSE
"fg_v1_zaad","Zaadeters","gewogen","volledig",150,"Veldleeuwerik",-1.83491310973727,-1.71069627729687,0.124216832440394,FALSE
"fg_v1_zaad","Zaadeters","gewogen","volledig",165,"Heggenmus",-1.83491310973727,-1.85589639366416,-0.0209832839268898,FALSE
"fg_v1_zaad","Zaadeters","gewogen","volledig",166,"Roodborst",-1.83491310973727,-1.89128183785816,-0.0563687281208924,FALSE
"fg_v1_zaad","Zaadeters","gewogen","volledig",169,"Zwarte Roodstaart",-1.83491310973727,-1.87018502728512,-0.0352719175478522,FALSE
"fg_v1_zaad","Zaadeters","gewogen","volledig",172,"Roodborsttapuit",-1.83491310973727,-1.89566209358855,-0.0607489838512776,FALSE
"fg_v1_zaad","Zaadeters","gewogen","volledig",179,"Grote Lijster",-1.83491310973727,-1.88438550976354,-0.0494724000262736,FALSE
"fg_v1_zaad","Zaadeters","gewogen","volledig",207,"Staartmees",-1.83491310973727,-1.8949620840233,-0.0600489742860311,FALSE
"fg_v1_zaad","Zaadeters","gewogen","volledig",208,"Glanskop",-1.83491310973727,-1.87171390459777,-0.0368007948605031,FALSE
"fg_v1_zaad","Zaadeters","gewogen","volledig",209,"Matkop",-1.83491310973727,-1.71963640581445,0.115276703922818,FALSE
"fg_v1_zaad","Zaadeters","gewogen","volledig",210,"Kuifmees",-1.83491310973727,-1.805757586972,0.0291555227652673,FALSE
"fg_v1_zaad","Zaadeters","gewogen","volledig",212,"Zwarte Mees",-1.83491310973727,-1.82303961523393,0.0118734945033339,FALSE
"fg_v1_zaad","Zaadeters","gewogen","volledig",213,"Pimpelmees",-1.83491310973727,-1.90243889651819,-0.0675257867809198,FALSE
"fg_v1_zaad","Zaadeters","gewogen","volledig",214,"Koolmees",-1.83491310973727,-1.88422274815385,-0.0493096384165836,FALSE
"fg_v1_zaad","Zaadeters","gewogen","volledig",215,"Boomklever",-1.83491310973727,-1.91223464533377,-0.0773215355964973,FALSE
"fg_v1_zaad","Zaadeters","gewogen","volledig",222,"Gaai",-1.83491310973727,-1.9345671463418,-0.0996540366045351,FALSE
"fg_v1_zaad","Zaadeters","gewogen","volledig",223,"Ekster",-1.83491310973727,-1.85603350312952,-0.0211203933922488,FALSE
"fg_v1_zaad","Zaadeters","gewogen","volledig",224,"Kauw",-1.83491310973727,-1.83791374590528,-0.00300063616801571,FALSE
"fg_v1_zaad","Zaadeters","gewogen","volledig",226,"Zwarte Kraai",-1.83491310973727,-1.87671455167786,-0.0418014419405921,FALSE
"fg_v1_zaad","Zaadeters","gewogen","volledig",231,"Huismus",-1.83491310973727,-1.82772137646532,0.00719173327194955,FALSE
"fg_v1_zaad","Zaadeters","gewogen","volledig",232,"Ringmus",-1.83491310973727,-1.43269064372834,0.402222466008928,FALSE
"fg_v1_zaad","Zaadeters","gewogen","volledig",233,"Vink",-1.83491310973727,-2.12666127801248,-0.291748168275208,FALSE
"fg_v1_zaad","Zaadeters","gewogen","volledig",236,"Groenling",-1.83491310973727,-1.92528620979316,-0.090373100055896,FALSE
"fg_v1_zaad","Zaadeters","gewogen","volledig",237,"Putter",-1.83491310973727,-1.99213467323738,-0.15722156350011,FALSE
"fg_v1_zaad","Zaadeters","gewogen","volledig",238,"Sijs",-1.83491310973727,-1.77626670356691,0.0586464061703595,FALSE
"fg_v1_zaad","Zaadeters","gewogen","volledig",239,"Kneu",-1.83491310973727,-1.87466610582775,-0.0397529960904808,FALSE
"fg_v1_zaad","Zaadeters","gewogen","volledig",240,"Barmsijs",-1.83491310973727,-1.83174462538174,0.0031684843555313,FALSE
"fg_v1_zaad","Zaadeters","gewogen","volledig",242,"Kleine Barmsijs",-1.83491310973727,-1.3198514140465,0.515061695690766,FALSE
"fg_v1_zaad","Zaadeters","gewogen","volledig",243,"Kruisbek",-1.83491310973727,-1.69771487664532,0.137198233091951,FALSE
"fg_v1_zaad","Zaadeters","gewogen","volledig",245,"Roodmus",-1.83491310973727,-1.80971245445736,0.0252006552799111,FALSE
"fg_v1_zaad","Zaadeters","gewogen","volledig",246,"Goudvink",-1.83491310973727,-1.85461228310048,-0.0196991733632079,FALSE
"fg_v1_zaad","Zaadeters","gewogen","volledig",248,"Appelvink",-1.83491310973727,-2.01001244352985,-0.175099333792583,FALSE
"fg_v1_zaad","Zaadeters","gewogen","volledig",249,"Geelgors",-1.83491310973727,-1.83651332300214,-0.00160021326487403,FALSE
"fg_v1_zaad","Zaadeters","gewogen","volledig",251,"Rietgors",-1.83491310973727,-1.812787799992,0.0221253097452689,FALSE
"fg_v1_bodem_insect","Bodemfoeragerende insecteneters","gewogen","robuust",29,"Bergeend",-2.24954073806743,-2.11145435717012,0.138086380897318,FALSE
"fg_v1_bodem_insect","Bodemfoeragerende insecteneters","gewogen","robuust",44,"Kuifeend",-2.24954073806743,-2.2263038587047,0.0232368793627313,FALSE
"fg_v1_bodem_insect","Bodemfoeragerende insecteneters","gewogen","robuust",64,"Torenvalk",-2.24954073806743,-2.15907181770778,0.0904689203596543,FALSE
"fg_v1_bodem_insect","Bodemfoeragerende insecteneters","gewogen","robuust",80,"Scholekster",-2.24954073806743,-2.11648025857247,0.133060479494962,FALSE
"fg_v1_bodem_insect","Bodemfoeragerende insecteneters","gewogen","robuust",84,"Kleine Plevier",-2.24954073806743,-2.30016039010499,-0.0506196520375535,FALSE
"fg_v1_bodem_insect","Bodemfoeragerende insecteneters","gewogen","robuust",88,"Kievit",-2.24954073806743,-2.25526328681531,-0.00572254874787737,FALSE
"fg_v1_bodem_insect","Bodemfoeragerende insecteneters","gewogen","robuust",94,"Houtsnip",-2.24954073806743,-2.22029442966296,0.0292463084044736,FALSE
"fg_v1_bodem_insect","Bodemfoeragerende insecteneters","gewogen","robuust",97,"Wulp",-2.24954073806743,-1.97997164015883,0.269569097908606,FALSE
"fg_v1_bodem_insect","Bodemfoeragerende insecteneters","gewogen","robuust",122,"Holenduif",-2.24954073806743,-2.23007936973668,0.0194613683307532,FALSE
"fg_v1_bodem_insect","Bodemfoeragerende insecteneters","gewogen","robuust",125,"Tortelduif",-2.24954073806743,-2.15201751928153,0.0975232187858999,FALSE
"fg_v1_bodem_insect","Bodemfoeragerende insecteneters","gewogen","robuust",142,"Groene Specht",-2.24954073806743,-2.2568736874345,-0.00733294936706708,FALSE
"fg_v1_bodem_insect","Bodemfoeragerende insecteneters","gewogen","robuust",144,"Grote Bonte Specht",-2.24954073806743,-2.35676690219155,-0.107226164124119,FALSE
"fg_v1_bodem_insect","Bodemfoeragerende insecteneters","gewogen","robuust",147,"Kuifleeuwerik",-2.24954073806743,-2.17038403724353,0.0791567008239014,FALSE
"fg_v1_bodem_insect","Bodemfoeragerende insecteneters","gewogen","robuust",148,"Boomleeuwerik",-2.24954073806743,-2.47703919670047,-0.227498458633035,FALSE
"fg_v1_bodem_insect","Bodemfoeragerende insecteneters","gewogen","robuust",150,"Veldleeuwerik",-2.24954073806743,-2.20176199426234,0.0477787438050936,FALSE
"fg_v1_bodem_insect","Bodemfoeragerende insecteneters","gewogen","robuust",155,"Boompieper",-2.24954073806743,-2.30292710635019,-0.0533863682827596,FALSE
"fg_v1_bodem_insect","Bodemfoeragerende insecteneters","gewogen","robuust",156,"Graspieper",-2.24954073806743,-2.31121034041701,-0.0616696023495789,FALSE
"fg_v1_bodem_insect","Bodemfoeragerende insecteneters","gewogen","robuust",158,"Gele Kwikstaart",-2.24954073806743,-2.22786708888091,0.0216736491865266,FALSE
"fg_v1_bodem_insect","Bodemfoeragerende insecteneters","gewogen","robuust",162,"Witte Kwikstaart",-2.24954073806743,-2.32369323269083,-0.0741524946233918,FALSE
"fg_v1_bodem_insect","Bodemfoeragerende insecteneters","gewogen","robuust",165,"Heggenmus",-2.24954073806743,-2.35071964012065,-0.101178902053212,FALSE
"fg_v1_bodem_insect","Bodemfoeragerende insecteneters","gewogen","robuust",166,"Roodborst",-2.24954073806743,-2.31154432189384,-0.0620035838264088,FALSE
"fg_v1_bodem_insect","Bodemfoeragerende insecteneters","gewogen","robuust",167,"Nachtegaal",-2.24954073806743,-2.29603302044503,-0.0464922823775971,FALSE
"fg_v1_bodem_insect","Bodemfoeragerende insecteneters","gewogen","robuust",170,"Gekraagde Roodstaart",-2.24954073806743,-2.33793607272551,-0.0883953346580757,FALSE
"fg_v1_bodem_insect","Bodemfoeragerende insecteneters","gewogen","robuust",171,"Paapje",-2.24954073806743,-1.58513912949976,0.664401608567677,FALSE
"fg_v1_bodem_insect","Bodemfoeragerende insecteneters","gewogen","robuust",172,"Roodborsttapuit",-2.24954073806743,-2.42504548697783,-0.175504748910393,FALSE
"fg_v1_bodem_insect","Bodemfoeragerende insecteneters","gewogen","robuust",173,"Tapuit",-2.24954073806743,-1.54986064933398,0.699680088733456,FALSE
"fg_v1_bodem_insect","Bodemfoeragerende insecteneters","gewogen","robuust",175,"Merel",-2.24954073806743,-2.30521206566716,-0.0556713275997267,FALSE
"fg_v1_bodem_insect","Bodemfoeragerende insecteneters","gewogen","robuust",177,"Zanglijster",-2.24954073806743,-2.33885237429352,-0.089311636226086,FALSE
"fg_v1_bodem_insect","Bodemfoeragerende insecteneters","gewogen","robuust",179,"Grote Lijster",-2.24954073806743,-2.31393785056401,-0.0643971124965725,FALSE
"fg_v1_bodem_insect","Bodemfoeragerende insecteneters","gewogen","robuust",182,"Sprinkhaanrietzanger",-2.24954073806743,-2.35767089860948,-0.108130160542041,FALSE
"fg_v1_bodem_insect","Bodemfoeragerende insecteneters","gewogen","robuust",190,"Spotvogel",-2.24954073806743,-2.26666322982294,-0.0171224917555057,FALSE
"fg_v1_bodem_insect","Bodemfoeragerende insecteneters","gewogen","robuust",194,"Tuinfluiter",-2.24954073806743,-2.3467998492769,-0.097259111209469,FALSE
"fg_v1_bodem_insect","Bodemfoeragerende insecteneters","gewogen","robuust",195,"Zwartkop",-2.24954073806743,-2.34308738073944,-0.0935466426720044,FALSE
"fg_v1_bodem_insect","Bodemfoeragerende insecteneters","gewogen","robuust",198,"Tjiftjaf",-2.24954073806743,-2.53044642488963,-0.280905686822197,FALSE
"fg_v1_bodem_insect","Bodemfoeragerende insecteneters","gewogen","robuust",200,"Fitis",-2.24954073806743,-2.31068938933826,-0.0611486512708259,FALSE
"fg_v1_bodem_insect","Bodemfoeragerende insecteneters","gewogen","robuust",207,"Staartmees",-2.24954073806743,-2.39338109358075,-0.143840355513314,FALSE
"fg_v1_bodem_insect","Bodemfoeragerende insecteneters","gewogen","robuust",219,"Grauwe Klauwier",-2.24954073806743,-2.24187369362755,0.0076670444398852,FALSE
"fg_v1_bodem_insect","Bodemfoeragerende insecteneters","gewogen","robuust",223,"Ekster",-2.24954073806743,-2.26254690560248,-0.0130061675350457,FALSE
"fg_v1_bodem_insect","Bodemfoeragerende insecteneters","gewogen","robuust",224,"Kauw",-2.24954073806743,-2.26266110633191,-0.0131203682644743,FALSE
"fg_v1_bodem_insect","Bodemfoeragerende insecteneters","gewogen","robuust",231,"Huismus",-2.24954073806743,-2.25693063427237,-0.00738989620493458,FALSE
"fg_v1_bodem_insect","Bodemfoeragerende insecteneters","gewogen","robuust",233,"Vink",-2.24954073806743,-2.42884806259696,-0.179307324529521,FALSE
"fg_v1_bodem_insect","Bodemfoeragerende insecteneters","gewogen","robuust",239,"Kneu",-2.24954073806743,-2.26243232676225,-0.0128915886948189,FALSE
"fg_v1_bodem_insect","Bodemfoeragerende insecteneters","gewogen","robuust",251,"Rietgors",-2.24954073806743,-2.26209047859324,-0.0125497405258024,FALSE
"fg_v1_grondbroed","Grondbroeders","gewogen","robuust",1,"Dodaars",-3.24530018302256,-3.38589442474391,-0.140594241721348,FALSE
"fg_v1_grondbroed","Grondbroeders","gewogen","robuust",2,"Fuut",-3.24530018302256,-3.36498487083835,-0.119684687815791,FALSE
"fg_v1_grondbroed","Grondbroeders","gewogen","robuust",4,"Geoorde Fuut",-3.24530018302256,-3.26567730843825,-0.0203771254156937,FALSE
"fg_v1_grondbroed","Grondbroeders","gewogen","robuust",17,"Knobbelzwaan",-3.24530018302256,-3.31776567994556,-0.0724654969230021,FALSE
"fg_v1_grondbroed","Grondbroeders","gewogen","robuust",29,"Bergeend",-3.24530018302256,-3.14700304389003,0.0982971391325305,FALSE
"fg_v1_grondbroed","Grondbroeders","gewogen","robuust",34,"Krakeend",-3.24530018302256,-3.3490285251152,-0.103728342092646,FALSE
"fg_v1_grondbroed","Grondbroeders","gewogen","robuust",35,"Wintertaling",-3.24530018302256,-3.21465621516319,0.0306439678593673,FALSE
"fg_v1_grondbroed","Grondbroeders","gewogen","robuust",36,"Wilde Eend",-3.24530018302256,-3.27043151105822,-0.0251313280356658,FALSE
"fg_v1_grondbroed","Grondbroeders","gewogen","robuust",39,"Zomertaling",-3.24530018302256,-3.26497249928176,-0.0196723162592005,FALSE
"fg_v1_grondbroed","Grondbroeders","gewogen","robuust",40,"Slobeend",-3.24530018302256,-3.17523396258966,0.0700662204328961,FALSE
"fg_v1_grondbroed","Grondbroeders","gewogen","robuust",42,"Tafeleend",-3.24530018302256,-3.33450742953194,-0.0892072465093818,FALSE
"fg_v1_grondbroed","Grondbroeders","gewogen","robuust",44,"Kuifeend",-3.24530018302256,-3.24631470521728,-0.00101452219471998,FALSE
"fg_v1_grondbroed","Grondbroeders","gewogen","robuust",77,"Waterhoen",-3.24530018302256,-3.27366617191667,-0.0283659888941079,FALSE
"fg_v1_grondbroed","Grondbroeders","gewogen","robuust",78,"Meerkoet",-3.24530018302256,-3.32264745549988,-0.0773472724773239,FALSE
"fg_v1_grondbroed","Grondbroeders","gewogen","robuust",80,"Scholekster",-3.24530018302256,-3.05490395429239,0.190396228730172,FALSE
"fg_v1_grondbroed","Grondbroeders","gewogen","robuust",84,"Kleine Plevier",-3.24530018302256,-3.3082379215638,-0.0629377385412355,FALSE
"fg_v1_grondbroed","Grondbroeders","gewogen","robuust",88,"Kievit",-3.24530018302256,-3.2618100096442,-0.0165098266216357,FALSE
"fg_v1_grondbroed","Grondbroeders","gewogen","robuust",94,"Houtsnip",-3.24530018302256,-3.24838588578945,-0.0030857027668918,FALSE
"fg_v1_grondbroed","Grondbroeders","gewogen","robuust",97,"Wulp",-3.24530018302256,-2.83059710613583,0.414703076886724,FALSE
"fg_v1_grondbroed","Grondbroeders","gewogen","robuust",98,"Tureluur",-3.24530018302256,-3.2701481034269,-0.0248479204043361,FALSE
"fg_v1_grondbroed","Grondbroeders","gewogen","robuust",107,"Kleine Mantelmeeuw",-3.24530018302256,-2.82978145395395,0.415518729068609,FALSE
"fg_v1_grondbroed","Grondbroeders","gewogen","robuust",108,"Zilvermeeuw",-3.24530018302256,-2.68649109388525,0.558809089137313,FALSE
"fg_v1_grondbroed","Grondbroeders","gewogen","robuust",132,"Ransuil",-3.24530018302256,-3.24858163065115,-0.00328144762858917,FALSE
"fg_v1_grondbroed","Grondbroeders","gewogen","robuust",147,"Kuifleeuwerik",-3.24530018302256,-3.19570115912069,0.0495990239018695,FALSE
"fg_v1_grondbroed","Grondbroeders","gewogen","robuust",148,"Boomleeuwerik",-3.24530018302256,-3.4570984836264,-0.211798300603838,FALSE
"fg_v1_grondbroed","Grondbroeders","gewogen","robuust",150,"Veldleeuwerik",-3.24530018302256,-3.19979710859215,0.0455030744304086,FALSE
"fg_v1_grondbroed","Grondbroeders","gewogen","robuust",155,"Boompieper",-3.24530018302256,-3.36431285494003,-0.119012671917473,FALSE
"fg_v1_grondbroed","Grondbroeders","gewogen","robuust",156,"Graspieper",-3.24530018302256,-3.37269277871984,-0.127392595697284,FALSE
"fg_v1_grondbroed","Grondbroeders","gewogen","robuust",158,"Gele Kwikstaart",-3.24530018302256,-3.23892631541512,0.0063738676074343,FALSE
"fg_v1_grondbroed","Grondbroeders","gewogen","robuust",166,"Roodborst",-3.24530018302256,-3.30949298326103,-0.0641928002384717,FALSE
"fg_v1_grondbroed","Grondbroeders","gewogen","robuust",167,"Nachtegaal",-3.24530018302256,-3.35293481909832,-0.10763463607576,FALSE
"fg_v1_grondbroed","Grondbroeders","gewogen","robuust",170,"Gekraagde Roodstaart",-3.24530018302256,-3.29542078427937,-0.050120601256809,FALSE
"fg_v1_grondbroed","Grondbroeders","gewogen","robuust",171,"Paapje",-3.24530018302256,-2.73763907473634,0.507661108286217,FALSE
"fg_v1_grondbroed","Grondbroeders","gewogen","robuust",172,"Roodborsttapuit",-3.24530018302256,-3.41875375854651,-0.173453575523952,FALSE
"fg_v1_grondbroed","Grondbroeders","gewogen","robuust",175,"Merel",-3.24530018302256,-3.30667933113142,-0.0613791481088644,FALSE
"fg_v1_grondbroed","Grondbroeders","gewogen","robuust",182,"Sprinkhaanrietzanger",-3.24530018302256,-3.36463791951921,-0.11933773649665,FALSE
"fg_v1_grondbroed","Grondbroeders","gewogen","robuust",186,"Rietzanger",-3.24530018302256,-3.36823216391204,-0.122931980889485,FALSE
"fg_v1_grondbroed","Grondbroeders","gewogen","robuust",198,"Tjiftjaf",-3.24530018302256,-3.49863821142203,-0.253338028399475,FALSE
"fg_v1_grondbroed","Grondbroeders","gewogen","robuust",200,"Fitis",-3.24530018302256,-3.32704105254136,-0.0817408695187982,FALSE
"fg_v1_grondbroed","Grondbroeders","gewogen","robuust",212,"Zwarte Mees",-3.24530018302256,-3.26961052967661,-0.0243103466540551,FALSE
"fg_v1_grondbroed","Grondbroeders","gewogen","robuust",251,"Rietgors",-3.24530018302256,-3.29974384221026,-0.0544436591876973,FALSE
"fg_v1_holenbroed","Holenbroeders","gewogen","robuust",27,"Nijlgans",-2.67637743266332,-2.75007677735649,-0.0736993446931677,FALSE
"fg_v1_holenbroed","Holenbroeders","gewogen","robuust",29,"Bergeend",-2.67637743266332,-2.47783101399858,0.198546418664747,FALSE
"fg_v1_holenbroed","Holenbroeders","gewogen","robuust",36,"Wilde Eend",-2.67637743266332,-2.6770032652366,-0.000625832573275531,FALSE
"fg_v1_holenbroed","Holenbroeders","gewogen","robuust",64,"Torenvalk",-2.67637743266332,-2.49885951303791,0.177517919625414,FALSE
"fg_v1_holenbroed","Holenbroeders","gewogen","robuust",122,"Holenduif",-2.67637743266332,-2.65722371597956,0.0191537166837619,FALSE
"fg_v1_holenbroed","Holenbroeders","gewogen","robuust",131,"Bosuil",-2.67637743266332,-2.71340863037444,-0.0370311977111126,FALSE
"fg_v1_holenbroed","Holenbroeders","gewogen","robuust",142,"Groene Specht",-2.67637743266332,-2.71493805695021,-0.0385606242868874,FALSE
"fg_v1_holenbroed","Holenbroeders","gewogen","robuust",144,"Grote Bonte Specht",-2.67637743266332,-2.9249551825442,-0.248577749880874,FALSE
"fg_v1_holenbroed","Holenbroeders","gewogen","robuust",146,"Kleine Bonte Specht",-2.67637743266332,-2.96931587603341,-0.292938443370083,FALSE
"fg_v1_holenbroed","Holenbroeders","gewogen","robuust",151,"Oeverzwaluw",-2.67637743266332,-2.72792852607422,-0.0515510934108954,FALSE
"fg_v1_holenbroed","Holenbroeders","gewogen","robuust",162,"Witte Kwikstaart",-2.67637743266332,-2.75086474408167,-0.0744873114183475,FALSE
"fg_v1_holenbroed","Holenbroeders","gewogen","robuust",169,"Zwarte Roodstaart",-2.67637743266332,-2.7947809520563,-0.118403519392973,FALSE
"fg_v1_holenbroed","Holenbroeders","gewogen","robuust",170,"Gekraagde Roodstaart",-2.67637743266332,-2.78613184979336,-0.109754417130037,FALSE
"fg_v1_holenbroed","Holenbroeders","gewogen","robuust",173,"Tapuit",-2.67637743266332,-1.94717817767311,0.729199254990209,FALSE
"fg_v1_holenbroed","Holenbroeders","gewogen","robuust",203,"Grauwe Vliegenvanger",-2.67637743266332,-2.82880656248335,-0.152429129820031,FALSE
"fg_v1_holenbroed","Holenbroeders","gewogen","robuust",205,"Bonte Vliegenvanger",-2.67637743266332,-2.38784468158861,0.28853275107471,FALSE
"fg_v1_holenbroed","Holenbroeders","gewogen","robuust",208,"Glanskop",-2.67637743266332,-2.7992418330144,-0.122864400351075,FALSE
"fg_v1_holenbroed","Holenbroeders","gewogen","robuust",209,"Matkop",-2.67637743266332,-2.41692329864676,0.259454134016568,FALSE
"fg_v1_holenbroed","Holenbroeders","gewogen","robuust",210,"Kuifmees",-2.67637743266332,-2.6363299708339,0.0400474618294289,FALSE
"fg_v1_holenbroed","Holenbroeders","gewogen","robuust",212,"Zwarte Mees",-2.67637743266332,-2.70388354028853,-0.0275061076252081,FALSE
"fg_v1_holenbroed","Holenbroeders","gewogen","robuust",213,"Pimpelmees",-2.67637743266332,-2.87820451523354,-0.201827082570216,FALSE
"fg_v1_holenbroed","Holenbroeders","gewogen","robuust",214,"Koolmees",-2.67637743266332,-2.80792820678628,-0.131550774122957,FALSE
"fg_v1_holenbroed","Holenbroeders","gewogen","robuust",215,"Boomklever",-2.67637743266332,-2.8152978759269,-0.138920443263579,FALSE
"fg_v1_holenbroed","Holenbroeders","gewogen","robuust",217,"Boomkruiper",-2.67637743266332,-2.96768723061261,-0.291309797949291,FALSE
"fg_v1_holenbroed","Holenbroeders","gewogen","robuust",224,"Kauw",-2.67637743266332,-2.71795552970937,-0.0415780970460466,FALSE
"fg_v1_holenbroed","Holenbroeders","gewogen","robuust",229,"Spreeuw",-2.67637743266332,-2.67381856326562,0.00255886939770633,FALSE
"fg_v1_holenbroed","Holenbroeders","gewogen","robuust",231,"Huismus",-2.67637743266332,-2.70429946222592,-0.0279220295625993,FALSE
"fg_v1_holenbroed","Holenbroeders","gewogen","robuust",232,"Ringmus",-2.67637743266332,-2.20281066074072,0.473566771922607,FALSE
"fg_v1_lange_trek","Langeafstandstrekkers","gewogen","robuust",39,"Zomertaling",-2.01982709691265,-2.04908607500437,-0.0292589780917174,FALSE
"fg_v1_lange_trek","Langeafstandstrekkers","gewogen","robuust",40,"Slobeend",-2.01982709691265,-1.93958862141346,0.0802384754991947,FALSE
"fg_v1_lange_trek","Langeafstandstrekkers","gewogen","robuust",66,"Boomvalk",-2.01982709691265,-1.84866938667744,0.171157710235215,FALSE
"fg_v1_lange_trek","Langeafstandstrekkers","gewogen","robuust",84,"Kleine Plevier",-2.01982709691265,-2.06797753350181,-0.0481504365891561,FALSE
"fg_v1_lange_trek","Langeafstandstrekkers","gewogen","robuust",98,"Tureluur",-2.01982709691265,-2.02763108028823,-0.00780398337557608,FALSE
"fg_v1_lange_trek","Langeafstandstrekkers","gewogen","robuust",125,"Tortelduif",-2.01982709691265,-1.75076122518065,0.269065871731999,FALSE
"fg_v1_lange_trek","Langeafstandstrekkers","gewogen","robuust",127,"Koekoek",-2.01982709691265,-2.06084360653112,-0.0410165096184634,FALSE
"fg_v1_lange_trek","Langeafstandstrekkers","gewogen","robuust",151,"Oeverzwaluw",-2.01982709691265,-2.07070026869693,-0.0508731717842825,FALSE
"fg_v1_lange_trek","Langeafstandstrekkers","gewogen","robuust",155,"Boompieper",-2.01982709691265,-2.15627186436115,-0.136444767448496,FALSE
"fg_v1_lange_trek","Langeafstandstrekkers","gewogen","robuust",158,"Gele Kwikstaart",-2.01982709691265,-1.98592775659072,0.0338993403219301,FALSE
"fg_v1_lange_trek","Langeafstandstrekkers","gewogen","robuust",167,"Nachtegaal",-2.01982709691265,-2.13495645038992,-0.115129353477272,FALSE
"fg_v1_lange_trek","Langeafstandstrekkers","gewogen","robuust",170,"Gekraagde Roodstaart",-2.01982709691265,-2.13067089225215,-0.110843795339499,FALSE
"fg_v1_lange_trek","Langeafstandstrekkers","gewogen","robuust",171,"Paapje",-2.01982709691265,-1.13429505397863,0.885532042934023,FALSE
"fg_v1_lange_trek","Langeafstandstrekkers","gewogen","robuust",182,"Sprinkhaanrietzanger",-2.01982709691265,-2.1534935771897,-0.13366648027705,FALSE
"fg_v1_lange_trek","Langeafstandstrekkers","gewogen","robuust",186,"Rietzanger",-2.01982709691265,-2.15609669094051,-0.13626959402786,FALSE
"fg_v1_lange_trek","Langeafstandstrekkers","gewogen","robuust",187,"Bosrietzanger",-2.01982709691265,-2.10846566543978,-0.0886385685271329,FALSE
"fg_v1_lange_trek","Langeafstandstrekkers","gewogen","robuust",188,"Kleine Karekiet",-2.01982709691265,-2.23460043150799,-0.214773334595342,FALSE
"fg_v1_lange_trek","Langeafstandstrekkers","gewogen","robuust",190,"Spotvogel",-2.01982709691265,-2.05062860928763,-0.0308015123749783,FALSE
"fg_v1_lange_trek","Langeafstandstrekkers","gewogen","robuust",192,"Braamsluiper",-2.01982709691265,-2.17334444857963,-0.153517351666976,FALSE
"fg_v1_lange_trek","Langeafstandstrekkers","gewogen","robuust",193,"Grasmus",-2.01982709691265,-2.15017407357969,-0.13034697666704,FALSE
"fg_v1_lange_trek","Langeafstandstrekkers","gewogen","robuust",194,"Tuinfluiter",-2.01982709691265,-2.27155930593927,-0.251732209026623,FALSE
"fg_v1_lange_trek","Langeafstandstrekkers","gewogen","robuust",200,"Fitis",-2.01982709691265,-2.09095560782016,-0.0711285109075033,FALSE
"fg_v1_lange_trek","Langeafstandstrekkers","gewogen","robuust",203,"Grauwe Vliegenvanger",-2.01982709691265,-2.16872174837831,-0.148894651465659,FALSE
"fg_v1_lange_trek","Langeafstandstrekkers","gewogen","robuust",205,"Bonte Vliegenvanger",-2.01982709691265,-1.60188328492221,0.41794381199044,FALSE
"fg_v1_lange_trek","Langeafstandstrekkers","gewogen","robuust",218,"Wielewaal",-2.01982709691265,-1.98638631377226,0.0334407831403927,FALSE
"fg_v1_lange_trek","Langeafstandstrekkers","gewogen","robuust",219,"Grauwe Klauwier",-2.01982709691265,-2.00649171510064,0.0133353818120074,FALSE
"fg_v1_lucht","Luchtfoerageerders","gewogen","robuust",66,"Boomvalk",-3.69010085463245,-3.06177570014162,0.628325154490827,FALSE
"fg_v1_lucht","Luchtfoerageerders","gewogen","robuust",151,"Oeverzwaluw",-3.69010085463245,-4.08762187093146,-0.397521016299007,FALSE
"fg_v1_lucht","Luchtfoerageerders","gewogen","robuust",169,"Zwarte Roodstaart",-3.69010085463245,-4.28753455548696,-0.59743370085451,FALSE
"fg_v1_lucht","Luchtfoerageerders","gewogen","robuust",203,"Grauwe Vliegenvanger",-3.69010085463245,-5.4455984091745,-1.75549755454205,FALSE
"fg_v1_lucht","Luchtfoerageerders","gewogen","robuust",205,"Bonte Vliegenvanger",-3.69010085463245,-1.27261428843359,2.41748656619886,FALSE
"fg_v1_lucht","Luchtfoerageerders","gewogen","robuust",219,"Grauwe Klauwier",-3.69010085463245,-3.72808979768841,-0.0379889430559555,FALSE
"fg_v1_zaad","Zaadeters","gewogen","robuust",34,"Krakeend",-1.20815063162625,-1.23951494246852,-0.0313643108422745,FALSE
"fg_v1_zaad","Zaadeters","gewogen","robuust",35,"Wintertaling",-1.20815063162625,-1.15674225911133,0.0514083725149161,FALSE
"fg_v1_zaad","Zaadeters","gewogen","robuust",36,"Wilde Eend",-1.20815063162625,-1.18677798479306,0.0213726468331843,FALSE
"fg_v1_zaad","Zaadeters","gewogen","robuust",72,"Waterral",-1.20815063162625,-1.24583311489094,-0.0376824832646894,FALSE
"fg_v1_zaad","Zaadeters","gewogen","robuust",77,"Waterhoen",-1.20815063162625,-1.18332207003269,0.0248285615935595,FALSE
"fg_v1_zaad","Zaadeters","gewogen","robuust",78,"Meerkoet",-1.20815063162625,-1.21172075467713,-0.00357012305087778,FALSE
"fg_v1_zaad","Zaadeters","gewogen","robuust",122,"Holenduif",-1.20815063162625,-1.11791087321097,0.0902397584152781,FALSE
"fg_v1_zaad","Zaadeters","gewogen","robuust",123,"Houtduif",-1.20815063162625,-1.15530391172475,0.0528467199015004,FALSE
"fg_v1_zaad","Zaadeters","gewogen","robuust",124,"Turkse Tortel",-1.20815063162625,-1.19726031662295,0.010890315003298,FALSE
"fg_v1_zaad","Zaadeters","gewogen","robuust",125,"Tortelduif",-1.20815063162625,-0.969946094811047,0.238204536815201,FALSE
"fg_v1_zaad","Zaadeters","gewogen","robuust",144,"Grote Bonte Specht",-1.20815063162625,-1.39988423494654,-0.191733603320288,FALSE
"fg_v1_zaad","Zaadeters","gewogen","robuust",147,"Kuifleeuwerik",-1.20815063162625,-1.15246401145226,0.0556866201739892,FALSE
"fg_v1_zaad","Zaadeters","gewogen","robuust",150,"Veldleeuwerik",-1.20815063162625,-1.04516293046713,0.162987701159123,FALSE
"fg_v1_zaad","Zaadeters","gewogen","robuust",165,"Heggenmus",-1.20815063162625,-1.23437798937804,-0.0262273577517957,FALSE
"fg_v1_zaad","Zaadeters","gewogen","robuust",166,"Roodborst",-1.20815063162625,-1.26262396761232,-0.0544733359860716,FALSE
"fg_v1_zaad","Zaadeters","gewogen","robuust",169,"Zwarte Roodstaart",-1.20815063162625,-1.24066782407948,-0.0325171924532297,FALSE
"fg_v1_zaad","Zaadeters","gewogen","robuust",172,"Roodborsttapuit",-1.20815063162625,-1.27702486854666,-0.0688742369204132,FALSE
"fg_v1_zaad","Zaadeters","gewogen","robuust",179,"Grote Lijster",-1.20815063162625,-1.25777236518188,-0.049621733555627,FALSE
"fg_v1_zaad","Zaadeters","gewogen","robuust",207,"Staartmees",-1.20815063162625,-1.27081822023247,-0.0626675886062245,FALSE
"fg_v1_zaad","Zaadeters","gewogen","robuust",208,"Glanskop",-1.20815063162625,-1.24170261039867,-0.033551978772417,FALSE
"fg_v1_zaad","Zaadeters","gewogen","robuust",209,"Matkop",-1.20815063162625,-1.04548793704267,0.162662694583582,FALSE
"fg_v1_zaad","Zaadeters","gewogen","robuust",210,"Kuifmees",-1.20815063162625,-1.15464840639259,0.0535022252336592,FALSE
"fg_v1_zaad","Zaadeters","gewogen","robuust",212,"Zwarte Mees",-1.20815063162625,-1.16733341661247,0.0408172150137776,FALSE
"fg_v1_zaad","Zaadeters","gewogen","robuust",213,"Pimpelmees",-1.20815063162625,-1.27963364453323,-0.071483012906981,FALSE
"fg_v1_zaad","Zaadeters","gewogen","robuust",214,"Koolmees",-1.20815063162625,-1.26641240301227,-0.0582617713860256,FALSE
"fg_v1_zaad","Zaadeters","gewogen","robuust",215,"Boomklever",-1.20815063162625,-1.28130984334005,-0.0731592117138025,FALSE
"fg_v1_zaad","Zaadeters","gewogen","robuust",222,"Gaai",-1.20815063162625,-1.31013633030133,-0.101985698675078,FALSE
"fg_v1_zaad","Zaadeters","gewogen","robuust",223,"Ekster",-1.20815063162625,-1.21465511008533,-0.00650447845907953,FALSE
"fg_v1_zaad","Zaadeters","gewogen","robuust",224,"Kauw",-1.20815063162625,-1.20263652244622,0.00551410918002704,FALSE
"fg_v1_zaad","Zaadeters","gewogen","robuust",226,"Zwarte Kraai",-1.20815063162625,-1.24944865462286,-0.0412980229966164,FALSE
"fg_v1_zaad","Zaadeters","gewogen","robuust",231,"Huismus",-1.20815063162625,-1.17287541951392,0.035275212112329,FALSE
"fg_v1_zaad","Zaadeters","gewogen","robuust",232,"Ringmus",-1.20815063162625,-0.665682799919709,0.542467831706539,FALSE
"fg_v1_zaad","Zaadeters","gewogen","robuust",233,"Vink",-1.20815063162625,-1.55702833411284,-0.348877702486594,FALSE
"fg_v1_zaad","Zaadeters","gewogen","robuust",236,"Groenling",-1.20815063162625,-1.2953412925197,-0.0871906608934547,FALSE
"fg_v1_zaad","Zaadeters","gewogen","robuust",237,"Putter",-1.20815063162625,-1.38389498840873,-0.175744356782481,FALSE
"fg_v1_zaad","Zaadeters","gewogen","robuust",239,"Kneu",-1.20815063162625,-1.2191198203383,-0.0109691887120511,FALSE
"fg_v1_zaad","Zaadeters","gewogen","robuust",246,"Goudvink",-1.20815063162625,-1.21187910252852,-0.00372847090227557,FALSE
"fg_v1_zaad","Zaadeters","gewogen","robuust",251,"Rietgors",-1.20815063162625,-1.17796242455461,0.0301882070716353,FALSE
