"group_code","groep_titel","jaar","log_index","n_soorten","gewicht_som","msi","analysis_mode","msi_variant","periode"
"fg_v1_bodem_insect","Bodemfoeragerende insecteneters",1958,4.60517018598809,26,26,99.9999999999999,"binair","volledig","1958-1983"
"fg_v1_bodem_insect","Bodemfoeragerende insecteneters",1959,5.02136640984935,30,30,151.618335103459,"binair","volledig","1958-1983"
"fg_v1_bodem_insect","Bodemfoeragerende insecteneters",1960,4.93595929470227,35,35,139.206618672178,"binair","volledig","1958-1983"
"fg_v1_bodem_insect","Bodemfoeragerende insecteneters",1961,5.04595979180981,36,36,155.393372933682,"binair","volledig","1958-1983"
"fg_v1_bodem_insect","Bodemfoeragerende insecteneters",1962,4.9857727511067,37,37,146.316597664122,"binair","volledig","1958-1983"
"fg_v1_bodem_insect","Bodemfoeragerende insecteneters",1963,4.98102009555227,36,36,145.622855139,"binair","volledig","1958-1983"
"fg_v1_bodem_insect","Bodemfoeragerende insecteneters",1964,4.97873602018771,38,38,145.290621131255,"binair","volledig","1958-1983"
"fg_v1_bodem_insect","Bodemfoeragerende insecteneters",1965,4.98069909105579,38,38,145.576117049681,"binair","volledig","1958-1983"
"fg_v1_bodem_insect","Bodemfoeragerende insecteneters",1966,5.12855783525466,38,38,168.773543195631,"binair","volledig","1958-1983"
"fg_v1_bodem_insect","Bodemfoeragerende insecteneters",1967,5.09529495676783,39,39,163.25198980292,"binair","volledig","1958-1983"
"fg_v1_bodem_insect","Bodemfoeragerende insecteneters",1968,5.05289069383304,40,40,156.474130161379,"binair","volledig","1958-1983"
"fg_v1_bodem_insect","Bodemfoeragerende insecteneters",1969,5.06628765866465,39,39,158.584513381125,"binair","volledig","1958-1983"
"fg_v1_bodem_insect","Bodemfoeragerende insecteneters",1970,5.08717875642246,40,40,161.932366354963,"binair","volledig","1958-1983"
"fg_v1_bodem_insect","Bodemfoeragerende insecteneters",1971,5.13015565545734,40,40,169.043428529328,"binair","volledig","1958-1983"
"fg_v1_bodem_insect","Bodemfoeragerende insecteneters",1972,5.13006668218974,40,40,169.028388852198,"binair","volledig","1958-1983"
"fg_v1_bodem_insect","Bodemfoeragerende insecteneters",1973,5.1978801275113,43,43,180.888374854956,"binair","volledig","1958-1983"
"fg_v1_bodem_insect","Bodemfoeragerende insecteneters",1974,5.23292622085011,43,43,187.340201028877,"binair","volledig","1958-1983"
"fg_v1_bodem_insect","Bodemfoeragerende insecteneters",1975,5.21003512308925,46,46,183.100489135603,"binair","volledig","1958-1983"
"fg_v1_bodem_insect","Bodemfoeragerende insecteneters",1976,5.28118332504735,45,45,196.602382282353,"binair","volledig","1958-1983"
"fg_v1_bodem_insect","Bodemfoeragerende insecteneters",1977,5.13883433371503,47,47,170.516886643231,"binair","volledig","1958-1983"
"fg_v1_bodem_insect","Bodemfoeragerende insecteneters",1978,5.11482172617139,44,44,166.471100897296,"binair","volledig","1958-1983"
"fg_v1_bodem_insect","Bodemfoeragerende insecteneters",1979,5.24950791266115,42,42,190.472516279731,"binair","volledig","1958-1983"
"fg_v1_bodem_insect","Bodemfoeragerende insecteneters",1980,5.25847791120981,42,42,192.188740230102,"binair","volledig","1958-1983"
"fg_v1_bodem_insect","Bodemfoeragerende insecteneters",1981,5.41987030919918,42,42,225.849829957274,"binair","volledig","1958-1983"
"fg_v1_bodem_insect","Bodemfoeragerende insecteneters",1982,5.17284208783874,42,42,176.415514050707,"binair","volledig","1958-1983"
"fg_v1_bodem_insect","Bodemfoeragerende insecteneters",1983,5.38213948258627,43,43,217.487087855801,"binair","volledig","1958-1983"
"fg_v1_bodem_insect","Bodemfoeragerende insecteneters",1984,5.58685598326976,40,40,266.895176322331,"binair","volledig","1984-2025"
"fg_v1_bodem_insect","Bodemfoeragerende insecteneters",1985,5.2417025780165,43,43,188.991601585447,"binair","volledig","1984-2025"
"fg_v1_bodem_insect","Bodemfoeragerende insecteneters",1986,5.17923394213104,44,44,177.546747800618,"binair","volledig","1984-2025"
"fg_v1_bodem_insect","Bodemfoeragerende insecteneters",1987,5.144658595379,42,42,171.512919371165,"binair","volledig","1984-2025"
"fg_v1_bodem_insect","Bodemfoeragerende insecteneters",1988,5.19821562852126,46,46,180.949073269031,"binair","volledig","1984-2025"
"fg_v1_bodem_insect","Bodemfoeragerende insecteneters",1989,5.1444220716705,45,45,171.472357296555,"binair","volledig","1984-2025"
"fg_v1_bodem_insect","Bodemfoeragerende insecteneters",1990,5.02724127309185,47,47,152.511693697582,"binair","volledig","1984-2025"
"fg_v1_bodem_insect","Bodemfoeragerende insecteneters",1991,4.9109524257527,48,48,135.768662419626,"binair","volledig","1984-2025"
"fg_v1_bodem_insect","Bodemfoeragerende insecteneters",1992,4.9005619759754,49,49,134.365268524331,"binair","volledig","1984-2025"
"fg_v1_bodem_insect","Bodemfoeragerende insecteneters",1993,4.86097593023161,49,49,129.150182190711,"binair","volledig","1984-2025"
"fg_v1_bodem_insect","Bodemfoeragerende insecteneters",1994,5.01792215662498,50,50,151.097021447381,"binair","volledig","1984-2025"
"fg_v1_bodem_insect","Bodemfoeragerende insecteneters",1995,4.92299657417118,49,49,137.413767397911,"binair","volledig","1984-2025"
"fg_v1_bodem_insect","Bodemfoeragerende insecteneters",1996,4.90356188671897,50,50,134.768957549713,"binair","volledig","1984-2025"
"fg_v1_bodem_insect","Bodemfoeragerende insecteneters",1997,4.87459104184126,51,51,130.920601213289,"binair","volledig","1984-2025"
"fg_v1_bodem_insect","Bodemfoeragerende insecteneters",1998,4.74860238816452,50,50,115.422855397045,"binair","volledig","1984-2025"
"fg_v1_bodem_insect","Bodemfoeragerende insecteneters",1999,4.6564326962741,49,49,105.259917512871,"binair","volledig","1984-2025"
"fg_v1_bodem_insect","Bodemfoeragerende insecteneters",2000,4.61441378346035,51,51,100.928645145926,"binair","volledig","1984-2025"
"fg_v1_bodem_insect","Bodemfoeragerende insecteneters",2001,4.64954929157646,49,49,104.53785886414,"binair","volledig","1984-2025"
"fg_v1_bodem_insect","Bodemfoeragerende insecteneters",2002,4.45084037392644,50,50,85.6989328978992,"binair","volledig","1984-2025"
"fg_v1_bodem_insect","Bodemfoeragerende insecteneters",2003,4.42025538260862,50,50,83.1175094144773,"binair","volledig","1984-2025"
"fg_v1_bodem_insect","Bodemfoeragerende insecteneters",2004,4.40096125508096,50,50,81.5292013691439,"binair","volledig","1984-2025"
"fg_v1_bodem_insect","Bodemfoeragerende insecteneters",2005,4.42220191210599,50,50,83.2794576656899,"binair","volledig","1984-2025"
"fg_v1_bodem_insect","Bodemfoeragerende insecteneters",2006,4.27152812949732,50,50,71.6310134907964,"binair","volledig","1984-2025"
"fg_v1_bodem_insect","Bodemfoeragerende insecteneters",2007,4.18631811012187,52,52,65.7801492787332,"binair","volledig","1984-2025"
"fg_v1_bodem_insect","Bodemfoeragerende insecteneters",2008,4.40319116726912,50,50,81.7112071820399,"binair","volledig","1984-2025"
"fg_v1_bodem_insect","Bodemfoeragerende insecteneters",2009,4.34247515928457,50,50,76.8976378815203,"binair","volledig","1984-2025"
"fg_v1_bodem_insect","Bodemfoeragerende insecteneters",2010,4.20142468205588,49,49,66.781405569538,"binair","volledig","1984-2025"
"fg_v1_bodem_insect","Bodemfoeragerende insecteneters",2011,4.4462065458569,49,49,85.3027374368692,"binair","volledig","1984-2025"
"fg_v1_bodem_insect","Bodemfoeragerende insecteneters",2012,4.35702692501697,48,48,78.0248156162293,"binair","volledig","1984-2025"
"fg_v1_bodem_insect","Bodemfoeragerende insecteneters",2013,3.82541215546685,52,52,45.851694498958,"binair","volledig","1984-2025"
"fg_v1_bodem_insect","Bodemfoeragerende insecteneters",2014,3.81337536358524,50,50,45.3030955044188,"binair","volledig","1984-2025"
"fg_v1_bodem_insect","Bodemfoeragerende insecteneters",2015,4.0982356590274,46,46,60.2339206170587,"binair","volledig","1984-2025"
"fg_v1_bodem_insect","Bodemfoeragerende insecteneters",2016,4.2041361792455,45,45,66.9627288807887,"binair","volledig","1984-2025"
"fg_v1_bodem_insect","Bodemfoeragerende insecteneters",2017,4.5176979154857,43,43,91.6244278292146,"binair","volledig","1984-2025"
"fg_v1_bodem_insect","Bodemfoeragerende insecteneters",2018,4.317728690518,44,44,75.0180454441989,"binair","volledig","1984-2025"
"fg_v1_bodem_insect","Bodemfoeragerende insecteneters",2019,4.189699638069,48,48,66.0029632053272,"binair","volledig","1984-2025"
"fg_v1_bodem_insect","Bodemfoeragerende insecteneters",2020,4.33926735622221,49,49,76.6513606188971,"binair","volledig","1984-2025"
"fg_v1_bodem_insect","Bodemfoeragerende insecteneters",2021,4.21295785903399,46,46,67.5560658994449,"binair","volledig","1984-2025"
"fg_v1_bodem_insect","Bodemfoeragerende insecteneters",2022,4.2940665264494,46,46,73.2637927023445,"binair","volledig","1984-2025"
"fg_v1_bodem_insect","Bodemfoeragerende insecteneters",2023,4.40480051271582,43,43,81.8428146137678,"binair","volledig","1984-2025"
"fg_v1_bodem_insect","Bodemfoeragerende insecteneters",2024,4.43392525640665,47,47,84.2615166814983,"binair","volledig","1984-2025"
"fg_v1_bodem_insect","Bodemfoeragerende insecteneters",2025,4.32117690521328,47,47,75.277170273179,"binair","volledig","1984-2025"
"fg_v1_grondbroed","Grondbroeders",1958,4.60517018598809,29,29,99.9999999999999,"binair","volledig","1958-1983"
"fg_v1_grondbroed","Grondbroeders",1959,4.93925546870258,31,31,139.666224964347,"binair","volledig","1958-1983"
"fg_v1_grondbroed","Grondbroeders",1960,4.95209835745971,33,33,141.471510481678,"binair","volledig","1958-1983"
"fg_v1_grondbroed","Grondbroeders",1961,4.95396233139977,33,33,141.735455607475,"binair","volledig","1958-1983"
"fg_v1_grondbroed","Grondbroeders",1962,4.88765806664625,33,33,132.642569959286,"binair","volledig","1958-1983"
"fg_v1_grondbroed","Grondbroeders",1963,4.86173816022207,32,32,129.248661860161,"binair","volledig","1958-1983"
"fg_v1_grondbroed","Grondbroeders",1964,4.97938315578023,34,34,145.384674292741,"binair","volledig","1958-1983"
"fg_v1_grondbroed","Grondbroeders",1965,5.15736312041534,35,35,173.705809870292,"binair","volledig","1958-1983"
"fg_v1_grondbroed","Grondbroeders",1966,5.27278098563813,35,35,194.957382937142,"binair","volledig","1958-1983"
"fg_v1_grondbroed","Grondbroeders",1967,5.26159597795066,35,35,192.788932782925,"binair","volledig","1958-1983"
"fg_v1_grondbroed","Grondbroeders",1968,5.03894232728032,37,37,154.306722675145,"binair","volledig","1958-1983"
"fg_v1_grondbroed","Grondbroeders",1969,4.97011343610044,36,36,144.043226146067,"binair","volledig","1958-1983"
"fg_v1_grondbroed","Grondbroeders",1970,5.09328168166023,36,36,162.923649266402,"binair","volledig","1958-1983"
"fg_v1_grondbroed","Grondbroeders",1971,5.18048900276352,36,36,177.769719626519,"binair","volledig","1958-1983"
"fg_v1_grondbroed","Grondbroeders",1972,5.08321510854166,37,37,161.291793814866,"binair","volledig","1958-1983"
"fg_v1_grondbroed","Grondbroeders",1973,5.17852928388357,38,38,177.421682089937,"binair","volledig","1958-1983"
"fg_v1_grondbroed","Grondbroeders",1974,5.06127085633509,39,39,157.79091854363,"binair","volledig","1958-1983"
"fg_v1_grondbroed","Grondbroeders",1975,4.97606881922712,43,43,144.903618183753,"binair","volledig","1958-1983"
"fg_v1_grondbroed","Grondbroeders",1976,5.25080078782116,42,42,190.718932723219,"binair","volledig","1958-1983"
"fg_v1_grondbroed","Grondbroeders",1977,5.02405264399456,42,42,152.026164970273,"binair","volledig","1958-1983"
"fg_v1_grondbroed","Grondbroeders",1978,4.99546030828448,40,40,147.740936110773,"binair","volledig","1958-1983"
"fg_v1_grondbroed","Grondbroeders",1979,5.01528061128254,39,39,150.698418509767,"binair","volledig","1958-1983"
"fg_v1_grondbroed","Grondbroeders",1980,4.97405482374749,40,40,144.612076631978,"binair","volledig","1958-1983"
"fg_v1_grondbroed","Grondbroeders",1981,5.13177061673929,41,41,169.316647681164,"binair","volledig","1958-1983"
"fg_v1_grondbroed","Grondbroeders",1982,5.01821197579337,39,39,151.140818606805,"binair","volledig","1958-1983"
"fg_v1_grondbroed","Grondbroeders",1983,5.23854039682473,40,40,188.394919802671,"binair","volledig","1958-1983"
"fg_v1_grondbroed","Grondbroeders",1984,5.64263857119867,39,39,282.206358539939,"binair","volledig","1984-2025"
"fg_v1_grondbroed","Grondbroeders",1985,5.23202090321294,40,40,187.17067538959,"binair","volledig","1984-2025"
"fg_v1_grondbroed","Grondbroeders",1986,5.15897683528987,41,41,173.986347812718,"binair","volledig","1984-2025"
"fg_v1_grondbroed","Grondbroeders",1987,4.96653783469282,43,43,143.529104678374,"binair","volledig","1984-2025"
"fg_v1_grondbroed","Grondbroeders",1988,5.07274111301895,46,46,159.611240705144,"binair","volledig","1984-2025"
"fg_v1_grondbroed","Grondbroeders",1989,5.25245247151347,45,45,191.034200363751,"binair","volledig","1984-2025"
"fg_v1_grondbroed","Grondbroeders",1990,4.97648723155138,46,46,144.964260329256,"binair","volledig","1984-2025"
"fg_v1_grondbroed","Grondbroeders",1991,4.92542792255664,45,45,137.748274626434,"binair","volledig","1984-2025"
"fg_v1_grondbroed","Grondbroeders",1992,5.053514108709,44,44,156.571708874674,"binair","volledig","1984-2025"
"fg_v1_grondbroed","Grondbroeders",1993,5.07715167447447,45,45,160.316770639105,"binair","volledig","1984-2025"
"fg_v1_grondbroed","Grondbroeders",1994,4.98710961441386,47,47,146.512333761819,"binair","volledig","1984-2025"
"fg_v1_grondbroed","Grondbroeders",1995,4.8418133042983,48,48,126.698887195139,"binair","volledig","1984-2025"
"fg_v1_grondbroed","Grondbroeders",1996,4.92537601030357,51,51,137.741123988746,"binair","volledig","1984-2025"
"fg_v1_grondbroed","Grondbroeders",1997,4.78991764079846,51,51,120.291461146542,"binair","volledig","1984-2025"
"fg_v1_grondbroed","Grondbroeders",1998,4.80489130786009,51,51,122.106218313711,"binair","volledig","1984-2025"
"fg_v1_grondbroed","Grondbroeders",1999,4.65595095591821,52,52,105.20922177482,"binair","volledig","1984-2025"
"fg_v1_grondbroed","Grondbroeders",2000,4.77188425956353,51,51,118.14164188385,"binair","volledig","1984-2025"
"fg_v1_grondbroed","Grondbroeders",2001,4.62460873903702,50,50,101.962871186013,"binair","volledig","1984-2025"
"fg_v1_grondbroed","Grondbroeders",2002,4.42452440802912,52,52,83.4730986447491,"binair","volledig","1984-2025"
"fg_v1_grondbroed","Grondbroeders",2003,4.58661098914706,51,51,98.161196454442,"binair","volledig","1984-2025"
"fg_v1_grondbroed","Grondbroeders",2004,4.28115666136171,51,51,72.3240460756682,"binair","volledig","1984-2025"
"fg_v1_grondbroed","Grondbroeders",2005,4.31421124095492,52,52,74.7546367879437,"binair","volledig","1984-2025"
"fg_v1_grondbroed","Grondbroeders",2006,4.21637608445716,51,51,67.7873828829583,"binair","volledig","1984-2025"
"fg_v1_grondbroed","Grondbroeders",2007,4.51853904485844,51,51,91.7015282478899,"binair","volledig","1984-2025"
"fg_v1_grondbroed","Grondbroeders",2008,4.55578878760399,52,52,95.1818038599848,"binair","volledig","1984-2025"
"fg_v1_grondbroed","Grondbroeders",2009,4.69590368761298,51,51,109.497715673856,"binair","volledig","1984-2025"
"fg_v1_grondbroed","Grondbroeders",2010,4.29424658274347,51,51,73.2769854970353,"binair","volledig","1984-2025"
"fg_v1_grondbroed","Grondbroeders",2011,4.3955975050989,51,51,81.093069812695,"binair","volledig","1984-2025"
"fg_v1_grondbroed","Grondbroeders",2012,4.43994894473281,51,51,84.7706135770169,"binair","volledig","1984-2025"
"fg_v1_grondbroed","Grondbroeders",2013,4.2065590997172,52,52,67.1251709600859,"binair","volledig","1984-2025"
"fg_v1_grondbroed","Grondbroeders",2014,4.1665806503333,51,51,64.4945452419539,"binair","volledig","1984-2025"
"fg_v1_grondbroed","Grondbroeders",2015,4.50202664849495,44,44,90.1997493730066,"binair","volledig","1984-2025"
"fg_v1_grondbroed","Grondbroeders",2016,4.3078296806261,48,48,74.2791044962354,"binair","volledig","1984-2025"
"fg_v1_grondbroed","Grondbroeders",2017,4.61595527174301,45,45,101.084345444065,"binair","volledig","1984-2025"
"fg_v1_grondbroed","Grondbroeders",2018,4.40947062910377,45,45,82.2259239698722,"binair","volledig","1984-2025"
"fg_v1_grondbroed","Grondbroeders",2019,4.4606489413094,46,46,86.5436526286877,"binair","volledig","1984-2025"
"fg_v1_grondbroed","Grondbroeders",2020,4.44746147412408,51,51,85.409853450746,"binair","volledig","1984-2025"
"fg_v1_grondbroed","Grondbroeders",2021,4.19906067387234,47,47,66.6237202384054,"binair","volledig","1984-2025"
"fg_v1_grondbroed","Grondbroeders",2022,4.42698278126106,47,47,83.6785591218368,"binair","volledig","1984-2025"
"fg_v1_grondbroed","Grondbroeders",2023,4.68688844783772,43,43,108.515003859312,"binair","volledig","1984-2025"
"fg_v1_grondbroed","Grondbroeders",2024,4.28861945554253,46,46,72.8658045474831,"binair","volledig","1984-2025"
"fg_v1_grondbroed","Grondbroeders",2025,4.34893603061965,48,48,77.3960720515273,"binair","volledig","1984-2025"
"fg_v1_holenbroed","Holenbroeders",1958,4.60517018598809,7,7,100,"binair","volledig","1958-1983"
"fg_v1_holenbroed","Holenbroeders",1959,4.76228387531051,7,7,117.012863747102,"binair","volledig","1958-1983"
"fg_v1_holenbroed","Holenbroeders",1960,4.7640363629331,10,10,117.218107133222,"binair","volledig","1958-1983"
"fg_v1_holenbroed","Holenbroeders",1961,4.85084196256015,11,11,127.847987762051,"binair","volledig","1958-1983"
"fg_v1_holenbroed","Holenbroeders",1962,4.69251059846468,12,12,109.12680977728,"binair","volledig","1958-1983"
"fg_v1_holenbroed","Holenbroeders",1963,4.58763214078752,14,14,98.261485117483,"binair","volledig","1958-1983"
"fg_v1_holenbroed","Holenbroeders",1964,4.59009776666954,15,15,98.5040601050873,"binair","volledig","1958-1983"
"fg_v1_holenbroed","Holenbroeders",1965,4.61970612536502,16,16,101.4642099901,"binair","volledig","1958-1983"
"fg_v1_holenbroed","Holenbroeders",1966,4.6225789145891,18,18,101.75611436831,"binair","volledig","1958-1983"
"fg_v1_holenbroed","Holenbroeders",1967,4.47955309368255,19,19,88.1952488530486,"binair","volledig","1958-1983"
"fg_v1_holenbroed","Holenbroeders",1968,4.45645298065799,19,19,86.1812796506709,"binair","volledig","1958-1983"
"fg_v1_holenbroed","Holenbroeders",1969,4.23926412615601,19,19,69.3567952039446,"binair","volledig","1958-1983"
"fg_v1_holenbroed","Holenbroeders",1970,4.4405388093541,19,19,84.8206315133462,"binair","volledig","1958-1983"
"fg_v1_holenbroed","Holenbroeders",1971,4.35336011102111,19,19,77.7392370320577,"binair","volledig","1958-1983"
"fg_v1_holenbroed","Holenbroeders",1972,4.28960448623876,19,19,72.9376149635935,"binair","volledig","1958-1983"
"fg_v1_holenbroed","Holenbroeders",1973,4.4753096269322,24,24,87.8217881913612,"binair","volledig","1958-1983"
"fg_v1_holenbroed","Holenbroeders",1974,4.39558848900354,25,25,81.0923386731409,"binair","volledig","1958-1983"
"fg_v1_holenbroed","Holenbroeders",1975,4.35866925558945,28,28,78.1530634401622,"binair","volledig","1958-1983"
"fg_v1_holenbroed","Holenbroeders",1976,4.43680014320051,24,24,84.5041075465893,"binair","volledig","1958-1983"
"fg_v1_holenbroed","Holenbroeders",1977,4.23493127911652,29,29,69.0569329170114,"binair","volledig","1958-1983"
"fg_v1_holenbroed","Holenbroeders",1978,4.33271439113703,27,27,76.1507090965558,"binair","volledig","1958-1983"
"fg_v1_holenbroed","Holenbroeders",1979,4.52850511194659,24,24,92.6200010090007,"binair","volledig","1958-1983"
"fg_v1_holenbroed","Holenbroeders",1980,4.4266978168752,25,25,83.6547171098507,"binair","volledig","1958-1983"
"fg_v1_holenbroed","Holenbroeders",1981,4.37305072313706,23,23,79.2851401360073,"binair","volledig","1958-1983"
"fg_v1_holenbroed","Holenbroeders",1982,4.39286249683538,22,22,80.8715826193609,"binair","volledig","1958-1983"
"fg_v1_holenbroed","Holenbroeders",1983,4.61737498058555,25,25,101.22795770281,"binair","volledig","1958-1983"
"fg_v1_holenbroed","Holenbroeders",1984,5.01881844469183,24,24,151.232508613336,"binair","volledig","1984-2025"
"fg_v1_holenbroed","Holenbroeders",1985,4.89323785584613,27,27,133.384756234466,"binair","volledig","1984-2025"
"fg_v1_holenbroed","Holenbroeders",1986,4.8360997572396,27,27,125.977051226423,"binair","volledig","1984-2025"
"fg_v1_holenbroed","Holenbroeders",1987,4.86901077137925,27,27,130.192063458844,"binair","volledig","1984-2025"
"fg_v1_holenbroed","Holenbroeders",1988,4.35473252200188,28,28,77.8460004594895,"binair","volledig","1984-2025"
"fg_v1_holenbroed","Holenbroeders",1989,4.34361864620033,28,28,76.9856196176864,"binair","volledig","1984-2025"
"fg_v1_holenbroed","Holenbroeders",1990,4.35368563941123,28,28,77.7645474801485,"binair","volledig","1984-2025"
"fg_v1_holenbroed","Holenbroeders",1991,4.26632640679409,28,28,71.2593762366147,"binair","volledig","1984-2025"
"fg_v1_holenbroed","Holenbroeders",1992,4.32159851890261,28,28,75.3089148501642,"binair","volledig","1984-2025"
"fg_v1_holenbroed","Holenbroeders",1993,4.23345194350079,28,28,68.9548500626521,"binair","volledig","1984-2025"
"fg_v1_holenbroed","Holenbroeders",1994,4.14600804288986,28,28,63.1812792510067,"binair","volledig","1984-2025"
"fg_v1_holenbroed","Holenbroeders",1995,4.07600179752955,28,28,58.9094663953982,"binair","volledig","1984-2025"
"fg_v1_holenbroed","Holenbroeders",1996,4.08849005656189,28,28,59.6497559137709,"binair","volledig","1984-2025"
"fg_v1_holenbroed","Holenbroeders",1997,4.11518128708922,28,28,61.2633195049718,"binair","volledig","1984-2025"
"fg_v1_holenbroed","Holenbroeders",1998,3.74324728622815,28,28,42.2349165880137,"binair","volledig","1984-2025"
"fg_v1_holenbroed","Holenbroeders",1999,3.6859523083163,29,29,39.883085364665,"binair","volledig","1984-2025"
"fg_v1_holenbroed","Holenbroeders",2000,3.50710926282215,29,29,33.3517172510688,"binair","volledig","1984-2025"
"fg_v1_holenbroed","Holenbroeders",2001,3.49940087045507,29,29,33.0956174553419,"binair","volledig","1984-2025"
"fg_v1_holenbroed","Holenbroeders",2002,3.58212103969803,29,29,35.9497108025018,"binair","volledig","1984-2025"
"fg_v1_holenbroed","Holenbroeders",2003,3.66749344931632,29,29,39.1536421717399,"binair","volledig","1984-2025"
"fg_v1_holenbroed","Holenbroeders",2004,3.50389971002783,29,29,33.2448447519777,"binair","volledig","1984-2025"
"fg_v1_holenbroed","Holenbroeders",2005,3.58025746405408,29,29,35.8827781834134,"binair","volledig","1984-2025"
"fg_v1_holenbroed","Holenbroeders",2006,3.63356139430927,29,29,37.8473662776524,"binair","volledig","1984-2025"
"fg_v1_holenbroed","Holenbroeders",2007,3.46582922532926,30,30,32.0029864602951,"binair","volledig","1984-2025"
"fg_v1_holenbroed","Holenbroeders",2008,3.47682318693142,30,30,32.3567672273112,"binair","volledig","1984-2025"
"fg_v1_holenbroed","Holenbroeders",2009,3.51169865506752,31,31,33.5051331371525,"binair","volledig","1984-2025"
"fg_v1_holenbroed","Holenbroeders",2010,3.33546148557732,31,31,28.0913439830651,"binair","volledig","1984-2025"
"fg_v1_holenbroed","Holenbroeders",2011,3.39454252374144,30,30,29.8010170982132,"binair","volledig","1984-2025"
"fg_v1_holenbroed","Holenbroeders",2012,3.31741349785633,31,31,27.5888994465636,"binair","volledig","1984-2025"
"fg_v1_holenbroed","Holenbroeders",2013,2.92880887075874,31,31,18.7053367483724,"binair","volledig","1984-2025"
"fg_v1_holenbroed","Holenbroeders",2014,2.92925383502346,31,31,18.7136618068245,"binair","volledig","1984-2025"
"fg_v1_holenbroed","Holenbroeders",2015,3.05669499530952,31,31,21.2571858384031,"binair","volledig","1984-2025"
"fg_v1_holenbroed","Holenbroeders",2016,3.00132031766483,32,32,20.1120737270454,"binair","volledig","1984-2025"
"fg_v1_holenbroed","Holenbroeders",2017,2.8973780814111,31,31,18.1265566539926,"binair","volledig","1984-2025"
"fg_v1_holenbroed","Holenbroeders",2018,2.86627032016102,32,32,17.5713602862473,"binair","volledig","1984-2025"
"fg_v1_holenbroed","Holenbroeders",2019,3.15008907119946,33,33,23.3381432447789,"binair","volledig","1984-2025"
"fg_v1_holenbroed","Holenbroeders",2020,3.0681214846272,33,33,21.5014738646278,"binair","volledig","1984-2025"
"fg_v1_holenbroed","Holenbroeders",2021,2.84053206920449,33,33,17.1248747320457,"binair","volledig","1984-2025"
"fg_v1_holenbroed","Holenbroeders",2022,2.75899906684425,33,33,15.7840362736299,"binair","volledig","1984-2025"
"fg_v1_holenbroed","Holenbroeders",2023,2.40736066792736,29,29,11.1046136702218,"binair","volledig","1984-2025"
"fg_v1_holenbroed","Holenbroeders",2024,2.51448075477475,31,31,12.3601891433779,"binair","volledig","1984-2025"
"fg_v1_holenbroed","Holenbroeders",2025,2.87054115582373,32,32,17.6465651579124,"binair","volledig","1984-2025"
"fg_v1_lange_trek","Langeafstandstrekkers",1958,4.60517018598809,13,13,100,"binair","volledig","1958-1983"
"fg_v1_lange_trek","Langeafstandstrekkers",1959,4.98927022126743,18,18,146.829231536751,"binair","volledig","1958-1983"
"fg_v1_lange_trek","Langeafstandstrekkers",1960,4.62789938971058,19,19,102.29894802924,"binair","volledig","1958-1983"
"fg_v1_lange_trek","Langeafstandstrekkers",1961,4.64315307266847,18,18,103.871345689102,"binair","volledig","1958-1983"
"fg_v1_lange_trek","Langeafstandstrekkers",1962,4.56398897849487,19,19,95.9655217474837,"binair","volledig","1958-1983"
"fg_v1_lange_trek","Langeafstandstrekkers",1963,4.64085900872927,19,19,103.633331295143,"binair","volledig","1958-1983"
"fg_v1_lange_trek","Langeafstandstrekkers",1964,4.73057506975584,22,22,113.360733937346,"binair","volledig","1958-1983"
"fg_v1_lange_trek","Langeafstandstrekkers",1965,4.87928929832271,22,22,131.537146987468,"binair","volledig","1958-1983"
"fg_v1_lange_trek","Langeafstandstrekkers",1966,4.95916088212945,23,23,142.47419308207,"binair","volledig","1958-1983"
"fg_v1_lange_trek","Langeafstandstrekkers",1967,4.80933071335125,22,22,122.649502366633,"binair","volledig","1958-1983"
"fg_v1_lange_trek","Langeafstandstrekkers",1968,4.71676965368848,24,24,111.806494982419,"binair","volledig","1958-1983"
"fg_v1_lange_trek","Langeafstandstrekkers",1969,4.53372983202523,23,23,93.1051809489524,"binair","volledig","1958-1983"
"fg_v1_lange_trek","Langeafstandstrekkers",1970,4.82445022616999,22,22,124.517992828064,"binair","volledig","1958-1983"
"fg_v1_lange_trek","Langeafstandstrekkers",1971,4.84214156897613,23,23,126.740484791663,"binair","volledig","1958-1983"
"fg_v1_lange_trek","Langeafstandstrekkers",1972,4.60985346664699,24,24,100.469426435765,"binair","volledig","1958-1983"
"fg_v1_lange_trek","Langeafstandstrekkers",1973,4.83265816221529,23,23,125.544234450986,"binair","volledig","1958-1983"
"fg_v1_lange_trek","Langeafstandstrekkers",1974,4.59717417264212,24,24,99.2035869732971,"binair","volledig","1958-1983"
"fg_v1_lange_trek","Langeafstandstrekkers",1975,4.40645768056477,28,28,81.9785543355003,"binair","volledig","1958-1983"
"fg_v1_lange_trek","Langeafstandstrekkers",1976,4.97529980104023,24,24,144.792227502243,"binair","volledig","1958-1983"
"fg_v1_lange_trek","Langeafstandstrekkers",1977,4.45605991171248,26,26,86.1474111227248,"binair","volledig","1958-1983"
"fg_v1_lange_trek","Langeafstandstrekkers",1978,4.55036697580811,23,23,94.6671424923509,"binair","volledig","1958-1983"
"fg_v1_lange_trek","Langeafstandstrekkers",1979,4.6474394468988,22,22,104.317532727695,"binair","volledig","1958-1983"
"fg_v1_lange_trek","Langeafstandstrekkers",1980,4.76134681309466,22,22,116.903266771329,"binair","volledig","1958-1983"
"fg_v1_lange_trek","Langeafstandstrekkers",1981,5.11491758604708,20,20,166.48705956122,"binair","volledig","1958-1983"
"fg_v1_lange_trek","Langeafstandstrekkers",1982,4.94372327481831,20,20,140.291622615817,"binair","volledig","1958-1983"
"fg_v1_lange_trek","Langeafstandstrekkers",1983,4.71278243832669,21,21,111.361585971524,"binair","volledig","1958-1983"
"fg_v1_lange_trek","Langeafstandstrekkers",1984,5.45217288709649,20,20,233.264472997828,"binair","volledig","1984-2025"
"fg_v1_lange_trek","Langeafstandstrekkers",1985,4.51945454088184,23,23,91.7855190731073,"binair","volledig","1984-2025"
"fg_v1_lange_trek","Langeafstandstrekkers",1986,4.54112309716776,25,25,93.7960831021769,"binair","volledig","1984-2025"
"fg_v1_lange_trek","Langeafstandstrekkers",1987,4.53469687137629,25,25,93.1952608711124,"binair","volledig","1984-2025"
"fg_v1_lange_trek","Langeafstandstrekkers",1988,4.46379825367723,28,28,86.816635252421,"binair","volledig","1984-2025"
"fg_v1_lange_trek","Langeafstandstrekkers",1989,4.65601046193145,26,26,105.215482542439,"binair","volledig","1984-2025"
"fg_v1_lange_trek","Langeafstandstrekkers",1990,4.32668316429368,28,28,75.6928091330234,"binair","volledig","1984-2025"
"fg_v1_lange_trek","Langeafstandstrekkers",1991,4.4666641878149,28,28,87.0658028895806,"binair","volledig","1984-2025"
"fg_v1_lange_trek","Langeafstandstrekkers",1992,4.34780055332814,27,27,77.3082404440958,"binair","volledig","1984-2025"
"fg_v1_lange_trek","Langeafstandstrekkers",1993,4.43098142491536,27,27,84.0138297283878,"binair","volledig","1984-2025"
"fg_v1_lange_trek","Langeafstandstrekkers",1994,4.65820853695121,28,28,105.447008428722,"binair","volledig","1984-2025"
"fg_v1_lange_trek","Langeafstandstrekkers",1995,4.26474707444225,29,29,71.146922822384,"binair","volledig","1984-2025"
"fg_v1_lange_trek","Langeafstandstrekkers",1996,4.40284614664896,31,31,81.6830199935243,"binair","volledig","1984-2025"
"fg_v1_lange_trek","Langeafstandstrekkers",1997,4.28341341218102,32,32,72.4874477349703,"binair","volledig","1984-2025"
"fg_v1_lange_trek","Langeafstandstrekkers",1998,4.07711548367444,31,31,58.9751095981034,"binair","volledig","1984-2025"
"fg_v1_lange_trek","Langeafstandstrekkers",1999,3.97039197717504,31,31,53.005303637361,"binair","volledig","1984-2025"
"fg_v1_lange_trek","Langeafstandstrekkers",2000,4.22207053869503,31,31,68.1744961861145,"binair","volledig","1984-2025"
"fg_v1_lange_trek","Langeafstandstrekkers",2001,4.17808352795884,30,30,65.2407013472112,"binair","volledig","1984-2025"
"fg_v1_lange_trek","Langeafstandstrekkers",2002,3.79086613072769,31,31,44.2947487091401,"binair","volledig","1984-2025"
"fg_v1_lange_trek","Langeafstandstrekkers",2003,4.04556511586422,30,30,57.1434695925137,"binair","volledig","1984-2025"
"fg_v1_lange_trek","Langeafstandstrekkers",2004,3.57738633541303,30,30,35.7799018674898,"binair","volledig","1984-2025"
"fg_v1_lange_trek","Langeafstandstrekkers",2005,3.8167573027539,31,31,45.4565671872363,"binair","volledig","1984-2025"
"fg_v1_lange_trek","Langeafstandstrekkers",2006,3.81293765776388,31,31,45.2832704148859,"binair","volledig","1984-2025"
"fg_v1_lange_trek","Langeafstandstrekkers",2007,3.96605679863623,30,30,52.7760135484276,"binair","volledig","1984-2025"
"fg_v1_lange_trek","Langeafstandstrekkers",2008,4.25597386361653,31,31,70.5254659410647,"binair","volledig","1984-2025"
"fg_v1_lange_trek","Langeafstandstrekkers",2009,4.20245291812173,32,32,66.8501079343445,"binair","volledig","1984-2025"
"fg_v1_lange_trek","Langeafstandstrekkers",2010,3.79320632075133,29,29,44.3985282226976,"binair","volledig","1984-2025"
"fg_v1_lange_trek","Langeafstandstrekkers",2011,4.00930221850384,28,28,55.1084035199701,"binair","volledig","1984-2025"
"fg_v1_lange_trek","Langeafstandstrekkers",2012,4.22861655881579,28,28,68.6222316537603,"binair","volledig","1984-2025"
"fg_v1_lange_trek","Langeafstandstrekkers",2013,3.76753556881986,32,32,43.2732892760242,"binair","volledig","1984-2025"
"fg_v1_lange_trek","Langeafstandstrekkers",2014,3.60078024991159,30,30,36.6268013560832,"binair","volledig","1984-2025"
"fg_v1_lange_trek","Langeafstandstrekkers",2015,4.15949312083786,27,27,64.039054309689,"binair","volledig","1984-2025"
"fg_v1_lange_trek","Langeafstandstrekkers",2016,4.18804479395711,25,25,65.8938289153242,"binair","volledig","1984-2025"
"fg_v1_lange_trek","Langeafstandstrekkers",2017,4.30670488986904,22,22,74.1956030157058,"binair","volledig","1984-2025"
"fg_v1_lange_trek","Langeafstandstrekkers",2018,4.39008308584227,24,24,80.6471193359573,"binair","volledig","1984-2025"
"fg_v1_lange_trek","Langeafstandstrekkers",2019,3.93498253753641,28,28,51.161256547277,"binair","volledig","1984-2025"
"fg_v1_lange_trek","Langeafstandstrekkers",2020,3.88810805541839,30,30,48.8184373189539,"binair","volledig","1984-2025"
"fg_v1_lange_trek","Langeafstandstrekkers",2021,3.71005508614233,26,26,40.8560570675775,"binair","volledig","1984-2025"
"fg_v1_lange_trek","Langeafstandstrekkers",2022,4.30868657904914,27,27,74.3427814221759,"binair","volledig","1984-2025"
"fg_v1_lange_trek","Langeafstandstrekkers",2023,5.07098434495418,22,22,159.331086929348,"binair","volledig","1984-2025"
"fg_v1_lange_trek","Langeafstandstrekkers",2024,4.49071930063169,27,27,89.1855740519292,"binair","volledig","1984-2025"
"fg_v1_lange_trek","Langeafstandstrekkers",2025,4.69607596096656,28,28,109.51658083748,"binair","volledig","1984-2025"
"fg_v1_lucht","Luchtfoerageerders",1959,4.60517018598809,2,2,100,"binair","volledig","1958-1983"
"fg_v1_lucht","Luchtfoerageerders",1960,4.00043174554138,3,3,54.6217276303839,"binair","volledig","1958-1983"
"fg_v1_lucht","Luchtfoerageerders",1961,4.35919400343848,3,3,78.1940848541063,"binair","volledig","1958-1983"
"fg_v1_lucht","Luchtfoerageerders",1962,4.34552027936942,3,3,77.1321573118044,"binair","volledig","1958-1983"
"fg_v1_lucht","Luchtfoerageerders",1963,3.98819235648048,4,4,53.9572656538859,"binair","volledig","1958-1983"
"fg_v1_lucht","Luchtfoerageerders",1964,3.90357525218851,4,4,49.5793914380637,"binair","volledig","1958-1983"
"fg_v1_lucht","Luchtfoerageerders",1965,3.78428325955868,4,4,44.004119721031,"binair","volledig","1958-1983"
"fg_v1_lucht","Luchtfoerageerders",1966,3.84748412986913,5,5,46.8749833864976,"binair","volledig","1958-1983"
"fg_v1_lucht","Luchtfoerageerders",1967,3.61180279727927,5,5,37.0327552216556,"binair","volledig","1958-1983"
"fg_v1_lucht","Luchtfoerageerders",1968,3.81963267897928,5,5,45.5874600126903,"binair","volledig","1958-1983"
"fg_v1_lucht","Luchtfoerageerders",1969,3.47373812495677,5,5,32.2570984163956,"binair","volledig","1958-1983"
"fg_v1_lucht","Luchtfoerageerders",1970,3.62096531359623,5,5,37.3736276856606,"binair","volledig","1958-1983"
"fg_v1_lucht","Luchtfoerageerders",1971,3.23290563417744,6,6,25.3532172240905,"binair","volledig","1958-1983"
"fg_v1_lucht","Luchtfoerageerders",1972,3.03949931752304,6,6,20.8947789659851,"binair","volledig","1958-1983"
"fg_v1_lucht","Luchtfoerageerders",1973,3.46678353796791,6,6,32.0335418921471,"binair","volledig","1958-1983"
"fg_v1_lucht","Luchtfoerageerders",1974,3.4107567170752,6,6,30.2881551539555,"binair","volledig","1958-1983"
"fg_v1_lucht","Luchtfoerageerders",1975,3.54880797479412,7,7,34.7718438593724,"binair","volledig","1958-1983"
"fg_v1_lucht","Luchtfoerageerders",1976,3.29784034675418,6,6,27.0541482045765,"binair","volledig","1958-1983"
"fg_v1_lucht","Luchtfoerageerders",1977,2.89835178928115,7,7,18.1442152206109,"binair","volledig","1958-1983"
"fg_v1_lucht","Luchtfoerageerders",1978,2.60848537419717,6,6,13.5784689693766,"binair","volledig","1958-1983"
"fg_v1_lucht","Luchtfoerageerders",1979,2.55272968848377,5,5,12.8421109439544,"binair","volledig","1958-1983"
"fg_v1_lucht","Luchtfoerageerders",1980,2.43228326070956,4,4,11.3848470002202,"binair","volledig","1958-1983"
"fg_v1_lucht","Luchtfoerageerders",1981,2.78595143509334,2,2,16.2152382865926,"binair","volledig","1958-1983"
"fg_v1_lucht","Luchtfoerageerders",1982,1.47650948176472,2,2,4.37763875400796,"binair","volledig","1958-1983"
"fg_v1_lucht","Luchtfoerageerders",1983,2.00888742729963,5,5,7.45501848158613,"binair","volledig","1958-1983"
"fg_v1_lucht","Luchtfoerageerders",1984,3.21623323403259,5,5,24.934022443348,"binair","volledig","1984-2025"
"fg_v1_lucht","Luchtfoerageerders",1985,1.69460797560848,7,7,5.44451116561657,"binair","volledig","1984-2025"
"fg_v1_lucht","Luchtfoerageerders",1986,1.94955772572123,8,8,7.02557966018621,"binair","volledig","1984-2025"
"fg_v1_lucht","Luchtfoerageerders",1987,2.10503172519194,9,9,8.20736338564428,"binair","volledig","1984-2025"
"fg_v1_lucht","Luchtfoerageerders",1988,2.33375720394132,9,9,10.31663049112,"binair","volledig","1984-2025"
"fg_v1_lucht","Luchtfoerageerders",1989,2.3118986145868,9,9,10.0935702739416,"binair","volledig","1984-2025"
"fg_v1_lucht","Luchtfoerageerders",1990,2.20010428207495,9,9,9.02595469564237,"binair","volledig","1984-2025"
"fg_v1_lucht","Luchtfoerageerders",1991,2.27125816419701,9,9,9.6915867539748,"binair","volledig","1984-2025"
"fg_v1_lucht","Luchtfoerageerders",1992,2.32536666268634,9,9,10.2304305153129,"binair","volledig","1984-2025"
"fg_v1_lucht","Luchtfoerageerders",1993,2.37933849634068,9,9,10.79775774467,"binair","volledig","1984-2025"
"fg_v1_lucht","Luchtfoerageerders",1994,2.26195268644919,9,9,9.60182021710401,"binair","volledig","1984-2025"
"fg_v1_lucht","Luchtfoerageerders",1995,2.36608049551691,9,9,10.6555458692736,"binair","volledig","1984-2025"
"fg_v1_lucht","Luchtfoerageerders",1996,2.54905253161466,9,9,12.7949752033513,"binair","volledig","1984-2025"
"fg_v1_lucht","Luchtfoerageerders",1997,2.58286766546503,9,9,13.2350374522703,"binair","volledig","1984-2025"
"fg_v1_lucht","Luchtfoerageerders",1998,2.41504250961485,10,10,11.1902460404914,"binair","volledig","1984-2025"
"fg_v1_lucht","Luchtfoerageerders",1999,2.19664980748318,10,10,8.99482855765956,"binair","volledig","1984-2025"
"fg_v1_lucht","Luchtfoerageerders",2000,2.20055332368452,10,10,9.03000863499247,"binair","volledig","1984-2025"
"fg_v1_lucht","Luchtfoerageerders",2001,2.01350011646755,10,10,7.48948559651389,"binair","volledig","1984-2025"
"fg_v1_lucht","Luchtfoerageerders",2002,2.31769956758068,10,10,10.1522927591567,"binair","volledig","1984-2025"
"fg_v1_lucht","Luchtfoerageerders",2003,2.70387335998316,10,10,14.9374780462443,"binair","volledig","1984-2025"
"fg_v1_lucht","Luchtfoerageerders",2004,2.06681968709483,10,10,7.89965973554067,"binair","volledig","1984-2025"
"fg_v1_lucht","Luchtfoerageerders",2005,2.51658646723038,10,10,12.3862435695488,"binair","volledig","1984-2025"
"fg_v1_lucht","Luchtfoerageerders",2006,2.50647653856403,10,10,12.2616504058426,"binair","volledig","1984-2025"
"fg_v1_lucht","Luchtfoerageerders",2007,2.73690855723851,10,10,15.4391818968654,"binair","volledig","1984-2025"
"fg_v1_lucht","Luchtfoerageerders",2008,3.03941627398071,10,10,20.893043861569,"binair","volledig","1984-2025"
"fg_v1_lucht","Luchtfoerageerders",2009,2.52277751074923,11,11,12.4631652094389,"binair","volledig","1984-2025"
"fg_v1_lucht","Luchtfoerageerders",2010,2.25614892290329,11,11,9.5462549228385,"binair","volledig","1984-2025"
"fg_v1_lucht","Luchtfoerageerders",2011,2.66581572731233,9,9,14.3796746564599,"binair","volledig","1984-2025"
"fg_v1_lucht","Luchtfoerageerders",2012,2.48580460344922,10,10,12.0107802833077,"binair","volledig","1984-2025"
"fg_v1_lucht","Luchtfoerageerders",2013,2.01702262670135,11,11,7.51591390584147,"binair","volledig","1984-2025"
"fg_v1_lucht","Luchtfoerageerders",2014,2.15024880870604,11,11,8.58699465043543,"binair","volledig","1984-2025"
"fg_v1_lucht","Luchtfoerageerders",2015,2.61339014896947,11,11,13.6452318961416,"binair","volledig","1984-2025"
"fg_v1_lucht","Luchtfoerageerders",2016,2.63127363561745,10,10,13.8914512870562,"binair","volledig","1984-2025"
"fg_v1_lucht","Luchtfoerageerders",2017,1.78459278574863,7,7,5.95715361574772,"binair","volledig","1984-2025"
"fg_v1_lucht","Luchtfoerageerders",2018,2.15201130201649,9,9,8.6021425161484,"binair","volledig","1984-2025"
"fg_v1_lucht","Luchtfoerageerders",2019,2.07441225780025,12,12,7.95986673434952,"binair","volledig","1984-2025"
"fg_v1_lucht","Luchtfoerageerders",2020,2.1082104963237,13,13,8.23349422541858,"binair","volledig","1984-2025"
"fg_v1_lucht","Luchtfoerageerders",2021,1.6806885429628,12,12,5.36925165910135,"binair","volledig","1984-2025"
"fg_v1_lucht","Luchtfoerageerders",2022,2.3410719078442,12,12,10.3923702577174,"binair","volledig","1984-2025"
"fg_v1_lucht","Luchtfoerageerders",2023,2.58013565115936,8,8,13.1989284881773,"binair","volledig","1984-2025"
"fg_v1_lucht","Luchtfoerageerders",2024,2.33616754899199,11,11,10.341527123047,"binair","volledig","1984-2025"
"fg_v1_lucht","Luchtfoerageerders",2025,3.11810646017442,11,11,22.6035383950213,"binair","volledig","1984-2025"
"fg_v1_zaad","Zaadeters",1958,4.60517018598809,14,14,100,"binair","volledig","1958-1983"
"fg_v1_zaad","Zaadeters",1959,5.30514883123109,17,17,201.37097047299,"binair","volledig","1958-1983"
"fg_v1_zaad","Zaadeters",1960,5.1600867868828,22,22,174.179571451226,"binair","volledig","1958-1983"
"fg_v1_zaad","Zaadeters",1961,5.06747464858512,25,25,158.772863362702,"binair","volledig","1958-1983"
"fg_v1_zaad","Zaadeters",1962,5.11692629638025,26,26,166.821819943859,"binair","volledig","1958-1983"
"fg_v1_zaad","Zaadeters",1963,4.86306680413279,27,27,129.420501439237,"binair","volledig","1958-1983"
"fg_v1_zaad","Zaadeters",1964,5.01165972654009,28,28,150.153743603097,"binair","volledig","1958-1983"
"fg_v1_zaad","Zaadeters",1965,4.93584857589086,29,29,139.19120673403,"binair","volledig","1958-1983"
"fg_v1_zaad","Zaadeters",1966,5.0698985003634,30,30,159.158172026809,"binair","volledig","1958-1983"
"fg_v1_zaad","Zaadeters",1967,4.96350780104674,32,32,143.094864874847,"binair","volledig","1958-1983"
"fg_v1_zaad","Zaadeters",1968,4.88694738138449,32,32,132.548336328926,"binair","volledig","1958-1983"
"fg_v1_zaad","Zaadeters",1969,4.83812314169185,32,32,126.232209287588,"binair","volledig","1958-1983"
"fg_v1_zaad","Zaadeters",1970,4.89278434141646,34,34,133.324278037719,"binair","volledig","1958-1983"
"fg_v1_zaad","Zaadeters",1971,4.90978302414152,34,34,135.609987122701,"binair","volledig","1958-1983"
"fg_v1_zaad","Zaadeters",1972,4.9227919318847,34,34,137.3856496075,"binair","volledig","1958-1983"
"fg_v1_zaad","Zaadeters",1973,5.08084921627517,38,38,160.910645862516,"binair","volledig","1958-1983"
"fg_v1_zaad","Zaadeters",1974,5.1680141767703,37,37,175.565848343398,"binair","volledig","1958-1983"
"fg_v1_zaad","Zaadeters",1975,5.16226020749548,40,40,174.55854861133,"binair","volledig","1958-1983"
"fg_v1_zaad","Zaadeters",1976,5.06387035209848,40,40,158.201628956597,"binair","volledig","1958-1983"
"fg_v1_zaad","Zaadeters",1977,4.99271967148935,41,41,147.336586206326,"binair","volledig","1958-1983"
"fg_v1_zaad","Zaadeters",1978,4.80626668455269,40,40,122.274275905155,"binair","volledig","1958-1983"
"fg_v1_zaad","Zaadeters",1979,5.05274829198271,36,36,156.451849542153,"binair","volledig","1958-1983"
"fg_v1_zaad","Zaadeters",1980,4.97333854247339,38,38,144.508530797875,"binair","volledig","1958-1983"
"fg_v1_zaad","Zaadeters",1981,5.14922472888487,37,37,172.297860969253,"binair","volledig","1958-1983"
"fg_v1_zaad","Zaadeters",1982,4.86192135596204,37,37,129.272341833379,"binair","volledig","1958-1983"
"fg_v1_zaad","Zaadeters",1983,5.13325641676336,40,40,169.568405344821,"binair","volledig","1958-1983"
"fg_v1_zaad","Zaadeters",1984,5.7980810873998,36,36,329.666351652251,"binair","volledig","1984-2025"
"fg_v1_zaad","Zaadeters",1985,5.69950297500974,37,37,298.718893309072,"binair","volledig","1984-2025"
"fg_v1_zaad","Zaadeters",1986,5.6662697581995,38,38,288.954650813578,"binair","volledig","1984-2025"
"fg_v1_zaad","Zaadeters",1987,5.49873172356689,38,38,244.381791966546,"binair","volledig","1984-2025"
"fg_v1_zaad","Zaadeters",1988,5.18961073764117,41,41,179.398706174821,"binair","volledig","1984-2025"
"fg_v1_zaad","Zaadeters",1989,5.16423875517831,42,42,174.904262916542,"binair","volledig","1984-2025"
"fg_v1_zaad","Zaadeters",1990,5.0993079821198,42,42,163.908440472371,"binair","volledig","1984-2025"
"fg_v1_zaad","Zaadeters",1991,5.02462561416914,42,42,152.113296388024,"binair","volledig","1984-2025"
"fg_v1_zaad","Zaadeters",1992,5.10484226392769,44,44,164.818070726019,"binair","volledig","1984-2025"
"fg_v1_zaad","Zaadeters",1993,5.11941159111474,42,42,167.236936964965,"binair","volledig","1984-2025"
"fg_v1_zaad","Zaadeters",1994,5.0422674953316,43,43,154.820672470651,"binair","volledig","1984-2025"
"fg_v1_zaad","Zaadeters",1995,5.00459762964453,43,43,149.097078842605,"binair","volledig","1984-2025"
"fg_v1_zaad","Zaadeters",1996,5.01470501312265,44,44,150.611701736776,"binair","volledig","1984-2025"
"fg_v1_zaad","Zaadeters",1997,5.11480236565245,43,43,166.467877961593,"binair","volledig","1984-2025"
"fg_v1_zaad","Zaadeters",1998,4.91286273238726,44,44,136.028270082383,"binair","volledig","1984-2025"
"fg_v1_zaad","Zaadeters",1999,4.8768639997572,45,45,131.21851667657,"binair","volledig","1984-2025"
"fg_v1_zaad","Zaadeters",2000,4.79442301401497,45,45,120.834641770676,"binair","volledig","1984-2025"
"fg_v1_zaad","Zaadeters",2001,4.98665474337441,44,44,146.445704699234,"binair","volledig","1984-2025"
"fg_v1_zaad","Zaadeters",2002,4.9655484419273,45,45,143.38716824758,"binair","volledig","1984-2025"
"fg_v1_zaad","Zaadeters",2003,4.79647127847965,47,47,121.082396720729,"binair","volledig","1984-2025"
"fg_v1_zaad","Zaadeters",2004,4.76764725136288,46,46,117.642133735682,"binair","volledig","1984-2025"
"fg_v1_zaad","Zaadeters",2005,4.57834045084699,48,48,97.352698484851,"binair","volledig","1984-2025"
"fg_v1_zaad","Zaadeters",2006,4.59740383451417,47,47,99.2263728712219,"binair","volledig","1984-2025"
"fg_v1_zaad","Zaadeters",2007,4.58624351364669,48,48,98.1251312466047,"binair","volledig","1984-2025"
"fg_v1_zaad","Zaadeters",2008,4.52827833827618,48,48,92.5989996127908,"binair","volledig","1984-2025"
"fg_v1_zaad","Zaadeters",2009,4.43931761777573,47,47,84.7171124936127,"binair","volledig","1984-2025"
"fg_v1_zaad","Zaadeters",2010,4.4353025981771,47,47,84.3776535497844,"binair","volledig","1984-2025"
"fg_v1_zaad","Zaadeters",2011,4.39514639506119,47,47,81.0564961649037,"binair","volledig","1984-2025"
"fg_v1_zaad","Zaadeters",2012,4.29201722197819,48,48,73.113806620447,"binair","volledig","1984-2025"
"fg_v1_zaad","Zaadeters",2013,4.17381377078319,46,46,64.9627332449376,"binair","volledig","1984-2025"
"fg_v1_zaad","Zaadeters",2014,4.12708127173268,47,47,61.9967070620808,"binair","volledig","1984-2025"
"fg_v1_zaad","Zaadeters",2015,4.08398364581668,45,45,59.3815543797897,"binair","volledig","1984-2025"
"fg_v1_zaad","Zaadeters",2016,4.16141890640942,46,46,64.1624986219821,"binair","volledig","1984-2025"
"fg_v1_zaad","Zaadeters",2017,4.19314645339892,44,44,66.2308557568698,"binair","volledig","1984-2025"
"fg_v1_zaad","Zaadeters",2018,4.20810164921763,45,45,67.2287947608909,"binair","volledig","1984-2025"
"fg_v1_zaad","Zaadeters",2019,4.31304256039671,45,45,74.6673235278862,"binair","volledig","1984-2025"
"fg_v1_zaad","Zaadeters",2020,4.45387759989302,47,47,85.959615597944,"binair","volledig","1984-2025"
"fg_v1_zaad","Zaadeters",2021,4.16255059934382,46,46,64.235151971213,"binair","volledig","1984-2025"
"fg_v1_zaad","Zaadeters",2022,4.10796129096436,45,45,60.8225915172649,"binair","volledig","1984-2025"
"fg_v1_zaad","Zaadeters",2023,4.21927686403513,44,44,67.984304614054,"binair","volledig","1984-2025"
"fg_v1_zaad","Zaadeters",2024,4.17476098261759,44,44,65.0242958664813,"binair","volledig","1984-2025"
"fg_v1_zaad","Zaadeters",2025,4.23962163553644,44,44,69.3815953417031,"binair","volledig","1984-2025"
"fg_v1_bodem_insect","Bodemfoeragerende insecteneters",1958,4.60517018598809,25,25,99.9999999999999,"binair","robuust","1958-1983"
"fg_v1_bodem_insect","Bodemfoeragerende insecteneters",1959,5.04601359184463,29,29,155.40173332745,"binair","robuust","1958-1983"
"fg_v1_bodem_insect","Bodemfoeragerende insecteneters",1960,4.96285899011505,34,34,143.002053474029,"binair","robuust","1958-1983"
"fg_v1_bodem_insect","Bodemfoeragerende insecteneters",1961,5.08430798696126,35,35,161.468162492792,"binair","robuust","1958-1983"
"fg_v1_bodem_insect","Bodemfoeragerende insecteneters",1962,5.02945043775251,36,36,152.848989575525,"binair","robuust","1958-1983"
"fg_v1_bodem_insect","Bodemfoeragerende insecteneters",1963,5.03468675201989,35,35,153.651454064957,"binair","robuust","1958-1983"
"fg_v1_bodem_insect","Bodemfoeragerende insecteneters",1964,5.03752917592361,37,37,154.088817923108,"binair","robuust","1958-1983"
"fg_v1_bodem_insect","Bodemfoeragerende insecteneters",1965,5.04756713360856,37,37,155.643344037932,"binair","robuust","1958-1983"
"fg_v1_bodem_insect","Bodemfoeragerende insecteneters",1966,5.20751119146757,37,37,182.638938726979,"binair","robuust","1958-1983"
"fg_v1_bodem_insect","Bodemfoeragerende insecteneters",1967,5.19468506307586,37,37,180.311347152897,"binair","robuust","1958-1983"
"fg_v1_bodem_insect","Bodemfoeragerende insecteneters",1968,5.17276992072639,38,38,176.402783111868,"binair","robuust","1958-1983"
"fg_v1_bodem_insect","Bodemfoeragerende insecteneters",1969,5.20199086241364,37,37,181.633489445924,"binair","robuust","1958-1983"
"fg_v1_bodem_insect","Bodemfoeragerende insecteneters",1970,5.23195809119431,38,38,187.158919190859,"binair","robuust","1958-1983"
"fg_v1_bodem_insect","Bodemfoeragerende insecteneters",1971,5.28874466878635,38,38,198.094594931452,"binair","robuust","1958-1983"
"fg_v1_bodem_insect","Bodemfoeragerende insecteneters",1972,5.28501351343037,38,38,197.356850398193,"binair","robuust","1958-1983"
"fg_v1_bodem_insect","Bodemfoeragerende insecteneters",1973,5.37252801805716,40,40,215.406732073532,"binair","robuust","1958-1983"
"fg_v1_bodem_insect","Bodemfoeragerende insecteneters",1974,5.43258380665425,39,39,228.739501187496,"binair","robuust","1958-1983"
"fg_v1_bodem_insect","Bodemfoeragerende insecteneters",1975,5.38739605741145,42,42,218.633335034273,"binair","robuust","1958-1983"
"fg_v1_bodem_insect","Bodemfoeragerende insecteneters",1976,5.50743135374185,41,41,246.51709789682,"binair","robuust","1958-1983"
"fg_v1_bodem_insect","Bodemfoeragerende insecteneters",1977,5.33040623351231,42,42,206.521853215713,"binair","robuust","1958-1983"
"fg_v1_bodem_insect","Bodemfoeragerende insecteneters",1978,5.38558319979096,41,41,218.237342973826,"binair","robuust","1958-1983"
"fg_v1_bodem_insect","Bodemfoeragerende insecteneters",1979,5.52891826183214,39,39,251.871304802025,"binair","robuust","1958-1983"
"fg_v1_bodem_insect","Bodemfoeragerende insecteneters",1980,5.49640386067794,40,40,243.813566294616,"binair","robuust","1958-1983"
"fg_v1_bodem_insect","Bodemfoeragerende insecteneters",1981,5.5309065003723,39,39,252.372583202778,"binair","robuust","1958-1983"
"fg_v1_bodem_insect","Bodemfoeragerende insecteneters",1982,5.39379274836633,40,40,220.036347445326,"binair","robuust","1958-1983"
"fg_v1_bodem_insect","Bodemfoeragerende insecteneters",1983,5.48388086097076,40,40,240.779327614092,"binair","robuust","1958-1983"
"fg_v1_bodem_insect","Bodemfoeragerende insecteneters",1984,5.61202741396928,39,39,273.698576195133,"binair","robuust","1984-2025"
"fg_v1_bodem_insect","Bodemfoeragerende insecteneters",1985,5.27487539216552,41,41,195.366130845256,"binair","robuust","1984-2025"
"fg_v1_bodem_insect","Bodemfoeragerende insecteneters",1986,5.24537551013738,40,40,189.68703126068,"binair","robuust","1984-2025"
"fg_v1_bodem_insect","Bodemfoeragerende insecteneters",1987,5.23293931529163,40,40,187.342654160246,"binair","robuust","1984-2025"
"fg_v1_bodem_insect","Bodemfoeragerende insecteneters",1988,5.29844467026389,42,42,200.025462363864,"binair","robuust","1984-2025"
"fg_v1_bodem_insect","Bodemfoeragerende insecteneters",1989,5.24170844233673,41,41,188.99270989597,"binair","robuust","1984-2025"
"fg_v1_bodem_insect","Bodemfoeragerende insecteneters",1990,5.17753127809356,41,41,177.244702551929,"binair","robuust","1984-2025"
"fg_v1_bodem_insect","Bodemfoeragerende insecteneters",1991,5.04078416407883,41,41,154.59119236818,"binair","robuust","1984-2025"
"fg_v1_bodem_insect","Bodemfoeragerende insecteneters",1992,5.16219166725273,42,42,174.546584736041,"binair","robuust","1984-2025"
"fg_v1_bodem_insect","Bodemfoeragerende insecteneters",1993,5.14245209584378,41,41,171.13489340472,"binair","robuust","1984-2025"
"fg_v1_bodem_insect","Bodemfoeragerende insecteneters",1994,5.1353956398585,42,42,169.931538266423,"binair","robuust","1984-2025"
"fg_v1_bodem_insect","Bodemfoeragerende insecteneters",1995,5.09540196951089,42,42,163.26946078095,"binair","robuust","1984-2025"
"fg_v1_bodem_insect","Bodemfoeragerende insecteneters",1996,5.06248972964688,43,43,157.983362941931,"binair","robuust","1984-2025"
"fg_v1_bodem_insect","Bodemfoeragerende insecteneters",1997,5.07540546300747,42,42,160.03706793697,"binair","robuust","1984-2025"
"fg_v1_bodem_insect","Bodemfoeragerende insecteneters",1998,5.06901903983674,42,42,159.018260229486,"binair","robuust","1984-2025"
"fg_v1_bodem_insect","Bodemfoeragerende insecteneters",1999,4.9682921600243,42,42,143.781122418433,"binair","robuust","1984-2025"
"fg_v1_bodem_insect","Bodemfoeragerende insecteneters",2000,5.01180842830734,42,42,150.176073390328,"binair","robuust","1984-2025"
"fg_v1_bodem_insect","Bodemfoeragerende insecteneters",2001,4.94208765835562,42,42,140.062346882985,"binair","robuust","1984-2025"
"fg_v1_bodem_insect","Bodemfoeragerende insecteneters",2002,4.80977845967802,42,42,122.704430526822,"binair","robuust","1984-2025"
"fg_v1_bodem_insect","Bodemfoeragerende insecteneters",2003,4.80141955886963,43,43,121.683031198329,"binair","robuust","1984-2025"
"fg_v1_bodem_insect","Bodemfoeragerende insecteneters",2004,4.62280956348889,43,43,101.779587011002,"binair","robuust","1984-2025"
"fg_v1_bodem_insect","Bodemfoeragerende insecteneters",2005,4.68904568941325,43,43,108.74934961653,"binair","robuust","1984-2025"
"fg_v1_bodem_insect","Bodemfoeragerende insecteneters",2006,4.47459870462307,43,43,87.7593759106779,"binair","robuust","1984-2025"
"fg_v1_bodem_insect","Bodemfoeragerende insecteneters",2007,4.50867538910425,43,43,90.8014622093016,"binair","robuust","1984-2025"
"fg_v1_bodem_insect","Bodemfoeragerende insecteneters",2008,4.56237387862558,43,43,95.8106529438109,"binair","robuust","1984-2025"
"fg_v1_bodem_insect","Bodemfoeragerende insecteneters",2009,4.63412269398707,42,42,102.937570620215,"binair","robuust","1984-2025"
"fg_v1_bodem_insect","Bodemfoeragerende insecteneters",2010,4.38299756641842,42,42,80.0777122601084,"binair","robuust","1984-2025"
"fg_v1_bodem_insect","Bodemfoeragerende insecteneters",2011,4.69932067399135,41,41,109.872507841977,"binair","robuust","1984-2025"
"fg_v1_bodem_insect","Bodemfoeragerende insecteneters",2012,4.72355537011277,41,41,112.567762102059,"binair","robuust","1984-2025"
"fg_v1_bodem_insect","Bodemfoeragerende insecteneters",2013,4.06521993895628,43,43,58.2777246550521,"binair","robuust","1984-2025"
"fg_v1_bodem_insect","Bodemfoeragerende insecteneters",2014,4.11808692112162,43,43,61.4415871559185,"binair","robuust","1984-2025"
"fg_v1_bodem_insect","Bodemfoeragerende insecteneters",2015,4.45444603976084,39,39,86.0084923609062,"binair","robuust","1984-2025"
"fg_v1_bodem_insect","Bodemfoeragerende insecteneters",2016,4.39057060129167,40,40,80.6864456378943,"binair","robuust","1984-2025"
"fg_v1_bodem_insect","Bodemfoeragerende insecteneters",2017,4.63120451924949,39,39,102.637618671043,"binair","robuust","1984-2025"
"fg_v1_bodem_insect","Bodemfoeragerende insecteneters",2018,4.39455134692264,40,40,81.0082779952323,"binair","robuust","1984-2025"
"fg_v1_bodem_insect","Bodemfoeragerende insecteneters",2019,4.46951947954129,41,41,87.3147564045419,"binair","robuust","1984-2025"
"fg_v1_bodem_insect","Bodemfoeragerende insecteneters",2020,4.31340112546408,43,43,74.6941014222989,"binair","robuust","1984-2025"
"fg_v1_bodem_insect","Bodemfoeragerende insecteneters",2021,4.20876802238242,41,41,67.2736091555175,"binair","robuust","1984-2025"
"fg_v1_bodem_insect","Bodemfoeragerende insecteneters",2022,4.3797775920811,40,40,79.820278768685,"binair","robuust","1984-2025"
"fg_v1_bodem_insect","Bodemfoeragerende insecteneters",2023,4.46084538381295,38,38,86.560655150431,"binair","robuust","1984-2025"
"fg_v1_bodem_insect","Bodemfoeragerende insecteneters",2024,4.40282219242164,40,40,81.6810633633299,"binair","robuust","1984-2025"
"fg_v1_bodem_insect","Bodemfoeragerende insecteneters",2025,4.32481853081322,41,41,75.5518012917103,"binair","robuust","1984-2025"
"fg_v1_grondbroed","Grondbroeders",1958,4.60517018598809,28,28,99.9999999999998,"binair","robuust","1958-1983"
"fg_v1_grondbroed","Grondbroeders",1959,4.96034404659313,30,30,142.642863246912,"binair","robuust","1958-1983"
"fg_v1_grondbroed","Grondbroeders",1960,4.98118362954696,32,32,145.646671373547,"binair","robuust","1958-1983"
"fg_v1_grondbroed","Grondbroeders",1961,4.99303074920886,32,32,147.382426465136,"binair","robuust","1958-1983"
"fg_v1_grondbroed","Grondbroeders",1962,4.93372938023341,32,32,138.896545665669,"binair","robuust","1958-1983"
"fg_v1_grondbroed","Grondbroeders",1963,4.91848174219099,31,31,136.794765722087,"binair","robuust","1958-1983"
"fg_v1_grondbroed","Grondbroeders",1964,5.04532236480511,33,33,155.294352563904,"binair","robuust","1958-1983"
"fg_v1_grondbroed","Grondbroeders",1965,5.23532728523334,34,34,187.790557364031,"binair","robuust","1958-1983"
"fg_v1_grondbroed","Grondbroeders",1966,5.36294267182228,34,34,213.351848085872,"binair","robuust","1958-1983"
"fg_v1_grondbroed","Grondbroeders",1967,5.38311221964044,33,33,217.698748533364,"binair","robuust","1958-1983"
"fg_v1_grondbroed","Grondbroeders",1968,5.16829986696152,35,35,175.61601294961,"binair","robuust","1958-1983"
"fg_v1_grondbroed","Grondbroeders",1969,5.11213314473526,34,34,166.024130912616,"binair","robuust","1958-1983"
"fg_v1_grondbroed","Grondbroeders",1970,5.25545287494864,34,34,191.60824078053,"binair","robuust","1958-1983"
"fg_v1_grondbroed","Grondbroeders",1971,5.36069633220806,34,34,212.873125266072,"binair","robuust","1958-1983"
"fg_v1_grondbroed","Grondbroeders",1972,5.24876586396589,35,35,190.331228825111,"binair","robuust","1958-1983"
"fg_v1_grondbroed","Grondbroeders",1973,5.37646822933933,35,35,216.257154431133,"binair","robuust","1958-1983"
"fg_v1_grondbroed","Grondbroeders",1974,5.24582429294494,36,36,189.772178644038,"binair","robuust","1958-1983"
"fg_v1_grondbroed","Grondbroeders",1975,5.12971777164346,40,40,168.969423352148,"binair","robuust","1958-1983"
"fg_v1_grondbroed","Grondbroeders",1976,5.49171234117826,38,38,242.672389214464,"binair","robuust","1958-1983"
"fg_v1_grondbroed","Grondbroeders",1977,5.20914208644755,38,38,182.937046680603,"binair","robuust","1958-1983"
"fg_v1_grondbroed","Grondbroeders",1978,5.28581533976399,37,37,197.515159777796,"binair","robuust","1958-1983"
"fg_v1_grondbroed","Grondbroeders",1979,5.29845621443623,36,36,200.027771505601,"binair","robuust","1958-1983"
"fg_v1_grondbroed","Grondbroeders",1980,5.20953355542644,38,38,183.008674878664,"binair","robuust","1958-1983"
"fg_v1_grondbroed","Grondbroeders",1981,5.22298410038067,38,38,185.486870465475,"binair","robuust","1958-1983"
"fg_v1_grondbroed","Grondbroeders",1982,5.24871917030723,37,37,190.322341771167,"binair","robuust","1958-1983"
"fg_v1_grondbroed","Grondbroeders",1983,5.33688790704351,37,37,207.864808040996,"binair","robuust","1958-1983"
"fg_v1_grondbroed","Grondbroeders",1984,5.72909426996622,36,36,307.690457644249,"binair","robuust","1984-2025"
"fg_v1_grondbroed","Grondbroeders",1985,5.36692860992049,37,37,214.20395243491,"binair","robuust","1984-2025"
"fg_v1_grondbroed","Grondbroeders",1986,5.39943387951958,37,37,221.281108970319,"binair","robuust","1984-2025"
"fg_v1_grondbroed","Grondbroeders",1987,5.30170157945188,37,37,200.677989163527,"binair","robuust","1984-2025"
"fg_v1_grondbroed","Grondbroeders",1988,5.31298555623243,38,38,202.955259100838,"binair","robuust","1984-2025"
"fg_v1_grondbroed","Grondbroeders",1989,5.52670058082969,37,37,251.313353501976,"binair","robuust","1984-2025"
"fg_v1_grondbroed","Grondbroeders",1990,5.31175729093376,38,38,202.706129229012,"binair","robuust","1984-2025"
"fg_v1_grondbroed","Grondbroeders",1991,5.234599476109,37,37,187.653931407755,"binair","robuust","1984-2025"
"fg_v1_grondbroed","Grondbroeders",1992,5.30591567609643,37,37,201.525449991069,"binair","robuust","1984-2025"
"fg_v1_grondbroed","Grondbroeders",1993,5.33749245674391,37,37,207.990510641327,"binair","robuust","1984-2025"
"fg_v1_grondbroed","Grondbroeders",1994,5.24006649703544,37,37,188.682648825297,"binair","robuust","1984-2025"
"fg_v1_grondbroed","Grondbroeders",1995,5.00168062037832,38,38,148.662794995001,"binair","robuust","1984-2025"
"fg_v1_grondbroed","Grondbroeders",1996,5.05221179613991,40,40,156.367936286844,"binair","robuust","1984-2025"
"fg_v1_grondbroed","Grondbroeders",1997,4.87640316977687,40,40,131.158061181034,"binair","robuust","1984-2025"
"fg_v1_grondbroed","Grondbroeders",1998,4.83360076445316,40,40,125.662628517822,"binair","robuust","1984-2025"
"fg_v1_grondbroed","Grondbroeders",1999,4.71351710356566,40,40,111.443429517818,"binair","robuust","1984-2025"
"fg_v1_grondbroed","Grondbroeders",2000,4.90898139252148,39,39,135.501321429777,"binair","robuust","1984-2025"
"fg_v1_grondbroed","Grondbroeders",2001,4.80257674220897,39,39,121.823922277394,"binair","robuust","1984-2025"
"fg_v1_grondbroed","Grondbroeders",2002,4.47526688461443,40,40,87.8180345648032,"binair","robuust","1984-2025"
"fg_v1_grondbroed","Grondbroeders",2003,4.49755829077825,39,39,89.7976037611864,"binair","robuust","1984-2025"
"fg_v1_grondbroed","Grondbroeders",2004,4.1867261881902,38,38,65.806998192839,"binair","robuust","1984-2025"
"fg_v1_grondbroed","Grondbroeders",2005,4.21361464319564,39,39,67.6004502274176,"binair","robuust","1984-2025"
"fg_v1_grondbroed","Grondbroeders",2006,4.01666399570643,38,38,55.5155963009319,"binair","robuust","1984-2025"
"fg_v1_grondbroed","Grondbroeders",2007,4.40199247304806,38,38,81.6133191108485,"binair","robuust","1984-2025"
"fg_v1_grondbroed","Grondbroeders",2008,4.39502467987039,39,39,81.0466309583925,"binair","robuust","1984-2025"
"fg_v1_grondbroed","Grondbroeders",2009,4.49489655753417,39,39,89.558904312074,"binair","robuust","1984-2025"
"fg_v1_grondbroed","Grondbroeders",2010,4.10562879252242,38,38,60.6808882428948,"binair","robuust","1984-2025"
"fg_v1_grondbroed","Grondbroeders",2011,4.13267416093937,39,39,62.3444192272851,"binair","robuust","1984-2025"
"fg_v1_grondbroed","Grondbroeders",2012,4.2684571992434,39,39,71.4113770610365,"binair","robuust","1984-2025"
"fg_v1_grondbroed","Grondbroeders",2013,4.04890176014844,39,39,57.3344554724918,"binair","robuust","1984-2025"
"fg_v1_grondbroed","Grondbroeders",2014,4.01433558894445,39,39,55.3864837826712,"binair","robuust","1984-2025"
"fg_v1_grondbroed","Grondbroeders",2015,4.2675337217934,34,34,71.3454607054654,"binair","robuust","1984-2025"
"fg_v1_grondbroed","Grondbroeders",2016,4.09198279172169,37,37,59.8584609771113,"binair","robuust","1984-2025"
"fg_v1_grondbroed","Grondbroeders",2017,4.443543340424,35,35,85.0758609665067,"binair","robuust","1984-2025"
"fg_v1_grondbroed","Grondbroeders",2018,4.01444512610353,35,35,55.3925509930428,"binair","robuust","1984-2025"
"fg_v1_grondbroed","Grondbroeders",2019,4.22190884014085,35,35,68.1634733598611,"binair","robuust","1984-2025"
"fg_v1_grondbroed","Grondbroeders",2020,4.10948602976165,39,39,60.9154008192948,"binair","robuust","1984-2025"
"fg_v1_grondbroed","Grondbroeders",2021,3.95320023395537,36,36,52.1018383911482,"binair","robuust","1984-2025"
"fg_v1_grondbroed","Grondbroeders",2022,4.1877866708964,36,36,65.8768223935049,"binair","robuust","1984-2025"
"fg_v1_grondbroed","Grondbroeders",2023,4.35552086862459,34,34,77.9073942876718,"binair","robuust","1984-2025"
"fg_v1_grondbroed","Grondbroeders",2024,3.81288334188166,34,34,45.2808108808998,"binair","robuust","1984-2025"
"fg_v1_grondbroed","Grondbroeders",2025,4.0532168224731,37,37,57.5823917667779,"binair","robuust","1984-2025"
"fg_v1_holenbroed","Holenbroeders",1958,4.60517018598809,7,7,100,"binair","robuust","1958-1983"
"fg_v1_holenbroed","Holenbroeders",1959,4.76228387531051,7,7,117.012863747102,"binair","robuust","1958-1983"
"fg_v1_holenbroed","Holenbroeders",1960,4.7640363629331,10,10,117.218107133222,"binair","robuust","1958-1983"
"fg_v1_holenbroed","Holenbroeders",1961,4.85084196256015,11,11,127.847987762051,"binair","robuust","1958-1983"
"fg_v1_holenbroed","Holenbroeders",1962,4.69251059846468,12,12,109.12680977728,"binair","robuust","1958-1983"
"fg_v1_holenbroed","Holenbroeders",1963,4.58763214078752,14,14,98.261485117483,"binair","robuust","1958-1983"
"fg_v1_holenbroed","Holenbroeders",1964,4.59009776666954,15,15,98.5040601050873,"binair","robuust","1958-1983"
"fg_v1_holenbroed","Holenbroeders",1965,4.61970612536502,16,16,101.4642099901,"binair","robuust","1958-1983"
"fg_v1_holenbroed","Holenbroeders",1966,4.6225789145891,18,18,101.75611436831,"binair","robuust","1958-1983"
"fg_v1_holenbroed","Holenbroeders",1967,4.47955309368255,19,19,88.1952488530486,"binair","robuust","1958-1983"
"fg_v1_holenbroed","Holenbroeders",1968,4.45645298065799,19,19,86.1812796506709,"binair","robuust","1958-1983"
"fg_v1_holenbroed","Holenbroeders",1969,4.23926412615601,19,19,69.3567952039446,"binair","robuust","1958-1983"
"fg_v1_holenbroed","Holenbroeders",1970,4.4405388093541,19,19,84.8206315133462,"binair","robuust","1958-1983"
"fg_v1_holenbroed","Holenbroeders",1971,4.35336011102111,19,19,77.7392370320577,"binair","robuust","1958-1983"
"fg_v1_holenbroed","Holenbroeders",1972,4.28960448623876,19,19,72.9376149635935,"binair","robuust","1958-1983"
"fg_v1_holenbroed","Holenbroeders",1973,4.4753096269322,24,24,87.8217881913612,"binair","robuust","1958-1983"
"fg_v1_holenbroed","Holenbroeders",1974,4.38685591829585,24,24,80.3872770724971,"binair","robuust","1958-1983"
"fg_v1_holenbroed","Holenbroeders",1975,4.34940763950769,27,27,77.4325813353815,"binair","robuust","1958-1983"
"fg_v1_holenbroed","Holenbroeders",1976,4.43680014320051,24,24,84.5041075465893,"binair","robuust","1958-1983"
"fg_v1_holenbroed","Holenbroeders",1977,4.22241667785909,28,28,68.1980981337785,"binair","robuust","1958-1983"
"fg_v1_holenbroed","Holenbroeders",1978,4.33271439113703,27,27,76.1507090965558,"binair","robuust","1958-1983"
"fg_v1_holenbroed","Holenbroeders",1979,4.52850511194659,24,24,92.6200010090007,"binair","robuust","1958-1983"
"fg_v1_holenbroed","Holenbroeders",1980,4.4266978168752,25,25,83.6547171098507,"binair","robuust","1958-1983"
"fg_v1_holenbroed","Holenbroeders",1981,4.37305072313706,23,23,79.2851401360073,"binair","robuust","1958-1983"
"fg_v1_holenbroed","Holenbroeders",1982,4.39286249683538,22,22,80.8715826193609,"binair","robuust","1958-1983"
"fg_v1_holenbroed","Holenbroeders",1983,4.61737498058555,25,25,101.22795770281,"binair","robuust","1958-1983"
"fg_v1_holenbroed","Holenbroeders",1984,5.03680315159199,23,23,153.976986293219,"binair","robuust","1984-2025"
"fg_v1_holenbroed","Holenbroeders",1985,4.90766432761193,26,26,135.322974866906,"binair","robuust","1984-2025"
"fg_v1_holenbroed","Holenbroeders",1986,4.85842042135242,26,26,128.820559110115,"binair","robuust","1984-2025"
"fg_v1_holenbroed","Holenbroeders",1987,4.8999670557438,26,26,134.285355680901,"binair","robuust","1984-2025"
"fg_v1_holenbroed","Holenbroeders",1988,4.37069237696939,27,27,79.0983786403038,"binair","robuust","1984-2025"
"fg_v1_holenbroed","Holenbroeders",1989,4.35570017491634,27,27,77.921364826107,"binair","robuust","1984-2025"
"fg_v1_holenbroed","Holenbroeders",1990,4.37190120230044,27,27,79.1940525789392,"binair","robuust","1984-2025"
"fg_v1_holenbroed","Holenbroeders",1991,4.31388808405937,27,27,74.7304832144983,"binair","robuust","1984-2025"
"fg_v1_holenbroed","Holenbroeders",1992,4.37725183225111,27,27,79.6189263059766,"binair","robuust","1984-2025"
"fg_v1_holenbroed","Holenbroeders",1993,4.2936534689891,27,27,73.2335367953434,"binair","robuust","1984-2025"
"fg_v1_holenbroed","Holenbroeders",1994,4.23365924075734,27,27,68.9691456955675,"binair","robuust","1984-2025"
"fg_v1_holenbroed","Holenbroeders",1995,4.16055469554948,27,27,64.107072647186,"binair","robuust","1984-2025"
"fg_v1_holenbroed","Holenbroeders",1996,4.1964062917135,27,27,66.4471099233795,"binair","robuust","1984-2025"
"fg_v1_holenbroed","Holenbroeders",1997,4.23312284411754,27,27,68.9321607977403,"binair","robuust","1984-2025"
"fg_v1_holenbroed","Holenbroeders",1998,3.85565639793962,27,27,47.2596278847725,"binair","robuust","1984-2025"
"fg_v1_holenbroed","Holenbroeders",1999,3.77202490474622,27,27,43.467994329409,"binair","robuust","1984-2025"
"fg_v1_holenbroed","Holenbroeders",2000,3.5848344458429,27,27,36.0473894296627,"binair","robuust","1984-2025"
"fg_v1_holenbroed","Holenbroeders",2001,3.63409046271557,27,27,37.8673954213381,"binair","robuust","1984-2025"
"fg_v1_holenbroed","Holenbroeders",2002,3.76419587141305,27,27,43.1290106416373,"binair","robuust","1984-2025"
"fg_v1_holenbroed","Holenbroeders",2003,3.85177337341318,27,27,47.0764734173617,"binair","robuust","1984-2025"
"fg_v1_holenbroed","Holenbroeders",2004,3.48878341242889,27,27,32.746084982909,"binair","robuust","1984-2025"
"fg_v1_holenbroed","Holenbroeders",2005,3.67268899005499,27,27,39.3575958808254,"binair","robuust","1984-2025"
"fg_v1_holenbroed","Holenbroeders",2006,3.70504142359834,27,27,40.6517312229876,"binair","robuust","1984-2025"
"fg_v1_holenbroed","Holenbroeders",2007,3.48497094368245,27,27,32.6214792360291,"binair","robuust","1984-2025"
"fg_v1_holenbroed","Holenbroeders",2008,3.48875471842971,27,27,32.7451453802537,"binair","robuust","1984-2025"
"fg_v1_holenbroed","Holenbroeders",2009,3.51041863809533,27,27,33.4622734345071,"binair","robuust","1984-2025"
"fg_v1_holenbroed","Holenbroeders",2010,3.38569808610445,27,27,29.5386060107882,"binair","robuust","1984-2025"
"fg_v1_holenbroed","Holenbroeders",2011,3.52937052183502,27,27,34.1024940815077,"binair","robuust","1984-2025"
"fg_v1_holenbroed","Holenbroeders",2012,3.40200193830668,27,27,30.024146411611,"binair","robuust","1984-2025"
"fg_v1_holenbroed","Holenbroeders",2013,3.1179092865309,27,27,22.5990820123545,"binair","robuust","1984-2025"
"fg_v1_holenbroed","Holenbroeders",2014,2.99790666415718,27,27,20.0435351260956,"binair","robuust","1984-2025"
"fg_v1_holenbroed","Holenbroeders",2015,3.15039410683597,27,27,23.345263296038,"binair","robuust","1984-2025"
"fg_v1_holenbroed","Holenbroeders",2016,2.97433197045891,28,28,19.5765411726598,"binair","robuust","1984-2025"
"fg_v1_holenbroed","Holenbroeders",2017,2.90257579247803,27,27,18.2210185382424,"binair","robuust","1984-2025"
"fg_v1_holenbroed","Holenbroeders",2018,2.88276459965903,27,27,17.8635906532947,"binair","robuust","1984-2025"
"fg_v1_holenbroed","Holenbroeders",2019,3.39153801817292,28,28,29.7116141494765,"binair","robuust","1984-2025"
"fg_v1_holenbroed","Holenbroeders",2020,3.23027664159906,28,28,25.2866513431135,"binair","robuust","1984-2025"
"fg_v1_holenbroed","Holenbroeders",2021,3.04197336315155,28,28,20.9465376027583,"binair","robuust","1984-2025"
"fg_v1_holenbroed","Holenbroeders",2022,3.0551868761263,28,28,21.2251516304323,"binair","robuust","1984-2025"
"fg_v1_holenbroed","Holenbroeders",2023,2.55228761294535,26,26,12.8364350155314,"binair","robuust","1984-2025"
"fg_v1_holenbroed","Holenbroeders",2024,2.55173257613898,27,27,12.8293122985031,"binair","robuust","1984-2025"
"fg_v1_holenbroed","Holenbroeders",2025,2.94725760656917,28,28,19.0536294658873,"binair","robuust","1984-2025"
"fg_v1_lange_trek","Langeafstandstrekkers",1958,4.60517018598809,13,13,100,"binair","robuust","1958-1983"
"fg_v1_lange_trek","Langeafstandstrekkers",1959,4.98927022126743,18,18,146.829231536751,"binair","robuust","1958-1983"
"fg_v1_lange_trek","Langeafstandstrekkers",1960,4.62789938971058,19,19,102.29894802924,"binair","robuust","1958-1983"
"fg_v1_lange_trek","Langeafstandstrekkers",1961,4.64315307266847,18,18,103.871345689102,"binair","robuust","1958-1983"
"fg_v1_lange_trek","Langeafstandstrekkers",1962,4.56398897849487,19,19,95.9655217474837,"binair","robuust","1958-1983"
"fg_v1_lange_trek","Langeafstandstrekkers",1963,4.64085900872927,19,19,103.633331295143,"binair","robuust","1958-1983"
"fg_v1_lange_trek","Langeafstandstrekkers",1964,4.73057506975584,22,22,113.360733937346,"binair","robuust","1958-1983"
"fg_v1_lange_trek","Langeafstandstrekkers",1965,4.87928929832271,22,22,131.537146987468,"binair","robuust","1958-1983"
"fg_v1_lange_trek","Langeafstandstrekkers",1966,4.95916088212945,23,23,142.47419308207,"binair","robuust","1958-1983"
"fg_v1_lange_trek","Langeafstandstrekkers",1967,4.80933071335125,22,22,122.649502366633,"binair","robuust","1958-1983"
"fg_v1_lange_trek","Langeafstandstrekkers",1968,4.71676965368848,24,24,111.806494982419,"binair","robuust","1958-1983"
"fg_v1_lange_trek","Langeafstandstrekkers",1969,4.53372983202523,23,23,93.1051809489524,"binair","robuust","1958-1983"
"fg_v1_lange_trek","Langeafstandstrekkers",1970,4.82445022616999,22,22,124.517992828064,"binair","robuust","1958-1983"
"fg_v1_lange_trek","Langeafstandstrekkers",1971,4.85291299547559,22,22,128.113039523601,"binair","robuust","1958-1983"
"fg_v1_lange_trek","Langeafstandstrekkers",1972,4.62512587862922,23,23,102.015613860125,"binair","robuust","1958-1983"
"fg_v1_lange_trek","Langeafstandstrekkers",1973,4.87619685005523,22,22,131.131003477725,"binair","robuust","1958-1983"
"fg_v1_lange_trek","Langeafstandstrekkers",1974,4.64412307669576,22,22,103.972150195224,"binair","robuust","1958-1983"
"fg_v1_lange_trek","Langeafstandstrekkers",1975,4.44538471327877,26,26,85.2326616674589,"binair","robuust","1958-1983"
"fg_v1_lange_trek","Langeafstandstrekkers",1976,5.06543944870043,23,23,158.450057448197,"binair","robuust","1958-1983"
"fg_v1_lange_trek","Langeafstandstrekkers",1977,4.53329319146966,24,24,93.0645363252078,"binair","robuust","1958-1983"
"fg_v1_lange_trek","Langeafstandstrekkers",1978,4.66071208897095,22,22,105.711331234537,"binair","robuust","1958-1983"
"fg_v1_lange_trek","Langeafstandstrekkers",1979,4.78434761210714,21,21,119.623296831332,"binair","robuust","1958-1983"
"fg_v1_lange_trek","Langeafstandstrekkers",1980,4.92036516282196,21,21,137.052650582658,"binair","robuust","1958-1983"
"fg_v1_lange_trek","Langeafstandstrekkers",1981,5.11491758604708,20,20,166.48705956122,"binair","robuust","1958-1983"
"fg_v1_lange_trek","Langeafstandstrekkers",1982,5.13289545490682,19,19,169.507208663914,"binair","robuust","1958-1983"
"fg_v1_lange_trek","Langeafstandstrekkers",1983,4.90122222299159,20,20,134.454012085065,"binair","robuust","1958-1983"
"fg_v1_lange_trek","Langeafstandstrekkers",1984,5.49675197662851,19,19,243.898456460962,"binair","robuust","1984-2025"
"fg_v1_lange_trek","Langeafstandstrekkers",1985,4.6792151042231,22,22,107.685517484369,"binair","robuust","1984-2025"
"fg_v1_lange_trek","Langeafstandstrekkers",1986,4.67772224413393,22,22,107.5248780091,"binair","robuust","1984-2025"
"fg_v1_lange_trek","Langeafstandstrekkers",1987,4.74663513072397,22,22,115.196012128669,"binair","robuust","1984-2025"
"fg_v1_lange_trek","Langeafstandstrekkers",1988,4.60910705793806,23,23,100.394463160993,"binair","robuust","1984-2025"
"fg_v1_lange_trek","Langeafstandstrekkers",1989,4.8582979368351,22,22,128.804781552385,"binair","robuust","1984-2025"
"fg_v1_lange_trek","Langeafstandstrekkers",1990,4.49299021535908,23,23,89.388337027089,"binair","robuust","1984-2025"
"fg_v1_lange_trek","Langeafstandstrekkers",1991,4.58094254776979,22,22,97.6063495111621,"binair","robuust","1984-2025"
"fg_v1_lange_trek","Langeafstandstrekkers",1992,4.67751482390646,22,22,107.502577487314,"binair","robuust","1984-2025"
"fg_v1_lange_trek","Langeafstandstrekkers",1993,4.78305617212375,22,22,119.468910234828,"binair","robuust","1984-2025"
"fg_v1_lange_trek","Langeafstandstrekkers",1994,4.79080442769495,22,22,120.398181350091,"binair","robuust","1984-2025"
"fg_v1_lange_trek","Langeafstandstrekkers",1995,4.45965000972881,23,23,86.4572446060137,"binair","robuust","1984-2025"
"fg_v1_lange_trek","Langeafstandstrekkers",1996,4.6008688339187,25,25,99.5707885495996,"binair","robuust","1984-2025"
"fg_v1_lange_trek","Langeafstandstrekkers",1997,4.44563033433536,25,25,85.2535991751151,"binair","robuust","1984-2025"
"fg_v1_lange_trek","Langeafstandstrekkers",1998,4.18049267008724,25,25,65.3980649488428,"binair","robuust","1984-2025"
"fg_v1_lange_trek","Langeafstandstrekkers",1999,4.15873524161841,25,25,63.9905388279545,"binair","robuust","1984-2025"
"fg_v1_lange_trek","Langeafstandstrekkers",2000,4.52084394677349,24,24,91.9131350487404,"binair","robuust","1984-2025"
"fg_v1_lange_trek","Langeafstandstrekkers",2001,4.35084893359463,24,24,77.544264922109,"binair","robuust","1984-2025"
"fg_v1_lange_trek","Langeafstandstrekkers",2002,3.90205804365359,25,25,49.504226197309,"binair","robuust","1984-2025"
"fg_v1_lange_trek","Langeafstandstrekkers",2003,4.08347170532331,24,24,59.3511623376657,"binair","robuust","1984-2025"
"fg_v1_lange_trek","Langeafstandstrekkers",2004,3.6596975964619,24,24,38.8495928404677,"binair","robuust","1984-2025"
"fg_v1_lange_trek","Langeafstandstrekkers",2005,3.94458380075311,24,24,51.6548349342163,"binair","robuust","1984-2025"
"fg_v1_lange_trek","Langeafstandstrekkers",2006,3.80172895442649,24,24,44.7785376548763,"binair","robuust","1984-2025"
"fg_v1_lange_trek","Langeafstandstrekkers",2007,4.25968283184474,23,23,70.7875283436614,"binair","robuust","1984-2025"
"fg_v1_lange_trek","Langeafstandstrekkers",2008,4.30970332636155,24,24,74.418407685269,"binair","robuust","1984-2025"
"fg_v1_lange_trek","Langeafstandstrekkers",2009,4.29179794737035,24,24,73.0977763767495,"binair","robuust","1984-2025"
"fg_v1_lange_trek","Langeafstandstrekkers",2010,3.82054559782666,23,23,45.6290966666913,"binair","robuust","1984-2025"
"fg_v1_lange_trek","Langeafstandstrekkers",2011,4.07679346130681,23,23,58.9561213511636,"binair","robuust","1984-2025"
"fg_v1_lange_trek","Langeafstandstrekkers",2012,4.44839877816925,23,23,85.4899459815458,"binair","robuust","1984-2025"
"fg_v1_lange_trek","Langeafstandstrekkers",2013,3.9374344876671,24,24,51.2868553149862,"binair","robuust","1984-2025"
"fg_v1_lange_trek","Langeafstandstrekkers",2014,3.85687981485783,24,24,47.3174814954019,"binair","robuust","1984-2025"
"fg_v1_lange_trek","Langeafstandstrekkers",2015,4.33076054126504,22,22,76.0020673024982,"binair","robuust","1984-2025"
"fg_v1_lange_trek","Langeafstandstrekkers",2016,4.33204062075309,22,22,76.0994182851061,"binair","robuust","1984-2025"
"fg_v1_lange_trek","Langeafstandstrekkers",2017,4.39445428483865,20,20,81.000415544529,"binair","robuust","1984-2025"
"fg_v1_lange_trek","Langeafstandstrekkers",2018,4.42049275040767,21,21,83.1372411764989,"binair","robuust","1984-2025"
"fg_v1_lange_trek","Langeafstandstrekkers",2019,4.28563581780452,23,23,72.6487233900314,"binair","robuust","1984-2025"
"fg_v1_lange_trek","Langeafstandstrekkers",2020,4.05246832216326,25,25,57.5393074550211,"binair","robuust","1984-2025"
"fg_v1_lange_trek","Langeafstandstrekkers",2021,4.05939970546082,22,22,57.9395198601402,"binair","robuust","1984-2025"
"fg_v1_lange_trek","Langeafstandstrekkers",2022,4.820167816146,22,22,123.985895869264,"binair","robuust","1984-2025"
"fg_v1_lange_trek","Langeafstandstrekkers",2023,5.02422835287636,19,19,152.052879664661,"binair","robuust","1984-2025"
"fg_v1_lange_trek","Langeafstandstrekkers",2024,4.34995845856314,21,21,77.4752444254359,"binair","robuust","1984-2025"
"fg_v1_lange_trek","Langeafstandstrekkers",2025,4.73527482201849,23,23,113.894755204052,"binair","robuust","1984-2025"
"fg_v1_lucht","Luchtfoerageerders",1959,4.60517018598809,2,2,100,"binair","robuust","1958-1983"
"fg_v1_lucht","Luchtfoerageerders",1960,4.00043174554138,3,3,54.6217276303839,"binair","robuust","1958-1983"
"fg_v1_lucht","Luchtfoerageerders",1961,4.35919400343848,3,3,78.1940848541063,"binair","robuust","1958-1983"
"fg_v1_lucht","Luchtfoerageerders",1962,4.34552027936942,3,3,77.1321573118044,"binair","robuust","1958-1983"
"fg_v1_lucht","Luchtfoerageerders",1963,3.98819235648048,4,4,53.9572656538859,"binair","robuust","1958-1983"
"fg_v1_lucht","Luchtfoerageerders",1964,3.90357525218851,4,4,49.5793914380637,"binair","robuust","1958-1983"
"fg_v1_lucht","Luchtfoerageerders",1965,3.78428325955868,4,4,44.004119721031,"binair","robuust","1958-1983"
"fg_v1_lucht","Luchtfoerageerders",1966,3.84748412986913,5,5,46.8749833864976,"binair","robuust","1958-1983"
"fg_v1_lucht","Luchtfoerageerders",1967,3.61180279727927,5,5,37.0327552216556,"binair","robuust","1958-1983"
"fg_v1_lucht","Luchtfoerageerders",1968,3.81963267897928,5,5,45.5874600126903,"binair","robuust","1958-1983"
"fg_v1_lucht","Luchtfoerageerders",1969,3.47373812495677,5,5,32.2570984163956,"binair","robuust","1958-1983"
"fg_v1_lucht","Luchtfoerageerders",1970,3.62096531359623,5,5,37.3736276856606,"binair","robuust","1958-1983"
"fg_v1_lucht","Luchtfoerageerders",1971,2.95845272381531,5,5,19.2681355517688,"binair","robuust","1958-1983"
"fg_v1_lucht","Luchtfoerageerders",1972,2.7956815828165,5,5,16.3737850412833,"binair","robuust","1958-1983"
"fg_v1_lucht","Luchtfoerageerders",1973,3.38517883961419,5,5,29.5232721746545,"binair","robuust","1958-1983"
"fg_v1_lucht","Luchtfoerageerders",1974,3.38164760646703,5,5,29.4192024726719,"binair","robuust","1958-1983"
"fg_v1_lucht","Luchtfoerageerders",1975,3.60826270046499,6,6,36.901887461814,"binair","robuust","1958-1983"
"fg_v1_lucht","Luchtfoerageerders",1976,3.37699083513389,5,5,29.2825224647225,"binair","robuust","1958-1983"
"fg_v1_lucht","Luchtfoerageerders",1977,2.96921358834002,6,6,19.4765969489292,"binair","robuust","1958-1983"
"fg_v1_lucht","Luchtfoerageerders",1978,2.70562755179145,5,5,14.9637042440351,"binair","robuust","1958-1983"
"fg_v1_lucht","Luchtfoerageerders",1979,2.74782011622381,4,4,15.6085699037943,"binair","robuust","1958-1983"
"fg_v1_lucht","Luchtfoerageerders",1980,2.76905719133894,3,3,15.9435951619228,"binair","robuust","1958-1983"
"fg_v1_lucht","Luchtfoerageerders",1981,2.78595143509334,2,2,16.2152382865926,"binair","robuust","1958-1983"
"fg_v1_lucht","Luchtfoerageerders",1982,1.60356711039273,1,1,4.97073198721109,"binair","robuust","1958-1983"
"fg_v1_lucht","Luchtfoerageerders",1983,2.2751125978674,4,4,9.72901441716387,"binair","robuust","1958-1983"
"fg_v1_lucht","Luchtfoerageerders",1984,2.29027526606225,3,3,9.87765629053692,"binair","robuust","1984-2025"
"fg_v1_lucht","Luchtfoerageerders",1985,1.19263960887536,5,5,3.29576927762128,"binair","robuust","1984-2025"
"fg_v1_lucht","Luchtfoerageerders",1986,1.04570774505012,5,5,2.84541163718393,"binair","robuust","1984-2025"
"fg_v1_lucht","Luchtfoerageerders",1987,1.15371712042552,5,5,3.16995413847192,"binair","robuust","1984-2025"
"fg_v1_lucht","Luchtfoerageerders",1988,1.25329521210229,5,5,3.5018633484579,"binair","robuust","1984-2025"
"fg_v1_lucht","Luchtfoerageerders",1989,1.24785273735973,5,5,3.48285631519774,"binair","robuust","1984-2025"
"fg_v1_lucht","Luchtfoerageerders",1990,1.27804579113817,5,5,3.58961800353511,"binair","robuust","1984-2025"
"fg_v1_lucht","Luchtfoerageerders",1991,1.18478620452913,5,5,3.26998763818066,"binair","robuust","1984-2025"
"fg_v1_lucht","Luchtfoerageerders",1992,1.35120014190306,5,5,3.86205776782923,"binair","robuust","1984-2025"
"fg_v1_lucht","Luchtfoerageerders",1993,1.23569332236893,5,5,3.44076325204466,"binair","robuust","1984-2025"
"fg_v1_lucht","Luchtfoerageerders",1994,1.28424807752942,5,5,3.61195102874453,"binair","robuust","1984-2025"
"fg_v1_lucht","Luchtfoerageerders",1995,1.41247951210473,5,5,4.10612397641541,"binair","robuust","1984-2025"
"fg_v1_lucht","Luchtfoerageerders",1996,1.32603864117104,5,5,3.7660949455821,"binair","robuust","1984-2025"
"fg_v1_lucht","Luchtfoerageerders",1997,1.53278656915249,5,5,4.63106363803634,"binair","robuust","1984-2025"
"fg_v1_lucht","Luchtfoerageerders",1998,0.593608277476198,5,5,1.81050946396564,"binair","robuust","1984-2025"
"fg_v1_lucht","Luchtfoerageerders",1999,0.628939205972403,5,5,1.8756198772248,"binair","robuust","1984-2025"
"fg_v1_lucht","Luchtfoerageerders",2000,0.610164022338882,5,5,1.84073329540244,"binair","robuust","1984-2025"
"fg_v1_lucht","Luchtfoerageerders",2001,0.359517205558973,5,5,1.43263757810767,"binair","robuust","1984-2025"
"fg_v1_lucht","Luchtfoerageerders",2002,0.338068503800229,5,5,1.4022365586483,"binair","robuust","1984-2025"
"fg_v1_lucht","Luchtfoerageerders",2003,0.900368128088692,5,5,2.46050872683026,"binair","robuust","1984-2025"
"fg_v1_lucht","Luchtfoerageerders",2004,0.0411336322395392,5,5,1.0419913398785,"binair","robuust","1984-2025"
"fg_v1_lucht","Luchtfoerageerders",2005,0.974244770988613,5,5,2.64916572847479,"binair","robuust","1984-2025"
"fg_v1_lucht","Luchtfoerageerders",2006,1.14756613146008,5,5,3.15051562985863,"binair","robuust","1984-2025"
"fg_v1_lucht","Luchtfoerageerders",2007,1.63302767394929,5,5,5.11935100381303,"binair","robuust","1984-2025"
"fg_v1_lucht","Luchtfoerageerders",2008,1.58447767710534,5,5,4.87674347838722,"binair","robuust","1984-2025"
"fg_v1_lucht","Luchtfoerageerders",2009,0.567855616166769,5,5,1.76447927083502,"binair","robuust","1984-2025"
"fg_v1_lucht","Luchtfoerageerders",2010,0.512003052401314,5,5,1.66863020346092,"binair","robuust","1984-2025"
"fg_v1_lucht","Luchtfoerageerders",2011,1.14391764358317,4,4,3.13904195528599,"binair","robuust","1984-2025"
"fg_v1_lucht","Luchtfoerageerders",2012,1.10799793428169,4,4,3.02828948672029,"binair","robuust","1984-2025"
"fg_v1_lucht","Luchtfoerageerders",2013,0.445793495488539,5,5,1.56172892916263,"binair","robuust","1984-2025"
"fg_v1_lucht","Luchtfoerageerders",2014,0.649068153866466,5,5,1.91375667110818,"binair","robuust","1984-2025"
"fg_v1_lucht","Luchtfoerageerders",2015,1.71185849741991,5,5,5.53924659273451,"binair","robuust","1984-2025"
"fg_v1_lucht","Luchtfoerageerders",2016,1.82330964915574,5,5,6.1923189758962,"binair","robuust","1984-2025"
"fg_v1_lucht","Luchtfoerageerders",2017,0.195762116065572,4,4,1.21623754754589,"binair","robuust","1984-2025"
"fg_v1_lucht","Luchtfoerageerders",2018,-0.35488477618405,4,4,0.701254239743095,"binair","robuust","1984-2025"
"fg_v1_lucht","Luchtfoerageerders",2019,1.46074988492337,6,6,4.30918971345833,"binair","robuust","1984-2025"
"fg_v1_lucht","Luchtfoerageerders",2020,0.967187021573881,6,6,2.63053440554765,"binair","robuust","1984-2025"
"fg_v1_lucht","Luchtfoerageerders",2021,0.721367171454541,5,5,2.05724389398996,"binair","robuust","1984-2025"
"fg_v1_lucht","Luchtfoerageerders",2022,1.81138085453479,5,5,6.11889089953542,"binair","robuust","1984-2025"
"fg_v1_lucht","Luchtfoerageerders",2023,-0.394342791710057,3,3,0.674122932876172,"binair","robuust","1984-2025"
"fg_v1_lucht","Luchtfoerageerders",2024,0.176496185187244,5,5,1.19302987556533,"binair","robuust","1984-2025"
"fg_v1_lucht","Luchtfoerageerders",2025,2.26232126426487,6,6,9.60535988730807,"binair","robuust","1984-2025"
"fg_v1_zaad","Zaadeters",1958,4.60517018598809,13,13,100,"binair","robuust","1958-1983"
"fg_v1_zaad","Zaadeters",1959,5.3675582499339,16,16,214.338866283515,"binair","robuust","1958-1983"
"fg_v1_zaad","Zaadeters",1960,5.21431141241685,21,21,183.885156339422,"binair","robuust","1958-1983"
"fg_v1_zaad","Zaadeters",1961,5.1242955522133,24,24,168.055713468112,"binair","robuust","1958-1983"
"fg_v1_zaad","Zaadeters",1962,5.18506830696117,25,25,178.585648016133,"binair","robuust","1958-1983"
"fg_v1_zaad","Zaadeters",1963,4.9307737150923,26,26,138.48662008722,"binair","robuust","1958-1983"
"fg_v1_zaad","Zaadeters",1964,5.09344752167272,27,27,162.950670766992,"binair","robuust","1958-1983"
"fg_v1_zaad","Zaadeters",1965,5.02260811372255,28,28,151.806717110534,"binair","robuust","1958-1983"
"fg_v1_zaad","Zaadeters",1966,5.16860935708707,29,29,175.670372782988,"binair","robuust","1958-1983"
"fg_v1_zaad","Zaadeters",1967,5.07730312177856,30,30,160.341052020448,"binair","robuust","1958-1983"
"fg_v1_zaad","Zaadeters",1968,5.0277315146195,30,30,152.586479593363,"binair","robuust","1958-1983"
"fg_v1_zaad","Zaadeters",1969,4.99027945851742,30,30,146.977491868946,"binair","robuust","1958-1983"
"fg_v1_zaad","Zaadeters",1970,5.05256015052016,32,32,156.422417231167,"binair","robuust","1958-1983"
"fg_v1_zaad","Zaadeters",1971,5.08433418801248,32,32,161.472393183811,"binair","robuust","1958-1983"
"fg_v1_zaad","Zaadeters",1972,5.09383662208889,32,32,163.014087277698,"binair","robuust","1958-1983"
"fg_v1_zaad","Zaadeters",1973,5.25193654565959,36,36,190.935666301129,"binair","robuust","1958-1983"
"fg_v1_zaad","Zaadeters",1974,5.31413582381327,35,35,203.188846273865,"binair","robuust","1958-1983"
"fg_v1_zaad","Zaadeters",1975,5.3434637821295,37,37,209.236205179744,"binair","robuust","1958-1983"
"fg_v1_zaad","Zaadeters",1976,5.24482857237073,37,37,189.583312625845,"binair","robuust","1958-1983"
"fg_v1_zaad","Zaadeters",1977,5.15545770309646,38,38,173.375142941065,"binair","robuust","1958-1983"
"fg_v1_zaad","Zaadeters",1978,5.15077046557778,38,38,172.564394036965,"binair","robuust","1958-1983"
"fg_v1_zaad","Zaadeters",1979,5.44190583593647,34,34,230.881787228428,"binair","robuust","1958-1983"
"fg_v1_zaad","Zaadeters",1980,5.3234167634133,37,37,205.08340773968,"binair","robuust","1958-1983"
"fg_v1_zaad","Zaadeters",1981,5.37608922383084,35,35,216.17520730854,"binair","robuust","1958-1983"
"fg_v1_zaad","Zaadeters",1982,5.23525670903754,36,36,187.777304288566,"binair","robuust","1958-1983"
"fg_v1_zaad","Zaadeters",1983,5.35255584311511,38,38,211.147268103052,"binair","robuust","1958-1983"
"fg_v1_zaad","Zaadeters",1984,5.86825231689461,34,34,353.630406003192,"binair","robuust","1984-2025"
"fg_v1_zaad","Zaadeters",1985,5.77146135034693,35,35,321.006493002298,"binair","robuust","1984-2025"
"fg_v1_zaad","Zaadeters",1986,5.77051689784142,35,35,320.703460738011,"binair","robuust","1984-2025"
"fg_v1_zaad","Zaadeters",1987,5.68185242841757,35,35,293.492600708626,"binair","robuust","1984-2025"
"fg_v1_zaad","Zaadeters",1988,5.3126206603721,38,38,202.881215076961,"binair","robuust","1984-2025"
"fg_v1_zaad","Zaadeters",1989,5.27163066766537,37,37,194.733248893052,"binair","robuust","1984-2025"
"fg_v1_zaad","Zaadeters",1990,5.35847789525125,37,37,212.401403094283,"binair","robuust","1984-2025"
"fg_v1_zaad","Zaadeters",1991,5.23994727293852,37,37,188.660154647837,"binair","robuust","1984-2025"
"fg_v1_zaad","Zaadeters",1992,5.39618485864844,38,38,220.563328701839,"binair","robuust","1984-2025"
"fg_v1_zaad","Zaadeters",1993,5.4011031437318,37,37,221.650794071576,"binair","robuust","1984-2025"
"fg_v1_zaad","Zaadeters",1994,5.21965089974098,38,38,184.869634766867,"binair","robuust","1984-2025"
"fg_v1_zaad","Zaadeters",1995,5.25980441474796,38,38,192.443848437572,"binair","robuust","1984-2025"
"fg_v1_zaad","Zaadeters",1996,5.23164869716613,38,38,187.101022295879,"binair","robuust","1984-2025"
"fg_v1_zaad","Zaadeters",1997,5.32134395993995,37,37,204.658750407435,"binair","robuust","1984-2025"
"fg_v1_zaad","Zaadeters",1998,5.13885475447868,37,37,170.520368763825,"binair","robuust","1984-2025"
"fg_v1_zaad","Zaadeters",1999,5.22542710550534,37,37,185.940569809843,"binair","robuust","1984-2025"
"fg_v1_zaad","Zaadeters",2000,5.08208199361897,37,37,161.109135182542,"binair","robuust","1984-2025"
"fg_v1_zaad","Zaadeters",2001,5.12827529860345,37,37,168.725865219628,"binair","robuust","1984-2025"
"fg_v1_zaad","Zaadeters",2002,5.28932616809693,37,37,198.209820300324,"binair","robuust","1984-2025"
"fg_v1_zaad","Zaadeters",2003,5.1563456085578,38,38,173.529152039985,"binair","robuust","1984-2025"
"fg_v1_zaad","Zaadeters",2004,4.99666497519599,37,37,147.919021973518,"binair","robuust","1984-2025"
"fg_v1_zaad","Zaadeters",2005,4.93892695533237,38,38,139.620350277716,"binair","robuust","1984-2025"
"fg_v1_zaad","Zaadeters",2006,4.96249490977657,37,37,142.949998714629,"binair","robuust","1984-2025"
"fg_v1_zaad","Zaadeters",2007,4.9287334898587,38,38,138.204364221081,"binair","robuust","1984-2025"
"fg_v1_zaad","Zaadeters",2008,4.83622568166165,38,38,125.992915812638,"binair","robuust","1984-2025"
"fg_v1_zaad","Zaadeters",2009,4.68445935504494,38,38,108.251730732409,"binair","robuust","1984-2025"
"fg_v1_zaad","Zaadeters",2010,4.88792832763091,37,37,132.67842291546,"binair","robuust","1984-2025"
"fg_v1_zaad","Zaadeters",2011,4.69313038247858,37,37,109.194465793362,"binair","robuust","1984-2025"
"fg_v1_zaad","Zaadeters",2012,4.54750091266959,38,38,94.396208926638,"binair","robuust","1984-2025"
"fg_v1_zaad","Zaadeters",2013,4.48886037001887,38,38,89.0199382585239,"binair","robuust","1984-2025"
"fg_v1_zaad","Zaadeters",2014,4.44997600282182,38,38,85.6248892218226,"binair","robuust","1984-2025"
"fg_v1_zaad","Zaadeters",2015,4.35583721723704,37,37,77.9320440825135,"binair","robuust","1984-2025"
"fg_v1_zaad","Zaadeters",2016,4.47095147392053,37,37,87.4398802118506,"binair","robuust","1984-2025"
"fg_v1_zaad","Zaadeters",2017,4.39408101257286,36,36,80.9701859781692,"binair","robuust","1984-2025"
"fg_v1_zaad","Zaadeters",2018,4.32001374043251,37,37,75.1896614233932,"binair","robuust","1984-2025"
"fg_v1_zaad","Zaadeters",2019,4.73546740202233,36,36,113.916691168593,"binair","robuust","1984-2025"
"fg_v1_zaad","Zaadeters",2020,4.40433343020453,38,38,81.8045961926601,"binair","robuust","1984-2025"
"fg_v1_zaad","Zaadeters",2021,4.32489003571235,38,38,75.5572038087918,"binair","robuust","1984-2025"
"fg_v1_zaad","Zaadeters",2022,4.32415337008445,37,37,75.5015639103225,"binair","robuust","1984-2025"
"fg_v1_zaad","Zaadeters",2023,4.52928069294577,37,37,92.6918631857946,"binair","robuust","1984-2025"
"fg_v1_zaad","Zaadeters",2024,4.35574061992719,36,36,77.9245164202851,"binair","robuust","1984-2025"
"fg_v1_zaad","Zaadeters",2025,4.51777776100839,37,37,91.6317439216203,"binair","robuust","1984-2025"
"fg_v1_bodem_insect","Bodemfoeragerende insecteneters",1958,4.60517018598809,26,18.5,100,"gewogen","volledig","1958-1983"
"fg_v1_bodem_insect","Bodemfoeragerende insecteneters",1959,5.01628511515374,30,21,150.849871709472,"gewogen","volledig","1958-1983"
"fg_v1_bodem_insect","Bodemfoeragerende insecteneters",1960,4.97089102255,35,24,144.155275765356,"gewogen","volledig","1958-1983"
"fg_v1_bodem_insect","Bodemfoeragerende insecteneters",1961,5.06743117035782,36,25,158.765960350126,"gewogen","volledig","1958-1983"
"fg_v1_bodem_insect","Bodemfoeragerende insecteneters",1962,4.95463385413181,37,25.5,141.830666152296,"gewogen","volledig","1958-1983"
"fg_v1_bodem_insect","Bodemfoeragerende insecteneters",1963,4.98801957722101,36,24.5,146.645715213207,"gewogen","volledig","1958-1983"
"fg_v1_bodem_insect","Bodemfoeragerende insecteneters",1964,4.94346632817926,38,26,140.255579785639,"gewogen","volledig","1958-1983"
"fg_v1_bodem_insect","Bodemfoeragerende insecteneters",1965,5.00271793165664,38,26,148.817084598254,"gewogen","volledig","1958-1983"
"fg_v1_bodem_insect","Bodemfoeragerende insecteneters",1966,5.18068630743392,38,26,177.804797882896,"gewogen","volledig","1958-1983"
"fg_v1_bodem_insect","Bodemfoeragerende insecteneters",1967,5.11724373618112,39,27,166.874784235204,"gewogen","volledig","1958-1983"
"fg_v1_bodem_insect","Bodemfoeragerende insecteneters",1968,5.04966908135361,40,28,155.970842285487,"gewogen","volledig","1958-1983"
"fg_v1_bodem_insect","Bodemfoeragerende insecteneters",1969,5.07007825033446,39,27,159.186783274982,"gewogen","volledig","1958-1983"
"fg_v1_bodem_insect","Bodemfoeragerende insecteneters",1970,5.09095041503279,40,27.5,162.544273185264,"gewogen","volledig","1958-1983"
"fg_v1_bodem_insect","Bodemfoeragerende insecteneters",1971,5.13227313685718,40,27.5,169.401754084965,"gewogen","volledig","1958-1983"
"fg_v1_bodem_insect","Bodemfoeragerende insecteneters",1972,5.09534032602563,40,27.5,163.259396592549,"gewogen","volledig","1958-1983"
"fg_v1_bodem_insect","Bodemfoeragerende insecteneters",1973,5.1952377441382,43,29,180.41102936349,"gewogen","volledig","1958-1983"
"fg_v1_bodem_insect","Bodemfoeragerende insecteneters",1974,5.1505564506909,43,30,172.527466639343,"gewogen","volledig","1958-1983"
"fg_v1_bodem_insect","Bodemfoeragerende insecteneters",1975,5.09511056044879,46,32,163.221889512201,"gewogen","volledig","1958-1983"
"fg_v1_bodem_insect","Bodemfoeragerende insecteneters",1976,5.20313361432257,45,31,181.841170103848,"gewogen","volledig","1958-1983"
"fg_v1_bodem_insect","Bodemfoeragerende insecteneters",1977,4.99786839307156,47,32.5,148.097137520919,"gewogen","volledig","1958-1983"
"fg_v1_bodem_insect","Bodemfoeragerende insecteneters",1978,5.14612274596922,44,29.5,171.76422404234,"gewogen","volledig","1958-1983"
"fg_v1_bodem_insect","Bodemfoeragerende insecteneters",1979,5.22875023515394,42,28.5,186.559502257056,"gewogen","volledig","1958-1983"
"fg_v1_bodem_insect","Bodemfoeragerende insecteneters",1980,5.28675385460617,42,29,197.700617700697,"gewogen","volledig","1958-1983"
"fg_v1_bodem_insect","Bodemfoeragerende insecteneters",1981,5.33849003555028,42,29.5,208.19810109337,"gewogen","volledig","1958-1983"
"fg_v1_bodem_insect","Bodemfoeragerende insecteneters",1982,5.22867940906719,42,29,186.546289445477,"gewogen","volledig","1958-1983"
"fg_v1_bodem_insect","Bodemfoeragerende insecteneters",1983,5.35090472107333,43,29.5,210.798925851547,"gewogen","volledig","1958-1983"
"fg_v1_bodem_insect","Bodemfoeragerende insecteneters",1984,5.52355834085049,40,27,250.524906029617,"gewogen","volledig","1984-2025"
"fg_v1_bodem_insect","Bodemfoeragerende insecteneters",1985,5.15991068548711,43,30,174.148900886237,"gewogen","volledig","1984-2025"
"fg_v1_bodem_insect","Bodemfoeragerende insecteneters",1986,5.07648846267674,44,31,160.210481915308,"gewogen","volledig","1984-2025"
"fg_v1_bodem_insect","Bodemfoeragerende insecteneters",1987,5.02903148787402,42,29.5,152.784966921993,"gewogen","volledig","1984-2025"
"fg_v1_bodem_insect","Bodemfoeragerende insecteneters",1988,5.11728643175409,46,32,166.881909201832,"gewogen","volledig","1984-2025"
"fg_v1_bodem_insect","Bodemfoeragerende insecteneters",1989,5.06059801033574,45,31.5,157.684785265035,"gewogen","volledig","1984-2025"
"fg_v1_bodem_insect","Bodemfoeragerende insecteneters",1990,4.941891009957,47,32.5,140.034806554733,"gewogen","volledig","1984-2025"
"fg_v1_bodem_insect","Bodemfoeragerende insecteneters",1991,4.79241426316459,48,33.5,120.592158706831,"gewogen","volledig","1984-2025"
"fg_v1_bodem_insect","Bodemfoeragerende insecteneters",1992,4.77307491579216,49,34,118.282391741338,"gewogen","volledig","1984-2025"
"fg_v1_bodem_insect","Bodemfoeragerende insecteneters",1993,4.74868290633992,49,34,115.432149408925,"gewogen","volledig","1984-2025"
"fg_v1_bodem_insect","Bodemfoeragerende insecteneters",1994,4.89774584016783,50,34.5,133.987409980554,"gewogen","volledig","1984-2025"
"fg_v1_bodem_insect","Bodemfoeragerende insecteneters",1995,4.80182172854231,49,34,121.73197826501,"gewogen","volledig","1984-2025"
"fg_v1_bodem_insect","Bodemfoeragerende insecteneters",1996,4.77273991666175,50,35,118.242773879307,"gewogen","volledig","1984-2025"
"fg_v1_bodem_insect","Bodemfoeragerende insecteneters",1997,4.72805449367258,51,36,113.075359387824,"gewogen","volledig","1984-2025"
"fg_v1_bodem_insect","Bodemfoeragerende insecteneters",1998,4.63549279756182,50,35.5,103.078702414208,"gewogen","volledig","1984-2025"
"fg_v1_bodem_insect","Bodemfoeragerende insecteneters",1999,4.54738078637055,49,34.5,94.3848701404736,"gewogen","volledig","1984-2025"
"fg_v1_bodem_insect","Bodemfoeragerende insecteneters",2000,4.55901360800794,51,36,95.4892435355927,"gewogen","volledig","1984-2025"
"fg_v1_bodem_insect","Bodemfoeragerende insecteneters",2001,4.54204635055325,49,34,93.8827206414928,"gewogen","volledig","1984-2025"
"fg_v1_bodem_insect","Bodemfoeragerende insecteneters",2002,4.29169379915371,50,35.5,73.0901637701257,"gewogen","volledig","1984-2025"
"fg_v1_bodem_insect","Bodemfoeragerende insecteneters",2003,4.33371604841195,50,35,76.227024222733,"gewogen","volledig","1984-2025"
"fg_v1_bodem_insect","Bodemfoeragerende insecteneters",2004,4.31359595080491,50,35,74.7086551437372,"gewogen","volledig","1984-2025"
"fg_v1_bodem_insect","Bodemfoeragerende insecteneters",2005,4.33731130106827,50,35,76.5015728742068,"gewogen","volledig","1984-2025"
"fg_v1_bodem_insect","Bodemfoeragerende insecteneters",2006,4.15332130246331,50,35,63.6450340590524,"gewogen","volledig","1984-2025"
"fg_v1_bodem_insect","Bodemfoeragerende insecteneters",2007,4.07024262379716,52,36,58.5711716281622,"gewogen","volledig","1984-2025"
"fg_v1_bodem_insect","Bodemfoeragerende insecteneters",2008,4.32157495045704,50,34.5,75.3071399570189,"gewogen","volledig","1984-2025"
"fg_v1_bodem_insect","Bodemfoeragerende insecteneters",2009,4.39402777954164,50,34.5,80.9658758044536,"gewogen","volledig","1984-2025"
"fg_v1_bodem_insect","Bodemfoeragerende insecteneters",2010,4.08884085840124,49,34,59.6706848285985,"gewogen","volledig","1984-2025"
"fg_v1_bodem_insect","Bodemfoeragerende insecteneters",2011,4.34932211023955,49,34,77.4259588665812,"gewogen","volledig","1984-2025"
"fg_v1_bodem_insect","Bodemfoeragerende insecteneters",2012,4.35865003919834,48,33,78.1515616347585,"gewogen","volledig","1984-2025"
"fg_v1_bodem_insect","Bodemfoeragerende insecteneters",2013,3.7744781449092,52,36.5,43.5747626695446,"gewogen","volledig","1984-2025"
"fg_v1_bodem_insect","Bodemfoeragerende insecteneters",2014,3.77563559352184,50,34.5,43.625227417685,"gewogen","volledig","1984-2025"
"fg_v1_bodem_insect","Bodemfoeragerende insecteneters",2015,3.97558688039351,46,32.5,53.2813775275252,"gewogen","volledig","1984-2025"
"fg_v1_bodem_insect","Bodemfoeragerende insecteneters",2016,4.0727146882114,45,31.5,58.7161424520241,"gewogen","volledig","1984-2025"
"fg_v1_bodem_insect","Bodemfoeragerende insecteneters",2017,4.4944445350068,43,29.5,89.5184308179536,"gewogen","volledig","1984-2025"
"fg_v1_bodem_insect","Bodemfoeragerende insecteneters",2018,4.35977236605362,44,30,78.2393224701223,"gewogen","volledig","1984-2025"
"fg_v1_bodem_insect","Bodemfoeragerende insecteneters",2019,4.09800667101644,48,33.5,60.2201293504616,"gewogen","volledig","1984-2025"
"fg_v1_bodem_insect","Bodemfoeragerende insecteneters",2020,4.30504550248897,49,34,74.0725858631881,"gewogen","volledig","1984-2025"
"fg_v1_bodem_insect","Bodemfoeragerende insecteneters",2021,4.09047314370026,46,32,59.7681639454484,"gewogen","volledig","1984-2025"
"fg_v1_bodem_insect","Bodemfoeragerende insecteneters",2022,4.36910629170589,46,32,78.9730213075643,"gewogen","volledig","1984-2025"
"fg_v1_bodem_insect","Bodemfoeragerende insecteneters",2023,4.44369456637476,43,30,85.0887276173297,"gewogen","volledig","1984-2025"
"fg_v1_bodem_insect","Bodemfoeragerende insecteneters",2024,4.4710896072434,47,32.5,87.4519594073059,"gewogen","volledig","1984-2025"
"fg_v1_bodem_insect","Bodemfoeragerende insecteneters",2025,4.53419648342623,47,33,93.1486387511159,"gewogen","volledig","1984-2025"
"fg_v1_grondbroed","Grondbroeders",1958,4.60517018598809,29,26.5,100,"gewogen","volledig","1958-1983"
"fg_v1_grondbroed","Grondbroeders",1959,4.97156080062354,31,28.5,144.25186014969,"gewogen","volledig","1958-1983"
"fg_v1_grondbroed","Grondbroeders",1960,4.97614268533952,33,30,144.914322046022,"gewogen","volledig","1958-1983"
"fg_v1_grondbroed","Grondbroeders",1961,4.94805478788833,33,30,140.900615591147,"gewogen","volledig","1958-1983"
"fg_v1_grondbroed","Grondbroeders",1962,4.89086102649858,33,30,133.068099899442,"gewogen","volledig","1958-1983"
"fg_v1_grondbroed","Grondbroeders",1963,4.87925423949855,32,29,131.532535530598,"gewogen","volledig","1958-1983"
"fg_v1_grondbroed","Grondbroeders",1964,5.00790525893281,34,31,149.591053199049,"gewogen","volledig","1958-1983"
"fg_v1_grondbroed","Grondbroeders",1965,5.19983533627744,35,32,181.242395370392,"gewogen","volledig","1958-1983"
"fg_v1_grondbroed","Grondbroeders",1966,5.32476746626156,35,32,205.3606016438,"gewogen","volledig","1958-1983"
"fg_v1_grondbroed","Grondbroeders",1967,5.30565861791797,35,32,201.473652883702,"gewogen","volledig","1958-1983"
"fg_v1_grondbroed","Grondbroeders",1968,5.04670488967282,37,34,155.509199349429,"gewogen","volledig","1958-1983"
"fg_v1_grondbroed","Grondbroeders",1969,4.98470205775182,36,33,146.160021292893,"gewogen","volledig","1958-1983"
"fg_v1_grondbroed","Grondbroeders",1970,5.12408474282847,36,33,168.020289480524,"gewogen","volledig","1958-1983"
"fg_v1_grondbroed","Grondbroeders",1971,5.21101033598063,36,33,183.279138189296,"gewogen","volledig","1958-1983"
"fg_v1_grondbroed","Grondbroeders",1972,5.10244247885007,37,34,164.42301699099,"gewogen","volledig","1958-1983"
"fg_v1_grondbroed","Grondbroeders",1973,5.20798588033802,38,35,182.725655978731,"gewogen","volledig","1958-1983"
"fg_v1_grondbroed","Grondbroeders",1974,5.07504857936104,39,36,159.979963515023,"gewogen","volledig","1958-1983"
"fg_v1_grondbroed","Grondbroeders",1975,4.96716530209264,43,40,143.6191927732,"gewogen","volledig","1958-1983"
"fg_v1_grondbroed","Grondbroeders",1976,5.26948674692747,42,39,194.316203458312,"gewogen","volledig","1958-1983"
"fg_v1_grondbroed","Grondbroeders",1977,5.03939172716189,42,39,154.376083682287,"gewogen","volledig","1958-1983"
"fg_v1_grondbroed","Grondbroeders",1978,5.00225218084332,40,37,148.747789058546,"gewogen","volledig","1958-1983"
"fg_v1_grondbroed","Grondbroeders",1979,5.03464957293914,39,36,153.645741551334,"gewogen","volledig","1958-1983"
"fg_v1_grondbroed","Grondbroeders",1980,5.03074544886658,40,37,153.047058939132,"gewogen","volledig","1958-1983"
"fg_v1_grondbroed","Grondbroeders",1981,5.20718128375668,41,38,182.578694670819,"gewogen","volledig","1958-1983"
"fg_v1_grondbroed","Grondbroeders",1982,5.08292748751073,39,36,161.245409573711,"gewogen","volledig","1958-1983"
"fg_v1_grondbroed","Grondbroeders",1983,5.2745079506721,40,37,195.294358409269,"gewogen","volledig","1958-1983"
"fg_v1_grondbroed","Grondbroeders",1984,5.71298278836398,39,36,302.77283000629,"gewogen","volledig","1984-2025"
"fg_v1_grondbroed","Grondbroeders",1985,5.30511575084791,40,37,201.364309154307,"gewogen","volledig","1984-2025"
"fg_v1_grondbroed","Grondbroeders",1986,5.21420943227266,41,38,183.86640466083,"gewogen","volledig","1984-2025"
"fg_v1_grondbroed","Grondbroeders",1987,5.00994711560845,43,40,149.896808737905,"gewogen","volledig","1984-2025"
"fg_v1_grondbroed","Grondbroeders",1988,5.12082459708693,46,42.5,167.473410785784,"gewogen","volledig","1984-2025"
"fg_v1_grondbroed","Grondbroeders",1989,5.3128063112406,45,41.5,202.918883647235,"gewogen","volledig","1984-2025"
"fg_v1_grondbroed","Grondbroeders",1990,5.01938859349132,46,42.5,151.318758231789,"gewogen","volledig","1984-2025"
"fg_v1_grondbroed","Grondbroeders",1991,4.99874637432229,45,41.5,148.227221128076,"gewogen","volledig","1984-2025"
"fg_v1_grondbroed","Grondbroeders",1992,5.08361555554399,44,40.5,161.356395564125,"gewogen","volledig","1984-2025"
"fg_v1_grondbroed","Grondbroeders",1993,5.10117670345294,45,41.5,164.215026044043,"gewogen","volledig","1984-2025"
"fg_v1_grondbroed","Grondbroeders",1994,5.01101619009666,47,43.5,150.057145282574,"gewogen","volledig","1984-2025"
"fg_v1_grondbroed","Grondbroeders",1995,4.86701443181793,48,44.5,129.932415151319,"gewogen","volledig","1984-2025"
"fg_v1_grondbroed","Grondbroeders",1996,4.93846634858516,51,47.5,139.556055010883,"gewogen","volledig","1984-2025"
"fg_v1_grondbroed","Grondbroeders",1997,4.77833127724251,51,47.5,118.905763644283,"gewogen","volledig","1984-2025"
"fg_v1_grondbroed","Grondbroeders",1998,4.80469042302078,51,47.5,122.081691489282,"gewogen","volledig","1984-2025"
"fg_v1_grondbroed","Grondbroeders",1999,4.640401647958,52,48.5,103.585944312111,"gewogen","volledig","1984-2025"
"fg_v1_grondbroed","Grondbroeders",2000,4.78452165045612,51,47.5,119.644117684172,"gewogen","volledig","1984-2025"
"fg_v1_grondbroed","Grondbroeders",2001,4.67314280909855,50,46.5,107.033600560707,"gewogen","volledig","1984-2025"
"fg_v1_grondbroed","Grondbroeders",2002,4.45572191019178,52,48.5,86.1182980871634,"gewogen","volledig","1984-2025"
"fg_v1_grondbroed","Grondbroeders",2003,4.5811405536509,51,47.5,97.6256780559186,"gewogen","volledig","1984-2025"
"fg_v1_grondbroed","Grondbroeders",2004,4.2763395137918,51,47.5,71.9764882635902,"gewogen","volledig","1984-2025"
"fg_v1_grondbroed","Grondbroeders",2005,4.28876810130241,52,48.5,72.8766365454144,"gewogen","volledig","1984-2025"
"fg_v1_grondbroed","Grondbroeders",2006,4.19899648045873,51,47.5,66.6194435716448,"gewogen","volledig","1984-2025"
"fg_v1_grondbroed","Grondbroeders",2007,4.5186296268937,51,47.5,91.7098351351761,"gewogen","volledig","1984-2025"
"fg_v1_grondbroed","Grondbroeders",2008,4.56833671401045,52,48.5,96.3836627792945,"gewogen","volledig","1984-2025"
"fg_v1_grondbroed","Grondbroeders",2009,4.70137754793469,51,47.5,110.098734320362,"gewogen","volledig","1984-2025"
"fg_v1_grondbroed","Grondbroeders",2010,4.26476525558734,51,47.5,71.1482163666699,"gewogen","volledig","1984-2025"
"fg_v1_grondbroed","Grondbroeders",2011,4.36695677283609,51,47.5,78.8034496221186,"gewogen","volledig","1984-2025"
"fg_v1_grondbroed","Grondbroeders",2012,4.422639009682,51,47.5,83.3158668713747,"gewogen","volledig","1984-2025"
"fg_v1_grondbroed","Grondbroeders",2013,4.20023995679029,52,48.5,66.7023347989063,"gewogen","volledig","1984-2025"
"fg_v1_grondbroed","Grondbroeders",2014,4.1465759718189,51,47.5,63.2171719185445,"gewogen","volledig","1984-2025"
"fg_v1_grondbroed","Grondbroeders",2015,4.42051463021278,44,41,83.1390602230341,"gewogen","volledig","1984-2025"
"fg_v1_grondbroed","Grondbroeders",2016,4.27966472852028,48,44.5,72.2162239078188,"gewogen","volledig","1984-2025"
"fg_v1_grondbroed","Grondbroeders",2017,4.58159925008556,45,41.5,97.6704688782843,"gewogen","volledig","1984-2025"
"fg_v1_grondbroed","Grondbroeders",2018,4.38843413057943,45,41.5,80.5142454257697,"gewogen","volledig","1984-2025"
"fg_v1_grondbroed","Grondbroeders",2019,4.41799962656692,46,42.5,82.9302279005618,"gewogen","volledig","1984-2025"
"fg_v1_grondbroed","Grondbroeders",2020,4.40054039008274,51,47.5,81.4948958014681,"gewogen","volledig","1984-2025"
"fg_v1_grondbroed","Grondbroeders",2021,4.15596830022809,47,43.5,63.8137254863657,"gewogen","volledig","1984-2025"
"fg_v1_grondbroed","Grondbroeders",2022,4.472110328158,47,43.5,87.5412690236381,"gewogen","volledig","1984-2025"
"fg_v1_grondbroed","Grondbroeders",2023,4.65620354663042,43,40,105.235800003645,"gewogen","volledig","1984-2025"
"fg_v1_grondbroed","Grondbroeders",2024,4.2520490224917,46,42.5,70.2492071824922,"gewogen","volledig","1984-2025"
"fg_v1_grondbroed","Grondbroeders",2025,4.42776472924626,48,44.5,83.7440169915361,"gewogen","volledig","1984-2025"
"fg_v1_holenbroed","Holenbroeders",1958,4.60517018598809,7,7,100,"gewogen","volledig","1958-1983"
"fg_v1_holenbroed","Holenbroeders",1959,4.76228387531051,7,7,117.012863747102,"gewogen","volledig","1958-1983"
"fg_v1_holenbroed","Holenbroeders",1960,4.7640363629331,10,10,117.218107133222,"gewogen","volledig","1958-1983"
"fg_v1_holenbroed","Holenbroeders",1961,4.85084196256015,11,11,127.847987762051,"gewogen","volledig","1958-1983"
"fg_v1_holenbroed","Holenbroeders",1962,4.69251059846468,12,12,109.12680977728,"gewogen","volledig","1958-1983"
"fg_v1_holenbroed","Holenbroeders",1963,4.58763214078752,14,14,98.261485117483,"gewogen","volledig","1958-1983"
"fg_v1_holenbroed","Holenbroeders",1964,4.59009776666954,15,15,98.5040601050873,"gewogen","volledig","1958-1983"
"fg_v1_holenbroed","Holenbroeders",1965,4.61970612536502,16,16,101.4642099901,"gewogen","volledig","1958-1983"
"fg_v1_holenbroed","Holenbroeders",1966,4.6225789145891,18,18,101.75611436831,"gewogen","volledig","1958-1983"
"fg_v1_holenbroed","Holenbroeders",1967,4.47955309368255,19,19,88.1952488530486,"gewogen","volledig","1958-1983"
"fg_v1_holenbroed","Holenbroeders",1968,4.45645298065799,19,19,86.1812796506709,"gewogen","volledig","1958-1983"
"fg_v1_holenbroed","Holenbroeders",1969,4.23926412615601,19,19,69.3567952039446,"gewogen","volledig","1958-1983"
"fg_v1_holenbroed","Holenbroeders",1970,4.4405388093541,19,19,84.8206315133462,"gewogen","volledig","1958-1983"
"fg_v1_holenbroed","Holenbroeders",1971,4.35336011102111,19,19,77.7392370320577,"gewogen","volledig","1958-1983"
"fg_v1_holenbroed","Holenbroeders",1972,4.28960448623876,19,19,72.9376149635935,"gewogen","volledig","1958-1983"
"fg_v1_holenbroed","Holenbroeders",1973,4.4753096269322,24,24,87.8217881913612,"gewogen","volledig","1958-1983"
"fg_v1_holenbroed","Holenbroeders",1974,4.39558848900354,25,25,81.0923386731409,"gewogen","volledig","1958-1983"
"fg_v1_holenbroed","Holenbroeders",1975,4.35866925558945,28,28,78.1530634401622,"gewogen","volledig","1958-1983"
"fg_v1_holenbroed","Holenbroeders",1976,4.43680014320051,24,24,84.5041075465893,"gewogen","volledig","1958-1983"
"fg_v1_holenbroed","Holenbroeders",1977,4.23493127911652,29,29,69.0569329170114,"gewogen","volledig","1958-1983"
"fg_v1_holenbroed","Holenbroeders",1978,4.33271439113703,27,27,76.1507090965558,"gewogen","volledig","1958-1983"
"fg_v1_holenbroed","Holenbroeders",1979,4.52850511194659,24,24,92.6200010090007,"gewogen","volledig","1958-1983"
"fg_v1_holenbroed","Holenbroeders",1980,4.4266978168752,25,25,83.6547171098507,"gewogen","volledig","1958-1983"
"fg_v1_holenbroed","Holenbroeders",1981,4.37305072313706,23,23,79.2851401360073,"gewogen","volledig","1958-1983"
"fg_v1_holenbroed","Holenbroeders",1982,4.39286249683538,22,22,80.8715826193609,"gewogen","volledig","1958-1983"
"fg_v1_holenbroed","Holenbroeders",1983,4.61737498058555,25,25,101.22795770281,"gewogen","volledig","1958-1983"
"fg_v1_holenbroed","Holenbroeders",1984,5.01881844469183,24,24,151.232508613336,"gewogen","volledig","1984-2025"
"fg_v1_holenbroed","Holenbroeders",1985,4.89323785584613,27,27,133.384756234466,"gewogen","volledig","1984-2025"
"fg_v1_holenbroed","Holenbroeders",1986,4.8360997572396,27,27,125.977051226423,"gewogen","volledig","1984-2025"
"fg_v1_holenbroed","Holenbroeders",1987,4.86901077137925,27,27,130.192063458844,"gewogen","volledig","1984-2025"
"fg_v1_holenbroed","Holenbroeders",1988,4.35473252200188,28,28,77.8460004594895,"gewogen","volledig","1984-2025"
"fg_v1_holenbroed","Holenbroeders",1989,4.34361864620033,28,28,76.9856196176864,"gewogen","volledig","1984-2025"
"fg_v1_holenbroed","Holenbroeders",1990,4.35368563941123,28,28,77.7645474801485,"gewogen","volledig","1984-2025"
"fg_v1_holenbroed","Holenbroeders",1991,4.26632640679409,28,28,71.2593762366147,"gewogen","volledig","1984-2025"
"fg_v1_holenbroed","Holenbroeders",1992,4.32159851890261,28,28,75.3089148501642,"gewogen","volledig","1984-2025"
"fg_v1_holenbroed","Holenbroeders",1993,4.23345194350079,28,28,68.9548500626521,"gewogen","volledig","1984-2025"
"fg_v1_holenbroed","Holenbroeders",1994,4.14600804288986,28,28,63.1812792510067,"gewogen","volledig","1984-2025"
"fg_v1_holenbroed","Holenbroeders",1995,4.07600179752955,28,28,58.9094663953982,"gewogen","volledig","1984-2025"
"fg_v1_holenbroed","Holenbroeders",1996,4.08849005656189,28,28,59.6497559137709,"gewogen","volledig","1984-2025"
"fg_v1_holenbroed","Holenbroeders",1997,4.11518128708922,28,28,61.2633195049718,"gewogen","volledig","1984-2025"
"fg_v1_holenbroed","Holenbroeders",1998,3.74324728622815,28,28,42.2349165880137,"gewogen","volledig","1984-2025"
"fg_v1_holenbroed","Holenbroeders",1999,3.6859523083163,29,29,39.883085364665,"gewogen","volledig","1984-2025"
"fg_v1_holenbroed","Holenbroeders",2000,3.50710926282215,29,29,33.3517172510688,"gewogen","volledig","1984-2025"
"fg_v1_holenbroed","Holenbroeders",2001,3.49940087045507,29,29,33.0956174553419,"gewogen","volledig","1984-2025"
"fg_v1_holenbroed","Holenbroeders",2002,3.58212103969803,29,29,35.9497108025018,"gewogen","volledig","1984-2025"
"fg_v1_holenbroed","Holenbroeders",2003,3.66749344931632,29,29,39.1536421717399,"gewogen","volledig","1984-2025"
"fg_v1_holenbroed","Holenbroeders",2004,3.50389971002783,29,29,33.2448447519777,"gewogen","volledig","1984-2025"
"fg_v1_holenbroed","Holenbroeders",2005,3.58025746405408,29,29,35.8827781834134,"gewogen","volledig","1984-2025"
"fg_v1_holenbroed","Holenbroeders",2006,3.63356139430927,29,29,37.8473662776524,"gewogen","volledig","1984-2025"
"fg_v1_holenbroed","Holenbroeders",2007,3.46582922532926,30,30,32.0029864602951,"gewogen","volledig","1984-2025"
"fg_v1_holenbroed","Holenbroeders",2008,3.47682318693142,30,30,32.3567672273112,"gewogen","volledig","1984-2025"
"fg_v1_holenbroed","Holenbroeders",2009,3.51169865506752,31,31,33.5051331371525,"gewogen","volledig","1984-2025"
"fg_v1_holenbroed","Holenbroeders",2010,3.33546148557732,31,31,28.0913439830651,"gewogen","volledig","1984-2025"
"fg_v1_holenbroed","Holenbroeders",2011,3.39454252374144,30,30,29.8010170982132,"gewogen","volledig","1984-2025"
"fg_v1_holenbroed","Holenbroeders",2012,3.31741349785633,31,31,27.5888994465636,"gewogen","volledig","1984-2025"
"fg_v1_holenbroed","Holenbroeders",2013,2.92880887075874,31,31,18.7053367483724,"gewogen","volledig","1984-2025"
"fg_v1_holenbroed","Holenbroeders",2014,2.92925383502346,31,31,18.7136618068245,"gewogen","volledig","1984-2025"
"fg_v1_holenbroed","Holenbroeders",2015,3.05669499530952,31,31,21.2571858384031,"gewogen","volledig","1984-2025"
"fg_v1_holenbroed","Holenbroeders",2016,3.00132031766483,32,32,20.1120737270454,"gewogen","volledig","1984-2025"
"fg_v1_holenbroed","Holenbroeders",2017,2.8973780814111,31,31,18.1265566539926,"gewogen","volledig","1984-2025"
"fg_v1_holenbroed","Holenbroeders",2018,2.86627032016102,32,32,17.5713602862473,"gewogen","volledig","1984-2025"
"fg_v1_holenbroed","Holenbroeders",2019,3.15008907119946,33,33,23.3381432447789,"gewogen","volledig","1984-2025"
"fg_v1_holenbroed","Holenbroeders",2020,3.0681214846272,33,33,21.5014738646278,"gewogen","volledig","1984-2025"
"fg_v1_holenbroed","Holenbroeders",2021,2.84053206920449,33,33,17.1248747320457,"gewogen","volledig","1984-2025"
"fg_v1_holenbroed","Holenbroeders",2022,2.75899906684425,33,33,15.7840362736299,"gewogen","volledig","1984-2025"
"fg_v1_holenbroed","Holenbroeders",2023,2.40736066792736,29,29,11.1046136702218,"gewogen","volledig","1984-2025"
"fg_v1_holenbroed","Holenbroeders",2024,2.51448075477475,31,31,12.3601891433779,"gewogen","volledig","1984-2025"
"fg_v1_holenbroed","Holenbroeders",2025,2.87054115582373,32,32,17.6465651579124,"gewogen","volledig","1984-2025"
"fg_v1_lange_trek","Langeafstandstrekkers",1958,4.60517018598809,13,12,100,"gewogen","volledig","1958-1983"
"fg_v1_lange_trek","Langeafstandstrekkers",1959,5.01906695917963,18,17,151.270096753158,"gewogen","volledig","1958-1983"
"fg_v1_lange_trek","Langeafstandstrekkers",1960,4.64005578814053,19,18,103.550124291029,"gewogen","volledig","1958-1983"
"fg_v1_lange_trek","Langeafstandstrekkers",1961,4.63198798787211,18,17.5,102.71806353367,"gewogen","volledig","1958-1983"
"fg_v1_lange_trek","Langeafstandstrekkers",1962,4.54594260924162,19,18.5,94.2492255427796,"gewogen","volledig","1958-1983"
"fg_v1_lange_trek","Langeafstandstrekkers",1963,4.62939880683067,19,18.5,102.452451877673,"gewogen","volledig","1958-1983"
"fg_v1_lange_trek","Langeafstandstrekkers",1964,4.71155707794556,22,21.5,111.225211467117,"gewogen","volledig","1958-1983"
"fg_v1_lange_trek","Langeafstandstrekkers",1965,4.91030796310602,22,21,135.681192776593,"gewogen","volledig","1958-1983"
"fg_v1_lange_trek","Langeafstandstrekkers",1966,4.99059812610012,23,22,147.024336294495,"gewogen","volledig","1958-1983"
"fg_v1_lange_trek","Langeafstandstrekkers",1967,4.79743479357538,22,21.5,121.19911765996,"gewogen","volledig","1958-1983"
"fg_v1_lange_trek","Langeafstandstrekkers",1968,4.73026698167724,24,23,113.325814226089,"gewogen","volledig","1958-1983"
"fg_v1_lange_trek","Langeafstandstrekkers",1969,4.56527210626573,23,22,96.0887368069096,"gewogen","volledig","1958-1983"
"fg_v1_lange_trek","Langeafstandstrekkers",1970,4.81827323413033,22,21.5,123.751216800322,"gewogen","volledig","1958-1983"
"fg_v1_lange_trek","Langeafstandstrekkers",1971,4.83915063989624,23,22.5,126.361979313785,"gewogen","volledig","1958-1983"
"fg_v1_lange_trek","Langeafstandstrekkers",1972,4.64106861764648,24,23,103.655056042273,"gewogen","volledig","1958-1983"
"fg_v1_lange_trek","Langeafstandstrekkers",1973,4.82382689028307,23,22.5,124.440400480127,"gewogen","volledig","1958-1983"
"fg_v1_lange_trek","Langeafstandstrekkers",1974,4.59735812627549,24,23.5,99.2218375121391,"gewogen","volledig","1958-1983"
"fg_v1_lange_trek","Langeafstandstrekkers",1975,4.48894132738885,28,27,89.0271453703309,"gewogen","volledig","1958-1983"
"fg_v1_lange_trek","Langeafstandstrekkers",1976,4.98315137983893,24,23.5,145.933549813667,"gewogen","volledig","1958-1983"
"fg_v1_lange_trek","Langeafstandstrekkers",1977,4.46132170179056,26,25.5,86.6018953675814,"gewogen","volledig","1958-1983"
"fg_v1_lange_trek","Langeafstandstrekkers",1978,4.55638024336307,23,22.5,95.2381163375652,"gewogen","volledig","1958-1983"
"fg_v1_lange_trek","Langeafstandstrekkers",1979,4.65832207768302,22,21.5,105.458981638937,"gewogen","volledig","1958-1983"
"fg_v1_lange_trek","Langeafstandstrekkers",1980,4.77897212292241,22,21.5,118.981988310746,"gewogen","volledig","1958-1983"
"fg_v1_lange_trek","Langeafstandstrekkers",1981,5.14097888751007,20,19.5,170.882961673095,"gewogen","volledig","1958-1983"
"fg_v1_lange_trek","Langeafstandstrekkers",1982,4.95991509604902,20,19.5,142.581689634274,"gewogen","volledig","1958-1983"
"fg_v1_lange_trek","Langeafstandstrekkers",1983,4.72307140203736,21,20.5,112.513296079852,"gewogen","volledig","1958-1983"
"fg_v1_lange_trek","Langeafstandstrekkers",1984,5.48059799310377,20,19.5,239.990176943858,"gewogen","volledig","1984-2025"
"fg_v1_lange_trek","Langeafstandstrekkers",1985,4.52695519075365,23,22.5,92.4765584975565,"gewogen","volledig","1984-2025"
"fg_v1_lange_trek","Langeafstandstrekkers",1986,4.54847660568695,25,24.5,94.4883555946735,"gewogen","volledig","1984-2025"
"fg_v1_lange_trek","Langeafstandstrekkers",1987,4.54476498945578,25,24.5,94.1383011161987,"gewogen","volledig","1984-2025"
"fg_v1_lange_trek","Langeafstandstrekkers",1988,4.46476992939654,28,27.5,86.9010338663291,"gewogen","volledig","1984-2025"
"fg_v1_lange_trek","Langeafstandstrekkers",1989,4.66517457325243,26,25.5,106.184120511319,"gewogen","volledig","1984-2025"
"fg_v1_lange_trek","Langeafstandstrekkers",1990,4.33253732849991,28,27.5,76.1372268448216,"gewogen","volledig","1984-2025"
"fg_v1_lange_trek","Langeafstandstrekkers",1991,4.48095528261437,28,27.5,88.3190019971979,"gewogen","volledig","1984-2025"
"fg_v1_lange_trek","Langeafstandstrekkers",1992,4.34574549265339,27,26.5,77.1495304545103,"gewogen","volledig","1984-2025"
"fg_v1_lange_trek","Langeafstandstrekkers",1993,4.43690692545606,27,26.5,84.5131315675903,"gewogen","volledig","1984-2025"
"fg_v1_lange_trek","Langeafstandstrekkers",1994,4.66843522415846,28,27.5,106.530914940601,"gewogen","volledig","1984-2025"
"fg_v1_lange_trek","Langeafstandstrekkers",1995,4.2682666665353,29,28.5,71.3977721541066,"gewogen","volledig","1984-2025"
"fg_v1_lange_trek","Langeafstandstrekkers",1996,4.40624791893151,31,30,81.9613601834505,"gewogen","volledig","1984-2025"
"fg_v1_lange_trek","Langeafstandstrekkers",1997,4.29982382175602,32,31,73.6868105430682,"gewogen","volledig","1984-2025"
"fg_v1_lange_trek","Langeafstandstrekkers",1998,4.08774867077757,31,30,59.6055488219782,"gewogen","volledig","1984-2025"
"fg_v1_lange_trek","Langeafstandstrekkers",1999,3.96951166004372,31,30,52.9586626929411,"gewogen","volledig","1984-2025"
"fg_v1_lange_trek","Langeafstandstrekkers",2000,4.23679067755753,31,30,69.1854567218699,"gewogen","volledig","1984-2025"
"fg_v1_lange_trek","Langeafstandstrekkers",2001,4.18263332840244,30,29,65.5382098079861,"gewogen","volledig","1984-2025"
"fg_v1_lange_trek","Langeafstandstrekkers",2002,3.77831241020102,31,30,43.7421605885784,"gewogen","volledig","1984-2025"
"fg_v1_lange_trek","Langeafstandstrekkers",2003,4.08637202525282,30,29.5,59.5235495648473,"gewogen","volledig","1984-2025"
"fg_v1_lange_trek","Langeafstandstrekkers",2004,3.60960157328329,30,29.5,36.9513274854468,"gewogen","volledig","1984-2025"
"fg_v1_lange_trek","Langeafstandstrekkers",2005,3.86673086560215,31,30.5,47.785911884313,"gewogen","volledig","1984-2025"
"fg_v1_lange_trek","Langeafstandstrekkers",2006,3.8638745557016,31,30.5,47.6496152564597,"gewogen","volledig","1984-2025"
"fg_v1_lange_trek","Langeafstandstrekkers",2007,4.02010789853948,30,29.5,55.7071162190123,"gewogen","volledig","1984-2025"
"fg_v1_lange_trek","Langeafstandstrekkers",2008,4.29480705782967,31,30,73.3180669332833,"gewogen","volledig","1984-2025"
"fg_v1_lange_trek","Langeafstandstrekkers",2009,4.23674713202613,32,31,69.1824440699859,"gewogen","volledig","1984-2025"
"fg_v1_lange_trek","Langeafstandstrekkers",2010,3.82097897615516,29,28,45.6488756139097,"gewogen","volledig","1984-2025"
"fg_v1_lange_trek","Langeafstandstrekkers",2011,4.07753292565741,28,27,58.9997334239519,"gewogen","volledig","1984-2025"
"fg_v1_lange_trek","Langeafstandstrekkers",2012,4.27631774378661,28,27,71.9749213521232,"gewogen","volledig","1984-2025"
"fg_v1_lange_trek","Langeafstandstrekkers",2013,3.73239950841689,32,30.5,41.7792376175681,"gewogen","volledig","1984-2025"
"fg_v1_lange_trek","Langeafstandstrekkers",2014,3.65489681922103,30,29,38.6635315760374,"gewogen","volledig","1984-2025"
"fg_v1_lange_trek","Langeafstandstrekkers",2015,4.19076296165805,27,26.5,66.0731830396378,"gewogen","volledig","1984-2025"
"fg_v1_lange_trek","Langeafstandstrekkers",2016,4.2133429586576,25,24.5,67.5820867249794,"gewogen","volledig","1984-2025"
"fg_v1_lange_trek","Langeafstandstrekkers",2017,4.38090971995325,22,21.5,79.9106967037166,"gewogen","volledig","1984-2025"
"fg_v1_lange_trek","Langeafstandstrekkers",2018,4.44830906014474,24,23,85.4822763365348,"gewogen","volledig","1984-2025"
"fg_v1_lange_trek","Langeafstandstrekkers",2019,3.95697612715194,28,27.5,52.2989412537564,"gewogen","volledig","1984-2025"
"fg_v1_lange_trek","Langeafstandstrekkers",2020,3.91537828613355,30,29,50.1680457980283,"gewogen","volledig","1984-2025"
"fg_v1_lange_trek","Langeafstandstrekkers",2021,3.7201475635583,26,25.5,41.2704836787249,"gewogen","volledig","1984-2025"
"fg_v1_lange_trek","Langeafstandstrekkers",2022,4.35449534293897,27,26,77.8275392074469,"gewogen","volledig","1984-2025"
"fg_v1_lange_trek","Langeafstandstrekkers",2023,5.09848430836038,22,21.5,163.773488976638,"gewogen","volledig","1984-2025"
"fg_v1_lange_trek","Langeafstandstrekkers",2024,4.52652087207524,27,26.5,92.4364029216757,"gewogen","volledig","1984-2025"
"fg_v1_lange_trek","Langeafstandstrekkers",2025,4.70522882687364,28,27,110.523572817721,"gewogen","volledig","1984-2025"
"fg_v1_lucht","Luchtfoerageerders",1959,4.60517018598809,2,1.5,100,"gewogen","volledig","1958-1983"
"fg_v1_lucht","Luchtfoerageerders",1960,3.73427893344419,3,2,41.85783239573,"gewogen","volledig","1958-1983"
"fg_v1_lucht","Luchtfoerageerders",1961,4.35380303907445,3,2,77.7736775477565,"gewogen","volledig","1958-1983"
"fg_v1_lucht","Luchtfoerageerders",1962,4.38842904582926,3,2,80.5138360319876,"gewogen","volledig","1958-1983"
"fg_v1_lucht","Luchtfoerageerders",1963,3.92646448423415,4,3,50.7273130377773,"gewogen","volledig","1958-1983"
"fg_v1_lucht","Luchtfoerageerders",1964,3.83085018358145,4,3,46.1017164999404,"gewogen","volledig","1958-1983"
"fg_v1_lucht","Luchtfoerageerders",1965,3.72792627888705,4,3,41.5927668722819,"gewogen","volledig","1958-1983"
"fg_v1_lucht","Luchtfoerageerders",1966,3.86658000159679,5,4,47.7787032540213,"gewogen","volledig","1958-1983"
"fg_v1_lucht","Luchtfoerageerders",1967,3.58029577266438,5,4,35.8841528291096,"gewogen","volledig","1958-1983"
"fg_v1_lucht","Luchtfoerageerders",1968,3.91497284919431,5,4,50.1477099418245,"gewogen","volledig","1958-1983"
"fg_v1_lucht","Luchtfoerageerders",1969,3.5293760209809,5,4,34.1026816166132,"gewogen","volledig","1958-1983"
"fg_v1_lucht","Luchtfoerageerders",1970,3.76600790833725,5,4,43.2072328507864,"gewogen","volledig","1958-1983"
"fg_v1_lucht","Luchtfoerageerders",1971,3.28459863620416,6,5,26.6982664465853,"gewogen","volledig","1958-1983"
"fg_v1_lucht","Luchtfoerageerders",1972,3.09698178543024,6,5,22.1310541072621,"gewogen","volledig","1958-1983"
"fg_v1_lucht","Luchtfoerageerders",1973,3.70625009334029,6,5,40.7008954461441,"gewogen","volledig","1958-1983"
"fg_v1_lucht","Luchtfoerageerders",1974,3.56726259403502,6,5,35.4195027662076,"gewogen","volledig","1958-1983"
"fg_v1_lucht","Luchtfoerageerders",1975,3.71307928313123,7,6,40.979800850817,"gewogen","volledig","1958-1983"
"fg_v1_lucht","Luchtfoerageerders",1976,3.46208649545893,6,5,31.8834317968954,"gewogen","volledig","1958-1983"
"fg_v1_lucht","Luchtfoerageerders",1977,3.01633762318865,7,6,20.4163821099681,"gewogen","volledig","1958-1983"
"fg_v1_lucht","Luchtfoerageerders",1978,2.6939671728703,6,5,14.7902351058915,"gewogen","volledig","1958-1983"
"fg_v1_lucht","Luchtfoerageerders",1979,2.70256391554282,5,4,14.9179310493102,"gewogen","volledig","1958-1983"
"fg_v1_lucht","Luchtfoerageerders",1980,2.62156868936855,4,3.5,13.7572875778162,"gewogen","volledig","1958-1983"
"fg_v1_lucht","Luchtfoerageerders",1981,3.40061449908903,2,1.5,29.9825186180975,"gewogen","volledig","1958-1983"
"fg_v1_lucht","Luchtfoerageerders",1982,1.43415693888872,2,1.5,4.19610594343365,"gewogen","volledig","1958-1983"
"fg_v1_lucht","Luchtfoerageerders",1983,2.1896714581082,5,4,8.93227800505808,"gewogen","volledig","1958-1983"
"fg_v1_lucht","Luchtfoerageerders",1984,3.47718939712372,5,3.5,32.3686187752059,"gewogen","volledig","1984-2025"
"fg_v1_lucht","Luchtfoerageerders",1985,1.92045821189922,7,5.5,6.82408462979277,"gewogen","volledig","1984-2025"
"fg_v1_lucht","Luchtfoerageerders",1986,2.01592826203312,8,6,7.50769325422925,"gewogen","volledig","1984-2025"
"fg_v1_lucht","Luchtfoerageerders",1987,2.1903625757898,9,6.5,8.93845339403876,"gewogen","volledig","1984-2025"
"fg_v1_lucht","Luchtfoerageerders",1988,2.32668604361882,9,6.5,10.2439372585762,"gewogen","volledig","1984-2025"
"fg_v1_lucht","Luchtfoerageerders",1989,2.30395939940482,9,6.5,10.0137525120259,"gewogen","volledig","1984-2025"
"fg_v1_lucht","Luchtfoerageerders",1990,2.16024720051314,9,6.5,8.67328143310234,"gewogen","volledig","1984-2025"
"fg_v1_lucht","Luchtfoerageerders",1991,2.20281168307328,9,6.5,9.05042468448521,"gewogen","volledig","1984-2025"
"fg_v1_lucht","Luchtfoerageerders",1992,2.32172468925308,9,6.5,10.1932393249375,"gewogen","volledig","1984-2025"
"fg_v1_lucht","Luchtfoerageerders",1993,2.34047684851153,9,6.5,10.3861880203884,"gewogen","volledig","1984-2025"
"fg_v1_lucht","Luchtfoerageerders",1994,2.27425186455446,9,6.5,9.72064393324697,"gewogen","volledig","1984-2025"
"fg_v1_lucht","Luchtfoerageerders",1995,2.33153405357134,9,6.5,10.2937205457892,"gewogen","volledig","1984-2025"
"fg_v1_lucht","Luchtfoerageerders",1996,2.48792906890531,9,6.5,12.0363238947731,"gewogen","volledig","1984-2025"
"fg_v1_lucht","Luchtfoerageerders",1997,2.54062997764848,9,6.5,12.6876613967662,"gewogen","volledig","1984-2025"
"fg_v1_lucht","Luchtfoerageerders",1998,2.16298484520512,10,7,8.69705832747402,"gewogen","volledig","1984-2025"
"fg_v1_lucht","Luchtfoerageerders",1999,1.93264527356495,10,7,6.90775900674558,"gewogen","volledig","1984-2025"
"fg_v1_lucht","Luchtfoerageerders",2000,1.95472975142909,10,7,7.06201026761092,"gewogen","volledig","1984-2025"
"fg_v1_lucht","Luchtfoerageerders",2001,1.77019593244926,10,7,5.87200376475792,"gewogen","volledig","1984-2025"
"fg_v1_lucht","Luchtfoerageerders",2002,2.21786793527769,10,7,9.18772115257381,"gewogen","volledig","1984-2025"
"fg_v1_lucht","Luchtfoerageerders",2003,2.68611842251157,10,7,14.6746046138285,"gewogen","volledig","1984-2025"
"fg_v1_lucht","Luchtfoerageerders",2004,1.86929667305878,10,7,6.48373461002918,"gewogen","volledig","1984-2025"
"fg_v1_lucht","Luchtfoerageerders",2005,2.3514199546759,10,7,10.5004693343694,"gewogen","volledig","1984-2025"
"fg_v1_lucht","Luchtfoerageerders",2006,2.40099144173415,10,7,11.0341106371917,"gewogen","volledig","1984-2025"
"fg_v1_lucht","Luchtfoerageerders",2007,2.45987542091374,10,7,11.7033534560796,"gewogen","volledig","1984-2025"
"fg_v1_lucht","Luchtfoerageerders",2008,2.84502837897066,10,7,17.202046838381,"gewogen","volledig","1984-2025"
"fg_v1_lucht","Luchtfoerageerders",2009,2.43675088101027,11,8,11.435823961863,"gewogen","volledig","1984-2025"
"fg_v1_lucht","Luchtfoerageerders",2010,2.15661772251246,11,8,8.64185900694367,"gewogen","volledig","1984-2025"
"fg_v1_lucht","Luchtfoerageerders",2011,2.30724406422106,9,6.5,10.0466984110773,"gewogen","volledig","1984-2025"
"fg_v1_lucht","Luchtfoerageerders",2012,2.1836046418243,10,7.5,8.87825156535589,"gewogen","volledig","1984-2025"
"fg_v1_lucht","Luchtfoerageerders",2013,1.83859642242655,11,8,6.287706780417,"gewogen","volledig","1984-2025"
"fg_v1_lucht","Luchtfoerageerders",2014,1.91495229487766,11,8,6.78661503297634,"gewogen","volledig","1984-2025"
"fg_v1_lucht","Luchtfoerageerders",2015,2.30915344284268,11,8.5,10.0658996876612,"gewogen","volledig","1984-2025"
"fg_v1_lucht","Luchtfoerageerders",2016,2.36383674592341,10,7.5,10.6316642947166,"gewogen","volledig","1984-2025"
"fg_v1_lucht","Luchtfoerageerders",2017,1.22724766318103,7,5,3.41182610690944,"gewogen","volledig","1984-2025"
"fg_v1_lucht","Luchtfoerageerders",2018,1.48632634320377,9,6.5,4.4208250572395,"gewogen","volledig","1984-2025"
"fg_v1_lucht","Luchtfoerageerders",2019,1.83433653054802,12,9,6.26097879894282,"gewogen","volledig","1984-2025"
"fg_v1_lucht","Luchtfoerageerders",2020,1.70551083680296,13,9.5,5.50419669540477,"gewogen","volledig","1984-2025"
"fg_v1_lucht","Luchtfoerageerders",2021,1.20879677626426,12,9,3.34945208674358,"gewogen","volledig","1984-2025"
"fg_v1_lucht","Luchtfoerageerders",2022,2.06876068234213,12,9,7.91500782801129,"gewogen","volledig","1984-2025"
"fg_v1_lucht","Luchtfoerageerders",2023,1.78267489482929,8,5,5.94573939403783,"gewogen","volledig","1984-2025"
"fg_v1_lucht","Luchtfoerageerders",2024,1.73895821966836,11,7.5,5.69141113295955,"gewogen","volledig","1984-2025"
"fg_v1_lucht","Luchtfoerageerders",2025,3.06166161813245,11,8,21.3630248764665,"gewogen","volledig","1984-2025"
"fg_v1_zaad","Zaadeters",1958,4.60517018598809,14,10,100,"gewogen","volledig","1958-1983"
"fg_v1_zaad","Zaadeters",1959,5.23574587337726,17,12,187.869180719138,"gewogen","volledig","1958-1983"
"fg_v1_zaad","Zaadeters",1960,5.11695129081657,22,15,166.825989613323,"gewogen","volledig","1958-1983"
"fg_v1_zaad","Zaadeters",1961,5.0743643638975,25,17.5,159.870540188965,"gewogen","volledig","1958-1983"
"fg_v1_zaad","Zaadeters",1962,5.09911212670898,26,18,163.876341260929,"gewogen","volledig","1958-1983"
"fg_v1_zaad","Zaadeters",1963,4.89236341446487,27,18.5,133.268170065299,"gewogen","volledig","1958-1983"
"fg_v1_zaad","Zaadeters",1964,5.03514162707654,28,19.5,153.721362177354,"gewogen","volledig","1958-1983"
"fg_v1_zaad","Zaadeters",1965,4.92912600474877,29,20,138.258622139734,"gewogen","volledig","1958-1983"
"fg_v1_zaad","Zaadeters",1966,4.99751498294237,30,21,148.044807739897,"gewogen","volledig","1958-1983"
"fg_v1_zaad","Zaadeters",1967,4.9123752344009,32,22.5,135.961972735854,"gewogen","volledig","1958-1983"
"fg_v1_zaad","Zaadeters",1968,4.8488448907944,32,22.5,127.592920933537,"gewogen","volledig","1958-1983"
"fg_v1_zaad","Zaadeters",1969,4.80020734339736,32,22.5,121.535614513643,"gewogen","volledig","1958-1983"
"fg_v1_zaad","Zaadeters",1970,4.83126021657375,34,24,125.368853051008,"gewogen","volledig","1958-1983"
"fg_v1_zaad","Zaadeters",1971,4.86321320528098,34,24,129.439450136268,"gewogen","volledig","1958-1983"
"fg_v1_zaad","Zaadeters",1972,4.8672889386779,34,24,129.968087386523,"gewogen","volledig","1958-1983"
"fg_v1_zaad","Zaadeters",1973,4.97153929367505,38,28,144.248757765726,"gewogen","volledig","1958-1983"
"fg_v1_zaad","Zaadeters",1974,5.11582433992391,37,27,166.638090811657,"gewogen","volledig","1958-1983"
"fg_v1_zaad","Zaadeters",1975,5.08021098627058,40,29.5,160.807980625771,"gewogen","volledig","1958-1983"
"fg_v1_zaad","Zaadeters",1976,5.01796825341427,40,29.5,151.103986695478,"gewogen","volledig","1958-1983"
"fg_v1_zaad","Zaadeters",1977,4.97372496943395,41,30.5,144.564383581023,"gewogen","volledig","1958-1983"
"fg_v1_zaad","Zaadeters",1978,4.67219314233423,40,30,106.932002557348,"gewogen","volledig","1958-1983"
"fg_v1_zaad","Zaadeters",1979,4.87739677688431,36,26.5,131.288445527501,"gewogen","volledig","1958-1983"
"fg_v1_zaad","Zaadeters",1980,4.82045028438633,38,28,124.020922893874,"gewogen","volledig","1958-1983"
"fg_v1_zaad","Zaadeters",1981,5.02914092365397,37,27,152.801687978937,"gewogen","volledig","1958-1983"
"fg_v1_zaad","Zaadeters",1982,4.68816321194813,37,27,108.653423098867,"gewogen","volledig","1958-1983"
"fg_v1_zaad","Zaadeters",1983,5.06095505629632,40,29.5,157.741096032826,"gewogen","volledig","1958-1983"
"fg_v1_zaad","Zaadeters",1984,5.85091002272228,36,26.5,347.550515478126,"gewogen","volledig","1984-2025"
"fg_v1_zaad","Zaadeters",1985,5.759421234208,37,27.5,317.164711701732,"gewogen","volledig","1984-2025"
"fg_v1_zaad","Zaadeters",1986,5.67336209767794,38,28.5,291.011299896766,"gewogen","volledig","1984-2025"
"fg_v1_zaad","Zaadeters",1987,5.48020739884783,38,28.5,239.896456463794,"gewogen","volledig","1984-2025"
"fg_v1_zaad","Zaadeters",1988,5.06249389663592,41,31,157.984021258244,"gewogen","volledig","1984-2025"
"fg_v1_zaad","Zaadeters",1989,5.02392913336725,42,32,152.007389282792,"gewogen","volledig","1984-2025"
"fg_v1_zaad","Zaadeters",1990,4.92743083701953,42,32,138.02444912254,"gewogen","volledig","1984-2025"
"fg_v1_zaad","Zaadeters",1991,4.84262550032776,42,32,126.801833328818,"gewogen","volledig","1984-2025"
"fg_v1_zaad","Zaadeters",1992,4.90216226869452,44,34,134.580464427546,"gewogen","volledig","1984-2025"
"fg_v1_zaad","Zaadeters",1993,4.90616021678669,42,32,135.11958711271,"gewogen","volledig","1984-2025"
"fg_v1_zaad","Zaadeters",1994,4.84613678576708,43,33,127.247853353419,"gewogen","volledig","1984-2025"
"fg_v1_zaad","Zaadeters",1995,4.78179021700787,43,33,119.317763649311,"gewogen","volledig","1984-2025"
"fg_v1_zaad","Zaadeters",1996,4.8104691735034,44,33.5,122.78921345042,"gewogen","volledig","1984-2025"
"fg_v1_zaad","Zaadeters",1997,4.94232794258376,43,32.5,140.096005699577,"gewogen","volledig","1984-2025"
"fg_v1_zaad","Zaadeters",1998,4.71288806143556,44,33.5,111.373348949653,"gewogen","volledig","1984-2025"
"fg_v1_zaad","Zaadeters",1999,4.66065030207609,45,34,105.704799861407,"gewogen","volledig","1984-2025"
"fg_v1_zaad","Zaadeters",2000,4.58713954520206,45,34,98.2130938633312,"gewogen","volledig","1984-2025"
"fg_v1_zaad","Zaadeters",2001,4.79933894656537,44,33,121.43011918356,"gewogen","volledig","1984-2025"
"fg_v1_zaad","Zaadeters",2002,4.74999168829517,45,34,115.583323828724,"gewogen","volledig","1984-2025"
"fg_v1_zaad","Zaadeters",2003,4.52254503358484,47,36,92.069620330351,"gewogen","volledig","1984-2025"
"fg_v1_zaad","Zaadeters",2004,4.49992748646116,46,35,90.010604076434,"gewogen","volledig","1984-2025"
"fg_v1_zaad","Zaadeters",2005,4.2775949261185,48,36.5,72.0669051775679,"gewogen","volledig","1984-2025"
"fg_v1_zaad","Zaadeters",2006,4.29053049855225,47,36,73.00518737478,"gewogen","volledig","1984-2025"
"fg_v1_zaad","Zaadeters",2007,4.31098347161658,48,36.5,74.5137350601789,"gewogen","volledig","1984-2025"
"fg_v1_zaad","Zaadeters",2008,4.27549679470566,48,36.5,71.9158578539676,"gewogen","volledig","1984-2025"
"fg_v1_zaad","Zaadeters",2009,4.16097805076062,47,36,64.1342184562165,"gewogen","volledig","1984-2025"
"fg_v1_zaad","Zaadeters",2010,4.15414830321642,47,35.5,63.697690320534,"gewogen","volledig","1984-2025"
"fg_v1_zaad","Zaadeters",2011,4.11475583491981,47,35.5,61.2372604366202,"gewogen","volledig","1984-2025"
"fg_v1_zaad","Zaadeters",2012,4.02056173568296,48,36.5,55.7324039153226,"gewogen","volledig","1984-2025"
"fg_v1_zaad","Zaadeters",2013,3.83886077664215,46,35,46.4725017121857,"gewogen","volledig","1984-2025"
"fg_v1_zaad","Zaadeters",2014,3.79949504888222,47,36,44.6786182781221,"gewogen","volledig","1984-2025"
"fg_v1_zaad","Zaadeters",2015,3.76366569224306,45,34.5,43.1061505990678,"gewogen","volledig","1984-2025"
"fg_v1_zaad","Zaadeters",2016,3.85361198864198,46,34.5,47.1631085582436,"gewogen","volledig","1984-2025"
"fg_v1_zaad","Zaadeters",2017,3.8978780300857,44,33,49.2977297398008,"gewogen","volledig","1984-2025"
"fg_v1_zaad","Zaadeters",2018,3.90869476034323,45,34,49.8338643691628,"gewogen","volledig","1984-2025"
"fg_v1_zaad","Zaadeters",2019,4.04294519664507,45,34,56.9939542628447,"gewogen","volledig","1984-2025"
"fg_v1_zaad","Zaadeters",2020,4.194433240022,47,35.5,66.3161355928022,"gewogen","volledig","1984-2025"
"fg_v1_zaad","Zaadeters",2021,3.86655274064878,46,34.5,47.7774007790294,"gewogen","volledig","1984-2025"
"fg_v1_zaad","Zaadeters",2022,3.78087060913852,45,34,43.854204992152,"gewogen","volledig","1984-2025"
"fg_v1_zaad","Zaadeters",2023,3.93172720937311,44,33,50.9949806561024,"gewogen","volledig","1984-2025"
"fg_v1_zaad","Zaadeters",2024,3.88277216085394,44,33.5,48.558641023843,"gewogen","volledig","1984-2025"
"fg_v1_zaad","Zaadeters",2025,3.86887188365061,44,33,47.888331986639,"gewogen","volledig","1984-2025"
"fg_v1_bodem_insect","Bodemfoeragerende insecteneters",1958,4.60517018598809,25,18,100,"gewogen","robuust","1958-1983"
"fg_v1_bodem_insect","Bodemfoeragerende insecteneters",1959,5.03359455376759,29,20.5,153.48372782719,"gewogen","robuust","1958-1983"
"fg_v1_bodem_insect","Bodemfoeragerende insecteneters",1960,4.99109360493047,34,23.5,147.09720179084,"gewogen","robuust","1958-1983"
"fg_v1_bodem_insect","Bodemfoeragerende insecteneters",1961,5.09526092972208,35,24.5,163.246434914503,"gewogen","robuust","1958-1983"
"fg_v1_bodem_insect","Bodemfoeragerende insecteneters",1962,4.9854590105773,36,25,146.270699417758,"gewogen","robuust","1958-1983"
"fg_v1_bodem_insect","Bodemfoeragerende insecteneters",1963,5.02729733676341,35,24,152.520244302773,"gewogen","robuust","1958-1983"
"fg_v1_bodem_insect","Bodemfoeragerende insecteneters",1964,4.98542862367377,37,25.5,146.266254771654,"gewogen","robuust","1958-1983"
"fg_v1_bodem_insect","Bodemfoeragerende insecteneters",1965,5.05166178293219,37,25.5,156.281955504074,"gewogen","robuust","1958-1983"
"fg_v1_bodem_insect","Bodemfoeragerende insecteneters",1966,5.23898832021935,37,25.5,188.479325196843,"gewogen","robuust","1958-1983"
"fg_v1_bodem_insect","Bodemfoeragerende insecteneters",1967,5.20025167818929,37,25.5,181.317869886301,"gewogen","robuust","1958-1983"
"fg_v1_bodem_insect","Bodemfoeragerende insecteneters",1968,5.1564040557979,38,26.5,173.539294636399,"gewogen","robuust","1958-1983"
"fg_v1_bodem_insect","Bodemfoeragerende insecteneters",1969,5.1935392555397,37,25.5,180.104863370402,"gewogen","robuust","1958-1983"
"fg_v1_bodem_insect","Bodemfoeragerende insecteneters",1970,5.2243630664278,38,26,185.742826999161,"gewogen","robuust","1958-1983"
"fg_v1_bodem_insect","Bodemfoeragerende insecteneters",1971,5.27919152437624,38,26,196.211179253944,"gewogen","robuust","1958-1983"
"fg_v1_bodem_insect","Bodemfoeragerende insecteneters",1972,5.22905590124917,38,26,186.61653588782,"gewogen","robuust","1958-1983"
"fg_v1_bodem_insect","Bodemfoeragerende insecteneters",1973,5.33538692987644,40,27,207.553041745867,"gewogen","robuust","1958-1983"
"fg_v1_bodem_insect","Bodemfoeragerende insecteneters",1974,5.33268591989654,39,27,206.993195324499,"gewogen","robuust","1958-1983"
"fg_v1_bodem_insect","Bodemfoeragerende insecteneters",1975,5.24777258217647,42,29,190.142270141707,"gewogen","robuust","1958-1983"
"fg_v1_bodem_insect","Bodemfoeragerende insecteneters",1976,5.42873327416008,41,28,227.860425845699,"gewogen","robuust","1958-1983"
"fg_v1_bodem_insect","Bodemfoeragerende insecteneters",1977,5.17474019525014,42,28.5,176.750687642522,"gewogen","robuust","1958-1983"
"fg_v1_bodem_insect","Bodemfoeragerende insecteneters",1978,5.30283894876569,41,27.5,200.906363999006,"gewogen","robuust","1958-1983"
"fg_v1_bodem_insect","Bodemfoeragerende insecteneters",1979,5.38131817457892,39,26.5,217.308537301586,"gewogen","robuust","1958-1983"
"fg_v1_bodem_insect","Bodemfoeragerende insecteneters",1980,5.39367876813573,40,27.5,220.01126908095,"gewogen","robuust","1958-1983"
"fg_v1_bodem_insect","Bodemfoeragerende insecteneters",1981,5.37012575019401,39,27,214.889888450532,"gewogen","robuust","1958-1983"
"fg_v1_bodem_insect","Bodemfoeragerende insecteneters",1982,5.30308979749078,40,27.5,200.956767425831,"gewogen","robuust","1958-1983"
"fg_v1_bodem_insect","Bodemfoeragerende insecteneters",1983,5.37821808892593,40,27,216.635905369821,"gewogen","robuust","1958-1983"
"fg_v1_bodem_insect","Bodemfoeragerende insecteneters",1984,5.55888096219135,39,26,259.532247365893,"gewogen","robuust","1984-2025"
"fg_v1_bodem_insect","Bodemfoeragerende insecteneters",1985,5.20264288531036,41,28,181.751957257519,"gewogen","robuust","1984-2025"
"fg_v1_bodem_insect","Bodemfoeragerende insecteneters",1986,5.14918015955282,40,27.5,172.290181939801,"gewogen","robuust","1984-2025"
"fg_v1_bodem_insect","Bodemfoeragerende insecteneters",1987,5.14903056356476,40,27.5,172.264409947542,"gewogen","robuust","1984-2025"
"fg_v1_bodem_insect","Bodemfoeragerende insecteneters",1988,5.24464940870983,42,28.5,189.549349228103,"gewogen","robuust","1984-2025"
"fg_v1_bodem_insect","Bodemfoeragerende insecteneters",1989,5.18294554747155,41,28,178.206955715637,"gewogen","robuust","1984-2025"
"fg_v1_bodem_insect","Bodemfoeragerende insecteneters",1990,5.11115329514407,41,28,165.861531910106,"gewogen","robuust","1984-2025"
"fg_v1_bodem_insect","Bodemfoeragerende insecteneters",1991,4.91112708735592,41,28,135.792378062917,"gewogen","robuust","1984-2025"
"fg_v1_bodem_insect","Bodemfoeragerende insecteneters",1992,5.06504671257709,42,28.5,158.387840605092,"gewogen","robuust","1984-2025"
"fg_v1_bodem_insect","Bodemfoeragerende insecteneters",1993,5.05943939080417,41,28,157.502194390097,"gewogen","robuust","1984-2025"
"fg_v1_bodem_insect","Bodemfoeragerende insecteneters",1994,5.06515985935297,42,28.5,158.405762692489,"gewogen","robuust","1984-2025"
"fg_v1_bodem_insect","Bodemfoeragerende insecteneters",1995,5.03884880488505,42,28.5,154.29229221563,"gewogen","robuust","1984-2025"
"fg_v1_bodem_insect","Bodemfoeragerende insecteneters",1996,4.98439478470297,43,29.5,146.115117156799,"gewogen","robuust","1984-2025"
"fg_v1_bodem_insect","Bodemfoeragerende insecteneters",1997,4.98233704324806,42,29,145.814759158572,"gewogen","robuust","1984-2025"
"fg_v1_bodem_insect","Bodemfoeragerende insecteneters",1998,4.97935120166792,42,29,145.380028728753,"gewogen","robuust","1984-2025"
"fg_v1_bodem_insect","Bodemfoeragerende insecteneters",1999,4.8883704623178,42,29,132.737097618538,"gewogen","robuust","1984-2025"
"fg_v1_bodem_insect","Bodemfoeragerende insecteneters",2000,4.95995971297742,42,29,142.58805133323,"gewogen","robuust","1984-2025"
"fg_v1_bodem_insect","Bodemfoeragerende insecteneters",2001,4.86376789710239,42,29,129.511269057469,"gewogen","robuust","1984-2025"
"fg_v1_bodem_insect","Bodemfoeragerende insecteneters",2002,4.6926217343783,42,29,109.138938358934,"gewogen","robuust","1984-2025"
"fg_v1_bodem_insect","Bodemfoeragerende insecteneters",2003,4.76908570022408,43,29.5,117.811477696098,"gewogen","robuust","1984-2025"
"fg_v1_bodem_insect","Bodemfoeragerende insecteneters",2004,4.56503556845225,43,29.5,96.0660108750823,"gewogen","robuust","1984-2025"
"fg_v1_bodem_insect","Bodemfoeragerende insecteneters",2005,4.6750366118381,43,29.5,107.2364931453,"gewogen","robuust","1984-2025"
"fg_v1_bodem_insect","Bodemfoeragerende insecteneters",2006,4.38970494676444,43,29.5,80.6166292737278,"gewogen","robuust","1984-2025"
"fg_v1_bodem_insect","Bodemfoeragerende insecteneters",2007,4.43421910193317,43,29.5,84.2862801893775,"gewogen","robuust","1984-2025"
"fg_v1_bodem_insect","Bodemfoeragerende insecteneters",2008,4.493512539608,43,29.5,89.4350389187929,"gewogen","robuust","1984-2025"
"fg_v1_bodem_insect","Bodemfoeragerende insecteneters",2009,4.75624994335574,42,28.5,116.3089419333,"gewogen","robuust","1984-2025"
"fg_v1_bodem_insect","Bodemfoeragerende insecteneters",2010,4.26952646732847,42,29,71.487775805529,"gewogen","robuust","1984-2025"
"fg_v1_bodem_insect","Bodemfoeragerende insecteneters",2011,4.6004959406959,41,28.5,99.5336661991273,"gewogen","robuust","1984-2025"
"fg_v1_bodem_insect","Bodemfoeragerende insecteneters",2012,4.80333297858502,41,28,121.916084802829,"gewogen","robuust","1984-2025"
"fg_v1_bodem_insect","Bodemfoeragerende insecteneters",2013,4.05324081052734,43,29.5,57.5837730728824,"gewogen","robuust","1984-2025"
"fg_v1_bodem_insect","Bodemfoeragerende insecteneters",2014,4.12372011115201,43,29.5,61.7886759829542,"gewogen","robuust","1984-2025"
"fg_v1_bodem_insect","Bodemfoeragerende insecteneters",2015,4.38550809256148,39,27,80.2790020160879,"gewogen","robuust","1984-2025"
"fg_v1_bodem_insect","Bodemfoeragerende insecteneters",2016,4.35001304404019,40,27.5,77.4794735640366,"gewogen","robuust","1984-2025"
"fg_v1_bodem_insect","Bodemfoeragerende insecteneters",2017,4.69611231297573,39,26.5,109.520562057594,"gewogen","robuust","1984-2025"
"fg_v1_bodem_insect","Bodemfoeragerende insecteneters",2018,4.53747077777145,40,27,93.4541346811064,"gewogen","robuust","1984-2025"
"fg_v1_bodem_insect","Bodemfoeragerende insecteneters",2019,4.41405761687089,41,28,82.603959636915,"gewogen","robuust","1984-2025"
"fg_v1_bodem_insect","Bodemfoeragerende insecteneters",2020,4.32196740155454,43,29.5,75.3367001268258,"gewogen","robuust","1984-2025"
"fg_v1_bodem_insect","Bodemfoeragerende insecteneters",2021,4.11750182610249,41,28,61.4056485040941,"gewogen","robuust","1984-2025"
"fg_v1_bodem_insect","Bodemfoeragerende insecteneters",2022,4.55523638148027,40,27,95.1292393684761,"gewogen","robuust","1984-2025"
"fg_v1_bodem_insect","Bodemfoeragerende insecteneters",2023,4.57842803332845,38,26,97.361225249154,"gewogen","robuust","1984-2025"
"fg_v1_bodem_insect","Bodemfoeragerende insecteneters",2024,4.49733790508295,40,27,89.7778158344128,"gewogen","robuust","1984-2025"
"fg_v1_bodem_insect","Bodemfoeragerende insecteneters",2025,4.61423456717923,41,28,100.910558710226,"gewogen","robuust","1984-2025"
"fg_v1_grondbroed","Grondbroeders",1958,4.60517018598809,28,25.5,100,"gewogen","robuust","1958-1983"
"fg_v1_grondbroed","Grondbroeders",1959,4.99574126130126,30,27.5,147.782450203958,"gewogen","robuust","1958-1983"
"fg_v1_grondbroed","Grondbroeders",1960,5.00906589343165,32,29,149.764774530094,"gewogen","robuust","1958-1983"
"fg_v1_grondbroed","Grondbroeders",1961,4.99096105776348,32,29,147.07770576557,"gewogen","robuust","1958-1983"
"fg_v1_grondbroed","Grondbroeders",1962,4.94180878493449,32,29,140.023292662982,"gewogen","robuust","1958-1983"
"fg_v1_grondbroed","Grondbroeders",1963,4.94270306522401,31,28,140.1485687413,"gewogen","robuust","1958-1983"
"fg_v1_grondbroed","Grondbroeders",1964,5.08138912563193,33,30,160.997546482937,"gewogen","robuust","1958-1983"
"fg_v1_grondbroed","Grondbroeders",1965,5.28671449175079,34,31,197.692835793035,"gewogen","robuust","1958-1983"
"fg_v1_grondbroed","Grondbroeders",1966,5.42533146016106,34,31,227.086604004464,"gewogen","robuust","1958-1983"
"fg_v1_grondbroed","Grondbroeders",1967,5.44226399310789,33,30,230.964494006402,"gewogen","robuust","1958-1983"
"fg_v1_grondbroed","Grondbroeders",1968,5.18867485884866,35,32,179.230889270698,"gewogen","robuust","1958-1983"
"fg_v1_grondbroed","Grondbroeders",1969,5.14140681055462,34,31,170.956102078434,"gewogen","robuust","1958-1983"
"fg_v1_grondbroed","Grondbroeders",1970,5.30393721683306,34,31,201.127134253387,"gewogen","robuust","1958-1983"
"fg_v1_grondbroed","Grondbroeders",1971,5.41062620267575,34,31,223.771670234592,"gewogen","robuust","1958-1983"
"fg_v1_grondbroed","Grondbroeders",1972,5.28471532823959,35,32,197.298010281168,"gewogen","robuust","1958-1983"
"fg_v1_grondbroed","Grondbroeders",1973,5.42724315784785,35,32,227.521140158583,"gewogen","robuust","1958-1983"
"fg_v1_grondbroed","Grondbroeders",1974,5.27763212139232,36,33,195.905445398635,"gewogen","robuust","1958-1983"
"fg_v1_grondbroed","Grondbroeders",1975,5.13255037088318,40,37,169.448724525864,"gewogen","robuust","1958-1983"
"fg_v1_grondbroed","Grondbroeders",1976,5.53318340018448,38,35,252.94786497101,"gewogen","robuust","1958-1983"
"fg_v1_grondbroed","Grondbroeders",1977,5.24209901704426,38,35,189.066540085527,"gewogen","robuust","1958-1983"
"fg_v1_grondbroed","Grondbroeders",1978,5.3188260567968,37,34,204.144087703837,"gewogen","robuust","1958-1983"
"fg_v1_grondbroed","Grondbroeders",1979,5.34532922743922,36,33,209.626888162896,"gewogen","robuust","1958-1983"
"fg_v1_grondbroed","Grondbroeders",1980,5.28964753612482,38,35,198.273528835777,"gewogen","robuust","1958-1983"
"fg_v1_grondbroed","Grondbroeders",1981,5.31267683745452,38,35,202.892612671841,"gewogen","robuust","1958-1983"
"fg_v1_grondbroed","Grondbroeders",1982,5.33758034693566,37,34,208.008791770543,"gewogen","robuust","1958-1983"
"fg_v1_grondbroed","Grondbroeders",1983,5.3847067900732,37,34,218.04616143458,"gewogen","robuust","1958-1983"
"fg_v1_grondbroed","Grondbroeders",1984,5.8136930249436,36,33,334.85346725159,"gewogen","robuust","1984-2025"
"fg_v1_grondbroed","Grondbroeders",1985,5.45837662411509,37,34,234.71608249027,"gewogen","robuust","1984-2025"
"fg_v1_grondbroed","Grondbroeders",1986,5.48238122710885,37,34,240.418517390388,"gewogen","robuust","1984-2025"
"fg_v1_grondbroed","Grondbroeders",1987,5.38234459330194,37,34,217.531701363238,"gewogen","robuust","1984-2025"
"fg_v1_grondbroed","Grondbroeders",1988,5.38528544020426,38,35,218.172370386363,"gewogen","robuust","1984-2025"
"fg_v1_grondbroed","Grondbroeders",1989,5.61087397593436,37,34,273.383063844198,"gewogen","robuust","1984-2025"
"fg_v1_grondbroed","Grondbroeders",1990,5.38866190771186,38,35,218.910267347552,"gewogen","robuust","1984-2025"
"fg_v1_grondbroed","Grondbroeders",1991,5.33333339098492,37,34,207.12726083105,"gewogen","robuust","1984-2025"
"fg_v1_grondbroed","Grondbroeders",1992,5.38467091404378,37,34,218.038338944401,"gewogen","robuust","1984-2025"
"fg_v1_grondbroed","Grondbroeders",1993,5.420139873177,37,34,225.910719142224,"gewogen","robuust","1984-2025"
"fg_v1_grondbroed","Grondbroeders",1994,5.31842255550429,37,34,204.061731917039,"gewogen","robuust","1984-2025"
"fg_v1_grondbroed","Grondbroeders",1995,5.07634224825247,38,35,160.187058544392,"gewogen","robuust","1984-2025"
"fg_v1_grondbroed","Grondbroeders",1996,5.10542637234761,40,37,164.914370470893,"gewogen","robuust","1984-2025"
"fg_v1_grondbroed","Grondbroeders",1997,4.91514864663844,40,37,136.339574715819,"gewogen","robuust","1984-2025"
"fg_v1_grondbroed","Grondbroeders",1998,4.8852377827861,40,37,132.321925469907,"gewogen","robuust","1984-2025"
"fg_v1_grondbroed","Grondbroeders",1999,4.75769574053265,40,37,116.477222693807,"gewogen","robuust","1984-2025"
"fg_v1_grondbroed","Grondbroeders",2000,4.97491912849817,39,36,144.737119566634,"gewogen","robuust","1984-2025"
"fg_v1_grondbroed","Grondbroeders",2001,4.85836910984925,39,36,128.813949303169,"gewogen","robuust","1984-2025"
"fg_v1_grondbroed","Grondbroeders",2002,4.52713728663172,40,37,92.4933996309808,"gewogen","robuust","1984-2025"
"fg_v1_grondbroed","Grondbroeders",2003,4.54515883861743,39,36,94.1753847093643,"gewogen","robuust","1984-2025"
"fg_v1_grondbroed","Grondbroeders",2004,4.24181258282642,38,35,69.5337734061766,"gewogen","robuust","1984-2025"
"fg_v1_grondbroed","Grondbroeders",2005,4.24194814111934,39,36,69.5431999247066,"gewogen","robuust","1984-2025"
"fg_v1_grondbroed","Grondbroeders",2006,4.0487785299138,38,35,57.3273905694049,"gewogen","robuust","1984-2025"
"fg_v1_grondbroed","Grondbroeders",2007,4.46193437892645,38,35,86.6549706261357,"gewogen","robuust","1984-2025"
"fg_v1_grondbroed","Grondbroeders",2008,4.4647063596089,39,36,86.895509761646,"gewogen","robuust","1984-2025"
"fg_v1_grondbroed","Grondbroeders",2009,4.55561216612883,39,36,95.1649941938959,"gewogen","robuust","1984-2025"
"fg_v1_grondbroed","Grondbroeders",2010,4.12528577727406,38,35,61.8854921908187,"gewogen","robuust","1984-2025"
"fg_v1_grondbroed","Grondbroeders",2011,4.14248987871684,39,36,62.9593876922781,"gewogen","robuust","1984-2025"
"fg_v1_grondbroed","Grondbroeders",2012,4.3053232268489,39,36,74.0931604815891,"gewogen","robuust","1984-2025"
"fg_v1_grondbroed","Grondbroeders",2013,4.10577821481906,39,36,60.6899559980238,"gewogen","robuust","1984-2025"
"fg_v1_grondbroed","Grondbroeders",2014,4.05788154647126,39,36,57.8516251931344,"gewogen","robuust","1984-2025"
"fg_v1_grondbroed","Grondbroeders",2015,4.23083609212127,34,31.5,68.7747101353494,"gewogen","robuust","1984-2025"
"fg_v1_grondbroed","Grondbroeders",2016,4.1221139268005,37,34,61.6895116379186,"gewogen","robuust","1984-2025"
"fg_v1_grondbroed","Grondbroeders",2017,4.4669125630774,35,32,87.0874305670068,"gewogen","robuust","1984-2025"
"fg_v1_grondbroed","Grondbroeders",2018,4.0409055963234,35,32,56.877827841397,"gewogen","robuust","1984-2025"
"fg_v1_grondbroed","Grondbroeders",2019,4.23237709579533,35,32,68.8807739177007,"gewogen","robuust","1984-2025"
"fg_v1_grondbroed","Grondbroeders",2020,4.09743250921352,39,36,60.18556317666,"gewogen","robuust","1984-2025"
"fg_v1_grondbroed","Grondbroeders",2021,3.96075116091964,36,33,52.4967446453392,"gewogen","robuust","1984-2025"
"fg_v1_grondbroed","Grondbroeders",2022,4.30295062497249,36,33,73.9175752892479,"gewogen","robuust","1984-2025"
"fg_v1_grondbroed","Grondbroeders",2023,4.36579442117822,34,31.5,78.7119055153337,"gewogen","robuust","1984-2025"
"fg_v1_grondbroed","Grondbroeders",2024,3.80039925437771,34,31,44.719035200148,"gewogen","robuust","1984-2025"
"fg_v1_grondbroed","Grondbroeders",2025,4.20850879907918,37,34,67.2561725284183,"gewogen","robuust","1984-2025"
"fg_v1_holenbroed","Holenbroeders",1958,4.60517018598809,7,7,100,"gewogen","robuust","1958-1983"
"fg_v1_holenbroed","Holenbroeders",1959,4.76228387531051,7,7,117.012863747102,"gewogen","robuust","1958-1983"
"fg_v1_holenbroed","Holenbroeders",1960,4.7640363629331,10,10,117.218107133222,"gewogen","robuust","1958-1983"
"fg_v1_holenbroed","Holenbroeders",1961,4.85084196256015,11,11,127.847987762051,"gewogen","robuust","1958-1983"
"fg_v1_holenbroed","Holenbroeders",1962,4.69251059846468,12,12,109.12680977728,"gewogen","robuust","1958-1983"
"fg_v1_holenbroed","Holenbroeders",1963,4.58763214078752,14,14,98.261485117483,"gewogen","robuust","1958-1983"
"fg_v1_holenbroed","Holenbroeders",1964,4.59009776666954,15,15,98.5040601050873,"gewogen","robuust","1958-1983"
"fg_v1_holenbroed","Holenbroeders",1965,4.61970612536502,16,16,101.4642099901,"gewogen","robuust","1958-1983"
"fg_v1_holenbroed","Holenbroeders",1966,4.6225789145891,18,18,101.75611436831,"gewogen","robuust","1958-1983"
"fg_v1_holenbroed","Holenbroeders",1967,4.47955309368255,19,19,88.1952488530486,"gewogen","robuust","1958-1983"
"fg_v1_holenbroed","Holenbroeders",1968,4.45645298065799,19,19,86.1812796506709,"gewogen","robuust","1958-1983"
"fg_v1_holenbroed","Holenbroeders",1969,4.23926412615601,19,19,69.3567952039446,"gewogen","robuust","1958-1983"
"fg_v1_holenbroed","Holenbroeders",1970,4.4405388093541,19,19,84.8206315133462,"gewogen","robuust","1958-1983"
"fg_v1_holenbroed","Holenbroeders",1971,4.35336011102111,19,19,77.7392370320577,"gewogen","robuust","1958-1983"
"fg_v1_holenbroed","Holenbroeders",1972,4.28960448623876,19,19,72.9376149635935,"gewogen","robuust","1958-1983"
"fg_v1_holenbroed","Holenbroeders",1973,4.4753096269322,24,24,87.8217881913612,"gewogen","robuust","1958-1983"
"fg_v1_holenbroed","Holenbroeders",1974,4.38685591829585,24,24,80.3872770724971,"gewogen","robuust","1958-1983"
"fg_v1_holenbroed","Holenbroeders",1975,4.34940763950769,27,27,77.4325813353815,"gewogen","robuust","1958-1983"
"fg_v1_holenbroed","Holenbroeders",1976,4.43680014320051,24,24,84.5041075465893,"gewogen","robuust","1958-1983"
"fg_v1_holenbroed","Holenbroeders",1977,4.22241667785909,28,28,68.1980981337785,"gewogen","robuust","1958-1983"
"fg_v1_holenbroed","Holenbroeders",1978,4.33271439113703,27,27,76.1507090965558,"gewogen","robuust","1958-1983"
"fg_v1_holenbroed","Holenbroeders",1979,4.52850511194659,24,24,92.6200010090007,"gewogen","robuust","1958-1983"
"fg_v1_holenbroed","Holenbroeders",1980,4.4266978168752,25,25,83.6547171098507,"gewogen","robuust","1958-1983"
"fg_v1_holenbroed","Holenbroeders",1981,4.37305072313706,23,23,79.2851401360073,"gewogen","robuust","1958-1983"
"fg_v1_holenbroed","Holenbroeders",1982,4.39286249683538,22,22,80.8715826193609,"gewogen","robuust","1958-1983"
"fg_v1_holenbroed","Holenbroeders",1983,4.61737498058555,25,25,101.22795770281,"gewogen","robuust","1958-1983"
"fg_v1_holenbroed","Holenbroeders",1984,5.03680315159199,23,23,153.976986293219,"gewogen","robuust","1984-2025"
"fg_v1_holenbroed","Holenbroeders",1985,4.90766432761193,26,26,135.322974866906,"gewogen","robuust","1984-2025"
"fg_v1_holenbroed","Holenbroeders",1986,4.85842042135242,26,26,128.820559110115,"gewogen","robuust","1984-2025"
"fg_v1_holenbroed","Holenbroeders",1987,4.8999670557438,26,26,134.285355680901,"gewogen","robuust","1984-2025"
"fg_v1_holenbroed","Holenbroeders",1988,4.37069237696939,27,27,79.0983786403038,"gewogen","robuust","1984-2025"
"fg_v1_holenbroed","Holenbroeders",1989,4.35570017491634,27,27,77.921364826107,"gewogen","robuust","1984-2025"
"fg_v1_holenbroed","Holenbroeders",1990,4.37190120230044,27,27,79.1940525789392,"gewogen","robuust","1984-2025"
"fg_v1_holenbroed","Holenbroeders",1991,4.31388808405937,27,27,74.7304832144983,"gewogen","robuust","1984-2025"
"fg_v1_holenbroed","Holenbroeders",1992,4.37725183225111,27,27,79.6189263059766,"gewogen","robuust","1984-2025"
"fg_v1_holenbroed","Holenbroeders",1993,4.2936534689891,27,27,73.2335367953434,"gewogen","robuust","1984-2025"
"fg_v1_holenbroed","Holenbroeders",1994,4.23365924075734,27,27,68.9691456955675,"gewogen","robuust","1984-2025"
"fg_v1_holenbroed","Holenbroeders",1995,4.16055469554948,27,27,64.107072647186,"gewogen","robuust","1984-2025"
"fg_v1_holenbroed","Holenbroeders",1996,4.1964062917135,27,27,66.4471099233795,"gewogen","robuust","1984-2025"
"fg_v1_holenbroed","Holenbroeders",1997,4.23312284411754,27,27,68.9321607977403,"gewogen","robuust","1984-2025"
"fg_v1_holenbroed","Holenbroeders",1998,3.85565639793962,27,27,47.2596278847725,"gewogen","robuust","1984-2025"
"fg_v1_holenbroed","Holenbroeders",1999,3.77202490474622,27,27,43.467994329409,"gewogen","robuust","1984-2025"
"fg_v1_holenbroed","Holenbroeders",2000,3.5848344458429,27,27,36.0473894296627,"gewogen","robuust","1984-2025"
"fg_v1_holenbroed","Holenbroeders",2001,3.63409046271557,27,27,37.8673954213381,"gewogen","robuust","1984-2025"
"fg_v1_holenbroed","Holenbroeders",2002,3.76419587141305,27,27,43.1290106416373,"gewogen","robuust","1984-2025"
"fg_v1_holenbroed","Holenbroeders",2003,3.85177337341318,27,27,47.0764734173617,"gewogen","robuust","1984-2025"
"fg_v1_holenbroed","Holenbroeders",2004,3.48878341242889,27,27,32.746084982909,"gewogen","robuust","1984-2025"
"fg_v1_holenbroed","Holenbroeders",2005,3.67268899005499,27,27,39.3575958808254,"gewogen","robuust","1984-2025"
"fg_v1_holenbroed","Holenbroeders",2006,3.70504142359834,27,27,40.6517312229876,"gewogen","robuust","1984-2025"
"fg_v1_holenbroed","Holenbroeders",2007,3.48497094368245,27,27,32.6214792360291,"gewogen","robuust","1984-2025"
"fg_v1_holenbroed","Holenbroeders",2008,3.48875471842971,27,27,32.7451453802537,"gewogen","robuust","1984-2025"
"fg_v1_holenbroed","Holenbroeders",2009,3.51041863809533,27,27,33.4622734345071,"gewogen","robuust","1984-2025"
"fg_v1_holenbroed","Holenbroeders",2010,3.38569808610445,27,27,29.5386060107882,"gewogen","robuust","1984-2025"
"fg_v1_holenbroed","Holenbroeders",2011,3.52937052183502,27,27,34.1024940815077,"gewogen","robuust","1984-2025"
"fg_v1_holenbroed","Holenbroeders",2012,3.40200193830668,27,27,30.024146411611,"gewogen","robuust","1984-2025"
"fg_v1_holenbroed","Holenbroeders",2013,3.1179092865309,27,27,22.5990820123545,"gewogen","robuust","1984-2025"
"fg_v1_holenbroed","Holenbroeders",2014,2.99790666415718,27,27,20.0435351260956,"gewogen","robuust","1984-2025"
"fg_v1_holenbroed","Holenbroeders",2015,3.15039410683597,27,27,23.345263296038,"gewogen","robuust","1984-2025"
"fg_v1_holenbroed","Holenbroeders",2016,2.97433197045891,28,28,19.5765411726598,"gewogen","robuust","1984-2025"
"fg_v1_holenbroed","Holenbroeders",2017,2.90257579247803,27,27,18.2210185382424,"gewogen","robuust","1984-2025"
"fg_v1_holenbroed","Holenbroeders",2018,2.88276459965903,27,27,17.8635906532947,"gewogen","robuust","1984-2025"
"fg_v1_holenbroed","Holenbroeders",2019,3.39153801817292,28,28,29.7116141494765,"gewogen","robuust","1984-2025"
"fg_v1_holenbroed","Holenbroeders",2020,3.23027664159906,28,28,25.2866513431135,"gewogen","robuust","1984-2025"
"fg_v1_holenbroed","Holenbroeders",2021,3.04197336315155,28,28,20.9465376027583,"gewogen","robuust","1984-2025"
"fg_v1_holenbroed","Holenbroeders",2022,3.0551868761263,28,28,21.2251516304323,"gewogen","robuust","1984-2025"
"fg_v1_holenbroed","Holenbroeders",2023,2.55228761294535,26,26,12.8364350155314,"gewogen","robuust","1984-2025"
"fg_v1_holenbroed","Holenbroeders",2024,2.55173257613898,27,27,12.8293122985031,"gewogen","robuust","1984-2025"
"fg_v1_holenbroed","Holenbroeders",2025,2.94725760656917,28,28,19.0536294658873,"gewogen","robuust","1984-2025"
"fg_v1_lange_trek","Langeafstandstrekkers",1958,4.60517018598809,13,12,100,"gewogen","robuust","1958-1983"
"fg_v1_lange_trek","Langeafstandstrekkers",1959,5.01906695917963,18,17,151.270096753158,"gewogen","robuust","1958-1983"
"fg_v1_lange_trek","Langeafstandstrekkers",1960,4.64005578814053,19,18,103.550124291029,"gewogen","robuust","1958-1983"
"fg_v1_lange_trek","Langeafstandstrekkers",1961,4.63198798787211,18,17.5,102.71806353367,"gewogen","robuust","1958-1983"
"fg_v1_lange_trek","Langeafstandstrekkers",1962,4.54594260924162,19,18.5,94.2492255427796,"gewogen","robuust","1958-1983"
"fg_v1_lange_trek","Langeafstandstrekkers",1963,4.62939880683067,19,18.5,102.452451877673,"gewogen","robuust","1958-1983"
"fg_v1_lange_trek","Langeafstandstrekkers",1964,4.71155707794556,22,21.5,111.225211467117,"gewogen","robuust","1958-1983"
"fg_v1_lange_trek","Langeafstandstrekkers",1965,4.91030796310602,22,21,135.681192776593,"gewogen","robuust","1958-1983"
"fg_v1_lange_trek","Langeafstandstrekkers",1966,4.99059812610012,23,22,147.024336294495,"gewogen","robuust","1958-1983"
"fg_v1_lange_trek","Langeafstandstrekkers",1967,4.79743479357538,22,21.5,121.19911765996,"gewogen","robuust","1958-1983"
"fg_v1_lange_trek","Langeafstandstrekkers",1968,4.73026698167724,24,23,113.325814226089,"gewogen","robuust","1958-1983"
"fg_v1_lange_trek","Langeafstandstrekkers",1969,4.56527210626573,23,22,96.0887368069096,"gewogen","robuust","1958-1983"
"fg_v1_lange_trek","Langeafstandstrekkers",1970,4.81827323413033,22,21.5,123.751216800322,"gewogen","robuust","1958-1983"
"fg_v1_lange_trek","Langeafstandstrekkers",1971,4.85003345170592,22,21.5,127.744663051457,"gewogen","robuust","1958-1983"
"fg_v1_lange_trek","Langeafstandstrekkers",1972,4.65845410067333,23,22,105.472905568167,"gewogen","robuust","1958-1983"
"fg_v1_lange_trek","Langeafstandstrekkers",1973,4.86796734891314,22,21.5,130.056288982311,"gewogen","robuust","1958-1983"
"fg_v1_lange_trek","Langeafstandstrekkers",1974,4.64541597727301,22,21.5,104.106662785195,"gewogen","robuust","1958-1983"
"fg_v1_lange_trek","Langeafstandstrekkers",1975,4.53602413315733,26,25,93.3190375028665,"gewogen","robuust","1958-1983"
"fg_v1_lange_trek","Langeafstandstrekkers",1976,5.07564308983818,23,22.5,160.075101556946,"gewogen","robuust","1958-1983"
"fg_v1_lange_trek","Langeafstandstrekkers",1977,4.54064605474072,24,23.5,93.7513490619122,"gewogen","robuust","1958-1983"
"fg_v1_lange_trek","Langeafstandstrekkers",1978,4.66957120881132,22,21.5,106.652001188065,"gewogen","robuust","1958-1983"
"fg_v1_lange_trek","Langeafstandstrekkers",1979,4.79910032647128,21,20.5,121.401146973909,"gewogen","robuust","1958-1983"
"fg_v1_lange_trek","Langeafstandstrekkers",1980,4.94272874019563,21,20.5,140.152167098018,"gewogen","robuust","1958-1983"
"fg_v1_lange_trek","Langeafstandstrekkers",1981,5.14097888751007,20,19.5,170.882961673095,"gewogen","robuust","1958-1983"
"fg_v1_lange_trek","Langeafstandstrekkers",1982,5.15507527134157,19,18.5,173.308851457689,"gewogen","robuust","1958-1983"
"fg_v1_lange_trek","Langeafstandstrekkers",1983,4.9168706152173,20,19.5,136.574549431012,"gewogen","robuust","1958-1983"
"fg_v1_lange_trek","Langeafstandstrekkers",1984,5.52791841511002,19,18.5,251.619597958623,"gewogen","robuust","1984-2025"
"fg_v1_lange_trek","Langeafstandstrekkers",1985,4.69077998346898,22,21.5,108.938116608555,"gewogen","robuust","1984-2025"
"fg_v1_lange_trek","Langeafstandstrekkers",1986,4.68927854795734,22,21.5,108.774675780344,"gewogen","robuust","1984-2025"
"fg_v1_lange_trek","Langeafstandstrekkers",1987,4.76303689921799,22,21.5,117.101010415095,"gewogen","robuust","1984-2025"
"fg_v1_lange_trek","Langeafstandstrekkers",1988,4.61352374613412,23,22.5,100.838854848746,"gewogen","robuust","1984-2025"
"fg_v1_lange_trek","Langeafstandstrekkers",1989,4.873871358981,22,21.5,130.826413797141,"gewogen","robuust","1984-2025"
"fg_v1_lange_trek","Langeafstandstrekkers",1990,4.50384101719037,23,22.5,90.3635535302355,"gewogen","robuust","1984-2025"
"fg_v1_lange_trek","Langeafstandstrekkers",1991,4.60187949134946,22,21.5,99.6714713762883,"gewogen","robuust","1984-2025"
"fg_v1_lange_trek","Langeafstandstrekkers",1992,4.68264961587894,22,21.5,108.05600049927,"gewogen","robuust","1984-2025"
"fg_v1_lange_trek","Langeafstandstrekkers",1993,4.7985474808648,22,21.5,121.334049432181,"gewogen","robuust","1984-2025"
"fg_v1_lange_trek","Langeafstandstrekkers",1994,4.80696869948897,22,21.5,122.360144410124,"gewogen","robuust","1984-2025"
"fg_v1_lange_trek","Langeafstandstrekkers",1995,4.46843933605304,23,22.5,87.220494856147,"gewogen","robuust","1984-2025"
"fg_v1_lange_trek","Langeafstandstrekkers",1996,4.61337199457478,25,24,100.823553556308,"gewogen","robuust","1984-2025"
"fg_v1_lange_trek","Langeafstandstrekkers",1997,4.47358615179282,25,24,87.6705598792693,"gewogen","robuust","1984-2025"
"fg_v1_lange_trek","Langeafstandstrekkers",1998,4.19809153673336,25,24,66.5591839940725,"gewogen","robuust","1984-2025"
"fg_v1_lange_trek","Langeafstandstrekkers",1999,4.16548248122272,25,24,64.4237581997538,"gewogen","robuust","1984-2025"
"fg_v1_lange_trek","Langeafstandstrekkers",2000,4.55303427607583,24,23,94.9199852407256,"gewogen","robuust","1984-2025"
"fg_v1_lange_trek","Langeafstandstrekkers",2001,4.36409717787724,24,23,78.5784255670066,"gewogen","robuust","1984-2025"
"fg_v1_lange_trek","Langeafstandstrekkers",2002,3.89099888936716,25,24,48.959767497497,"gewogen","robuust","1984-2025"
"fg_v1_lange_trek","Langeafstandstrekkers",2003,4.1355039232677,24,23.5,62.5210889649893,"gewogen","robuust","1984-2025"
"fg_v1_lange_trek","Langeafstandstrekkers",2004,3.70188930487454,24,23.5,40.5237938826184,"gewogen","robuust","1984-2025"
"fg_v1_lange_trek","Langeafstandstrekkers",2005,4.01216281844976,24,23.5,55.2662723081686,"gewogen","robuust","1984-2025"
"fg_v1_lange_trek","Langeafstandstrekkers",2006,3.86760006231721,24,23.5,47.8274652983782,"gewogen","robuust","1984-2025"
"fg_v1_lange_trek","Langeafstandstrekkers",2007,4.33707485245585,23,22.5,76.4834863218068,"gewogen","robuust","1984-2025"
"fg_v1_lange_trek","Langeafstandstrekkers",2008,4.36269138241108,24,23,78.4680379819689,"gewogen","robuust","1984-2025"
"fg_v1_lange_trek","Langeafstandstrekkers",2009,4.34190514999143,24,23,76.8538180033633,"gewogen","robuust","1984-2025"
"fg_v1_lange_trek","Langeafstandstrekkers",2010,3.87375830549169,23,22.5,48.1229072280348,"gewogen","robuust","1984-2025"
"fg_v1_lange_trek","Langeafstandstrekkers",2011,4.16359893112268,23,22,64.3025270318821,"gewogen","robuust","1984-2025"
"fg_v1_lange_trek","Langeafstandstrekkers",2012,4.51693124242223,23,22,91.5542087694119,"gewogen","robuust","1984-2025"
"fg_v1_lange_trek","Langeafstandstrekkers",2013,3.93150579094626,24,23,50.983690677659,"gewogen","robuust","1984-2025"
"fg_v1_lange_trek","Langeafstandstrekkers",2014,3.9362485137674,24,23,51.2260664972856,"gewogen","robuust","1984-2025"
"fg_v1_lange_trek","Langeafstandstrekkers",2015,4.37328540135568,22,21.5,79.3037488148972,"gewogen","robuust","1984-2025"
"fg_v1_lange_trek","Langeafstandstrekkers",2016,4.36421750208146,22,21.5,78.5878810223805,"gewogen","robuust","1984-2025"
"fg_v1_lange_trek","Langeafstandstrekkers",2017,4.47851985121277,20,19.5,88.1041688382738,"gewogen","robuust","1984-2025"
"fg_v1_lange_trek","Langeafstandstrekkers",2018,4.48897310408378,21,20,89.0299744037186,"gewogen","robuust","1984-2025"
"fg_v1_lange_trek","Langeafstandstrekkers",2019,4.32030916689614,23,22.5,75.2118777206485,"gewogen","robuust","1984-2025"
"fg_v1_lange_trek","Langeafstandstrekkers",2020,4.09226819539178,25,24,59.8755472396854,"gewogen","robuust","1984-2025"
"fg_v1_lange_trek","Langeafstandstrekkers",2021,4.07949414656625,22,21.5,59.115558476891,"gewogen","robuust","1984-2025"
"fg_v1_lange_trek","Langeafstandstrekkers",2022,4.90123967796659,22,21,134.456358996968,"gewogen","robuust","1984-2025"
"fg_v1_lange_trek","Langeafstandstrekkers",2023,5.05492409434633,19,18.5,156.792628445511,"gewogen","robuust","1984-2025"
"fg_v1_lange_trek","Langeafstandstrekkers",2024,4.39280534745191,21,20.5,80.8669609903364,"gewogen","robuust","1984-2025"
"fg_v1_lange_trek","Langeafstandstrekkers",2025,4.74510921857528,23,22.5,115.020367177744,"gewogen","robuust","1984-2025"
"fg_v1_lucht","Luchtfoerageerders",1959,4.60517018598809,2,1.5,100,"gewogen","robuust","1958-1983"
"fg_v1_lucht","Luchtfoerageerders",1960,3.73427893344419,3,2,41.85783239573,"gewogen","robuust","1958-1983"
"fg_v1_lucht","Luchtfoerageerders",1961,4.35380303907445,3,2,77.7736775477565,"gewogen","robuust","1958-1983"
"fg_v1_lucht","Luchtfoerageerders",1962,4.38842904582926,3,2,80.5138360319876,"gewogen","robuust","1958-1983"
"fg_v1_lucht","Luchtfoerageerders",1963,3.92646448423415,4,3,50.7273130377773,"gewogen","robuust","1958-1983"
"fg_v1_lucht","Luchtfoerageerders",1964,3.83085018358145,4,3,46.1017164999404,"gewogen","robuust","1958-1983"
"fg_v1_lucht","Luchtfoerageerders",1965,3.72792627888705,4,3,41.5927668722819,"gewogen","robuust","1958-1983"
"fg_v1_lucht","Luchtfoerageerders",1966,3.86658000159679,5,4,47.7787032540213,"gewogen","robuust","1958-1983"
"fg_v1_lucht","Luchtfoerageerders",1967,3.58029577266438,5,4,35.8841528291096,"gewogen","robuust","1958-1983"
"fg_v1_lucht","Luchtfoerageerders",1968,3.91497284919431,5,4,50.1477099418245,"gewogen","robuust","1958-1983"
"fg_v1_lucht","Luchtfoerageerders",1969,3.5293760209809,5,4,34.1026816166132,"gewogen","robuust","1958-1983"
"fg_v1_lucht","Luchtfoerageerders",1970,3.76600790833725,5,4,43.2072328507864,"gewogen","robuust","1958-1983"
"fg_v1_lucht","Luchtfoerageerders",1971,2.95445574875818,5,4,19.1912750017475,"gewogen","robuust","1958-1983"
"fg_v1_lucht","Luchtfoerageerders",1972,2.80658023402386,5,4,16.5532131998058,"gewogen","robuust","1958-1983"
"fg_v1_lucht","Luchtfoerageerders",1973,3.66411085924123,5,4,39.0214251943119,"gewogen","robuust","1958-1983"
"fg_v1_lucht","Luchtfoerageerders",1974,3.57000267501477,5,4,35.5166881591668,"gewogen","robuust","1958-1983"
"fg_v1_lucht","Luchtfoerageerders",1975,3.81727921560371,6,5,45.4802977458626,"gewogen","robuust","1958-1983"
"fg_v1_lucht","Luchtfoerageerders",1976,3.60208614310974,5,4,36.6746632913303,"gewogen","robuust","1958-1983"
"fg_v1_lucht","Luchtfoerageerders",1977,3.1249689488408,6,5,22.7591883833728,"gewogen","robuust","1958-1983"
"fg_v1_lucht","Luchtfoerageerders",1978,2.83676534453144,5,4,17.0604913771788,"gewogen","robuust","1958-1983"
"fg_v1_lucht","Luchtfoerageerders",1979,3.01262922821589,4,3,20.3408103128322,"gewogen","robuust","1958-1983"
"fg_v1_lucht","Luchtfoerageerders",1980,3.10141157758739,3,2.5,22.2293075376442,"gewogen","robuust","1958-1983"
"fg_v1_lucht","Luchtfoerageerders",1981,3.40061449908903,2,1.5,29.9825186180975,"gewogen","robuust","1958-1983"
"fg_v1_lucht","Luchtfoerageerders",1982,1.60356711039273,1,0.5,4.97073198721109,"gewogen","robuust","1958-1983"
"fg_v1_lucht","Luchtfoerageerders",1983,2.60489969580142,4,3,13.5298681321039,"gewogen","robuust","1958-1983"
"fg_v1_lucht","Luchtfoerageerders",1984,2.63120380547543,3,2,13.8904812789083,"gewogen","robuust","1984-2025"
"fg_v1_lucht","Luchtfoerageerders",1985,1.77765754982935,5,4,5.9159822814929,"gewogen","robuust","1984-2025"
"fg_v1_lucht","Luchtfoerageerders",1986,1.55192104720084,5,4,4.72052983842392,"gewogen","robuust","1984-2025"
"fg_v1_lucht","Luchtfoerageerders",1987,1.70695948181594,5,4,5.5121761007655,"gewogen","robuust","1984-2025"
"fg_v1_lucht","Luchtfoerageerders",1988,1.72742399270988,5,4,5.62614224194323,"gewogen","robuust","1984-2025"
"fg_v1_lucht","Luchtfoerageerders",1989,1.70570129413874,5,4,5.50524510987892,"gewogen","robuust","1984-2025"
"fg_v1_lucht","Luchtfoerageerders",1990,1.78506272715523,5,4,5.95995378680387,"gewogen","robuust","1984-2025"
"fg_v1_lucht","Luchtfoerageerders",1991,1.68023322174481,5,4,5.36680748138144,"gewogen","robuust","1984-2025"
"fg_v1_lucht","Luchtfoerageerders",1992,1.91062223881206,5,4,6.7572921400885,"gewogen","robuust","1984-2025"
"fg_v1_lucht","Luchtfoerageerders",1993,1.80220315450393,5,4,6.06299046542063,"gewogen","robuust","1984-2025"
"fg_v1_lucht","Luchtfoerageerders",1994,1.85101204564379,5,4,6.36625920832329,"gewogen","robuust","1984-2025"
"fg_v1_lucht","Luchtfoerageerders",1995,1.90111519617144,5,4,6.69335468520799,"gewogen","robuust","1984-2025"
"fg_v1_lucht","Luchtfoerageerders",1996,1.81672457635986,5,4,6.15167606977937,"gewogen","robuust","1984-2025"
"fg_v1_lucht","Luchtfoerageerders",1997,2.06023988119373,5,4,7.84785213668086,"gewogen","robuust","1984-2025"
"fg_v1_lucht","Luchtfoerageerders",1998,0.835751145763748,5,4,2.30654594996948,"gewogen","robuust","1984-2025"
"fg_v1_lucht","Luchtfoerageerders",1999,0.896892122493969,5,4,2.45197083221133,"gewogen","robuust","1984-2025"
"fg_v1_lucht","Luchtfoerageerders",2000,0.858644575964588,5,4,2.35995977869063,"gewogen","robuust","1984-2025"
"fg_v1_lucht","Luchtfoerageerders",2001,0.661191602986354,5,4,1.93709921289437,"gewogen","robuust","1984-2025"
"fg_v1_lucht","Luchtfoerageerders",2002,0.619461120644983,5,4,1.8579265737616,"gewogen","robuust","1984-2025"
"fg_v1_lucht","Luchtfoerageerders",2003,1.30741604586262,5,4,3.69660949138822,"gewogen","robuust","1984-2025"
"fg_v1_lucht","Luchtfoerageerders",2004,0.137060446805693,5,4,1.14689747271385,"gewogen","robuust","1984-2025"
"fg_v1_lucht","Luchtfoerageerders",2005,1.28852976509909,5,4,3.62744943054626,"gewogen","robuust","1984-2025"
"fg_v1_lucht","Luchtfoerageerders",2006,1.49026186054548,5,4,4.43825757139783,"gewogen","robuust","1984-2025"
"fg_v1_lucht","Luchtfoerageerders",2007,1.64711042111831,5,4,5.19195556558231,"gewogen","robuust","1984-2025"
"fg_v1_lucht","Luchtfoerageerders",2008,1.5850751292674,5,4,4.87965796987015,"gewogen","robuust","1984-2025"
"fg_v1_lucht","Luchtfoerageerders",2009,0.814639678496881,5,4,2.2583617894142,"gewogen","robuust","1984-2025"
"fg_v1_lucht","Luchtfoerageerders",2010,0.722487259523588,5,4,2.059549479319,"gewogen","robuust","1984-2025"
"fg_v1_lucht","Luchtfoerageerders",2011,1.1390572243565,4,3.5,3.1238219132684,"gewogen","robuust","1984-2025"
"fg_v1_lucht","Luchtfoerageerders",2012,1.0971321123606,4,3.5,2.99556275583944,"gewogen","robuust","1984-2025"
"fg_v1_lucht","Luchtfoerageerders",2013,0.597462671271402,5,4,1.81750134648786,"gewogen","robuust","1984-2025"
"fg_v1_lucht","Luchtfoerageerders",2014,0.860631203637548,5,4,2.36465280019375,"gewogen","robuust","1984-2025"
"fg_v1_lucht","Luchtfoerageerders",2015,1.79201109562508,5,4.5,6.0015099483456,"gewogen","robuust","1984-2025"
"fg_v1_lucht","Luchtfoerageerders",2016,1.84725079123514,5,4.5,6.3423590632487,"gewogen","robuust","1984-2025"
"fg_v1_lucht","Luchtfoerageerders",2017,0.0804822279760276,4,3.5,1.08380958498117,"gewogen","robuust","1984-2025"
"fg_v1_lucht","Luchtfoerageerders",2018,-0.553151760165252,4,3.5,0.575134265534648,"gewogen","robuust","1984-2025"
"fg_v1_lucht","Luchtfoerageerders",2019,1.7372504005652,6,5,5.68169952749585,"gewogen","robuust","1984-2025"
"fg_v1_lucht","Luchtfoerageerders",2020,1.06710312134749,6,5,2.90694622033104,"gewogen","robuust","1984-2025"
"fg_v1_lucht","Luchtfoerageerders",2021,0.684703697131405,5,4.5,1.98318412532606,"gewogen","robuust","1984-2025"
"fg_v1_lucht","Luchtfoerageerders",2022,1.89393429466173,5,4.5,6.64546252468563,"gewogen","robuust","1984-2025"
"fg_v1_lucht","Luchtfoerageerders",2023,-0.799472927222424,3,2.5,0.449565855606428,"gewogen","robuust","1984-2025"
"fg_v1_lucht","Luchtfoerageerders",2024,-0.413124796179553,5,4,0.661579715054976,"gewogen","robuust","1984-2025"
"fg_v1_lucht","Luchtfoerageerders",2025,2.25887205736356,6,5,9.57228608567758,"gewogen","robuust","1984-2025"
"fg_v1_zaad","Zaadeters",1958,4.60517018598809,13,9,100,"gewogen","robuust","1958-1983"
"fg_v1_zaad","Zaadeters",1959,5.32021384986736,16,11,204.427594132774,"gewogen","robuust","1958-1983"
"fg_v1_zaad","Zaadeters",1960,5.19520712225578,21,14,180.405504922747,"gewogen","robuust","1958-1983"
"fg_v1_zaad","Zaadeters",1961,5.15743050949681,24,16.5,173.717516139697,"gewogen","robuust","1958-1983"
"fg_v1_zaad","Zaadeters",1962,5.19827307346495,25,17,180.95946817692,"gewogen","robuust","1958-1983"
"fg_v1_zaad","Zaadeters",1963,4.99463063133796,26,17.5,147.618409697724,"gewogen","robuust","1958-1983"
"fg_v1_zaad","Zaadeters",1964,5.15577689027207,27,18.5,173.430490895971,"gewogen","robuust","1958-1983"
"fg_v1_zaad","Zaadeters",1965,5.05662834623011,28,19,157.060070407404,"gewogen","robuust","1958-1983"
"fg_v1_zaad","Zaadeters",1966,5.13702654932065,29,20,170.208907340542,"gewogen","robuust","1958-1983"
"fg_v1_zaad","Zaadeters",1967,5.06275580413693,30,21,158.025403877425,"gewogen","robuust","1958-1983"
"fg_v1_zaad","Zaadeters",1968,5.02473717588346,30,21,152.130267354778,"gewogen","robuust","1958-1983"
"fg_v1_zaad","Zaadeters",1969,4.99019960958493,30,21,146.965756341661,"gewogen","robuust","1958-1983"
"fg_v1_zaad","Zaadeters",1970,5.02705900874564,32,22.5,152.483898786529,"gewogen","robuust","1958-1983"
"fg_v1_zaad","Zaadeters",1971,5.07754468221844,32,22.5,160.379788753948,"gewogen","robuust","1958-1983"
"fg_v1_zaad","Zaadeters",1972,5.08547152869523,32,22.5,161.656146781134,"gewogen","robuust","1958-1983"
"fg_v1_zaad","Zaadeters",1973,5.20002098646886,36,26,181.276046179329,"gewogen","robuust","1958-1983"
"fg_v1_zaad","Zaadeters",1974,5.31621945883636,35,25,203.612659052504,"gewogen","robuust","1958-1983"
"fg_v1_zaad","Zaadeters",1975,5.29415747092176,37,27,199.169748950871,"gewogen","robuust","1958-1983"
"fg_v1_zaad","Zaadeters",1976,5.23059375060788,37,27,186.90374479327,"gewogen","robuust","1958-1983"
"fg_v1_zaad","Zaadeters",1977,5.164429642648,38,28,174.937653135513,"gewogen","robuust","1958-1983"
"fg_v1_zaad","Zaadeters",1978,5.13015730642411,38,28,169.043707614641,"gewogen","robuust","1958-1983"
"fg_v1_zaad","Zaadeters",1979,5.40313773460802,34,24.5,222.10222183458,"gewogen","robuust","1958-1983"
"fg_v1_zaad","Zaadeters",1980,5.29452457759706,37,27,199.242878917657,"gewogen","robuust","1958-1983"
"fg_v1_zaad","Zaadeters",1981,5.30080667423435,35,25.5,200.498481717037,"gewogen","robuust","1958-1983"
"fg_v1_zaad","Zaadeters",1982,5.1984060798983,36,26,180.983538551084,"gewogen","robuust","1958-1983"
"fg_v1_zaad","Zaadeters",1983,5.31766587153376,38,28,203.907380080645,"gewogen","robuust","1958-1983"
"fg_v1_zaad","Zaadeters",1984,5.95260307061895,34,24.5,384.75357738364,"gewogen","robuust","1984-2025"
"fg_v1_zaad","Zaadeters",1985,5.8628871030393,35,25.5,351.73818387648,"gewogen","robuust","1984-2025"
"fg_v1_zaad","Zaadeters",1986,5.81728079987019,35,25.5,336.057003843674,"gewogen","robuust","1984-2025"
"fg_v1_zaad","Zaadeters",1987,5.72937021044064,35,25.5,307.77537361044,"gewogen","robuust","1984-2025"
"fg_v1_zaad","Zaadeters",1988,5.21581627309162,38,28,184.162086198036,"gewogen","robuust","1984-2025"
"fg_v1_zaad","Zaadeters",1989,5.14511256495858,37,27,171.590798695148,"gewogen","robuust","1984-2025"
"fg_v1_zaad","Zaadeters",1990,5.25076050592183,37,27,190.711250357103,"gewogen","robuust","1984-2025"
"fg_v1_zaad","Zaadeters",1991,5.10399219681889,37,27,164.678023838219,"gewogen","robuust","1984-2025"
"fg_v1_zaad","Zaadeters",1992,5.2541243625513,38,28,191.353855871387,"gewogen","robuust","1984-2025"
"fg_v1_zaad","Zaadeters",1993,5.2526909788308,37,27,191.079768852391,"gewogen","robuust","1984-2025"
"fg_v1_zaad","Zaadeters",1994,5.05184806504328,38,28,156.31107074841,"gewogen","robuust","1984-2025"
"fg_v1_zaad","Zaadeters",1995,5.08835524453456,38,28,162.122989970166,"gewogen","robuust","1984-2025"
"fg_v1_zaad","Zaadeters",1996,5.05746186858123,38,28,157.191038061207,"gewogen","robuust","1984-2025"
"fg_v1_zaad","Zaadeters",1997,5.1967655034836,37,27,180.686864650932,"gewogen","robuust","1984-2025"
"fg_v1_zaad","Zaadeters",1998,5.00004504450588,37,27,148.419844450562,"gewogen","robuust","1984-2025"
"fg_v1_zaad","Zaadeters",1999,5.08221103292777,37,27,161.12992593537,"gewogen","robuust","1984-2025"
"fg_v1_zaad","Zaadeters",2000,4.92445774531416,37,27,137.614699191601,"gewogen","robuust","1984-2025"
"fg_v1_zaad","Zaadeters",2001,4.97830879962543,37,27,145.228563247547,"gewogen","robuust","1984-2025"
"fg_v1_zaad","Zaadeters",2002,5.16314148399078,37,27,174.712450762487,"gewogen","robuust","1984-2025"
"fg_v1_zaad","Zaadeters",2003,4.96327889774305,38,28,143.062113736101,"gewogen","robuust","1984-2025"
"fg_v1_zaad","Zaadeters",2004,4.77144103496755,37,27.5,118.08929020499,"gewogen","robuust","1984-2025"
"fg_v1_zaad","Zaadeters",2005,4.72562828882666,38,28,112.801347941287,"gewogen","robuust","1984-2025"
"fg_v1_zaad","Zaadeters",2006,4.75005986552236,37,27.5,115.591204247881,"gewogen","robuust","1984-2025"
"fg_v1_zaad","Zaadeters",2007,4.69735855848252,38,28,109.657136651019,"gewogen","robuust","1984-2025"
"fg_v1_zaad","Zaadeters",2008,4.63994051164604,38,28,103.538188083692,"gewogen","robuust","1984-2025"
"fg_v1_zaad","Zaadeters",2009,4.50191928631336,38,28,90.1900658509668,"gewogen","robuust","1984-2025"
"fg_v1_zaad","Zaadeters",2010,4.72141040407225,37,27,112.326566845386,"gewogen","robuust","1984-2025"
"fg_v1_zaad","Zaadeters",2011,4.53734158647719,37,27,93.4420620003523,"gewogen","robuust","1984-2025"
"fg_v1_zaad","Zaadeters",2012,4.34469333805485,38,28,77.0683999096901,"gewogen","robuust","1984-2025"
"fg_v1_zaad","Zaadeters",2013,4.26554163008141,38,28,71.203475475261,"gewogen","robuust","1984-2025"
"fg_v1_zaad","Zaadeters",2014,4.23992087383878,38,28,69.4023600791547,"gewogen","robuust","1984-2025"
"fg_v1_zaad","Zaadeters",2015,4.14266745772741,37,27.5,62.9705689507991,"gewogen","robuust","1984-2025"
"fg_v1_zaad","Zaadeters",2016,4.29110479968199,37,27,73.0471263780219,"gewogen","robuust","1984-2025"
"fg_v1_zaad","Zaadeters",2017,4.19831522540918,36,26.5,66.5740741951263,"gewogen","robuust","1984-2025"
"fg_v1_zaad","Zaadeters",2018,4.10575662098009,37,27.5,60.6886454830368,"gewogen","robuust","1984-2025"
"fg_v1_zaad","Zaadeters",2019,4.58503258563681,36,26.5,98.006380690403,"gewogen","robuust","1984-2025"
"fg_v1_zaad","Zaadeters",2020,4.16588404179241,38,28,64.4496334356874,"gewogen","robuust","1984-2025"
"fg_v1_zaad","Zaadeters",2021,4.07152311803943,38,28,58.646219715262,"gewogen","robuust","1984-2025"
"fg_v1_zaad","Zaadeters",2022,4.06891748898246,37,27.5,58.4936083317618,"gewogen","robuust","1984-2025"
"fg_v1_zaad","Zaadeters",2023,4.39613752625457,37,27,81.1368736123972,"gewogen","robuust","1984-2025"
"fg_v1_zaad","Zaadeters",2024,4.16227909812718,36,26.5,64.2177144165672,"gewogen","robuust","1984-2025"
"fg_v1_zaad","Zaadeters",2025,4.27690402420867,37,27,72.0171312115897,"gewogen","robuust","1984-2025"
