"groep_100","jaar","groep_titel","log_index","n_soorten","msi","msi_variant","periode","post_break","log_msi","gam_fit_log","gam_fit_se","gam_fit_msi","gam_fit_lower","gam_fit_upper"
100,1958,"Watervogels",4.60517018598809,9,100,"robuust","1958-1983","pre",4.60517018598809,5.10095297434417,0.105293760064478,164.178290472181,133.563524633781,201.810420444313
100,1959,"Watervogels",5.25281929082312,10,191.104288251257,"robuust","1958-1983","pre",5.25281929082312,5.11337474241109,0.0991689612498575,166.230394109144,136.866168807496,201.894625724102
100,1960,"Watervogels",5.13547096286019,11,169.944338502037,"robuust","1958-1983","pre",5.13547096286019,5.12579649735882,0.0932018274803774,168.308145271173,140.207142095641,202.041289346722
100,1961,"Watervogels",5.08324842337917,11,161.297167314277,"robuust","1958-1983","pre",5.08324842337917,5.13821822000045,0.0874246450757029,170.411861207931,143.576201570092,202.263342551058
100,1962,"Watervogels",5.06788431080515,11,158.837919931087,"robuust","1958-1983","pre",5.06788431080515,5.1506398866503,0.081877611251098,172.541862234592,146.959901197543,202.576988558009
100,1963,"Watervogels",4.83894701905243,11,126.336252000329,"robuust","1958-1983","pre",4.83894701905243,5.16306147233205,0.0766106916646866,174.69847228873,150.340769881076,203.0025271532
100,1964,"Watervogels",5.21680744877891,12,184.344713673401,"robuust","1958-1983","pre",5.21680744877891,5.17548295357861,0.0716855913596056,176.882019455692,153.696394850353,203.56527449578
100,1965,"Watervogels",5.76642484575971,12,319.393806887272,"robuust","1958-1983","pre",5.76642484575971,5.18790431074112,0.0671774553424983,179.092836443162,156.998538795478,204.296449580592
100,1966,"Watervogels",5.72267605050297,13,305.721956653481,"robuust","1958-1983","pre",5.72267605050297,5.20032552973799,0.0631755260834437,181.331260986271,160.212570422782,205.233747415087
100,1967,"Watervogels",5.51129167836416,13,247.470573097483,"robuust","1958-1983","pre",5.51129167836416,5.21274660319787,0.0597814740266502,183.597636167324,163.297699793501,206.42110727129
100,1968,"Watervogels",5.46511045315573,13,236.301953964004,"robuust","1958-1983","pre",5.46511045315573,5.22516753098098,0.0571037319185448,185.892310638572,166.208698138283,207.906996093534
100,1969,"Watervogels",5.0014753406404,13,148.6322806675,"robuust","1958-1983","pre",5.0014753406404,5.23758832009735,0.0552465147807106,188.215638742176,168.89971748347,209.740591606331
100,1970,"Watervogels",5.25169627320877,14,190.889795231636,"robuust","1958-1983","pre",5.25169627320877,5.25000898407493,0.0542940716568669,190.567980527956,171.330185427577,211.965889792693
100,1971,"Watervogels",5.20478451749495,14,182.141620207217,"robuust","1958-1983","pre",5.20478451749495,5.2624295418627,0.0542940379289951,192.949701676198,173.471483825108,214.615028107261
100,1972,"Watervogels",5.0442999979357,14,155.135665894654,"robuust","1958-1983","pre",5.0442999979357,5.27485001637986,0.0552464265384815,195.361173339096,175.31196085308,217.703275137132
100,1973,"Watervogels",5.40461532784483,15,222.430641150771,"robuust","1958-1983","pre",5.40461532784483,5.28727043284092,0.057103622122195,197.802771919849,176.858032325627,221.227931039841
100,1974,"Watervogels",5.00616876692806,14,149.331514939462,"robuust","1958-1983","pre",5.00616876692806,5.29969081699533,0.0597813812837277,200.274878812463,178.131013362156,225.171497799765
100,1975,"Watervogels",5.02968250566593,16,152.884465037802,"robuust","1958-1983","pre",5.02968250566593,5.31211119341958,0.063175479023549,202.777880127698,179.161432066418,229.50736771204
100,1976,"Watervogels",5.66085190424641,14,287.393369931344,"robuust","1958-1983","pre",5.66085190424641,5.32453158398841,0.067177462370415,205.312166431,179.98324401334,234.205611281604
100,1977,"Watervogels",4.8330724168545,16,125.59625250615,"robuust","1958-1983","pre",4.8330724168545,5.33695200663231,0.0716856389706766,207.878132516759,180.629532910447,239.23727910031
100,1978,"Watervogels",5.31677366762951,15,203.725534253873,"robuust","1958-1983","pre",5.31677366762951,5.34937247446072,0.0766107510303284,210.476177239848,181.130071897113,244.576843157571
100,1979,"Watervogels",5.46430106210367,15,236.110770658348,"robuust","1958-1983","pre",5.46430106210367,5.36179299529869,0.0818776505826372,213.106703420397,181.510372377373,250.20315064028
100,1980,"Watervogels",5.38390948353106,15,217.872381090888,"robuust","1958-1983","pre",5.38390948353106,5.37421357164969,0.0874246443214253,215.770117831684,181.791653214818,256.099457405143
100,1981,"Watervogels",5.51479360002105,15,248.33871485186,"robuust","1958-1983","pre",5.51479360002105,5.38663420106332,0.0932017918062448,218.466831274091,181.991264582067,262.253006904185
100,1982,"Watervogels",5.57528245570811,15,263.824063726562,"robuust","1958-1983","pre",5.57528245570811,5.39905487685536,0.0991689301962566,221.197258731214,182.123271488116,268.654449650583
100,1983,"Watervogels",5.30408933677229,15,201.157732028034,"robuust","1958-1983","pre",5.30408933677229,5.41147558910223,0.105293810058042,223.961819597632,182.199041004231,275.297259310586
100,1984,"Watervogels",6.08345008661142,14,438.539587286283,"robuust","1984-2025","post",6.08345008661142,5.94780795670902,0.140860824045314,382.913056433248,290.534038510261,504.665166046881
100,1985,"Watervogels",5.89052303333077,14,361.594360824263,"robuust","1984-2025","post",5.89052303333077,5.90568312805663,0.121464830210762,367.11792870381,289.342775837719,465.798992857406
100,1986,"Watervogels",5.87807821638561,14,357.12227008789,"robuust","1984-2025","post",5.87807821638561,5.8630607268986,0.105939828645899,351.79925931935,285.836126619118,432.984872561471
100,1987,"Watervogels",5.51724230214326,14,248.947567535144,"robuust","1984-2025","post",5.51724230214326,5.81956332134162,0.094174960392431,336.824937249409,280.053427921646,405.104980128328
100,1988,"Watervogels",5.28568692334977,15,197.489797217742,"robuust","1984-2025","post",5.28568692334977,5.77479343149358,0.085823663065229,322.077896696312,272.211422205775,381.079422383326
100,1989,"Watervogels",5.80887312452451,14,333.243390206994,"robuust","1984-2025","post",5.80887312452451,5.72836203738201,0.0803441835504535,307.46523913154,262.667096503512,359.90375091747
100,1990,"Watervogels",5.52666036985163,15,251.303248149405,"robuust","1984-2025","post",5.52666036985163,5.67992053326619,0.0771017298411373,292.926151113141,251.841807600307,340.712810250073
100,1991,"Watervogels",5.9082099771214,14,368.046753304192,"robuust","1984-2025","post",5.9082099771214,5.6291939046685,0.0754779672330753,278.437579912513,240.148405596811,322.831566234502
100,1992,"Watervogels",6.00819896713496,14,406.750089906328,"robuust","1984-2025","post",6.00819896713496,5.57601260112926,0.074933645856531,264.016763999731,227.953726691783,305.785093687623
100,1993,"Watervogels",5.950959047226,14,384.121553175547,"robuust","1984-2025","post",5.950959047226,5.52034046794995,0.0750188291583157,249.720044389333,215.573854429142,289.274878602255
100,1994,"Watervogels",5.78973077138781,14,326.924994963801,"robuust","1984-2025","post",5.78973077138781,5.46229620509287,0.0753624256539488,235.637876525424,203.280307318778,273.146029666012
100,1995,"Watervogels",5.23155368213749,15,187.083245731421,"robuust","1984-2025","post",5.23155368213749,5.40216614430553,0.0756703909467048,221.886534266625,191.301779405078,257.361088025233
100,1996,"Watervogels",5.42811372217216,15,227.719298188372,"robuust","1984-2025","post",5.42811372217216,5.34040666108752,0.0757400441486912,208.597521538173,179.819968351585,241.980500779489
100,1997,"Watervogels",5.08778450369209,15,162.030486158649,"robuust","1984-2025","post",5.08778450369209,5.27763523288243,0.0754805306116509,195.906054957439,168.965304137363,227.142386213126
100,1998,"Watervogels",5.00383498831747,15,148.983414596571,"robuust","1984-2025","post",5.00383498831747,5.21460996955038,0.0749234838122104,183.940064760838,158.818166562546,213.035751240063
100,1999,"Watervogels",5.05815560304378,15,157.300124735733,"robuust","1984-2025","post",5.05815560304378,5.15219831523931,0.0742098941940996,172.810966040568,149.417876767528,199.866512829236
100,2000,"Watervogels",5.41065979487235,14,223.779187342789,"robuust","1984-2025","post",5.41065979487235,5.09133648331616,0.0735458169720447,162.607038488852,140.778352020801,187.820418314091
100,2001,"Watervogels",5.40075773032145,14,221.574246135992,"robuust","1984-2025","post",5.40075773032145,5.03298196733836,0.0731312745727209,153.389734570851,132.906339940603,177.030009871849
100,2002,"Watervogels",4.68149983309766,15,107.931830968156,"robuust","1984-2025","post",4.68149983309766,4.97806210455117,0.0730831566163439,145.192740495183,125.815823278306,167.553900163021
100,2003,"Watervogels",4.86699141036677,15,129.929423953001,"robuust","1984-2025","post",4.86699141036677,4.92742209731391,0.0733853504379762,138.023242834758,119.532321840874,159.374596504392
100,2004,"Watervogels",4.46329009185615,14,86.7725295603142,"robuust","1984-2025","post",4.46329009185615,4.88177608026612,0.073893096007752,131.864658245246,114.085208489775,152.414921481202
100,2005,"Watervogels",4.26588433348468,15,71.2278813303768,"robuust","1984-2025","post",4.26588433348468,4.84166473376236,0.0743917663281134,126.680064871821,109.492589564808,146.565524659823
100,2006,"Watervogels",4.37194496085404,14,79.197518071955,"robuust","1984-2025","post",4.37194496085404,4.80742258510275,0.0746829924441169,122.415694525117,105.746415345765,141.712626542163
100,2007,"Watervogels",5.12587427467105,14,168.321236335426,"robuust","1984-2025","post",5.12587427467105,4.77915752818599,0.0746628641634996,119.004050242786,102.803388488224,137.757754704844
100,2008,"Watervogels",5.06903742955905,14,159.021184558021,"robuust","1984-2025","post",5.06903742955905,4.75674426995212,0.0743655208471674,116.366450749593,100.583461857003,134.626017140954
100,2009,"Watervogels",4.6017673871282,15,99.6602984098877,"robuust","1984-2025","post",4.6017673871282,4.73983243676507,0.073957405000109,114.415028321558,98.9758541552297,132.262548452392
100,2010,"Watervogels",5.13429570609814,14,169.744727589055,"robuust","1984-2025","post",5.13429570609814,4.7278690175483,0.0736782081436794,113.054388553268,97.8523519258741,130.618166243316
100,2011,"Watervogels",4.67411533172603,14,107.137743791769,"robuust","1984-2025","post",4.67411533172603,4.72013376270404,0.0737405149473826,112.183257600121,97.0865019127571,129.627528418773
100,2012,"Watervogels",4.46033816131826,15,86.516760772032,"robuust","1984-2025","post",4.46033816131826,4.71578517975051,0.0742245535967975,111.696478565046,96.5735654999397,129.187560376858
100,2013,"Watervogels",4.92874853476347,14,138.20644350822,"robuust","1984-2025","post",4.92874853476347,4.71391394419722,0.0750214763951497,111.487663575126,96.2425772258636,129.147613122108
100,2014,"Watervogels",4.75683419984416,14,116.376916042509,"robuust","1984-2025","post",4.75683419984416,4.71359994199057,0.0758631526190572,111.45266169837,96.0537723074524,129.320228672451
100,2015,"Watervogels",4.66659311652952,14,106.334854167435,"robuust","1984-2025","post",4.66659311652952,4.71396882551152,0.0764329189999779,111.493782332532,95.9819645235286,129.512492899297
100,2016,"Watervogels",4.67814226102324,15,107.57004975967,"robuust","1984-2025","post",4.67814226102324,4.71424392505476,0.0765188349363391,111.524458440424,95.992206759066,129.569943752284
100,2017,"Watervogels",4.86563968961308,13,129.753914300871,"robuust","1984-2025","post",4.86563968961308,4.71378961467512,0.0761697437448432,111.473803228836,96.0142787066466,129.422508544461
100,2018,"Watervogels",4.45433263771138,14,85.9987393746163,"robuust","1984-2025","post",4.45433263771138,4.71214276344956,0.0758216361610035,111.290373541531,95.9217117896604,129.12141591231
100,2019,"Watervogels",4.78652464327641,14,119.884004158125,"robuust","1984-2025","post",4.78652464327641,4.70902966537293,0.0763411620320261,110.944454413167,95.5262413035885,128.851211950416
100,2020,"Watervogels",4.9465395129695,15,140.687274098621,"robuust","1984-2025","post",4.9465395129695,4.70436676758974,0.0788857585757017,110.428336001473,94.6088175777601,128.893032428309
100,2021,"Watervogels",4.75912498325091,15,116.643815938918,"robuust","1984-2025","post",4.75912498325091,4.69824452568566,0.0845131122694447,109.754332327416,92.9999379210604,129.527112962824
100,2022,"Watervogels",4.55075134001982,14,94.7035361477108,"robuust","1984-2025","post",4.55075134001982,4.69089471398275,0.0937207633117992,108.950615851652,90.6677764573708,130.920125740983
100,2023,"Watervogels",4.64485204743647,13,104.047970482593,"robuust","1984-2025","post",4.64485204743647,4.68264241141971,0.106293283956395,108.055222017025,87.7338302635458,133.083566169115
100,2024,"Watervogels",4.88987226527116,12,132.936592347153,"robuust","1984-2025","post",4.88987226527116,4.67384457454435,0.121545281533239,107.108739404959,84.4040868429316,135.920930917341
100,2025,"Watervogels",4.48827107206918,14,88.9674944454596,"robuust","1984-2025","post",4.48827107206918,4.66481751047802,0.138680450391809,106.146212882755,80.8830130785893,139.300182825826
200,1958,"Rietvogels",4.60517018598809,3,100,"robuust","1958-1983","pre",4.60517018598809,4.86179133490424,0.0969759732035581,129.255534799408,106.881252388373,156.313599466191
200,1959,"Rietvogels",5.6755763772527,4,291.656394220168,"robuust","1958-1983","pre",5.6755763772527,4.92469221039881,0.0913354732411608,137.646968816598,115.085425478142,164.631515638755
200,1960,"Rietvogels",5.16061673058305,5,174.271901280474,"robuust","1958-1983","pre",5.16061673058305,4.98759308517428,0.0858400846898634,146.583185317182,123.884108434003,173.441375890258
200,1961,"Rietvogels",4.46307859363281,5,86.7541792650733,"robuust","1958-1983","pre",4.46307859363281,5.05049395816569,0.0805195232469202,156.099552094218,133.309793299825,182.785297020243
200,1962,"Rietvogels",5.112407354267,5,166.069662554131,"robuust","1958-1983","pre",5.112407354267,5.11339482803385,0.0754107970002032,166.233732983663,143.393079360058,192.712605831528
200,1963,"Rietvogels",4.5936272594858,5,98.8523437483531,"robuust","1958-1983","pre",4.5936272594858,5.17629569332828,0.0705599221044505,177.025836939082,154.161113331731,203.281789205476
200,1964,"Rietvogels",4.96687728648487,6,143.577834160355,"robuust","1958-1983","pre",4.96687728648487,5.23919655263121,0.06602374073602,188.518576787899,165.635571195315,214.562931969654
200,1965,"Rietvogels",5.40778485417326,6,223.136759363147,"robuust","1958-1983","pre",5.40778485417326,5.30209740467988,0.0618714875886362,200.757438297292,177.830222510031,226.640603958181
200,1966,"Rietvogels",5.88899248664048,6,361.041347086704,"robuust","1958-1983","pre",5.88899248664048,5.36499824846456,0.0581853933156235,213.790860218343,190.748322819185,239.616953047737
200,1967,"Rietvogels",5.81178140561086,6,334.213966325865,"robuust","1958-1983","pre",5.81178140561086,5.42789908330041,0.0550591427385071,227.670426020254,204.380440919438,253.614399944834
200,1968,"Rietvogels",5.31159950511324,6,202.674147599276,"robuust","1958-1983","pre",5.31159950511324,5.49079990887238,0.0525926508291773,242.451068072433,218.703802256001,268.776856200498
200,1969,"Rietvogels",5.25963029989916,6,192.410344022892,"robuust","1958-1983","pre",5.25963029989916,5.55370072525323,0.0508819428344502,258.191285081344,233.684547274357,285.268069581386
200,1970,"Rietvogels",5.72445228968048,6,306.265474536292,"robuust","1958-1983","pre",5.72445228968048,5.61660153289611,0.0500046425050757,274.95337364133,249.283906473504,303.266098266091
200,1971,"Rietvogels",5.78940770483607,6,326.819393492068,"robuust","1958-1983","pre",5.78940770483607,5.6795023326041,0.0500046336980359,292.803674814421,265.467719784052,322.954489738227
200,1972,"Rietvogels",5.92946530693346,6,375.953440375331,"robuust","1958-1983","pre",5.92946530693346,5.74240312548017,0.0508819197926306,311.812836713691,282.216515749476,344.512952692491
200,1973,"Rietvogels",5.97228904743124,6,392.402872276501,"robuust","1958-1983","pre",5.97228904743124,5.805303912862,0.0525926221592106,332.056094128158,299.532334529716,368.111342038465
200,1974,"Rietvogels",5.86590229053906,6,352.800340948352,"robuust","1958-1983","pre",5.86590229053906,5.86820469624623,0.0550591185215377,353.613566294935,317.439999951594,393.909256196101
200,1975,"Rietvogels",6.22024270335007,6,502.825254585783,"robuust","1958-1983","pre",6.22024270335007,5.93110547720755,0.0581853810272451,376.570573996437,335.983526468646,422.060565559422
200,1976,"Rietvogels",6.08215046271586,6,437.970020950673,"robuust","1958-1983","pre",6.08215046271586,5.99400625731753,0.0618714894233756,401.017977237352,355.220292065035,452.72024616796
200,1977,"Rietvogels",5.63888387013743,6,281.148744780294,"robuust","1958-1983","pre",5.63888387013743,6.05690703806809,0.0660237531675891,427.05253483793,375.21548284522,486.051018280427
200,1978,"Rietvogels",5.62551432276105,6,277.414928649489,"robuust","1958-1983","pre",5.62551432276105,6.11980782080379,0.0705599376053578,454.777287367338,396.038070039595,522.228534960077
200,1979,"Rietvogels",5.92706868345764,6,375.053500373736,"robuust","1958-1983","pre",5.92706868345764,6.18270860666637,0.0754108072700504,484.301964933642,417.758462423051,561.444983970346
200,1980,"Rietvogels",6.25770448049559,6,522.019258299204,"robuust","1958-1983","pre",6.25770448049559,6.24560939655396,0.0805195230498955,515.743421445746,440.447445318286,603.911498617838
200,1981,"Rietvogels",6.5698350663469,6,713.252194141034,"robuust","1958-1983","pre",6.5698350663469,6.30851019109645,0.0858400753747033,549.226097067712,464.175931631955,649.859859471149
200,1982,"Rietvogels",6.49547022770132,6,662.135506574687,"robuust","1958-1983","pre",6.49547022770132,6.37141099064727,0.0913354651321944,584.882510697664,489.015154106812,699.543865761844
200,1983,"Rietvogels",6.4938174114298,6,661.042022148827,"robuust","1958-1983","pre",6.4938174114298,6.43431179529094,0.0969759862567808,622.853784422462,515.037061538905,753.24062235486
200,1984,"Rietvogels",6.68975171396394,6,804.122574949834,"robuust","1984-2025","post",6.68975171396394,6.39352360377445,0.152282573823983,597.959845542848,443.656120548045,805.930450006958
200,1985,"Rietvogels",6.39449005351715,6,598.538023026458,"robuust","1984-2025","post",6.39449005351715,6.41342426361932,0.122625971748238,609.978837302803,479.659922971767,775.704127316009
200,1986,"Rietvogels",6.22544131736012,6,505.446055362314,"robuust","1984-2025","post",6.22544131736012,6.43897285673645,0.102198336851422,625.763720610596,512.173849140177,764.545543841783
200,1987,"Rietvogels",6.17915699105804,6,482.584961388985,"robuust","1984-2025","post",6.17915699105804,6.47003068300237,0.0902352368805523,645.503532647635,540.864950728586,770.386045720442
200,1988,"Rietvogels",6.62518983223116,6,753.847303488068,"robuust","1984-2025","post",6.62518983223116,6.5060331691514,0.0845252884176611,669.166674695727,567.002438176137,789.739176367059
200,1989,"Rietvogels",6.71713226848596,6,826.4440901785,"robuust","1984-2025","post",6.71713226848596,6.54599414085793,0.0822698431296512,696.448703019013,592.733713456239,818.311469257561
200,1990,"Rietvogels",6.65492227814778,6,776.597562140099,"robuust","1984-2025","post",6.65492227814778,6.58853955080346,0.0813170514734615,726.718758680647,619.652061829686,852.28499467738
200,1991,"Rietvogels",6.14654530378932,6,467.100904437851,"robuust","1984-2025","post",6.14654530378932,6.63196903443285,0.0806049021209984,758.97514849811,648.060091776487,888.873243928132
200,1992,"Rietvogels",6.45182366253298,6,633.857181021291,"robuust","1984-2025","post",6.45182366253298,6.67434163839042,0.0798982749171157,791.825974410244,677.047220122385,926.062991053113
200,1993,"Rietvogels",6.83927428802991,6,933.811210796726,"robuust","1984-2025","post",6.83927428802991,6.71358031284818,0.0793389695397669,823.513804636008,704.914086700511,962.067575639472
200,1994,"Rietvogels",6.88523583805402,6,977.732228986583,"robuust","1984-2025","post",6.88523583805402,6.74758840962671,0.0790758430366982,852.001604144891,729.675385082567,994.835166850705
200,1995,"Rietvogels",7.11820528150987,6,1234.23334313218,"robuust","1984-2025","post",7.11820528150987,6.77437058135118,0.0790706016126642,875.128367534574,749.489420618119,1021.82851231191
200,1996,"Rietvogels",6.97746430741907,6,1072.19615726957,"robuust","1984-2025","post",6.97746430741907,6.79215019032438,0.0790976415743612,890.826951509296,762.893783719638,1040.21382067911
200,1997,"Rietvogels",6.73151808741776,6,838.419093814082,"robuust","1984-2025","post",6.73151808741776,6.79947562207963,0.0788784223216803,897.376603774764,768.833102682886,1047.4116764643
200,1998,"Rietvogels",6.78565842687149,6,885.062644166264,"robuust","1984-2025","post",6.78565842687149,6.79530872554108,0.0782455134012619,893.645108088116,766.586482146345,1041.76319020633
200,1999,"Rietvogels",6.69043120934773,6,804.66915820689,"robuust","1984-2025","post",6.69043120934773,6.77908989579675,0.077249593489194,879.268134228209,755.727372351186,1023.00443275448
200,2000,"Rietvogels",6.71021102651067,6,820.743819881621,"robuust","1984-2025","post",6.71021102651067,6.75077596854139,0.0761664390965506,854.721742450888,736.191111886929,992.336426265475
200,2001,"Rietvogels",6.66800477601224,6,786.824146867028,"robuust","1984-2025","post",6.66800477601224,6.71084897412283,0.0753949675229661,821.267578489219,708.446707675842,952.055289649483
200,2002,"Rietvogels",6.63020729108965,6,757.639206221827,"robuust","1984-2025","post",6.63020729108965,6.660295757093,0.0752731431513454,780.781824744548,673.683486838346,904.906042320298
200,2003,"Rietvogels",6.60108634976437,6,735.894193648144,"robuust","1984-2025","post",6.60108634976437,6.60056035618677,0.0758924363464281,735.507219810284,633.849269528248,853.469265328141
200,2004,"Rietvogels",6.71979987742807,6,828.65166298498,"robuust","1984-2025","post",6.71979987742807,6.53347272247936,0.0770223042601245,687.782546939608,591.409698277288,799.859781218775
200,2005,"Rietvogels",6.47545875232921,6,649.016897340671,"robuust","1984-2025","post",6.47545875232921,6.46115871451516,0.0781980058414604,639.801975065485,548.885919528871,745.777132794832
200,2006,"Rietvogels",6.63749794207935,6,763.18307389633,"robuust","1984-2025","post",6.63749794207935,6.38593726326906,0.0789159239978209,593.44068217616,508.396701978227,692.710715650528
200,2007,"Rietvogels",6.34321623856702,6,568.62219820778,"robuust","1984-2025","post",6.34321623856702,6.31021109804147,0.0788346010823827,550.161074479971,471.394479663952,642.088995375442
200,2008,"Rietvogels",6.12036226935037,6,455.029507888523,"robuust","1984-2025","post",6.12036226935037,6.23635745693525,0.0779137894595095,510.993799937432,438.625699910624,595.301788353263
200,2009,"Rietvogels",6.08562809091331,6,439.495769300223,"robuust","1984-2025","post",6.08562809091331,6.16662480079348,0.0764636733319344,476.574853402427,410.245598489387,553.628342953251
200,2010,"Rietvogels",6.20169184394379,6,493.583401178751,"robuust","1984-2025","post",6.20169184394379,6.10304076998347,0.07508154552341,447.215584360903,386.01681888541,518.116748054531
200,2011,"Rietvogels",6.05803590621345,6,427.534893049091,"robuust","1984-2025","post",6.05803590621345,6.0473355591615,0.0744498768565645,422.984510072362,365.55392302444,489.437766885062
200,2012,"Rietvogels",5.79259879074681,6,327.863968031136,"robuust","1984-2025","post",5.79259879074681,6.00088364447797,0.0750227176157992,403.785438668922,348.570016413507,467.747289794533
200,2013,"Rietvogels",5.57960314225162,6,264.966430936702,"robuust","1984-2025","post",5.57960314225162,5.96466549698857,0.0767542440006576,389.422743201393,335.032378283546,452.643036172918
200,2014,"Rietvogels",5.94310980758013,6,381.11829312482,"robuust","1984-2025","post",5.94310980758013,5.93924966915201,0.0790699037988758,379.649959564532,325.145462040268,443.291106979989
200,2015,"Rietvogels",5.93787088948333,6,379.126866616897,"robuust","1984-2025","post",5.93787088948333,5.92479454943736,0.0811057609614306,374.201547543737,319.202998060915,438.676325206086
200,2016,"Rietvogels",5.9161519457321,6,370.981407105164,"robuust","1984-2025","post",5.9161519457321,5.92106822332536,0.0820517819245972,372.809745310964,317.426638170308,437.855836548461
200,2017,"Rietvogels",5.79138708052084,6,327.466932502927,"robuust","1984-2025","post",5.79138708052084,5.92748431004514,0.0814590129040609,375.209414979107,319.841207078786,440.162499306367
200,2018,"Rietvogels",5.92017399960914,6,372.476519006704,"robuust","1984-2025","post",5.92017399960914,5.9431513849701,0.0794925477990237,381.134139358137,326.146279641837,445.392884272023
200,2019,"Rietvogels",6.23506528711552,6,510.333935591298,"robuust","1984-2025","post",6.23506528711552,5.96693363796422,0.0771516805680448,390.307011325392,335.531668547459,454.024395817087
200,2020,"Rietvogels",6.15401063563763,6,470.601016188555,"robuust","1984-2025","post",6.15401063563763,5.99752071933117,0.0763572325342616,402.429819164359,346.492281775612,467.39788408198
200,2021,"Rietvogels",6.1312080787574,6,459.991531144119,"robuust","1984-2025","post",6.1312080787574,6.03350522461079,0.0795218733437268,417.174760782673,356.96664743272,487.537931864857
200,2022,"Rietvogels",6.03497481671084,6,417.788288222577,"robuust","1984-2025","post",6.03497481671084,6.07346688767277,0.0883454397226405,434.183340164866,365.150583418978,516.266935990119
200,2023,"Rietvogels",6.19530237350794,6,490.439718558024,"robuust","1984-2025","post",6.19530237350794,6.11606320031796,0.102833912218281,453.077503529483,370.372306078492,554.251008608089
200,2024,"Rietvogels",6.01004018267918,6,407.499694374407,"robuust","1984-2025","post",6.01004018267918,6.16012676817273,0.121711304049292,473.488094250998,372.99783384322,601.05168195608
200,2025,"Rietvogels",6.19975774942278,6,492.629686811032,"robuust","1984-2025","post",6.19975774942278,6.2047701677675,0.143448848340629,495.105151740405,373.758708594178,655.848561233252
300,1958,"Vogels van pionierbegroeiingen",4.60517018598809,12,100,"robuust","1958-1983","pre",4.60517018598809,4.54349959141653,0.0875819513459637,94.0192540314066,79.1891240491034,111.626694129625
300,1959,"Vogels van pionierbegroeiingen",4.54641306200333,12,94.2935757827537,"robuust","1958-1983","pre",4.54641306200333,4.57486549128676,0.082487955618032,97.0149888979461,82.5322477079909,114.03915841683
300,1960,"Vogels van pionierbegroeiingen",4.59956543051571,13,99.4410921866682,"robuust","1958-1983","pre",4.59956543051571,4.60623139126395,0.0775249907330533,100.106176855341,85.9944199139736,116.533685030003
300,1961,"Vogels van pionierbegroeiingen",4.82234285385134,14,124.255863356011,"robuust","1958-1983","pre",4.82234285385134,4.63759729150682,0.0727198890114345,103.295859341869,89.5741083617548,119.119629012472
300,1962,"Vogels van pionierbegroeiingen",4.68651303372095,14,108.474273440846,"robuust","1958-1983","pre",4.68651303372095,4.66896319221539,0.0681060702946645,106.587174711139,93.2678344542132,121.808615793262
300,1963,"Vogels van pionierbegroeiingen",4.62389378531724,13,101.88999850538,"robuust","1958-1983","pre",4.62389378531724,4.70032909360694,0.0637250925924774,109.983361318114,97.0695674960218,124.615160846643
300,1964,"Vogels van pionierbegroeiingen",4.52403519708399,14,92.2069213930565,"robuust","1958-1983","pre",4.52403519708399,4.7316949958947,0.0596282945829724,113.487760703424,100.970009642216,127.557399222954
300,1965,"Vogels van pionierbegroeiingen",4.65718213173698,13,105.338832595062,"robuust","1958-1983","pre",4.65718213173698,4.76306089927009,0.055878210424036,117.103820879172,104.955831244059,130.657865332066
300,1966,"Vogels van pionierbegroeiingen",4.80562671084069,14,122.196048617296,"robuust","1958-1983","pre",4.80562671084069,4.79442680388867,0.052549114232405,120.835099719575,109.009010068648,133.944169523644
300,1967,"Vogels van pionierbegroeiingen",4.7114304468059,14,111.211127783565,"robuust","1958-1983","pre",4.7114304468059,4.82579270986039,0.0497256266410969,124.685268459878,113.106571133697,137.449274742272
300,1968,"Vogels van pionierbegroeiingen",4.96782704629616,15,143.714263394278,"robuust","1958-1983","pre",4.96782704629616,4.85715861724408,0.0474979954119403,128.658115307073,117.221176330686,141.210924105315
300,1969,"Vogels van pionierbegroeiingen",4.91149224274678,14,135.84197243608,"robuust","1958-1983","pre",4.91149224274678,4.8885245260461,0.0459529541344355,132.757549166061,121.323039482862,145.269743782413
300,1970,"Vogels van pionierbegroeiingen",5.08733036214498,14,161.95691808941,"robuust","1958-1983","pre",5.08733036214498,4.91989043622293,0.0451606143882165,136.987603484975,125.383323388417,149.665864657486
300,1971,"Vogels van pionierbegroeiingen",4.97826445509042,14,145.22212329723,"robuust","1958-1983","pre",4.97826445509042,4.95125634768703,0.0451606117741417,141.352440223492,129.378413551374,154.434668107923
300,1972,"Vogels van pionierbegroeiingen",4.99502011554258,14,147.675915934771,"robuust","1958-1983","pre",4.99502011554258,4.98262226031531,0.0459529472952463,145.856353948031,133.293635934304,159.603088608812
300,1973,"Vogels van pionierbegroeiingen",5.15847971745338,15,173.89987759064,"robuust","1958-1983","pre",5.15847971745338,5.01398817395945,0.0474979869022302,150.503776057834,137.124890442063,165.188001497344
300,1974,"Vogels van pionierbegroeiingen",5.01877548534399,15,151.226011902943,"robuust","1958-1983","pre",5.01877548534399,5.04535408845703,0.0497256194531096,155.299279146035,140.877662840049,171.197233238183
300,1975,"Vogels van pionierbegroeiingen",4.8156836722296,17,123.431169933561,"robuust","1958-1983","pre",4.8156836722296,5.07672000364269,0.0525491105850056,160.247581499916,144.564206845696,177.632402493527
300,1976,"Vogels van pionierbegroeiingen",5.32168220181229,15,204.727986274937,"robuust","1958-1983","pre",5.32168220181229,5.1080859193584,0.0558782109685857,165.353551744671,148.200283506573,184.492204924593
300,1977,"Vogels van pionierbegroeiingen",4.73217909521244,17,113.542713351149,"robuust","1958-1983","pre",4.73217909521244,5.13945183546227,0.059628298272815,170.622213635121,151.802505614177,191.775094014193
300,1978,"Vogels van pionierbegroeiingen",5.24133265397768,15,188.921701978456,"robuust","1958-1983","pre",5.24133265397768,5.17081775183508,0.0637250971933486,176.058750999987,155.386655349765,199.480989753619
300,1979,"Vogels van pionierbegroeiingen",5.32707180515914,14,205.834367715352,"robuust","1958-1983","pre",5.32707180515914,5.20218366838454,0.0681060733428909,181.668512843456,158.966861877281,207.612128521671
300,1980,"Vogels van pionierbegroeiingen",5.3061931230855,15,201.581370377502,"robuust","1958-1983","pre",5.3061931230855,5.23354958504682,0.0727198889529487,187.457018608969,162.555357077803,216.17333600974
300,1981,"Vogels van pionierbegroeiingen",5.27517446009244,15,195.424567326802,"robuust","1958-1983","pre",5.27517446009244,5.26491550178569,0.0775249879681669,193.429963610343,166.16254987773,225.171982795343
300,1982,"Vogels van pionierbegroeiingen",5.29890317784212,15,200.117196583006,"robuust","1958-1983","pre",5.29890317784212,5.29628141858942,0.0824879532111384,199.593224635524,169.797241862236,234.617799932984
300,1983,"Vogels van pionierbegroeiingen",5.30732647781926,15,201.809963091706,"robuust","1958-1983","pre",5.30732647781926,5.32764733546592,0.0875819552202867,205.952865728477,173.466882678582,244.522656122012
300,1984,"Vogels van pionierbegroeiingen",5.65480114484754,15,285.659672180503,"robuust","1984-2025","post",5.65480114484754,5.41647891908082,0.115022626446527,225.085182417664,179.654322015296,282.004567302754
300,1985,"Vogels van pionierbegroeiingen",5.17876301587654,16,177.463156059996,"robuust","1984-2025","post",5.17876301587654,5.24601351535153,0.0998000278534279,189.808091190008,156.085738299895,230.816164715663
300,1986,"Vogels van pionierbegroeiingen",4.97536341780546,16,144.801439008387,"robuust","1984-2025","post",4.97536341780546,5.07626236269892,0.0874589921442269,160.174262423667,134.941687151462,190.125045006803
300,1987,"Vogels van pionierbegroeiingen",4.82954260538003,16,125.153702930687,"robuust","1984-2025","post",4.82954260538003,4.90734068724102,0.0779334709921639,135.279185975436,116.116161709865,157.604745874249
300,1988,"Vogels van pionierbegroeiingen",4.81720020657071,16,123.618499551525,"robuust","1984-2025","post",4.81720020657071,4.73935151666346,0.0710022048580924,114.360017063583,99.502940365662,131.435447582976
300,1989,"Vogels van pionierbegroeiingen",4.62830136507849,16,102.340077952566,"robuust","1984-2025","post",4.62830136507849,4.5723851575326,0.0663099647626895,96.7746575205481,84.9801437787241,110.206148422217
300,1990,"Vogels van pionierbegroeiingen",4.56239866310715,16,95.8130275905993,"robuust","1984-2025","post",4.56239866310715,4.40652022943946,0.0634232547459853,81.9836821621913,72.4003149946711,92.8355648917539
300,1991,"Vogels van pionierbegroeiingen",4.13882496833283,16,62.7290694841443,"robuust","1984-2025","post",4.13882496833283,4.24182613874798,0.0618945992480726,69.534716006943,61.5908132719288,78.5032129518883
300,1992,"Vogels van pionierbegroeiingen",3.92560534617101,16,50.6837499883224,"robuust","1984-2025","post",3.92560534617101,4.0783667487321,0.0613068831657055,59.0489492788874,52.3632630033274,66.588256937293
300,1993,"Vogels van pionierbegroeiingen",3.78356045022251,16,43.9723246247475,"robuust","1984-2025","post",3.78356045022251,3.91620489697074,0.0612914555476123,50.209532392638,44.5260158459768,56.6185205478058
300,1994,"Vogels van pionierbegroeiingen",3.69757648294361,16,40.349398314472,"robuust","1984-2025","post",3.69757648294361,3.7554073336277,0.0615340280796517,42.7516304410615,37.8942974835207,48.2315817086704
300,1995,"Vogels van pionierbegroeiingen",3.57853061611703,16,35.8208675524394,"robuust","1984-2025","post",3.57853061611703,3.59604961184714,0.0617832454235799,36.4539424043438,32.2963574304096,41.1467429316955
300,1996,"Vogels van pionierbegroeiingen",3.49232865996365,17,32.862383992545,"robuust","1984-2025","post",3.49232865996365,3.43822045720451,0.061865637025062,31.1315089933105,27.5764958049657,35.1448153186329
300,1997,"Vogels van pionierbegroeiingen",3.3794252841979,17,29.3538961166389,"robuust","1984-2025","post",3.3794252841979,3.28202517707344,0.0617007661864664,26.6296478804316,23.5963414178817,30.0528854739481
300,1998,"Vogels van pionierbegroeiingen",3.32094644321195,17,27.6865419018975,"robuust","1984-2025","post",3.32094644321195,3.1275877398908,0.0613067028414117,22.818868052401,20.2352594951786,25.7323479996366
300,1999,"Vogels van pionierbegroeiingen",3.02757053807439,17,20.6470104818992,"robuust","1984-2025","post",3.02757053807439,2.9750512527832,0.0607870989303689,19.5906272980392,17.3902297323469,22.0694426604844
300,2000,"Vogels van pionierbegroeiingen",2.88515202224857,17,17.9062895430165,"robuust","1984-2025","post",2.88515202224857,2.82457668572144,0.0602956538938645,16.8538090178115,14.9752255265153,18.9680534630963
300,2001,"Vogels van pionierbegroeiingen",2.67866348785654,17,14.5656131621947,"robuust","1984-2025","post",2.67866348785654,2.67633982157137,0.0599820590180754,14.5318068304947,12.9199804590508,16.3447158784888
300,2002,"Vogels van pionierbegroeiingen",2.42996783283463,17,11.3585167028397,"robuust","1984-2025","post",2.42996783283463,2.53052654364176,0.0599349313143876,12.5601178460302,11.1680171121313,14.1257448589333
300,2003,"Vogels van pionierbegroeiingen",2.44686138586952,17,11.5520323886079,"robuust","1984-2025","post",2.44686138586952,2.38732669526546,0.0601454142742353,10.8843578102464,9.67399815117458,12.2461512903109
300,2004,"Vogels van pionierbegroeiingen",1.99311958995073,17,7.33839086177078,"robuust","1984-2025","post",1.99311958995073,2.24692685026543,0.06051024570461,9.45862335990316,8.40079856577146,10.6496489784945
300,2005,"Vogels van pionierbegroeiingen",2.14498132238896,17,8.54188169386029,"robuust","1984-2025","post",2.14498132238896,2.10950241128974,0.0608742646045977,8.24413807382428,7.31691545081817,9.28886127455242
300,2006,"Vogels van pionierbegroeiingen",1.8790317534075,17,6.5471625244084,"robuust","1984-2025","post",1.8790317534075,1.97520949974707,0.0610930711426748,7.20812959697601,6.39468438433262,8.12505030179437
300,2007,"Vogels van pionierbegroeiingen",1.58665297681373,17,4.88736340362606,"robuust","1984-2025","post",1.58665297681373,1.84417711397107,0.061090211617775,6.32289462741652,5.60938057612326,7.12716777313812
300,2008,"Vogels van pionierbegroeiingen",1.77191312507711,17,5.88209578882825,"robuust","1984-2025","post",1.77191312507711,1.7165000116995,0.0608889113635455,5.56501684512464,4.93897463271149,6.27041335288632
300,2009,"Vogels van pionierbegroeiingen",1.96580238924575,17,7.1406398647346,"robuust","1984-2025","post",1.96580238924575,1.59223272214836,0.0606073331427974,4.91470986898296,4.36423252542838,5.53462102569971
300,2010,"Vogels van pionierbegroeiingen",1.37922470768234,17,3.97182111110413,"robuust","1984-2025","post",1.37922470768234,1.47138501747623,0.0604151718024183,4.35526308117893,3.86890406943146,4.90276216878844
300,2011,"Vogels van pionierbegroeiingen",1.8144968189812,17,6.13798688178013,"robuust","1984-2025","post",1.8144968189812,1.35391908071527,0.0604616252332698,3.87257275491467,3.43980331974505,4.35978989148104
300,2012,"Vogels van pionierbegroeiingen",1.3155707630203,17,3.72687754219574,"robuust","1984-2025","post",1.3155707630203,1.23974850588751,0.0608015349713532,3.45474450759463,3.06662465962181,3.89198579464472
300,2013,"Vogels van pionierbegroeiingen",0.805750876585056,17,2.23837661254892,"robuust","1984-2025","post",0.805750876585056,1.12873916499022,0.0613569832288715,3.09175584758749,2.74142944018013,3.48685035660204
300,2014,"Vogels van pionierbegroeiingen",0.663800861135407,17,1.94216020464676,"robuust","1984-2025","post",0.663800861135407,1.02071188434205,0.0619404313033476,2.77516966075986,2.4579032251448,3.13338888497055
300,2015,"Vogels van pionierbegroeiingen",0.291497021447958,17,1.33842964690216,"robuust","1984-2025","post",0.291497021447958,0.915446796766195,0.0623361351727836,2.49789105226279,2.21060884226918,2.82250735167137
300,2016,"Vogels van pionierbegroeiingen",0.797513125273648,17,2.22001316328363,"robuust","1984-2025","post",0.797513125273648,0.812689181774853,0.0624135638158972,2.25396115525321,1.99443060124831,2.5472638086332
300,2017,"Vogels van pionierbegroeiingen",0.765628855882119,16,2.1503462074178,"robuust","1984-2025","post",0.765628855882119,0.71215657658067,0.0622432173337092,2.03838244982858,1.80427684317507,2.30286334798678
300,2018,"Vogels van pionierbegroeiingen",0.651374518089285,17,1.91817558487912,"robuust","1984-2025","post",0.651374518089285,0.613546937180903,0.0621867862908693,1.84697088405463,1.63502948209789,2.08638528166999
300,2019,"Vogels van pionierbegroeiingen",1.15873444786141,17,3.18589880269334,"robuust","1984-2025","post",1.15873444786141,0.516547649232038,0.0629172139259482,1.67623071253862,1.48175902129393,1.89622560840166
300,2020,"Vogels van pionierbegroeiingen",0.922101273545324,18,2.51456863903069,"robuust","1984-2025","post",0.922101273545324,0.420845228984073,0.0652972070369565,1.52324850544512,1.34025876454814,1.7312224107134
300,2021,"Vogels van pionierbegroeiingen",0.28959988784282,17,1.33589287410022,"robuust","1984-2025","post",0.28959988784282,0.32613560935394,0.0700859866431869,1.3856032568953,1.20775960295615,1.58963454384436
300,2022,"Vogels van pionierbegroeiingen",0.233990107705637,17,1.26363199192632,"robuust","1984-2025","post",0.233990107705637,0.232134968192778,0.0776207364431292,1.26128995136606,1.08328525291525,1.46854426120528
300,2023,"Vogels van pionierbegroeiingen",-0.404567675173182,16,0.667265223832272,"robuust","1984-2025","post",-0.404567675173182,0.138591117240547,0.0877248465749708,1.14865433901577,0.967200384592801,1.36415039898401
300,2024,"Vogels van pionierbegroeiingen",-0.371555910527312,16,0.689660445472001,"robuust","1984-2025","post",-0.371555910527312,0.045295523541844,0.0998843918955454,1.04633703144823,0.860296755626764,1.27260875531521
300,2025,"Vogels van pionierbegroeiingen",0.492354642830257,18,1.63616427025352,"robuust","1984-2025","post",0.492354642830257,-0.0479039266896737,0.113502711319638,0.953225362194505,0.763097675456246,1.19072383569716
400,1958,"Vogels van open heide",4.60517018598809,8,100,"robuust","1958-1983","pre",4.60517018598809,4.52679551840696,0.14170450690346,92.4617937272416,70.0391719540901,122.062883679762
400,1959,"Vogels van open heide",4.48202537781764,8,88.4135623228442,"robuust","1958-1983","pre",4.48202537781764,4.5183853279188,0.133462497676808,91.6874332529548,70.5836712594881,119.100994132336
400,1960,"Vogels van open heide",4.37305693700208,8,79.2856328046968,"robuust","1958-1983","pre",4.37305693700208,4.50997513775905,0.125432513825178,90.9195580184711,71.1028493080045,116.259279490555
400,1961,"Vogels van open heide",4.65823814214489,7,105.450130254041,"robuust","1958-1983","pre",4.65823814214489,4.50156494827942,0.117657973601267,90.1581137416102,71.5899943166736,113.54220028974
400,1962,"Vogels van open heide",4.61968146518996,7,101.461707895771,"robuust","1958-1983","pre",4.61968146518996,4.49315475968304,0.110192952196744,89.4030465807286,72.036762095906,110.955913416466
400,1963,"Vogels van open heide",4.43502461822469,7,84.3542015134156,"robuust","1958-1983","pre",4.43502461822469,4.48474457182677,0.103104689545395,88.6543031139599,72.432810491394,108.508635897205
400,1964,"Vogels van open heide",4.47937982755987,7,88.1799689280254,"robuust","1958-1983","pre",4.47937982755987,4.47633438406136,0.0964762472241669,87.9118303226837,72.7654270689853,106.211015615387
400,1965,"Vogels van open heide",4.04542615840376,8,57.135529632768,"robuust","1958-1983","pre",4.04542615840376,4.46792419512013,0.0904087975107959,87.1755755799297,73.0192388268005,104.076420129742
400,1966,"Vogels van open heide",4.21145758554816,8,67.4547893152527,"robuust","1958-1983","pre",4.21145758554816,4.45951400306478,0.0850225048055389,86.4454866441922,73.176175278087,102.120972198297
400,1967,"Vogels van open heide",4.3598928759556,7,78.2487516513481,"robuust","1958-1983","pre",4.3598928759556,4.45110380529345,0.0804542720266319,85.7215116587902,73.2159601561543,100.363056707799
400,1968,"Vogels van open heide",4.49474161465517,8,89.5450288725785,"robuust","1958-1983","pre",4.49474161465517,4.44269359861177,0.076850106130611,85.0035991565214,73.1174747310627,98.8219559843863
400,1969,"Vogels van open heide",4.26745146681903,8,71.3395924277746,"robuust","1958-1983","pre",4.26745146681903,4.43428337936298,0.0743503294268804,84.2916980689581,72.8612344122909,97.515371797624
400,1970,"Vogels van open heide",4.55738033132456,7,95.3334104745067,"robuust","1958-1983","pre",4.55738033132456,4.42587314360823,0.0730683732527867,83.5857577393764,72.4327925074136,96.4560201948672
400,1971,"Vogels van open heide",4.65784698857125,7,105.408891124693,"robuust","1958-1983","pre",4.65784698857125,4.41746288734435,0.0730683640423743,82.8857279380171,71.8261699637894,95.6482003603765
400,1972,"Vogels van open heide",4.42172825782793,8,83.2400213346222,"robuust","1958-1983","pre",4.42172825782793,4.40905260674279,0.0743503053297231,82.1915588781896,71.0458901430521,95.085758475609
400,1973,"Vogels van open heide",4.63950249714831,7,103.492846787041,"robuust","1958-1983","pre",4.63950249714831,4.40064229839153,0.0768500761475399,81.5032012316631,70.1065444981133,94.7525207320373
400,1974,"Vogels van open heide",4.60725212828075,7,100.208411103932,"robuust","1958-1983","pre",4.60725212828075,4.39223195952127,0.0804542467005102,80.8206061418425,69.030030599134,94.6250540589616
400,1975,"Vogels van open heide",4.19942222599491,9,66.6478125409203,"robuust","1958-1983","pre",4.19942222599491,4.38382158819811,0.0850224919543299,80.1437252334069,67.8417307889912,94.6764862804781
400,1976,"Vogels van open heide",4.72053890941056,8,112.228717485804,"robuust","1958-1983","pre",4.72053890941056,4.37541118346728,0.0904087994295223,79.4725106173694,66.5670650581595,94.8799520950745
400,1977,"Vogels van open heide",4.73345942238698,7,113.688178273999,"robuust","1958-1983","pre",4.73345942238698,4.36700074543623,0.096476260225039,78.8069148908862,65.2292035196323,95.2108794759418
400,1978,"Vogels van open heide",4.34011961247284,7,76.716715065516,"robuust","1958-1983","pre",4.34011961247284,4.35859027528996,0.103104705756182,78.1468911315543,63.8479868111838,95.648068146407
400,1979,"Vogels van open heide",4.38234083593986,7,80.0251400505894,"robuust","1958-1983","pre",4.38234083593986,4.3501797752368,0.110192962936912,77.4923928863733,62.439717286882,96.1738972594234
400,1980,"Vogels van open heide",4.30503510981996,8,74.0718160553205,"robuust","1958-1983","pre",4.30503510981996,4.34176924838811,0.117657973395211,76.8433741559589,61.0174336287378,96.7740496527801
400,1981,"Vogels van open heide",4.2120210276934,8,67.4928068957987,"robuust","1958-1983","pre",4.2120210276934,4.33335869858055,0.125432504083384,76.199789374953,59.5913834466673,97.4370381245433
400,1982,"Vogels van open heide",4.17594584808926,8,65.1013865715118,"robuust","1958-1983","pre",4.17594584808926,4.32494813015392,0.133462489196414,75.5615933898573,58.1695284413543,98.1536991720745
400,1983,"Vogels van open heide",3.97921426717891,7,53.4750006529535,"robuust","1958-1983","pre",3.97921426717891,4.31653754770091,0.141704520554404,74.928741435689,56.7580040766429,98.9167322648462
400,1984,"Vogels van open heide",4.94423992581331,7,140.364123149355,"robuust","1984-2025","post",4.94423992581331,4.28300402773725,0.112706829232796,72.4577785749594,58.0961061861643,90.3697342330349
400,1985,"Vogels van open heide",4.04157290989748,8,56.915795854856,"robuust","1984-2025","post",4.04157290989748,4.15382110934117,0.108659543268423,63.6768522356263,51.4622435855954,78.7906089615716
400,1986,"Vogels van open heide",3.80400253225146,8,44.8804609665089,"robuust","1984-2025","post",3.80400253225146,4.02463819534184,0.104669812252454,55.960058508704,45.580744760927,68.7028736525165
400,1987,"Vogels van open heide",3.71579271956495,8,41.0911479337897,"robuust","1984-2025","post",3.71579271956495,3.89545528592037,0.100744468542675,49.1784385171171,40.3663342762183,59.9142542503973
400,1988,"Vogels van open heide",3.75479022975818,8,42.725256383092,"robuust","1984-2025","post",3.75479022975818,3.76627238104345,0.096891332089683,43.2186614958015,35.7433904720899,52.2572894406081
400,1989,"Vogels van open heide",3.53219074426556,8,34.198806447565,"robuust","1984-2025","post",3.53219074426556,3.63708948047793,0.0931193608647936,37.9811308748979,31.6448536408104,45.5861265439931
400,1990,"Vogels van open heide",3.53621809392554,8,34.3368147163244,"robuust","1984-2025","post",3.53621809392554,3.50790658382391,0.0894388185493875,33.3783198796859,28.0112579628121,39.7737309573793
400,1991,"Vogels van open heide",3.07820918734145,8,21.7194720426453,"robuust","1984-2025","post",3.07820918734145,3.37872369056372,0.0858614572565417,29.3333088327831,24.7898732811271,34.7094556443135
400,1992,"Vogels van open heide",3.09880388149839,8,22.1714157741853,"robuust","1984-2025","post",3.09880388149839,3.249540800123,0.082400709960413,25.7784997149931,21.9339443812058,30.2969240737797
400,1993,"Vogels van open heide",2.97534637674735,8,19.5964098148653,"robuust","1984-2025","post",2.97534637674735,3.12035791193908,0.0790718825359951,22.6544865035112,19.4020168531557,26.4521860083991
400,1994,"Vogels van open heide",3.00821618915472,8,20.2512432991102,"robuust","1984-2025","post",3.00821618915472,2.9911750255309,0.0758923283608635,19.9090624095019,17.1573398550952,23.1021107801705
400,1995,"Vogels van open heide",2.90259300215749,8,18.2213321188291,"robuust","1984-2025","post",2.90259300215749,2.86199214056482,0.0728815789397382,17.4963474248518,15.1673371778921,20.182987271973
400,1996,"Vogels van open heide",2.92484280841826,9,18.6312971366381,"robuust","1984-2025","post",2.92484280841826,2.73280925691066,0.0700613920840912,15.3760215984168,13.403138935273,17.639303847906
400,1997,"Vogels van open heide",2.88478109772742,9,17.8996488928082,"robuust","1984-2025","post",2.88478109772742,2.60362637468327,0.0674556659278012,13.512651228935,11.8391669670121,15.4226850371822
400,1998,"Vogels van open heide",2.84320442938465,9,17.1706997685996,"robuust","1984-2025","post",2.84320442938465,2.4744434942658,0.0650901553792744,11.8750967144918,10.4527676446419,13.4909649551831
400,1999,"Vogels van open heide",2.53044327076904,9,12.5590719724827,"robuust","1984-2025","post",2.53044327076904,2.34526061631255,0.0629919229264047,10.4359921629642,9.22388621722001,11.8073803016052
400,2000,"Vogels van open heide",2.51016533997207,9,12.3069647255041,"robuust","1984-2025","post",2.51016533997207,2.21607774173074,0.0611884660936514,9.1712880670458,8.13477716519614,10.3398683332844
400,2001,"Vogels van open heide",2.11081157594408,9,8.25493807594403,"robuust","1984-2025","post",2.11081157594408,2.08689487164216,0.0597064983757045,8.05984940130334,7.16974532765913,9.06045743648458
400,2002,"Vogels van open heide",2.09114299813775,9,8.09416149054188,"robuust","1984-2025","post",2.09114299813775,1.95771200732749,0.0585704246997033,7.08310242485873,6.31491297430213,7.94473972407893
400,2003,"Vogels van open heide",1.63460465906779,8,5.127430513121,"robuust","1984-2025","post",1.63460465906779,1.8285291501572,0.0578006412874192,6.224724287201,5.55800868112225,6.97141632456867
400,2004,"Vogels van open heide",1.33145757740993,8,3.78655856942227,"robuust","1984-2025","post",1.33145757740993,1.69934630151406,0.057411881165709,5.47037024991859,4.88817495716423,6.12190662843106
400,2005,"Vogels van open heide",1.32414476539405,8,3.75896917937869,"robuust","1984-2025","post",1.32414476539405,1.57016346271306,0.0574118831578085,4.80743396575011,4.29579300015308,5.38001280187947
400,2006,"Vogels van open heide",1.02718043833756,9,2.79317918053632,"robuust","1984-2025","post",1.02718043833756,1.44098063492436,0.0578006463995494,4.22483680878854,3.77232441805854,4.73163070902603
400,2007,"Vogels van open heide",0.846442535108228,8,2.33133842761732,"robuust","1984-2025","post",0.846442535108228,1.31179781910504,0.0585704307393699,3.71284273516876,3.31017075229957,4.16449851311111
400,2008,"Vogels van open heide",1.23131491654008,9,3.42573112655351,"robuust","1984-2025","post",1.23131491654008,1.18261501594415,0.0597065028288107,3.26289558023127,2.90255176889952,3.66797508370687
400,2009,"Vogels van open heide",1.5613232211527,9,4.7651223860534,"robuust","1984-2025","post",1.5613232211527,1.05343222582493,0.0611884672585272,2.86747607311649,2.5434026995502,3.23284198422441
400,2010,"Vogels van open heide",0.561178974492209,8,1.75273771569708,"robuust","1984-2025","post",0.561178974492209,0.924249448806321,0.0629919206519953,2.51997617926572,2.22728929729931,2.85112488609658
400,2011,"Vogels van open heide",1.34666116852009,9,3.84456771389014,"robuust","1984-2025","post",1.34666116852009,0.795066684624427,0.0650901510890171,2.214588670894,1.9493383133222,2.51593217438673
400,2012,"Vogels van open heide",1.18438177010229,9,3.26866540999976,"robuust","1984-2025","post",1.18438177010229,0.665883932713286,0.0674556619463944,1.94621007999443,1.70518026990901,2.22130981827161
400,2013,"Vogels van open heide",0.56615567257479,9,1.76148230366467,"robuust","1984-2025","post",0.56615567257479,0.536701192242448,0.0700613905876876,1.71035541208457,1.49090134514778,1.96211214455442
400,2014,"Vogels van open heide",0.270520802288529,9,1.31064686090204,"robuust","1984-2025","post",0.270520802288529,0.407518462168031,0.0728815809950211,1.50308319545245,1.30300164865447,1.73388813036771
400,2015,"Vogels van open heide",-0.989575813439067,7,0.371734342295145,"robuust","1984-2025","post",-0.989575813439067,0.278335741292853,0.0758923334619031,1.32092961338454,1.13835787988135,1.53278250570733
400,2016,"Vogels van open heide",-0.481320823398388,7,0.617966627742995,"robuust","1984-2025","post",-0.481320823398388,0.149153028330899,0.0790718888300847,1.16085061865017,0.994189075338557,1.3554505800233
400,2017,"Vogels van open heide",0.0316011681402735,7,1.03210578653702,"robuust","1984-2025","post",0.0316011681402735,0.0199703219712946,0.082400715069462,1.02017106291139,0.868024725121163,1.19898542919555
400,2018,"Vogels van open heide",0.418451649748564,8,1.51960684948666,"robuust","1984-2025","post",0.418451649748563,-0.109212379062598,0.0858614593567869,0.896539990954785,0.757674928608932,1.06085594894492
400,2019,"Vogels van open heide",0.0279849962563214,7,1.02838025475193,"robuust","1984-2025","post",0.0279849962563213,-0.238395075962586,0.0894388172538268,0.787891352662088,0.661202482979388,0.938854283792892
400,2020,"Vogels van open heide",0.86205644992897,9,2.36802541566067,"robuust","1984-2025","post",0.86205644992897,-0.367577769796097,0.0931193574974032,0.692409476170917,0.576896900456325,0.831051236905683
400,2021,"Vogels van open heide",-0.44069285225636,7,0.643590353542911,"robuust","1984-2025","post",-0.440692852256361,-0.496760461478996,0.0968913291311307,0.608498725239813,0.503250376373883,0.735758413707355
400,2022,"Vogels van open heide",-0.624061770621203,8,0.535763862178717,"robuust","1984-2025","post",-0.624061770621203,-0.625943151760772,0.100744468301526,0.534756833752335,0.43893571591193,0.651496018387804
400,2023,"Vogels van open heide",-1.81558474969066,7,0.162742716807974,"robuust","1984-2025","post",-1.81558474969066,-0.755125841220926,0.104669815087966,0.469951471742323,0.382786196714378,0.576965386130602
400,2024,"Vogels van open heide",-0.939776801139546,7,0.390715032777055,"robuust","1984-2025","post",-0.939776801139546,-0.88430853027439,0.108659545879711,0.41299965132354,0.333777311569222,0.511025483402253
400,2025,"Vogels van open heide",-0.562085278373499,9,0.570019174997144,"robuust","1984-2025","post",-0.562085278373499,-1.01349121918325,0.112706823583697,0.362949628364085,0.291010306937901,0.45267273903717
500,1958,"Weidevogels",4.60517018598809,11,100,"robuust","1958-1983","pre",4.60517018598809,4.9225291211898,0.106307100949204,137.349547933618,111.515902419769,169.167786012777
500,1959,"Weidevogels",4.89799255895668,11,134.020471270318,"robuust","1958-1983","pre",4.89799255895668,4.88347989059277,0.0992187188569015,132.089522119982,108.745599157556,160.444578806413
500,1960,"Weidevogels",4.73390580761773,11,113.738938326117,"robuust","1958-1983","pre",4.73390580761773,4.84442105089795,0.0924766930100505,127.029716960019,105.971133610761,152.273061928479
500,1961,"Weidevogels",4.87930852025138,10,131.539675409425,"robuust","1958-1983","pre",4.87930852025138,4.80533791778125,0.0861571831194265,122.160764341737,103.179463780161,144.633939718407
500,1962,"Weidevogels",4.85366732367141,10,128.209715259599,"robuust","1958-1983","pre",4.85366732367141,4.76621123059901,0.0803317272150517,117.473318429085,100.359731412841,137.505156186334
500,1963,"Weidevogels",4.66840348768694,10,106.527534078901,"robuust","1958-1983","pre",4.66840348768694,4.72701892645923,0.0750579007742652,112.958322863058,97.5051737737089,130.860570882601
500,1964,"Weidevogels",4.9442066353858,10,140.359450445467,"robuust","1958-1983","pre",4.9442066353858,4.68773775075571,0.070374683730414,108.607205116591,94.6138026347016,124.670234942138
500,1965,"Weidevogels",4.61586021783919,11,101.074737439063,"robuust","1958-1983","pre",4.61586021783919,4.64834468581125,0.0663037074914543,104.412007772363,91.6878083661927,118.902039009538
500,1966,"Weidevogels",4.74770634346995,11,115.319477682278,"robuust","1958-1983","pre",4.74770634346995,4.60881818033699,0.0628558496983038,100.365465637884,88.7320110067018,113.524156371801
500,1967,"Weidevogels",4.55601372221606,10,95.2032159501817,"robuust","1958-1983","pre",4.55601372221606,4.56913916548377,0.060040630912585,96.4610370318848,85.7520102478692,108.507446511994
500,1968,"Weidevogels",4.66848250111594,11,106.535951517192,"robuust","1958-1983","pre",4.66848250111594,4.52929184792841,0.0578744712187069,92.6928971676867,82.7528027967983,103.826974977961
500,1969,"Weidevogels",4.15283082567102,11,63.6138253011135,"robuust","1958-1983","pre",4.15283082567102,4.48926427625843,0.056383949547794,89.0559012293768,79.738436568421,99.4621149484317
500,1970,"Weidevogels",4.43173160932306,11,84.0768792399041,"robuust","1958-1983","pre",4.43173160932306,4.44904868343129,0.0556021006293314,85.545524405689,76.712799062928,95.3952513170755
500,1971,"Weidevogels",4.60454932850438,11,99.9379335208415,"robuust","1958-1983","pre",4.60454932850438,4.40864161482736,0.0555589845651095,82.1577857526897,73.6810767034837,91.6097057993414
500,1972,"Weidevogels",4.18641162022339,12,65.7863006747744,"robuust","1958-1983","pre",4.18641162022339,4.36804385794986,0.0562708495474122,78.8891622591415,70.6510515416823,88.0878597861696
500,1973,"Weidevogels",4.45727847918801,11,86.2524515424421,"robuust","1958-1983","pre",4.45727847918801,4.3272601957506,0.0577332411262521,75.7364988689199,67.633474347593,84.8103297406019
500,1974,"Weidevogels",4.33996552374576,11,76.7048947952548,"robuust","1958-1983","pre",4.33996552374576,4.2862990105379,0.0599213207618748,72.6969194753533,64.6412803779994,81.7564576428888
500,1975,"Weidevogels",4.09685032659955,13,60.1505343857326,"robuust","1958-1983","pre",4.09685032659955,4.24517176918492,0.0627966470301984,69.7677430630851,61.6880566589161,78.9056785988593
500,1976,"Weidevogels",4.69230841345906,12,109.104748202967,"robuust","1958-1983","pre",4.69230841345906,4.2038924227201,0.0663165445802187,66.9464082678741,58.7864858110135,76.2389776857392
500,1977,"Weidevogels",4.31113047786119,11,74.5246898497332,"robuust","1958-1983","pre",4.31113047786119,4.16247675425296,0.0704417870987838,64.2304086957148,55.9473377822586,73.7397982594767
500,1978,"Weidevogels",4.04438358714618,11,57.0759928128678,"robuust","1958-1983","pre",4.04438358714618,4.12094170856402,0.0751401755221953,61.6172404344643,53.1791799029534,71.3941870801157
500,1979,"Weidevogels",4.02374387273796,11,55.9100345355842,"robuust","1958-1983","pre",4.02374387273796,4.07930473464923,0.0803859876143589,59.104362346008,50.4886318432568,69.1903408904666
500,1980,"Weidevogels",3.9360194351356,12,51.2143330440534,"robuust","1958-1983","pre",3.9360194351356,4.03758316921433,0.086156893814945,56.6891689804715,47.8808511534364,67.1178937358095
500,1981,"Weidevogels",3.90092829844788,12,49.4483306149287,"robuust","1958-1983","pre",3.90092829844788,3.99579368478423,0.0924303982357603,54.3689753323229,45.359974817162,65.1672645454896
500,1982,"Weidevogels",4.03697362182212,12,56.6546247745878,"robuust","1958-1983","pre",4.03697362182212,3.95395182099283,0.0991814201766327,52.1410121769211,42.9293713037756,63.3292561308655
500,1983,"Weidevogels",3.64625235893716,11,38.3307466582206,"robuust","1958-1983","pre",3.64625235893716,3.91207161204727,0.106381746184485,50.0024303900222,40.5916909608344,61.5949467914855
500,1984,"Weidevogels",5.06754877524157,10,158.784633100418,"robuust","1984-2025","post",5.06754877524157,4.4474490459874,0.13018625324414,85.4087919720093,66.1737586689455,110.234961604822
500,1985,"Weidevogels",4.24519661882495,11,69.7694767879275,"robuust","1984-2025","post",4.24519661882495,4.32081200161377,0.114313351588318,75.2497063739282,60.1449710735479,94.1478266310584
500,1986,"Weidevogels",4.01347097661383,11,55.3386166420848,"robuust","1984-2025","post",4.01347097661383,4.19506496082984,0.101135125592028,66.3580421107678,54.4258984307621,80.9061472522352
500,1987,"Weidevogels",3.91424549334532,11,50.1112479737054,"robuust","1984-2025","post",3.91424549334532,4.07029722706353,0.090618603447918,58.5743698927651,49.0423771577254,69.9590233422038
500,1988,"Weidevogels",3.61431092195017,12,37.1257545668819,"robuust","1984-2025","post",3.61431092195017,3.94658365264155,0.0826189574358372,51.7582403166679,44.0202826079422,60.8563889636322
500,1989,"Weidevogels",3.81203963459486,11,45.242623242667,"robuust","1984-2025","post",3.81203963459486,3.82398753224449,0.0768880809177028,45.7864196172864,39.381134965078,53.2335145553638
500,1990,"Weidevogels",3.51979422514368,12,33.7774771931595,"robuust","1984-2025","post",3.51979422514368,3.7025653073608,0.0730973948860104,40.5511973293913,35.1383952148169,46.7978003774581
500,1991,"Weidevogels",3.52592484315936,11,33.9851900569117,"robuust","1984-2025","post",3.52592484315936,3.58237262502461,0.0708678378289741,35.9587563600516,31.2954169305136,41.316981391637
500,1992,"Weidevogels",3.67468685812301,11,39.4363057646706,"robuust","1984-2025","post",3.67468685812301,3.46347113836072,0.0697998168400005,31.9276095425606,27.8452806877216,36.6084386986159
500,1993,"Weidevogels",3.57607165908599,11,35.7328937844983,"robuust","1984-2025","post",3.57607165908599,3.34593533293038,0.0695007534957287,28.3871146564599,24.771996854029,32.5298070747954
500,1994,"Weidevogels",3.40499164884155,11,30.1140442357128,"robuust","1984-2025","post",3.40499164884155,3.22985862255178,0.069611941351588,25.2760832501961,22.0523509995207,28.9710781623569
500,1995,"Weidevogels",2.99028261340951,12,19.8913032463071,"robuust","1984-2025","post",2.99028261340951,3.11535798667692,0.0698356999508348,22.5414984653985,19.6579141857211,25.8480705666447
500,1996,"Weidevogels",3.08803413841977,13,21.9339165211481,"robuust","1984-2025","post",3.08803413841977,3.00257651801155,0.0699601566664947,20.137354396503,17.5570330099677,23.0969003623867
500,1997,"Weidevogels",2.80869210539633,13,16.5882083965553,"robuust","1984-2025","post",2.80869210539633,2.89168340722312,0.0698760822214549,18.0236251784729,15.7167384237509,20.6691144062798
500,1998,"Weidevogels",2.74822202476891,13,15.6148443822143,"robuust","1984-2025","post",2.74822202476891,2.782871099017,0.0695794931477176,16.1653667530876,14.1045197046261,18.5273293762794
500,1999,"Weidevogels",2.66431696280479,13,14.3581390528852,"robuust","1984-2025","post",2.66431696280479,2.67634959364653,0.0691550715699769,14.531948837097,12.689890506623,16.6413994583949
500,2000,"Weidevogels",2.99816832576522,12,20.0487804359456,"robuust","1984-2025","post",2.99816832576522,2.57233811988956,0.0687391205457252,13.096409646939,11.445646548777,14.9852561766172
500,2001,"Weidevogels",2.71731095722939,12,15.1395565440868,"robuust","1984-2025","post",2.71731095722939,2.47105464797588,0.0684675819591635,11.83492194855,10.3486718451385,13.5346235366491
500,2002,"Weidevogels",2.33902448927335,13,10.3711144930055,"robuust","1984-2025","post",2.33902448927335,2.37270392253152,0.0684235518958859,10.7263563447779,9.38013130025906,12.2657899716158
500,2003,"Weidevogels",2.19231259321309,12,8.95590053948454,"robuust","1984-2025","post",2.19231259321309,2.27746485717358,0.0686043246136964,9.75192651890428,8.52497747494361,11.1554630038172
500,2004,"Weidevogels",1.60059919264638,11,4.95600113432684,"robuust","1984-2025","post",1.60059919264638,2.18547822870947,0.068923171622615,8.89490133357517,7.77092194926094,10.1814521173465
500,2005,"Weidevogels",1.74226148651589,12,5.7102424680098,"robuust","1984-2025","post",1.74226148651589,2.09683563002754,0.0692456608648946,8.14036997151414,7.10724107983692,9.32367743386715
500,2006,"Weidevogels",1.24771528903446,12,3.48237763532769,"robuust","1984-2025","post",1.24771528903446,2.01157058300875,0.0694443958671124,7.47504831655282,6.52381656303318,8.56497830601479
500,2007,"Weidevogels",2.06301537849934,11,7.86966408464025,"robuust","1984-2025","post",2.06301537849934,1.92965257908627,0.0694498330217764,6.88711709737628,6.01063804234301,7.89140546790987
500,2008,"Weidevogels",2.24891642154507,12,9.47746069818476,"robuust","1984-2025","post",2.24891642154507,1.85098461487101,0.0692787352322887,6.36608457930858,5.55777747600418,7.29194953304388
500,2009,"Weidevogels",2.00272117223662,13,7.40919037523459,"robuust","1984-2025","post",2.00272117223662,1.77540453875928,0.0690299801122092,5.90266851158968,5.1557148432531,6.75783991492602
500,2010,"Weidevogels",1.61700004620646,11,5.03795399458475,"robuust","1984-2025","post",1.61700004620646,1.70269024141127,0.0688466788054349,5.48869345802907,4.79584899450145,6.28163145060467
500,2011,"Weidevogels",1.83270429986781,12,6.25076777290105,"robuust","1984-2025","post",1.83270429986781,1.63256843111951,0.0688550825241689,5.11700051833451,4.47100166375016,5.85633741023336
500,2012,"Weidevogels",1.70984941008311,13,5.52812893446248,"robuust","1984-2025","post",1.70984941008311,1.56472645808395,0.0691039659764955,4.78136685274542,4.1757028221507,5.47487930876216
500,2013,"Weidevogels",1.988380210226,12,7.30369372730258,"robuust","1984-2025","post",1.988380210226,1.49882641218861,0.0695350362918271,4.47643249979754,3.90609338811633,5.13004834605528
500,2014,"Weidevogels",1.61233932536888,12,5.01452813053509,"robuust","1984-2025","post",1.61233932536888,1.4345205368072,0.0700055874778884,4.19763191622384,3.65943800600197,4.81497805816131
500,2015,"Weidevogels",0.828339971781967,9,2.28951492453664,"robuust","1984-2025","post",0.828339971781967,1.37146689155364,0.070362008154963,3.9411276642237,3.43342173937986,4.52390892955518
500,2016,"Weidevogels",1.26696380171965,10,3.55005750419047,"robuust","1984-2025","post",1.26696380171965,1.3093441688112,0.0705430068067396,3.70374388476401,3.22547386865253,4.25293129708642
500,2017,"Weidevogels",0.874437951904793,9,2.39752738950653,"robuust","1984-2025","post",0.874437951904793,1.24786462449834,0.0706838420449472,3.4828977166396,3.03230875309161,4.00044239960906
500,2018,"Weidevogels",1.22508571582655,10,3.40445788620623,"robuust","1984-2025","post",1.22508571582655,1.18678421782147,0.071188272152926,3.2765276482854,2.84981820464375,3.76712921985166
500,2019,"Weidevogels",0.93451018907586,9,2.54596611026844,"robuust","1984-2025","post",0.93451018907586,1.12590925574402,0.0727210476283956,3.08301882744522,2.67346665360427,3.55531088355541
500,2020,"Weidevogels",1.56154608137431,12,4.76618446062707,"robuust","1984-2025","post",1.56154608137431,1.06509908746152,0.0760674471521647,2.90112643507201,2.4992904986203,3.36756955500765
500,2021,"Weidevogels",1.15852696653615,10,3.18523785675694,"robuust","1984-2025","post",1.15852696653615,1.00426466937646,0.0818679694699637,2.72989915615287,2.32519393674726,3.20504422662882
500,2022,"Weidevogels",0.839778347889796,10,2.31585360604964,"robuust","1984-2025","post",0.839778347889796,0.943363095798404,0.0903717598803129,2.56860537454834,2.15164883115062,3.06636170114729
500,2023,"Weidevogels",0.884442817641458,10,2.42163472336814,"robuust","1984-2025","post",0.884442817641458,0.882388437392776,0.101386386082366,2.41666487155356,1.98113739296796,2.94793744347617
500,2024,"Weidevogels",0.387737408850204,9,1.47364276792801,"robuust","1984-2025","post",0.387737408850204,0.82135942131808,0.114429715423517,2.27358850233697,1.81680084895228,2.84522361432178
500,2025,"Weidevogels",1.15068697183287,11,3.16036324465565,"robuust","1984-2025","post",1.15068697183287,0.760304599264964,0.128942314636728,2.13892763706734,1.66126217955162,2.75393703229029
600,1958,"Struweelvogels",4.60517018598809,13,100,"robuust","1958-1983","pre",4.60517018598809,5.14116390807988,0.0744505898269414,170.914581461101,147.708502223256,197.766504407925
600,1959,"Struweelvogels",5.51605097112318,16,248.651165167289,"robuust","1958-1983","pre",5.51605097112318,5.19378936859069,0.0657202658475125,180.149915581115,158.376901919099,204.916194789951
600,1960,"Struweelvogels",5.37296463936629,19,215.500803778245,"robuust","1958-1983","pre",5.37296463936629,5.24635701961194,0.0579119998756722,189.873302277494,169.499419130448,212.696132545533
600,1961,"Struweelvogels",5.441083355396,19,230.69196952267,"robuust","1958-1983","pre",5.441083355396,5.29877645383998,0.0513943639847662,200.091838537729,180.917929530838,221.297822461451
600,1962,"Struweelvogels",5.40115819413742,20,221.662996373564,"robuust","1958-1983","pre",5.40115819413742,5.35092553113126,0.0464862831983917,210.80331263505,192.445388247477,230.912452735761
600,1963,"Struweelvogels",5.35032567709167,20,210.676899334962,"robuust","1958-1983","pre",5.35032567709167,5.40265915681167,0.0433066867011468,221.995954073413,203.930255559764,241.66205004594
600,1964,"Struweelvogels",5.43662433825749,21,229.665600076919,"robuust","1958-1983","pre",5.43662433825749,5.4538175285997,0.041668487693548,233.648425076564,215.324736882724,253.53142110417
600,1965,"Struweelvogels",5.54028502974046,22,254.750600608892,"robuust","1958-1983","pre",5.54028502974046,5.50423388958649,0.0411253565963714,245.730127138492,226.700143533818,266.35755250191
600,1966,"Struweelvogels",5.65601085408531,22,286.00544642578,"robuust","1958-1983","pre",5.65601085408531,5.55374180032755,0.041154554924824,258.201890525376,238.192429112848,279.892255682455
600,1967,"Struweelvogels",5.47654330358635,23,239.019061405586,"robuust","1958-1983","pre",5.47654330358635,5.6021819118179,0.0413340472675869,271.017098183615,249.926576112041,293.887383448729
600,1968,"Struweelvogels",5.53567419396736,23,253.578691243412,"robuust","1958-1983","pre",5.53567419396736,5.64940818690544,0.041421070267372,284.123268187466,261.968138917542,308.152097652364
600,1969,"Struweelvogels",5.5555487220325,23,258.668862889821,"robuust","1958-1983","pre",5.5555487220325,5.69529348487825,0.04134297599329,297.464081986455,274.310657855915,322.571790551872
600,1970,"Struweelvogels",5.69818674059071,23,298.325967867805,"robuust","1958-1983","pre",5.69818674059071,5.73973439687248,0.0411437569577591,310.981802272027,286.88821159233,337.098833052726
600,1971,"Struweelvogels",5.77874922827988,23,323.354494721467,"robuust","1958-1983","pre",5.77874922827988,5.78265520232276,0.0409180891696838,324.619978849657,299.60224578219,351.72677158422
600,1972,"Struweelvogels",5.76622545974053,23,319.330130575859,"robuust","1958-1983","pre",5.76622545974053,5.82401081206625,0.0407539916607633,338.326299205571,312.352696988839,366.459729138269
600,1973,"Struweelvogels",6.01883321026399,23,411.098650097878,"robuust","1958-1983","pre",6.01883321026399,5.86378857395098,0.0407014750170907,352.05540858071,325.061268465406,381.291229484391
600,1974,"Struweelvogels",6.16141287862674,22,474.097444000409,"robuust","1958-1983","pre",6.16141287862674,5.90200884257521,0.0407781241408228,365.77150771072,337.674940843521,396.205876334103
600,1975,"Struweelvogels",6.17554843224395,23,480.84666343452,"robuust","1958-1983","pre",6.17554843224395,5.9387242553062,0.0410091856389468,379.450538613065,350.144613807346,411.20927061573
600,1976,"Struweelvogels",5.99486619998133,23,401.362978024116,"robuust","1958-1983","pre",5.99486619998133,5.9740177097446,0.0414852838296909,393.081790974978,362.384772007245,426.37910401215
600,1977,"Struweelvogels",5.9664382524228,23,390.113706759364,"robuust","1958-1983","pre",5.9664382524228,6.00799909974357,0.0424116923452522,406.668801950587,374.230599175972,441.918738991626
600,1978,"Struweelvogels",5.86374760326239,23,352.040984923673,"robuust","1958-1983","pre",5.86374760326239,6.04080093334455,0.0441191119249778,420.2294759349,385.417620116632,458.185623145828
600,1979,"Struweelvogels",5.88440934088507,23,359.390428060365,"robuust","1958-1983","pre",5.88440934088507,6.07257302126514,0.0470114764670165,433.795411666299,395.610652718298,475.665803965927
600,1980,"Struweelvogels",6.23824529014695,22,511.959382146238,"robuust","1958-1983","pre",6.23824529014695,6.10347648335272,0.0514578705259464,447.410484627191,404.486781408123,494.889205173709
600,1981,"Struweelvogels",6.22923078052876,22,507.365058271853,"robuust","1958-1983","pre",6.22923078052876,6.13367736743752,0.0576868951902364,461.128786553019,411.830168861029,516.328753612061
600,1982,"Struweelvogels",5.9786796357088,23,394.918587360082,"robuust","1958-1983","pre",5.9786796357088,6.1633402057421,0.065751408096386,475.012065964289,417.576368394335,540.347778010713
600,1983,"Struweelvogels",6.18976447148627,22,487.73121807636,"robuust","1958-1983","pre",6.18976447148627,6.19262184503546,0.0755706502016551,489.126841316917,421.788233038934,567.216077065338
600,1984,"Struweelvogels",6.34806440695662,22,571.385667844943,"robuust","1984-2025","post",6.34806440695662,5.95974632051666,0.063157750894546,387.511807972666,342.392290778137,438.577051419502
600,1985,"Struweelvogels",5.78883100467872,23,326.630971033269,"robuust","1984-2025","post",5.78883100467872,5.94486295175919,0.0575449999817007,381.78703447066,341.065571912136,427.370428720526
600,1986,"Struweelvogels",5.82350743203321,23,338.156035359205,"robuust","1984-2025","post",5.82350743203321,5.93019227352024,0.0525683241174022,376.22684533076,339.39287452453,417.058370320339
600,1987,"Struweelvogels",5.75730704092654,23,316.494872533374,"robuust","1984-2025","post",5.75730704092654,5.91573782036829,0.048237255812131,370.827806102209,337.374233362856,407.598589874164
600,1988,"Struweelvogels",5.84472933975416,23,345.409040632277,"robuust","1984-2025","post",5.84472933975416,5.90148704543574,0.0445525323439875,365.580698970357,335.011239511058,398.939592757286
600,1989,"Struweelvogels",5.86042938817609,23,350.874773157297,"robuust","1984-2025","post",5.86042938817609,5.88741027641958,0.0415058889549372,360.470555452432,332.306831728681,391.021215760851
600,1990,"Struweelvogels",5.86981791668591,23,354.184483311513,"robuust","1984-2025","post",5.86981791668591,5.87346063338256,0.0390771216858237,355.477029803635,329.267165650898,383.773214885296
600,1991,"Struweelvogels",5.66884512479862,23,289.699774040843,"robuust","1984-2025","post",5.66884512479862,5.85957493751811,0.0372288111956497,350.575096024398,325.905175897274,377.112445711065
600,1992,"Struweelvogels",5.74404638719285,23,312.325648035993,"robuust","1984-2025","post",5.74404638719285,5.84567557730096,0.0359015120770246,345.73603431798,322.243868224334,370.940822193422
600,1993,"Struweelvogels",5.79672379091224,23,329.219200198283,"robuust","1984-2025","post",5.79672379091224,5.83167323839863,0.0350134119607862,340.928657004378,318.316748325863,365.146822396605
600,1994,"Struweelvogels",5.84572518511846,23,345.7531859535,"robuust","1984-2025","post",5.84572518511846,5.81747035039263,0.0344669275655561,336.120709661867,314.164009365156,359.61194820468
600,1995,"Struweelvogels",5.89166368866957,23,362.007050686118,"robuust","1984-2025","post",5.89166368866957,5.80296506020173,0.0341611014383651,331.280371353301,309.825520330331,354.220931597147
600,1996,"Struweelvogels",5.78068513738437,23,323.981085947911,"robuust","1984-2025","post",5.78068513738437,5.78805551175647,0.0340056293068589,326.377769217844,305.333456171708,348.8725067184
600,1997,"Struweelvogels",5.78486645465507,23,325.338589757211,"robuust","1984-2025","post",5.78486645465507,5.77264419561049,0.0339318340204437,321.386418664455,300.707430670245,343.48745513785
600,1998,"Struweelvogels",5.77876115331872,23,323.358350759367,"robuust","1984-2025","post",5.77876115331872,5.75664213139767,0.0338975431594181,316.284502023217,295.953677399432,338.011972343434
600,1999,"Struweelvogels",5.82327041911155,23,338.075897506518,"robuust","1984-2025","post",5.82327041911155,5.73997265989861,0.0338851082456798,311.055906565116,291.068270951793,332.416091567297
600,2000,"Struweelvogels",5.88399773855081,23,359.24253256042,"robuust","1984-2025","post",5.88399773855081,5.72257464852488,0.0338937569161512,305.690957414049,286.04321047063,326.688269548397
600,2001,"Struweelvogels",5.71516349645968,23,303.433809607689,"robuust","1984-2025","post",5.71516349645968,5.70440495198811,0.0339289138598301,300.186801333339,280.873469324556,320.828150524301
600,2002,"Struweelvogels",5.79534325303469,23,328.76501420501,"robuust","1984-2025","post",5.79534325303469,5.68544001588829,0.0339919820129296,294.547422086293,275.562849420304,314.83991416184
600,2003,"Struweelvogels",5.77755264984373,23,322.96780710302,"robuust","1984-2025","post",5.77755264984373,5.66567656163813,0.0340739879105011,288.783294737265,270.126818084186,308.728292550796
600,2004,"Struweelvogels",5.71170417747388,23,302.385948756615,"robuust","1984-2025","post",5.71170417747388,5.64513134312147,0.0341551679160667,282.910712158672,264.591522967021,302.498243921833
600,2005,"Struweelvogels",5.67668143140834,23,291.97886847356,"robuust","1984-2025","post",5.67668143140834,5.6238400154737,0.0342103330712362,276.950839435224,258.989562757533,296.157754958193
600,2006,"Struweelvogels",5.64847060224241,23,283.857003411194,"robuust","1984-2025","post",5.64847060224241,5.60185520144111,0.0342176769625791,270.928568547915,253.354211389089,289.722001670991
600,2007,"Struweelvogels",5.74083729030812,23,311.324971264988,"robuust","1984-2025","post",5.74083729030812,5.57924387854156,0.0341675410754521,264.871255211298,247.714159317732,283.216680186706
600,2008,"Struweelvogels",5.43209390202537,23,228.627468092062,"robuust","1984-2025","post",5.43209390202537,5.55608423900518,0.0340678345335005,258.80742155315,242.090417720448,276.678780109075
600,2009,"Struweelvogels",5.54954633095899,22,257.120881658222,"robuust","1984-2025","post",5.54954633095899,5.5324621932656,0.0339440335544587,252.765502988946,236.496140249063,270.154089762181
600,2010,"Struweelvogels",5.34418851285221,23,209.387900048267,"robuust","1984-2025","post",5.34418851285221,5.50846769639678,0.0338335460592422,246.772706506715,230.939078458159,263.691918592645
600,2011,"Struweelvogels",5.55142814466949,22,257.605190805461,"robuust","1984-2025","post",5.55142814466949,5.48419107584377,0.0337763809038742,240.85403252932,225.425419265238,257.338614139955
600,2012,"Struweelvogels",5.48792206858649,22,241.754335644562,"robuust","1984-2025","post",5.48792206858649,5.45971952916765,0.0338059921186071,235.031495640918,219.963095513487,251.132144754799
600,2013,"Struweelvogels",5.12375149003878,23,167.964305579245,"robuust","1984-2025","post",5.12375149003878,5.4351339438512,0.0339449444461437,229.323562699857,214.562667684703,245.099937360187
600,2014,"Struweelvogels",5.20085432130035,23,181.427172783512,"robuust","1984-2025","post",5.20085432130035,5.41050616931389,0.0342087432626878,223.744811780711,209.234792921627,239.261071735509
600,2015,"Struweelvogels",5.42900983113,22,227.923450949249,"robuust","1984-2025","post",5.42900983113,5.3858968460909,0.034617819021777,218.305803044521,203.984889660298,233.632126979006
600,2016,"Struweelvogels",5.44759943623226,22,232.200085210095,"robuust","1984-2025","post",5.44759943623226,5.36135387052211,0.0352135613038626,213.013143530607,198.807156162237,228.234235591415
600,2017,"Struweelvogels",5.25427938736456,22,191.383522766655,"robuust","1984-2025","post",5.25427938736456,5.3369115469681,0.0360711659144046,207.869722007465,193.680919816793,223.097976653218
600,2018,"Struweelvogels",5.34347589452214,22,209.238739546165,"robuust","1984-2025","post",5.34347589452214,5.31259045493469,0.0373011761449996,202.875087053667,188.572047683632,218.263000548653
600,2019,"Struweelvogels",5.50474257809362,22,245.855159028469,"robuust","1984-2025","post",5.50474257809362,5.2883980366209,0.0390342141022431,198.025940872586,183.440612402778,213.770946056214
600,2020,"Struweelvogels",5.10411573756628,23,164.698369541099,"robuust","1984-2025","post",5.10411573756628,5.2643298920389,0.041390580063252,193.316722299176,178.253083006669,209.653345064996
600,2021,"Struweelvogels",5.31066190815478,22,202.484209991305,"robuust","1984-2025","post",5.31066190815478,5.24037175440935,0.0444460328141924,188.740254386995,172.994106958438,205.919636526265
600,2022,"Struweelvogels",5.20973230295438,22,183.045051015099,"robuust","1984-2025","post",5.20973230295438,5.21650210819179,0.0482097869578249,184.288434342915,167.672207189667,202.551320828892
600,2023,"Struweelvogels",5.31765957531973,22,203.90609624018,"robuust","1984-2025","post",5.31765957531973,5.19269540590579,0.0526246209500676,179.952946054081,162.316989531809,199.505072678772
600,2024,"Struweelvogels",5.12891129237427,23,168.83320794992,"robuust","1984-2025","post",5.12891129237427,5.16892583783533,0.0575867326872238,175.725977872519,156.970178550534,196.722839869307
600,2025,"Struweelvogels",5.05845258787796,23,157.346847424815,"robuust","1984-2025","post",5.05845258787796,5.14517161085926,0.062975310567221,171.60093072753,151.674989127806,194.144595598036
700,1958,"Bosrandvogels",4.60517018598809,10,100,"robuust","1958-1983","pre",4.60517018598809,5.03750801161071,0.0537490536483253,154.085556773661,138.678716611734,171.204056298862
700,1959,"Bosrandvogels",5.39756769639295,11,220.868542980096,"robuust","1958-1983","pre",5.39756769639295,5.06794283932278,0.050622675060903,158.847216751146,143.84299556825,175.416523897498
700,1960,"Bosrandvogels",5.35403188054888,12,211.459159499873,"robuust","1958-1983","pre",5.35403188054888,5.0983776679014,0.0475767511271828,163.756025027804,149.176062470496,179.760983691404
700,1961,"Bosrandvogels",5.2710862452787,14,194.627260606742,"robuust","1958-1983","pre",5.2710862452787,5.12881249855472,0.044627757207629,168.816529096337,154.677467551615,184.248041729959
700,1962,"Bosrandvogels",5.11897831662983,17,167.164493162403,"robuust","1958-1983","pre",5.11897831662983,5.15924733266809,0.0417962087565887,174.03341702941,160.344842804575,188.890579286336
700,1963,"Bosrandvogels",5.09981323211747,17,163.991276136135,"robuust","1958-1983","pre",5.09981323211747,5.1896821715384,0.039107610932717,179.411521781289,166.173305718685,193.704361892938
700,1964,"Bosrandvogels",5.04874593836652,18,155.826925334423,"robuust","1958-1983","pre",5.04874593836652,5.22011701614789,0.0365934654762267,184.955825622697,172.154757263986,198.708754700963
700,1965,"Bosrandvogels",5.1564645915427,18,173.549800284832,"robuust","1958-1983","pre",5.1564645915427,5.25055186698654,0.0342921388724107,190.67146471544,178.27713447836,203.92748381955
700,1966,"Bosrandvogels",5.35683585978761,18,212.052918648086,"robuust","1958-1983","pre",5.35683585978761,5.28098672393053,0.0322491973780924,196.563733833717,184.52377132839,209.389289957069
700,1967,"Bosrandvogels",5.35762538281737,18,212.220405419518,"robuust","1958-1983","pre",5.35762538281737,5.31142158618163,0.030516553603976,202.638091239121,190.873163329236,215.128178864025
700,1968,"Bosrandvogels",5.27385340371484,18,195.166570907225,"robuust","1958-1983","pre",5.27385340371484,5.34185645226859,0.0291495726813438,208.900163716262,197.299581090043,221.182823397709
700,1969,"Bosrandvogels",5.29098181410024,18,198.53825740989,"robuust","1958-1983","pre",5.29098181410024,5.37229132010808,0.028201465246378,215.355751775534,203.775000864954,227.594649127452
700,1970,"Bosrandvogels",5.350868134424,18,210.791213566251,"robuust","1958-1983","pre",5.350868134424,5.40272618711834,0.0277152463023144,222.010835029025,210.272499112797,234.404456494546
700,1971,"Bosrandvogels",5.36206588054133,18,213.164865030231,"robuust","1958-1983","pre",5.36206588054133,5.43316105037552,0.0277152354527896,228.871577744877,216.770499716386,241.648190911421
700,1972,"Bosrandvogels",5.52635221475066,18,251.225819702195,"robuust","1958-1983","pre",5.52635221475066,5.46359590679959,0.0282014368607912,235.944334584604,223.256445498213,249.353289211161
700,1973,"Bosrandvogels",5.53622008275526,19,253.717154797224,"robuust","1958-1983","pre",5.53622008275526,5.49403075335482,0.0291495373623124,243.235656527133,229.728381286912,257.53711524348
700,1974,"Bosrandvogels",5.67467614955536,18,291.393955201143,"robuust","1958-1983","pre",5.67467614955536,5.52446558724916,0.0305165237706605,250.752296982606,236.193929004717,266.20800418963
700,1975,"Bosrandvogels",5.62128384414121,19,276.243809668538,"robuust","1958-1983","pre",5.62128384414121,5.55490040611711,0.0322491822398981,258.50121809846,242.66745518861,275.368115211206
700,1976,"Bosrandvogels",5.55980508688066,19,259.772198378608,"robuust","1958-1983","pre",5.55980508688066,5.58533520817226,0.0342921411328885,266.489597259975,249.166814909683,285.01670847912
700,1977,"Bosrandvogels",5.65318424817465,19,285.198163213676,"robuust","1958-1983","pre",5.65318424817465,5.61576999231846,0.0365934807912564,274.724833787433,255.71071090166,295.152807770175
700,1978,"Bosrandvogels",5.59088823184005,19,267.973536662854,"robuust","1958-1983","pre",5.59088823184005,5.64620475821163,0.0391076300289234,283.214555832288,262.317028145956,305.776888378937
700,1979,"Bosrandvogels",5.66411402285263,18,288.332411991261,"robuust","1958-1983","pre",5.66411402285263,5.67663950626878,0.0417962214084214,291.966627475355,269.002026305663,316.891707954908
700,1980,"Bosrandvogels",5.89158246097713,18,361.977646882961,"robuust","1958-1983","pre",5.89158246097713,5.7070742376243,0.0446277569649514,300.989156030843,275.780106881153,328.502563410786
700,1981,"Bosrandvogels",5.79000859543971,18,327.015835208788,"robuust","1958-1983","pre",5.79000859543971,5.73750895403831,0.0475767396516443,310.290499561247,282.663895754682,340.617233272436
700,1982,"Bosrandvogels",5.5321631307451,19,252.689921602868,"robuust","1958-1983","pre",5.5321631307451,5.76794365776495,0.0506226650714846,319.879274609349,289.664464521152,353.245782128484
700,1983,"Bosrandvogels",5.7821634136615,18,324.460373674064,"robuust","1958-1983","pre",5.7821634136615,5.79837835139182,0.0537490697294562,329.764364155049,296.791589824844,366.400328023989
700,1984,"Bosrandvogels",5.63414185467595,18,279.818689150132,"robuust","1984-2025","post",5.63414185467595,5.38404915085358,0.0575479980287482,217.90281286812,194.660122191797,243.92071329872
700,1985,"Bosrandvogels",5.4328474426645,18,228.799813106823,"robuust","1984-2025","post",5.4328474426645,5.39407325289516,0.0525834697979619,220.098077294638,198.543784393025,243.992345451123
700,1986,"Bosrandvogels",5.39516095667558,19,220.337609051557,"robuust","1984-2025","post",5.39516095667558,5.40430216179805,0.0481619758430803,222.360994332277,202.330943134056,244.373950096596
700,1987,"Bosrandvogels",5.36948384574,19,214.751993936299,"robuust","1984-2025","post",5.36948384574,5.41475982232146,0.0442924928311242,224.698571615891,206.014496232099,245.077162091252
700,1988,"Bosrandvogels",5.33847155673575,19,208.194253874822,"robuust","1984-2025","post",5.33847155673575,5.42546380556284,0.0409772673625851,227.116659861143,209.588977234127,246.110162219367
700,1989,"Bosrandvogels",5.42497659383435,19,227.006032912285,"robuust","1984-2025","post",5.42497659383435,5.43642551507377,0.0382116425222,229.619941770237,213.050812954405,247.477664728981
700,1990,"Bosrandvogels",5.46381365181796,19,235.99571588188,"robuust","1984-2025","post",5.46381365181796,5.44765101595628,0.0359814870017937,232.212062335293,216.399730465407,249.17980155539
700,1991,"Bosrandvogels",5.38427676215732,19,217.95241565631,"robuust","1984-2025","post",5.38427676215732,5.4591424013143,0.0342585158791353,234.895891552581,219.641288803095,251.209962247792
700,1992,"Bosrandvogels",5.29701230376908,19,199.739157689027,"robuust","1984-2025","post",5.29701230376908,5.47089956017112,0.0329957954507997,237.673898599021,222.78959393109,253.552605750204
700,1993,"Bosrandvogels",5.48133714765358,19,240.167632350462,"robuust","1984-2025","post",5.48133714765358,5.48292217262778,0.0321268158996655,240.548605892261,225.868644995093,256.182666690931
700,1994,"Bosrandvogels",5.35739286148924,19,212.17106538552,"robuust","1984-2025","post",5.35739286148924,5.49521173511725,0.0315704083941536,243.523083090822,228.911103683251,259.06778240045
700,1995,"Bosrandvogels",5.5223231393269,19,250.215648321108,"robuust","1984-2025","post",5.5223231393269,5.50777341324696,0.0312408482834824,246.601435836801,231.954527572167,262.173231940264
700,1996,"Bosrandvogels",5.6548584379154,19,285.676038968334,"robuust","1984-2025","post",5.6548584379154,5.52061753251543,0.0310597870106507,249.789242550662,235.03638923725,265.468108561909
700,1997,"Bosrandvogels",5.64077602084072,19,281.681224182228,"robuust","1984-2025","post",5.64077602084072,5.53376054713852,0.0309659593101559,253.093895197206,238.18966471894,268.930727375095
700,1998,"Bosrandvogels",5.60589880434551,19,272.02631402223,"robuust","1984-2025","post",5.60589880434551,5.54722537180529,0.0309198583583134,256.524806594849,241.440351151426,272.551692725353
700,1999,"Bosrandvogels",5.64197774403567,19,282.019930517779,"robuust","1984-2025","post",5.64197774403567,5.56104101658295,0.0309025522023217,260.09345704008,244.807457609783,276.33392812277
700,2000,"Bosrandvogels",5.64881009927538,19,283.95338838192,"robuust","1984-2025","post",5.64881009927538,5.57524152660694,0.0309095958389906,263.813265865741,248.305220872363,280.289874704339
700,2001,"Bosrandvogels",5.5488621646044,19,256.945028365242,"robuust","1984-2025","post",5.5488621646044,5.58986429027884,0.0309422929878675,267.699287852701,251.946659390898,284.43682837508
700,2002,"Bosrandvogels",5.6454066390264,19,282.988607040768,"robuust","1984-2025","post",5.6454066390264,5.6049478370117,0.0309992777782467,271.767748846661,255.747147824027,288.791917882898
700,2003,"Bosrandvogels",5.58678570310963,19,266.876419545725,"robuust","1984-2025","post",5.58678570310963,5.62052929305986,0.0310712686512311,276.0354482228,259.726617454642,293.368347927868
700,2004,"Bosrandvogels",5.58271835392221,19,265.793144479937,"robuust","1984-2025","post",5.58271835392221,5.63664169743212,0.0311407141038628,280.519066925664,263.90940933204,298.174085979024
700,2005,"Bosrandvogels",5.58594825937787,19,266.653019116723,"robuust","1984-2025","post",5.58594825937787,5.65331139629623,0.0311862014152051,285.234427929853,268.321648414904,303.213249311387
700,2006,"Bosrandvogels",5.57674293816099,19,264.209655648863,"robuust","1984-2025","post",5.57674293816099,5.67055573209985,0.0311897187163739,290.195760687726,272.986920400344,308.489430180853
700,2007,"Bosrandvogels",5.76445111797147,19,318.764032161611,"robuust","1984-2025","post",5.76445111797147,5.68838122292418,0.0311439057161794,295.415022307026,277.921630068855,314.009511901033
700,2008,"Bosrandvogels",5.54693240188757,19,256.449663551232,"robuust","1984-2025","post",5.54693240188757,5.70678239003114,0.031056556161297,300.90132588722,283.131524327747,319.786389508072
700,2009,"Bosrandvogels",5.75542517024874,18,315.899830185063,"robuust","1984-2025","post",5.75542517024874,5.72574134030962,0.0309506356772932,306.660520801544,288.610519096724,325.83938836532
700,2010,"Bosrandvogels",5.52173792875911,19,250.069262316981,"robuust","1984-2025","post",5.52173792875911,5.74522814971265,0.0308596216758621,312.694960957919,294.342275107467,332.191964517414
700,2011,"Bosrandvogels",5.90894591943875,18,368.31771417827,"robuust","1984-2025","post",5.90894591943875,5.76520202897065,0.0308197631708929,319.003485472314,300.303999472008,338.86736081572
700,2012,"Bosrandvogels",5.92328240529454,18,373.636128470692,"robuust","1984-2025","post",5.92328240529454,5.78561318939782,0.0308624516776645,325.581622114401,306.470892688968,345.884047025065
700,2013,"Bosrandvogels",5.54322782553551,19,255.501383764089,"robuust","1984-2025","post",5.54322782553551,5.80640526990105,0.0310105236409088,332.422007908657,312.818967169784,353.253488245317
700,2014,"Bosrandvogels",5.56309397356289,19,260.627966192565,"robuust","1984-2025","post",5.56309397356289,5.82751814118345,0.0312812320172077,339.515004257253,319.324212386141,360.98245496152
700,2015,"Bosrandvogels",5.96551293876489,18,389.752896175584,"robuust","1984-2025","post",5.96551293876489,5.8488908734212,0.0316958475083466,346.849467096562,325.957502456073,369.080484169501
700,2016,"Bosrandvogels",6.04410997987841,18,421.62233807753,"robuust","1984-2025","post",6.04410997987841,5.87046464183727,0.0322924473306617,354.413617410498,332.67679899129,377.570701013278
700,2017,"Bosrandvogels",5.85697968558635,18,349.666444928475,"robuust","1984-2025","post",5.85697968558635,5.89218535146773,0.0331358873868306,362.195945562564,339.420249000784,386.499931480684
700,2018,"Bosrandvogels",5.97569417292902,18,393.741330818675,"robuust","1984-2025","post",5.97569417292902,5.91400578720404,0.034318404325711,370.186075953195,346.104833003337,395.942840903071
700,2019,"Bosrandvogels",6.12363266573787,18,456.52007078456,"robuust","1984-2025","post",6.12363266573787,5.93588713545571,0.0359467363704225,378.375517660425,352.634296321647,405.995769152888
700,2020,"Bosrandvogels",5.83563223010266,19,342.281066050796,"robuust","1984-2025","post",5.83563223010266,5.95779977561888,0.0381175776129804,386.758232512205,358.916339417844,416.759879638204
700,2021,"Bosrandvogels",6.20648085737301,18,495.952847842847,"robuust","1984-2025","post",6.20648085737301,5.97972329791323,0.0408905159703359,395.330964117123,364.883413179352,428.319198803794
700,2022,"Bosrandvogels",6.03553673445408,18,418.023116845655,"robuust","1984-2025","post",6.03553673445408,6.00164576325399,0.0442708131147772,404.093288427356,370.507975029005,440.72299857851
700,2023,"Bosrandvogels",6.16525006371453,18,475.920138414155,"robuust","1984-2025","post",6.16525006371453,6.02356227451821,0.0482095400876529,413.047366199078,375.805444993263,453.979922316064
700,2024,"Bosrandvogels",5.99735657054241,19,402.363766218386,"robuust","1984-2025","post",5.99735657054241,6.04547297081912,0.0526194025627641,422.197397315969,380.824615280624,468.064917938742
700,2025,"Bosrandvogels",5.87099451047455,19,354.6014598325,"robuust","1984-2025","post",5.87099451047455,6.06738058170461,0.0573987173086678,431.548792973144,385.630283530583,482.934999325093
800,1958,"Bosvogels",4.60517018598809,6,100,"robuust","1958-1983","pre",4.60517018598809,4.63575857641735,0.0872714783960748,103.106102194745,86.8955201154326,122.340809925196
800,1959,"Bosvogels",4.75063056313726,10,115.657190699813,"robuust","1958-1983","pre",4.75063056313726,4.58741581546719,0.0731536163629083,98.2402309692266,85.1176764091483,113.385883967219
800,1960,"Bosvogels",4.40853148976896,11,82.1487386199028,"robuust","1958-1983","pre",4.40853148976896,4.53998129582179,0.0610740404329917,93.6890477264407,83.1192377749877,105.602961466625
800,1961,"Bosvogels",4.59329274976911,12,98.8192822088631,"robuust","1958-1983","pre",4.59329274976911,4.49476493492095,0.052178396029967,89.5471171107996,80.84189055983,99.1897409539272
800,1962,"Bosvogels",4.47035273845879,13,87.3875425245752,"robuust","1958-1983","pre",4.47035273845879,4.45335068084227,0.0473415505725754,85.9143337698667,78.3010679193141,94.2678426139237
800,1963,"Bosvogels",4.29364491292008,15,73.2329102068285,"robuust","1958-1983","pre",4.29364491292008,4.41735756847849,0.0463046535460962,82.8769989668254,75.6865483276181,90.7505641295154
800,1964,"Bosvogels",4.41985862978212,16,83.0845388487009,"robuust","1958-1983","pre",4.41985862978212,4.38823313062907,0.0475572369366087,80.4980636927543,73.3337504947846,88.3622917764662
800,1965,"Bosvogels",4.35234122373511,17,77.660069849889,"robuust","1958-1983","pre",4.35234122373511,4.3670862124349,0.0493316851851082,78.8136505692114,71.5499716282575,86.8147306657016
800,1966,"Bosvogels",4.35934658019394,18,78.2060163640813,"robuust","1958-1983","pre",4.35934658019394,4.35456504233782,0.0504315624453939,77.8329639291917,70.5075065435316,85.9195080209318
800,1967,"Bosvogels",4.3996619063828,19,81.4233353008466,"robuust","1958-1983","pre",4.3996619063828,4.3507843462254,0.0503832161507439,77.5392567037744,70.2480986642453,85.5871752331706
800,1968,"Bosvogels",4.30740672639303,19,74.247694477529,"robuust","1958-1983","pre",4.30740672639303,4.35530262128803,0.0493042609831099,77.8903930616738,70.715604989826,85.7931333851262
800,1969,"Bosvogels",4.30203945569416,19,73.8502545404722,"robuust","1958-1983","pre",4.30203945569416,4.36714770348347,0.0477281517421589,78.8184970522326,71.7796152853091,86.5476284998181
800,1970,"Bosvogels",4.27680488024083,19,72.0099915013845,"robuust","1958-1983","pre",4.27680488024083,4.38488576404282,0.0463881173066014,80.2290576461987,73.2563588319488,87.8654330276359
800,1971,"Bosvogels",4.38292916466207,19,80.0722349912744,"robuust","1958-1983","pre",4.38292916466207,4.40672613856472,0.0459186664940864,82.0005650885858,74.9428297031987,89.7229621763321
800,1972,"Bosvogels",4.35365289592128,19,77.7620012391564,"robuust","1958-1983","pre",4.35365289592128,4.43065217536182,0.0465457826605787,83.9861727657293,76.6632490265644,92.008586974846
800,1973,"Bosvogels",4.56835604885791,24,96.385526360728,"robuust","1958-1983","pre",4.56835604885791,4.45456678465475,0.0479787382445406,86.0188780741906,78.298500937258,94.5004986886226
800,1974,"Bosvogels",4.40718085153945,24,82.0378602881292,"robuust","1958-1983","pre",4.40718085153945,4.47644070823427,0.0496019867025941,87.9211779722634,79.7758489806675,96.898166986649
800,1975,"Bosvogels",4.65115694097771,26,104.706054253734,"robuust","1958-1983","pre",4.65115694097771,4.49445176722377,0.0507920677154039,89.519078237009,81.0364711544688,98.8896141976417
800,1976,"Bosvogels",4.55682326535453,25,95.2803182650291,"robuust","1958-1983","pre",4.55682326535453,4.50710446312126,0.051165533044896,90.6589318146844,82.0082636456599,100.222118508597
800,1977,"Bosvogels",4.66844552180466,27,106.53201196392,"robuust","1958-1983","pre",4.66844552180466,4.51332120981867,0.050735243079366,91.2242909560921,82.5893000990059,100.762099333276
800,1978,"Bosvogels",4.50167468960545,27,90.1680083554787,"robuust","1958-1983","pre",4.50167468960545,4.51249900231933,0.0500417894148915,91.1493164864556,82.6336592971164,100.542538798569
800,1979,"Bosvogels",4.80921890208223,24,122.635789536768,"robuust","1958-1983","pre",4.80921890208223,4.5045282714127,0.0502815190113939,90.4256776090166,81.9391168580321,99.7912045502876
800,1980,"Bosvogels",4.36603673455881,24,78.7309807742537,"robuust","1958-1983","pre",4.36603673455881,4.48977379049069,0.053263359905172,89.1012880401505,80.268527294447,98.9060070990375
800,1981,"Bosvogels",4.05744741428868,24,57.8265153917044,"robuust","1958-1983","pre",4.05744741428868,4.46902053753017,0.060871226383184,87.2712022707778,77.4562246708872,98.3298989609762
800,1982,"Bosvogels",4.21539245410917,22,67.7207379383119,"robuust","1958-1983","pre",4.21539245410917,4.44339012867917,0.0742797878450324,85.0628273438825,73.5379606633107,98.3938707365482
800,1983,"Bosvogels",4.7359473605592,26,113.971379580047,"robuust","1958-1983","pre",4.7359473605592,4.41423561698477,0.0938332413842477,82.6186644598287,68.739394571676,99.3003176658519
800,1984,"Bosvogels",5.38084036409239,22,217.204729805781,"robuust","1984-2025","post",5.38084036409239,5.2217832248795,0.0920357934542842,185.264257518914,154.685352480006,221.888139786675
800,1985,"Bosvogels",5.13050784103518,25,169.102973671738,"robuust","1984-2025","post",5.13050784103518,5.09696701160161,0.0730610057904617,163.525184416132,141.707835313458,188.701534246006
800,1986,"Bosvogels",5.08057475444961,25,160.866488092988,"robuust","1984-2025","post",5.08057475444961,4.98166558166603,0.0603874449143916,145.716883013417,129.451486539361,164.026003584668
800,1987,"Bosvogels",5.12229174059823,25,167.719298646016,"robuust","1984-2025","post",5.12229174059823,4.87680390556503,0.0534440457490393,131.210631442743,118.161646887012,145.70065886155
800,1988,"Bosvogels",4.36359317133272,27,78.5388315049338,"robuust","1984-2025","post",4.36359317133272,4.78291810626251,0.0505389979698154,119.452416795462,108.187049649399,131.890830968382
800,1989,"Bosvogels",4.38670053332985,27,80.3747870685866,"robuust","1984-2025","post",4.38670053332985,4.7001344655155,0.0496139518627138,109.961957549366,99.7723528975848,121.192211639035
800,1990,"Bosvogels",4.53662742793946,27,93.3753533770933,"robuust","1984-2025","post",4.53662742793946,4.62817665348111,0.0492076270649552,102.327315753782,92.9191448176508,112.68807488406
800,1991,"Bosvogels",4.56198931618534,27,95.7738148490412,"robuust","1984-2025","post",4.56198931618534,4.56639986489378,0.0486990850626464,96.1971628366063,87.4397214430729,105.831697369224
800,1992,"Bosvogels",4.55531584119611,27,95.1367986111277,"robuust","1984-2025","post",4.55531584119611,4.51384845649668,0.0480534176201741,91.2724013423589,83.0683495907857,100.28670712539
800,1993,"Bosvogels",4.58149403043502,27,97.6601925663247,"robuust","1984-2025","post",4.58149403043502,4.46933191397008,0.0474832708194938,87.298380698189,79.5403709264543,95.8130718245277
800,1994,"Bosvogels",4.48244175180155,27,88.4503830950943,"robuust","1984-2025","post",4.48244175180155,4.43151267415769,0.0471783660364669,84.0584738693093,76.6341712180577,92.2020414252539
800,1995,"Bosvogels",4.33220162532185,27,76.1116716255252,"robuust","1984-2025","post",4.33220162532185,4.39899859028657,0.0471559756901488,81.3693438006285,74.1858089570522,89.2484722297483
800,1996,"Bosvogels",4.52218202981075,27,92.0362047760445,"robuust","1984-2025","post",4.52218202981075,4.37043270487186,0.0472567850779171,79.0778416649657,72.0823637451544,86.752219509585
800,1997,"Bosvogels",4.49478502479719,27,89.5489161193706,"robuust","1984-2025","post",4.49478502479719,4.34457348456985,0.0472508128972661,77.0591635468936,70.2430865513898,84.5366423669691
800,1998,"Bosvogels",4.26670844834006,27,71.2866054798969,"robuust","1984-2025","post",4.26670844834006,4.32035971852051,0.0469706629925205,75.2156798993422,68.6003213453334,82.4689796165971
800,1999,"Bosvogels",4.24436139889967,27,69.7112282592899,"robuust","1984-2025","post",4.24436139889967,4.29695578493972,0.0464021298967445,73.4757768284443,67.0881623473666,80.471570417896
800,2000,"Bosvogels",4.15282649893044,27,63.6135500611894,"robuust","1984-2025","post",4.15282649893044,4.27377481070069,0.0457018223548537,71.7921264593544,65.6409171720255,78.5197654695856
800,2001,"Bosvogels",4.22281723896916,27,68.2254211115674,"robuust","1984-2025","post",4.22281723896916,4.25047922139349,0.0451371858286113,70.1390164113341,64.2004575212288,76.6268935314472
800,2002,"Bosvogels",4.25054981113222,27,70.1439676809296,"robuust","1984-2025","post",4.25054981113222,4.22696013070699,0.0449632264902281,68.5086579496664,62.7295235472285,74.8202114197592
800,2003,"Bosvogels",4.28424547557062,27,72.5477869859956,"robuust","1984-2025","post",4.28424547557062,4.20329877894302,0.0452849053316791,66.9066777432644,61.2240670394172,73.1167291411558
800,2004,"Bosvogels",4.08709781282767,27,59.5667666988646,"robuust","1984-2025","post",4.08709781282767,4.17971465193397,0.0459851595145268,65.3472038551166,59.7150295090766,71.5105909984202
800,2005,"Bosvogels",4.19444614794039,27,66.3169916015924,"robuust","1984-2025","post",4.19444614794039,4.15650587714422,0.0467689637502034,63.8480394945023,58.255511628061,69.9774499161362
800,2006,"Bosvogels",4.26115998439229,27,70.8921695880021,"robuust","1984-2025","post",4.26115998439229,4.13398792927491,0.0472927122346249,62.426379177569,56.8999358260973,68.4895819413953
800,2007,"Bosvogels",4.13239163681104,27,62.3268079125145,"robuust","1984-2025","post",4.13239163681104,4.11243655756735,0.0473047985850777,61.0953988171733,55.6854644981161,67.0309171391709
800,2008,"Bosvogels",4.16580834189978,27,64.4447547900152,"robuust","1984-2025","post",4.16580834189978,4.09204019539571,0.04674599728401,59.8618971713168,54.6209790544406,65.6056847567248
800,2009,"Bosvogels",4.09657610970868,27,60.1340423545091,"robuust","1984-2025","post",4.09657610970868,4.07286600081744,0.0457912385675478,58.7250276167568,53.6840090022431,64.239406346213
800,2010,"Bosvogels",3.92862634905428,27,50.8370972578173,"robuust","1984-2025","post",3.92862634905428,4.05484221560317,0.0448199009890248,57.6760618955382,52.8255623865307,62.9719394454784
800,2011,"Bosvogels",4.07623104014423,27,58.9229725035327,"robuust","1984-2025","post",4.07623104014423,4.03775786038059,0.0442941099048053,56.6990729425572,51.9842820680508,61.8414787057568
800,2012,"Bosvogels",4.04300902126325,27,56.997591996301,"robuust","1984-2025","post",4.04300902126325,4.02127906170409,0.0445510310066904,55.7723965610388,51.1089199625984,60.8613960232007
800,2013,"Bosvogels",3.79268022225463,27,44.375176366971,"robuust","1984-2025","post",3.79268022225463,4.00497969181471,0.0456042114377573,54.8707100632079,50.1789410354578,60.0011630519089
800,2014,"Bosvogels",3.81429892534502,27,45.3449550379831,"robuust","1984-2025","post",3.81429892534502,3.98838263973102,0.0471024258795876,53.9675337946815,49.2082791627438,59.1870870803622
800,2015,"Bosvogels",3.90554107518801,27,49.6769516076487,"robuust","1984-2025","post",3.90554107518801,3.97100704345411,0.0484812677552708,53.0379154404223,48.2301217603048,58.3249714409929
800,2016,"Bosvogels",4.0910181464073,27,59.8007466346138,"robuust","1984-2025","post",4.0910181464073,3.95241628117904,0.0491931180057502,52.0610090165312,47.2757637500214,57.3306160456925
800,2017,"Bosvogels",3.97293384895422,27,53.1402077046085,"robuust","1984-2025","post",3.97293384895422,3.93226148403058,0.0489097183806338,51.0222332614648,46.3582113513346,56.1554945952933
800,2018,"Bosvogels",3.83596465548968,27,46.338106423425,"robuust","1984-2025","post",3.83596465548968,3.91031578584617,0.0476837903775131,49.9147118444207,45.4610336940448,54.8047031943739
800,2019,"Bosvogels",4.08937012942967,27,59.7022751525094,"robuust","1984-2025","post",4.08937012942967,3.88649541178261,0.0460930538447701,48.7397740216836,44.5295505571152,53.3480698090092
800,2020,"Bosvogels",3.95591418731154,27,52.2434324031746,"robuust","1984-2025","post",3.95591418731154,3.86086492969201,0.0453198013387064,47.5064233202088,43.4685687332749,51.9193597223565
800,2021,"Bosvogels",3.91026931121631,27,49.9123921305679,"robuust","1984-2025","post",3.91026931121631,3.83362541513523,0.0469213253741557,46.2298371382423,42.1679147300219,50.6830336646172
800,2022,"Bosvogels",3.82149180249754,27,45.6722915634695,"robuust","1984-2025","post",3.82149180249754,3.80508575869037,0.052057801076048,44.929103008835,40.5709571128851,49.7554024067478
800,2023,"Bosvogels",3.76269132342629,26,43.0641697658414,"robuust","1984-2025","post",3.76269132342629,3.77561870894502,0.0607851300690969,43.6244908303997,38.7247857625328,49.1441376043175
800,2024,"Bosvogels",3.78233932980357,27,43.9186618922772,"robuust","1984-2025","post",3.78233932980357,3.74560433524132,0.0722904977592941,42.3345837705528,36.7417958894377,48.7786984724166
800,2025,"Bosvogels",3.52591345790564,27,33.9848031291029,"robuust","1984-2025","post",3.52591345790564,3.71536426465257,0.085588649511839,41.073546000689,34.7302307765248,48.5754382666248
900,1958,"Vogels van bebouwing/overige",4.60517018598809,1,100,"robuust","1958-1983","pre",4.60517018598809,4.61166048109706,0.105514816882095,100.651140271442,81.8469827528476,123.775510070211
900,1959,"Vogels van bebouwing/overige",4.84623929259827,2,127.260897796204,"robuust","1958-1983","pre",4.84623929259827,4.59093650187421,0.0883735357465927,98.5867135854468,82.9074041022369,117.231267832166
900,1960,"Vogels van bebouwing/overige",4.47238512647092,5,87.5653285222802,"robuust","1958-1983","pre",4.47238512647092,4.57135270956865,0.0737190465195664,96.6747942830976,83.6685682581373,111.702829918693
900,1961,"Vogels van bebouwing/overige",4.5303405445595,6,92.7901548846788,"robuust","1958-1983","pre",4.5303405445595,4.55456462614734,0.0629549264506153,95.0653572535902,84.0299237313819,107.55004584608
900,1962,"Vogels van bebouwing/overige",4.46673353940546,6,87.0718412508771,"robuust","1958-1983","pre",4.46673353940546,4.54259453973762,0.0571484544768791,93.9342002425393,83.9804109745105,105.067763694126
900,1963,"Vogels van bebouwing/overige",4.43007188827572,6,83.9374508119901,"robuust","1958-1983","pre",4.43007188827572,4.53754193324168,0.055966073607456,93.4607846905947,83.7510266360611,104.296253142534
900,1964,"Vogels van bebouwing/overige",4.55261998491692,6,94.8806688748104,"robuust","1958-1983","pre",4.55261998491692,4.54133180238412,0.0575431956960526,93.8156608769149,83.8095647514149,105.016393437644
900,1965,"Vogels van bebouwing/overige",4.51205460024355,6,91.1088185403555,"robuust","1958-1983","pre",4.51205460024355,4.55550862551972,0.0597196728905835,95.1551412625294,84.6443250912819,106.971151331497
900,1966,"Vogels van bebouwing/overige",4.62206731777134,7,101.704069578122,"robuust","1958-1983","pre",4.62206731777134,4.58108249017234,0.0610464670015008,97.6200097340169,86.611397247654,110.027855493668
900,1967,"Vogels van bebouwing/overige",4.72791516595079,8,113.05960595308,"robuust","1958-1983","pre",4.72791516595079,4.61843167141067,0.0609592471712345,101.334980892212,89.9228020236617,114.195489034283
900,1968,"Vogels van bebouwing/overige",4.60602919127843,8,100.085937434105,"robuust","1958-1983","pre",4.60602919127843,4.66726308052667,0.0596135739332885,106.406118560993,94.6722073019037,119.594360265733
900,1969,"Vogels van bebouwing/overige",4.59991480940584,8,99.4758408749646,"robuust","1958-1983","pre",4.59991480940584,4.72662876953156,0.0576703232622572,112.914259987131,100.846033802531,126.426688563745
900,1970,"Vogels van bebouwing/overige",4.82195586782561,8,124.207787376243,"robuust","1958-1983","pre",4.82195586782561,4.79499340434846,0.05603113661121,120.903584342512,108.328944072881,134.937867547501
900,1971,"Vogels van bebouwing/overige",4.87724428847845,8,131.268427088063,"robuust","1958-1983","pre",4.87724428847845,4.87034460942853,0.0554712922317032,130.365834452218,116.935310087517,145.33891242691
900,1972,"Vogels van bebouwing/overige",5.0344040024997,8,153.608015331475,"robuust","1958-1983","pre",5.0344040024997,4.95033560601125,0.0562596910598004,141.222351039263,126.477776328227,157.685824435274
900,1973,"Vogels van bebouwing/overige",4.89924714847753,8,134.188717467044,"robuust","1958-1983","pre",4.89924714847753,5.0324478290629,0.0580310778960841,153.307825119989,136.825571841661,171.775560128627
900,1974,"Vogels van bebouwing/overige",5.04084235298818,9,154.600188122784,"robuust","1958-1983","pre",5.04084235298818,5.1141603595799,0.0600278177715901,166.361038872398,147.895484242799,187.13211830909
900,1975,"Vogels van bebouwing/overige",5.2959008648572,9,199.517283139788,"robuust","1958-1983","pre",5.2959008648572,5.19311311731345,0.0614890789468528,180.028130154025,159.587844937766,203.086442199864
900,1976,"Vogels van bebouwing/overige",5.34005482060933,9,208.524141396255,"robuust","1958-1983","pre",5.34005482060933,5.26725181087672,0.0619493944488545,193.882404107428,171.714119446363,218.912613264851
900,1977,"Vogels van bebouwing/overige",5.50808884274345,10,246.679233472731,"robuust","1958-1983","pre",5.50808884274345,5.33494454636908,0.0614229562242079,207.461244009695,183.930055496642,234.002907517397
900,1978,"Vogels van bebouwing/overige",5.25043166899427,10,190.648547765513,"robuust","1958-1983","pre",5.25043166899427,5.39506259190174,0.0605585092371023,220.315936658393,195.657936730735,248.081487297214
900,1979,"Vogels van bebouwing/overige",5.56700414731759,8,261.649061855444,"robuust","1958-1983","pre",5.56700414731759,5.44702086918315,0.0607964115915626,232.065780747805,205.996649164118,261.43399328395
900,1980,"Vogels van bebouwing/overige",5.50011137512553,9,244.719186376579,"robuust","1958-1983","pre",5.50011137512553,5.4907770444672,0.0643327613710104,242.44552463635,213.723865180481,275.02699507403
900,1981,"Vogels van bebouwing/overige",5.42152128411993,9,226.223010333345,"robuust","1958-1983","pre",5.42152128411993,5.52679135529332,0.0734901464118652,251.336167372284,217.620053491698,290.275955803856
900,1982,"Vogels van bebouwing/overige",5.64310973408775,8,282.33935503219,"robuust","1958-1983","pre",5.64310973408775,5.55595228011227,0.0897580588817281,258.773271865553,217.028023271807,308.548201391199
900,1983,"Vogels van bebouwing/overige",5.4801102179154,9,239.87314423524,"robuust","1958-1983","pre",5.4801102179154,5.57947560774543,0.1136135848364,264.932640728531,212.043826369792,331.013193475329
900,1984,"Vogels van bebouwing/overige",5.17859484065164,9,177.43331366326,"robuust","1984-2025","post",5.17859484065164,5.36134855767975,0.0547137657612074,213.012011828362,191.351026579444,237.125026158811
900,1985,"Vogels van bebouwing/overige",5.24608492412087,10,189.821645636158,"robuust","1984-2025","post",5.24608492412087,5.29262953166254,0.0527490740532459,198.865662044521,179.332450123236,220.526466421604
900,1986,"Vogels van bebouwing/overige",5.2129662211173,10,183.63796192616,"robuust","1984-2025","post",5.2129662211173,5.22391050445742,0.0508123107997633,185.658785877733,168.059549060301,205.101019051444
900,1987,"Vogels van bebouwing/overige",5.13785412360487,10,170.349826157555,"robuust","1984-2025","post",5.13785412360487,5.15519147595763,0.0489067929847958,173.328991916416,157.485621448441,190.766237339304
900,1988,"Vogels van bebouwing/overige",5.11307764018032,10,166.181014024062,"robuust","1984-2025","post",5.11307764018032,5.08647244610953,0.0470363170363779,161.818032237046,147.566845760801,177.445519161632
900,1989,"Vogels van bebouwing/overige",5.04350988356969,10,155.013139387702,"robuust","1984-2025","post",5.04350988356969,5.01775341491101,0.0452052318477867,151.071527228036,138.262100181511,165.067696129667
900,1990,"Vogels van bebouwing/overige",5.06935223521016,10,159.0712532061,"robuust","1984-2025","post",5.06935223521016,4.94903438240513,0.0434185202120766,141.038708688171,129.5327937652,153.566651117587
900,1991,"Vogels van bebouwing/overige",4.922763125079,10,137.381692022789,"robuust","1984-2025","post",4.922763125079,4.88031534866956,0.0416818875839812,131.672179986239,121.342709126636,142.880961757946
900,1992,"Vogels van bebouwing/overige",4.84251247132626,10,126.787501854158,"robuust","1984-2025","post",4.84251247132626,4.81159631380271,0.0400018555688599,122.927692149021,113.657856508405,132.953567499022
900,1993,"Vogels van bebouwing/overige",4.8309961653593,10,125.33575362327,"robuust","1984-2025","post",4.8309961653593,4.74287727790774,0.0383858552146057,114.763934820001,106.44633928445,123.731457783382
900,1994,"Vogels van bebouwing/overige",4.68997050218749,10,108.849968924084,"robuust","1984-2025","post",4.68997050218749,4.6741582410758,0.0368423118091145,107.142341101324,99.6782311832079,115.165378843583
900,1995,"Vogels van bebouwing/overige",4.66445865602624,10,106.108128675475,"robuust","1984-2025","post",4.66445865602624,4.60543920337002,0.0353807082876689,100.026905357035,93.3254657232928,107.209556553094
900,1996,"Vogels van bebouwing/overige",4.61602389872881,10,101.091282796046,"robuust","1984-2025","post",4.61602389872881,4.53672016481162,0.0340116085779802,93.3840131168346,87.3617384814882,99.8214327849372
900,1997,"Vogels van bebouwing/overige",4.68323303565356,10,108.119060900282,"robuust","1984-2025","post",4.68323303565356,4.46800112536934,0.0327466157917044,87.1822822766546,81.7624227451247,92.9614129299942
900,1998,"Vogels van bebouwing/overige",4.23878312178137,10,69.3234423041287,"robuust","1984-2025","post",4.23878312178137,4.39928208495321,0.0315982345084552,81.3924148457281,76.504498675307,86.5926227754934
900,1999,"Vogels van bebouwing/overige",4.19751766852979,10,66.5209987524184,"robuust","1984-2025","post",4.19751766852979,4.33056304341324,0.030579604121164,75.9870585396216,71.5664951300983,80.6806740361878
900,2000,"Vogels van bebouwing/overige",3.93335277996635,10,51.0779440101852,"robuust","1984-2025","post",3.93335277996635,4.26184400054322,0.0297040752372728,70.9406775652039,66.9284416177214,75.1934396165244
900,2001,"Vogels van bebouwing/overige",3.99546321052638,10,54.3510107541288,"robuust","1984-2025","post",3.99546321052638,4.19312495608942,0.0289846178692613,66.2294319869691,62.5718255098456,70.1008421214494
900,2002,"Vogels van bebouwing/overige",4.027743118633,10,56.1340802199696,"robuust","1984-2025","post",4.027743118633,4.12440590976356,0.0284330813096538,61.8310651046922,58.4795470715292,65.374661799355
900,2003,"Vogels van bebouwing/overige",4.22454361759967,10,68.3433057481126,"robuust","1984-2025","post",4.22454361759967,4.05568686125913,0.028059368701096,57.7247983102744,54.6358629984533,60.9883720525507
900,2004,"Vogels van bebouwing/overige",3.67035674352845,10,39.265911221712,"robuust","1984-2025","post",3.67035674352845,3.98696781026971,0.0278706336918765,53.8912329270006,51.0263092947105,56.9170105879733
900,2005,"Vogels van bebouwing/overige",3.86554963210459,10,47.7294988895028,"robuust","1984-2025","post",3.86554963210459,3.91824875650804,0.027870634075166,50.3122585674575,47.6375975388689,53.1370911409486
900,2006,"Vogels van bebouwing/overige",4.11196404422104,10,61.0665372451099,"robuust","1984-2025","post",4.11196404422104,3.84952969972423,0.0280593696846939,46.9709675771855,44.4574848180575,49.6265545423047
900,2007,"Vogels van bebouwing/overige",3.9193173228851,10,50.3660492896767,"robuust","1984-2025","post",3.9193173228851,3.78081063972192,0.0284330824717127,43.8515751599188,41.4746251506793,46.3647504231756
900,2008,"Vogels van bebouwing/overige",3.86446694545673,10,47.6778507627599,"robuust","1984-2025","post",3.86446694545673,3.71209157637107,0.028984618726057,40.9393448071294,38.6784162056726,43.3324349250688
900,2009,"Vogels van bebouwing/overige",3.8342199548624,10,46.2573307852246,"robuust","1984-2025","post",3.8342199548624,3.64337250961654,0.0297040754613974,38.2205186796641,36.0588570580827,40.5117679073831
900,2010,"Vogels van bebouwing/overige",3.69861807966517,10,40.3914480110845,"robuust","1984-2025","post",3.69861807966517,3.57465343948191,0.0305796036835559,35.6822526126623,33.606429951408,37.8862959664212
900,2011,"Vogels van bebouwing/overige",3.77913557509882,10,43.77818242365,"robuust","1984-2025","post",3.77913557509882,3.50593436606836,0.0315982336829915,33.3125554367864,31.3120130695056,35.4409135965046
900,2012,"Vogels van bebouwing/overige",3.50927586704742,10,33.4240555585291,"robuust","1984-2025","post",3.50927586704742,3.43721528954885,0.0327466150256667,31.1002323291775,29.1668247330181,33.1618014570465
900,2013,"Vogels van bebouwing/overige",3.49318946741609,10,32.8906843564253,"robuust","1984-2025","post",3.49318946741609,3.36849621015815,0.0340116082900678,29.0348319265733,27.1623944012894,31.0363457856403
900,2014,"Vogels van bebouwing/overige",3.24133576415586,10,25.5678515672476,"robuust","1984-2025","post",3.24133576415586,3.29977712817976,0.0353807086831142,27.1065969507876,25.2905533127863,29.0530455844542
900,2015,"Vogels van bebouwing/overige",3.24522758573352,10,25.6675509639637,"robuust","1984-2025","post",3.24522758573352,3.23105804393053,0.0368423127905734,25.3064181133225,23.5434373034722,27.2014145373686
900,2016,"Vogels van bebouwing/overige",3.06694325166409,10,21.4761550380321,"robuust","1984-2025","post",3.06694325166409,3.1623389577445,0.0383858564256105,23.6257910813602,21.9134954834475,25.4718835085758
900,2017,"Vogels van bebouwing/overige",2.51110133947333,10,12.318489431067,"robuust","1984-2025","post",2.51110133947333,3.09361986995701,0.040001856551858,22.0567763018319,20.3935001731141,23.8557077843084
900,2018,"Vogels van bebouwing/overige",2.77384049385998,10,16.0200408866129,"robuust","1984-2025","post",2.77384049385998,3.02490078089024,0.0416818879880748,20.5919614937469,18.9765552006866,22.3448815486075
900,2019,"Vogels van bebouwing/overige",3.24572465978545,10,25.6803128090527,"robuust","1984-2025","post",3.24572465978545,2.95618169084098,0.0434185199628055,19.2244266315625,17.6561010413298,20.9320607334093
900,2020,"Vogels van bebouwing/overige",2.85779675675317,10,17.4230972957467,"robuust","1984-2025","post",2.85779675675317,2.88746260007147,0.0452052311998885,17.94771125414,16.4259162539228,19.6104944334571
900,2021,"Vogels van bebouwing/overige",2.68783917830779,10,14.6998777629978,"robuust","1984-2025","post",2.68783917830779,2.81874350880342,0.0470363164671422,16.7557839448144,15.2801152848177,18.3739644873137
900,2022,"Vogels van bebouwing/overige",3.3041765980658,10,27.2261143215475,"robuust","1984-2025","post",3.3041765980658,2.75002441721529,0.0489067929383998,15.6430138383617,14.2131430446037,17.2167325115386
900,2023,"Vogels van bebouwing/overige",2.47882906241452,10,11.9272901256327,"robuust","1984-2025","post",2.47882906241452,2.68130532544247,0.0508123113453307,14.6041440202332,13.2197668115957,16.1334935482096
900,2024,"Vogels van bebouwing/overige",2.2336361768272,10,9.33374359200414,"robuust","1984-2025","post",2.2336361768272,2.61258623357979,0.0527490745556729,13.6342666923631,12.2950660462434,15.1193354748411
900,2025,"Vogels van bebouwing/overige",2.74819510084289,10,15.6144239749588,"robuust","1984-2025","post",2.74819510084289,2.54386714168571,0.0547137646742982,12.7287999882157,11.4344206655392,14.1697033788777
100,1958,"Watervogels",4.60517018598809,9,100,"volledig","1958-1983","pre",4.60517018598809,4.8782510741013,0.150491580279971,131.400652803495,97.8355078160862,176.481238178291
100,1959,"Watervogels",5.25281929082312,10,191.104288251257,"volledig","1958-1983","pre",5.25281929082312,4.96184187083472,0.125221725417979,142.856677273316,111.765987598092,182.596071310703
100,1960,"Watervogels",5.13547096286019,11,169.944338502037,"volledig","1958-1983","pre",5.13547096286019,5.0436054145596,0.103769777892712,155.027948653718,126.496754269513,189.994320427968
100,1961,"Watervogels",5.08324842337917,11,161.297167314277,"volledig","1958-1983","pre",5.08324842337917,5.12094255416749,0.0883560900013778,167.493166625539,140.859736373365,199.162383719718
100,1962,"Watervogels",5.06788431080515,11,158.837919931087,"volledig","1958-1983","pre",5.06788431080515,5.19077720690093,0.0805974822456144,179.608091347756,153.362767093636,210.344838508867
100,1963,"Watervogels",4.83894701905243,11,126.336252000329,"volledig","1958-1983","pre",4.83894701905243,5.25007120387261,0.0797398149864493,190.579837998029,163.005047486011,222.81932499343
100,1964,"Watervogels",5.21680744877891,12,184.344713673401,"volledig","1958-1983","pre",5.21680744877891,5.29626547258367,0.0826666755138524,199.590041946191,169.735066414799,234.696257441173
100,1965,"Watervogels",5.76642484575971,12,319.393806887272,"volledig","1958-1983","pre",5.76642484575971,5.32763000319489,0.0860574564151922,205.949296128524,173.982964390743,243.788883149363
100,1966,"Watervogels",5.72267605050297,13,305.721956653481,"volledig","1958-1983","pre",5.72267605050297,5.34350818755389,0.0878488956441112,209.245496608527,176.147965004387,248.561928318948
100,1967,"Watervogels",5.51129167836416,13,247.470573097483,"volledig","1958-1983","pre",5.51129167836416,5.34444645051285,0.0873580712616315,209.441916039451,176.483013480824,248.556024339663
100,1968,"Watervogels",5.46511045315573,13,236.301953964004,"volledig","1958-1983","pre",5.46511045315573,5.33220691991946,0.0849795151439631,206.894069331253,175.150756753639,244.390356729396
100,1969,"Watervogels",5.0014753406404,13,148.6322806675,"volledig","1958-1983","pre",5.0014753406404,5.30966845127807,0.0818444775235709,202.283150548944,172.302779531213,237.480051728326
100,1970,"Watervogels",5.25169627320877,14,190.889795231636,"volledig","1958-1983","pre",5.25169627320877,5.28062886815342,0.0793930466477785,196.493404950542,168.177252351258,229.5771731864
100,1971,"Watervogels",5.20478451749495,14,182.141620207217,"volledig","1958-1983","pre",5.20478451749495,5.24952807173299,0.0787733295441942,190.476356067574,163.225445401426,222.276876816318
100,1972,"Watervogels",5.0442999979357,14,155.135665894654,"volledig","1958-1983","pre",5.0442999979357,5.22111707585357,0.0802615792916913,185.140885011029,158.191192477315,216.681768219065
100,1973,"Watervogels",5.35465000647878,16,211.589908294922,"volledig","1958-1983","pre",5.35465000647878,5.20010153869263,0.083160499830156,181.290648956101,154.023772752926,213.384588700123
100,1974,"Watervogels",4.8936320587338,15,133.437347255629,"volledig","1958-1983","pre",4.8936320587338,5.19078966535562,0.0862730352101225,179.610329000964,151.668090225924,212.700445003168
100,1975,"Watervogels",5.02968250566593,16,152.884465037802,"volledig","1958-1983","pre",5.02968250566593,5.19677332037128,0.0885035538260796,180.688277065378,151.912751821799,214.914502418815
100,1976,"Watervogels",5.50695559179617,15,246.399842337759,"volledig","1958-1983","pre",5.50695559179617,5.22066789363437,0.0892374921058403,185.057741692082,155.362703996579,220.428499757108
100,1977,"Watervogels",4.79987391876699,17,121.495098301224,"volledig","1958-1983","pre",4.79987391876699,5.26393118021106,0.0885197974892964,193.239659999321,162.460090897895,229.850703580625
100,1978,"Watervogels",5.46709125527515,16,236.770485255935,"volledig","1958-1983","pre",5.46709125527515,5.32677470513107,0.0871947761325004,205.773223402366,173.447150325874,244.124042337082
100,1979,"Watervogels",5.62136849764576,16,276.267195664976,"volledig","1958-1983","pre",5.62136849764576,5.40817311965476,0.0871253304951503,223.223412485582,188.181603357948,264.790452374493
100,1980,"Watervogels",5.60863223306024,16,272.770895727044,"volledig","1958-1983","pre",5.60863223306024,5.50596916566652,0.0913694321750022,246.156906933549,205.795936561009,294.433524022126
100,1981,"Watervogels",5.76830695859376,16,319.995508127524,"volledig","1958-1983","pre",5.76830695859376,5.61706392303821,0.103728264749012,275.080538768523,224.473244999193,337.097201982592
100,1982,"Watervogels",5.85719037155948,16,349.74012250484,"volledig","1958-1983","pre",5.85719037155948,5.73767525967765,0.127413903730241,310.342106912336,241.759639739658,398.380074633231
100,1983,"Watervogels",5.6065605457377,16,272.206384667514,"volledig","1958-1983","pre",5.6065605457377,5.86364214540989,0.16420644269341,352.003861394931,255.136199366084,485.649307094808
100,1984,"Watervogels",6.08345008661142,14,438.539587286283,"volledig","1984-2025","post",6.08345008661142,5.90455680704745,0.135416956914519,366.704668843181,281.220644087992,478.173693782281
100,1985,"Watervogels",5.89052303333077,14,361.594360824263,"volledig","1984-2025","post",5.89052303333077,5.84898073054299,0.114670303763933,346.880635391696,277.058017902104,434.299559784849
100,1986,"Watervogels",5.87807821638561,14,357.12227008789,"volledig","1984-2025","post",5.87807821638561,5.79353332122965,0.0986966708624366,328.170510117638,270.450164439557,398.209717986471
100,1987,"Watervogels",5.45643749439959,15,234.261378567432,"volledig","1984-2025","post",5.45643749439959,5.73797894308315,0.0872795367522659,310.436366972116,261.624704437837,368.354885085954
100,1988,"Watervogels",5.16411582256633,16,174.882762800215,"volledig","1984-2025","post",5.16411582256633,5.68207205815816,0.0798030287096706,293.557067491537,251.051506155517,343.25925063699
100,1989,"Watervogels",5.70731764305809,15,301.062427343888,"volledig","1984-2025","post",5.70731764305809,5.62558504980616,0.0753652163055469,277.434550081537,239.336192298887,321.597535415052
100,1990,"Watervogels",5.4070153585541,16,222.965122649662,"volledig","1984-2025","post",5.4070153585541,5.56833923999062,0.0730255139956252,261.998620895765,227.058849449662,302.31491755401
100,1991,"Watervogels",5.75858161688144,15,316.898526476913,"volledig","1984-2025","post",5.75858161688144,5.51023666928944,0.0720137977880627,247.209627071556,214.667351065576,284.685115894448
100,1992,"Watervogels",5.81548558601621,15,335.454250851788,"volledig","1984-2025","post",5.81548558601621,5.45128989012327,0.0717882373686008,233.0585920837,202.468626743254,268.270241260212
100,1993,"Watervogels",5.74810347437814,15,313.595354333244,"volledig","1984-2025","post",5.74810347437814,5.39164692780575,0.0719780959591976,219.564695148479,190.674895448239,252.831686323024
100,1994,"Watervogels",5.56123498117877,16,260.143910855317,"volledig","1984-2025","post",5.56123498117877,5.33160871339414,0.0723045490027701,206.770340960178,179.449135009137,238.251211958261
100,1995,"Watervogels",5.10024254179894,17,164.061694293172,"volledig","1984-2025","post",5.10024254179894,5.27163668946614,0.0725393089034898,194.734421541412,168.925813304389,224.486087657528
100,1996,"Watervogels",5.19093316995219,18,179.636105758265,"volledig","1984-2025","post",5.19093316995219,5.21234891542538,0.0725106757149182,183.524636148932,159.210621798453,211.551790283413
100,1997,"Watervogels",4.99355026785512,18,147.459014276491,"volledig","1984-2025","post",4.99355026785512,5.15450381222929,0.0721359018838501,173.209840828242,150.372785028969,199.515151321864
100,1998,"Watervogels",4.97446248665051,18,144.671041629054,"volledig","1984-2025","post",4.97446248665051,5.09897162864498,0.0714504538025964,163.853318569607,142.441122543057,188.484263020026
100,1999,"Watervogels",4.9740203981648,18,144.607098362666,"volledig","1984-2025","post",4.9740203981648,5.04669470939282,0.0706096528138425,155.507616230295,135.408994839452,178.589455850411
100,2000,"Watervogels",5.17162280488599,17,176.200544702687,"volledig","1984-2025","post",5.17162280488599,4.9986386187371,0.0698485550671411,148.211249677645,129.24831167217,169.956375033556
100,2001,"Watervogels",5.27123681508732,17,194.656567802458,"volledig","1984-2025","post",5.27123681508732,4.95573703857122,0.069401615838319,141.987217873061,123.929130194317,162.676604021357
100,2002,"Watervogels",4.66851350624036,18,106.539254728833,"volledig","1984-2025","post",4.66851350624036,4.91883404060726,0.0694066410056808,136.842966791488,119.437954130382,156.784312797708
100,2003,"Watervogels",4.90413679906059,18,134.846460163146,"volledig","1984-2025","post",4.90413679906059,4.88862776288838,0.0698378813887934,132.771255343705,115.786214856915,152.247884321358
100,2004,"Watervogels",4.4478554009465,17,85.443505310669,"volledig","1984-2025","post",4.4478554009465,4.8656196545562,0.0705079473479762,129.751314699859,113.004097346008,148.980471166397
100,2005,"Watervogels",4.36415800276824,18,78.5832052365363,"volledig","1984-2025","post",4.36415800276824,4.85007326529818,0.0711412089298008,127.749749126632,111.122866638473,146.864447395989
100,2006,"Watervogels",4.52346048849727,17,92.1539445081703,"volledig","1984-2025","post",4.52346048849727,4.84198604820214,0.0714828034375479,126.72077554601,110.154040399915,145.779082607257
100,2007,"Watervogels",5.13513452977094,18,169.887173219919,"volledig","1984-2025","post",5.13513452977094,4.84107684391101,0.0713978972783887,126.605612834257,110.072249656771,145.622363957488
100,2008,"Watervogels",5.1077577027558,18,165.299288869164,"volledig","1984-2025","post",5.1077577027558,4.84679067159404,0.0709295027819202,127.331086130639,110.804661656636,146.322413270392
100,2009,"Watervogels",4.89046562080786,19,133.015494416426,"volledig","1984-2025","post",4.89046562080786,4.85832124086838,0.0702973652337828,128.807783258276,112.228660877609,147.836077684335
100,2010,"Watervogels",5.36536591278686,17,213.86947794166,"volledig","1984-2025","post",5.36536591278686,4.87465030649669,0.0698288798079363,130.928360407528,114.181090599705,150.132000570048
100,2011,"Watervogels",4.87019787964533,17,130.346707304887,"volledig","1984-2025","post",4.87019787964533,4.89460171123123,0.0698290126480382,133.566797863557,116.482010694264,153.157465132964
100,2012,"Watervogels",4.76983582664202,18,117.899884351792,"volledig","1984-2025","post",4.76983582664202,4.91690679935198,0.0704318940728648,136.579491352311,118.968682590707,156.797209583569
100,2013,"Watervogels",4.75608773027888,18,116.290076632103,"volledig","1984-2025","post",4.75608773027888,4.94027692506762,0.0715110430535908,139.808960805623,121.524426130053,160.844581982474
100,2014,"Watervogels",4.77305819534996,18,118.280414023978,"volledig","1984-2025","post",4.77305819534996,4.96347810229146,0.0727085132157403,143.090615198579,124.085322838489,165.006816999284
100,2015,"Watervogels",5.0862650136581,17,161.784469407064,"volledig","1984-2025","post",5.0862650136581,4.98540250055572,0.0735738478609899,146.262433890922,126.620922256868,168.950748315497
100,2016,"Watervogels",5.05054996826837,18,156.108295491016,"volledig","1984-2025","post",5.05054996826837,5.00513151508622,0.0737527364221115,149.176700855023,129.098561039574,172.377506757547
100,2017,"Watervogels",5.24173536856775,16,188.997798825851,"volledig","1984-2025","post",5.24173536856775,5.02198552730875,0.0731736655197077,151.712233726024,131.441928128678,175.108522750878
100,2018,"Watervogels",4.86744491033911,17,129.988360305977,"volledig","1984-2025","post",4.86744491033911,5.0355561953614,0.0722080926657959,153.785103390447,133.490235619242,177.165452702231
100,2019,"Watervogels",5.17970742361758,17,177.630832803471,"volledig","1984-2025","post",5.17970742361758,5.04571811416123,0.0717655725256261,155.355822366455,134.970683016038,178.81980741173
100,2020,"Watervogels",5.31231470432718,18,202.819151837603,"volledig","1984-2025","post",5.31231470432718,5.05261787801608,0.0732048446390246,156.431447366261,135.522324407455,180.566543793408
100,2021,"Watervogels",5.11578757872619,18,166.631965108447,"volledig","1984-2025","post",5.11578757872619,5.05663986309908,0.0779010044125348,157.061879258071,134.821798379375,182.970663591525
100,2022,"Watervogels",4.84780923411076,17,127.460846875683,"volledig","1984-2025","post",4.84780923411076,5.05834930712196,0.0865982960356067,157.330597362633,132.769779467137,186.434872196272
100,2023,"Watervogels",5.06146504208153,15,157.82156226612,"volledig","1984-2025","post",5.06146504208153,5.05841437892289,0.0991120272428826,157.340835481046,129.561387753576,191.076515458136
100,2024,"Watervogels",5.16926486684861,16,175.785564177579,"volledig","1984-2025","post",5.16926486684861,5.05750978341007,0.11463070443914,157.198570023336,125.566261925704,196.79960236455
100,2025,"Watervogels",4.86434962286665,17,129.586631017313,"volledig","1984-2025","post",4.86434962286665,5.05620492837202,0.132207735275908,156.993582445888,121.155854105642,203.432059566044
200,1958,"Rietvogels",4.60517018598809,3,100,"volledig","1958-1983","pre",4.60517018598809,4.86179126776446,0.120760580159167,129.25552612122,102.013028003492,163.773111727469
200,1959,"Rietvogels",5.6755763772527,4,291.656394220168,"volledig","1958-1983","pre",5.6755763772527,4.92469215828412,0.113736619854553,137.64696164317,110.141773217044,172.020891767016
200,1960,"Rietvogels",5.16061673058305,5,174.271901280474,"volledig","1958-1983","pre",5.16061673058305,4.98759304791162,0.106893373112507,146.583179855103,118.876131189635,180.748047580362
200,1961,"Rietvogels",4.46307859363281,5,86.7541792650733,"volledig","1958-1983","pre",4.46307859363281,5.05049393532568,0.100267846175287,156.099548528903,128.248393392974,189.999019919591
200,1962,"Rietvogels",5.112407354267,5,166.069662554131,"volledig","1958-1983","pre",5.112407354267,5.1133948188648,0.0939061254666728,166.233731459457,138.288047839336,199.826766714067
200,1963,"Rietvogels",4.5936272594858,5,98.8523437483531,"volledig","1958-1983","pre",4.5936272594858,5.17629569672939,0.0878655134826863,177.025837541166,149.019815986901,210.295167455487
200,1964,"Rietvogels",4.96687728648487,6,143.577834160355,"volledig","1958-1983","pre",4.96687728648487,5.23919656716047,0.0822167923019249,188.518579526934,160.461117435005,221.482034993607
200,1965,"Rietvogels",5.40778485417326,6,223.136759363147,"volledig","1958-1983","pre",5.40778485417326,5.30209742859136,0.0770461742541928,200.7574430977,172.619012661587,233.482687322166
200,1966,"Rietvogels",5.88899248664048,6,361.041347086704,"volledig","1958-1983","pre",5.88899248664048,5.36499827976931,0.0724560536158275,213.790866911014,185.486928764309,246.413777396899
200,1967,"Rietvogels",5.81178140561086,6,334.213966325865,"volledig","1958-1983","pre",5.81178140561086,5.42789911984466,0.0685630871703303,227.6704343403,199.041922624224,260.416629769797
200,1968,"Rietvogels",5.31159950511324,6,202.674147599276,"volledig","1958-1983","pre",5.31159950511324,5.49079994842654,0.0654916896338138,242.451077662383,213.243826581291,275.658742398539
200,1969,"Rietvogels",5.25963029989916,6,192.410344022892,"volledig","1958-1983","pre",5.25963029989916,5.55370076560523,0.0633614326067318,258.191295499878,228.038017322285,292.331716679028
200,1970,"Rietvogels",5.72445228968048,6,306.265474536292,"volledig","1958-1983","pre",5.72445228968048,5.61660157194292,0.0622689745015417,274.953384377382,243.36305501677,310.644372767949
200,1971,"Rietvogels",5.78940770483607,6,326.819393492068,"volledig","1958-1983","pre",5.78940770483607,5.67950236843598,0.0622689608950051,292.803685306128,259.16248108014,330.811766315583
200,1972,"Rietvogels",5.92946530693346,6,375.953440375331,"volledig","1958-1983","pre",5.92946530693346,5.74240315645286,0.0633613970080041,311.812846371373,275.397309912168,353.04357618172
200,1973,"Rietvogels",5.97228904743124,6,392.402872276501,"volledig","1958-1983","pre",5.97228904743124,5.80530393765317,0.065491645339805,332.056102360217,292.054466150607,377.536616946646
200,1974,"Rietvogels",5.86590229053906,6,352.800340948352,"volledig","1958-1983","pre",5.86590229053906,5.86820471389377,0.0685630497560309,353.613572535343,309.148312159179,404.474337278038
200,1975,"Rietvogels",6.22024270335007,6,502.825254585783,"volledig","1958-1983","pre",6.22024270335007,5.93110548712832,0.0724560346307681,376.570577732308,326.716119986402,434.032456125968
200,1976,"Rietvogels",6.08215046271586,6,437.970020950673,"volledig","1958-1983","pre",6.08215046271586,5.99400625930666,0.0770461770888523,401.01797803503,344.810762556209,466.387468636768
200,1977,"Rietvogels",5.63888387013743,6,281.148744780294,"volledig","1958-1983","pre",5.63888387013743,6.05690703227977,0.0822168115083163,427.052532366014,363.493742310452,501.724910698639
200,1978,"Rietvogels",5.62551432276105,6,277.414928649489,"volledig","1958-1983","pre",5.62551432276105,6.11980780771581,0.0878655374310901,454.777281415223,382.830125544097,540.24582155721
200,1979,"Rietvogels",5.92706868345764,6,375.053500373736,"volledig","1958-1983","pre",5.92706868345764,6.18270858703132,0.093906141333253,484.301955424347,402.885559444808,582.171235799721
200,1980,"Rietvogels",6.25770448049559,6,522.019258299204,"volledig","1958-1983","pre",6.25770448049559,6.24560937134057,0.100267845870902,515.743408442107,423.724887089796,627.745198490343
200,1981,"Rietvogels",6.5698350663469,6,713.252194141034,"volledig","1958-1983","pre",6.5698350663469,6.30851016142507,0.106893358720932,549.226080771415,445.4117691863,677.236904517806
200,1982,"Rietvogels",6.49547022770132,6,662.135506574687,"volledig","1958-1983","pre",6.49547022770132,6.3714109577233,0.113736607326547,584.88249144101,468.008850640241,730.942434798538
200,1983,"Rietvogels",6.4938174114298,6,661.042022148827,"volledig","1958-1983","pre",6.4938174114298,6.43431176034013,0.120760600326057,622.853762653215,491.578176398533,789.186396543264
200,1984,"Rietvogels",6.39195435282453,7,597.022232354818,"volledig","1984-2025","post",6.39195435282453,5.71736722073442,0.141937232946495,304.103231399308,230.25105202015,401.64322610525
200,1985,"Rietvogels",6.21756891057339,7,501.482599842324,"volledig","1984-2025","post",6.21756891057339,5.67892515864286,0.127078708284386,292.634724918994,228.115228718697,375.402741454045
200,1986,"Rietvogels",5.32256867514033,9,204.909552639254,"volledig","1984-2025","post",5.32256867514033,5.64157399024074,0.114287080623346,281.906086884531,225.331198274991,352.685479999815
200,1987,"Rietvogels",4.84558008902908,9,127.177034602653,"volledig","1984-2025","post",4.84558008902908,5.60555576186572,0.103569407866322,271.933013444846,221.973881144345,333.136328562496
200,1988,"Rietvogels",5.72275719178956,10,305.746764332833,"volledig","1984-2025","post",5.72275719178956,5.57110426889571,0.0948812348513166,262.724057119513,218.139997837477,316.420330400676
200,1989,"Rietvogels",5.9139179002101,9,370.15354284142,"volledig","1984-2025","post",5.9139179002101,5.53843696752663,0.0881269423554027,254.280240411282,213.942686810614,302.223187095226
200,1990,"Rietvogels",5.5361915943354,10,253.709926899349,"volledig","1984-2025","post",5.5361915943354,5.50774754715076,0.0831563107538817,246.595057302835,209.507843556772,290.247473573515
200,1991,"Rietvogels",5.18164221811192,11,177.974844649603,"volledig","1984-2025","post",5.18164221811192,5.47919952438694,0.0797589287893784,239.654792755863,204.971721139029,280.206554209976
200,1992,"Rietvogels",4.84965280104657,10,127.696046214841,"volledig","1984-2025","post",4.84965280104657,5.45292116405006,0.0776645351235944,233.439084747886,200.476829245434,271.820970498374
200,1993,"Rietvogels",4.89172003167727,11,133.182455195238,"volledig","1984-2025","post",4.89172003167727,5.42900196003947,0.0765581933228806,227.921656950192,196.16338347116,264.821501279614
200,1994,"Rietvogels",5.39663816494555,11,220.663334112479,"volledig","1984-2025","post",5.39663816494555,5.40749082440932,0.0761118741973701,223.071160158997,192.156770326919,258.959090590576
200,1995,"Rietvogels",5.64915188154358,10,284.050455201977,"volledig","1984-2025","post",5.64915188154358,5.38839604059501,0.0760245204745945,218.85207404211,188.554667944963,254.017738380859
200,1996,"Rietvogels",5.7361773597321,10,309.877593471472,"volledig","1984-2025","post",5.7361773597321,5.37168694216828,0.0760586020167065,215.225634833817,185.417878814137,249.825282145811
200,1997,"Rietvogels",5.35853452041422,11,212.413430698876,"volledig","1984-2025","post",5.35853452041422,5.35729718695738,0.0760635164073679,212.1507669892,182.767105500386,246.258470915112
200,1998,"Rietvogels",5.48314854948372,10,240.603066693464,"volledig","1984-2025","post",5.48314854948372,5.34512941308519,0.0759808714635477,209.585005886129,180.585961430153,243.240805345095
200,1999,"Rietvogels",5.42471856450568,10,226.947466254292,"volledig","1984-2025","post",5.42471856450568,5.33506099314039,0.0758307466107336,207.485403608359,178.829480657585,240.733197637332
200,2000,"Rietvogels",5.14476826592985,11,171.531730318994,"volledig","1984-2025","post",5.14476826592985,5.32695054923724,0.0756816017127764,205.809410592466,177.436821417663,238.718847362094
200,2001,"Rietvogels",5.10597517881135,11,165.004901383075,"volledig","1984-2025","post",5.10597517881135,5.320644858077,0.0756106768678691,204.51572309491,176.345992444862,237.185321952308
200,2002,"Rietvogels",5.36087416271325,10,212.910983967595,"volledig","1984-2025","post",5.36087416271325,5.31598576308015,0.0756660241112675,203.56508119776,175.507250566553,236.108435117538
200,2003,"Rietvogels",5.36215770727685,10,213.184440162661,"volledig","1984-2025","post",5.36215770727685,5.31281672073232,0.0758429316754228,202.920995940669,174.891288906866,235.443004914217
200,2004,"Rietvogels",5.41944816361176,10,225.754508569306,"volledig","1984-2025","post",5.41944816361176,5.31098863971127,0.0760834601696598,202.550378781528,174.48958547657,235.123808865084
200,2005,"Rietvogels",5.27362939862408,10,195.122857497991,"volledig","1984-2025","post",5.27362939862408,5.31036472213081,0.0762986755897413,202.424043454792,174.307210146876,235.076296236171
200,2006,"Rietvogels",5.74037549062319,10,311.181234682655,"volledig","1984-2025","post",5.74037549062319,5.31082408322768,0.076403841124951,202.51705054571,174.351356709998,235.232788179282
200,2007,"Rietvogels",4.78358827995792,11,119.532497494044,"volledig","1984-2025","post",4.78358827995792,5.31226400497931,0.0763523779874722,202.808869299531,174.620202514127,235.547988573813
200,2008,"Rietvogels",5.39978076740431,10,221.357882021192,"volledig","1984-2025","post",5.39978076740431,5.31460076573947,0.0761558821116477,203.283339252604,175.09614740618,236.008139698401
200,2009,"Rietvogels",5.38079103459435,10,217.194015469755,"volledig","1984-2025","post",5.38079103459435,5.31776907688041,0.0758827183960151,203.928425498471,175.74585553582,236.630346698612
200,2010,"Rietvogels",5.46710657928124,10,236.774113556091,"volledig","1984-2025","post",5.46710657928124,5.32172024340961,0.0756347212346899,204.735774602691,176.527414946871,237.451714878278
200,2011,"Rietvogels",5.3775551061275,10,216.492327091263,"volledig","1984-2025","post",5.3775551061275,5.32641924358284,0.0755096336571835,205.700091932273,177.40235797022,238.511642714741
200,2012,"Rietvogels",5.25605614823311,9,191.723867787112,"volledig","1984-2025","post",5.25605614823311,5.33184098818666,0.0755646807113044,206.81837407645,178.347557011891,239.834178680531
200,2013,"Rietvogels",5.05923606081265,11,157.470172725841,"volledig","1984-2025","post",5.05923606081265,5.33796606973103,0.0758000277984226,208.089040979147,179.360548111056,241.41902682417
200,2014,"Rietvogels",5.39771811659459,9,220.901768569706,"volledig","1984-2025","post",5.39771811659459,5.3447763426178,0.0761755217171433,209.511020671909,180.453354409623,243.247724192176
200,2015,"Rietvogels",5.25748401391462,10,191.997819254659,"volledig","1984-2025","post",5.25748401391462,5.3522506859628,0.0766609421333241,211.08284483411,181.634284451607,245.305931739622
200,2016,"Rietvogels",5.39676059029408,9,220.690350551781,"volledig","1984-2025","post",5.39676059029408,5.36036129096359,0.0773056426690238,212.801815935719,182.882200294784,247.616295038808
200,2017,"Rietvogels",5.31558180176378,9,203.482865386714,"volledig","1984-2025","post",5.31558180176378,5.36907078564815,0.0783032704811251,214.663306775782,184.121593852008,250.271216492683
200,2018,"Rietvogels",5.32124242170162,9,204.63797077344,"volledig","1984-2025","post",5.32124242170162,5.37833046389935,0.080020876856227,216.660251191834,185.209857170999,253.451221028527
200,2019,"Rietvogels",5.6642043945755,9,288.358470265538,"volledig","1984-2025","post",5.6642043945755,5.38807982635714,0.0829606345519469,218.782880840824,185.949844223102,257.413224243312
200,2020,"Rietvogels",5.57287483682541,9,263.189639960803,"volledig","1984-2025","post",5.57287483682541,5.39824757264954,0.0876405697924268,221.018757316092,186.134970025137,262.440158767331
200,2021,"Rietvogels",5.57414453099071,9,263.524022547915,"volledig","1984-2025","post",5.57414453099071,5.40875411262962,0.0944311897114956,223.353141402206,185.613950302468,268.765497921578
200,2022,"Rietvogels",5.02856132418567,10,152.71314986263,"volledig","1984-2025","post",5.02856132418567,5.41951559461374,0.103435016346101,225.769731935279,184.340199826487,276.510342866645
200,2023,"Rietvogels",5.59539353465972,9,269.183562312432,"volledig","1984-2025","post",5.59539353465972,5.43044938696031,0.114477828122298,228.251795760569,182.376429278049,285.666752409629
200,2024,"Rietvogels",5.39709284089346,10,220.763687235433,"volledig","1984-2025","post",5.39709284089346,5.44148090158816,0.127199900439248,230.783698468752,179.858260086097,296.128270413714
200,2025,"Rietvogels",5.46759572055734,10,236.889957877955,"volledig","1984-2025","post",5.46759572055734,5.45255161983608,0.141183541239664,233.3528346224,176.94374885884,307.744951587694
300,1958,"Vogels van pionierbegroeiingen",4.60517018598809,13,100,"volledig","1958-1983","pre",4.60517018598809,4.60473027724079,0.0900935823232925,99.9560187998369,83.7760239264044,119.260920082462
300,1959,"Vogels van pionierbegroeiingen",4.52796800371584,13,92.5702674014877,"volledig","1958-1983","pre",4.52796800371584,4.60306411344863,0.0848534960020415,99.7896143675203,84.4999769248702,117.84579709971
300,1960,"Vogels van pionierbegroeiingen",4.55827032069887,14,95.418293963944,"volledig","1958-1983","pre",4.55827032069887,4.60139794920048,0.0797481997671595,99.6234869159668,85.2076720790051,116.478233745119
300,1961,"Vogels van pionierbegroeiingen",4.74777720390569,15,115.327649560243,"volledig","1958-1983","pre",4.74777720390569,4.59973178380802,0.0748052957504646,99.4576359157579,85.8939507181311,115.163189715331
300,1962,"Vogels van pionierbegroeiingen",4.60164507290654,15,99.6481092835241,"volledig","1958-1983","pre",4.60164507290654,4.59806561638279,0.0700591624138894,99.2920608188254,86.5523694623935,113.906914425179
300,1963,"Vogels van pionierbegroeiingen",4.51524630809032,14,91.4000758282329,"volledig","1958-1983","pre",4.51524630809032,4.59639944592782,0.065552549586094,99.1267610676979,87.1749002873183,112.717246906928
300,1964,"Vogels van pionierbegroeiingen",4.40933686691919,15,82.2149259862266,"volledig","1958-1983","pre",4.40933686691919,4.59473327141996,0.061338268021284,98.9617361037318,87.7516149441218,111.603931379507
300,1965,"Vogels van pionierbegroeiingen",4.50358216993812,14,90.3401661997043,"volledig","1958-1983","pre",4.50358216993812,4.59306709188171,0.057480644779711,98.7969853742283,88.2704174369968,110.578884777591
300,1966,"Vogels van pionierbegroeiingen",4.63241918391962,15,102.762364707232,"volledig","1958-1983","pre",4.63241918391962,4.59140090644163,0.0540560833554926,98.6325083383458,88.7169516351894,109.656289151115
300,1967,"Vogels van pionierbegroeiingen",4.52959008679793,16,92.7205459153111,"volledig","1958-1983","pre",4.52959008679793,4.5897347143823,0.0511516303417073,98.468304471739,89.0748937710581,108.852299172648
300,1968,"Vogels van pionierbegroeiingen",4.71008410265421,17,111.061500079864,"volledig","1958-1983","pre",4.71008410265421,4.5880685151756,0.048860120798919,98.3043732698885,89.3269003649494,108.184094203469
300,1969,"Vogels van pionierbegroeiingen",4.61753456041619,16,101.244112932146,"volledig","1958-1983","pre",4.61753456041619,4.58640230850488,0.0472707749220531,98.1407142501235,89.4564209248705,107.668065566959
300,1970,"Vogels van pionierbegroeiingen",4.74424525973493,16,114.921037229373,"volledig","1958-1983","pre",4.74424525973493,4.58473609427451,0.0464557144261029,97.9773269523818,89.4502758682167,107.317238583775
300,1971,"Vogels van pionierbegroeiingen",4.6216649359075,16,101.663153937453,"volledig","1958-1983","pre",4.6216649359075,4.58306987260748,0.0464557113747728,97.8142109387918,89.3013565157438,107.138572524278
300,1972,"Vogels van pionierbegroeiingen",4.64471139919667,16,104.033337347776,"volledig","1958-1983","pre",4.64471139919667,4.58140364383217,0.0472707669388747,97.6513657922019,89.010375414809,107.131210228509
300,1973,"Vogels van pionierbegroeiingen",4.79844281088894,16,121.32135006479,"volledig","1958-1983","pre",4.79844281088894,4.57973740845984,0.0488601108657919,97.4887911138164,88.5858015304938,107.286542861632
300,1974,"Vogels van pionierbegroeiingen",4.70352260348285,16,110.335155699103,"volledig","1958-1983","pre",4.70352260348285,4.57807116715461,0.0511516219513871,97.3264865201261,88.0420013015086,107.590068811736
300,1975,"Vogels van pionierbegroeiingen",4.49482153559732,19,89.5521856816365,"volledig","1958-1983","pre",4.49482153559732,4.57640492069794,0.0540560790979946,97.1644516393335,87.3964798614734,108.02415242967
300,1976,"Vogels van pionierbegroeiingen",4.86268295878599,17,129.37083351499,"volledig","1958-1983","pre",4.86268295878599,4.57473866994978,0.0574806454153499,97.0026861074912,86.6672960932693,108.570608940449
300,1977,"Vogels van pionierbegroeiingen",4.38878579986712,19,80.5425647923415,"volledig","1958-1983","pre",4.38878579986712,4.57307241580858,0.0613382723283297,96.8411895645637,85.8712775284627,109.212489509909
300,1978,"Vogels van pionierbegroeiingen",4.45250461660358,16,85.8416754656038,"volledig","1958-1983","pre",4.45250461660358,4.57140615917211,0.0655525549565558,96.6799616506125,85.0231142143675,109.93498734
300,1979,"Vogels van pionierbegroeiingen",4.22505442707222,16,68.3782250738757,"volledig","1958-1983","pre",4.22505442707222,4.56973990090113,0.0700591659719945,96.5190020022877,84.1351080266847,110.725688312695
300,1980,"Vogels van pionierbegroeiingen",4.24590587792559,17,69.8189789771497,"volledig","1958-1983","pre",4.24590587792559,4.56807364178739,0.0748052956821968,96.358310249779,83.2173002784297,111.57444333242
300,1981,"Vogels van pionierbegroeiingen",4.79340268359748,17,120.711413387716,"volledig","1958-1983","pre",4.79340268359748,4.56640738252734,0.0797481965397913,96.1978860143442,82.277766336043,112.473073659207
300,1982,"Vogels van pionierbegroeiingen",4.45033556889462,16,85.6556825627633,"volledig","1958-1983","pre",4.45033556889462,4.56474112370257,0.0848534931925494,96.0377289065009,81.3229510168819,113.415035462792
300,1983,"Vogels van pionierbegroeiingen",4.79676871695177,17,121.118416640399,"volledig","1958-1983","pre",4.79676871695177,4.56307486576722,0.0900935868456795,95.8778385249196,80.357982635976,114.395105733964
300,1984,"Vogels van pionierbegroeiingen",5.58919920991883,16,267.521305506802,"volledig","1984-2025","post",5.58919920991883,5.36460411618855,0.117654032985156,213.706614942998,169.694915744944,269.133091406455
300,1985,"Vogels van pionierbegroeiingen",5.14169560394443,17,171.005480200356,"volledig","1984-2025","post",5.14169560394443,5.20244940077764,0.102270280388313,181.716794466836,148.710230577406,222.049238059075
300,1986,"Vogels van pionierbegroeiingen",4.95091327059665,17,141.303953757356,"volledig","1984-2025","post",4.95091327059665,5.0406284951036,0.0897520718271535,154.567129188679,129.63391432904,184.295888535687
300,1987,"Vogels van pionierbegroeiingen",4.81008894931386,17,122.742534895972,"volledig","1984-2025","post",4.81008894931386,4.8793055965985,0.0800385265421493,131.539290833637,112.441162471172,153.881235774775
300,1988,"Vogels van pionierbegroeiingen",4.78852753947777,17,120.124359998206,"volledig","1984-2025","post",4.78852753947777,4.71866533833418,0.0729201455065148,112.018645860295,97.1000463986765,129.229361733295
300,1989,"Vogels van pionierbegroeiingen",4.60666378898785,17,100.149471898026,"volledig","1984-2025","post",4.60666378898785,4.55890393828095,0.068057676716929,95.4787718305483,83.5554841408321,109.103501272336
300,1990,"Vogels van pionierbegroeiingen",4.54353935905444,17,94.0229930294034,"volledig","1984-2025","post",4.54353935905444,4.40021864419324,0.0650320456441962,81.4686793714689,71.71900926631,92.5437451859642
300,1991,"Vogels van pionierbegroeiingen",4.13541758738358,17,62.5156913845031,"volledig","1984-2025","post",4.13541758738358,4.24279630911461,0.063403211077199,69.6022092625495,61.4685717294482,78.8121050794947
300,1992,"Vogels van pionierbegroeiingen",3.92886113151735,17,50.8490343179779,"volledig","1984-2025","post",3.92886113151735,4.08680207795965,0.0627530071817517,59.5491533335481,52.6573686358167,67.3429332800049
300,1993,"Vogels van pionierbegroeiingen",3.78449281497704,17,44.0133419890032,"volledig","1984-2025","post",3.78449281497704,3.93236922829494,0.0627056809221647,51.0277309106187,45.1263391960514,57.700876434363
300,1994,"Vogels van pionierbegroeiingen",3.74802072199181,18,42.4370041917025,"volledig","1984-2025","post",3.74802072199181,3.77959117782439,0.0629376255268397,43.7981324271757,38.715244290605,49.548348183197
300,1995,"Vogels van pionierbegroeiingen",3.63770609842727,18,38.0045579439649,"volledig","1984-2025","post",3.63770609842727,3.62851654481163,0.0631889542590492,37.6569128193445,33.2703361762013,42.6218441428932
300,1996,"Vogels van pionierbegroeiingen",3.51909083696915,19,33.7537268689641,"volledig","1984-2025","post",3.51909083696915,3.47914793199783,0.0632798531796608,32.4320759651794,28.649025246314,36.7146715243478
300,1997,"Vogels van pionierbegroeiingen",3.43949822764611,19,31.1713133402979,"volledig","1984-2025","post",3.43949822764611,3.33144481414477,0.0631258059931621,27.9787365890349,24.7226106145509,31.6637151845874
300,1998,"Vogels van pionierbegroeiingen",3.34859009224459,19,28.4625757346785,"volledig","1984-2025","post",3.34859009224459,3.18533056619445,0.0627424314820618,24.1752786149773,21.3778513087851,27.338767010303
300,1999,"Vogels van pionierbegroeiingen",3.05935146753029,19,21.3137300328635,"volledig","1984-2025","post",3.05935146753029,3.04070330094239,0.062231776624542,20.9199510837766,18.5177368005817,23.6337927285941
300,2000,"Vogels van pionierbegroeiingen",2.9104245079104,19,18.3645928274648,"volledig","1984-2025","post",2.9104245079104,2.89744982329674,0.0617462768886192,18.127857133996,16.0615323910506,20.4600156616235
300,2001,"Vogels van pionierbegroeiingen",2.7630002274511,19,15.8473172520404,"volledig","1984-2025","post",2.7630002274511,2.75546168471791,0.0614347091422382,15.7283007428877,13.9440048327319,17.7409178515219
300,2002,"Vogels van pionierbegroeiingen",2.48023285780835,19,11.9440453582796,"volledig","1984-2025","post",2.48023285780835,2.61465206647082,0.0613855566125834,13.6624619222306,12.1136919079672,15.4092465942306
300,2003,"Vogels van pionierbegroeiingen",2.55348673423166,19,12.8518366903915,"volledig","1984-2025","post",2.55348673423166,2.47497205944924,0.0615910014142961,11.8813751362966,10.5302671550839,13.4058398567079
300,2004,"Vogels van pionierbegroeiingen",2.08065349465963,19,8.00970150153272,"volledig","1984-2025","post",2.08065349465963,2.33642486017528,0.0619498574106159,10.3441884560087,9.16143787527638,11.6796332923008
300,2005,"Vogels van pionierbegroeiingen",2.2038558430984,19,9.05987971157272,"volledig","1984-2025","post",2.2038558430984,2.19907647698961,0.0623093796094475,9.01668253930708,7.98009321886157,10.1879215925053
300,2006,"Vogels van pionierbegroeiingen",2.01186765768901,19,7.47726929402319,"volledig","1984-2025","post",2.01186765768901,2.06306173738778,0.0625270570134142,7.87002892197627,6.96229182706419,8.89611593009887
300,2007,"Vogels van pionierbegroeiingen",1.82303932305172,20,6.19064525666778,"volledig","1984-2025","post",1.82303932305172,1.92858469668551,0.0625271217243652,6.8797663917791,6.08624640662416,7.77674488399596
300,2008,"Vogels van pionierbegroeiingen",1.96231731345478,20,7.11579750750298,"volledig","1984-2025","post",1.96231731345478,1.795912949828,0.0623319029862076,6.02497270953079,5.33208540683952,6.80789848265147
300,2009,"Vogels van pionierbegroeiingen",2.0951489351987,20,8.12665122450056,"volledig","1984-2025","post",2.0951489351987,1.66536581405422,0.0620570563343776,5.28760717702886,4.68204033359104,5.97149696852852
300,2010,"Vogels van pionierbegroeiingen",1.57018441830212,20,4.80753470941632,"volledig","1984-2025","post",1.57018441830212,1.53729684600638,0.0618686927267381,4.65199819200038,4.12074597251545,5.25174017586053
300,2011,"Vogels van pionierbegroeiingen",1.79740428820192,19,6.03396468590746,"volledig","1984-2025","post",1.79740428820192,1.41207164500142,0.0619126530345643,4.10444956501521,3.63541344684893,4.63400008776324
300,2012,"Vogels van pionierbegroeiingen",1.32878005524487,19,3.77643353597307,"volledig","1984-2025","post",1.32878005524487,1.29004233640182,0.0622424170467268,3.63294035811985,3.21570686747808,4.10430931349371
300,2013,"Vogels van pionierbegroeiingen",0.991834944445879,21,2.69617727159099,"volledig","1984-2025","post",0.991834944445879,1.17152048991382,0.0627820007607996,3.22689537217175,2.85327588757216,3.64943810316349
300,2014,"Vogels van pionierbegroeiingen",0.607198457552159,20,1.8352825677975,"volledig","1984-2025","post",0.607198457552159,1.05675047750087,0.063349196466625,2.87700688447205,2.54107203351327,3.2573530006765
300,2015,"Vogels van pionierbegroeiingen",0.274107672356302,18,1.31535642213966,"volledig","1984-2025","post",0.274107672356302,0.945885393048764,0.0637361818396856,2.57509233840821,2.27268619258298,2.91773698144935
300,2016,"Vogels van pionierbegroeiingen",0.736306531036638,18,2.08820852021327,"volledig","1984-2025","post",0.736306531036638,0.838967629876186,0.0638220112525937,2.31397686267195,2.04189130330965,2.62231829495633
300,2017,"Vogels van pionierbegroeiingen",0.624072392327,17,1.8665137616703,"volledig","1984-2025","post",0.624072392327,0.73591604307348,0.0636874672626344,2.08739325910674,1.84243599663661,2.36491830713165
300,2018,"Vogels van pionierbegroeiingen",0.608758628394782,18,1.83814815697082,"volledig","1984-2025","post",0.608758628394782,0.636521323714749,0.0637032026960976,1.88989509778699,1.66806295566777,2.14122822433248
300,2019,"Vogels van pionierbegroeiingen",1.07830801833851,18,2.9397014199071,"volledig","1984-2025","post",1.07830801833851,0.540450804702542,0.0645457258326303,1.71678062054177,1.51276814637754,1.94830629275574
300,2020,"Vogels van pionierbegroeiingen",1.02308327886303,20,2.78175849215983,"volledig","1984-2025","post",1.02308327886303,0.447263436641194,0.0670716853625408,1.56402626684684,1.37135997965201,1.78376079197498
300,2021,"Vogels van pionierbegroeiingen",0.24974970447417,18,1.28370407108825,"volledig","1984-2025","post",0.24974970447417,0.356435157598332,0.0720264335577557,1.42822891772292,1.24018845489736,1.64478054392855
300,2022,"Vogels van pionierbegroeiingen",0.165545166777713,18,1.18003625995127,"volledig","1984-2025","post",0.165545166777713,0.267394378749319,0.0797350007454268,1.30655562250903,1.11752204824967,1.52756502422812
300,2023,"Vogels van pionierbegroeiingen",-0.495089833386133,17,0.609516149937175,"volledig","1984-2025","post",-0.495089833386133,0.179566866525581,0.0900170941798058,1.19669892049122,1.00313827604288,1.4276080780748
300,2024,"Vogels van pionierbegroeiingen",0.0617500683312427,19,1.0636964600716,"volledig","1984-2025","post",0.0617500683312426,0.0924289678355995,0.102360910910399,1.09683522821291,0.897449509031449,1.34051833082758
300,2025,"Vogels van pionierbegroeiingen",0.578842001995062,20,1.78397139885091,"volledig","1984-2025","post",0.578842001995062,0.00556794138361486,0.116172345246846,1.00558347117886,0.800811367981972,1.26271698671851
400,1958,"Vogels van open heide",4.60517018598809,9,100,"volledig","1958-1983","pre",4.60517018598809,4.613372731258,0.169872750742955,100.823627831355,72.2709420099541,140.656862168415
400,1959,"Vogels van open heide",4.46253670297856,9,86.7071807212988,"volledig","1958-1983","pre",4.46253670297856,4.55778807649708,0.159072562614669,95.3722901383661,69.8259595376294,130.26492992674
400,1960,"Vogels van open heide",4.33398770989961,9,76.247734982564,"volledig","1958-1983","pre",4.33398770989961,4.50219724221309,0.148718786981349,90.2151381962088,67.4042734175571,120.745625568024
400,1961,"Vogels van open heide",4.53894063746009,8,93.5916001491372,"volledig","1958-1983","pre",4.53894063746009,4.44659045454374,0.138906161172082,85.3354921857964,64.99656215972,112.038944593673
400,1962,"Vogels van open heide",4.46890798472932,8,87.2613802052894,"volledig","1958-1983","pre",4.46890798472932,4.39095432241597,0.129729386107035,80.7174126725032,62.5949576191031,104.086670178603
400,1963,"Vogels van open heide",4.26850017896415,8,71.4144463680393,"volledig","1958-1983","pre",4.26850017896415,4.33527267301077,0.121275405789328,76.3457734837648,60.1940119238401,96.8315110182223
400,1964,"Vogels van open heide",4.26990237969138,8,71.5146539958569,"volledig","1958-1983","pre",4.26990237969138,4.27952735627567,0.113620392942109,72.2063040844133,57.7909035987585,90.2174914192337
400,1965,"Vogels van open heide",3.87446577042034,9,48.1569645429204,"volledig","1958-1983","pre",3.87446577042034,4.22369903239592,0.106831997934936,68.2856083719071,55.3849732753346,84.1911449074958
400,1966,"Vogels van open heide",3.98879716571221,9,53.98990937689,"volledig","1958-1983","pre",3.98879716571221,4.16776795136237,0.100975707944719,64.5711651583406,52.9768785075413,78.7029263966955
400,1967,"Vogels van open heide",4.05343688489818,8,57.595064881939,"volledig","1958-1983","pre",4.05343688489818,4.11171472698388,0.0961222697893863,61.0513142025232,50.5678034439152,73.7082236524101
400,1968,"Vogels van open heide",4.1741010005788,9,64.9813951575304,"volledig","1958-1983","pre",4.1741010005788,4.0555210997576,0.0923518478970533,57.7152305540354,48.1591657257094,69.1674738901718
400,1969,"Vogels van open heide",3.93881321811019,9,51.3576148316803,"volledig","1958-1983","pre",3.93881321811019,3.99917067488687,0.0897508577990812,54.5528891867638,45.7530745892787,65.0451963138822
400,1970,"Vogels van open heide",4.11401258602287,8,61.19176282047,"volledig","1958-1983","pre",4.11401258602287,3.94264961438731,0.0883999409926991,51.5550214168489,43.3534259478025,61.3081936475305
400,1971,"Vogels van open heide",4.16451230367268,8,64.3612860253094,"volledig","1958-1983","pre",4.16451230367268,3.88594725653586,0.0883560327553258,48.7130643800122,40.9671051938927,57.9236104201224
400,1972,"Vogels van open heide",3.97619185694196,9,53.3136212637677,"volledig","1958-1983","pre",3.97619185694196,3.82905663263454,0.0896357806479543,46.0191048289239,38.6045637969941,54.8577111346712
400,1973,"Vogels van open heide",3.98430083655757,8,53.7476979126016,"volledig","1958-1983","pre",3.98430083655757,3.77197485069918,0.0922083159116832,43.4658186348277,36.2792717322162,52.075945833225
400,1974,"Vogels van open heide",4.02818678419137,8,56.1589905035223,"volledig","1958-1983","pre",4.02818678419137,3.71470331849356,0.096000991883437,41.0464075677323,34.0061494487659,49.5442030787622
400,1975,"Vogels van open heide",3.76134550347613,10,43.0062521291312,"volledig","1958-1983","pre",3.76134550347613,3.65724778426405,0.100914984262047,38.7545351183708,31.7996223875551,47.2305606002673
400,1976,"Vogels van open heide",4.13543398553845,9,62.5167165348974,"volledig","1958-1983","pre",4.13543398553845,3.5996181822418,0.106843536056153,36.5842632552422,29.6720300098145,45.1067324172348
400,1977,"Vogels van open heide",4.07363462292161,8,58.7701823222806,"volledig","1958-1983","pre",4.07363462292161,3.54182828084967,0.113686289563952,34.5299920390324,27.6327911679872,43.1487482740056
400,1978,"Vogels van open heide",2.87511516791275,8,17.7274656391167,"volledig","1958-1983","pre",2.87511516791275,3.48389514373385,0.121356709514933,32.5864039207375,25.6883091902675,41.3368475371579
400,1979,"Vogels van open heide",2.87465013100534,8,17.7192236298875,"volledig","1958-1983","pre",2.87465013100534,3.42583842623792,0.129783097274831,30.7484143244362,23.8423534431855,39.6548514273208
400,1980,"Vogels van open heide",2.94020302394389,9,18.9196870718452,"volledig","1958-1983","pre",2.94020302394389,3.3676795416852,0.138905593998239,29.0111297744389,22.0966182720027,38.0893420173592
400,1981,"Vogels van open heide",3.61899431995218,9,37.3000370501982,"volledig","1958-1983","pre",3.61899431995218,3.30944074179199,0.148671878218375,27.3698143975268,20.4512470380217,36.6289028127416
400,1982,"Vogels van open heide",2.79215424659959,9,16.3161309387794,"volledig","1958-1983","pre",2.79215424659959,3.25114416277908,0.159033597909414,25.8198651518025,18.9052244704879,35.2635557169906
400,1983,"Vogels van open heide",3.34111598232833,8,28.2506363309551,"volledig","1958-1983","pre",3.34111598232833,3.19281089256064,0.16994454627241,24.3567956459249,17.4566310942657,33.9844206441542
400,1984,"Vogels van open heide",4.94423992581331,7,140.364123149355,"volledig","1984-2025","post",4.94423992581331,4.22885679136868,0.132461406935257,68.6387189279662,52.9438773075219,88.9861864235432
400,1985,"Vogels van open heide",4.04157290989748,8,56.915795854856,"volledig","1984-2025","post",4.04157290989748,4.10688912269363,0.127704701111431,60.7574144111529,47.3036712381862,78.0375668379121
400,1986,"Vogels van open heide",3.80400253225146,8,44.8804609665089,"volledig","1984-2025","post",3.80400253225146,3.98492145786373,0.123015643974699,53.7810652322473,42.2587230693859,68.445110676111
400,1987,"Vogels van open heide",3.71579271956495,8,41.0911479337897,"volledig","1984-2025","post",3.71579271956495,3.86295379773077,0.118402265316855,47.6057616857657,37.7462207352443,60.0406743122187
400,1988,"Vogels van open heide",3.75479022975818,8,42.725256383092,"volledig","1984-2025","post",3.75479022975818,3.74098614316199,0.113873755614354,42.1395252865536,33.7099680736747,52.6769882277885
400,1989,"Vogels van open heide",3.53219074426556,8,34.198806447565,"volledig","1984-2025","post",3.53219074426556,3.61901849501997,0.109440642824474,37.3009387920223,30.099688867816,46.225063683429
400,1990,"Vogels van open heide",3.53621809392554,8,34.3368147163244,"volledig","1984-2025","post",3.53621809392554,3.49705085414344,0.105114989451562,33.0179335294762,26.8704044554156,40.5719212885606
400,1991,"Vogels van open heide",3.07820918734145,8,21.7194720426453,"volledig","1984-2025","post",3.07820918734145,3.37508322133028,0.10091060726539,29.226715966211,23.9818772636246,35.6186013621717
400,1992,"Vogels van open heide",3.09880388149839,8,22.1714157741853,"volledig","1984-2025","post",3.09880388149839,3.25311559732375,0.0968432834215983,25.8708175340422,21.3981134546581,31.2784209364032
400,1993,"Vogels van open heide",2.97534637674735,8,19.5964098148653,"volledig","1984-2025","post",2.97534637674735,3.13114798280304,0.092931006128154,22.9002535557649,19.0869186083213,27.4754465966913
400,1994,"Vogels van open heide",3.00821618915472,8,20.2512432991102,"volledig","1984-2025","post",3.00821618915472,3.00918037837854,0.0891941698319173,20.2707787460884,17.0195010211286,24.1431561632012
400,1995,"Vogels van open heide",2.90259300215749,8,18.2213321188291,"volledig","1984-2025","post",2.90259300215749,2.88721278459241,0.0856557287405865,17.9432281980468,15.1701177636564,21.2232655792897
400,1996,"Vogels van open heide",2.92484280841826,9,18.6312971366381,"volledig","1984-2025","post",2.92484280841826,2.76524520192423,0.082341253468844,15.8829340391689,13.5157590966561,18.6647003611513
400,1997,"Vogels van open heide",2.88478109772742,9,17.8996488928082,"volledig","1984-2025","post",2.88478109772742,2.64327763080133,0.0792788300167633,14.0592090687759,12.0358671858882,16.4226936527934
400,1998,"Vogels van open heide",2.84320442938465,9,17.1706997685996,"volledig","1984-2025","post",2.84320442938465,2.52131007161297,0.0764987265568648,12.444889685438,10.7120852589967,14.4579953891468
400,1999,"Vogels van open heide",2.53044327076904,9,12.5590719724827,"volledig","1984-2025","post",2.53044327076904,2.39934252472698,0.0740327480028216,11.015931296734,9.52803341083336,12.7361793459275
400,2000,"Vogels van open heide",2.51016533997207,9,12.3069647255041,"volledig","1984-2025","post",2.51016533997207,2.27737499050752,0.0719132105429433,9.75105018515753,8.4691072174047,11.2270369559211
400,2001,"Vogels van open heide",2.11081157594408,9,8.25493807594403,"volledig","1984-2025","post",2.11081157594408,2.15540746933207,0.0701715089087798,8.63140649596413,7.52229525800512,9.90404863718807
400,2002,"Vogels van open heide",2.09114299813775,9,8.09416149054188,"volledig","1984-2025","post",2.09114299813775,2.0334399616059,0.0688363246429451,7.64032362523994,6.6760117464733,8.74392486340917
400,2003,"Vogels van open heide",1.63460465906779,8,5.127430513121,"volledig","1984-2025","post",1.63460465906779,1.91147246777221,0.0679316280185159,6.76303982863764,5.9199409658176,7.72621010713442
400,2004,"Vogels van open heide",1.33145757740993,8,3.78655856942227,"volledig","1984-2025","post",1.33145757740993,1.78950498831636,0.067474733644922,5.98648835113003,5.24489126453579,6.83294294784344
400,2005,"Vogels van open heide",1.32414476539405,8,3.75896917937869,"volledig","1984-2025","post",1.32414476539405,1.66753752376289,0.0674747362778019,5.29910280293396,4.64265797031306,6.04836511662501
400,2006,"Vogels van open heide",1.02718043833756,9,2.79317918053632,"volledig","1984-2025","post",1.02718043833756,1.54557007466463,0.0679316347750187,4.69064488278036,4.10589633264644,5.35867144073074
400,2007,"Vogels van open heide",1.26407894076155,9,3.53983084024195,"volledig","1984-2025","post",1.26407894076155,1.42360264158348,0.0688363326253385,4.15205188255315,3.62800688371905,4.75179220656303
400,2008,"Vogels van open heide",1.56865203073326,10,4.80017334466315,"volledig","1984-2025","post",1.56865203073326,1.30163522506343,0.0701715147942804,3.67530170194852,3.20303582716347,4.2171999719116
400,2009,"Vogels van open heide",1.61479987620532,10,5.02688182413383,"volledig","1984-2025","post",1.61479987620532,1.17966782559657,0.0719132120825183,3.25329336260398,2.8255920840569,3.74573448265294
400,2010,"Vogels van open heide",1.11847939309958,10,3.0601973063948,"volledig","1984-2025","post",1.11847939309958,1.057700443584,0.0740327449968249,2.87974124200104,2.49078086917038,3.32944167169707
400,2011,"Vogels van open heide",1.4204244643142,10,4.13887687298697,"volledig","1984-2025","post",1.4204244643142,0.935733079293599,0.0764987208865965,2.54908145179148,2.19415188381619,2.96142500243236
400,2012,"Vogels van open heide",1.27378322347729,10,3.57434957838425,"volledig","1984-2025","post",1.27378322347729,0.813765732817616,0.0792788247546882,2.2563889660819,1.93165903307278,2.6357090351278
400,2013,"Vogels van open heide",1.18112461054359,11,3.25803616518579,"volledig","1984-2025","post",1.18112461054359,0.69179840403284,0.0823412514911021,1.99730426532629,1.69962825073404,2.34711580403992
400,2014,"Vogels van open heide",0.413371151710874,10,1.51190606833557,"volledig","1984-2025","post",0.413371151710874,0.569831092566763,0.0856557314569749,1.76796840320746,1.49473040415358,2.09115454268821
400,2015,"Vogels van open heide",-0.989575813439067,7,0.371734342295145,"volledig","1984-2025","post",-0.989575813439067,0.447863797772845,0.0891941765737694,1.56496552934647,1.31395702189923,1.86392482191135
400,2016,"Vogels van open heide",-0.481320823398388,7,0.617966627742995,"volledig","1984-2025","post",-0.481320823398388,0.325896518717932,0.0929310144468172,1.38527201173174,1.15459742150106,1.66203259313751
400,2017,"Vogels van open heide",0.0316011681402735,7,1.03210578653702,"volledig","1984-2025","post",0.0316011681402735,0.203929254184492,0.0968432901740386,1.22621140106201,1.01421651239013,1.48251816227192
400,2018,"Vogels van open heide",0.418451649748564,8,1.51960684948666,"volledig","1984-2025","post",0.418451649748563,0.0819620026898164,0.100910610041207,1.08541456621203,0.890633035730749,1.32279483612307
400,2019,"Vogels van open heide",0.0279849962563214,7,1.02838025475193,"volledig","1984-2025","post",0.0279849962563213,-0.0400052374762629,0.105114987739268,0.96078440705362,0.78189828795867,1.18059687692547
400,2020,"Vogels van open heide",1.22777845812469,10,3.41363756767023,"volledig","1984-2025","post",1.22777845812469,-0.161972468194335,0.109440638373921,0.850464619044526,0.686275506156983,1.05393542645408
400,2021,"Vogels van open heide",-0.44069285225636,7,0.643590353542911,"volledig","1984-2025","post",-0.440692852256361,-0.283939691438917,0.113873751704146,0.752812044348349,0.602220124749482,0.941061168209371
400,2022,"Vogels van open heide",-0.624061770621203,8,0.535763862178717,"volledig","1984-2025","post",-0.624061770621203,-0.405906909183057,0.118402264998134,0.666372197669888,0.528361088870282,0.840432641958641
400,2023,"Vogels van open heide",-1.81558474969066,7,0.162742716807974,"volledig","1984-2025","post",-1.81558474969066,-0.527874123285189,0.123015647722282,0.589857602277096,0.46348336118417,0.750689280571239
400,2024,"Vogels van open heide",-0.170751736941334,8,0.843030840908972,"volledig","1984-2025","post",-0.170751736941334,-0.649841335359781,0.127704704562664,0.522128613537824,0.406511704804175,0.670628387456287
400,2025,"Vogels van open heide",-0.0453597319373397,10,0.955653640855867,"volledig","1984-2025","post",-0.0453597319373397,-0.771808546633541,0.132461399469059,0.462176444350011,0.356495775334221,0.599185405526219
500,1958,"Weidevogels",4.60517018598809,12,100,"volledig","1958-1983","pre",4.60517018598809,4.87868412208178,0.134907810212956,131.457567913423,100.913610986467,171.246395731788
500,1959,"Weidevogels",4.84871212106578,12,127.575981580593,"volledig","1958-1983","pre",4.84871212106578,4.82276030360183,0.120796896203715,124.307744763353,98.1010811141854,157.51524073588
500,1960,"Weidevogels",4.6745331480729,12,107.182517045339,"volledig","1958-1983","pre",4.6745331480729,4.76672131419694,0.108053529105069,117.533254927023,95.1007063673512,145.257238788325
500,1961,"Weidevogels",4.77244939156185,11,118.20842637526,"volledig","1958-1983","pre",4.77244939156185,4.71039286999567,0.097158094553759,111.095797538678,91.8322005527767,134.400310092337
500,1962,"Weidevogels",4.72274244165627,11,112.476289750237,"volledig","1958-1983","pre",4.72274244165627,4.65354929562051,0.0885231792530028,104.956848143105,88.2385431113341,124.84272273439
500,1963,"Weidevogels",4.52607854372816,11,92.3955247218211,"volledig","1958-1983","pre",4.52607854372816,4.59593632013298,0.0823309965488329,99.0808635366746,84.3156561229224,116.43172775482
500,1964,"Weidevogels",4.74960241804273,11,115.53833943519,"volledig","1958-1983","pre",4.74960241804273,4.53729157415641,0.0784172710294295,93.4373888628315,80.1254653431448,108.960935204739
500,1965,"Weidevogels",4.44010375523201,12,84.783737973893,"volledig","1958-1983","pre",4.44010375523201,4.47736248758995,0.0762946244010259,88.0022592628348,75.7792890485219,102.196757618093
500,1966,"Weidevogels",4.5360236320995,12,93.3189907446437,"volledig","1958-1983","pre",4.5360236320995,4.41592131470828,0.0753222280091559,82.7580520040545,71.399420124741,95.9236806060912
500,1967,"Weidevogels",4.3153074699688,11,74.8366299231285,"volledig","1958-1983","pre",4.3153074699688,4.35277707505491,0.0749121805921464,77.6939254713015,67.0842438927059,89.9815769675312
500,1968,"Weidevogels",4.4135236333536,12,82.5598622586904,"volledig","1958-1983","pre",4.4135236333536,4.28778428635572,0.0746606785002303,72.8049746779047,62.8939111211484,84.277861614302
500,1969,"Weidevogels",3.91590385923506,12,50.1944197035555,"volledig","1958-1983","pre",3.91590385923506,4.22084847102172,0.0743767684811526,68.0912332250305,58.8546005485988,78.7774617258172
500,1970,"Weidevogels",4.14662383928872,12,63.2201980370393,"volledig","1958-1983","pre",4.14662383928872,4.15192853172884,0.0740407922442338,63.556452819219,54.9711542203723,73.4825883183768
500,1971,"Weidevogels",4.28010101024423,12,72.2477374003637,"volledig","1958-1983","pre",4.28010101024423,4.08103620527359,0.0737338943282971,59.2067884614977,51.2398614145158,68.4124371759421
500,1972,"Weidevogels",3.89606462250268,13,49.2084138703788,"volledig","1958-1983","pre",3.89606462250268,4.00823290924838,0.0735710055511904,55.0495070888936,47.6572008530028,63.588464628409
500,1973,"Weidevogels",4.03566270695754,12,56.5804040439822,"volledig","1958-1983","pre",4.03566270695754,3.93362438594401,0.0736604943421928,51.0918189692806,44.2232123284024,59.0272354302317
500,1974,"Weidevogels",3.97619584473076,12,53.3138338676529,"volledig","1958-1983","pre",3.97619584473076,3.85735361657394,0.0741028330422139,47.3399059112803,40.9401835580972,54.7400254937458
500,1975,"Weidevogels",3.79126494618581,14,44.3124176627307,"volledig","1958-1983","pre",3.79126494618581,3.77959252242,0.0750250025681782,43.798191317992,37.8088619166009,50.7362947596463
500,1976,"Weidevogels",4.28940735046694,13,72.9232377677495,"volledig","1958-1983","pre",4.28940735046694,3.70053298568155,0.0766304997458843,40.4688679401779,34.8250587328909,47.027322621937
500,1977,"Weidevogels",3.90644135692809,12,49.7216949978904,"volledig","1958-1983","pre",3.90644135692809,3.62037771143117,0.0792336975893283,37.3516733119669,31.9790072522831,43.6269796681789
500,1978,"Weidevogels",3.09235862621667,12,22.0289748666676,"volledig","1958-1983","pre",3.09235862621667,3.53933141473109,0.0832480314604923,34.4438828181696,29.2583579010436,40.5484500396203
500,1979,"Weidevogels",3.04849981638177,12,21.0836912774459,"volledig","1958-1983","pre",3.04849981638177,3.4575927568642,0.0891161152075502,31.7404774292414,26.6536251914182,37.7981569186527
500,1980,"Weidevogels",3.01952150450481,13,20.4814890388794,"volledig","1958-1983","pre",3.01952150450481,3.37534737633447,0.0972060437279244,29.2344373692682,24.1630239959107,35.3702553307197
500,1981,"Weidevogels",3.5143015568767,13,33.5924573076302,"volledig","1958-1983","pre",3.5143015568767,3.29276226930491,0.107727876433909,26.917113375881,21.7935843692762,33.2451505091309
500,1982,"Weidevogels",3.08965422281136,13,21.9694801171851,"volledig","1958-1983","pre",3.08965422281136,3.20998167651399,0.120713173961033,24.7786321895077,19.5579891582268,31.392829202211
500,1983,"Weidevogels",3.24860032805692,12,25.7542671529156,"volledig","1958-1983","pre",3.24860032805692,3.12712453559083,0.136055022438149,22.8083007022086,17.469503290694,29.7786704215847
500,1984,"Weidevogels",5.06754877524157,10,158.784633100418,"volledig","1984-2025","post",5.06754877524157,4.43109489471229,0.140476890850198,84.0233633014625,63.8004464927936,110.656366351401
500,1985,"Weidevogels",4.24519661882495,11,69.7694767879275,"volledig","1984-2025","post",4.24519661882495,4.311531324285,0.123495429828453,74.5545687931788,58.5265373808923,94.972024259059
500,1986,"Weidevogels",4.01347097661383,11,55.3386166420848,"volledig","1984-2025","post",4.01347097661383,4.1926647466454,0.109364394557662,66.1989595892769,53.4266953147233,82.0245801258655
500,1987,"Weidevogels",3.91424549334532,11,50.1112479737054,"volledig","1984-2025","post",3.91424549334532,4.0746282941427,0.0980518219793417,58.8286095850494,48.5428407781244,71.2938355117809
500,1988,"Weidevogels",3.61431092195017,12,37.1257545668819,"volledig","1984-2025","post",3.61431092195017,3.95755829146464,0.089410665612354,52.3293966951217,43.9175225278839,62.3524643662854
500,1989,"Weidevogels",3.81203963459486,11,45.242623242667,"volledig","1984-2025","post",3.81203963459486,3.84158971291115,0.0831870068673893,46.5994954076588,39.5886784418625,54.851868203617
500,1990,"Weidevogels",3.51979422514368,12,33.7774771931595,"volledig","1984-2025","post",3.51979422514368,3.7268514089605,0.0790416820041917,41.5480840764075,35.5851961265937,48.5101524881062
500,1991,"Weidevogels",3.52592484315936,11,33.9851900569117,"volledig","1984-2025","post",3.52592484315936,3.61346148176692,0.0765790594823569,37.0942318493464,31.9242696685219,43.1014413416578
500,1992,"Weidevogels",3.67468685812301,11,39.4363057646706,"volledig","1984-2025","post",3.67468685812301,3.50152321725766,0.0753770671161723,33.1659324232081,28.61079704702,38.4462925549771
500,1993,"Weidevogels",3.57607165908599,11,35.7328937844983,"volledig","1984-2025","post",3.57607165908599,3.39112197379813,0.075016742464601,29.699255370622,25.638346953135,34.4033790938915
500,1994,"Weidevogels",3.5050065269371,12,33.2816610790032,"volledig","1984-2025","post",3.5050065269371,3.28232338160214,0.0751124611635019,26.6375901461781,22.9910028214528,30.8625602069725
500,1995,"Weidevogels",3.11408922834929,13,22.5129168868954,"volledig","1984-2025","post",3.11408922834929,3.17517312421227,0.0753426568474558,23.930962538805,20.6455854479223,27.7391488596086
500,1996,"Weidevogels",3.15339015584104,14,23.4153117307827,"volledig","1984-2025","post",3.15339015584104,3.06969845798557,0.0754773855077487,21.5354078655533,18.5740005393252,24.9689769823053
500,1997,"Weidevogels",2.92622318552375,14,18.6570331112395,"volledig","1984-2025","post",2.92622318552375,2.96591148539754,0.0753966622508935,19.4123892893282,16.7455747173453,22.5039071086695
500,1998,"Weidevogels",2.82031194250893,14,16.7820849013774,"volledig","1984-2025","post",2.82031194250893,2.86381404368934,0.0750931374910941,17.5282531306199,15.1292732691847,20.3076282875314
500,1999,"Weidevogels",2.73363090249981,14,15.388660430351,"volledig","1984-2025","post",2.73363090249981,2.76340391447069,0.0746542070788997,15.8537158997491,13.6956966259575,18.351772435846
500,2000,"Weidevogels",3.02891210285373,13,20.6747283724759,"volledig","1984-2025","post",3.02891210285373,2.66468191587136,0.0742225046422705,14.3633800560647,12.4187298748672,16.6125432080199
500,2001,"Weidevogels",2.82818887583976,13,16.9147982662669,"volledig","1984-2025","post",2.82818887583976,2.56765932007185,0.0739408190454469,13.0352772924164,11.2766623885061,15.0681512167445
500,2002,"Weidevogels",2.39711559137722,14,10.9914268469658,"volledig","1984-2025","post",2.39711559137722,2.47236495758752,0.0738966984252176,11.8504395247265,10.2525599812991,13.6973514112918
500,2003,"Weidevogels",2.34398632825335,13,10.4227021722016,"volledig","1984-2025","post",2.34398632825335,2.3788513351664,0.0740877012707112,10.7924987774139,9.33377405597987,12.4791996422772
500,2004,"Weidevogels",1.70944612738745,12,5.52589998520237,"volledig","1984-2025","post",1.70944612738745,2.28719911287587,0.0744231275001888,9.84731779352067,8.51074755455301,11.3937896882763
500,2005,"Weidevogels",1.82239473024121,13,6.18665609707287,"volledig","1984-2025","post",1.82239473024121,2.1975193601497,0.0747620073124409,9.00265343639581,7.7755626796316,10.4233959952708
500,2006,"Weidevogels",1.45546953250154,13,4.28649564219573,"volledig","1984-2025","post",1.45546953250154,2.10995313808968,0.0749705136025758,8.24785476533988,7.12073486467438,9.55338311606277
500,2007,"Weidevogels",2.29513811501828,13,9.92580682060901,"volledig","1984-2025","post",2.29513811501828,2.02466812958872,0.0749753734209211,7.57359707474435,6.53855633804643,8.7724827446717
500,2008,"Weidevogels",2.4290978934411,14,11.3486397784936,"volledig","1984-2025","post",2.4290978934411,1.94185224922338,0.0747938361725484,6.97165225622793,6.02101789349253,8.0723784651593
500,2009,"Weidevogels",2.16334308798383,15,8.70017454396351,"volledig","1984-2025","post",2.16334308798383,1.86170439735053,0.0745293369676026,6.43469470704835,5.56016006709538,7.44678129285335
500,2010,"Weidevogels",1.88325866487148,13,6.57489537159278,"volledig","1984-2025","post",1.88325866487148,1.78442276108032,0.0743318218926262,5.95614083878112,5.14863890869273,6.8902897096747
500,2011,"Weidevogels",1.85205736345192,13,6.37291745182885,"volledig","1984-2025","post",1.85205736345192,1.71019129131532,0.0743338629960547,5.53001922110276,4.78026947215916,6.39736164747069
500,2012,"Weidevogels",1.73617418820948,14,5.67558810144888,"volledig","1984-2025","post",1.73617418820948,1.63916518262299,0.07458742903199,5.15086768301518,4.45031028947997,5.96170517607447
500,2013,"Weidevogels",2.06226035452201,15,7.86372454209349,"volledig","1984-2025","post",2.06226035452201,1.57145633576965,0.0750331960124062,4.81365338719066,4.1553276067344,5.57627728183434
500,2014,"Weidevogels",1.43576432704686,14,4.20285613807551,"volledig","1984-2025","post",1.43576432704686,1.50711987865861,0.0755245623806792,4.51371201717508,3.89265613779315,5.2338545848391
500,2015,"Weidevogels",0.828339971781967,9,2.28951492453664,"volledig","1984-2025","post",0.828339971781967,1.44614285161268,0.0759050580455863,4.24670272160055,3.65965520921556,4.92791888160284
500,2016,"Weidevogels",1.26696380171965,10,3.55005750419047,"volledig","1984-2025","post",1.26696380171965,1.38843612373275,0.076117074909104,4.00857623129884,3.45301118256913,4.65352776244948
500,2017,"Weidevogels",0.874437951904793,9,2.39752738950653,"volledig","1984-2025","post",0.874437951904793,1.33383050011566,0.0763113747657731,3.79555444927087,3.26826808038457,4.40791061903488
500,2018,"Weidevogels",1.22508571582655,10,3.40445788620623,"volledig","1984-2025","post",1.22508571582655,1.28207781212371,0.076921477706009,3.60412063646793,3.09971978608464,4.19059994407485
500,2019,"Weidevogels",0.93451018907586,9,2.54596611026844,"volledig","1984-2025","post",0.93451018907586,1.23285756686839,0.0786527803452749,3.4310199101236,2.94084841835448,4.00289166561376
500,2020,"Weidevogels",1.78906380833676,13,5.98384781484012,"volledig","1984-2025","post",1.78906380833676,1.18578948421828,0.0823317301969816,3.2732699966483,2.785477444654,3.84648473514702
500,2021,"Weidevogels",1.15852696653615,10,3.18523785675694,"volledig","1984-2025","post",1.15852696653615,1.14045198997713,0.0886272030462917,3.12818195258764,2.6293657883788,3.72162837584059
500,2022,"Weidevogels",0.839778347889796,10,2.31585360604964,"volledig","1984-2025","post",0.839778347889796,1.09640648457832,0.0977954516481164,2.99338988072487,2.47125816464125,3.62583849240488
500,2023,"Weidevogels",0.884442817641458,10,2.42163472336814,"volledig","1984-2025","post",0.884442817641458,1.05322699069163,0.10963027329638,2.86688762666938,2.31255195003179,3.55410163384092
500,2024,"Weidevogels",1.12069041095823,11,3.06697094284633,"volledig","1984-2025","post",1.12069041095823,1.01053462299671,0.123621921798406,2.74706926890552,2.15595904334231,3.50024718301986
500,2025,"Weidevogels",1.43856057301248,12,4.21462480396967,"volledig","1984-2025","post",1.43856057301248,0.968036239786428,0.139178925939601,2.63276925207546,2.00420113498423,3.4584722130339
600,1958,"Struweelvogels",4.60517018598809,13,100,"volledig","1958-1983","pre",4.60517018598809,5.1406286916859,0.073982884907642,170.823129650569,147.764861587284,197.479572004866
600,1959,"Struweelvogels",5.51605097112318,16,248.651165167289,"volledig","1958-1983","pre",5.51605097112318,5.19334963856421,0.065267937252671,180.070715668532,158.447685919937,204.644595805343
600,1960,"Struweelvogels",5.37296463936629,19,215.500803778245,"volledig","1958-1983","pre",5.37296463936629,5.24601251274373,0.0574766403948753,189.807900887029,169.585681990763,212.441515204702
600,1961,"Struweelvogels",5.441083355396,19,230.69196952267,"volledig","1958-1983","pre",5.441083355396,5.29852644888914,0.0509800699293051,200.041820840068,181.019636046745,221.062924216002
600,1962,"Struweelvogels",5.40115819413742,20,221.662996373564,"volledig","1958-1983","pre",5.40115819413742,5.35076861010129,0.0460993078220175,210.770235757407,192.561188733415,230.701173862892
600,1963,"Struweelvogels",5.35032567709167,20,210.676899334962,"volledig","1958-1983","pre",5.35032567709167,5.40259296383601,0.0429528689032939,221.981259986956,204.058219081956,241.478534935199
600,1964,"Struweelvogels",5.43662433825749,21,229.665600076919,"volledig","1958-1983","pre",5.43662433825749,5.45383853400722,0.041349384266377,233.653333008495,215.463978156381,253.378223557885
600,1965,"Struweelvogels",5.54028502974046,22,254.750600608892,"volledig","1958-1983","pre",5.54028502974046,5.50433717000028,0.0408364481973758,245.75550755833,226.851979370945,266.234262811938
600,1966,"Struweelvogels",5.65601085408531,22,286.00544642578,"volledig","1958-1983","pre",5.65601085408531,5.55392084818486,0.0408871235376311,258.248125159611,238.359988123076,279.795676588211
600,1967,"Struweelvogels",5.47654330358635,23,239.019061405586,"volledig","1958-1983","pre",5.47654330358635,5.60242848905509,0.0410786013973649,271.08393307056,250.113403826583,293.812717130332
600,1968,"Struweelvogels",5.53567419396736,23,253.578691243412,"volledig","1958-1983","pre",5.53567419396736,5.64971223745048,0.0411699561682239,284.209669156481,262.17680996814,308.094129499295
600,1969,"Struweelvogels",5.5555487220325,23,258.668862889821,"volledig","1958-1983","pre",5.5555487220325,5.69564311892133,0.0410915746462762,297.568103739823,274.541829208766,322.525629768358
600,1970,"Struweelvogels",5.69818674059071,23,298.325967867805,"volledig","1958-1983","pre",5.69818674059071,5.74011595669593,0.0408905249535022,311.100483074072,287.140179774826,337.060144786487
600,1971,"Struweelvogels",5.77874922827988,23,323.354494721467,"volledig","1958-1983","pre",5.77874922827988,5.78305341497512,0.0406636960550866,324.749272373893,299.871056533923,351.691460744369
600,1972,"Struweelvogels",5.76622545974053,23,319.330130575859,"volledig","1958-1983","pre",5.76622545974053,5.8244090287077,0.0404997639767092,338.461053197015,312.632847647374,366.423059487476
600,1973,"Struweelvogels",6.01883321026399,23,411.098650097878,"volledig","1958-1983","pre",6.01883321026399,5.86416908972674,0.0404475463008268,352.189396708298,325.34686788238,381.246550677098
600,1974,"Struweelvogels",6.16141287862674,22,474.097444000409,"volledig","1958-1983","pre",6.16141287862674,5.90235328489798,0.0405218970216985,365.897516598592,337.96095353886,396.143374703856
600,1975,"Struweelvogels",6.17554843224395,23,480.84666343452,"volledig","1958-1983","pre",6.17554843224395,5.93901402297409,0.0407446721796364,379.5605070426,350.427719992896,411.115246560279
600,1976,"Struweelvogels",5.99486619998133,23,401.362978024116,"volledig","1958-1983","pre",5.99486619998133,5.9742344408794,0.0412036599447448,393.166993270266,362.663449334349,426.236183659824
600,1977,"Struweelvogels",5.9664382524228,23,390.113706759364,"volledig","1958-1983","pre",5.9664382524228,6.00812514352312,0.042103196780119,406.720063253927,374.504147564335,441.707283962352
600,1978,"Struweelvogels",5.86374760326239,23,352.040984923673,"volledig","1958-1983","pre",5.86374760326239,6.0408197992267,0.0437761011933502,420.237404009456,385.684100105023,457.886326349772
600,1979,"Struweelvogels",5.88440934088507,23,359.390428060365,"volledig","1958-1983","pre",5.88440934088507,6.07246978002104,0.0466315952918234,433.750628400092,395.86444943459,475.262701427706
600,1980,"Struweelvogels",6.23824529014695,22,511.959382146238,"volledig","1958-1983","pre",6.23824529014695,6.10323809675077,0.0510454014835281,447.303840673831,404.717425932071,494.3714133899
600,1981,"Struweelvogels",6.22923078052876,22,507.365058271853,"volledig","1958-1983","pre",6.22923078052876,6.13329292769235,0.0572511988630107,460.951544391476,412.02357884607,515.689725505411
600,1982,"Struweelvogels",5.9786796357088,23,394.918587360082,"volledig","1958-1983","pre",5.9786796357088,6.16280107156451,0.0653038349277315,474.756039747206,417.71757869087,539.582983275051
600,1983,"Struweelvogels",6.18976447148627,22,487.73121807636,"volledig","1958-1983","pre",6.18976447148627,6.1919216678653,0.0751222018063805,488.78448573808,421.863647790958,566.321072577043
600,1984,"Struweelvogels",6.2722863973493,23,529.687069544557,"volledig","1984-2025","post",6.2722863973493,5.87645443922046,0.0712623169295245,356.542853649458,310.064486879836,409.988282656069
600,1985,"Struweelvogels",5.73715542169338,24,310.180821221891,"volledig","1984-2025","post",5.73715542169338,5.85791463771572,0.062968393622496,349.993519191292,309.357196875934,395.967718588528
600,1986,"Struweelvogels",5.77084924383414,24,320.810062961471,"volledig","1984-2025","post",5.77084924383414,5.84015292001675,0.0559988294819833,343.831915427264,308.091006270001,383.719042946604
600,1987,"Struweelvogels",5.70487051639856,24,300.326590162353,"volledig","1984-2025","post",5.70487051639856,5.82323519117523,0.0503444851195828,338.063988000103,306.298464369448,373.123842516833
600,1988,"Struweelvogels",5.73454839465298,25,309.373224604071,"volledig","1984-2025","post",5.73454839465298,5.80718450916666,0.0459489888693541,332.681145141814,304.029425455274,364.03300163178
600,1989,"Struweelvogels",5.74777932229647,25,313.493718220002,"volledig","1984-2025","post",5.74777932229647,5.79197607166102,0.0427110931776405,327.659864436896,301.346971177648,356.270336294551
600,1990,"Struweelvogels",5.75772529566518,25,316.627275700764,"volledig","1984-2025","post",5.75772529566518,5.7775347703944,0.0404902581481589,322.962032668101,298.322126597643,349.637070956491
600,1991,"Struweelvogels",5.57524163009735,25,263.813293167886,"volledig","1984-2025","post",5.57524163009735,5.76373553486964,0.0391144404586471,318.536011600284,295.028284548979,343.916824250697
600,1992,"Struweelvogels",5.64865754852967,25,283.91007438465,"volledig","1984-2025","post",5.64865754852967,5.75040652063651,0.0383904402064188,314.318411237839,291.535347112975,338.881938747531
600,1993,"Struweelvogels",5.69035705622807,25,295.999290164437,"volledig","1984-2025","post",5.69035705622807,5.73733502719888,0.0381177740912736,310.236536408309,287.90316471837,334.302363840889
600,1994,"Struweelvogels",5.73502732810254,25,309.521429276986,"volledig","1984-2025","post",5.73502732810254,5.72427586732209,0.0381058154626414,306.211447224934,284.174495147233,329.957304447776
600,1995,"Struweelvogels",5.79069934976,25,327.241800844143,"volledig","1984-2025","post",5.79069934976,5.71096176319464,0.0381919219944898,302.161536424184,280.368720580155,325.648288815162
600,1996,"Struweelvogels",5.67166053189133,25,290.516546072806,"volledig","1984-2025","post",5.67166053189133,5.69711522429306,0.0382571078700295,298.00647793113,276.478011356216,321.211297973697
600,1997,"Struweelvogels",5.70036172058285,25,298.975527012063,"volledig","1984-2025","post",5.70036172058285,5.68246127387564,0.0382358773550755,293.671346754381,272.467394643431,316.525432400434
600,1998,"Struweelvogels",5.69601670717882,25,297.679292457292,"volledig","1984-2025","post",5.69601670717882,5.6667403405699,0.0381175338379859,289.090659777296,268.279668142114,311.51600175009
600,1999,"Struweelvogels",5.7220599176198,25,305.533649320008,"volledig","1984-2025","post",5.7220599176198,5.64972062089166,0.0379373146300062,284.212051821514,263.845441863124,306.150789758573
600,2000,"Struweelvogels",5.7745616323965,25,322.003247982753,"volledig","1984-2025","post",5.7745616323965,5.63120924763068,0.0377574885913929,278.999292961694,259.09753400766,300.429742688419
600,2001,"Struweelvogels",5.60619732321828,25,272.107531132673,"volledig","1984-2025","post",5.60619732321828,5.611061665382,0.0376416366929566,273.434379776025,253.987247093261,294.370528044844
600,2002,"Struweelvogels",5.67642466476133,25,291.903907662635,"volledig","1984-2025","post",5.67642466476133,5.58918871349132,0.0376291971009137,267.51849750355,248.498171453485,287.994660435372
600,2003,"Struweelvogels",5.67230137118944,25,290.702780158969,"volledig","1984-2025","post",5.67230137118944,5.56556104197294,0.0377195567908433,261.27174701387,242.652580550772,281.319595418013
600,2004,"Struweelvogels",5.60532915797499,25,271.871399347243,"volledig","1984-2025","post",5.60532915797499,5.54021062992814,0.0378725392774083,254.731647917066,236.50762606839,274.359916122876
600,2005,"Struweelvogels",5.56972828936524,25,262.362802791031,"volledig","1984-2025","post",5.56972828936524,5.51322933026076,0.0380251491644804,247.950549786496,230.142811983474,267.136195171893
600,2006,"Struweelvogels",5.54276399154596,25,255.382901018209,"volledig","1984-2025","post",5.54276399154596,5.48476452045801,0.0381171953129018,240.99218858573,223.643846973479,259.686263428598
600,2007,"Struweelvogels",5.62001440880548,25,275.893358499878,"volledig","1984-2025","post",5.62001440880548,5.45501208857563,0.0381153600395127,233.927698905057,217.088690690202,252.072865431331
600,2008,"Struweelvogels",5.32296829890436,25,204.991455730085,"volledig","1984-2025","post",5.32296829890436,5.42420711879345,0.0380268526933179,226.831424622802,210.539753392826,244.383753506206
600,2009,"Struweelvogels",5.42576279577157,24,227.184575671256,"volledig","1984-2025","post",5.42576279577157,5.39261275558732,0.0378976431510947,219.776859271416,204.043534402606,236.723344420714
600,2010,"Struweelvogels",5.20445810631934,25,182.082176848853,"volledig","1984-2025","post",5.20445810631934,5.36050781471823,0.0377949042132006,212.832998741238,197.636562770431,229.197901027071
600,2011,"Struweelvogels",5.38627930396502,24,218.389311786131,"volledig","1984-2025","post",5.38627930396502,5.32817376950002,0.0377788618582991,206.061314869573,191.354398878231,221.898559608225
600,2012,"Struweelvogels",5.29119245223235,24,198.580081542306,"volledig","1984-2025","post",5.29119245223235,5.29588177047998,0.0378751858176212,199.513473517894,185.238911656122,214.888037072204
600,2013,"Struweelvogels",4.94898780906605,25,141.032140197528,"volledig","1984-2025","post",4.94898780906605,5.26388035571489,0.0380618993011097,193.22983894054,179.339208674903,208.196361146386
600,2014,"Struweelvogels",5.02535428777522,25,152.224177725482,"volledig","1984-2025","post",5.02535428777522,5.23238447875593,0.0382805797710549,187.238738441808,173.704319826391,201.827710492858
600,2015,"Struweelvogels",5.21409970014455,24,183.846229715897,"volledig","1984-2025","post",5.21409970014455,5.20156642514315,0.0384715383991472,181.556413781484,168.369708924067,195.775900521745
600,2016,"Struweelvogels",5.22838050831738,24,186.490538952035,"volledig","1984-2025","post",5.22838050831738,5.17154910967942,0.0386232146187083,176.187560045606,163.342236319031,190.043047128329
600,2017,"Struweelvogels",5.01040400728424,24,149.965310989907,"volledig","1984-2025","post",5.01040400728424,5.14240215093462,0.0388212071495717,171.126346301459,158.588466348699,184.655461224386
600,2018,"Struweelvogels",5.15885745625135,24,173.965578729522,"volledig","1984-2025","post",5.15885745625135,5.11414101191468,0.0392790049448969,166.357820205851,154.031043339034,179.671082813661
600,2019,"Struweelvogels",5.31659918218261,24,203.689990214032,"volledig","1984-2025","post",5.31659918218261,5.08672938263877,0.0403270275420391,161.859614542395,149.558617854744,175.17235178823
600,2020,"Struweelvogels",4.94107301287739,25,139.920305329146,"volledig","1984-2025","post",4.94107301287739,5.06008486775043,0.0423388183382155,157.603891243517,145.053230769458,171.240491530841
600,2021,"Struweelvogels",5.13925092558849,24,170.58793739105,"volledig","1984-2025","post",5.13925092558849,5.03408793655341,0.0456066594499761,153.559472740486,140.428559202805,167.918205543085
600,2022,"Struweelvogels",5.02554103925466,24,152.252608470538,"volledig","1984-2025","post",5.02554103925466,5.00859400025059,0.0502347967649881,149.694118226655,135.657563985193,165.183041574458
600,2023,"Struweelvogels",5.08421328834853,24,161.45287240579,"volledig","1984-2025","post",5.08421328834853,4.983448407758,0.0561223742646482,145.976902590465,130.771111455684,162.950791292521
600,2024,"Struweelvogels",4.93510935842916,25,139.088352184121,"volledig","1984-2025","post",4.93510935842916,4.95850410313802,0.063033470548521,142.380649747243,125.833361122615,161.1039333416
600,2025,"Struweelvogels",4.8586903254478,25,128.855332999185,"volledig","1984-2025","post",4.8586903254478,4.93364167008505,0.0706943224862169,138.884363563297,120.914151011414,159.525301885974
700,1958,"Bosrandvogels",4.60517018598809,10,100,"volledig","1958-1983","pre",4.60517018598809,5.02079757024305,0.0655812178229967,151.532113114976,133.254173490538,172.317164285442
700,1959,"Bosrandvogels",5.39756769639295,11,220.868542980096,"volledig","1958-1983","pre",5.39756769639295,5.05214840133993,0.0617667480525132,156.358023687007,138.529815268597,176.480648038867
700,1960,"Bosrandvogels",5.35403188054888,12,211.459159499873,"volledig","1958-1983","pre",5.35403188054888,5.08349923339701,0.0580504140215271,161.337627333366,143.986626237862,180.779497885864
700,1961,"Bosrandvogels",5.2710862452787,14,194.627260606742,"volledig","1958-1983","pre",5.2710862452787,5.11485006785743,0.0544523118176421,166.475819035833,149.62370916327,185.225981087059
700,1962,"Bosrandvogels",5.11897831662983,17,167.164493162403,"volledig","1958-1983","pre",5.11897831662983,5.14620090657266,0.0509974689475536,171.777649762414,155.437833549311,189.835127549804
700,1963,"Bosrandvogels",5.09981323211747,17,163.991276136135,"volledig","1958-1983","pre",5.09981323211747,5.17755175160339,0.047717004469838,177.248331410235,161.422705251777,194.625476872726
700,1964,"Bosrandvogels",5.04874593836652,18,155.826925334423,"volledig","1958-1983","pre",5.04874593836652,5.20890260504175,0.044649358345766,182.893241904915,167.568104504361,199.619957708712
700,1965,"Bosrandvogels",5.1564645915427,18,173.549800284832,"volledig","1958-1983","pre",5.1564645915427,5.24025346885802,0.0418413507956538,188.717930462271,173.858964431659,204.846827394752
700,1966,"Bosrandvogels",5.35683585978761,18,212.052918648086,"volledig","1958-1983","pre",5.35683585978761,5.2716043447747,0.0393485904341718,194.728123018496,180.27457540256,210.340486503057
700,1967,"Bosrandvogels",5.35762538281737,18,212.220405419518,"volledig","1958-1983","pre",5.35762538281737,5.30295523416989,0.0372344317132593,200.929727835161,186.788273478252,216.141810061821
700,1968,"Bosrandvogels",5.27385340371484,18,195.166570907225,"volledig","1958-1983","pre",5.27385340371484,5.33430613801125,0.0355664422539518,207.328841285594,193.368155090964,222.297453314409
700,1969,"Bosrandvogels",5.29098181410024,18,198.53825740989,"volledig","1958-1983","pre",5.29098181410024,5.3656570568202,0.0344095593241488,213.931753829263,199.979391861177,228.857558123963
700,1970,"Bosrandvogels",5.31162087398,19,202.678478562407,"volledig","1958-1983","pre",5.31162087398,5.39700799066508,0.0338162762499926,220.74495618083,206.588334149979,235.871671456051
700,1971,"Bosrandvogels",5.3281384035302,19,206.054027440195,"volledig","1958-1983","pre",5.3281384035302,5.42835893918067,0.0338162697692478,227.775145680552,213.167672406886,243.383606923132
700,1972,"Bosrandvogels",5.46992483764559,19,237.442345364734,"volledig","1958-1983","pre",5.46992483764559,5.45970990161035,0.0344095423686037,235.029232872618,219.700926955213,251.426978803563
700,1973,"Bosrandvogels",5.47478620849154,21,238.599450940926,"volledig","1958-1983","pre",5.47478620849154,5.49106087686632,0.0355664211568786,242.514348297996,226.18442162601,260.023253182518
700,1974,"Bosrandvogels",5.61696974171313,21,275.054632538839,"volledig","1958-1983","pre",5.61696974171313,5.52241186360282,0.037234413892967,250.237849508209,232.626092737613,269.182964772241
700,1975,"Bosrandvogels",5.57721782728292,22,264.335155737192,"volledig","1958-1983","pre",5.57721782728292,5.55376286029678,0.0393485813916524,258.207328306506,239.042088937782,278.909143939656
700,1976,"Bosrandvogels",5.58523671067433,21,266.463349994086,"volledig","1958-1983","pre",5.58523671067433,5.58511386533065,0.0418413521457745,266.430618222791,245.452836098077,289.201279785639
700,1977,"Bosrandvogels",5.63411460467651,22,279.811064194897,"volledig","1958-1983","pre",5.63411460467651,5.61646487707218,0.0446493674936724,274.915802228747,251.879832037415,300.058554524717
700,1978,"Bosrandvogels",5.51132135128318,21,247.477916380705,"volledig","1958-1983","pre",5.51132135128318,5.64781589394697,0.0477170158763469,283.67122069972,258.343615758521,311.481904505375
700,1979,"Bosrandvogels",5.65262320187465,20,285.03819871738,"volledig","1958-1983","pre",5.65262320187465,5.67916691449994,0.0509974765047303,292.705479630065,264.862774701627,323.475044396039
700,1980,"Bosrandvogels",5.94388592659569,19,381.414201094338,"volledig","1958-1983","pre",5.94388592659569,5.71051793744339,0.0544523116726613,302.027459108966,271.453649999197,336.04479459417
700,1981,"Bosrandvogels",5.85896435982584,19,350.361108026097,"volledig","1958-1983","pre",5.85896435982584,5.74186896169011,0.0580504071668749,311.646322064049,278.130426472642,349.201025172996
700,1982,"Bosrandvogels",5.59259744993031,20,268.431953535034,"volledig","1958-1983","pre",5.59259744993031,5.77321998637119,0.0617667420854585,321.571523280587,284.905393316263,362.956430488515
700,1983,"Bosrandvogels",5.84122261331574,19,344.199906907097,"volledig","1958-1983","pre",5.84122261331574,5.80457101083916,0.0655812274283648,331.812818704489,291.789252909452,377.326257080428
700,1984,"Bosrandvogels",5.5799854510608,19,265.067749303606,"volledig","1984-2025","post",5.5799854510608,5.29607320895301,0.0972593171968143,199.551671728799,164.917433767225,241.459430820178
700,1985,"Bosrandvogels",5.18726471906956,20,178.978326780153,"volledig","1984-2025","post",5.18726471906956,5.26768320974871,0.0805103486779212,193.966062801695,165.650960374243,227.121131285884
700,1986,"Bosrandvogels",5.16716424048797,21,175.416691954646,"volledig","1984-2025","post",5.16716424048797,5.24215751580628,0.0682471521320143,189.077600567569,165.404352564543,216.1390464162
700,1987,"Bosrandvogels",5.1826025379328,20,178.145839512275,"volledig","1984-2025","post",5.1826025379328,5.21976099224885,0.0601808536630839,184.889988648972,164.318483808108,208.036899503878
700,1988,"Bosrandvogels",5.1293494244545,21,168.907195401486,"volledig","1984-2025","post",5.1293494244545,5.20064603377963,0.0555040898758821,181.389387702718,162.691865756184,202.235740663737
700,1989,"Bosrandvogels",5.19697593187062,21,180.724890297113,"volledig","1984-2025","post",5.19697593187062,5.18484589666795,0.0531132647606583,178.545933146456,160.893699880906,198.134857155595
700,1990,"Bosrandvogels",5.15977490675855,22,174.125256775114,"volledig","1984-2025","post",5.15977490675855,5.17227630862337,0.052009431986288,176.315730050106,159.228109005606,195.237115213165
700,1991,"Bosrandvogels",5.04439730272884,22,155.150762072987,"volledig","1984-2025","post",5.04439730272884,5.16274528688195,0.0515391325723106,174.643243905303,157.863160824533,193.206967873073
700,1992,"Bosrandvogels",4.99209575611537,24,147.244689315965,"volledig","1984-2025","post",4.99209575611537,5.15597051059301,0.0513779435389521,173.464073814342,156.846832700323,191.841839495465
700,1993,"Bosrandvogels",5.17473514701872,23,176.749795366399,"volledig","1984-2025","post",5.17473514701872,5.15160306198042,0.0513884085900358,172.708130359533,156.160102828141,191.00972496869
700,1994,"Bosrandvogels",5.05377566380534,23,156.61266635916,"volledig","1984-2025","post",5.05377566380534,5.14925591010808,0.0514844736746824,172.303233511075,155.764669854762,190.597805690173
700,1995,"Bosrandvogels",5.22982234710985,23,186.759622186231,"volledig","1984-2025","post",5.22982234710985,5.14853519207515,0.0515625508606628,172.179096202923,155.628630021804,190.489636547606
700,1996,"Bosrandvogels",5.41038231809478,23,223.717102428957,"volledig","1984-2025","post",5.41038231809478,5.14907216989736,0.0515037063361739,172.271577386982,155.730181732532,190.569972019747
700,1997,"Bosrandvogels",5.3907740882326,24,219.373134006921,"volledig","1984-2025","post",5.3907740882326,5.15055371674699,0.0512189059528392,172.526994959572,156.048157429068,190.746013795837
700,1998,"Bosrandvogels",5.16963445364104,24,175.850544207539,"volledig","1984-2025","post",5.16963445364104,5.15274931150745,0.0506993758206011,172.906210475204,156.550483290424,190.970714318607
700,1999,"Bosrandvogels",5.16591603695727,23,175.197872814227,"volledig","1984-2025","post",5.16591603695727,5.15553278247797,0.0500413349787947,173.38816032823,157.18945002135,191.256182510496
700,2000,"Bosrandvogels",5.09319424113551,23,162.909403759847,"volledig","1984-2025","post",5.09319424113551,5.15889741651835,0.0494274844668758,173.972530579395,157.909099360471,191.670027368766
700,2001,"Bosrandvogels",4.9335889062943,22,138.877035691124,"volledig","1984-2025","post",4.9335889062943,5.16296350831625,0.049062799133245,174.681358963089,158.665850559115,192.313450321327
700,2002,"Bosrandvogels",5.06118737729601,24,157.777746859162,"volledig","1984-2025","post",5.06118737729601,5.16797793022704,0.0490838887412036,175.559484803609,159.456874809155,193.288202477296
700,2003,"Bosrandvogels",5.18759454925731,23,179.037368971691,"volledig","1984-2025","post",5.18759454925731,5.17430581877097,0.0494852790541678,176.673927973637,160.342903977708,194.66827686976
700,2004,"Bosrandvogels",5.28696701659064,23,197.742764448579,"volledig","1984-2025","post",5.28696701659064,5.1824149629587,0.050107980831926,178.112426944822,161.451263080576,196.492960332815
700,2005,"Bosrandvogels",5.21156468090345,23,183.380766214898,"volledig","1984-2025","post",5.21156468090345,5.19285390965064,0.05070038587391,179.981471530566,162.95615116153,198.785562026427
700,2006,"Bosrandvogels",5.17955051008022,23,177.602962307839,"volledig","1984-2025","post",5.17955051008022,5.20622514593335,0.0510184890659276,182.404207705197,165.046773149711,201.587067433187
700,2007,"Bosrandvogels",5.33713575199957,23,207.916332670007,"volledig","1984-2025","post",5.33713575199957,5.22315495986439,0.0509207428882813,185.51856536401,167.896934126957,204.98967580132
700,2008,"Bosrandvogels",5.23327872104163,23,187.406250126095,"volledig","1984-2025","post",5.23327872104163,5.24426170980538,0.0504281567602624,189.475875396851,171.64399281026,209.160290258973
700,2009,"Bosrandvogels",5.31059433966287,22,202.470528900812,"volledig","1984-2025","post",5.31059433966287,5.27012424909635,0.0497345398341077,194.440119953785,176.380668933259,214.348661201349
700,2010,"Bosrandvogels",5.35254594551592,22,211.145178262365,"volledig","1984-2025","post",5.35254594551592,5.3012521658508,0.0491552024995159,200.587822008451,182.164107243574,220.874874567329
700,2011,"Bosrandvogels",5.55896428931934,22,259.553874343731,"volledig","1984-2025","post",5.55896428931934,5.33805932335573,0.0490101448628108,208.108446941303,189.047714226845,229.090977721915
700,2012,"Bosrandvogels",5.37711348421768,22,216.396740444443,"volledig","1984-2025","post",5.37711348421768,5.38084194662142,0.0494720924516517,217.205073538842,197.13260919807,239.32135917509
700,2013,"Bosrandvogels",5.06959364598281,23,159.109659355885,"volledig","1984-2025","post",5.06959364598281,5.42976221997603,0.0504586594092267,228.095002540152,206.616258168958,251.806564714995
700,2014,"Bosrandvogels",5.09306762922839,23,162.88877879526,"volledig","1984-2025","post",5.09306762922839,5.4848380650375,0.0516444904751743,241.009912906656,217.808201022947,266.683154474768
700,2015,"Bosrandvogels",5.3709692327113,22,215.071220779156,"volledig","1984-2025","post",5.3709692327113,5.54593948226268,0.0525890065565098,256.195156021165,231.103353777945,284.011274158208
700,2016,"Bosrandvogels",5.81218434760591,21,334.348662303741,"volledig","1984-2025","post",5.81218434760591,5.61279158342841,0.05290967270352,273.907808222249,246.925982303019,303.837962718106
700,2017,"Bosrandvogels",6.07351883567479,19,434.205895707752,"volledig","1984-2025","post",6.07351883567479,5.68498423263299,0.0524449238374029,294.413202893168,265.653328353613,326.286647997251
700,2018,"Bosrandvogels",5.61277164401452,22,273.902346715542,"volledig","1984-2025","post",5.61277164401452,5.76198805946836,0.0513943478366695,317.979863824395,287.509279922703,351.679757345448
700,2019,"Bosrandvogels",5.55214861166247,23,257.790853716624,"volledig","1984-2025","post",5.55214861166247,5.84317651328598,0.0504266393252271,344.873096553402,312.417458100509,380.700404674787
700,2020,"Bosrandvogels",5.9666056294052,22,390.179008279225,"volledig","1984-2025","post",5.9666056294052,5.92785358931744,0.0506709541946394,375.347997625107,339.861614675294,414.539663314968
700,2021,"Bosrandvogels",6.24293038433125,21,514.363587636997,"volledig","1984-2025","post",6.24293038433125,6.01528686808729,0.0534012379419349,409.643335662968,368.934987072015,454.843450291494
700,2022,"Bosrandvogels",6.22672401647168,21,506.094806555806,"volledig","1984-2025","post",6.22672401647168,6.10474555767912,0.0594071336612159,447.978642227448,398.739202635814,503.298553453851
700,2023,"Bosrandvogels",6.45162809437955,20,633.733230863607,"volledig","1984-2025","post",6.45162809437955,6.19554330066728,0.0686036506252531,490.557893041394,428.83839462063,561.160216631487
700,2024,"Bosrandvogels",6.23071157242773,22,508.116916875641,"volledig","1984-2025","post",6.23071157242773,6.28708559049677,0.0802879364922171,537.584303001506,459.30810379547,629.200487527878
700,2025,"Bosrandvogels",6.17492715887675,22,480.548018988346,"volledig","1984-2025","post",6.17492715887675,6.37892172401998,0.0936325564454702,589.291945606427,490.488539297991,707.998188201561
800,1958,"Bosvogels",4.60517018598809,6,100,"volledig","1958-1983","pre",4.60517018598809,4.64620595761467,0.0789473710345249,104.188937495654,89.2524713423724,121.625032149891
800,1959,"Bosvogels",4.75063056313726,10,115.657190699813,"volledig","1958-1983","pre",4.75063056313726,4.59434606261289,0.0658621865979186,98.9234246656915,86.9432995503996,112.554319863557
800,1960,"Bosvogels",4.40853148976896,11,82.1487386199028,"volledig","1958-1983","pre",4.40853148976896,4.54348363150076,0.0547212846103254,94.0177535040059,84.4559345446935,104.662129684472
800,1961,"Bosvogels",4.59329274976911,12,98.8192822088631,"volledig","1958-1983","pre",4.59329274976911,4.49505574429473,0.0466429615714887,89.5731620387219,81.7475254516481,98.1479416445549
800,1962,"Bosvogels",4.47035273845879,13,87.3875425245752,"volledig","1958-1983","pre",4.47035273845879,4.45079729778475,0.0424576356466981,85.6952413980319,78.8526035523522,93.131666773581
800,1963,"Bosvogels",4.29364491292008,15,73.2329102068285,"volledig","1958-1983","pre",4.29364491292008,4.41247715145637,0.0418331985989224,82.4735100482924,75.981058746356,89.5207301913519
800,1964,"Bosvogels",4.41985862978212,16,83.0845388487009,"volledig","1958-1983","pre",4.41985862978212,4.38167020610819,0.0432323046966558,79.9714907957941,73.4742414919361,87.043284969518
800,1965,"Bosvogels",4.35234122373511,17,77.660069849889,"volledig","1958-1983","pre",4.35234122373511,4.359573326729,0.0449600328658646,78.2237513179068,71.625536278223,85.429800434264
800,1966,"Bosvogels",4.35934658019394,18,78.2060163640813,"volledig","1958-1983","pre",4.35934658019394,4.34687166921055,0.045929303835914,77.2364633888325,70.5872994395413,84.5119635427326
800,1967,"Bosvogels",4.3996619063828,19,81.4233353008466,"volledig","1958-1983","pre",4.3996619063828,4.3436596392661,0.0457529603925139,76.9887755589397,70.385257934529,84.2118326479421
800,1968,"Bosvogels",4.30740672639303,19,74.247694477529,"volledig","1958-1983","pre",4.30740672639303,4.3494177035533,0.0445992593417028,77.433360624333,70.951969006003,84.5068209040219
800,1969,"Bosvogels",4.30203945569416,19,73.8502545404722,"volledig","1958-1983","pre",4.30203945569416,4.36304291603451,0.0430213289899722,78.4956269846312,72.1481115702015,85.4015901679567
800,1970,"Bosvogels",4.27680488024083,19,72.0099915013845,"volledig","1958-1983","pre",4.27680488024083,4.38292765185305,0.04174505391807,80.072113857367,73.7814500867465,86.8991245096016
800,1971,"Bosvogels",4.38292916466207,19,80.0722349912744,"volledig","1958-1983","pre",4.38292916466207,4.40707797502203,0.0413707477636565,82.029420952878,75.6404588045102,88.9580260116462
800,1972,"Bosvogels",4.35365289592128,19,77.7620012391564,"volledig","1958-1983","pre",4.35365289592128,4.43326058501229,0.0420733705314248,84.2055290704577,77.540220720089,91.4437831126613
800,1973,"Bosvogels",4.56835604885791,24,96.385526360728,"volledig","1958-1983","pre",4.56835604885791,4.45916561233828,0.0435262386536847,86.4153750838966,79.3488682869988,94.1111979553475
800,1974,"Bosvogels",4.40718085153945,24,82.0378602881292,"volledig","1958-1983","pre",4.40718085153945,4.48257181164729,0.045120685745631,88.4618876864017,80.9745791358358,96.6415096756992
800,1975,"Bosvogels",4.65115694097771,26,104.706054253734,"volledig","1958-1983","pre",4.65115694097771,4.50150099552809,0.0462749406597117,90.1523480665496,82.3354792870233,98.7113445174692
800,1976,"Bosvogels",4.55682326535453,25,95.2803182650291,"volledig","1958-1983","pre",4.55682326535453,4.51434983861719,0.0466470855948067,91.3181751666177,83.3394103596732,100.060812522813
800,1977,"Bosvogels",4.66844552180466,27,106.53201196392,"volledig","1958-1983","pre",4.66844552180466,4.51998935113007,0.0462502759055144,91.8346200380258,83.8759406687187,100.548469206902
800,1978,"Bosvogels",4.50167468960545,27,90.1680083554787,"volledig","1958-1983","pre",4.50167468960545,4.51782519189935,0.0455476164351114,91.6360901999473,83.8099607413697,100.193019455597
800,1979,"Bosvogels",4.80921890208223,24,122.635789536768,"volledig","1958-1983","pre",4.80921890208223,4.50781532465438,0.0455720918782465,90.7234006734466,82.9712385768441,99.1998621562315
800,1980,"Bosvogels",4.36603673455881,24,78.7309807742537,"volledig","1958-1983","pre",4.36603673455881,4.49044504288553,0.0479665794763454,89.1611175712422,81.160651892259,97.9502345188914
800,1981,"Bosvogels",4.05744741428868,24,57.8265153917044,"volledig","1958-1983","pre",4.05744741428868,4.46666281104911,0.0546270653061904,87.0656830204442,78.2253499398533,96.9050718935101
800,1982,"Bosvogels",4.21539245410917,22,67.7207379383119,"volledig","1958-1983","pre",4.21539245410917,4.43778341789044,0.066972826682415,84.5872391606431,74.181639806448,96.4524516779139
800,1983,"Bosvogels",4.7359473605592,26,113.971379580047,"volledig","1958-1983","pre",4.7359473605592,4.40536737109276,0.0856546999669311,81.88922105052,69.2334522031653,96.858445027162
800,1984,"Bosvogels",5.3162011825837,24,203.608937810107,"volledig","1984-2025","post",5.3162011825837,5.26426401811936,0.0929176315510941,193.303988188393,161.119360565769,231.917701996374
800,1985,"Bosvogels",5.0763528714339,28,160.188760249616,"volledig","1984-2025","post",5.0763528714339,5.05168225161635,0.0686616608131386,156.285154422799,136.60661833278,178.798434446693
800,1986,"Bosvogels",4.96670011166989,30,143.552398037539,"volledig","1984-2025","post",4.96670011166989,4.86638688372796,0.0549075517684538,129.850901891786,116.602193073698,144.604970778321
800,1987,"Bosvogels",4.81578834008063,31,123.444089885009,"volledig","1984-2025","post",4.81578834008063,4.71015740991807,0.0498551862002446,111.069641992982,100.729755731154,122.47091520181
800,1988,"Bosvogels",4.27343877223525,33,71.7680055963442,"volledig","1984-2025","post",4.27343877223525,4.58347957852622,0.0494856209942671,97.8542942105673,88.8089791444242,107.820886893389
800,1989,"Bosvogels",4.36865244956779,35,78.9371881546344,"volledig","1984-2025","post",4.36865244956779,4.48552473431208,0.050133295252961,88.7234948623048,80.420046172927,97.8842827776371
800,1990,"Bosvogels",4.3540926227258,35,77.7962027945935,"volledig","1984-2025","post",4.3540926227258,4.41422301898437,0.0500126533318194,82.6176236364173,74.9033202356083,91.1264242206962
800,1991,"Bosvogels",4.41973419785903,35,83.0742011229375,"volledig","1984-2025","post",4.41973419785903,4.3664236901778,0.0487925169506545,78.7614520647912,71.5781855857155,86.6655990312274
800,1992,"Bosvogels",4.36029135920499,35,78.2799386815084,"volledig","1984-2025","post",4.36029135920499,4.33812893973071,0.0469207495707559,76.5641490968089,69.8370220188934,83.9392740047318
800,1993,"Bosvogels",4.413432787946,36,82.5523624150211,"volledig","1984-2025","post",4.413432787946,4.32478190951903,0.0451485868959674,75.5490345376301,69.1508727540308,82.5391841382845
800,1994,"Bosvogels",4.35746871422131,36,78.0592937529126,"volledig","1984-2025","post",4.35746871422131,4.32158558230256,0.0441325840295868,75.307940615154,69.0675987889095,82.1121049398089
800,1995,"Bosvogels",4.24188396365164,35,69.5387369614518,"volledig","1984-2025","post",4.24188396365164,4.32382718437906,0.0441047360840454,75.4769403955779,69.2263729251629,82.291882280704
800,1996,"Bosvogels",4.45521792608511,35,86.0749067688204,"volledig","1984-2025","post",4.45521792608511,4.32718282309312,0.0447832949668492,75.7306391614274,69.3667443730964,82.678375057525
800,1997,"Bosvogels",4.44538751829027,35,85.2329007463904,"volledig","1984-2025","post",4.44538751829027,4.3279792594763,0.0455931129359243,75.7909778225399,69.3119103618536,82.875688886771
800,1998,"Bosvogels",4.33046030134222,37,75.9792518728996,"volledig","1984-2025","post",4.33046030134222,4.32339377060246,0.0459941223138926,75.4442347378477,68.9406018335573,82.56139928864
800,1999,"Bosvogels",4.20133002784742,37,66.7750847276055,"volledig","1984-2025","post",4.20133002784742,4.31157861585276,0.0457058621004174,74.5580946789927,68.1693551667442,81.5455781936676
800,2000,"Bosvogels",4.12937582302584,38,62.139125016607,"volledig","1984-2025","post",4.12937582302584,4.29170319017409,0.0447854715091872,73.0908501645663,66.9484999269978,79.7967450145174
800,2001,"Bosvogels",4.26750012815019,37,71.3430639917712,"volledig","1984-2025","post",4.26750012815019,4.26391394942848,0.0435908863966738,71.0876732259159,65.2662992596199,77.4282798626696
800,2002,"Bosvogels",4.22568908882801,37,68.4216358923951,"volledig","1984-2025","post",4.22568908882801,4.22921902250878,0.0426401432921485,68.6635865130135,63.1583043200558,74.6487443509935
800,2003,"Bosvogels",4.26818840539249,38,71.3921847015066,"volledig","1984-2025","post",4.26818840539249,4.18931049990648,0.0423741717086208,65.9772839302221,60.7190278969888,71.6909039155585
800,2004,"Bosvogels",4.13027296560258,37,62.194897685618,"volledig","1984-2025","post",4.13027296560258,4.14634220049723,0.0429125332219421,63.202395283957,58.1039492797831,68.7482145214425
800,2005,"Bosvogels",4.08352237116794,38,59.3541694906149,"volledig","1984-2025","post",4.08352237116794,4.10268387629193,0.0439752291201713,60.5024509805815,55.5060723909258,65.9485785424822
800,2006,"Bosvogels",4.11195668256769,38,61.0660876960865,"volledig","1984-2025","post",4.11195668256769,4.06067407760437,0.0450380951049668,58.0134034378481,53.1118151589715,63.3673499647663
800,2007,"Bosvogels",4.06598364701417,38,58.3222488225352,"volledig","1984-2025","post",4.06598364701417,4.0223931966351,0.0455886183353017,55.8345691641368,51.0619450597324,61.0532777413379
800,2008,"Bosvogels",4.10499386107501,38,60.642372267489,"volledig","1984-2025","post",4.10499386107501,3.98947563755655,0.0453291551698449,54.0265524395184,49.4336068461469,59.0462350357011
800,2009,"Bosvogels",4.02712893955825,38,56.0996144276857,"volledig","1984-2025","post",4.02712893955825,3.96297588999076,0.0442837694871091,52.6136656898904,48.2395730478407,57.384376403627
800,2010,"Bosvogels",3.7797400296547,38,43.8046523445904,"volledig","1984-2025","post",3.7797400296547,3.9432979116326,0.0428178814099593,51.5884552315683,47.4356883449163,56.1047769314122
800,2011,"Bosvogels",3.98751318999495,38,53.9206321289426,"volledig","1984-2025","post",3.98751318999495,3.93019115590753,0.0415543925100534,50.9167097688621,46.9341026488735,55.2372621903907
800,2012,"Bosvogels",4.00384536132883,38,54.8085038318837,"volledig","1984-2025","post",4.00384536132883,3.92281036721855,0.041138771879492,50.5422877579425,46.6269348084306,54.786420387745
800,2013,"Bosvogels",3.7315823936681,37,41.7451131300272,"volledig","1984-2025","post",3.7315823936681,3.91983046851324,0.0418867877766267,50.3919010399656,46.4200911515508,54.7035481281438
800,2014,"Bosvogels",3.76720486689808,38,43.258981082103,"volledig","1984-2025","post",3.76720486689808,3.91960299597609,0.0435550002674912,50.3804395700186,46.2580357795823,54.8702219731651
800,2015,"Bosvogels",3.82837117323389,38,45.9875714095831,"volledig","1984-2025","post",3.82837117323389,3.92033701353032,0.0454579022434926,50.4174332724051,46.1196693084352,55.1156939304529
800,2016,"Bosvogels",3.92965663754032,38,50.8895011247002,"volledig","1984-2025","post",3.92965663754032,3.92028555550142,0.0468071661080293,50.4148389574168,45.9954974386409,55.2587998530269
800,2017,"Bosvogels",3.97275924022394,36,53.1309297704417,"volledig","1984-2025","post",3.97275924022394,3.91791853354,0.0470183022792627,50.2956470470081,45.8677685917802,55.1509739745777
800,2018,"Bosvogels",3.94283822092205,37,51.5647459478128,"volledig","1984-2025","post",3.94283822092205,3.91206467034792,0.0459177972712334,50.0020832893885,45.698514307834,54.7109325357288
800,2019,"Bosvogels",3.9221594575072,38,50.5093999966493,"volledig","1984-2025","post",3.9221594575072,3.90200818961184,0.0439159113086805,49.5017582730679,45.4191128093316,53.9513856735175
800,2020,"Bosvogels",4.08663294175067,38,59.5390822672204,"volledig","1984-2025","post",4.08663294175067,3.88753035255441,0.0421727979937501,48.7902429126787,44.9194851575999,52.9945478031695
800,2021,"Bosvogels",3.93262196904759,38,51.040629327644,"volledig","1984-2025","post",3.93262196904759,3.86889102180307,0.0425352065967282,47.8892484896078,44.0586639227566,52.0528748879027
800,2022,"Bosvogels",3.81229757283279,38,45.2542945503592,"volledig","1984-2025","post",3.81229757283279,3.84675070815451,0.0467125141781281,46.8406168599285,42.7425187626901,51.3316353675862
800,2023,"Bosvogels",3.8494027584821,37,46.9650054026482,"volledig","1984-2025","post",3.8494027584821,3.82203843503551,0.0550698226373879,45.6972643489683,41.0217159033901,50.9057196412135
800,2024,"Bosvogels",3.85784689831281,38,47.3632635828687,"volledig","1984-2025","post",3.85784689831281,3.79577466840209,0.0666747921788491,44.5127056392422,39.0597324509708,50.7269466275254
800,2025,"Bosvogels",3.58196647486759,37,35.9441546709497,"volledig","1984-2025","post",3.58196647486759,3.76886098673122,0.080306517943587,43.3306824953125,37.0200705015637,50.7170305207893
900,1958,"Vogels van bebouwing/overige",4.60517018598809,1,100,"volledig","1958-1983","pre",4.60517018598809,4.56823273036578,0.0978169780663213,96.3736409758122,79.5599999498785,116.740556570965
900,1959,"Vogels van bebouwing/overige",4.84623929259827,2,127.260897796204,"volledig","1958-1983","pre",4.84623929259827,4.56491461195532,0.0832053561798014,96.0543917696509,81.6002327131565,113.068870902252
900,1960,"Vogels van bebouwing/overige",4.47238512647092,5,87.5653285222802,"volledig","1958-1983","pre",4.47238512647092,4.56220573829386,0.0705282949092347,95.7945446631061,83.4268566969543,109.995691441972
900,1961,"Vogels van bebouwing/overige",4.5303405445595,6,92.7901548846788,"volledig","1958-1983","pre",4.5303405445595,4.5609879955689,0.0607863637306113,95.6779625511677,84.9316421259582,107.784004745444
900,1962,"Vogels van bebouwing/overige",4.46673353940546,6,87.0718412508771,"volledig","1958-1983","pre",4.46673353940546,4.56233369372074,0.0547889769421149,95.8068028791976,86.0516157120532,106.667880689749
900,1963,"Vogels van bebouwing/overige",4.43007188827572,6,83.9374508119901,"volledig","1958-1983","pre",4.43007188827572,4.56734831661822,0.0525028584552765,96.2884444828597,86.8726031657948,106.724838476802
900,1964,"Vogels van bebouwing/overige",4.55261998491692,6,94.8806688748104,"volledig","1958-1983","pre",4.55261998491692,4.57703412120948,0.0528151638136933,97.2256067994206,87.6644449256108,107.829561067054
900,1965,"Vogels van bebouwing/overige",4.51205460024355,6,91.1088185403555,"volledig","1958-1983","pre",4.51205460024355,4.5921789421251,0.0541654730424757,98.7092778102052,88.7669694334235,109.765170400687
900,1966,"Vogels van bebouwing/overige",4.62206731777134,7,101.704069578122,"volledig","1958-1983","pre",4.62206731777134,4.61327384252066,0.0553182980758746,100.813658003065,90.4547728513824,112.358843205073
900,1967,"Vogels van bebouwing/overige",4.72791516595079,8,113.05960595308,"volledig","1958-1983","pre",4.72791516595079,4.64046200051743,0.0556513685191782,103.592196177628,92.8871502547218,115.530975807481
900,1968,"Vogels van bebouwing/overige",4.60602919127843,8,100.085937434105,"volledig","1958-1983","pre",4.60602919127843,4.67351959527794,0.0551040276394396,107.073936940746,96.1121463783827,119.285942557719
900,1969,"Vogels van bebouwing/overige",4.59991480940584,8,99.4758408749646,"volledig","1958-1983","pre",4.59991480940584,4.71186763343309,0.0540213822749333,111.259758430986,100.081587082782,123.686426314188
900,1970,"Vogels van bebouwing/overige",4.82195586782561,8,124.207787376243,"volledig","1958-1983","pre",4.82195586782561,4.75461181460284,0.052956995094126,116.118568881656,104.670372662661,128.818897803866
900,1971,"Vogels van bebouwing/overige",4.84701383264619,9,127.359504640626,"volledig","1958-1983","pre",4.84701383264619,4.80060584515176,0.0524306266027493,121.584056320681,109.710142204107,134.74308258473
900,1972,"Vogels van bebouwing/overige",4.94820222345038,9,140.921390884071,"volledig","1958-1983","pre",4.94820222345038,4.84853222309329,0.0526881021323093,127.553032984432,115.038118989577,141.429435446539
900,1973,"Vogels van bebouwing/overige",4.78542046861742,9,119.751704333214,"volledig","1958-1983","pre",4.78542046861742,4.89699355464572,0.053588259925604,133.886651096357,120.537458698439,148.714229878067
900,1974,"Vogels van bebouwing/overige",4.89238834470097,10,133.271492513658,"volledig","1958-1983","pre",4.89238834470097,4.94460700590455,0.0546997647671587,140.415657482523,126.140386711196,156.306456483212
900,1975,"Vogels van bebouwing/overige",5.08551874044836,10,161.663779031392,"volledig","1958-1983","pre",5.08551874044836,4.99009457872518,0.0555374151525094,146.950321212516,131.794151235622,163.849432634192
900,1976,"Vogels van bebouwing/overige",5.09625812903397,10,163.409305340709,"volledig","1958-1983","pre",5.09625812903397,5.0323625193515,0.0558072279233002,153.294747031524,137.411538351781,171.013873720701
900,1977,"Vogels van bebouwing/overige",5.23218812930567,11,187.201977827528,"volledig","1958-1983","pre",5.23218812930567,5.07056426832855,0.0556040700388131,159.264169720155,142.819313741767,177.602560130719
900,1978,"Vogels van bebouwing/overige",4.9660991978335,11,143.466161328322,"volledig","1958-1983","pre",4.9660991978335,5.1041428484512,0.0555662332373156,164.702834720169,147.707361812702,183.653837100261
900,1979,"Vogels van bebouwing/overige",5.14537790622937,9,171.636334856775,"volledig","1958-1983","pre",5.14537790622937,5.13285034084694,0.0569377354667131,169.499561678048,151.601046972,189.511233483477
900,1980,"Vogels van bebouwing/overige",5.09229638449512,10,162.763200114678,"volledig","1958-1983","pre",5.09229638449512,5.15674397472663,0.0613447024236348,173.598293954449,153.931601550592,195.777652933666
900,1981,"Vogels van bebouwing/overige",5.42152128411993,9,226.223010333345,"volledig","1958-1983","pre",5.42152128411993,5.17616020308516,0.0701752300314227,177.001853290208,154.256492432453,203.101053149429
900,1982,"Vogels van bebouwing/overige",5.1660366362043,9,175.219002819875,"volledig","1958-1983","pre",5.1660366362043,5.19166980886697,0.0840398260988976,179.768481454823,152.467544388165,211.957941962379
900,1983,"Vogels van bebouwing/overige",5.02649787062672,10,152.398358260667,"volledig","1958-1983","pre",5.02649787062672,5.20401845501563,0.102870673039094,182.00214177747,148.768578760838,222.659783991336
900,1984,"Vogels van bebouwing/overige",5.17859484065164,9,177.43331366326,"volledig","1984-2025","post",5.17859484065164,5.31632103572206,0.0617176516637958,203.633342442759,180.432083534819,229.817986591104
900,1985,"Vogels van bebouwing/overige",5.24608492412087,10,189.821645636158,"volledig","1984-2025","post",5.24608492412087,5.25119716309818,0.0579120876523848,190.794543977237,170.321779974958,213.728144555757
900,1986,"Vogels van bebouwing/overige",5.2129662211173,10,183.63796192616,"volledig","1984-2025","post",5.2129662211173,5.18602120334482,0.0543918775620062,178.755902738972,160.679729066788,198.865612666942
900,1987,"Vogels van bebouwing/overige",5.13785412360487,10,170.349826157555,"volledig","1984-2025","post",5.13785412360487,5.12079369248981,0.0511633303394176,167.46823516747,151.489083314714,185.132876748901
900,1988,"Vogels van bebouwing/overige",5.11307764018032,10,166.181014024062,"volledig","1984-2025","post",5.11307764018032,5.05551959725445,0.0482317086233163,156.886026718433,142.734383978037,172.44075809571
900,1989,"Vogels van bebouwing/overige",5.04350988356969,10,155.013139387702,"volledig","1984-2025","post",5.04350988356969,4.99020837525026,0.0456012821838671,146.967044599943,134.401267946445,160.707652007035
900,1990,"Vogels van bebouwing/overige",5.06935223521016,10,159.0712532061,"volledig","1984-2025","post",5.06935223521016,4.92487374820274,0.0432743559166436,137.671959213317,126.476435553543,149.85849554251
900,1991,"Vogels van bebouwing/overige",4.922763125079,10,137.381692022789,"volledig","1984-2025","post",4.922763125079,4.85953320788037,0.0412493273329438,128.963988681263,118.947774413845,139.823636537458
900,1992,"Vogels van bebouwing/overige",4.84251247132626,10,126.787501854158,"volledig","1984-2025","post",4.84251247132626,4.79420729492197,0.0395183733828606,120.808578242652,111.804441049233,130.53786092973
900,1993,"Vogels van bebouwing/overige",4.8309961653593,10,125.33575362327,"volledig","1984-2025","post",4.8309961653593,4.72891870761527,0.0380657534937963,113.173122928204,105.036701876963,121.939812698284
900,1994,"Vogels van bebouwing/overige",4.68997050218749,10,108.849968924084,"volledig","1984-2025","post",4.68997050218749,4.66369130950282,0.0368676871162861,106.026738203171,98.6354413491205,113.971905637992
900,1995,"Vogels van bebouwing/overige",4.66445865602624,10,106.108128675475,"volledig","1984-2025","post",4.66445865602624,4.59854911054161,0.0358942321386222,99.3400795577036,92.5914139610156,106.580631878954
900,1996,"Vogels van bebouwing/overige",4.61602389872881,10,101.091282796046,"volledig","1984-2025","post",4.61602389872881,4.53351529601396,0.0351127609537311,93.0852086772655,86.8944604991172,99.7170133138476
900,1997,"Vogels van bebouwing/overige",4.68323303565356,10,108.119060900282,"volledig","1984-2025","post",4.68323303565356,4.46861137062586,0.0344919251835203,87.2355010874791,81.5329470848555,93.3369014867501
900,1998,"Vogels van bebouwing/overige",4.23878312178137,10,69.3234423041287,"volledig","1984-2025","post",4.23878312178137,4.40385647292686,0.0340047889830198,81.7655881984717,76.493600712773,87.4009244060291
900,1999,"Vogels van bebouwing/overige",4.19751766852979,10,66.5209987524184,"volledig","1984-2025","post",4.19751766852979,4.33926689850594,0.0336301825484878,76.6513255343302,71.7617597892129,81.8740471725867
900,2000,"Vogels van bebouwing/overige",3.93335277996635,10,51.0779440101852,"volledig","1984-2025","post",3.93335277996635,4.27485585089772,0.0333520768466562,71.869778598867,67.3219126527053,76.7248711797049
900,2001,"Vogels van bebouwing/overige",3.99546321052638,10,54.3510107541288,"volledig","1984-2025","post",3.99546321052638,4.21063341853968,0.0331575696635111,67.399218206418,63.1583194997157,71.924881010439
900,2002,"Vogels van bebouwing/overige",4.027743118633,10,56.1340802199696,"volledig","1984-2025","post",4.027743118633,4.14660675629826,0.0330345926962755,63.2191180562237,59.2555208521479,67.4478399705414
900,2003,"Vogels van bebouwing/overige",4.22454361759967,10,68.3433057481126,"volledig","1984-2025","post",4.22454361759967,4.08278043278536,0.0329705109322143,59.3101486864847,55.5986116909864,63.2694527835342
900,2004,"Vogels van bebouwing/overige",3.67035674352845,10,39.265911221712,"volledig","1984-2025","post",3.67035674352845,4.01915689143237,0.0329523723610597,55.6541635387498,52.1732672261405,59.3672983095453
900,2005,"Vogels van bebouwing/overige",3.86554963210459,10,47.7294988895028,"volledig","1984-2025","post",3.86554963210459,3.95573696521654,0.0329688496891748,52.2341745330077,48.9656004444855,55.7209339695127
900,2006,"Vogels van bebouwing/overige",4.11196404422104,10,61.0665372451099,"volledig","1984-2025","post",4.11196404422104,3.89252038271455,0.0330131927589272,49.034316156297,45.9619796283747,52.3120235541672
900,2007,"Vogels van bebouwing/overige",3.9193173228851,10,50.3660492896767,"volledig","1984-2025","post",3.9193173228851,3.82950620693116,0.0330860648783248,46.039798486928,43.148925675039,49.1243527285114
900,2008,"Vogels van bebouwing/overige",3.86446694545673,10,47.6778507627599,"volledig","1984-2025","post",3.86446694545673,3.76669315772106,0.0331971185309999,43.2368507271304,40.5131578040737,46.1436570765703
900,2009,"Vogels van bebouwing/overige",3.8342199548624,10,46.2573307852246,"volledig","1984-2025","post",3.8342199548624,3.70407978269591,0.0333645669277098,40.6126576458752,38.0417876876939,43.3572673976787
900,2010,"Vogels van bebouwing/overige",3.69861807966517,10,40.3914480110845,"volledig","1984-2025","post",3.69861807966517,3.6416644589757,0.0336127047497556,38.155291819488,35.7226005698811,40.7536481276714
900,2011,"Vogels van bebouwing/overige",3.77913557509882,10,43.77818242365,"volledig","1984-2025","post",3.77913557509882,3.5794452273988,0.0339681222503459,35.8536447089193,33.5443253085946,38.3219464719434
900,2012,"Vogels van bebouwing/overige",3.50927586704742,10,33.4240555585291,"volledig","1984-2025","post",3.50927586704742,3.51741948009183,0.0344559632322841,33.6973594635733,31.4967949223033,36.0516693085238
900,2013,"Vogels van bebouwing/overige",3.49318946741609,10,32.8906843564253,"volledig","1984-2025","post",3.49318946741609,3.45558353987013,0.0350976919893574,31.6767679471107,29.5709382623097,33.9325596866173
900,2014,"Vogels van bebouwing/overige",3.24133576415586,10,25.5678515672476,"volledig","1984-2025","post",3.24133576415586,3.39393218421068,0.0359112810172373,29.7828339089454,27.7586103075112,31.954668689153
900,2015,"Vogels van bebouwing/overige",3.24522758573352,10,25.6675509639637,"volledig","1984-2025","post",3.24522758573352,3.33245817623635,0.0369136527282577,28.0071035506389,26.0523354530474,30.1085425032195
900,2016,"Vogels van bebouwing/overige",3.20678206387536,11,24.6994768655033,"volledig","1984-2025","post",3.20678206387536,3.27115186942657,0.0381240754860294,26.3416640323156,24.4450729792714,28.3854036590432
900,2017,"Vogels van bebouwing/overige",2.68895701684846,11,14.7163190405392,"volledig","1984-2025","post",2.68895701684846,3.21000095127677,0.0395665854443762,24.7791097963681,22.9300996754587,26.7772181975123
900,2018,"Vogels van bebouwing/overige",2.91555453748576,11,18.4590457979304,"volledig","1984-2025","post",2.91555453748576,3.14899038406149,0.0412697223409276,23.3125160077074,21.5010490780963,25.2765993247867
900,2019,"Vogels van bebouwing/overige",3.39312405847127,11,29.7587753567478,"volledig","1984-2025","post",3.39312405847127,3.08810258893048,0.0432629021593396,21.9354179603223,20.1520758048703,23.8765755822407
900,2020,"Vogels van bebouwing/overige",3.04000234047338,11,20.9052921633153,"volledig","1984-2025","post",3.04000234047338,3.02731790397377,0.0455702181126705,20.6417950018073,18.8780576453859,22.5703146425543
900,2021,"Vogels van bebouwing/overige",2.90005087336153,11,18.1750699728296,"volledig","1984-2025","post",2.90005087336153,2.96661532919171,0.0482037316024485,19.4260573885987,17.6747314033426,21.3509160084754
900,2022,"Vogels van bebouwing/overige",3.47491304098003,11,32.2950200712064,"volledig","1984-2025","post",3.47491304098003,2.90597355331396,0.0511587577966102,18.283034499461,16.5386884041554,20.2113578985196
900,2023,"Vogels van bebouwing/overige",2.71948848111281,11,15.172559209051,"volledig","1984-2025","post",2.71948848111281,2.84537224104754,0.0544130211553738,17.2079629870448,15.4672165012654,19.1446205035843
900,2024,"Vogels van bebouwing/overige",2.53939051470895,11,12.6719452524767,"volledig","1984-2025","post",2.53939051470895,2.78479354648469,0.0579302115626166,16.1964737126337,14.4580352377146,18.143942548967
900,2025,"Vogels van bebouwing/overige",3.03097842505991,11,20.7174931905494,"volledig","1984-2025","post",3.03097842505991,2.72422381078478,0.0616671378201552,15.2445766574809,13.5090012248574,17.2031309789346
