"groep_100","jaar","groep_titel","log_index","n_soorten","msi","msi_variant","periode"
100,1958,"Watervogels",4.60517018598809,9,100,"volledig","1958-1983"
100,1959,"Watervogels",5.25281929082312,10,191.104288251257,"volledig","1958-1983"
100,1960,"Watervogels",5.13547096286019,11,169.944338502037,"volledig","1958-1983"
100,1961,"Watervogels",5.08324842337917,11,161.297167314277,"volledig","1958-1983"
100,1962,"Watervogels",5.06788431080515,11,158.837919931087,"volledig","1958-1983"
100,1963,"Watervogels",4.83894701905243,11,126.336252000329,"volledig","1958-1983"
100,1964,"Watervogels",5.21680744877891,12,184.344713673401,"volledig","1958-1983"
100,1965,"Watervogels",5.76642484575971,12,319.393806887272,"volledig","1958-1983"
100,1966,"Watervogels",5.72267605050297,13,305.721956653481,"volledig","1958-1983"
100,1967,"Watervogels",5.51129167836416,13,247.470573097483,"volledig","1958-1983"
100,1968,"Watervogels",5.46511045315573,13,236.301953964004,"volledig","1958-1983"
100,1969,"Watervogels",5.0014753406404,13,148.6322806675,"volledig","1958-1983"
100,1970,"Watervogels",5.25169627320877,14,190.889795231636,"volledig","1958-1983"
100,1971,"Watervogels",5.20478451749495,14,182.141620207217,"volledig","1958-1983"
100,1972,"Watervogels",5.0442999979357,14,155.135665894654,"volledig","1958-1983"
100,1973,"Watervogels",5.35465000647878,16,211.589908294922,"volledig","1958-1983"
100,1974,"Watervogels",4.8936320587338,15,133.437347255629,"volledig","1958-1983"
100,1975,"Watervogels",5.02968250566593,16,152.884465037802,"volledig","1958-1983"
100,1976,"Watervogels",5.50695559179617,15,246.399842337759,"volledig","1958-1983"
100,1977,"Watervogels",4.79987391876699,17,121.495098301224,"volledig","1958-1983"
100,1978,"Watervogels",5.46709125527515,16,236.770485255935,"volledig","1958-1983"
100,1979,"Watervogels",5.62136849764576,16,276.267195664976,"volledig","1958-1983"
100,1980,"Watervogels",5.60863223306024,16,272.770895727044,"volledig","1958-1983"
100,1981,"Watervogels",5.76830695859376,16,319.995508127524,"volledig","1958-1983"
100,1982,"Watervogels",5.85719037155948,16,349.74012250484,"volledig","1958-1983"
100,1983,"Watervogels",5.6065605457377,16,272.206384667514,"volledig","1958-1983"
100,1984,"Watervogels",6.08345008661142,14,438.539587286283,"volledig","1984-2025"
100,1985,"Watervogels",5.89052303333077,14,361.594360824263,"volledig","1984-2025"
100,1986,"Watervogels",5.87807821638561,14,357.12227008789,"volledig","1984-2025"
100,1987,"Watervogels",5.45643749439959,15,234.261378567432,"volledig","1984-2025"
100,1988,"Watervogels",5.16411582256633,16,174.882762800215,"volledig","1984-2025"
100,1989,"Watervogels",5.70731764305809,15,301.062427343888,"volledig","1984-2025"
100,1990,"Watervogels",5.4070153585541,16,222.965122649662,"volledig","1984-2025"
100,1991,"Watervogels",5.75858161688144,15,316.898526476913,"volledig","1984-2025"
100,1992,"Watervogels",5.81548558601621,15,335.454250851788,"volledig","1984-2025"
100,1993,"Watervogels",5.74810347437814,15,313.595354333244,"volledig","1984-2025"
100,1994,"Watervogels",5.56123498117877,16,260.143910855317,"volledig","1984-2025"
100,1995,"Watervogels",5.10024254179894,17,164.061694293172,"volledig","1984-2025"
100,1996,"Watervogels",5.19093316995219,18,179.636105758265,"volledig","1984-2025"
100,1997,"Watervogels",4.99355026785512,18,147.459014276491,"volledig","1984-2025"
100,1998,"Watervogels",4.97446248665051,18,144.671041629054,"volledig","1984-2025"
100,1999,"Watervogels",4.9740203981648,18,144.607098362666,"volledig","1984-2025"
100,2000,"Watervogels",5.17162280488599,17,176.200544702687,"volledig","1984-2025"
100,2001,"Watervogels",5.27123681508732,17,194.656567802458,"volledig","1984-2025"
100,2002,"Watervogels",4.66851350624036,18,106.539254728833,"volledig","1984-2025"
100,2003,"Watervogels",4.90413679906059,18,134.846460163146,"volledig","1984-2025"
100,2004,"Watervogels",4.4478554009465,17,85.443505310669,"volledig","1984-2025"
100,2005,"Watervogels",4.36415800276824,18,78.5832052365363,"volledig","1984-2025"
100,2006,"Watervogels",4.52346048849727,17,92.1539445081703,"volledig","1984-2025"
100,2007,"Watervogels",5.13513452977094,18,169.887173219919,"volledig","1984-2025"
100,2008,"Watervogels",5.1077577027558,18,165.299288869164,"volledig","1984-2025"
100,2009,"Watervogels",4.89046562080786,19,133.015494416426,"volledig","1984-2025"
100,2010,"Watervogels",5.36536591278686,17,213.86947794166,"volledig","1984-2025"
100,2011,"Watervogels",4.87019787964533,17,130.346707304887,"volledig","1984-2025"
100,2012,"Watervogels",4.76983582664202,18,117.899884351792,"volledig","1984-2025"
100,2013,"Watervogels",4.75608773027888,18,116.290076632103,"volledig","1984-2025"
100,2014,"Watervogels",4.77305819534996,18,118.280414023978,"volledig","1984-2025"
100,2015,"Watervogels",5.0862650136581,17,161.784469407064,"volledig","1984-2025"
100,2016,"Watervogels",5.05054996826837,18,156.108295491016,"volledig","1984-2025"
100,2017,"Watervogels",5.24173536856775,16,188.997798825851,"volledig","1984-2025"
100,2018,"Watervogels",4.86744491033911,17,129.988360305977,"volledig","1984-2025"
100,2019,"Watervogels",5.17970742361758,17,177.630832803471,"volledig","1984-2025"
100,2020,"Watervogels",5.31231470432718,18,202.819151837603,"volledig","1984-2025"
100,2021,"Watervogels",5.11578757872619,18,166.631965108447,"volledig","1984-2025"
100,2022,"Watervogels",4.84780923411076,17,127.460846875683,"volledig","1984-2025"
100,2023,"Watervogels",5.06146504208153,15,157.82156226612,"volledig","1984-2025"
100,2024,"Watervogels",5.16926486684861,16,175.785564177579,"volledig","1984-2025"
100,2025,"Watervogels",4.86434962286665,17,129.586631017313,"volledig","1984-2025"
200,1958,"Rietvogels",4.60517018598809,3,100,"volledig","1958-1983"
200,1959,"Rietvogels",5.6755763772527,4,291.656394220168,"volledig","1958-1983"
200,1960,"Rietvogels",5.16061673058305,5,174.271901280474,"volledig","1958-1983"
200,1961,"Rietvogels",4.46307859363281,5,86.7541792650733,"volledig","1958-1983"
200,1962,"Rietvogels",5.112407354267,5,166.069662554131,"volledig","1958-1983"
200,1963,"Rietvogels",4.5936272594858,5,98.8523437483531,"volledig","1958-1983"
200,1964,"Rietvogels",4.96687728648487,6,143.577834160355,"volledig","1958-1983"
200,1965,"Rietvogels",5.40778485417326,6,223.136759363147,"volledig","1958-1983"
200,1966,"Rietvogels",5.88899248664048,6,361.041347086704,"volledig","1958-1983"
200,1967,"Rietvogels",5.81178140561086,6,334.213966325865,"volledig","1958-1983"
200,1968,"Rietvogels",5.31159950511324,6,202.674147599276,"volledig","1958-1983"
200,1969,"Rietvogels",5.25963029989916,6,192.410344022892,"volledig","1958-1983"
200,1970,"Rietvogels",5.72445228968048,6,306.265474536292,"volledig","1958-1983"
200,1971,"Rietvogels",5.78940770483607,6,326.819393492068,"volledig","1958-1983"
200,1972,"Rietvogels",5.92946530693346,6,375.953440375331,"volledig","1958-1983"
200,1973,"Rietvogels",5.97228904743124,6,392.402872276501,"volledig","1958-1983"
200,1974,"Rietvogels",5.86590229053906,6,352.800340948352,"volledig","1958-1983"
200,1975,"Rietvogels",6.22024270335007,6,502.825254585783,"volledig","1958-1983"
200,1976,"Rietvogels",6.08215046271586,6,437.970020950673,"volledig","1958-1983"
200,1977,"Rietvogels",5.63888387013743,6,281.148744780294,"volledig","1958-1983"
200,1978,"Rietvogels",5.62551432276105,6,277.414928649489,"volledig","1958-1983"
200,1979,"Rietvogels",5.92706868345764,6,375.053500373736,"volledig","1958-1983"
200,1980,"Rietvogels",6.25770448049559,6,522.019258299204,"volledig","1958-1983"
200,1981,"Rietvogels",6.5698350663469,6,713.252194141034,"volledig","1958-1983"
200,1982,"Rietvogels",6.49547022770132,6,662.135506574687,"volledig","1958-1983"
200,1983,"Rietvogels",6.4938174114298,6,661.042022148827,"volledig","1958-1983"
200,1984,"Rietvogels",6.39195435282453,7,597.022232354818,"volledig","1984-2025"
200,1985,"Rietvogels",6.21756891057339,7,501.482599842324,"volledig","1984-2025"
200,1986,"Rietvogels",5.32256867514033,9,204.909552639254,"volledig","1984-2025"
200,1987,"Rietvogels",4.84558008902908,9,127.177034602653,"volledig","1984-2025"
200,1988,"Rietvogels",5.72275719178956,10,305.746764332833,"volledig","1984-2025"
200,1989,"Rietvogels",5.9139179002101,9,370.15354284142,"volledig","1984-2025"
200,1990,"Rietvogels",5.5361915943354,10,253.709926899349,"volledig","1984-2025"
200,1991,"Rietvogels",5.18164221811192,11,177.974844649603,"volledig","1984-2025"
200,1992,"Rietvogels",4.84965280104657,10,127.696046214841,"volledig","1984-2025"
200,1993,"Rietvogels",4.89172003167727,11,133.182455195238,"volledig","1984-2025"
200,1994,"Rietvogels",5.39663816494555,11,220.663334112479,"volledig","1984-2025"
200,1995,"Rietvogels",5.64915188154358,10,284.050455201977,"volledig","1984-2025"
200,1996,"Rietvogels",5.7361773597321,10,309.877593471472,"volledig","1984-2025"
200,1997,"Rietvogels",5.35853452041422,11,212.413430698876,"volledig","1984-2025"
200,1998,"Rietvogels",5.48314854948372,10,240.603066693464,"volledig","1984-2025"
200,1999,"Rietvogels",5.42471856450568,10,226.947466254292,"volledig","1984-2025"
200,2000,"Rietvogels",5.14476826592985,11,171.531730318994,"volledig","1984-2025"
200,2001,"Rietvogels",5.10597517881135,11,165.004901383075,"volledig","1984-2025"
200,2002,"Rietvogels",5.36087416271325,10,212.910983967595,"volledig","1984-2025"
200,2003,"Rietvogels",5.36215770727685,10,213.184440162661,"volledig","1984-2025"
200,2004,"Rietvogels",5.41944816361176,10,225.754508569306,"volledig","1984-2025"
200,2005,"Rietvogels",5.27362939862408,10,195.122857497991,"volledig","1984-2025"
200,2006,"Rietvogels",5.74037549062319,10,311.181234682655,"volledig","1984-2025"
200,2007,"Rietvogels",4.78358827995792,11,119.532497494044,"volledig","1984-2025"
200,2008,"Rietvogels",5.39978076740431,10,221.357882021192,"volledig","1984-2025"
200,2009,"Rietvogels",5.38079103459435,10,217.194015469755,"volledig","1984-2025"
200,2010,"Rietvogels",5.46710657928124,10,236.774113556091,"volledig","1984-2025"
200,2011,"Rietvogels",5.3775551061275,10,216.492327091263,"volledig","1984-2025"
200,2012,"Rietvogels",5.25605614823311,9,191.723867787112,"volledig","1984-2025"
200,2013,"Rietvogels",5.05923606081265,11,157.470172725841,"volledig","1984-2025"
200,2014,"Rietvogels",5.39771811659459,9,220.901768569706,"volledig","1984-2025"
200,2015,"Rietvogels",5.25748401391462,10,191.997819254659,"volledig","1984-2025"
200,2016,"Rietvogels",5.39676059029408,9,220.690350551781,"volledig","1984-2025"
200,2017,"Rietvogels",5.31558180176378,9,203.482865386714,"volledig","1984-2025"
200,2018,"Rietvogels",5.32124242170162,9,204.63797077344,"volledig","1984-2025"
200,2019,"Rietvogels",5.6642043945755,9,288.358470265538,"volledig","1984-2025"
200,2020,"Rietvogels",5.57287483682541,9,263.189639960803,"volledig","1984-2025"
200,2021,"Rietvogels",5.57414453099071,9,263.524022547915,"volledig","1984-2025"
200,2022,"Rietvogels",5.02856132418567,10,152.71314986263,"volledig","1984-2025"
200,2023,"Rietvogels",5.59539353465972,9,269.183562312432,"volledig","1984-2025"
200,2024,"Rietvogels",5.39709284089346,10,220.763687235433,"volledig","1984-2025"
200,2025,"Rietvogels",5.46759572055734,10,236.889957877955,"volledig","1984-2025"
300,1958,"Vogels van pionierbegroeiingen",4.60517018598809,13,100,"volledig","1958-1983"
300,1959,"Vogels van pionierbegroeiingen",4.52796800371584,13,92.5702674014877,"volledig","1958-1983"
300,1960,"Vogels van pionierbegroeiingen",4.55827032069887,14,95.418293963944,"volledig","1958-1983"
300,1961,"Vogels van pionierbegroeiingen",4.74777720390569,15,115.327649560243,"volledig","1958-1983"
300,1962,"Vogels van pionierbegroeiingen",4.60164507290654,15,99.6481092835241,"volledig","1958-1983"
300,1963,"Vogels van pionierbegroeiingen",4.51524630809032,14,91.4000758282329,"volledig","1958-1983"
300,1964,"Vogels van pionierbegroeiingen",4.40933686691919,15,82.2149259862266,"volledig","1958-1983"
300,1965,"Vogels van pionierbegroeiingen",4.50358216993812,14,90.3401661997043,"volledig","1958-1983"
300,1966,"Vogels van pionierbegroeiingen",4.63241918391962,15,102.762364707232,"volledig","1958-1983"
300,1967,"Vogels van pionierbegroeiingen",4.52959008679793,16,92.7205459153111,"volledig","1958-1983"
300,1968,"Vogels van pionierbegroeiingen",4.71008410265421,17,111.061500079864,"volledig","1958-1983"
300,1969,"Vogels van pionierbegroeiingen",4.61753456041619,16,101.244112932146,"volledig","1958-1983"
300,1970,"Vogels van pionierbegroeiingen",4.74424525973493,16,114.921037229373,"volledig","1958-1983"
300,1971,"Vogels van pionierbegroeiingen",4.6216649359075,16,101.663153937453,"volledig","1958-1983"
300,1972,"Vogels van pionierbegroeiingen",4.64471139919667,16,104.033337347776,"volledig","1958-1983"
300,1973,"Vogels van pionierbegroeiingen",4.79844281088894,16,121.32135006479,"volledig","1958-1983"
300,1974,"Vogels van pionierbegroeiingen",4.70352260348285,16,110.335155699103,"volledig","1958-1983"
300,1975,"Vogels van pionierbegroeiingen",4.49482153559732,19,89.5521856816365,"volledig","1958-1983"
300,1976,"Vogels van pionierbegroeiingen",4.86268295878599,17,129.37083351499,"volledig","1958-1983"
300,1977,"Vogels van pionierbegroeiingen",4.38878579986712,19,80.5425647923415,"volledig","1958-1983"
300,1978,"Vogels van pionierbegroeiingen",4.45250461660358,16,85.8416754656038,"volledig","1958-1983"
300,1979,"Vogels van pionierbegroeiingen",4.22505442707222,16,68.3782250738757,"volledig","1958-1983"
300,1980,"Vogels van pionierbegroeiingen",4.24590587792559,17,69.8189789771497,"volledig","1958-1983"
300,1981,"Vogels van pionierbegroeiingen",4.79340268359748,17,120.711413387716,"volledig","1958-1983"
300,1982,"Vogels van pionierbegroeiingen",4.45033556889462,16,85.6556825627633,"volledig","1958-1983"
300,1983,"Vogels van pionierbegroeiingen",4.79676871695177,17,121.118416640399,"volledig","1958-1983"
300,1984,"Vogels van pionierbegroeiingen",5.58919920991883,16,267.521305506802,"volledig","1984-2025"
300,1985,"Vogels van pionierbegroeiingen",5.14169560394443,17,171.005480200356,"volledig","1984-2025"
300,1986,"Vogels van pionierbegroeiingen",4.95091327059665,17,141.303953757356,"volledig","1984-2025"
300,1987,"Vogels van pionierbegroeiingen",4.81008894931386,17,122.742534895972,"volledig","1984-2025"
300,1988,"Vogels van pionierbegroeiingen",4.78852753947777,17,120.124359998206,"volledig","1984-2025"
300,1989,"Vogels van pionierbegroeiingen",4.60666378898785,17,100.149471898026,"volledig","1984-2025"
300,1990,"Vogels van pionierbegroeiingen",4.54353935905444,17,94.0229930294034,"volledig","1984-2025"
300,1991,"Vogels van pionierbegroeiingen",4.13541758738358,17,62.5156913845031,"volledig","1984-2025"
300,1992,"Vogels van pionierbegroeiingen",3.92886113151735,17,50.8490343179779,"volledig","1984-2025"
300,1993,"Vogels van pionierbegroeiingen",3.78449281497704,17,44.0133419890032,"volledig","1984-2025"
300,1994,"Vogels van pionierbegroeiingen",3.74802072199181,18,42.4370041917025,"volledig","1984-2025"
300,1995,"Vogels van pionierbegroeiingen",3.63770609842727,18,38.0045579439649,"volledig","1984-2025"
300,1996,"Vogels van pionierbegroeiingen",3.51909083696915,19,33.7537268689641,"volledig","1984-2025"
300,1997,"Vogels van pionierbegroeiingen",3.43949822764611,19,31.1713133402979,"volledig","1984-2025"
300,1998,"Vogels van pionierbegroeiingen",3.34859009224459,19,28.4625757346785,"volledig","1984-2025"
300,1999,"Vogels van pionierbegroeiingen",3.05935146753029,19,21.3137300328635,"volledig","1984-2025"
300,2000,"Vogels van pionierbegroeiingen",2.9104245079104,19,18.3645928274648,"volledig","1984-2025"
300,2001,"Vogels van pionierbegroeiingen",2.7630002274511,19,15.8473172520404,"volledig","1984-2025"
300,2002,"Vogels van pionierbegroeiingen",2.48023285780835,19,11.9440453582796,"volledig","1984-2025"
300,2003,"Vogels van pionierbegroeiingen",2.55348673423166,19,12.8518366903915,"volledig","1984-2025"
300,2004,"Vogels van pionierbegroeiingen",2.08065349465963,19,8.00970150153272,"volledig","1984-2025"
300,2005,"Vogels van pionierbegroeiingen",2.2038558430984,19,9.05987971157272,"volledig","1984-2025"
300,2006,"Vogels van pionierbegroeiingen",2.01186765768901,19,7.47726929402319,"volledig","1984-2025"
300,2007,"Vogels van pionierbegroeiingen",1.82303932305172,20,6.19064525666778,"volledig","1984-2025"
300,2008,"Vogels van pionierbegroeiingen",1.96231731345478,20,7.11579750750298,"volledig","1984-2025"
300,2009,"Vogels van pionierbegroeiingen",2.0951489351987,20,8.12665122450056,"volledig","1984-2025"
300,2010,"Vogels van pionierbegroeiingen",1.57018441830212,20,4.80753470941632,"volledig","1984-2025"
300,2011,"Vogels van pionierbegroeiingen",1.79740428820192,19,6.03396468590746,"volledig","1984-2025"
300,2012,"Vogels van pionierbegroeiingen",1.32878005524487,19,3.77643353597307,"volledig","1984-2025"
300,2013,"Vogels van pionierbegroeiingen",0.991834944445879,21,2.69617727159099,"volledig","1984-2025"
300,2014,"Vogels van pionierbegroeiingen",0.607198457552159,20,1.8352825677975,"volledig","1984-2025"
300,2015,"Vogels van pionierbegroeiingen",0.274107672356302,18,1.31535642213966,"volledig","1984-2025"
300,2016,"Vogels van pionierbegroeiingen",0.736306531036638,18,2.08820852021327,"volledig","1984-2025"
300,2017,"Vogels van pionierbegroeiingen",0.624072392327,17,1.8665137616703,"volledig","1984-2025"
300,2018,"Vogels van pionierbegroeiingen",0.608758628394782,18,1.83814815697082,"volledig","1984-2025"
300,2019,"Vogels van pionierbegroeiingen",1.07830801833851,18,2.9397014199071,"volledig","1984-2025"
300,2020,"Vogels van pionierbegroeiingen",1.02308327886303,20,2.78175849215983,"volledig","1984-2025"
300,2021,"Vogels van pionierbegroeiingen",0.24974970447417,18,1.28370407108825,"volledig","1984-2025"
300,2022,"Vogels van pionierbegroeiingen",0.165545166777713,18,1.18003625995127,"volledig","1984-2025"
300,2023,"Vogels van pionierbegroeiingen",-0.495089833386133,17,0.609516149937175,"volledig","1984-2025"
300,2024,"Vogels van pionierbegroeiingen",0.0617500683312427,19,1.0636964600716,"volledig","1984-2025"
300,2025,"Vogels van pionierbegroeiingen",0.578842001995062,20,1.78397139885091,"volledig","1984-2025"
400,1958,"Vogels van open heide",4.60517018598809,9,100,"volledig","1958-1983"
400,1959,"Vogels van open heide",4.46253670297856,9,86.7071807212988,"volledig","1958-1983"
400,1960,"Vogels van open heide",4.33398770989961,9,76.247734982564,"volledig","1958-1983"
400,1961,"Vogels van open heide",4.53894063746009,8,93.5916001491372,"volledig","1958-1983"
400,1962,"Vogels van open heide",4.46890798472932,8,87.2613802052894,"volledig","1958-1983"
400,1963,"Vogels van open heide",4.26850017896415,8,71.4144463680393,"volledig","1958-1983"
400,1964,"Vogels van open heide",4.26990237969138,8,71.5146539958569,"volledig","1958-1983"
400,1965,"Vogels van open heide",3.87446577042034,9,48.1569645429204,"volledig","1958-1983"
400,1966,"Vogels van open heide",3.98879716571221,9,53.98990937689,"volledig","1958-1983"
400,1967,"Vogels van open heide",4.05343688489818,8,57.595064881939,"volledig","1958-1983"
400,1968,"Vogels van open heide",4.1741010005788,9,64.9813951575304,"volledig","1958-1983"
400,1969,"Vogels van open heide",3.93881321811019,9,51.3576148316803,"volledig","1958-1983"
400,1970,"Vogels van open heide",4.11401258602287,8,61.19176282047,"volledig","1958-1983"
400,1971,"Vogels van open heide",4.16451230367268,8,64.3612860253094,"volledig","1958-1983"
400,1972,"Vogels van open heide",3.97619185694196,9,53.3136212637677,"volledig","1958-1983"
400,1973,"Vogels van open heide",3.98430083655757,8,53.7476979126016,"volledig","1958-1983"
400,1974,"Vogels van open heide",4.02818678419137,8,56.1589905035223,"volledig","1958-1983"
400,1975,"Vogels van open heide",3.76134550347613,10,43.0062521291312,"volledig","1958-1983"
400,1976,"Vogels van open heide",4.13543398553845,9,62.5167165348974,"volledig","1958-1983"
400,1977,"Vogels van open heide",4.07363462292161,8,58.7701823222806,"volledig","1958-1983"
400,1978,"Vogels van open heide",2.87511516791275,8,17.7274656391167,"volledig","1958-1983"
400,1979,"Vogels van open heide",2.87465013100534,8,17.7192236298875,"volledig","1958-1983"
400,1980,"Vogels van open heide",2.94020302394389,9,18.9196870718452,"volledig","1958-1983"
400,1981,"Vogels van open heide",3.61899431995218,9,37.3000370501982,"volledig","1958-1983"
400,1982,"Vogels van open heide",2.79215424659959,9,16.3161309387794,"volledig","1958-1983"
400,1983,"Vogels van open heide",3.34111598232833,8,28.2506363309551,"volledig","1958-1983"
400,1984,"Vogels van open heide",4.94423992581331,7,140.364123149355,"volledig","1984-2025"
400,1985,"Vogels van open heide",4.04157290989748,8,56.915795854856,"volledig","1984-2025"
400,1986,"Vogels van open heide",3.80400253225146,8,44.8804609665089,"volledig","1984-2025"
400,1987,"Vogels van open heide",3.71579271956495,8,41.0911479337897,"volledig","1984-2025"
400,1988,"Vogels van open heide",3.75479022975818,8,42.725256383092,"volledig","1984-2025"
400,1989,"Vogels van open heide",3.53219074426556,8,34.198806447565,"volledig","1984-2025"
400,1990,"Vogels van open heide",3.53621809392554,8,34.3368147163244,"volledig","1984-2025"
400,1991,"Vogels van open heide",3.07820918734145,8,21.7194720426453,"volledig","1984-2025"
400,1992,"Vogels van open heide",3.09880388149839,8,22.1714157741853,"volledig","1984-2025"
400,1993,"Vogels van open heide",2.97534637674735,8,19.5964098148653,"volledig","1984-2025"
400,1994,"Vogels van open heide",3.00821618915472,8,20.2512432991102,"volledig","1984-2025"
400,1995,"Vogels van open heide",2.90259300215749,8,18.2213321188291,"volledig","1984-2025"
400,1996,"Vogels van open heide",2.92484280841826,9,18.6312971366381,"volledig","1984-2025"
400,1997,"Vogels van open heide",2.88478109772742,9,17.8996488928082,"volledig","1984-2025"
400,1998,"Vogels van open heide",2.84320442938465,9,17.1706997685996,"volledig","1984-2025"
400,1999,"Vogels van open heide",2.53044327076904,9,12.5590719724827,"volledig","1984-2025"
400,2000,"Vogels van open heide",2.51016533997207,9,12.3069647255041,"volledig","1984-2025"
400,2001,"Vogels van open heide",2.11081157594408,9,8.25493807594403,"volledig","1984-2025"
400,2002,"Vogels van open heide",2.09114299813775,9,8.09416149054188,"volledig","1984-2025"
400,2003,"Vogels van open heide",1.63460465906779,8,5.127430513121,"volledig","1984-2025"
400,2004,"Vogels van open heide",1.33145757740993,8,3.78655856942227,"volledig","1984-2025"
400,2005,"Vogels van open heide",1.32414476539405,8,3.75896917937869,"volledig","1984-2025"
400,2006,"Vogels van open heide",1.02718043833756,9,2.79317918053632,"volledig","1984-2025"
400,2007,"Vogels van open heide",1.26407894076155,9,3.53983084024195,"volledig","1984-2025"
400,2008,"Vogels van open heide",1.56865203073326,10,4.80017334466315,"volledig","1984-2025"
400,2009,"Vogels van open heide",1.61479987620532,10,5.02688182413383,"volledig","1984-2025"
400,2010,"Vogels van open heide",1.11847939309958,10,3.0601973063948,"volledig","1984-2025"
400,2011,"Vogels van open heide",1.4204244643142,10,4.13887687298697,"volledig","1984-2025"
400,2012,"Vogels van open heide",1.27378322347729,10,3.57434957838425,"volledig","1984-2025"
400,2013,"Vogels van open heide",1.18112461054359,11,3.25803616518579,"volledig","1984-2025"
400,2014,"Vogels van open heide",0.413371151710874,10,1.51190606833557,"volledig","1984-2025"
400,2015,"Vogels van open heide",-0.989575813439067,7,0.371734342295145,"volledig","1984-2025"
400,2016,"Vogels van open heide",-0.481320823398388,7,0.617966627742995,"volledig","1984-2025"
400,2017,"Vogels van open heide",0.0316011681402735,7,1.03210578653702,"volledig","1984-2025"
400,2018,"Vogels van open heide",0.418451649748564,8,1.51960684948666,"volledig","1984-2025"
400,2019,"Vogels van open heide",0.0279849962563214,7,1.02838025475193,"volledig","1984-2025"
400,2020,"Vogels van open heide",1.22777845812469,10,3.41363756767023,"volledig","1984-2025"
400,2021,"Vogels van open heide",-0.44069285225636,7,0.643590353542911,"volledig","1984-2025"
400,2022,"Vogels van open heide",-0.624061770621203,8,0.535763862178717,"volledig","1984-2025"
400,2023,"Vogels van open heide",-1.81558474969066,7,0.162742716807974,"volledig","1984-2025"
400,2024,"Vogels van open heide",-0.170751736941334,8,0.843030840908972,"volledig","1984-2025"
400,2025,"Vogels van open heide",-0.0453597319373397,10,0.955653640855867,"volledig","1984-2025"
500,1958,"Weidevogels",4.60517018598809,12,100,"volledig","1958-1983"
500,1959,"Weidevogels",4.84871212106578,12,127.575981580593,"volledig","1958-1983"
500,1960,"Weidevogels",4.6745331480729,12,107.182517045339,"volledig","1958-1983"
500,1961,"Weidevogels",4.77244939156185,11,118.20842637526,"volledig","1958-1983"
500,1962,"Weidevogels",4.72274244165627,11,112.476289750237,"volledig","1958-1983"
500,1963,"Weidevogels",4.52607854372816,11,92.3955247218211,"volledig","1958-1983"
500,1964,"Weidevogels",4.74960241804273,11,115.53833943519,"volledig","1958-1983"
500,1965,"Weidevogels",4.44010375523201,12,84.783737973893,"volledig","1958-1983"
500,1966,"Weidevogels",4.5360236320995,12,93.3189907446437,"volledig","1958-1983"
500,1967,"Weidevogels",4.3153074699688,11,74.8366299231285,"volledig","1958-1983"
500,1968,"Weidevogels",4.4135236333536,12,82.5598622586904,"volledig","1958-1983"
500,1969,"Weidevogels",3.91590385923506,12,50.1944197035555,"volledig","1958-1983"
500,1970,"Weidevogels",4.14662383928872,12,63.2201980370393,"volledig","1958-1983"
500,1971,"Weidevogels",4.28010101024423,12,72.2477374003637,"volledig","1958-1983"
500,1972,"Weidevogels",3.89606462250268,13,49.2084138703788,"volledig","1958-1983"
500,1973,"Weidevogels",4.03566270695754,12,56.5804040439822,"volledig","1958-1983"
500,1974,"Weidevogels",3.97619584473076,12,53.3138338676529,"volledig","1958-1983"
500,1975,"Weidevogels",3.79126494618581,14,44.3124176627307,"volledig","1958-1983"
500,1976,"Weidevogels",4.28940735046694,13,72.9232377677495,"volledig","1958-1983"
500,1977,"Weidevogels",3.90644135692809,12,49.7216949978904,"volledig","1958-1983"
500,1978,"Weidevogels",3.09235862621667,12,22.0289748666676,"volledig","1958-1983"
500,1979,"Weidevogels",3.04849981638177,12,21.0836912774459,"volledig","1958-1983"
500,1980,"Weidevogels",3.01952150450481,13,20.4814890388794,"volledig","1958-1983"
500,1981,"Weidevogels",3.5143015568767,13,33.5924573076302,"volledig","1958-1983"
500,1982,"Weidevogels",3.08965422281136,13,21.9694801171851,"volledig","1958-1983"
500,1983,"Weidevogels",3.24860032805692,12,25.7542671529156,"volledig","1958-1983"
500,1984,"Weidevogels",5.06754877524157,10,158.784633100418,"volledig","1984-2025"
500,1985,"Weidevogels",4.24519661882495,11,69.7694767879275,"volledig","1984-2025"
500,1986,"Weidevogels",4.01347097661383,11,55.3386166420848,"volledig","1984-2025"
500,1987,"Weidevogels",3.91424549334532,11,50.1112479737054,"volledig","1984-2025"
500,1988,"Weidevogels",3.61431092195017,12,37.1257545668819,"volledig","1984-2025"
500,1989,"Weidevogels",3.81203963459486,11,45.242623242667,"volledig","1984-2025"
500,1990,"Weidevogels",3.51979422514368,12,33.7774771931595,"volledig","1984-2025"
500,1991,"Weidevogels",3.52592484315936,11,33.9851900569117,"volledig","1984-2025"
500,1992,"Weidevogels",3.67468685812301,11,39.4363057646706,"volledig","1984-2025"
500,1993,"Weidevogels",3.57607165908599,11,35.7328937844983,"volledig","1984-2025"
500,1994,"Weidevogels",3.5050065269371,12,33.2816610790032,"volledig","1984-2025"
500,1995,"Weidevogels",3.11408922834929,13,22.5129168868954,"volledig","1984-2025"
500,1996,"Weidevogels",3.15339015584104,14,23.4153117307827,"volledig","1984-2025"
500,1997,"Weidevogels",2.92622318552375,14,18.6570331112395,"volledig","1984-2025"
500,1998,"Weidevogels",2.82031194250893,14,16.7820849013774,"volledig","1984-2025"
500,1999,"Weidevogels",2.73363090249981,14,15.388660430351,"volledig","1984-2025"
500,2000,"Weidevogels",3.02891210285373,13,20.6747283724759,"volledig","1984-2025"
500,2001,"Weidevogels",2.82818887583976,13,16.9147982662669,"volledig","1984-2025"
500,2002,"Weidevogels",2.39711559137722,14,10.9914268469658,"volledig","1984-2025"
500,2003,"Weidevogels",2.34398632825335,13,10.4227021722016,"volledig","1984-2025"
500,2004,"Weidevogels",1.70944612738745,12,5.52589998520237,"volledig","1984-2025"
500,2005,"Weidevogels",1.82239473024121,13,6.18665609707287,"volledig","1984-2025"
500,2006,"Weidevogels",1.45546953250154,13,4.28649564219573,"volledig","1984-2025"
500,2007,"Weidevogels",2.29513811501828,13,9.92580682060901,"volledig","1984-2025"
500,2008,"Weidevogels",2.4290978934411,14,11.3486397784936,"volledig","1984-2025"
500,2009,"Weidevogels",2.16334308798383,15,8.70017454396351,"volledig","1984-2025"
500,2010,"Weidevogels",1.88325866487148,13,6.57489537159278,"volledig","1984-2025"
500,2011,"Weidevogels",1.85205736345192,13,6.37291745182885,"volledig","1984-2025"
500,2012,"Weidevogels",1.73617418820948,14,5.67558810144888,"volledig","1984-2025"
500,2013,"Weidevogels",2.06226035452201,15,7.86372454209349,"volledig","1984-2025"
500,2014,"Weidevogels",1.43576432704686,14,4.20285613807551,"volledig","1984-2025"
500,2015,"Weidevogels",0.828339971781967,9,2.28951492453664,"volledig","1984-2025"
500,2016,"Weidevogels",1.26696380171965,10,3.55005750419047,"volledig","1984-2025"
500,2017,"Weidevogels",0.874437951904793,9,2.39752738950653,"volledig","1984-2025"
500,2018,"Weidevogels",1.22508571582655,10,3.40445788620623,"volledig","1984-2025"
500,2019,"Weidevogels",0.93451018907586,9,2.54596611026844,"volledig","1984-2025"
500,2020,"Weidevogels",1.78906380833676,13,5.98384781484012,"volledig","1984-2025"
500,2021,"Weidevogels",1.15852696653615,10,3.18523785675694,"volledig","1984-2025"
500,2022,"Weidevogels",0.839778347889796,10,2.31585360604964,"volledig","1984-2025"
500,2023,"Weidevogels",0.884442817641458,10,2.42163472336814,"volledig","1984-2025"
500,2024,"Weidevogels",1.12069041095823,11,3.06697094284633,"volledig","1984-2025"
500,2025,"Weidevogels",1.43856057301248,12,4.21462480396967,"volledig","1984-2025"
600,1958,"Struweelvogels",4.60517018598809,13,100,"volledig","1958-1983"
600,1959,"Struweelvogels",5.51605097112318,16,248.651165167289,"volledig","1958-1983"
600,1960,"Struweelvogels",5.37296463936629,19,215.500803778245,"volledig","1958-1983"
600,1961,"Struweelvogels",5.441083355396,19,230.69196952267,"volledig","1958-1983"
600,1962,"Struweelvogels",5.40115819413742,20,221.662996373564,"volledig","1958-1983"
600,1963,"Struweelvogels",5.35032567709167,20,210.676899334962,"volledig","1958-1983"
600,1964,"Struweelvogels",5.43662433825749,21,229.665600076919,"volledig","1958-1983"
600,1965,"Struweelvogels",5.54028502974046,22,254.750600608892,"volledig","1958-1983"
600,1966,"Struweelvogels",5.65601085408531,22,286.00544642578,"volledig","1958-1983"
600,1967,"Struweelvogels",5.47654330358635,23,239.019061405586,"volledig","1958-1983"
600,1968,"Struweelvogels",5.53567419396736,23,253.578691243412,"volledig","1958-1983"
600,1969,"Struweelvogels",5.5555487220325,23,258.668862889821,"volledig","1958-1983"
600,1970,"Struweelvogels",5.69818674059071,23,298.325967867805,"volledig","1958-1983"
600,1971,"Struweelvogels",5.77874922827988,23,323.354494721467,"volledig","1958-1983"
600,1972,"Struweelvogels",5.76622545974053,23,319.330130575859,"volledig","1958-1983"
600,1973,"Struweelvogels",6.01883321026399,23,411.098650097878,"volledig","1958-1983"
600,1974,"Struweelvogels",6.16141287862674,22,474.097444000409,"volledig","1958-1983"
600,1975,"Struweelvogels",6.17554843224395,23,480.84666343452,"volledig","1958-1983"
600,1976,"Struweelvogels",5.99486619998133,23,401.362978024116,"volledig","1958-1983"
600,1977,"Struweelvogels",5.9664382524228,23,390.113706759364,"volledig","1958-1983"
600,1978,"Struweelvogels",5.86374760326239,23,352.040984923673,"volledig","1958-1983"
600,1979,"Struweelvogels",5.88440934088507,23,359.390428060365,"volledig","1958-1983"
600,1980,"Struweelvogels",6.23824529014695,22,511.959382146238,"volledig","1958-1983"
600,1981,"Struweelvogels",6.22923078052876,22,507.365058271853,"volledig","1958-1983"
600,1982,"Struweelvogels",5.9786796357088,23,394.918587360082,"volledig","1958-1983"
600,1983,"Struweelvogels",6.18976447148627,22,487.73121807636,"volledig","1958-1983"
600,1984,"Struweelvogels",6.2722863973493,23,529.687069544557,"volledig","1984-2025"
600,1985,"Struweelvogels",5.73715542169338,24,310.180821221891,"volledig","1984-2025"
600,1986,"Struweelvogels",5.77084924383414,24,320.810062961471,"volledig","1984-2025"
600,1987,"Struweelvogels",5.70487051639856,24,300.326590162353,"volledig","1984-2025"
600,1988,"Struweelvogels",5.73454839465298,25,309.373224604071,"volledig","1984-2025"
600,1989,"Struweelvogels",5.74777932229647,25,313.493718220002,"volledig","1984-2025"
600,1990,"Struweelvogels",5.75772529566518,25,316.627275700764,"volledig","1984-2025"
600,1991,"Struweelvogels",5.57524163009735,25,263.813293167886,"volledig","1984-2025"
600,1992,"Struweelvogels",5.64865754852967,25,283.91007438465,"volledig","1984-2025"
600,1993,"Struweelvogels",5.69035705622807,25,295.999290164437,"volledig","1984-2025"
600,1994,"Struweelvogels",5.73502732810254,25,309.521429276986,"volledig","1984-2025"
600,1995,"Struweelvogels",5.79069934976,25,327.241800844143,"volledig","1984-2025"
600,1996,"Struweelvogels",5.67166053189133,25,290.516546072806,"volledig","1984-2025"
600,1997,"Struweelvogels",5.70036172058285,25,298.975527012063,"volledig","1984-2025"
600,1998,"Struweelvogels",5.69601670717882,25,297.679292457292,"volledig","1984-2025"
600,1999,"Struweelvogels",5.7220599176198,25,305.533649320008,"volledig","1984-2025"
600,2000,"Struweelvogels",5.7745616323965,25,322.003247982753,"volledig","1984-2025"
600,2001,"Struweelvogels",5.60619732321828,25,272.107531132673,"volledig","1984-2025"
600,2002,"Struweelvogels",5.67642466476133,25,291.903907662635,"volledig","1984-2025"
600,2003,"Struweelvogels",5.67230137118944,25,290.702780158969,"volledig","1984-2025"
600,2004,"Struweelvogels",5.60532915797499,25,271.871399347243,"volledig","1984-2025"
600,2005,"Struweelvogels",5.56972828936524,25,262.362802791031,"volledig","1984-2025"
600,2006,"Struweelvogels",5.54276399154596,25,255.382901018209,"volledig","1984-2025"
600,2007,"Struweelvogels",5.62001440880548,25,275.893358499878,"volledig","1984-2025"
600,2008,"Struweelvogels",5.32296829890436,25,204.991455730085,"volledig","1984-2025"
600,2009,"Struweelvogels",5.42576279577157,24,227.184575671256,"volledig","1984-2025"
600,2010,"Struweelvogels",5.20445810631934,25,182.082176848853,"volledig","1984-2025"
600,2011,"Struweelvogels",5.38627930396502,24,218.389311786131,"volledig","1984-2025"
600,2012,"Struweelvogels",5.29119245223235,24,198.580081542306,"volledig","1984-2025"
600,2013,"Struweelvogels",4.94898780906605,25,141.032140197528,"volledig","1984-2025"
600,2014,"Struweelvogels",5.02535428777522,25,152.224177725482,"volledig","1984-2025"
600,2015,"Struweelvogels",5.21409970014455,24,183.846229715897,"volledig","1984-2025"
600,2016,"Struweelvogels",5.22838050831738,24,186.490538952035,"volledig","1984-2025"
600,2017,"Struweelvogels",5.01040400728424,24,149.965310989907,"volledig","1984-2025"
600,2018,"Struweelvogels",5.15885745625135,24,173.965578729522,"volledig","1984-2025"
600,2019,"Struweelvogels",5.31659918218261,24,203.689990214032,"volledig","1984-2025"
600,2020,"Struweelvogels",4.94107301287739,25,139.920305329146,"volledig","1984-2025"
600,2021,"Struweelvogels",5.13925092558849,24,170.58793739105,"volledig","1984-2025"
600,2022,"Struweelvogels",5.02554103925466,24,152.252608470538,"volledig","1984-2025"
600,2023,"Struweelvogels",5.08421328834853,24,161.45287240579,"volledig","1984-2025"
600,2024,"Struweelvogels",4.93510935842916,25,139.088352184121,"volledig","1984-2025"
600,2025,"Struweelvogels",4.8586903254478,25,128.855332999185,"volledig","1984-2025"
700,1958,"Bosrandvogels",4.60517018598809,10,100,"volledig","1958-1983"
700,1959,"Bosrandvogels",5.39756769639295,11,220.868542980096,"volledig","1958-1983"
700,1960,"Bosrandvogels",5.35403188054888,12,211.459159499873,"volledig","1958-1983"
700,1961,"Bosrandvogels",5.2710862452787,14,194.627260606742,"volledig","1958-1983"
700,1962,"Bosrandvogels",5.11897831662983,17,167.164493162403,"volledig","1958-1983"
700,1963,"Bosrandvogels",5.09981323211747,17,163.991276136135,"volledig","1958-1983"
700,1964,"Bosrandvogels",5.04874593836652,18,155.826925334423,"volledig","1958-1983"
700,1965,"Bosrandvogels",5.1564645915427,18,173.549800284832,"volledig","1958-1983"
700,1966,"Bosrandvogels",5.35683585978761,18,212.052918648086,"volledig","1958-1983"
700,1967,"Bosrandvogels",5.35762538281737,18,212.220405419518,"volledig","1958-1983"
700,1968,"Bosrandvogels",5.27385340371484,18,195.166570907225,"volledig","1958-1983"
700,1969,"Bosrandvogels",5.29098181410024,18,198.53825740989,"volledig","1958-1983"
700,1970,"Bosrandvogels",5.31162087398,19,202.678478562407,"volledig","1958-1983"
700,1971,"Bosrandvogels",5.3281384035302,19,206.054027440195,"volledig","1958-1983"
700,1972,"Bosrandvogels",5.46992483764559,19,237.442345364734,"volledig","1958-1983"
700,1973,"Bosrandvogels",5.47478620849154,21,238.599450940926,"volledig","1958-1983"
700,1974,"Bosrandvogels",5.61696974171313,21,275.054632538839,"volledig","1958-1983"
700,1975,"Bosrandvogels",5.57721782728292,22,264.335155737192,"volledig","1958-1983"
700,1976,"Bosrandvogels",5.58523671067433,21,266.463349994086,"volledig","1958-1983"
700,1977,"Bosrandvogels",5.63411460467651,22,279.811064194897,"volledig","1958-1983"
700,1978,"Bosrandvogels",5.51132135128318,21,247.477916380705,"volledig","1958-1983"
700,1979,"Bosrandvogels",5.65262320187465,20,285.03819871738,"volledig","1958-1983"
700,1980,"Bosrandvogels",5.94388592659569,19,381.414201094338,"volledig","1958-1983"
700,1981,"Bosrandvogels",5.85896435982584,19,350.361108026097,"volledig","1958-1983"
700,1982,"Bosrandvogels",5.59259744993031,20,268.431953535034,"volledig","1958-1983"
700,1983,"Bosrandvogels",5.84122261331574,19,344.199906907097,"volledig","1958-1983"
700,1984,"Bosrandvogels",5.5799854510608,19,265.067749303606,"volledig","1984-2025"
700,1985,"Bosrandvogels",5.18726471906956,20,178.978326780153,"volledig","1984-2025"
700,1986,"Bosrandvogels",5.16716424048797,21,175.416691954646,"volledig","1984-2025"
700,1987,"Bosrandvogels",5.1826025379328,20,178.145839512275,"volledig","1984-2025"
700,1988,"Bosrandvogels",5.1293494244545,21,168.907195401486,"volledig","1984-2025"
700,1989,"Bosrandvogels",5.19697593187062,21,180.724890297113,"volledig","1984-2025"
700,1990,"Bosrandvogels",5.15977490675855,22,174.125256775114,"volledig","1984-2025"
700,1991,"Bosrandvogels",5.04439730272884,22,155.150762072987,"volledig","1984-2025"
700,1992,"Bosrandvogels",4.99209575611537,24,147.244689315965,"volledig","1984-2025"
700,1993,"Bosrandvogels",5.17473514701872,23,176.749795366399,"volledig","1984-2025"
700,1994,"Bosrandvogels",5.05377566380534,23,156.61266635916,"volledig","1984-2025"
700,1995,"Bosrandvogels",5.22982234710985,23,186.759622186231,"volledig","1984-2025"
700,1996,"Bosrandvogels",5.41038231809478,23,223.717102428957,"volledig","1984-2025"
700,1997,"Bosrandvogels",5.3907740882326,24,219.373134006921,"volledig","1984-2025"
700,1998,"Bosrandvogels",5.16963445364104,24,175.850544207539,"volledig","1984-2025"
700,1999,"Bosrandvogels",5.16591603695727,23,175.197872814227,"volledig","1984-2025"
700,2000,"Bosrandvogels",5.09319424113551,23,162.909403759847,"volledig","1984-2025"
700,2001,"Bosrandvogels",4.9335889062943,22,138.877035691124,"volledig","1984-2025"
700,2002,"Bosrandvogels",5.06118737729601,24,157.777746859162,"volledig","1984-2025"
700,2003,"Bosrandvogels",5.18759454925731,23,179.037368971691,"volledig","1984-2025"
700,2004,"Bosrandvogels",5.28696701659064,23,197.742764448579,"volledig","1984-2025"
700,2005,"Bosrandvogels",5.21156468090345,23,183.380766214898,"volledig","1984-2025"
700,2006,"Bosrandvogels",5.17955051008022,23,177.602962307839,"volledig","1984-2025"
700,2007,"Bosrandvogels",5.33713575199957,23,207.916332670007,"volledig","1984-2025"
700,2008,"Bosrandvogels",5.23327872104163,23,187.406250126095,"volledig","1984-2025"
700,2009,"Bosrandvogels",5.31059433966287,22,202.470528900812,"volledig","1984-2025"
700,2010,"Bosrandvogels",5.35254594551592,22,211.145178262365,"volledig","1984-2025"
700,2011,"Bosrandvogels",5.55896428931934,22,259.553874343731,"volledig","1984-2025"
700,2012,"Bosrandvogels",5.37711348421768,22,216.396740444443,"volledig","1984-2025"
700,2013,"Bosrandvogels",5.06959364598281,23,159.109659355885,"volledig","1984-2025"
700,2014,"Bosrandvogels",5.09306762922839,23,162.88877879526,"volledig","1984-2025"
700,2015,"Bosrandvogels",5.3709692327113,22,215.071220779156,"volledig","1984-2025"
700,2016,"Bosrandvogels",5.81218434760591,21,334.348662303741,"volledig","1984-2025"
700,2017,"Bosrandvogels",6.07351883567479,19,434.205895707752,"volledig","1984-2025"
700,2018,"Bosrandvogels",5.61277164401452,22,273.902346715542,"volledig","1984-2025"
700,2019,"Bosrandvogels",5.55214861166247,23,257.790853716624,"volledig","1984-2025"
700,2020,"Bosrandvogels",5.9666056294052,22,390.179008279225,"volledig","1984-2025"
700,2021,"Bosrandvogels",6.24293038433125,21,514.363587636997,"volledig","1984-2025"
700,2022,"Bosrandvogels",6.22672401647168,21,506.094806555806,"volledig","1984-2025"
700,2023,"Bosrandvogels",6.45162809437955,20,633.733230863607,"volledig","1984-2025"
700,2024,"Bosrandvogels",6.23071157242773,22,508.116916875641,"volledig","1984-2025"
700,2025,"Bosrandvogels",6.17492715887675,22,480.548018988346,"volledig","1984-2025"
800,1958,"Bosvogels",4.60517018598809,6,100,"volledig","1958-1983"
800,1959,"Bosvogels",4.75063056313726,10,115.657190699813,"volledig","1958-1983"
800,1960,"Bosvogels",4.40853148976896,11,82.1487386199028,"volledig","1958-1983"
800,1961,"Bosvogels",4.59329274976911,12,98.8192822088631,"volledig","1958-1983"
800,1962,"Bosvogels",4.47035273845879,13,87.3875425245752,"volledig","1958-1983"
800,1963,"Bosvogels",4.29364491292008,15,73.2329102068285,"volledig","1958-1983"
800,1964,"Bosvogels",4.41985862978212,16,83.0845388487009,"volledig","1958-1983"
800,1965,"Bosvogels",4.35234122373511,17,77.660069849889,"volledig","1958-1983"
800,1966,"Bosvogels",4.35934658019394,18,78.2060163640813,"volledig","1958-1983"
800,1967,"Bosvogels",4.3996619063828,19,81.4233353008466,"volledig","1958-1983"
800,1968,"Bosvogels",4.30740672639303,19,74.247694477529,"volledig","1958-1983"
800,1969,"Bosvogels",4.30203945569416,19,73.8502545404722,"volledig","1958-1983"
800,1970,"Bosvogels",4.27680488024083,19,72.0099915013845,"volledig","1958-1983"
800,1971,"Bosvogels",4.38292916466207,19,80.0722349912744,"volledig","1958-1983"
800,1972,"Bosvogels",4.35365289592128,19,77.7620012391564,"volledig","1958-1983"
800,1973,"Bosvogels",4.56835604885791,24,96.385526360728,"volledig","1958-1983"
800,1974,"Bosvogels",4.40718085153945,24,82.0378602881292,"volledig","1958-1983"
800,1975,"Bosvogels",4.65115694097771,26,104.706054253734,"volledig","1958-1983"
800,1976,"Bosvogels",4.55682326535453,25,95.2803182650291,"volledig","1958-1983"
800,1977,"Bosvogels",4.66844552180466,27,106.53201196392,"volledig","1958-1983"
800,1978,"Bosvogels",4.50167468960545,27,90.1680083554787,"volledig","1958-1983"
800,1979,"Bosvogels",4.80921890208223,24,122.635789536768,"volledig","1958-1983"
800,1980,"Bosvogels",4.36603673455881,24,78.7309807742537,"volledig","1958-1983"
800,1981,"Bosvogels",4.05744741428868,24,57.8265153917044,"volledig","1958-1983"
800,1982,"Bosvogels",4.21539245410917,22,67.7207379383119,"volledig","1958-1983"
800,1983,"Bosvogels",4.7359473605592,26,113.971379580047,"volledig","1958-1983"
800,1984,"Bosvogels",5.3162011825837,24,203.608937810107,"volledig","1984-2025"
800,1985,"Bosvogels",5.0763528714339,28,160.188760249616,"volledig","1984-2025"
800,1986,"Bosvogels",4.96670011166989,30,143.552398037539,"volledig","1984-2025"
800,1987,"Bosvogels",4.81578834008063,31,123.444089885009,"volledig","1984-2025"
800,1988,"Bosvogels",4.27343877223525,33,71.7680055963442,"volledig","1984-2025"
800,1989,"Bosvogels",4.36865244956779,35,78.9371881546344,"volledig","1984-2025"
800,1990,"Bosvogels",4.3540926227258,35,77.7962027945935,"volledig","1984-2025"
800,1991,"Bosvogels",4.41973419785903,35,83.0742011229375,"volledig","1984-2025"
800,1992,"Bosvogels",4.36029135920499,35,78.2799386815084,"volledig","1984-2025"
800,1993,"Bosvogels",4.413432787946,36,82.5523624150211,"volledig","1984-2025"
800,1994,"Bosvogels",4.35746871422131,36,78.0592937529126,"volledig","1984-2025"
800,1995,"Bosvogels",4.24188396365164,35,69.5387369614518,"volledig","1984-2025"
800,1996,"Bosvogels",4.45521792608511,35,86.0749067688204,"volledig","1984-2025"
800,1997,"Bosvogels",4.44538751829027,35,85.2329007463904,"volledig","1984-2025"
800,1998,"Bosvogels",4.33046030134222,37,75.9792518728996,"volledig","1984-2025"
800,1999,"Bosvogels",4.20133002784742,37,66.7750847276055,"volledig","1984-2025"
800,2000,"Bosvogels",4.12937582302584,38,62.139125016607,"volledig","1984-2025"
800,2001,"Bosvogels",4.26750012815019,37,71.3430639917712,"volledig","1984-2025"
800,2002,"Bosvogels",4.22568908882801,37,68.4216358923951,"volledig","1984-2025"
800,2003,"Bosvogels",4.26818840539249,38,71.3921847015066,"volledig","1984-2025"
800,2004,"Bosvogels",4.13027296560258,37,62.194897685618,"volledig","1984-2025"
800,2005,"Bosvogels",4.08352237116794,38,59.3541694906149,"volledig","1984-2025"
800,2006,"Bosvogels",4.11195668256769,38,61.0660876960865,"volledig","1984-2025"
800,2007,"Bosvogels",4.06598364701417,38,58.3222488225352,"volledig","1984-2025"
800,2008,"Bosvogels",4.10499386107501,38,60.642372267489,"volledig","1984-2025"
800,2009,"Bosvogels",4.02712893955825,38,56.0996144276857,"volledig","1984-2025"
800,2010,"Bosvogels",3.7797400296547,38,43.8046523445904,"volledig","1984-2025"
800,2011,"Bosvogels",3.98751318999495,38,53.9206321289426,"volledig","1984-2025"
800,2012,"Bosvogels",4.00384536132883,38,54.8085038318837,"volledig","1984-2025"
800,2013,"Bosvogels",3.7315823936681,37,41.7451131300272,"volledig","1984-2025"
800,2014,"Bosvogels",3.76720486689808,38,43.258981082103,"volledig","1984-2025"
800,2015,"Bosvogels",3.82837117323389,38,45.9875714095831,"volledig","1984-2025"
800,2016,"Bosvogels",3.92965663754032,38,50.8895011247002,"volledig","1984-2025"
800,2017,"Bosvogels",3.97275924022394,36,53.1309297704417,"volledig","1984-2025"
800,2018,"Bosvogels",3.94283822092205,37,51.5647459478128,"volledig","1984-2025"
800,2019,"Bosvogels",3.9221594575072,38,50.5093999966493,"volledig","1984-2025"
800,2020,"Bosvogels",4.08663294175067,38,59.5390822672204,"volledig","1984-2025"
800,2021,"Bosvogels",3.93262196904759,38,51.040629327644,"volledig","1984-2025"
800,2022,"Bosvogels",3.81229757283279,38,45.2542945503592,"volledig","1984-2025"
800,2023,"Bosvogels",3.8494027584821,37,46.9650054026482,"volledig","1984-2025"
800,2024,"Bosvogels",3.85784689831281,38,47.3632635828687,"volledig","1984-2025"
800,2025,"Bosvogels",3.58196647486759,37,35.9441546709497,"volledig","1984-2025"
900,1958,"Vogels van bebouwing/overige",4.60517018598809,1,100,"volledig","1958-1983"
900,1959,"Vogels van bebouwing/overige",4.84623929259827,2,127.260897796204,"volledig","1958-1983"
900,1960,"Vogels van bebouwing/overige",4.47238512647092,5,87.5653285222802,"volledig","1958-1983"
900,1961,"Vogels van bebouwing/overige",4.5303405445595,6,92.7901548846788,"volledig","1958-1983"
900,1962,"Vogels van bebouwing/overige",4.46673353940546,6,87.0718412508771,"volledig","1958-1983"
900,1963,"Vogels van bebouwing/overige",4.43007188827572,6,83.9374508119901,"volledig","1958-1983"
900,1964,"Vogels van bebouwing/overige",4.55261998491692,6,94.8806688748104,"volledig","1958-1983"
900,1965,"Vogels van bebouwing/overige",4.51205460024355,6,91.1088185403555,"volledig","1958-1983"
900,1966,"Vogels van bebouwing/overige",4.62206731777134,7,101.704069578122,"volledig","1958-1983"
900,1967,"Vogels van bebouwing/overige",4.72791516595079,8,113.05960595308,"volledig","1958-1983"
900,1968,"Vogels van bebouwing/overige",4.60602919127843,8,100.085937434105,"volledig","1958-1983"
900,1969,"Vogels van bebouwing/overige",4.59991480940584,8,99.4758408749646,"volledig","1958-1983"
900,1970,"Vogels van bebouwing/overige",4.82195586782561,8,124.207787376243,"volledig","1958-1983"
900,1971,"Vogels van bebouwing/overige",4.84701383264619,9,127.359504640626,"volledig","1958-1983"
900,1972,"Vogels van bebouwing/overige",4.94820222345038,9,140.921390884071,"volledig","1958-1983"
900,1973,"Vogels van bebouwing/overige",4.78542046861742,9,119.751704333214,"volledig","1958-1983"
900,1974,"Vogels van bebouwing/overige",4.89238834470097,10,133.271492513658,"volledig","1958-1983"
900,1975,"Vogels van bebouwing/overige",5.08551874044836,10,161.663779031392,"volledig","1958-1983"
900,1976,"Vogels van bebouwing/overige",5.09625812903397,10,163.409305340709,"volledig","1958-1983"
900,1977,"Vogels van bebouwing/overige",5.23218812930567,11,187.201977827528,"volledig","1958-1983"
900,1978,"Vogels van bebouwing/overige",4.9660991978335,11,143.466161328322,"volledig","1958-1983"
900,1979,"Vogels van bebouwing/overige",5.14537790622937,9,171.636334856775,"volledig","1958-1983"
900,1980,"Vogels van bebouwing/overige",5.09229638449512,10,162.763200114678,"volledig","1958-1983"
900,1981,"Vogels van bebouwing/overige",5.42152128411993,9,226.223010333345,"volledig","1958-1983"
900,1982,"Vogels van bebouwing/overige",5.1660366362043,9,175.219002819875,"volledig","1958-1983"
900,1983,"Vogels van bebouwing/overige",5.02649787062672,10,152.398358260667,"volledig","1958-1983"
900,1984,"Vogels van bebouwing/overige",5.17859484065164,9,177.43331366326,"volledig","1984-2025"
900,1985,"Vogels van bebouwing/overige",5.24608492412087,10,189.821645636158,"volledig","1984-2025"
900,1986,"Vogels van bebouwing/overige",5.2129662211173,10,183.63796192616,"volledig","1984-2025"
900,1987,"Vogels van bebouwing/overige",5.13785412360487,10,170.349826157555,"volledig","1984-2025"
900,1988,"Vogels van bebouwing/overige",5.11307764018032,10,166.181014024062,"volledig","1984-2025"
900,1989,"Vogels van bebouwing/overige",5.04350988356969,10,155.013139387702,"volledig","1984-2025"
900,1990,"Vogels van bebouwing/overige",5.06935223521016,10,159.0712532061,"volledig","1984-2025"
900,1991,"Vogels van bebouwing/overige",4.922763125079,10,137.381692022789,"volledig","1984-2025"
900,1992,"Vogels van bebouwing/overige",4.84251247132626,10,126.787501854158,"volledig","1984-2025"
900,1993,"Vogels van bebouwing/overige",4.8309961653593,10,125.33575362327,"volledig","1984-2025"
900,1994,"Vogels van bebouwing/overige",4.68997050218749,10,108.849968924084,"volledig","1984-2025"
900,1995,"Vogels van bebouwing/overige",4.66445865602624,10,106.108128675475,"volledig","1984-2025"
900,1996,"Vogels van bebouwing/overige",4.61602389872881,10,101.091282796046,"volledig","1984-2025"
900,1997,"Vogels van bebouwing/overige",4.68323303565356,10,108.119060900282,"volledig","1984-2025"
900,1998,"Vogels van bebouwing/overige",4.23878312178137,10,69.3234423041287,"volledig","1984-2025"
900,1999,"Vogels van bebouwing/overige",4.19751766852979,10,66.5209987524184,"volledig","1984-2025"
900,2000,"Vogels van bebouwing/overige",3.93335277996635,10,51.0779440101852,"volledig","1984-2025"
900,2001,"Vogels van bebouwing/overige",3.99546321052638,10,54.3510107541288,"volledig","1984-2025"
900,2002,"Vogels van bebouwing/overige",4.027743118633,10,56.1340802199696,"volledig","1984-2025"
900,2003,"Vogels van bebouwing/overige",4.22454361759967,10,68.3433057481126,"volledig","1984-2025"
900,2004,"Vogels van bebouwing/overige",3.67035674352845,10,39.265911221712,"volledig","1984-2025"
900,2005,"Vogels van bebouwing/overige",3.86554963210459,10,47.7294988895028,"volledig","1984-2025"
900,2006,"Vogels van bebouwing/overige",4.11196404422104,10,61.0665372451099,"volledig","1984-2025"
900,2007,"Vogels van bebouwing/overige",3.9193173228851,10,50.3660492896767,"volledig","1984-2025"
900,2008,"Vogels van bebouwing/overige",3.86446694545673,10,47.6778507627599,"volledig","1984-2025"
900,2009,"Vogels van bebouwing/overige",3.8342199548624,10,46.2573307852246,"volledig","1984-2025"
900,2010,"Vogels van bebouwing/overige",3.69861807966517,10,40.3914480110845,"volledig","1984-2025"
900,2011,"Vogels van bebouwing/overige",3.77913557509882,10,43.77818242365,"volledig","1984-2025"
900,2012,"Vogels van bebouwing/overige",3.50927586704742,10,33.4240555585291,"volledig","1984-2025"
900,2013,"Vogels van bebouwing/overige",3.49318946741609,10,32.8906843564253,"volledig","1984-2025"
900,2014,"Vogels van bebouwing/overige",3.24133576415586,10,25.5678515672476,"volledig","1984-2025"
900,2015,"Vogels van bebouwing/overige",3.24522758573352,10,25.6675509639637,"volledig","1984-2025"
900,2016,"Vogels van bebouwing/overige",3.20678206387536,11,24.6994768655033,"volledig","1984-2025"
900,2017,"Vogels van bebouwing/overige",2.68895701684846,11,14.7163190405392,"volledig","1984-2025"
900,2018,"Vogels van bebouwing/overige",2.91555453748576,11,18.4590457979304,"volledig","1984-2025"
900,2019,"Vogels van bebouwing/overige",3.39312405847127,11,29.7587753567478,"volledig","1984-2025"
900,2020,"Vogels van bebouwing/overige",3.04000234047338,11,20.9052921633153,"volledig","1984-2025"
900,2021,"Vogels van bebouwing/overige",2.90005087336153,11,18.1750699728296,"volledig","1984-2025"
900,2022,"Vogels van bebouwing/overige",3.47491304098003,11,32.2950200712064,"volledig","1984-2025"
900,2023,"Vogels van bebouwing/overige",2.71948848111281,11,15.172559209051,"volledig","1984-2025"
900,2024,"Vogels van bebouwing/overige",2.53939051470895,11,12.6719452524767,"volledig","1984-2025"
900,2025,"Vogels van bebouwing/overige",3.03097842505991,11,20.7174931905494,"volledig","1984-2025"
100,1958,"Watervogels",4.60517018598809,9,100,"robuust","1958-1983"
100,1959,"Watervogels",5.25281929082312,10,191.104288251257,"robuust","1958-1983"
100,1960,"Watervogels",5.13547096286019,11,169.944338502037,"robuust","1958-1983"
100,1961,"Watervogels",5.08324842337917,11,161.297167314277,"robuust","1958-1983"
100,1962,"Watervogels",5.06788431080515,11,158.837919931087,"robuust","1958-1983"
100,1963,"Watervogels",4.83894701905243,11,126.336252000329,"robuust","1958-1983"
100,1964,"Watervogels",5.21680744877891,12,184.344713673401,"robuust","1958-1983"
100,1965,"Watervogels",5.76642484575971,12,319.393806887272,"robuust","1958-1983"
100,1966,"Watervogels",5.72267605050297,13,305.721956653481,"robuust","1958-1983"
100,1967,"Watervogels",5.51129167836416,13,247.470573097483,"robuust","1958-1983"
100,1968,"Watervogels",5.46511045315573,13,236.301953964004,"robuust","1958-1983"
100,1969,"Watervogels",5.0014753406404,13,148.6322806675,"robuust","1958-1983"
100,1970,"Watervogels",5.25169627320877,14,190.889795231636,"robuust","1958-1983"
100,1971,"Watervogels",5.20478451749495,14,182.141620207217,"robuust","1958-1983"
100,1972,"Watervogels",5.0442999979357,14,155.135665894654,"robuust","1958-1983"
100,1973,"Watervogels",5.40461532784483,15,222.430641150771,"robuust","1958-1983"
100,1974,"Watervogels",5.00616876692806,14,149.331514939462,"robuust","1958-1983"
100,1975,"Watervogels",5.02968250566593,16,152.884465037802,"robuust","1958-1983"
100,1976,"Watervogels",5.66085190424641,14,287.393369931344,"robuust","1958-1983"
100,1977,"Watervogels",4.8330724168545,16,125.59625250615,"robuust","1958-1983"
100,1978,"Watervogels",5.31677366762951,15,203.725534253873,"robuust","1958-1983"
100,1979,"Watervogels",5.46430106210367,15,236.110770658348,"robuust","1958-1983"
100,1980,"Watervogels",5.38390948353106,15,217.872381090888,"robuust","1958-1983"
100,1981,"Watervogels",5.51479360002105,15,248.33871485186,"robuust","1958-1983"
100,1982,"Watervogels",5.57528245570811,15,263.824063726562,"robuust","1958-1983"
100,1983,"Watervogels",5.30408933677229,15,201.157732028034,"robuust","1958-1983"
100,1984,"Watervogels",6.08345008661142,14,438.539587286283,"robuust","1984-2025"
100,1985,"Watervogels",5.89052303333077,14,361.594360824263,"robuust","1984-2025"
100,1986,"Watervogels",5.87807821638561,14,357.12227008789,"robuust","1984-2025"
100,1987,"Watervogels",5.51724230214326,14,248.947567535144,"robuust","1984-2025"
100,1988,"Watervogels",5.28568692334977,15,197.489797217742,"robuust","1984-2025"
100,1989,"Watervogels",5.80887312452451,14,333.243390206994,"robuust","1984-2025"
100,1990,"Watervogels",5.52666036985163,15,251.303248149405,"robuust","1984-2025"
100,1991,"Watervogels",5.9082099771214,14,368.046753304192,"robuust","1984-2025"
100,1992,"Watervogels",6.00819896713496,14,406.750089906328,"robuust","1984-2025"
100,1993,"Watervogels",5.950959047226,14,384.121553175547,"robuust","1984-2025"
100,1994,"Watervogels",5.78973077138781,14,326.924994963801,"robuust","1984-2025"
100,1995,"Watervogels",5.23155368213749,15,187.083245731421,"robuust","1984-2025"
100,1996,"Watervogels",5.42811372217216,15,227.719298188372,"robuust","1984-2025"
100,1997,"Watervogels",5.08778450369209,15,162.030486158649,"robuust","1984-2025"
100,1998,"Watervogels",5.00383498831747,15,148.983414596571,"robuust","1984-2025"
100,1999,"Watervogels",5.05815560304378,15,157.300124735733,"robuust","1984-2025"
100,2000,"Watervogels",5.41065979487235,14,223.779187342789,"robuust","1984-2025"
100,2001,"Watervogels",5.40075773032145,14,221.574246135992,"robuust","1984-2025"
100,2002,"Watervogels",4.68149983309766,15,107.931830968156,"robuust","1984-2025"
100,2003,"Watervogels",4.86699141036677,15,129.929423953001,"robuust","1984-2025"
100,2004,"Watervogels",4.46329009185615,14,86.7725295603142,"robuust","1984-2025"
100,2005,"Watervogels",4.26588433348468,15,71.2278813303768,"robuust","1984-2025"
100,2006,"Watervogels",4.37194496085404,14,79.197518071955,"robuust","1984-2025"
100,2007,"Watervogels",5.12587427467105,14,168.321236335426,"robuust","1984-2025"
100,2008,"Watervogels",5.06903742955905,14,159.021184558021,"robuust","1984-2025"
100,2009,"Watervogels",4.6017673871282,15,99.6602984098877,"robuust","1984-2025"
100,2010,"Watervogels",5.13429570609814,14,169.744727589055,"robuust","1984-2025"
100,2011,"Watervogels",4.67411533172603,14,107.137743791769,"robuust","1984-2025"
100,2012,"Watervogels",4.46033816131826,15,86.516760772032,"robuust","1984-2025"
100,2013,"Watervogels",4.92874853476347,14,138.20644350822,"robuust","1984-2025"
100,2014,"Watervogels",4.75683419984416,14,116.376916042509,"robuust","1984-2025"
100,2015,"Watervogels",4.66659311652952,14,106.334854167435,"robuust","1984-2025"
100,2016,"Watervogels",4.67814226102324,15,107.57004975967,"robuust","1984-2025"
100,2017,"Watervogels",4.86563968961308,13,129.753914300871,"robuust","1984-2025"
100,2018,"Watervogels",4.45433263771138,14,85.9987393746163,"robuust","1984-2025"
100,2019,"Watervogels",4.78652464327641,14,119.884004158125,"robuust","1984-2025"
100,2020,"Watervogels",4.9465395129695,15,140.687274098621,"robuust","1984-2025"
100,2021,"Watervogels",4.75912498325091,15,116.643815938918,"robuust","1984-2025"
100,2022,"Watervogels",4.55075134001982,14,94.7035361477108,"robuust","1984-2025"
100,2023,"Watervogels",4.64485204743647,13,104.047970482593,"robuust","1984-2025"
100,2024,"Watervogels",4.88987226527116,12,132.936592347153,"robuust","1984-2025"
100,2025,"Watervogels",4.48827107206918,14,88.9674944454596,"robuust","1984-2025"
200,1958,"Rietvogels",4.60517018598809,3,100,"robuust","1958-1983"
200,1959,"Rietvogels",5.6755763772527,4,291.656394220168,"robuust","1958-1983"
200,1960,"Rietvogels",5.16061673058305,5,174.271901280474,"robuust","1958-1983"
200,1961,"Rietvogels",4.46307859363281,5,86.7541792650733,"robuust","1958-1983"
200,1962,"Rietvogels",5.112407354267,5,166.069662554131,"robuust","1958-1983"
200,1963,"Rietvogels",4.5936272594858,5,98.8523437483531,"robuust","1958-1983"
200,1964,"Rietvogels",4.96687728648487,6,143.577834160355,"robuust","1958-1983"
200,1965,"Rietvogels",5.40778485417326,6,223.136759363147,"robuust","1958-1983"
200,1966,"Rietvogels",5.88899248664048,6,361.041347086704,"robuust","1958-1983"
200,1967,"Rietvogels",5.81178140561086,6,334.213966325865,"robuust","1958-1983"
200,1968,"Rietvogels",5.31159950511324,6,202.674147599276,"robuust","1958-1983"
200,1969,"Rietvogels",5.25963029989916,6,192.410344022892,"robuust","1958-1983"
200,1970,"Rietvogels",5.72445228968048,6,306.265474536292,"robuust","1958-1983"
200,1971,"Rietvogels",5.78940770483607,6,326.819393492068,"robuust","1958-1983"
200,1972,"Rietvogels",5.92946530693346,6,375.953440375331,"robuust","1958-1983"
200,1973,"Rietvogels",5.97228904743124,6,392.402872276501,"robuust","1958-1983"
200,1974,"Rietvogels",5.86590229053906,6,352.800340948352,"robuust","1958-1983"
200,1975,"Rietvogels",6.22024270335007,6,502.825254585783,"robuust","1958-1983"
200,1976,"Rietvogels",6.08215046271586,6,437.970020950673,"robuust","1958-1983"
200,1977,"Rietvogels",5.63888387013743,6,281.148744780294,"robuust","1958-1983"
200,1978,"Rietvogels",5.62551432276105,6,277.414928649489,"robuust","1958-1983"
200,1979,"Rietvogels",5.92706868345764,6,375.053500373736,"robuust","1958-1983"
200,1980,"Rietvogels",6.25770448049559,6,522.019258299204,"robuust","1958-1983"
200,1981,"Rietvogels",6.5698350663469,6,713.252194141034,"robuust","1958-1983"
200,1982,"Rietvogels",6.49547022770132,6,662.135506574687,"robuust","1958-1983"
200,1983,"Rietvogels",6.4938174114298,6,661.042022148827,"robuust","1958-1983"
200,1984,"Rietvogels",6.68975171396394,6,804.122574949834,"robuust","1984-2025"
200,1985,"Rietvogels",6.39449005351715,6,598.538023026458,"robuust","1984-2025"
200,1986,"Rietvogels",6.22544131736012,6,505.446055362314,"robuust","1984-2025"
200,1987,"Rietvogels",6.17915699105804,6,482.584961388985,"robuust","1984-2025"
200,1988,"Rietvogels",6.62518983223116,6,753.847303488068,"robuust","1984-2025"
200,1989,"Rietvogels",6.71713226848596,6,826.4440901785,"robuust","1984-2025"
200,1990,"Rietvogels",6.65492227814778,6,776.597562140099,"robuust","1984-2025"
200,1991,"Rietvogels",6.14654530378932,6,467.100904437851,"robuust","1984-2025"
200,1992,"Rietvogels",6.45182366253298,6,633.857181021291,"robuust","1984-2025"
200,1993,"Rietvogels",6.83927428802991,6,933.811210796726,"robuust","1984-2025"
200,1994,"Rietvogels",6.88523583805402,6,977.732228986583,"robuust","1984-2025"
200,1995,"Rietvogels",7.11820528150987,6,1234.23334313218,"robuust","1984-2025"
200,1996,"Rietvogels",6.97746430741907,6,1072.19615726957,"robuust","1984-2025"
200,1997,"Rietvogels",6.73151808741776,6,838.419093814082,"robuust","1984-2025"
200,1998,"Rietvogels",6.78565842687149,6,885.062644166264,"robuust","1984-2025"
200,1999,"Rietvogels",6.69043120934773,6,804.66915820689,"robuust","1984-2025"
200,2000,"Rietvogels",6.71021102651067,6,820.743819881621,"robuust","1984-2025"
200,2001,"Rietvogels",6.66800477601224,6,786.824146867028,"robuust","1984-2025"
200,2002,"Rietvogels",6.63020729108965,6,757.639206221827,"robuust","1984-2025"
200,2003,"Rietvogels",6.60108634976437,6,735.894193648144,"robuust","1984-2025"
200,2004,"Rietvogels",6.71979987742807,6,828.65166298498,"robuust","1984-2025"
200,2005,"Rietvogels",6.47545875232921,6,649.016897340671,"robuust","1984-2025"
200,2006,"Rietvogels",6.63749794207935,6,763.18307389633,"robuust","1984-2025"
200,2007,"Rietvogels",6.34321623856702,6,568.62219820778,"robuust","1984-2025"
200,2008,"Rietvogels",6.12036226935037,6,455.029507888523,"robuust","1984-2025"
200,2009,"Rietvogels",6.08562809091331,6,439.495769300223,"robuust","1984-2025"
200,2010,"Rietvogels",6.20169184394379,6,493.583401178751,"robuust","1984-2025"
200,2011,"Rietvogels",6.05803590621345,6,427.534893049091,"robuust","1984-2025"
200,2012,"Rietvogels",5.79259879074681,6,327.863968031136,"robuust","1984-2025"
200,2013,"Rietvogels",5.57960314225162,6,264.966430936702,"robuust","1984-2025"
200,2014,"Rietvogels",5.94310980758013,6,381.11829312482,"robuust","1984-2025"
200,2015,"Rietvogels",5.93787088948333,6,379.126866616897,"robuust","1984-2025"
200,2016,"Rietvogels",5.9161519457321,6,370.981407105164,"robuust","1984-2025"
200,2017,"Rietvogels",5.79138708052084,6,327.466932502927,"robuust","1984-2025"
200,2018,"Rietvogels",5.92017399960914,6,372.476519006704,"robuust","1984-2025"
200,2019,"Rietvogels",6.23506528711552,6,510.333935591298,"robuust","1984-2025"
200,2020,"Rietvogels",6.15401063563763,6,470.601016188555,"robuust","1984-2025"
200,2021,"Rietvogels",6.1312080787574,6,459.991531144119,"robuust","1984-2025"
200,2022,"Rietvogels",6.03497481671084,6,417.788288222577,"robuust","1984-2025"
200,2023,"Rietvogels",6.19530237350794,6,490.439718558024,"robuust","1984-2025"
200,2024,"Rietvogels",6.01004018267918,6,407.499694374407,"robuust","1984-2025"
200,2025,"Rietvogels",6.19975774942278,6,492.629686811032,"robuust","1984-2025"
300,1958,"Vogels van pionierbegroeiingen",4.60517018598809,12,100,"robuust","1958-1983"
300,1959,"Vogels van pionierbegroeiingen",4.54641306200333,12,94.2935757827537,"robuust","1958-1983"
300,1960,"Vogels van pionierbegroeiingen",4.59956543051571,13,99.4410921866682,"robuust","1958-1983"
300,1961,"Vogels van pionierbegroeiingen",4.82234285385134,14,124.255863356011,"robuust","1958-1983"
300,1962,"Vogels van pionierbegroeiingen",4.68651303372095,14,108.474273440846,"robuust","1958-1983"
300,1963,"Vogels van pionierbegroeiingen",4.62389378531724,13,101.88999850538,"robuust","1958-1983"
300,1964,"Vogels van pionierbegroeiingen",4.52403519708399,14,92.2069213930565,"robuust","1958-1983"
300,1965,"Vogels van pionierbegroeiingen",4.65718213173698,13,105.338832595062,"robuust","1958-1983"
300,1966,"Vogels van pionierbegroeiingen",4.80562671084069,14,122.196048617296,"robuust","1958-1983"
300,1967,"Vogels van pionierbegroeiingen",4.7114304468059,14,111.211127783565,"robuust","1958-1983"
300,1968,"Vogels van pionierbegroeiingen",4.96782704629616,15,143.714263394278,"robuust","1958-1983"
300,1969,"Vogels van pionierbegroeiingen",4.91149224274678,14,135.84197243608,"robuust","1958-1983"
300,1970,"Vogels van pionierbegroeiingen",5.08733036214498,14,161.95691808941,"robuust","1958-1983"
300,1971,"Vogels van pionierbegroeiingen",4.97826445509042,14,145.22212329723,"robuust","1958-1983"
300,1972,"Vogels van pionierbegroeiingen",4.99502011554258,14,147.675915934771,"robuust","1958-1983"
300,1973,"Vogels van pionierbegroeiingen",5.15847971745338,15,173.89987759064,"robuust","1958-1983"
300,1974,"Vogels van pionierbegroeiingen",5.01877548534399,15,151.226011902943,"robuust","1958-1983"
300,1975,"Vogels van pionierbegroeiingen",4.8156836722296,17,123.431169933561,"robuust","1958-1983"
300,1976,"Vogels van pionierbegroeiingen",5.32168220181229,15,204.727986274937,"robuust","1958-1983"
300,1977,"Vogels van pionierbegroeiingen",4.73217909521244,17,113.542713351149,"robuust","1958-1983"
300,1978,"Vogels van pionierbegroeiingen",5.24133265397768,15,188.921701978456,"robuust","1958-1983"
300,1979,"Vogels van pionierbegroeiingen",5.32707180515914,14,205.834367715352,"robuust","1958-1983"
300,1980,"Vogels van pionierbegroeiingen",5.3061931230855,15,201.581370377502,"robuust","1958-1983"
300,1981,"Vogels van pionierbegroeiingen",5.27517446009244,15,195.424567326802,"robuust","1958-1983"
300,1982,"Vogels van pionierbegroeiingen",5.29890317784212,15,200.117196583006,"robuust","1958-1983"
300,1983,"Vogels van pionierbegroeiingen",5.30732647781926,15,201.809963091706,"robuust","1958-1983"
300,1984,"Vogels van pionierbegroeiingen",5.65480114484754,15,285.659672180503,"robuust","1984-2025"
300,1985,"Vogels van pionierbegroeiingen",5.17876301587654,16,177.463156059996,"robuust","1984-2025"
300,1986,"Vogels van pionierbegroeiingen",4.97536341780546,16,144.801439008387,"robuust","1984-2025"
300,1987,"Vogels van pionierbegroeiingen",4.82954260538003,16,125.153702930687,"robuust","1984-2025"
300,1988,"Vogels van pionierbegroeiingen",4.81720020657071,16,123.618499551525,"robuust","1984-2025"
300,1989,"Vogels van pionierbegroeiingen",4.62830136507849,16,102.340077952566,"robuust","1984-2025"
300,1990,"Vogels van pionierbegroeiingen",4.56239866310715,16,95.8130275905993,"robuust","1984-2025"
300,1991,"Vogels van pionierbegroeiingen",4.13882496833283,16,62.7290694841443,"robuust","1984-2025"
300,1992,"Vogels van pionierbegroeiingen",3.92560534617101,16,50.6837499883224,"robuust","1984-2025"
300,1993,"Vogels van pionierbegroeiingen",3.78356045022251,16,43.9723246247475,"robuust","1984-2025"
300,1994,"Vogels van pionierbegroeiingen",3.69757648294361,16,40.349398314472,"robuust","1984-2025"
300,1995,"Vogels van pionierbegroeiingen",3.57853061611703,16,35.8208675524394,"robuust","1984-2025"
300,1996,"Vogels van pionierbegroeiingen",3.49232865996365,17,32.862383992545,"robuust","1984-2025"
300,1997,"Vogels van pionierbegroeiingen",3.3794252841979,17,29.3538961166389,"robuust","1984-2025"
300,1998,"Vogels van pionierbegroeiingen",3.32094644321195,17,27.6865419018975,"robuust","1984-2025"
300,1999,"Vogels van pionierbegroeiingen",3.02757053807439,17,20.6470104818992,"robuust","1984-2025"
300,2000,"Vogels van pionierbegroeiingen",2.88515202224857,17,17.9062895430165,"robuust","1984-2025"
300,2001,"Vogels van pionierbegroeiingen",2.67866348785654,17,14.5656131621947,"robuust","1984-2025"
300,2002,"Vogels van pionierbegroeiingen",2.42996783283463,17,11.3585167028397,"robuust","1984-2025"
300,2003,"Vogels van pionierbegroeiingen",2.44686138586952,17,11.5520323886079,"robuust","1984-2025"
300,2004,"Vogels van pionierbegroeiingen",1.99311958995073,17,7.33839086177078,"robuust","1984-2025"
300,2005,"Vogels van pionierbegroeiingen",2.14498132238896,17,8.54188169386029,"robuust","1984-2025"
300,2006,"Vogels van pionierbegroeiingen",1.8790317534075,17,6.5471625244084,"robuust","1984-2025"
300,2007,"Vogels van pionierbegroeiingen",1.58665297681373,17,4.88736340362606,"robuust","1984-2025"
300,2008,"Vogels van pionierbegroeiingen",1.77191312507711,17,5.88209578882825,"robuust","1984-2025"
300,2009,"Vogels van pionierbegroeiingen",1.96580238924575,17,7.1406398647346,"robuust","1984-2025"
300,2010,"Vogels van pionierbegroeiingen",1.37922470768234,17,3.97182111110413,"robuust","1984-2025"
300,2011,"Vogels van pionierbegroeiingen",1.8144968189812,17,6.13798688178013,"robuust","1984-2025"
300,2012,"Vogels van pionierbegroeiingen",1.3155707630203,17,3.72687754219574,"robuust","1984-2025"
300,2013,"Vogels van pionierbegroeiingen",0.805750876585056,17,2.23837661254892,"robuust","1984-2025"
300,2014,"Vogels van pionierbegroeiingen",0.663800861135407,17,1.94216020464676,"robuust","1984-2025"
300,2015,"Vogels van pionierbegroeiingen",0.291497021447958,17,1.33842964690216,"robuust","1984-2025"
300,2016,"Vogels van pionierbegroeiingen",0.797513125273648,17,2.22001316328363,"robuust","1984-2025"
300,2017,"Vogels van pionierbegroeiingen",0.765628855882119,16,2.1503462074178,"robuust","1984-2025"
300,2018,"Vogels van pionierbegroeiingen",0.651374518089285,17,1.91817558487912,"robuust","1984-2025"
300,2019,"Vogels van pionierbegroeiingen",1.15873444786141,17,3.18589880269334,"robuust","1984-2025"
300,2020,"Vogels van pionierbegroeiingen",0.922101273545324,18,2.51456863903069,"robuust","1984-2025"
300,2021,"Vogels van pionierbegroeiingen",0.28959988784282,17,1.33589287410022,"robuust","1984-2025"
300,2022,"Vogels van pionierbegroeiingen",0.233990107705637,17,1.26363199192632,"robuust","1984-2025"
300,2023,"Vogels van pionierbegroeiingen",-0.404567675173182,16,0.667265223832272,"robuust","1984-2025"
300,2024,"Vogels van pionierbegroeiingen",-0.371555910527312,16,0.689660445472001,"robuust","1984-2025"
300,2025,"Vogels van pionierbegroeiingen",0.492354642830257,18,1.63616427025352,"robuust","1984-2025"
400,1958,"Vogels van open heide",4.60517018598809,8,100,"robuust","1958-1983"
400,1959,"Vogels van open heide",4.48202537781764,8,88.4135623228442,"robuust","1958-1983"
400,1960,"Vogels van open heide",4.37305693700208,8,79.2856328046968,"robuust","1958-1983"
400,1961,"Vogels van open heide",4.65823814214489,7,105.450130254041,"robuust","1958-1983"
400,1962,"Vogels van open heide",4.61968146518996,7,101.461707895771,"robuust","1958-1983"
400,1963,"Vogels van open heide",4.43502461822469,7,84.3542015134156,"robuust","1958-1983"
400,1964,"Vogels van open heide",4.47937982755987,7,88.1799689280254,"robuust","1958-1983"
400,1965,"Vogels van open heide",4.04542615840376,8,57.135529632768,"robuust","1958-1983"
400,1966,"Vogels van open heide",4.21145758554816,8,67.4547893152527,"robuust","1958-1983"
400,1967,"Vogels van open heide",4.3598928759556,7,78.2487516513481,"robuust","1958-1983"
400,1968,"Vogels van open heide",4.49474161465517,8,89.5450288725785,"robuust","1958-1983"
400,1969,"Vogels van open heide",4.26745146681903,8,71.3395924277746,"robuust","1958-1983"
400,1970,"Vogels van open heide",4.55738033132456,7,95.3334104745067,"robuust","1958-1983"
400,1971,"Vogels van open heide",4.65784698857125,7,105.408891124693,"robuust","1958-1983"
400,1972,"Vogels van open heide",4.42172825782793,8,83.2400213346222,"robuust","1958-1983"
400,1973,"Vogels van open heide",4.63950249714831,7,103.492846787041,"robuust","1958-1983"
400,1974,"Vogels van open heide",4.60725212828075,7,100.208411103932,"robuust","1958-1983"
400,1975,"Vogels van open heide",4.19942222599491,9,66.6478125409203,"robuust","1958-1983"
400,1976,"Vogels van open heide",4.72053890941056,8,112.228717485804,"robuust","1958-1983"
400,1977,"Vogels van open heide",4.73345942238698,7,113.688178273999,"robuust","1958-1983"
400,1978,"Vogels van open heide",4.34011961247284,7,76.716715065516,"robuust","1958-1983"
400,1979,"Vogels van open heide",4.38234083593986,7,80.0251400505894,"robuust","1958-1983"
400,1980,"Vogels van open heide",4.30503510981996,8,74.0718160553205,"robuust","1958-1983"
400,1981,"Vogels van open heide",4.2120210276934,8,67.4928068957987,"robuust","1958-1983"
400,1982,"Vogels van open heide",4.17594584808926,8,65.1013865715118,"robuust","1958-1983"
400,1983,"Vogels van open heide",3.97921426717891,7,53.4750006529535,"robuust","1958-1983"
400,1984,"Vogels van open heide",4.94423992581331,7,140.364123149355,"robuust","1984-2025"
400,1985,"Vogels van open heide",4.04157290989748,8,56.915795854856,"robuust","1984-2025"
400,1986,"Vogels van open heide",3.80400253225146,8,44.8804609665089,"robuust","1984-2025"
400,1987,"Vogels van open heide",3.71579271956495,8,41.0911479337897,"robuust","1984-2025"
400,1988,"Vogels van open heide",3.75479022975818,8,42.725256383092,"robuust","1984-2025"
400,1989,"Vogels van open heide",3.53219074426556,8,34.198806447565,"robuust","1984-2025"
400,1990,"Vogels van open heide",3.53621809392554,8,34.3368147163244,"robuust","1984-2025"
400,1991,"Vogels van open heide",3.07820918734145,8,21.7194720426453,"robuust","1984-2025"
400,1992,"Vogels van open heide",3.09880388149839,8,22.1714157741853,"robuust","1984-2025"
400,1993,"Vogels van open heide",2.97534637674735,8,19.5964098148653,"robuust","1984-2025"
400,1994,"Vogels van open heide",3.00821618915472,8,20.2512432991102,"robuust","1984-2025"
400,1995,"Vogels van open heide",2.90259300215749,8,18.2213321188291,"robuust","1984-2025"
400,1996,"Vogels van open heide",2.92484280841826,9,18.6312971366381,"robuust","1984-2025"
400,1997,"Vogels van open heide",2.88478109772742,9,17.8996488928082,"robuust","1984-2025"
400,1998,"Vogels van open heide",2.84320442938465,9,17.1706997685996,"robuust","1984-2025"
400,1999,"Vogels van open heide",2.53044327076904,9,12.5590719724827,"robuust","1984-2025"
400,2000,"Vogels van open heide",2.51016533997207,9,12.3069647255041,"robuust","1984-2025"
400,2001,"Vogels van open heide",2.11081157594408,9,8.25493807594403,"robuust","1984-2025"
400,2002,"Vogels van open heide",2.09114299813775,9,8.09416149054188,"robuust","1984-2025"
400,2003,"Vogels van open heide",1.63460465906779,8,5.127430513121,"robuust","1984-2025"
400,2004,"Vogels van open heide",1.33145757740993,8,3.78655856942227,"robuust","1984-2025"
400,2005,"Vogels van open heide",1.32414476539405,8,3.75896917937869,"robuust","1984-2025"
400,2006,"Vogels van open heide",1.02718043833756,9,2.79317918053632,"robuust","1984-2025"
400,2007,"Vogels van open heide",0.846442535108228,8,2.33133842761732,"robuust","1984-2025"
400,2008,"Vogels van open heide",1.23131491654008,9,3.42573112655351,"robuust","1984-2025"
400,2009,"Vogels van open heide",1.5613232211527,9,4.7651223860534,"robuust","1984-2025"
400,2010,"Vogels van open heide",0.561178974492209,8,1.75273771569708,"robuust","1984-2025"
400,2011,"Vogels van open heide",1.34666116852009,9,3.84456771389014,"robuust","1984-2025"
400,2012,"Vogels van open heide",1.18438177010229,9,3.26866540999976,"robuust","1984-2025"
400,2013,"Vogels van open heide",0.56615567257479,9,1.76148230366467,"robuust","1984-2025"
400,2014,"Vogels van open heide",0.270520802288529,9,1.31064686090204,"robuust","1984-2025"
400,2015,"Vogels van open heide",-0.989575813439067,7,0.371734342295145,"robuust","1984-2025"
400,2016,"Vogels van open heide",-0.481320823398388,7,0.617966627742995,"robuust","1984-2025"
400,2017,"Vogels van open heide",0.0316011681402735,7,1.03210578653702,"robuust","1984-2025"
400,2018,"Vogels van open heide",0.418451649748564,8,1.51960684948666,"robuust","1984-2025"
400,2019,"Vogels van open heide",0.0279849962563214,7,1.02838025475193,"robuust","1984-2025"
400,2020,"Vogels van open heide",0.86205644992897,9,2.36802541566067,"robuust","1984-2025"
400,2021,"Vogels van open heide",-0.44069285225636,7,0.643590353542911,"robuust","1984-2025"
400,2022,"Vogels van open heide",-0.624061770621203,8,0.535763862178717,"robuust","1984-2025"
400,2023,"Vogels van open heide",-1.81558474969066,7,0.162742716807974,"robuust","1984-2025"
400,2024,"Vogels van open heide",-0.939776801139546,7,0.390715032777055,"robuust","1984-2025"
400,2025,"Vogels van open heide",-0.562085278373499,9,0.570019174997144,"robuust","1984-2025"
500,1958,"Weidevogels",4.60517018598809,11,100,"robuust","1958-1983"
500,1959,"Weidevogels",4.89799255895668,11,134.020471270318,"robuust","1958-1983"
500,1960,"Weidevogels",4.73390580761773,11,113.738938326117,"robuust","1958-1983"
500,1961,"Weidevogels",4.87930852025138,10,131.539675409425,"robuust","1958-1983"
500,1962,"Weidevogels",4.85366732367141,10,128.209715259599,"robuust","1958-1983"
500,1963,"Weidevogels",4.66840348768694,10,106.527534078901,"robuust","1958-1983"
500,1964,"Weidevogels",4.9442066353858,10,140.359450445467,"robuust","1958-1983"
500,1965,"Weidevogels",4.61586021783919,11,101.074737439063,"robuust","1958-1983"
500,1966,"Weidevogels",4.74770634346995,11,115.319477682278,"robuust","1958-1983"
500,1967,"Weidevogels",4.55601372221606,10,95.2032159501817,"robuust","1958-1983"
500,1968,"Weidevogels",4.66848250111594,11,106.535951517192,"robuust","1958-1983"
500,1969,"Weidevogels",4.15283082567102,11,63.6138253011135,"robuust","1958-1983"
500,1970,"Weidevogels",4.43173160932306,11,84.0768792399041,"robuust","1958-1983"
500,1971,"Weidevogels",4.60454932850438,11,99.9379335208415,"robuust","1958-1983"
500,1972,"Weidevogels",4.18641162022339,12,65.7863006747744,"robuust","1958-1983"
500,1973,"Weidevogels",4.45727847918801,11,86.2524515424421,"robuust","1958-1983"
500,1974,"Weidevogels",4.33996552374576,11,76.7048947952548,"robuust","1958-1983"
500,1975,"Weidevogels",4.09685032659955,13,60.1505343857326,"robuust","1958-1983"
500,1976,"Weidevogels",4.69230841345906,12,109.104748202967,"robuust","1958-1983"
500,1977,"Weidevogels",4.31113047786119,11,74.5246898497332,"robuust","1958-1983"
500,1978,"Weidevogels",4.04438358714618,11,57.0759928128678,"robuust","1958-1983"
500,1979,"Weidevogels",4.02374387273796,11,55.9100345355842,"robuust","1958-1983"
500,1980,"Weidevogels",3.9360194351356,12,51.2143330440534,"robuust","1958-1983"
500,1981,"Weidevogels",3.90092829844788,12,49.4483306149287,"robuust","1958-1983"
500,1982,"Weidevogels",4.03697362182212,12,56.6546247745878,"robuust","1958-1983"
500,1983,"Weidevogels",3.64625235893716,11,38.3307466582206,"robuust","1958-1983"
500,1984,"Weidevogels",5.06754877524157,10,158.784633100418,"robuust","1984-2025"
500,1985,"Weidevogels",4.24519661882495,11,69.7694767879275,"robuust","1984-2025"
500,1986,"Weidevogels",4.01347097661383,11,55.3386166420848,"robuust","1984-2025"
500,1987,"Weidevogels",3.91424549334532,11,50.1112479737054,"robuust","1984-2025"
500,1988,"Weidevogels",3.61431092195017,12,37.1257545668819,"robuust","1984-2025"
500,1989,"Weidevogels",3.81203963459486,11,45.242623242667,"robuust","1984-2025"
500,1990,"Weidevogels",3.51979422514368,12,33.7774771931595,"robuust","1984-2025"
500,1991,"Weidevogels",3.52592484315936,11,33.9851900569117,"robuust","1984-2025"
500,1992,"Weidevogels",3.67468685812301,11,39.4363057646706,"robuust","1984-2025"
500,1993,"Weidevogels",3.57607165908599,11,35.7328937844983,"robuust","1984-2025"
500,1994,"Weidevogels",3.40499164884155,11,30.1140442357128,"robuust","1984-2025"
500,1995,"Weidevogels",2.99028261340951,12,19.8913032463071,"robuust","1984-2025"
500,1996,"Weidevogels",3.08803413841977,13,21.9339165211481,"robuust","1984-2025"
500,1997,"Weidevogels",2.80869210539633,13,16.5882083965553,"robuust","1984-2025"
500,1998,"Weidevogels",2.74822202476891,13,15.6148443822143,"robuust","1984-2025"
500,1999,"Weidevogels",2.66431696280479,13,14.3581390528852,"robuust","1984-2025"
500,2000,"Weidevogels",2.99816832576522,12,20.0487804359456,"robuust","1984-2025"
500,2001,"Weidevogels",2.71731095722939,12,15.1395565440868,"robuust","1984-2025"
500,2002,"Weidevogels",2.33902448927335,13,10.3711144930055,"robuust","1984-2025"
500,2003,"Weidevogels",2.19231259321309,12,8.95590053948454,"robuust","1984-2025"
500,2004,"Weidevogels",1.60059919264638,11,4.95600113432684,"robuust","1984-2025"
500,2005,"Weidevogels",1.74226148651589,12,5.7102424680098,"robuust","1984-2025"
500,2006,"Weidevogels",1.24771528903446,12,3.48237763532769,"robuust","1984-2025"
500,2007,"Weidevogels",2.06301537849934,11,7.86966408464025,"robuust","1984-2025"
500,2008,"Weidevogels",2.24891642154507,12,9.47746069818476,"robuust","1984-2025"
500,2009,"Weidevogels",2.00272117223662,13,7.40919037523459,"robuust","1984-2025"
500,2010,"Weidevogels",1.61700004620646,11,5.03795399458475,"robuust","1984-2025"
500,2011,"Weidevogels",1.83270429986781,12,6.25076777290105,"robuust","1984-2025"
500,2012,"Weidevogels",1.70984941008311,13,5.52812893446248,"robuust","1984-2025"
500,2013,"Weidevogels",1.988380210226,12,7.30369372730258,"robuust","1984-2025"
500,2014,"Weidevogels",1.61233932536888,12,5.01452813053509,"robuust","1984-2025"
500,2015,"Weidevogels",0.828339971781967,9,2.28951492453664,"robuust","1984-2025"
500,2016,"Weidevogels",1.26696380171965,10,3.55005750419047,"robuust","1984-2025"
500,2017,"Weidevogels",0.874437951904793,9,2.39752738950653,"robuust","1984-2025"
500,2018,"Weidevogels",1.22508571582655,10,3.40445788620623,"robuust","1984-2025"
500,2019,"Weidevogels",0.93451018907586,9,2.54596611026844,"robuust","1984-2025"
500,2020,"Weidevogels",1.56154608137431,12,4.76618446062707,"robuust","1984-2025"
500,2021,"Weidevogels",1.15852696653615,10,3.18523785675694,"robuust","1984-2025"
500,2022,"Weidevogels",0.839778347889796,10,2.31585360604964,"robuust","1984-2025"
500,2023,"Weidevogels",0.884442817641458,10,2.42163472336814,"robuust","1984-2025"
500,2024,"Weidevogels",0.387737408850204,9,1.47364276792801,"robuust","1984-2025"
500,2025,"Weidevogels",1.15068697183287,11,3.16036324465565,"robuust","1984-2025"
600,1958,"Struweelvogels",4.60517018598809,13,100,"robuust","1958-1983"
600,1959,"Struweelvogels",5.51605097112318,16,248.651165167289,"robuust","1958-1983"
600,1960,"Struweelvogels",5.37296463936629,19,215.500803778245,"robuust","1958-1983"
600,1961,"Struweelvogels",5.441083355396,19,230.69196952267,"robuust","1958-1983"
600,1962,"Struweelvogels",5.40115819413742,20,221.662996373564,"robuust","1958-1983"
600,1963,"Struweelvogels",5.35032567709167,20,210.676899334962,"robuust","1958-1983"
600,1964,"Struweelvogels",5.43662433825749,21,229.665600076919,"robuust","1958-1983"
600,1965,"Struweelvogels",5.54028502974046,22,254.750600608892,"robuust","1958-1983"
600,1966,"Struweelvogels",5.65601085408531,22,286.00544642578,"robuust","1958-1983"
600,1967,"Struweelvogels",5.47654330358635,23,239.019061405586,"robuust","1958-1983"
600,1968,"Struweelvogels",5.53567419396736,23,253.578691243412,"robuust","1958-1983"
600,1969,"Struweelvogels",5.5555487220325,23,258.668862889821,"robuust","1958-1983"
600,1970,"Struweelvogels",5.69818674059071,23,298.325967867805,"robuust","1958-1983"
600,1971,"Struweelvogels",5.77874922827988,23,323.354494721467,"robuust","1958-1983"
600,1972,"Struweelvogels",5.76622545974053,23,319.330130575859,"robuust","1958-1983"
600,1973,"Struweelvogels",6.01883321026399,23,411.098650097878,"robuust","1958-1983"
600,1974,"Struweelvogels",6.16141287862674,22,474.097444000409,"robuust","1958-1983"
600,1975,"Struweelvogels",6.17554843224395,23,480.84666343452,"robuust","1958-1983"
600,1976,"Struweelvogels",5.99486619998133,23,401.362978024116,"robuust","1958-1983"
600,1977,"Struweelvogels",5.9664382524228,23,390.113706759364,"robuust","1958-1983"
600,1978,"Struweelvogels",5.86374760326239,23,352.040984923673,"robuust","1958-1983"
600,1979,"Struweelvogels",5.88440934088507,23,359.390428060365,"robuust","1958-1983"
600,1980,"Struweelvogels",6.23824529014695,22,511.959382146238,"robuust","1958-1983"
600,1981,"Struweelvogels",6.22923078052876,22,507.365058271853,"robuust","1958-1983"
600,1982,"Struweelvogels",5.9786796357088,23,394.918587360082,"robuust","1958-1983"
600,1983,"Struweelvogels",6.18976447148627,22,487.73121807636,"robuust","1958-1983"
600,1984,"Struweelvogels",6.34806440695662,22,571.385667844943,"robuust","1984-2025"
600,1985,"Struweelvogels",5.78883100467872,23,326.630971033269,"robuust","1984-2025"
600,1986,"Struweelvogels",5.82350743203321,23,338.156035359205,"robuust","1984-2025"
600,1987,"Struweelvogels",5.75730704092654,23,316.494872533374,"robuust","1984-2025"
600,1988,"Struweelvogels",5.84472933975416,23,345.409040632277,"robuust","1984-2025"
600,1989,"Struweelvogels",5.86042938817609,23,350.874773157297,"robuust","1984-2025"
600,1990,"Struweelvogels",5.86981791668591,23,354.184483311513,"robuust","1984-2025"
600,1991,"Struweelvogels",5.66884512479862,23,289.699774040843,"robuust","1984-2025"
600,1992,"Struweelvogels",5.74404638719285,23,312.325648035993,"robuust","1984-2025"
600,1993,"Struweelvogels",5.79672379091224,23,329.219200198283,"robuust","1984-2025"
600,1994,"Struweelvogels",5.84572518511846,23,345.7531859535,"robuust","1984-2025"
600,1995,"Struweelvogels",5.89166368866957,23,362.007050686118,"robuust","1984-2025"
600,1996,"Struweelvogels",5.78068513738437,23,323.981085947911,"robuust","1984-2025"
600,1997,"Struweelvogels",5.78486645465507,23,325.338589757211,"robuust","1984-2025"
600,1998,"Struweelvogels",5.77876115331872,23,323.358350759367,"robuust","1984-2025"
600,1999,"Struweelvogels",5.82327041911155,23,338.075897506518,"robuust","1984-2025"
600,2000,"Struweelvogels",5.88399773855081,23,359.24253256042,"robuust","1984-2025"
600,2001,"Struweelvogels",5.71516349645968,23,303.433809607689,"robuust","1984-2025"
600,2002,"Struweelvogels",5.79534325303469,23,328.76501420501,"robuust","1984-2025"
600,2003,"Struweelvogels",5.77755264984373,23,322.96780710302,"robuust","1984-2025"
600,2004,"Struweelvogels",5.71170417747388,23,302.385948756615,"robuust","1984-2025"
600,2005,"Struweelvogels",5.67668143140834,23,291.97886847356,"robuust","1984-2025"
600,2006,"Struweelvogels",5.64847060224241,23,283.857003411194,"robuust","1984-2025"
600,2007,"Struweelvogels",5.74083729030812,23,311.324971264988,"robuust","1984-2025"
600,2008,"Struweelvogels",5.43209390202537,23,228.627468092062,"robuust","1984-2025"
600,2009,"Struweelvogels",5.54954633095899,22,257.120881658222,"robuust","1984-2025"
600,2010,"Struweelvogels",5.34418851285221,23,209.387900048267,"robuust","1984-2025"
600,2011,"Struweelvogels",5.55142814466949,22,257.605190805461,"robuust","1984-2025"
600,2012,"Struweelvogels",5.48792206858649,22,241.754335644562,"robuust","1984-2025"
600,2013,"Struweelvogels",5.12375149003878,23,167.964305579245,"robuust","1984-2025"
600,2014,"Struweelvogels",5.20085432130035,23,181.427172783512,"robuust","1984-2025"
600,2015,"Struweelvogels",5.42900983113,22,227.923450949249,"robuust","1984-2025"
600,2016,"Struweelvogels",5.44759943623226,22,232.200085210095,"robuust","1984-2025"
600,2017,"Struweelvogels",5.25427938736456,22,191.383522766655,"robuust","1984-2025"
600,2018,"Struweelvogels",5.34347589452214,22,209.238739546165,"robuust","1984-2025"
600,2019,"Struweelvogels",5.50474257809362,22,245.855159028469,"robuust","1984-2025"
600,2020,"Struweelvogels",5.10411573756628,23,164.698369541099,"robuust","1984-2025"
600,2021,"Struweelvogels",5.31066190815478,22,202.484209991305,"robuust","1984-2025"
600,2022,"Struweelvogels",5.20973230295438,22,183.045051015099,"robuust","1984-2025"
600,2023,"Struweelvogels",5.31765957531973,22,203.90609624018,"robuust","1984-2025"
600,2024,"Struweelvogels",5.12891129237427,23,168.83320794992,"robuust","1984-2025"
600,2025,"Struweelvogels",5.05845258787796,23,157.346847424815,"robuust","1984-2025"
700,1958,"Bosrandvogels",4.60517018598809,10,100,"robuust","1958-1983"
700,1959,"Bosrandvogels",5.39756769639295,11,220.868542980096,"robuust","1958-1983"
700,1960,"Bosrandvogels",5.35403188054888,12,211.459159499873,"robuust","1958-1983"
700,1961,"Bosrandvogels",5.2710862452787,14,194.627260606742,"robuust","1958-1983"
700,1962,"Bosrandvogels",5.11897831662983,17,167.164493162403,"robuust","1958-1983"
700,1963,"Bosrandvogels",5.09981323211747,17,163.991276136135,"robuust","1958-1983"
700,1964,"Bosrandvogels",5.04874593836652,18,155.826925334423,"robuust","1958-1983"
700,1965,"Bosrandvogels",5.1564645915427,18,173.549800284832,"robuust","1958-1983"
700,1966,"Bosrandvogels",5.35683585978761,18,212.052918648086,"robuust","1958-1983"
700,1967,"Bosrandvogels",5.35762538281737,18,212.220405419518,"robuust","1958-1983"
700,1968,"Bosrandvogels",5.27385340371484,18,195.166570907225,"robuust","1958-1983"
700,1969,"Bosrandvogels",5.29098181410024,18,198.53825740989,"robuust","1958-1983"
700,1970,"Bosrandvogels",5.350868134424,18,210.791213566251,"robuust","1958-1983"
700,1971,"Bosrandvogels",5.36206588054133,18,213.164865030231,"robuust","1958-1983"
700,1972,"Bosrandvogels",5.52635221475066,18,251.225819702195,"robuust","1958-1983"
700,1973,"Bosrandvogels",5.53622008275526,19,253.717154797224,"robuust","1958-1983"
700,1974,"Bosrandvogels",5.67467614955536,18,291.393955201143,"robuust","1958-1983"
700,1975,"Bosrandvogels",5.62128384414121,19,276.243809668538,"robuust","1958-1983"
700,1976,"Bosrandvogels",5.55980508688066,19,259.772198378608,"robuust","1958-1983"
700,1977,"Bosrandvogels",5.65318424817465,19,285.198163213676,"robuust","1958-1983"
700,1978,"Bosrandvogels",5.59088823184005,19,267.973536662854,"robuust","1958-1983"
700,1979,"Bosrandvogels",5.66411402285263,18,288.332411991261,"robuust","1958-1983"
700,1980,"Bosrandvogels",5.89158246097713,18,361.977646882961,"robuust","1958-1983"
700,1981,"Bosrandvogels",5.79000859543971,18,327.015835208788,"robuust","1958-1983"
700,1982,"Bosrandvogels",5.5321631307451,19,252.689921602868,"robuust","1958-1983"
700,1983,"Bosrandvogels",5.7821634136615,18,324.460373674064,"robuust","1958-1983"
700,1984,"Bosrandvogels",5.63414185467595,18,279.818689150132,"robuust","1984-2025"
700,1985,"Bosrandvogels",5.4328474426645,18,228.799813106823,"robuust","1984-2025"
700,1986,"Bosrandvogels",5.39516095667558,19,220.337609051557,"robuust","1984-2025"
700,1987,"Bosrandvogels",5.36948384574,19,214.751993936299,"robuust","1984-2025"
700,1988,"Bosrandvogels",5.33847155673575,19,208.194253874822,"robuust","1984-2025"
700,1989,"Bosrandvogels",5.42497659383435,19,227.006032912285,"robuust","1984-2025"
700,1990,"Bosrandvogels",5.46381365181796,19,235.99571588188,"robuust","1984-2025"
700,1991,"Bosrandvogels",5.38427676215732,19,217.95241565631,"robuust","1984-2025"
700,1992,"Bosrandvogels",5.29701230376908,19,199.739157689027,"robuust","1984-2025"
700,1993,"Bosrandvogels",5.48133714765358,19,240.167632350462,"robuust","1984-2025"
700,1994,"Bosrandvogels",5.35739286148924,19,212.17106538552,"robuust","1984-2025"
700,1995,"Bosrandvogels",5.5223231393269,19,250.215648321108,"robuust","1984-2025"
700,1996,"Bosrandvogels",5.6548584379154,19,285.676038968334,"robuust","1984-2025"
700,1997,"Bosrandvogels",5.64077602084072,19,281.681224182228,"robuust","1984-2025"
700,1998,"Bosrandvogels",5.60589880434551,19,272.02631402223,"robuust","1984-2025"
700,1999,"Bosrandvogels",5.64197774403567,19,282.019930517779,"robuust","1984-2025"
700,2000,"Bosrandvogels",5.64881009927538,19,283.95338838192,"robuust","1984-2025"
700,2001,"Bosrandvogels",5.5488621646044,19,256.945028365242,"robuust","1984-2025"
700,2002,"Bosrandvogels",5.6454066390264,19,282.988607040768,"robuust","1984-2025"
700,2003,"Bosrandvogels",5.58678570310963,19,266.876419545725,"robuust","1984-2025"
700,2004,"Bosrandvogels",5.58271835392221,19,265.793144479937,"robuust","1984-2025"
700,2005,"Bosrandvogels",5.58594825937787,19,266.653019116723,"robuust","1984-2025"
700,2006,"Bosrandvogels",5.57674293816099,19,264.209655648863,"robuust","1984-2025"
700,2007,"Bosrandvogels",5.76445111797147,19,318.764032161611,"robuust","1984-2025"
700,2008,"Bosrandvogels",5.54693240188757,19,256.449663551232,"robuust","1984-2025"
700,2009,"Bosrandvogels",5.75542517024874,18,315.899830185063,"robuust","1984-2025"
700,2010,"Bosrandvogels",5.52173792875911,19,250.069262316981,"robuust","1984-2025"
700,2011,"Bosrandvogels",5.90894591943875,18,368.31771417827,"robuust","1984-2025"
700,2012,"Bosrandvogels",5.92328240529454,18,373.636128470692,"robuust","1984-2025"
700,2013,"Bosrandvogels",5.54322782553551,19,255.501383764089,"robuust","1984-2025"
700,2014,"Bosrandvogels",5.56309397356289,19,260.627966192565,"robuust","1984-2025"
700,2015,"Bosrandvogels",5.96551293876489,18,389.752896175584,"robuust","1984-2025"
700,2016,"Bosrandvogels",6.04410997987841,18,421.62233807753,"robuust","1984-2025"
700,2017,"Bosrandvogels",5.85697968558635,18,349.666444928475,"robuust","1984-2025"
700,2018,"Bosrandvogels",5.97569417292902,18,393.741330818675,"robuust","1984-2025"
700,2019,"Bosrandvogels",6.12363266573787,18,456.52007078456,"robuust","1984-2025"
700,2020,"Bosrandvogels",5.83563223010266,19,342.281066050796,"robuust","1984-2025"
700,2021,"Bosrandvogels",6.20648085737301,18,495.952847842847,"robuust","1984-2025"
700,2022,"Bosrandvogels",6.03553673445408,18,418.023116845655,"robuust","1984-2025"
700,2023,"Bosrandvogels",6.16525006371453,18,475.920138414155,"robuust","1984-2025"
700,2024,"Bosrandvogels",5.99735657054241,19,402.363766218386,"robuust","1984-2025"
700,2025,"Bosrandvogels",5.87099451047455,19,354.6014598325,"robuust","1984-2025"
800,1958,"Bosvogels",4.60517018598809,6,100,"robuust","1958-1983"
800,1959,"Bosvogels",4.75063056313726,10,115.657190699813,"robuust","1958-1983"
800,1960,"Bosvogels",4.40853148976896,11,82.1487386199028,"robuust","1958-1983"
800,1961,"Bosvogels",4.59329274976911,12,98.8192822088631,"robuust","1958-1983"
800,1962,"Bosvogels",4.47035273845879,13,87.3875425245752,"robuust","1958-1983"
800,1963,"Bosvogels",4.29364491292008,15,73.2329102068285,"robuust","1958-1983"
800,1964,"Bosvogels",4.41985862978212,16,83.0845388487009,"robuust","1958-1983"
800,1965,"Bosvogels",4.35234122373511,17,77.660069849889,"robuust","1958-1983"
800,1966,"Bosvogels",4.35934658019394,18,78.2060163640813,"robuust","1958-1983"
800,1967,"Bosvogels",4.3996619063828,19,81.4233353008466,"robuust","1958-1983"
800,1968,"Bosvogels",4.30740672639303,19,74.247694477529,"robuust","1958-1983"
800,1969,"Bosvogels",4.30203945569416,19,73.8502545404722,"robuust","1958-1983"
800,1970,"Bosvogels",4.27680488024083,19,72.0099915013845,"robuust","1958-1983"
800,1971,"Bosvogels",4.38292916466207,19,80.0722349912744,"robuust","1958-1983"
800,1972,"Bosvogels",4.35365289592128,19,77.7620012391564,"robuust","1958-1983"
800,1973,"Bosvogels",4.56835604885791,24,96.385526360728,"robuust","1958-1983"
800,1974,"Bosvogels",4.40718085153945,24,82.0378602881292,"robuust","1958-1983"
800,1975,"Bosvogels",4.65115694097771,26,104.706054253734,"robuust","1958-1983"
800,1976,"Bosvogels",4.55682326535453,25,95.2803182650291,"robuust","1958-1983"
800,1977,"Bosvogels",4.66844552180466,27,106.53201196392,"robuust","1958-1983"
800,1978,"Bosvogels",4.50167468960545,27,90.1680083554787,"robuust","1958-1983"
800,1979,"Bosvogels",4.80921890208223,24,122.635789536768,"robuust","1958-1983"
800,1980,"Bosvogels",4.36603673455881,24,78.7309807742537,"robuust","1958-1983"
800,1981,"Bosvogels",4.05744741428868,24,57.8265153917044,"robuust","1958-1983"
800,1982,"Bosvogels",4.21539245410917,22,67.7207379383119,"robuust","1958-1983"
800,1983,"Bosvogels",4.7359473605592,26,113.971379580047,"robuust","1958-1983"
800,1984,"Bosvogels",5.38084036409239,22,217.204729805781,"robuust","1984-2025"
800,1985,"Bosvogels",5.13050784103518,25,169.102973671738,"robuust","1984-2025"
800,1986,"Bosvogels",5.08057475444961,25,160.866488092988,"robuust","1984-2025"
800,1987,"Bosvogels",5.12229174059823,25,167.719298646016,"robuust","1984-2025"
800,1988,"Bosvogels",4.36359317133272,27,78.5388315049338,"robuust","1984-2025"
800,1989,"Bosvogels",4.38670053332985,27,80.3747870685866,"robuust","1984-2025"
800,1990,"Bosvogels",4.53662742793946,27,93.3753533770933,"robuust","1984-2025"
800,1991,"Bosvogels",4.56198931618534,27,95.7738148490412,"robuust","1984-2025"
800,1992,"Bosvogels",4.55531584119611,27,95.1367986111277,"robuust","1984-2025"
800,1993,"Bosvogels",4.58149403043502,27,97.6601925663247,"robuust","1984-2025"
800,1994,"Bosvogels",4.48244175180155,27,88.4503830950943,"robuust","1984-2025"
800,1995,"Bosvogels",4.33220162532185,27,76.1116716255252,"robuust","1984-2025"
800,1996,"Bosvogels",4.52218202981075,27,92.0362047760445,"robuust","1984-2025"
800,1997,"Bosvogels",4.49478502479719,27,89.5489161193706,"robuust","1984-2025"
800,1998,"Bosvogels",4.26670844834006,27,71.2866054798969,"robuust","1984-2025"
800,1999,"Bosvogels",4.24436139889967,27,69.7112282592899,"robuust","1984-2025"
800,2000,"Bosvogels",4.15282649893044,27,63.6135500611894,"robuust","1984-2025"
800,2001,"Bosvogels",4.22281723896916,27,68.2254211115674,"robuust","1984-2025"
800,2002,"Bosvogels",4.25054981113222,27,70.1439676809296,"robuust","1984-2025"
800,2003,"Bosvogels",4.28424547557062,27,72.5477869859956,"robuust","1984-2025"
800,2004,"Bosvogels",4.08709781282767,27,59.5667666988646,"robuust","1984-2025"
800,2005,"Bosvogels",4.19444614794039,27,66.3169916015924,"robuust","1984-2025"
800,2006,"Bosvogels",4.26115998439229,27,70.8921695880021,"robuust","1984-2025"
800,2007,"Bosvogels",4.13239163681104,27,62.3268079125145,"robuust","1984-2025"
800,2008,"Bosvogels",4.16580834189978,27,64.4447547900152,"robuust","1984-2025"
800,2009,"Bosvogels",4.09657610970868,27,60.1340423545091,"robuust","1984-2025"
800,2010,"Bosvogels",3.92862634905428,27,50.8370972578173,"robuust","1984-2025"
800,2011,"Bosvogels",4.07623104014423,27,58.9229725035327,"robuust","1984-2025"
800,2012,"Bosvogels",4.04300902126325,27,56.997591996301,"robuust","1984-2025"
800,2013,"Bosvogels",3.79268022225463,27,44.375176366971,"robuust","1984-2025"
800,2014,"Bosvogels",3.81429892534502,27,45.3449550379831,"robuust","1984-2025"
800,2015,"Bosvogels",3.90554107518801,27,49.6769516076487,"robuust","1984-2025"
800,2016,"Bosvogels",4.0910181464073,27,59.8007466346138,"robuust","1984-2025"
800,2017,"Bosvogels",3.97293384895422,27,53.1402077046085,"robuust","1984-2025"
800,2018,"Bosvogels",3.83596465548968,27,46.338106423425,"robuust","1984-2025"
800,2019,"Bosvogels",4.08937012942967,27,59.7022751525094,"robuust","1984-2025"
800,2020,"Bosvogels",3.95591418731154,27,52.2434324031746,"robuust","1984-2025"
800,2021,"Bosvogels",3.91026931121631,27,49.9123921305679,"robuust","1984-2025"
800,2022,"Bosvogels",3.82149180249754,27,45.6722915634695,"robuust","1984-2025"
800,2023,"Bosvogels",3.76269132342629,26,43.0641697658414,"robuust","1984-2025"
800,2024,"Bosvogels",3.78233932980357,27,43.9186618922772,"robuust","1984-2025"
800,2025,"Bosvogels",3.52591345790564,27,33.9848031291029,"robuust","1984-2025"
900,1958,"Vogels van bebouwing/overige",4.60517018598809,1,100,"robuust","1958-1983"
900,1959,"Vogels van bebouwing/overige",4.84623929259827,2,127.260897796204,"robuust","1958-1983"
900,1960,"Vogels van bebouwing/overige",4.47238512647092,5,87.5653285222802,"robuust","1958-1983"
900,1961,"Vogels van bebouwing/overige",4.5303405445595,6,92.7901548846788,"robuust","1958-1983"
900,1962,"Vogels van bebouwing/overige",4.46673353940546,6,87.0718412508771,"robuust","1958-1983"
900,1963,"Vogels van bebouwing/overige",4.43007188827572,6,83.9374508119901,"robuust","1958-1983"
900,1964,"Vogels van bebouwing/overige",4.55261998491692,6,94.8806688748104,"robuust","1958-1983"
900,1965,"Vogels van bebouwing/overige",4.51205460024355,6,91.1088185403555,"robuust","1958-1983"
900,1966,"Vogels van bebouwing/overige",4.62206731777134,7,101.704069578122,"robuust","1958-1983"
900,1967,"Vogels van bebouwing/overige",4.72791516595079,8,113.05960595308,"robuust","1958-1983"
900,1968,"Vogels van bebouwing/overige",4.60602919127843,8,100.085937434105,"robuust","1958-1983"
900,1969,"Vogels van bebouwing/overige",4.59991480940584,8,99.4758408749646,"robuust","1958-1983"
900,1970,"Vogels van bebouwing/overige",4.82195586782561,8,124.207787376243,"robuust","1958-1983"
900,1971,"Vogels van bebouwing/overige",4.87724428847845,8,131.268427088063,"robuust","1958-1983"
900,1972,"Vogels van bebouwing/overige",5.0344040024997,8,153.608015331475,"robuust","1958-1983"
900,1973,"Vogels van bebouwing/overige",4.89924714847753,8,134.188717467044,"robuust","1958-1983"
900,1974,"Vogels van bebouwing/overige",5.04084235298818,9,154.600188122784,"robuust","1958-1983"
900,1975,"Vogels van bebouwing/overige",5.2959008648572,9,199.517283139788,"robuust","1958-1983"
900,1976,"Vogels van bebouwing/overige",5.34005482060933,9,208.524141396255,"robuust","1958-1983"
900,1977,"Vogels van bebouwing/overige",5.50808884274345,10,246.679233472731,"robuust","1958-1983"
900,1978,"Vogels van bebouwing/overige",5.25043166899427,10,190.648547765513,"robuust","1958-1983"
900,1979,"Vogels van bebouwing/overige",5.56700414731759,8,261.649061855444,"robuust","1958-1983"
900,1980,"Vogels van bebouwing/overige",5.50011137512553,9,244.719186376579,"robuust","1958-1983"
900,1981,"Vogels van bebouwing/overige",5.42152128411993,9,226.223010333345,"robuust","1958-1983"
900,1982,"Vogels van bebouwing/overige",5.64310973408775,8,282.33935503219,"robuust","1958-1983"
900,1983,"Vogels van bebouwing/overige",5.4801102179154,9,239.87314423524,"robuust","1958-1983"
900,1984,"Vogels van bebouwing/overige",5.17859484065164,9,177.43331366326,"robuust","1984-2025"
900,1985,"Vogels van bebouwing/overige",5.24608492412087,10,189.821645636158,"robuust","1984-2025"
900,1986,"Vogels van bebouwing/overige",5.2129662211173,10,183.63796192616,"robuust","1984-2025"
900,1987,"Vogels van bebouwing/overige",5.13785412360487,10,170.349826157555,"robuust","1984-2025"
900,1988,"Vogels van bebouwing/overige",5.11307764018032,10,166.181014024062,"robuust","1984-2025"
900,1989,"Vogels van bebouwing/overige",5.04350988356969,10,155.013139387702,"robuust","1984-2025"
900,1990,"Vogels van bebouwing/overige",5.06935223521016,10,159.0712532061,"robuust","1984-2025"
900,1991,"Vogels van bebouwing/overige",4.922763125079,10,137.381692022789,"robuust","1984-2025"
900,1992,"Vogels van bebouwing/overige",4.84251247132626,10,126.787501854158,"robuust","1984-2025"
900,1993,"Vogels van bebouwing/overige",4.8309961653593,10,125.33575362327,"robuust","1984-2025"
900,1994,"Vogels van bebouwing/overige",4.68997050218749,10,108.849968924084,"robuust","1984-2025"
900,1995,"Vogels van bebouwing/overige",4.66445865602624,10,106.108128675475,"robuust","1984-2025"
900,1996,"Vogels van bebouwing/overige",4.61602389872881,10,101.091282796046,"robuust","1984-2025"
900,1997,"Vogels van bebouwing/overige",4.68323303565356,10,108.119060900282,"robuust","1984-2025"
900,1998,"Vogels van bebouwing/overige",4.23878312178137,10,69.3234423041287,"robuust","1984-2025"
900,1999,"Vogels van bebouwing/overige",4.19751766852979,10,66.5209987524184,"robuust","1984-2025"
900,2000,"Vogels van bebouwing/overige",3.93335277996635,10,51.0779440101852,"robuust","1984-2025"
900,2001,"Vogels van bebouwing/overige",3.99546321052638,10,54.3510107541288,"robuust","1984-2025"
900,2002,"Vogels van bebouwing/overige",4.027743118633,10,56.1340802199696,"robuust","1984-2025"
900,2003,"Vogels van bebouwing/overige",4.22454361759967,10,68.3433057481126,"robuust","1984-2025"
900,2004,"Vogels van bebouwing/overige",3.67035674352845,10,39.265911221712,"robuust","1984-2025"
900,2005,"Vogels van bebouwing/overige",3.86554963210459,10,47.7294988895028,"robuust","1984-2025"
900,2006,"Vogels van bebouwing/overige",4.11196404422104,10,61.0665372451099,"robuust","1984-2025"
900,2007,"Vogels van bebouwing/overige",3.9193173228851,10,50.3660492896767,"robuust","1984-2025"
900,2008,"Vogels van bebouwing/overige",3.86446694545673,10,47.6778507627599,"robuust","1984-2025"
900,2009,"Vogels van bebouwing/overige",3.8342199548624,10,46.2573307852246,"robuust","1984-2025"
900,2010,"Vogels van bebouwing/overige",3.69861807966517,10,40.3914480110845,"robuust","1984-2025"
900,2011,"Vogels van bebouwing/overige",3.77913557509882,10,43.77818242365,"robuust","1984-2025"
900,2012,"Vogels van bebouwing/overige",3.50927586704742,10,33.4240555585291,"robuust","1984-2025"
900,2013,"Vogels van bebouwing/overige",3.49318946741609,10,32.8906843564253,"robuust","1984-2025"
900,2014,"Vogels van bebouwing/overige",3.24133576415586,10,25.5678515672476,"robuust","1984-2025"
900,2015,"Vogels van bebouwing/overige",3.24522758573352,10,25.6675509639637,"robuust","1984-2025"
900,2016,"Vogels van bebouwing/overige",3.06694325166409,10,21.4761550380321,"robuust","1984-2025"
900,2017,"Vogels van bebouwing/overige",2.51110133947333,10,12.318489431067,"robuust","1984-2025"
900,2018,"Vogels van bebouwing/overige",2.77384049385998,10,16.0200408866129,"robuust","1984-2025"
900,2019,"Vogels van bebouwing/overige",3.24572465978545,10,25.6803128090527,"robuust","1984-2025"
900,2020,"Vogels van bebouwing/overige",2.85779675675317,10,17.4230972957467,"robuust","1984-2025"
900,2021,"Vogels van bebouwing/overige",2.68783917830779,10,14.6998777629978,"robuust","1984-2025"
900,2022,"Vogels van bebouwing/overige",3.3041765980658,10,27.2261143215475,"robuust","1984-2025"
900,2023,"Vogels van bebouwing/overige",2.47882906241452,10,11.9272901256327,"robuust","1984-2025"
900,2024,"Vogels van bebouwing/overige",2.2336361768272,10,9.33374359200414,"robuust","1984-2025"
900,2025,"Vogels van bebouwing/overige",2.74819510084289,10,15.6144239749588,"robuust","1984-2025"
