"groep_100","jaar","log1p_index_spliced","msi","msi_methode","periode","n_soorten","n_nulindices","density_per_km2","korte_beschrijving","post_break","log_msi","gam_fit_log","gam_fit_se","gam_fit_msi","gam_fit_lower","gam_fit_upper"
100,1958,3.7223207700272,40.3602704881304,"verschoven_geometrisch_gemiddelde_index_plus_1","1958-1983",8,0,56.417161961367,"Watervogels","pre",3.69784589734924,4.07227383533492,0.0916060221837227,58.6902629766678,49.0444010581984,70.2332354754003
100,1959,4.16193605451082,63.1956887176832,"verschoven_geometrisch_gemiddelde_index_plus_1","1958-1983",9,0,87.5486381322957,"Watervogels","pre",4.14623608233361,4.12372956567465,0.0782423612757328,61.789260168152,53.0043792540842,72.0301364878902
100,1960,4.10954619917204,59.9190661733155,"verschoven_geometrisch_gemiddelde_index_plus_1","1958-1983",10,0,91.7960971724413,"Watervogels","pre",4.09299475453004,4.17465243959754,0.0666042013027245,65.0172383160619,57.0602772699832,74.083784385523
100,1961,4.50401801030094,89.37954867213,"verschoven_geometrisch_gemiddelde_index_plus_1","1958-1983",9,0,100.559776089564,"Watervogels","pre",4.49289189395273,4.2242662881996,0.0575620068792905,68.3243547680841,61.0348342654462,76.4844782599475
100,1962,4.55761792077761,94.3560633782975,"verschoven_geometrisch_gemiddelde_index_plus_1","1958-1983",9,0,105.757696921232,"Watervogels","pre",4.5470755344905,4.2716187442259,0.051828960736291,71.6375046097331,64.7176512523737,79.2972545727439
100,1963,4.18683278184812,64.8140131753631,"verschoven_geometrisch_gemiddelde_index_plus_1","1958-1983",9,0,79.2803781064187,"Watervogels","pre",4.1715218326852,4.31571460439502,0.0494199248125283,74.867104694756,67.9553962029396,82.4817995120907
100,1964,4.3462730216108,76.1902398026116,"verschoven_geometrisch_gemiddelde_index_plus_1","1958-1983",10,0,127.083646193122,"Watervogels","pre",4.33323336790891,4.35563177772516,0.0494243564959297,77.9160354058808,70.7222362486961,85.8415810272459
100,1965,4.5235619175904,91.1632920732395,"verschoven_geometrisch_gemiddelde_index_plus_1","1958-1983",11,0,150.141110065851,"Watervogels","pre",4.51265231685881,4.39061608015165,0.050496135665012,80.6901152489023,73.0864987626637,89.0847804876274
100,1966,4.57194484535303,95.7320558398758,"verschoven_geometrisch_gemiddelde_index_plus_1","1958-1983",11,0,153.660797034291,"Watervogels","pre",4.56155320412593,4.42015176074357,0.0515211687306383,83.1088970693552,75.1262679085578,91.9397297958664
100,1967,4.6338941451983,101.914047051375,"verschoven_geometrisch_gemiddelde_index_plus_1","1958-1983",11,0,148.387096774194,"Watervogels","pre",4.62412978206638,4.44400573052495,0.0519040726371622,85.115208298655,76.8821514011262,94.2299161989541
100,1968,4.69228429133103,108.102116396005,"verschoven_geometrisch_gemiddelde_index_plus_1","1958-1983",10,0,135.714285714286,"Watervogels","pre",4.68307630258492,4.46224487023181,0.0515442676001976,86.6818804184938,78.3525179691911,95.8967061638088
100,1969,4.29209449005682,72.119456202069,"verschoven_geometrisch_gemiddelde_index_plus_1","1958-1983",11,0,112.142857142857,"Watervogels","pre",4.27832385812462,4.47522736476697,0.0507028083514867,87.8145640780493,79.5073810222695,96.9897079374041
100,1970,4.2771520789109,71.0349976154587,"verschoven_geometrisch_gemiddelde_index_plus_1","1958-1983",12,0,133.866666666667,"Watervogels","pre",4.2631726797555,4.4835705931338,0.0498293570836617,88.5502859199956,80.3108759499185,97.6350095023577
100,1971,4.26317703477214,70.0353069747293,"verschoven_geometrisch_gemiddelde_index_plus_1","1958-1983",12,0,130.008904719501,"Watervogels","pre",4.2489995002431,4.48809954422886,0.0493564684494158,88.9522353519954,80.7502344955332,97.9873337030924
100,1972,4.35627395812109,76.9660876259043,"verschoven_geometrisch_gemiddelde_index_plus_1","1958-1983",12,0,134.100974313552,"Watervogels","pre",4.34336490439731,4.48978089997644,0.0495009236200792,89.1019215067398,80.8632203515049,98.1800178336018
100,1973,4.55314564872291,93.9305573194522,"verschoven_geometrisch_gemiddelde_index_plus_1","1958-1983",13,0,142.432195975503,"Watervogels","pre",4.54255575733761,4.48964872409993,0.050167197249189,89.090145160458,80.7470167777493,98.2953213808219
100,1974,4.51430687466291,90.3142518609963,"verschoven_geometrisch_gemiddelde_index_plus_1","1958-1983",12,0,123.99658411614,"Watervogels","pre",4.50329527588743,4.48872804817647,0.0510185935893984,89.0081597555761,80.5381998961835,98.3688797773787
100,1975,4.53406915079873,92.1367786453015,"verschoven_geometrisch_gemiddelde_index_plus_1","1958-1983",13,0,139.69118982743,"Watervogels","pre",4.52327419737394,4.48796252664803,0.0516690559888396,88.9400481668469,80.3740350518442,98.4190001512128
100,1976,4.51772613770211,90.6270137101343,"verschoven_geometrisch_gemiddelde_index_plus_1","1958-1983",13,0,128.043143297381,"Watervogels","pre",4.50675233317773,4.48815175014476,0.0518951699355799,88.9568793061339,80.3536258665189,98.4812606842592
100,1977,4.47665807599073,86.9402912786977,"verschoven_geometrisch_gemiddelde_index_plus_1","1958-1983",13,0,120.971659919028,"Watervogels","pre",4.46522157589662,4.48990281190261,0.051814920995654,89.112784755783,80.5071150917118,98.6383426841742
100,1978,4.60277563827524,98.760831692956,"verschoven_geometrisch_gemiddelde_index_plus_1","1958-1983",13,0,120.062695924765,"Watervogels","pre",4.59270108579587,4.49359939952674,0.0520222236895434,89.4428075763935,80.7724418465566,99.0438773950327
100,1979,4.52980653838451,91.740617596778,"verschoven_geometrisch_gemiddelde_index_plus_1","1958-1983",14,0,130.141287284144,"Watervogels","pre",4.51896522118014,4.49939014472774,0.0536197030694778,89.9622506147436,80.9875570909833,99.9314811604681
100,1980,4.50005931620372,89.0224709333822,"verschoven_geometrisch_gemiddelde_index_plus_1","1958-1983",14,0,110.501567398119,"Watervogels","pre",4.48888882026138,4.50719633462426,0.0579903754935062,90.6672611696204,80.9260033827263,101.581097600019
100,1981,4.61625490182553,100.11463789287,"verschoven_geometrisch_gemiddelde_index_plus_1","1958-1983",14,0,118.181818181818,"Watervogels","pre",4.60631590832622,4.51673750324714,0.0662657507481698,91.5364728506555,80.3873344276239,104.231915656846
100,1982,4.53592189837852,92.3094975393749,"verschoven_geometrisch_gemiddelde_index_plus_1","1958-1983",14,0,106.545153272577,"Watervogels","pre",4.52514703479989,4.52757200891822,0.0789115908267451,92.5336173142827,79.2736103589575,108.011610604015
100,1983,4.46105025157081,85.5783904544042,"verschoven_geometrisch_gemiddelde_index_plus_1","1958-1983",14,0,105.485893416928,"Watervogels","pre",4.44943280331478,4.53914857383151,0.0958325257032185,93.6110632703423,77.5805555866116,112.953962501866
100,1984,4.68652848635546,107.475949667099,"verschoven_geometrisch_gemiddelde_index_plus_1","1984-2025",14,0,120.07914982427,"Watervogels","post",4.67726709851078,4.3368365047769,0.10432925389731,76.46525883269,62.324285618026,93.8147264805417
100,1985,4.22849846289339,67.6141281265222,"verschoven_geometrisch_gemiddelde_index_plus_1","1984-2025",14,1,118.125879818512,"Watervogels","post",4.21381695716678,4.33969350616138,0.0819593644108699,76.6840325526393,65.3039909728342,90.0471894739243
100,1986,4.30979818689584,73.4254673900208,"verschoven_geometrisch_gemiddelde_index_plus_1","1984-2025",14,1,120.812840209518,"Watervogels","post",4.29627084260778,4.34641226473312,0.0673449168162111,77.2009887609566,67.6546594294937,88.0943414086734
100,1987,4.04695654405713,56.2230359697582,"verschoven_geometrisch_gemiddelde_index_plus_1","1984-2025",14,1,110.702433741637,"Watervogels","post",4.0293265656169,4.35574329730302,0.059741006454613,77.9247250537819,69.3142785497813,87.6047893991484
100,1988,4.21488622266735,66.6864642474462,"verschoven_geometrisch_gemiddelde_index_plus_1","1984-2025",14,1,111.659304653229,"Watervogels","post",4.20000199750663,4.36605774323978,0.0569092703849035,78.7326348256858,70.422694289648,88.0231557329951
100,1989,4.29488527897341,72.3238021806421,"verschoven_geometrisch_gemiddelde_index_plus_1","1984-2025",14,1,115.487623669911,"Watervogels","post",4.28115328910241,4.37543843264637,0.0562056595620613,79.4746762075487,71.1845172135077,88.7303082965373
100,1990,4.59107414622564,97.6002844236512,"verschoven_geometrisch_gemiddelde_index_plus_1","1984-2025",14,0,138.821899198264,"Watervogels","post",4.58088040759155,4.38180159342212,0.0558560960392582,79.9819987254494,71.6880197574486,89.2355534685153
100,1991,4.32360948163592,74.460510647075,"verschoven_geometrisch_gemiddelde_index_plus_1","1984-2025",14,0,102.395459351276,"Watervogels","post",4.31026892642636,4.38304075012057,0.0551863678958919,80.0811703868502,71.8711885645722,89.2289939628037
100,1992,4.50507664760634,89.4752784966406,"verschoven_geometrisch_gemiddelde_index_plus_1","1984-2025",14,0,119.722674657399,"Watervogels","post",4.49396236921099,4.37718204953959,0.0542502173465173,79.6133704752631,71.5825710711111,88.545139739881
100,1993,4.55489253554562,94.0965351891744,"verschoven_geometrisch_gemiddelde_index_plus_1","1984-2025",14,0,119.722674657399,"Watervogels","post",4.54432122539457,4.36253877438567,0.0533966387268817,78.4560640433181,70.6601215741667,87.1121340869533
100,1994,4.33187060361825,75.0864811798425,"verschoven_geometrisch_gemiddelde_index_plus_1","1984-2025",14,1,130.324818870929,"Watervogels","post",4.31864053164531,4.33785233321078,0.052926759547512,76.5429738827125,69.0006472161631,84.9097376210872
100,1995,4.34675453096676,76.227416575029,"verschoven_geometrisch_gemiddelde_index_plus_1","1984-2025",14,0,119.836248658154,"Watervogels","post",4.33372119555353,4.30240761449292,0.0528946906458136,73.8774481669514,66.6019609513686,81.9476974806467
100,1996,4.44529209385442,84.2247678329664,"verschoven_geometrisch_gemiddelde_index_plus_1","1984-2025",14,0,123.260574104869,"Watervogels","post",4.43348903277907,4.25611224573164,0.0530969923961429,70.5352260795092,63.5636738084925,78.2714059775247
100,1997,4.20711434826188,66.1624524628654,"verschoven_geometrisch_gemiddelde_index_plus_1","1984-2025",14,0,93.0782917659909,"Watervogels","post",4.19211311869324,4.199531893189,0.0532151713478832,66.6551220203118,60.0531592428118,73.9828736333211
100,1998,4.18822057805659,64.9054130208223,"verschoven_geometrisch_gemiddelde_index_plus_1","1984-2025",14,0,94.1726209586548,"Watervogels","post",4.17293102579166,4.13387707863099,0.0529983592233411,62.4194595567691,56.2609278189643,69.2521272293312
100,1999,4.15112983046086,62.5057104664526,"verschoven_geometrisch_gemiddelde_index_plus_1","1984-2025",14,0,95.8689989265233,"Watervogels","post",4.13525792003184,4.06094081142088,0.0523889294778754,58.0288796382767,52.3660515217053,64.3040820192042
100,2000,3.9699201734187,51.9803014345292,"verschoven_geometrisch_gemiddelde_index_plus_1","1984-2025",14,1,96.6373628274727,"Watervogels","post",3.9508648282448,3.98299032557758,0.0515536530188788,53.6773070983797,48.5184998616819,59.3846327802329
100,2001,4.01946144751857,54.6711159343247,"verschoven_geometrisch_gemiddelde_index_plus_1","1984-2025",14,1,92.5617141391279,"Watervogels","post",4.00133552488671,3.90262003864592,0.0508176875653058,49.532055143663,44.8362682482719,54.7196406527307
100,2002,3.75950214191238,41.9270490793115,"verschoven_geometrisch_gemiddelde_index_plus_1","1984-2025",14,2,84.0495333054451,"Watervogels","post",3.73593118139416,3.82257618612304,0.0505160897754984,45.7218447110349,41.4117497173621,50.4805302371356
100,2003,3.72373834020176,40.4189431504688,"verschoven_geometrisch_gemiddelde_index_plus_1","1984-2025",14,1,73.7027780025337,"Watervogels","post",3.69929856493569,3.74556614050639,0.0508162481618998,42.3329668432264,38.319783147979,46.7664463243243
100,2004,3.43590590763944,30.0595368963336,"verschoven_geometrisch_gemiddelde_index_plus_1","1984-2025",14,2,70.0015467927995,"Watervogels","post",3.40317997822923,3.67406696706142,0.0516110520073391,39.4118671266543,35.6200722112711,43.6073026802441
100,2005,3.34868326107002,27.465227682966,"verschoven_geometrisch_gemiddelde_index_plus_1","1984-2025",14,2,57.771391491069,"Watervogels","post",3.31292075669163,3.61014814957149,0.0525579339742488,36.9715297253975,33.3525622662117,40.9831784234671
100,2006,3.37778311161636,28.3057315113958,"verschoven_geometrisch_gemiddelde_index_plus_1","1984-2025",14,3,68.5763032053314,"Watervogels","post",3.34306431104783,3.55532258409477,0.053234467198462,34.9991083025467,31.5313733136597,38.8482153881557
100,2007,3.71981699367418,40.2568431544152,"verschoven_geometrisch_gemiddelde_index_plus_1","1984-2025",14,2,78.6189770910988,"Watervogels","post",3.69528000567221,3.51043793357249,0.0533149557302794,33.462919111269,30.1426351692748,37.1489403351418
100,2008,3.65716562715833,37.7513512887206,"verschoven_geometrisch_gemiddelde_index_plus_1","1984-2025",14,1,72.7016104329877,"Watervogels","post",3.63102127078208,3.47561740584429,0.0526988343788098,32.3177755617785,29.1462917048382,35.8343568313396
100,2009,3.63662301516857,36.9634181264471,"verschoven_geometrisch_gemiddelde_index_plus_1","1984-2025",14,1,84.0284520204898,"Watervogels","post",3.60992872427347,3.45025519439831,0.0515683393731935,31.5084320582155,28.4794065593968,34.8596200098704
100,2010,3.67497024802294,38.4474831991261,"verschoven_geometrisch_gemiddelde_index_plus_1","1984-2025",14,0,68.0646440654559,"Watervogels","post",3.64929323734963,3.43306750588895,0.0503627040083901,30.971502450105,28.0603235717765,34.1847078692162
100,2011,3.25808535921591,24.9997093526798,"verschoven_geometrisch_gemiddelde_index_plus_1","1984-2025",14,2,65.8940176032318,"Watervogels","post",3.21886419890781,3.42219563600477,0.0496429251831031,30.6366080680579,27.7960938726375,33.7673976140854
100,2012,3.40232302963653,29.0337884526153,"verschoven_geometrisch_gemiddelde_index_plus_1","1984-2025",14,1,66.0490623505335,"Watervogels","post",3.36846027081772,3.41535330589984,0.0498443537684705,30.4276978138754,27.5956560960933,33.550381662554
100,2013,3.55810291300382,34.0965527361669,"verschoven_geometrisch_gemiddelde_index_plus_1","1984-2025",14,1,68.8398678019645,"Watervogels","post",3.52919628639822,3.41000678037173,0.0510226775533917,30.2654494697023,27.3851893441428,33.4486433557932
100,2014,3.53128609960046,33.1678826693836,"verschoven_geometrisch_gemiddelde_index_plus_1","1984-2025",14,1,69.4600467911714,"Watervogels","post",3.50158201822285,3.4035734571452,0.052783581064487,30.0713670176251,27.1158285919021,33.3490496609338
100,2015,3.40586864829894,29.1404658203314,"verschoven_geometrisch_gemiddelde_index_plus_1","1984-2025",14,2,72.2735376596521,"Watervogels","post",3.37212778623749,3.39362287448905,0.0544573477959855,29.7736232134318,26.759417643145,33.1273516889294
100,2016,3.4673893593757,31.0529543772482,"verschoven_geometrisch_gemiddelde_index_plus_1","1984-2025",14,2,76.4370604197488,"Watervogels","post",3.43569395287881,3.37806357163162,0.0553782084307519,29.313951749973,26.2987729738159,32.6748235765717
100,2017,3.3673486775514,28.0015326198802,"verschoven_geometrisch_gemiddelde_index_plus_1","1984-2025",14,1,67.5567383597591,"Watervogels","post",3.33225924510151,3.35529998879673,0.0551286832353398,28.6541988401241,25.7194565494985,31.9238126042512
100,2018,3.11936860630647,21.6320853750177,"verschoven_geometrisch_gemiddelde_index_plus_1","1984-2025",14,2,64.9906594916695,"Watervogels","post",3.07417764655292,3.324345538215,0.0537297053715305,27.7808112125349,25.0039875884484,30.8660156263658
100,2019,3.25836804410086,25.0070601164527,"verschoven_geometrisch_gemiddelde_index_plus_1","1984-2025",14,2,65.5787257501265,"Watervogels","post",3.21915818965762,3.28488093650984,0.0518111313129738,26.7058044393029,24.1269897169083,29.5602559257724
100,2020,3.37171630853334,28.1284776349626,"verschoven_geometrisch_gemiddelde_index_plus_1","1984-2025",14,2,75.5067919359385,"Watervogels","post",3.33678250212376,3.23725059226663,0.0507215866226969,25.4636155547343,23.0539306607574,28.1251699183346
100,2021,3.36686340613789,27.987462419361,"verschoven_geometrisch_gemiddelde_index_plus_1","1984-2025",14,1,71.3606087628987,"Watervogels","post",3.33175663915884,3.18239394712056,0.0522955084072485,24.1043891692735,21.7561124588308,26.7061304414223
100,2022,2.9812095846475,18.7116451339007,"verschoven_geometrisch_gemiddelde_index_plus_1","1984-2025",14,3,69.5083538533687,"Watervogels","post",2.92914606447511,3.12171278263313,0.0579518302464885,22.6852012058901,20.2494411441105,25.4139534068768
100,2023,3.28765506586045,25.7799926514999,"verschoven_geometrisch_gemiddelde_index_plus_1","1984-2025",14,2,70.9041443145219,"Watervogels","post",3.24959871246445,3.05687921598,0.0678004477759183,21.2611022121582,18.6154212811023,24.282795454902
100,2024,2.99945785038077,19.0746505082923,"verschoven_geometrisch_gemiddelde_index_plus_1","1984-2025",14,3,68.7739768887637,"Watervogels","post",2.94836025502586,2.98959200933531,0.0808910350414378,19.8775709735716,16.9631879365016,23.2926634597473
100,2025,2.93640717252619,17.8480068805959,"verschoven_geometrisch_gemiddelde_index_plus_1","1984-2025",14,3,59.6446879212287,"Watervogels","post",2.88189184264091,2.9212905371117,0.0960606484542709,18.5652311260842,15.3791341621144,22.4113921584737
200,1958,3.14426956576226,22.2027212200667,"verschoven_geometrisch_gemiddelde_index_plus_1","1958-1983",3,0,5.57206537890045,"Rietvogels","pre",3.10021485884671,3.82550614869882,0.120835015300677,45.8560044504652,36.1858992225858,58.1102912829818
200,1959,3.99840428866906,53.5110966210183,"verschoven_geometrisch_gemiddelde_index_plus_1","1958-1983",4,0,15.2862701500834,"Rietvogels","pre",3.97988904587174,3.86648846820332,0.113806672673267,47.7743301073245,38.2226162849123,59.7129877293235
200,1960,3.78841296594256,43.1862195658044,"verschoven_geometrisch_gemiddelde_index_plus_1","1958-1983",5,0,15.1334129828753,"Rietvogels","pre",3.76552145282914,3.90747078288127,0.106959166238453,49.7729061556823,40.359661847921,61.3816388382345
200,1961,4.52440636616062,91.2411521032265,"verschoven_geometrisch_gemiddelde_index_plus_1","1958-1983",3,0,17.3930427828868,"Rietvogels","pre",4.51350602450905,3.94845308567173,0.10032952734071,51.8550893789124,42.5979960923804,63.1238682839347
200,1962,4.34777083564415,76.3059430563732,"verschoven_geometrisch_gemiddelde_index_plus_1","1958-1983",4,0,16.1935225909636,"Rietvogels","pre",4.33475082590419,3.98943536785399,0.0939638723714889,54.0243768501264,44.9372098181362,64.9491436129739
200,1963,3.7314313575895,40.7388085879582,"verschoven_geometrisch_gemiddelde_index_plus_1","1958-1983",4,0,10.2912029272755,"Rietvogels","pre",3.70718116608921,4.03041762022536,0.087919539422276,56.2844118483836,47.3750312464337,66.8692966267318
200,1964,3.9016519550055,48.4841271742864,"verschoven_geometrisch_gemiddelde_index_plus_1","1958-1983",5,0,15.7681333533564,"Rietvogels","pre",3.88123646962039,4.07139983412972,0.0822673528816825,58.6389900256671,49.9067279577554,68.8991503137794
200,1965,4.50071520747151,89.0815352537405,"verschoven_geometrisch_gemiddelde_index_plus_1","1958-1983",5,0,25.211665098777,"Rietvogels","pre",4.48955207679095,4.11238200230707,0.0770935752772795,61.0920658327057,52.5244405083889,71.0572158709916
200,1966,4.36105143965877,77.3394603505863,"verschoven_geometrisch_gemiddelde_index_plus_1","1958-1983",6,0,26.6913809082484,"Rietvogels","pre",4.34820430853115,4.1533641195393,0.0725006596753505,63.6477592116536,55.2165554879,73.3663521179325
200,1967,4.31916120801718,74.125587116325,"verschoven_geometrisch_gemiddelde_index_plus_1","1958-1983",6,0,24.9346120313862,"Rietvogels","pre",4.30576077791148,4.1943461830754,0.0686053295348494,66.3103625638218,57.9673393444614,75.8541660367861
200,1968,4.31231761699353,73.6132135599636,"verschoven_geometrisch_gemiddelde_index_plus_1","1958-1983",5,0,26.0714285714286,"Rietvogels","pre",4.2988245416856,4.23532819283031,0.0655320707965172,69.0843480010697,60.7571842245606,78.5528032552174
200,1969,4.22242775603451,67.1988536484577,"verschoven_geometrisch_gemiddelde_index_plus_1","1958-1983",5,0,22.6785714285714,"Rietvogels","pre",4.20765618858089,4.27631015136391,0.0634005238903064,71.9743748901714,63.5638634766578,81.4977309038691
200,1970,4.3263851305527,74.6702534832915,"verschoven_geometrisch_gemiddelde_index_plus_1","1958-1983",6,0,26.3111111111111,"Rietvogels","pre",4.31308179975581,4.31729206365888,0.0623074033865316,74.9852977004321,66.3649830067871,84.7253267682957
200,1971,4.39182473797457,79.7877009499105,"verschoven_geometrisch_gemiddelde_index_plus_1","1958-1983",6,0,26.8922528940338,"Rietvogels","pre",4.37936936914282,4.35827393672774,0.0623073872375263,78.122174166043,69.1412461386456,88.2696572201108
200,1972,4.42773392819688,82.7414376276572,"verschoven_geometrisch_gemiddelde_index_plus_1","1958-1983",6,0,28.5208148804252,"Rietvogels","pre",4.41572053612594,4.39925577908884,0.0634004816397215,81.390273776064,71.8794805365911,92.1594955318359
200,1973,4.49454044328453,88.5270167882047,"verschoven_geometrisch_gemiddelde_index_plus_1","1958-1983",6,0,27.9965004374453,"Rietvogels","pre",4.48330777987011,4.44023760015785,0.0655320182258692,84.7950866064766,74.5742180132108,96.416789933032
200,1974,4.37022049146236,78.0610620670612,"verschoven_geometrisch_gemiddelde_index_plus_1","1958-1983",6,0,25.4483347566183,"Rietvogels","pre",4.3574913674383,4.48121940960463,0.0686052851294288,88.3423325103517,77.227302261871,101.057106551587
200,1975,4.68875033341772,107.717234587027,"verschoven_geometrisch_gemiddelde_index_plus_1","1958-1983",6,0,34.3324250681199,"Rietvogels","pre",4.67950959538055,4.52220121672523,0.072500637142823,92.037970683776,79.8460150465913,106.091556887901
200,1976,4.55477903750788,94.085742531519,"verschoven_geometrisch_gemiddelde_index_plus_1","1958-1983",6,0,33.2819722650231,"Rietvogels","pre",4.54420652110044,4.56318302987507,0.0770935786416792,95.888209626666,82.4407303981497,111.529200445
200,1977,4.22039916581568,67.0606463513924,"verschoven_geometrisch_gemiddelde_index_plus_1","1958-1983",6,0,30.9311740890688,"Rietvogels","pre",4.20559737939593,4.60416485600238,0.0822673756770217,99.8995175189171,85.0229142587856,117.379105239046
200,1978,4.53787679797239,92.4920866517608,"verschoven_geometrisch_gemiddelde_index_plus_1","1958-1983",5,0,36.2068965517241,"Rietvogels","pre",4.5271230911481,4.64514670031141,0.0879195678457065,104.07863303341,87.6037974890026,123.651738447333
200,1979,4.43155776757519,83.0622644386295,"verschoven_geometrisch_gemiddelde_index_plus_1","1958-1983",6,0,42.7001569858713,"Rietvogels","pre",4.41959050051615,4.68612856607353,0.0939638912029127,108.432576608186,90.1936783062402,130.359731310311
200,1980,4.69512824328261,108.41283920379,"verschoven_geometrisch_gemiddelde_index_plus_1","1958-1983",6,0,52.3510971786834,"Rietvogels","pre",4.68594652483114,4.72711045459195,0.100329526979459,112.968662200587,92.8016650251178,137.518207630609
200,1981,4.97576083769588,143.858997417082,"verschoven_geometrisch_gemiddelde_index_plus_1","1958-1983",6,0,72.7272727272727,"Rietvogels","pre",4.96883363525798,4.76809236531381,0.106959149157704,117.694509546363,95.4356723880247,145.144862824868
200,1982,4.95877888896014,141.419779307017,"verschoven_geometrisch_gemiddelde_index_plus_1","1958-1983",6,0,78.8732394366197,"Rietvogels","pre",4.95173262562486,4.8090742960718,0.113806657804362,122.618056946658,98.1025388808589,153.259926408564
200,1983,4.92581329242882,136.801368891228,"verschoven_geometrisch_gemiddelde_index_plus_1","1958-1983",7,0,77.8996865203762,"Rietvogels","pre",4.91853001165321,4.85005624342854,0.120835039236069,127.747574605563,100.808186389976,161.886086854813
200,1984,4.983422238059,144.973082468849,"verschoven_geometrisch_gemiddelde_index_plus_1","1984-2025",7,0,54.9122282942944,"Rietvogels","post",4.97654808704181,4.62706018174307,0.122610992231681,102.213133949952,80.3781712108581,129.979627484478
200,1985,4.96405872245876,142.173720619522,"verschoven_geometrisch_gemiddelde_index_plus_1","1984-2025",7,0,76.9962417958945,"Rietvogels","post",4.95704969452056,4.62319119491616,0.113169069929801,101.818436712722,81.5633336004747,127.103608901074
200,1986,4.12587830752718,60.9221720830707,"verschoven_geometrisch_gemiddelde_index_plus_1","1984-2025",7,1,75.7439877094832,"Rietvogels","post",4.10959718207078,4.61940993070371,0.1046343926903,101.43416128314,82.6261751720712,124.523361438276
200,1987,4.17628609959967,64.123541185479,"verschoven_geometrisch_gemiddelde_index_plus_1","1984-2025",7,1,89.9955036892442,"Rietvogels","post",4.16081155368797,4.61575305564434,0.0970257522712453,101.063906628692,83.5614743877899,122.232324140818
200,1988,5.28026239025432,195.421407653824,"verschoven_geometrisch_gemiddelde_index_plus_1","1984-2025",7,0,103.151929060602,"Rietvogels","post",5.27515829171318,4.61226411275109,0.0903544980664427,100.711914826602,84.3664066201385,120.224271654822
200,1989,5.35051084363942,209.715913261028,"verschoven_geometrisch_gemiddelde_index_plus_1","1984-2025",7,0,104.640719789312,"Rietvogels","post",5.3457538208705,4.60899331516474,0.0846243439947655,100.383044665725,85.0406690039183,118.493372340434
200,1990,4.54303990203773,92.976044311212,"verschoven_geometrisch_gemiddelde_index_plus_1","1984-2025",7,1,102.159735908514,"Rietvogels","post",4.53234187192027,4.60599703884639,0.0798271710057772,100.082719479536,85.5872038016788,117.033274759503
200,1991,3.54264445294257,33.5581859588829,"verschoven_geometrisch_gemiddelde_index_plus_1","1984-2025",7,2,80.980591754085,"Rietvogels","post",3.51328082646949,4.60333700673157,0.0759351008442664,99.8168499990292,86.0134955615892,115.835352100003
200,1992,4.35984977002064,77.2453787384455,"verschoven_geometrisch_gemiddelde_index_plus_1","1984-2025",7,1,91.3415501473347,"Rietvogels","post",4.34698709183239,4.6010791714915,0.0728919048129237,99.5917342303404,86.3329245482768,114.886801054219
200,1993,4.69879778300164,108.815071515387,"verschoven_geometrisch_gemiddelde_index_plus_1","1984-2025",7,1,96.7241772095884,"Rietvogels","post",4.68964984978575,4.59929231942055,0.0706086671080263,99.413937429378,86.5653250571865,114.169627950722
200,1994,4.7746629347923,117.470375648308,"verschoven_geometrisch_gemiddelde_index_plus_1","1984-2025",7,1,100.801924984023,"Rietvogels","post",4.76618617965403,4.59804643320095,0.068967816442573,99.2901560994375,86.7360425401612,113.661343191741
200,1995,4.78083737884719,118.204127277991,"verschoven_geometrisch_gemiddelde_index_plus_1","1984-2025",7,1,91.9291770528306,"Rietvogels","post",4.77241302211189,4.59741086556041,0.0678360110967949,99.2270705388898,86.873434520153,113.337426822301
200,1996,5.38599808108023,217.327904348856,"verschoven_geometrisch_gemiddelde_index_plus_1","1984-2025",7,0,100.003862009611,"Rietvogels","post",5.38140729295661,4.59745238831565,0.0670820179058885,99.2311908057953,87.0055259426878,113.174756684103
200,1997,4.41941825236345,82.0479583491551,"verschoven_geometrisch_gemiddelde_index_plus_1","1984-2025",7,1,76.8265265370084,"Rietvogels","post",4.40730393421804,4.5982331912254,0.0665934257817088,99.3087010644945,87.1569116810384,113.154744895151
200,1998,4.52567116582934,91.3578924928889,"verschoven_geometrisch_gemiddelde_index_plus_1","1984-2025",7,1,72.4951497191154,"Rietvogels","post",4.51478467748148,4.5998089117959,0.0662868435798836,99.4653071789264,87.3468259158364,113.265104123314
200,1999,4.36845174311246,77.9213465412166,"verschoven_geometrisch_gemiddelde_index_plus_1","1984-2025",7,1,66.1561756290906,"Rietvogels","post",4.35569994025807,4.60222678017662,0.0661091145255914,99.7060921760442,87.5887807146476,113.499751177097
200,2000,4.48440931183043,87.624585854405,"verschoven_geometrisch_gemiddelde_index_plus_1","1984-2025",7,1,65.4187592280351,"Rietvogels","post",4.47306161900299,4.60552396221357,0.0660303633395097,100.035383881167,87.8916187282409,113.857022695122
200,2001,4.50636521592651,89.5919372194961,"verschoven_geometrisch_gemiddelde_index_plus_1","1984-2025",7,1,76.902194661654,"Rietvogels","post",4.49526532954232,4.60972617846267,0.0660322616470734,100.456638678777,88.2614070338658,114.336906625182
200,2002,4.392298845462,79.8260120849031,"verschoven_geometrisch_gemiddelde_index_plus_1","1984-2025",7,1,57.6198949027563,"Rietvogels","post",4.37984941731663,4.61484666759806,0.0660962135642284,100.972345013259,88.7033883778094,114.938275120357
200,2003,4.37171617614653,78.1794009634852,"verschoven_geometrisch_gemiddelde_index_plus_1","1984-2025",7,1,57.6104683949936,"Rietvogels","post",4.3590061980623,4.62088554949886,0.0661959240223418,101.583949926289,89.2232395223592,115.657074747222
200,2004,4.43501544697898,83.3534278838543,"verschoven_geometrisch_gemiddelde_index_plus_1","1984-2025",7,1,55.357545049938,"Rietvogels","post",4.42308973473211,4.62782962690092,0.0662970156803195,102.291811616132,89.8271686862367,116.486079620957
200,2005,4.19546162390983,65.3843691172635,"verschoven_geometrisch_gemiddelde_index_plus_1","1984-2025",7,1,50.2080059755251,"Rietvogels","post",4.18028322557388,4.63565264559203,0.06636359817714,103.095180658718,90.5208302894106,117.416248183674
200,2006,4.94608063881276,139.622731154033,"verschoven_geometrisch_gemiddelde_index_plus_1","1984-2025",7,0,49.1345677605209,"Rietvogels","post",4.93894400768909,4.64431601260579,0.0663690635430949,103.992212091908,91.3074741659502,118.439155989721
200,2007,4.96817858811878,142.764793849632,"verschoven_geometrisch_gemiddelde_index_plus_1","1984-2025",7,0,49.748522848102,"Rietvogels","post",4.96119847783985,4.65376995074632,0.06630690015805,104.980009964929,92.1860139404804,119.549615187313
200,2008,4.77387623025478,117.377211117509,"verschoven_geometrisch_gemiddelde_index_plus_1","1984-2025",7,0,36.3508052164939,"Rietvogels","post",4.76539277541284,4.66395504713139,0.0661973912625208,106.054705131473,93.1497264383434,120.747541732918
200,2009,4.7586282133448,115.585885191743,"verschoven_geometrisch_gemiddelde_index_plus_1","1984-2025",7,0,39.0907709200688,"Rietvogels","post",4.75001384836597,4.67480413435908,0.0660874972930975,107.211565973329,94.1861025766032,122.03838532447
200,2010,4.88970392213676,131.914215268087,"verschoven_geometrisch_gemiddelde_index_plus_1","1984-2025",7,0,40.0015448038442,"Rietvogels","post",4.88215182698733,4.6862444264102,0.0660435697227161,108.445140370825,95.2780091172483,123.431929140919
200,2011,4.67985220728834,106.754146117075,"verschoven_geometrisch_gemiddelde_index_plus_1","1984-2025",7,0,39.3813658146373,"Rietvogels","post",4.67052849085871,4.69819981840657,0.0661392871661409,109.749425619532,96.4058433613359,124.939899946436
200,2012,4.61597191198635,100.086027526166,"verschoven_geometrisch_gemiddelde_index_plus_1","1984-2025",7,0,36.7456051105081,"Rietvogels","post",4.60603009142508,4.71059325059085,0.0664435683950692,111.11806121124,97.5498819126157,126.573433870534
200,2013,4.41104140895809,81.3551842879212,"verschoven_geometrisch_gemiddelde_index_plus_1","1984-2025",7,0,32.0942626914564,"Rietvogels","post",4.39882455982037,4.72334903289556,0.0670140581377244,112.544537579403,98.6917621021635,128.341744732958
200,2014,4.82031673553179,123.004361147608,"verschoven_geometrisch_gemiddelde_index_plus_1","1984-2025",7,0,36.4355156159046,"Rietvogels","post",4.81221981122847,4.73639502748553,0.0679000861052984,114.022412219193,99.8142400209185,130.253062945315
200,2015,4.78236377126553,118.386218490072,"verschoven_geometrisch_gemiddelde_index_plus_1","1984-2025",7,0,38.7994781120238,"Rietvogels","post",4.77395231778724,4.74966459266978,0.0691548608327075,115.545523211678,100.899105836044,132.318000478168
200,2016,4.84592479612587,126.220880985675,"verschoven_geometrisch_gemiddelde_index_plus_1","1984-2025",7,0,32.4043521860599,"Rietvogels","post",4.83803339589465,4.76309820227214,0.0708517026770943,117.108189284719,101.924145496969,134.554260236142
200,2017,4.77270870433889,117.239083305269,"verschoven_geometrisch_gemiddelde_index_plus_1","1984-2025",7,0,34.3869884443819,"Rietvogels","post",4.76421529685331,4.77664466933091,0.0730957126795013,118.705385269963,102.860846760616,136.990593951493
200,2018,4.73329034424093,112.668957712523,"verschoven_geometrisch_gemiddelde_index_plus_1","1984-2025",7,0,35.0327484413533,"Rietvogels","post",4.7244539413347,4.79026192100891,0.0760223393328343,120.332882245923,103.674702430794,139.667654790492
200,2019,5.05044872708785,155.092491702903,"verschoven_geometrisch_gemiddelde_index_plus_1","1984-2025",7,0,39.2559425604005,"Rietvogels","post",5.04402165961616,4.80391729175188,0.0797787044684077,121.987342792895,104.329173554631,142.634234458677
200,2020,4.97808509799249,144.196079014322,"verschoven_geometrisch_gemiddelde_index_plus_1","1984-2025",7,0,41.7070370241632,"Rietvogels","post",4.97117403317965,4.81758732277457,0.0844914617653012,123.666363539663,104.792694209398,145.939271687822
200,2021,4.9771215957553,144.056249641135,"verschoven_geometrisch_gemiddelde_index_plus_1","1984-2025",7,0,39.7124070087773,"Rietvogels","post",4.97020384581077,4.83125707649099,0.0902328508972629,125.368459383053,105.0462457315,149.622202094244
200,2022,4.70191440624011,109.157857609292,"verschoven_geometrisch_gemiddelde_index_plus_1","1984-2025",7,0,31.905473899907,"Rietvogels","post",4.69279506949595,4.84491899309152,0.0969991327542181,127.092986166827,105.088273071874,153.705324682173
200,2023,5.03100485019986,152.086764699916,"verschoven_geometrisch_gemiddelde_index_plus_1","1984-2025",7,0,37.5822395830191,"Rietvogels","post",5.02445117838447,4.85857133165076,0.104710208147715,128.840000926071,104.934812463678,158.191027828594
200,2024,4.74907905399281,114.477886642732,"verschoven_geometrisch_gemiddelde_index_plus_1","1984-2025",7,0,32.7132854670004,"Rietvogels","post",4.74038167458454,4.87221624853059,0.113229725915491,130.610060725979,104.614899668511,163.064611416711
200,2025,4.87280857475764,129.687447407281,"verschoven_geometrisch_gemiddelde_index_plus_1","1984-2025",7,0,34.691298076633,"Rietvogels","post",4.86512730489072,4.88585757012538,0.122398046263601,132.403962344104,104.163043702628,168.301622353387
300,1958,4.15936423476254,63.0308010991855,"verschoven_geometrisch_gemiddelde_index_plus_1","1958-1983",8,0,29.0211738484398,"Vogels van pionierbegroeiingen","pre",4.14362351325205,3.98680096870555,0.1046442357274,53.8822423794237,43.8905162802157,66.1485963231575
300,1959,4.0597288510708,56.9585935375826,"verschoven_geometrisch_gemiddelde_index_plus_1","1958-1983",8,0,31.1681092670531,"Vogels van pionierbegroeiingen","pre",4.04232457469182,4.01874243286772,0.0985573168789126,55.6311019733747,45.8589367186603,67.4856359134185
300,1960,3.92859867940062,49.8356906324035,"verschoven_geometrisch_gemiddelde_index_plus_1","1958-1983",9,0,26.0852250099562,"Vogels van pionierbegroeiingen","pre",3.90873140670412,4.05068390446366,0.0926270696477083,57.4367248487048,47.9009265643974,68.8708465150611
300,1961,4.47357987046813,86.6700091937459,"verschoven_geometrisch_gemiddelde_index_plus_1","1958-1983",9,0,32.5869652139144,"Vogels van pionierbegroeiingen","pre",4.46210790922385,4.08262539410663,0.0868855769389646,59.3009540321792,50.0153352451223,70.3104984079774
300,1962,4.39938768169409,80.4010100732744,"verschoven_geometrisch_gemiddelde_index_plus_1","1958-1983",7,0,29.188324670132,"Vogels van pionierbegroeiingen","pre",4.38702673920643,4.11456691443441,0.0813727851098299,61.2256925563927,52.1996743111505,71.8124294543572
300,1963,4.00128030758896,53.6680972263814,"verschoven_geometrisch_gemiddelde_index_plus_1","1958-1983",8,0,20.582405854551,"Vogels van pionierbegroeiingen","pre",3.98281873235328,4.14650847805621,0.0761383510857703,63.2129052977318,54.4496983777356,73.3864744017373
300,1964,3.86768028472202,46.8313022865647,"verschoven_geometrisch_gemiddelde_index_plus_1","1958-1983",8,0,20.4610301847124,"Vogels van pionierbegroeiingen","pre",3.84655183161863,4.17845009578583,0.0712436017165838,65.2646208731317,56.7589093176688,75.044971598629
300,1965,3.85146092136989,46.0617665747625,"verschoven_geometrisch_gemiddelde_index_plus_1","1958-1983",9,0,19.9435559736595,"Vogels van pionierbegroeiingen","pre",3.82998324742958,4.21039177522413,0.0667632239186352,67.3829336034766,59.1180242250957,76.8033066146195
300,1966,3.97458572214011,52.2280611301902,"verschoven_geometrisch_gemiddelde_index_plus_1","1958-1983",9,0,22.7988878591288,"Vogels van pionierbegroeiingen","pre",3.95561991999372,4.2423335197432,0.062785917671704,69.5700055522182,61.5145124090997,78.6803874888507
300,1967,4.26606430721517,70.2407016315187,"verschoven_geometrisch_gemiddelde_index_plus_1","1958-1983",10,0,23.1909328683522,"Vogels van pionierbegroeiingen","pre",4.25192793833618,4.27427532790604,0.0594127359445964,71.8280686479481,63.9324057743817,80.6988472153148
300,1968,4.42141659556897,82.2140826038092,"verschoven_geometrisch_gemiddelde_index_plus_1","1958-1983",10,0,29.6428571428571,"Vogels van pionierbegroeiingen","pre",4.40932660860255,4.30621719333136,0.0567514527249237,74.1594268992048,66.3526928834812,82.884663139085
300,1969,4.30370351468307,72.9732480261996,"verschoven_geometrisch_gemiddelde_index_plus_1","1958-1983",9,0,22.6785714285714,"Vogels van pionierbegroeiingen","pre",4.29009290858901,4.3381591049865,0.0549056491987511,76.5664587087858,68.7546267563852,85.2658631974867
300,1970,4.27262626832221,70.709717493829,"verschoven_geometrisch_gemiddelde_index_plus_1","1958-1983",9,0,24.5333333333333,"Vogels van pionierbegroeiingen","pre",4.25858301032927,4.37010104786443,0.0539590610462615,79.0516192933021,71.1180582377245,87.87020719835
300,1971,4.33607333781353,75.4069253352338,"verschoven_geometrisch_gemiddelde_index_plus_1","1958-1983",10,0,25.2894033837934,"Vogels van pionierbegroeiingen","pre",4.32289911874354,4.40204300397624,0.0539590322249705,81.617443211811,73.4263821454286,90.7222559765996
300,1972,4.47905942928339,87.1517207435376,"verschoven_geometrisch_gemiddelde_index_plus_1","1958-1983",9,0,26.7493356953056,"Vogels van pionierbegroeiingen","pre",4.46765051639001,4.43398495357063,0.0549055737936333,84.2665470052233,75.6691107486894,93.8408139586402
300,1973,4.68125108831193,106.904986826797,"verschoven_geometrisch_gemiddelde_index_plus_1","1958-1983",9,0,29.3963254593176,"Vogels van pionierbegroeiingen","pre",4.67194046639848,4.46592687647837,0.0567513589013319,87.001631945975,77.8430183165054,97.2378014748428
300,1974,4.53705861731692,92.4156245192069,"verschoven_geometrisch_gemiddelde_index_plus_1","1958-1983",9,0,26.9854824935952,"Vogels van pionierbegroeiingen","pre",4.52629606088064,4.49786875347369,0.0594126566935734,89.825486895406,79.9514796542839,100.918933969528
300,1975,4.76101663319049,115.864674033533,"verschoven_geometrisch_gemiddelde_index_plus_1","1958-1983",10,0,34.5140781108083,"Vogels van pionierbegroeiingen","pre",4.752422906936,4.52981056754695,0.0627858774578264,92.740991264544,82.0025420775619,104.885668697869
300,1976,4.81377680550328,122.196027406605,"verschoven_geometrisch_gemiddelde_index_plus_1","1958-1983",10,0,31.2788906009245,"Vogels van pionierbegroeiingen","pre",4.80562653726149,4.56175230499268,0.0667632299239096,95.7511180727594,84.0066846078361,109.137465131296
300,1977,4.77739417970286,117.794389538073,"verschoven_geometrisch_gemiddelde_index_plus_1","1958-1983",10,0,31.5789473684211,"Vogels van pionierbegroeiingen","pre",4.76894064307202,4.59369395623437,0.071243642400986,98.8589370981441,85.9749880331496,113.673635411343
300,1978,4.88010722561756,130.644778821783,"verschoven_geometrisch_gemiddelde_index_plus_1","1958-1983",10,0,32.9153605015674,"Vogels van pionierbegroeiingen","pre",4.87248202807419,4.62563551633032,0.0761384018147267,102.067618113587,87.9179724719562,118.494528188807
300,1979,4.58144922594278,96.6558170490072,"verschoven_geometrisch_gemiddelde_index_plus_1","1958-1983",10,0,28.8854003139717,"Vogels van pionierbegroeiingen","pre",4.57115639058926,4.6575769851311,0.0813728187193195,105.380434203373,89.8450266896128,123.602121587164
300,1980,4.71320575117502,110.408736740736,"verschoven_geometrisch_gemiddelde_index_plus_1","1958-1983",10,0,30.564263322884,"Vogels van pionierbegroeiingen","pre",4.70418926785616,4.6895183670876,0.086885576294373,108.800765156726,91.7642361733608,129.000218302099
300,1981,4.7026446015627,109.238323736085,"verschoven_geometrisch_gemiddelde_index_plus_1","1958-1983",10,0,30.0940438871473,"Vogels van pionierbegroeiingen","pre",4.69353195170642,4.72145967073593,0.0926270391633465,112.332100936899,93.6824314665677,134.694421391068
300,1982,4.55422284570406,94.0328713254916,"verschoven_geometrisch_gemiddelde_index_plus_1","1958-1983",10,0,29.3289146644573,"Vogels van pionierbegroeiingen","pre",4.54364441609301,4.75340090791011,0.098557290342702,115.978045227135,95.6053345122975,140.692013090307
300,1983,4.57869286177738,96.3870126858945,"verschoven_geometrisch_gemiddelde_index_plus_1","1958-1983",11,0,25.5485893416928,"Vogels van pionierbegroeiingen","pre",4.56837146936515,4.78534209275332,0.104644278447403,119.742319057704,97.5377328762805,147.001806895635
300,1984,4.46137769642518,85.6067447448375,"verschoven_geometrisch_gemiddelde_index_plus_1","1984-2025",11,1,37.380010826839,"Vogels van pionierbegroeiingen","post",4.44976407379173,4.42674967032641,0.180814565774918,83.6590550081088,58.6949164815988,119.240948013683
300,1985,4.35392409198172,76.7830928473959,"verschoven_geometrisch_gemiddelde_index_plus_1","1984-2025",11,1,37.6209485230573,"Vogels van pionierbegroeiingen","post",4.34098447070191,4.13429745992956,0.138162284086085,62.4457050464033,47.6317417803598,81.8669637722609
300,1986,3.85903818843281,46.4197205924881,"verschoven_geometrisch_gemiddelde_index_plus_1","1984-2025",11,1,32.798798416256,"Vogels van pionierbegroeiingen","post",3.837724381709,3.87083756404805,0.111872743318956,47.9825577205903,38.535002617025,59.7463523823038
300,1987,3.6402818834545,37.1025756974217,"verschoven_geometrisch_gemiddelde_index_plus_1","1984-2025",11,2,32.454130755192,"Vogels van pionierbegroeiingen","post",3.61368639301005,3.63900749458845,0.100085856971006,38.0540491266134,31.2756304657035,46.3015655757504
300,1988,3.59388101156556,35.3749740309475,"verschoven_geometrisch_gemiddelde_index_plus_1","1984-2025",11,2,27.2236018964063,"Vogels van pionierbegroeiingen","post",3.56600462185564,3.43995113181269,0.0972783242024833,31.1854341554344,25.7719223000997,37.7360792935175
300,1989,3.020182263069,19.4950268302823,"verschoven_geometrisch_gemiddelde_index_plus_1","1984-2025",11,3,25.5221267778809,"Vogels van pionierbegroeiingen","post",2.97015939869841,3.27327767787409,0.0974743559143331,26.3977209262362,21.8069328587794,31.9549601318144
300,1990,3.19409101167229,23.3879952108489,"verschoven_geometrisch_gemiddelde_index_plus_1","1984-2025",11,2,23.0683274632129,"Vogels van pionierbegroeiingen","post",3.15222286554381,3.13713530680596,0.0972017060193217,23.0377760786775,19.041483914421,27.872781818718
300,1991,3.13097599531816,21.8963153374245,"verschoven_geometrisch_gemiddelde_index_plus_1","1984-2025",11,2,19.615298891545,"Vogels van pionierbegroeiingen","post",3.08631837323426,3.02839172178567,0.0954917488592574,20.6639724340797,17.1367947915284,24.9171307675046
300,1992,2.90674045696442,17.2970612032379,"verschoven_geometrisch_gemiddelde_index_plus_1","1984-2025",11,3,20.3887388721729,"Vogels van pionierbegroeiingen","post",2.85053661442853,2.94290522481775,0.0928592128356899,18.9708810037767,15.814087673234,22.757830454462
300,1993,3.06134935368206,20.3563550046809,"verschoven_geometrisch_gemiddelde_index_plus_1","1984-2025",11,2,19.0838595843539,"Vogels van pionierbegroeiingen","post",3.01339314838002,2.87586278101235,0.0903891322463929,17.740723880051,14.8604018572779,21.1793252168393
300,1994,2.76561754131406,14.8888489822527,"verschoven_geometrisch_gemiddelde_index_plus_1","1984-2025",11,3,17.7789802965348,"Vogels van pionierbegroeiingen","post",2.70061254231464,2.82215650511325,0.0890030624681989,16.8130690749479,14.1216700797788,20.017412255208
300,1995,2.64862837356789,13.1346379001778,"verschoven_geometrisch_gemiddelde_index_plus_1","1984-2025",11,3,19.0424723895149,"Vogels van pionierbegroeiingen","post",2.57525285520348,2.77676741473339,0.0889609905149016,16.0669989664451,13.4961420877226,19.1275739474161
300,1996,2.55079308969607,11.8172649935528,"verschoven_geometrisch_gemiddelde_index_plus_1","1984-2025",11,3,16.1246537193791,"Vogels van pionierbegroeiingen","post",2.46956159717932,2.73512536976646,0.0897930216730846,15.411675472972,12.9245815843611,18.377364043383
300,1997,2.52498260148935,11.4906779425231,"verschoven_geometrisch_gemiddelde_index_plus_1","1984-2025",11,3,16.4159244737197,"Vogels van pionierbegroeiingen","post",2.44153609295062,2.69341680735534,0.0906557538729242,14.7820973101175,12.3756586312334,17.6564664069121
300,1998,2.5946802959481,12.3923051027109,"verschoven_geometrisch_gemiddelde_index_plus_1","1984-2025",11,4,15.4585245724584,"Vogels van pionierbegroeiingen","post",2.51707572375329,2.648816918994,0.0908112058449542,14.1373031727582,11.8322275330787,16.8914382722722
300,1999,2.88459825297561,16.896376335143,"verschoven_geometrisch_gemiddelde_index_plus_1","1984-2025",11,4,11.9836248658154,"Vogels van pionierbegroeiingen","post",2.82709918089932,2.59962983420541,0.0899528426020502,13.4587551420189,11.28328314535,16.053668745118
300,2000,3.11000109255421,21.4210688969662,"verschoven_geometrisch_gemiddelde_index_plus_1","1984-2025",11,3,14.2062184918789,"Vogels van pionierbegroeiingen","post",3.0643749655937,2.54532855057886,0.0883064744506999,12.747415568892,10.7214655779112,15.1561932000055
300,2001,3.11434767526907,21.5187360328578,"verschoven_geometrisch_gemiddelde_index_plus_1","1984-2025",11,3,12.4035797841377,"Vogels van pionierbegroeiingen","post",3.06892399903601,2.48649505870425,0.0865279813434923,12.0190760532707,10.1441807431025,14.2404983539483
300,2002,2.75114781791443,14.6605970857113,"verschoven_geometrisch_gemiddelde_index_plus_1","1984-2025",11,4,12.8044210895014,"Vogels van pionierbegroeiingen","post",2.68516342453165,2.4246695918275,0.0854189706343765,11.2984956871738,9.55675667327715,13.3576703014778
300,2003,3.02990424645702,19.6952508509199,"verschoven_geometrisch_gemiddelde_index_plus_1","1984-2025",11,4,16.0923096075401,"Vogels van pionierbegroeiingen","post",2.98037753312368,2.36212545290279,0.0855268373989909,10.613485960476,8.97544801828897,12.5504692360411
300,2004,1.780350999391,4.93193815990639,"verschoven_geometrisch_gemiddelde_index_plus_1","1984-2025",11,7,12.5520014938813,"Vogels van pionierbegroeiingen","post",1.59573204668058,2.30159179862597,0.0868267534024676,9.99007198785476,8.42675161924209,11.843417586277
300,2005,2.25753084791526,8.5594562508088,"verschoven_geometrisch_gemiddelde_index_plus_1","1984-2025",11,6,14.4830786467861,"Vogels van pionierbegroeiingen","post",2.14703666603426,2.2459506017624,0.0887133657718493,9.44939389886411,7.94126358948343,11.243934173667
300,2006,1.73415939594922,4.66416448244364,"verschoven_geometrisch_gemiddelde_index_plus_1","1984-2025",11,7,10.2510968709,"Vogels van pionierbegroeiingen","post",1.53990871481649,2.19793546998093,0.0903045853139019,9.00640030849901,7.54540284242252,10.7502870570246
300,2007,1.77416102863298,4.89533304533184,"verschoven_geometrisch_gemiddelde_index_plus_1","1984-2025",11,7,12.0701334123264,"Vogels van pionierbegroeiingen","post",1.58828231152946,2.15985898568884,0.090835842565995,8.66991499016848,7.25594210784788,10.3594302186409
300,2008,2.18280770993606,7.87117902211358,"verschoven_geometrisch_gemiddelde_index_plus_1","1984-2025",11,6,12.0569502450747,"Vogels van pionierbegroeiingen","post",2.06320786342124,2.1333918803137,0.0899568865711736,8.44345749319463,7.0786016606024,10.0714770879362
300,2009,2.60193651301568,12.4898360003151,"verschoven_geometrisch_gemiddelde_index_plus_1","1984-2025",11,4,10.0232745948894,"Vogels van pionierbegroeiingen","post",2.52491519357211,2.11941200624858,0.0878798217139145,8.32624027081024,7.00880738250811,9.89130864407544
300,2010,2.45274066736643,10.620150084223,"verschoven_geometrisch_gemiddelde_index_plus_1","1984-2025",11,4,7.59719261778437,"Vogels van pionierbegroeiingen","post",2.36275314793832,2.11793423103952,0.0853720456558283,8.31394504637988,7.0329413747614,9.8282750489399
300,2011,2.63978031845056,13.0101255035662,"verschoven_geometrisch_gemiddelde_index_plus_1","1984-2025",11,3,9.14764009080158,"Vogels van pionierbegroeiingen","post",2.56572793917782,2.12812468741645,0.083546896226757,8.39910109326497,7.13043876793072,9.8934864278145
300,2012,2.17813206485963,7.82979735597777,"verschoven_geometrisch_gemiddelde_index_plus_1","1984-2025",11,5,8.21737160699125,"Vogels van pionierbegroeiingen","post",2.0579366292052,2.14839497266007,0.0834022366108192,8.57109051660903,7.27851304221238,10.0932143994037
300,2013,2.09886780314888,7.15692943271511,"verschoven_geometrisch_gemiddelde_index_plus_1","1984-2025",11,6,8.21737160699125,"Vogels van pionierbegroeiingen","post",1.96808103881056,2.17656460814667,0.0852537699781928,8.8159678722281,7.45934209262469,10.4193223154363
300,2014,2.17471962494186,7.79971755496053,"verschoven_geometrisch_gemiddelde_index_plus_1","1984-2025",11,6,10.6980875638188,"Vogels van pionierbegroeiingen","post",2.05408752213742,2.21007399095816,0.0884795515087337,9.11639089858393,7.66491996001417,10.8427202696622
300,2015,2.234603996067,8.34278134138019,"verschoven_geometrisch_gemiddelde_index_plus_1","1984-2025",11,6,12.3245401061723,"Vogels van pionierbegroeiingen","post",2.12139665494412,2.2462257220212,0.0918123630858909,9.45199397620956,7.89534614543001,11.3155507663225
300,2016,2.36439181038114,9.63756719178574,"verschoven_geometrisch_gemiddelde_index_plus_1","1984-2025",11,6,14.4191614990601,"Vogels van pionierbegroeiingen","post",2.26566871077547,2.28242994146254,0.0939091415878919,9.80046605778468,8.15285378760626,11.781044705573
300,2017,2.48229199519802,10.9686651277056,"verschoven_geometrisch_gemiddelde_index_plus_1","1984-2025",11,5,15.2154816125583,"Vogels van pionierbegroeiingen","post",2.39504258299113,2.31642930566258,0.0938482749260415,10.1394048755102,8.43581798843889,12.1870257715868
300,2018,2.39790379068421,10.0000936971432,"verschoven_geometrisch_gemiddelde_index_plus_1","1984-2025",11,5,15.0608077411426,"Vogels van pionierbegroeiingen","post",2.30259446266447,2.34648145263906,0.0914907721461543,10.4487405815828,8.73344177697384,12.5009340566125
300,2019,2.49325985364851,11.1006582705595,"verschoven_geometrisch_gemiddelde_index_plus_1","1984-2025",11,5,15.8241008770607,"Vogels van pionierbegroeiingen","post",2.4070044102139,2.37148096427793,0.0877994900874505,10.7132464767997,9.01954567072306,12.7249923957045
300,2020,2.6894189166428,13.723118075393,"verschoven_geometrisch_gemiddelde_index_plus_1","1984-2025",11,4,19.5356381600169,"Vogels van pionierbegroeiingen","post",2.6190818614473,2.39100849925296,0.0851028786812243,10.9245057452946,9.24614637894632,12.9075206997291
300,2021,2.7680440004297,14.9274494369764,"verschoven_geometrisch_gemiddelde_index_plus_1","1984-2025",11,4,19.0193520156979,"Vogels van pionierbegroeiingen","post",2.70320176219337,2.40530134276284,0.0868225161381377,11.0817691900281,9.34768959972331,13.1375359730272
300,2022,2.57648463570001,12.1508268595475,"verschoven_geometrisch_gemiddelde_index_plus_1","1984-2025",11,5,16.9294351305629,"Vogels van pionierbegroeiingen","post",2.49739722175471,2.41514640120541,0.0958520803751769,11.191408673344,9.27457071819729,13.5044124304381
300,2023,2.28583529874851,8.83389703618667,"verschoven_geometrisch_gemiddelde_index_plus_1","1984-2025",11,6,18.8671971995724,"Vogels van pionierbegroeiingen","post",2.17859625770531,2.42170291989269,0.112612555346222,11.2650264278165,9.03388322891199,14.047206190719
300,2024,2.29918937001053,8.96610035963331,"verschoven_geometrisch_gemiddelde_index_plus_1","1984-2025",11,6,18.8671971995723,"Vogels van pionierbegroeiingen","post",2.19345083902698,2.42626719116948,0.135356612385289,11.3165605828393,8.67953738761561,14.7547660325539
300,2025,2.57221279853774,12.0947684900162,"verschoven_geometrisch_gemiddelde_index_plus_1","1984-2025",11,5,19.1715068318235,"Vogels van pionierbegroeiingen","post",2.4927730029128,2.42999458552153,0.161883900500074,11.3588205777455,8.27055933146687,15.6002514154664
400,1958,4.28021568566342,71.2560229149984,"verschoven_geometrisch_gemiddelde_index_plus_1","1958-1983",6,0,26.2351411589896,"Vogels van open heide","pre",4.26627934771645,3.92847468096028,0.133792593756997,50.8293874768505,39.1046426266299,66.0695625309814
400,1959,3.89359269685631,48.0869245482633,"verschoven_geometrisch_gemiddelde_index_plus_1","1958-1983",6,0,26.8006035098865,"Vogels van open heide","pre",3.87301030124338,3.96392741120354,0.126008247889066,52.6637525344448,41.1387806743886,67.4174291396996
400,1960,3.83688591563289,45.3808155440694,"verschoven_geometrisch_gemiddelde_index_plus_1","1958-1983",6,0,22.1027479091995,"Vogels van open heide","pre",3.8150894506329,3.99938019052219,0.118424625141693,54.5643200674324,43.2617090079248,68.8198661748621
400,1961,4.54380601991713,93.0480686250286,"verschoven_geometrisch_gemiddelde_index_plus_1","1958-1983",5,0,25.5897640943623,"Vogels van open heide","pre",4.53311622655934,4.03483308988098,0.111082828871238,56.5334834403465,45.4726363113665,70.2847912317114
400,1962,4.45902170505837,85.4029401770838,"verschoven_geometrisch_gemiddelde_index_plus_1","1958-1983",5,0,24.1903238704518,"Vogels van open heide","pre",4.44738052850497,4.07028619543641,0.10403398947743,58.5737237257217,47.7691281413859,71.8221421362879
400,1963,4.17580071501558,64.0919388927794,"verschoven_geometrisch_gemiddelde_index_plus_1","1958-1983",5,0,16.5802713828327,"Vogels van open heide","pre",4.16031859771541,4.10573959580397,0.097341605752466,60.6876122569543,50.1465665537162,73.4444356724856
400,1964,3.93129848582342,49.973122592847,"verschoven_geometrisch_gemiddelde_index_plus_1","1958-1983",6,0,16.3312809731191,"Vogels van open heide","pre",3.91148531275429,4.14119337102144,0.0910840387240355,62.8778132540076,52.5975034201681,75.1674346218087
400,1965,3.67432337708469,38.4219740201201,"verschoven_geometrisch_gemiddelde_index_plus_1","1958-1983",6,0,13.7347130761994,"Vogels van open heide","pre",3.64862953603404,4.17664758356491,0.085356671515288,65.1470865567581,55.1109544858999,77.0108760848915
400,1966,3.71293372815445,39.973836470939,"verschoven_geometrisch_gemiddelde_index_plus_1","1958-1983",6,0,14.2724745134384,"Vogels van open heide","pre",3.68822515187838,4.21210227171516,0.0802727530575204,67.4982905056233,57.6717628889884,78.9991322087958
400,1967,3.87597415084196,47.2296583765966,"verschoven_geometrisch_gemiddelde_index_plus_1","1958-1983",6,0,14.2981691368788,"Vogels van open heide","pre",3.85502205069526,4.24755744546944,0.0759612930450226,69.9343850109707,60.2602878867539,81.1615473204163
400,1968,4.18867558329809,64.9354071524157,"verschoven_geometrisch_gemiddelde_index_plus_1","1958-1983",6,0,19.4642857142857,"Vogels van open heide","pre",4.17339303969587,4.28301308506019,0.0725598858211028,72.4584348514315,62.8528140972443,83.5320559075705
400,1969,4.28406610826922,71.5347754521777,"verschoven_geometrisch_gemiddelde_index_plus_1","1958-1983",5,0,15,"Vogels van open heide","pre",4.27018370142096,4.31846914199276,0.0702007866379739,75.0736132366701,65.4231126315225,86.1476499314944
400,1970,4.18102108021403,64.432631080377,"verschoven_geometrisch_gemiddelde_index_plus_1","1958-1983",6,0,15.6444444444444,"Vogels van open heide","pre",4.16562019857903,4.35392554236333,0.068990930434691,77.783205662645,67.945323713776,89.0455259091016
400,1971,4.36480276744151,77.63388924906,"verschoven_geometrisch_gemiddelde_index_plus_1","1958-1983",6,0,17.8094390026714,"Vogels van open heide","pre",4.35200404898306,4.38938219207967,0.0689908009114711,80.5906140774481,70.3976739611223,92.2593988114863
400,1972,4.55900221480048,94.4881556130287,"verschoven_geometrisch_gemiddelde_index_plus_1","1958-1983",6,0,18.9548272807794,"Vogels van open heide","pre",4.54847448921604,4.42483898349441,0.0702004477647987,83.4993613641816,72.765803003324,95.8162084448884
400,1973,4.68358945800104,107.157603818146,"verschoven_geometrisch_gemiddelde_index_plus_1","1958-1983",6,0,20.4724409448819,"Vogels van open heide","pre",4.67430068364015,4.46029580288161,0.0725594641716998,86.5130961349169,75.044348574465,99.7345695581946
400,1974,4.66003713045408,104.640004545176,"verschoven_geometrisch_gemiddelde_index_plus_1","1958-1983",6,0,19.4705380017079,"Vogels van open heide","pre",4.65052593114521,4.49575253815098,0.0759609368850369,89.6355978176226,77.2362650957254,104.025490955119
400,1975,4.95511048978987,140.898283818406,"verschoven_geometrisch_gemiddelde_index_plus_1","1958-1983",6,0,24.3415077202543,"Vogels van open heide","pre",4.94803823869139,4.5312090862013,0.0802725723391592,92.8707820070831,79.3505076388154,108.694731858125
400,1976,4.85651074322852,127.574788052971,"verschoven_geometrisch_gemiddelde_index_plus_1","1958-1983",6,0,21.5716486902928,"Vogels van open heide","pre",4.84870276559629,4.56666535936659,0.0853566985205558,96.2227060422793,81.3992639241137,113.745612819431
400,1977,4.8075539666763,121.431778748253,"verschoven_geometrisch_gemiddelde_index_plus_1","1958-1983",6,0,20.8906882591093,"Vogels van open heide","pre",4.79935261330114,4.60212129049916,0.0910842215894798,99.6955747672884,83.3956555418706,119.181359791456
400,1978,4.8867601366507,131.523519674442,"verschoven_geometrisch_gemiddelde_index_plus_1","1958-1983",6,0,22.4137931034483,"Vogels van open heide","pre",4.8791856924647,4.63757683635645,0.0973418337592122,103.293746431144,85.352252667834,125.006636828959
400,1979,4.73983002803454,113.414752726919,"verschoven_geometrisch_gemiddelde_index_plus_1","1958-1983",6,0,19.309262166405,"Vogels van open heide","pre",4.73105147742572,4.67303197910301,0.104034140537753,107.021738684572,87.280324867605,131.228344629135
400,1980,4.61809557767296,100.300928562432,"verschoven_geometrisch_gemiddelde_index_plus_1","1958-1983",6,0,17.2413793103448,"Vogels van open heide","pre",4.6081749527758,4.70848672589312,0.111082825977427,110.884234638126,89.1895951941981,137.855917660704
400,1981,4.6910679119599,107.969487512146,"verschoven_geometrisch_gemiddelde_index_plus_1","1958-1983",6,0,18.6520376175549,"Vogels van open heide","pre",4.68184866417139,4.74394110665092,0.118424488140692,114.886088956564,91.0882766972027,144.901340922403
400,1982,4.66343923465425,105.000014897473,"verschoven_geometrisch_gemiddelde_index_plus_1","1958-1983",6,0,19.3869096934548,"Vogels van open heide","pre",4.6539604920382,4.77939517030262,0.126008128645397,119.032333977743,92.9832377961891,152.379040222772
400,1983,4.49099494808948,88.2101612172268,"verschoven_geometrisch_gemiddelde_index_plus_1","1958-1983",6,0,15.5172413793103,"Vogels van open heide","pre",4.4797221629215,4.81484897982651,0.133792785791065,123.328185859705,94.880207258623,160.305735694559
400,1984,5.01004172083274,148.910990429936,"verschoven_geometrisch_gemiddelde_index_plus_1","1984-2025",6,0,21.1709795833424,"Vogels van open heide","post",5.00334874777828,4.35118007814411,0.19309805924138,77.5699475348757,53.1282011319696,113.256173413758
400,1985,3.90228391198719,48.5154088972479,"verschoven_geometrisch_gemiddelde_index_plus_1","1984-2025",6,1,15.0093939703389,"Vogels van open heide","post",3.88188145670616,4.1866558452487,0.161752277722789,65.802369297822,47.9242376142211,90.3499360816557
400,1986,4.06942939468948,57.5235592090499,"verschoven_geometrisch_gemiddelde_index_plus_1","1984-2025",6,0,9.43850314136863,"Vogels van open heide","post",4.05219458926356,4.02736802404132,0.138187398075169,56.113028578495,42.7992561949461,73.5683807659912
400,1987,3.35263226429463,27.577859203624,"verschoven_geometrisch_gemiddelde_index_plus_1","1984-2025",6,1,9.55704463956576,"Vogels van open heide","post",3.31701324801904,3.87359365084901,0.121976780830737,48.1149842202381,37.8836325670217,61.1095491547199
400,1988,4.20743196402235,66.1837877043045,"verschoven_geometrisch_gemiddelde_index_plus_1","1984-2025",6,0,9.35811315188967,"Vogels van open heide","post",4.19243553422386,3.7253586574206,0.111927113235623,41.486109377844,33.3141261411633,51.6626869940264
400,1989,3.2030516700154,23.6075097321247,"verschoven_geometrisch_gemiddelde_index_plus_1","1984-2025",6,1,8.50737559262697,"Vogels van open heide","post",3.16156487040216,3.58244779297324,0.106349174692743,35.9614594075923,29.1951736768993,44.2959023650946
400,1990,3.793733641471,43.4219466605235,"verschoven_geometrisch_gemiddelde_index_plus_1","1984-2025",6,0,7.00288512276107,"Vogels van open heide","post",3.77096499671379,3.44443513413174,0.103597549713912,31.3255836951144,25.56908326518,38.3780749455316
400,1991,3.08975533267601,20.9717015606493,"verschoven_geometrisch_gemiddelde_index_plus_1","1984-2025",6,1,7.37823169314997,"Vogels van open heide","post",3.04317398423755,3.31073281388789,0.102460809956933,27.4052010270952,22.4190182211851,33.5003538480463
400,1992,3.0822302785196,20.8069838486295,"verschoven_geometrisch_gemiddelde_index_plus_1","1984-2025",6,1,7.01372617202749,"Vogels van open heide","post",3.03528869230518,3.18065405106187,0.102205697224794,24.062486501275,19.6943321160289,29.3994867768479
400,1993,2.93773744909403,17.8730966269505,"verschoven_geometrisch_gemiddelde_index_plus_1","1984-2025",6,1,6.03506670616319,"Vogels van open heide","post",2.88329660050206,3.05348533625796,0.102408368791058,21.1890668972338,17.3356475487201,25.8990357708672
400,1994,3.0273560503192,19.6425824258683,"verschoven_geometrisch_gemiddelde_index_plus_1","1984-2025",6,1,5.8719567951858,"Vogels van open heide","post",2.97769978236136,2.92856183357427,0.102769539989836,18.7007164053692,15.2889987710047,22.8737538220801
400,1995,2.7276381516592,14.2967157984239,"verschoven_geometrisch_gemiddelde_index_plus_1","1984-2025",6,1,5.41725507632751,"Vogels van open heide","post",2.66002984644306,2.80533975727682,0.1030191532667,16.5326920543759,13.5098927972511,20.2318338618082
400,1996,2.88578454144805,16.9176191976781,"verschoven_geometrisch_gemiddelde_index_plus_1","1984-2025",6,1,6.82196888127576,"Vogels van open heide","post",2.8283556349205,2.68345970472394,0.102922052490128,14.6356408013581,11.9619703728053,17.9069145793364
400,1997,2.89357040440346,17.0576678174445,"verschoven_geometrisch_gemiddelde_index_plus_1","1984-2025",6,1,6.7305290342251,"Vogels van open heide","post",2.8365998279967,2.5627956518525,0.102342218165644,12.9720319553606,10.6143292497111,15.8534382241324
400,1998,2.34812435270022,9.46592092705434,"verschoven_geometrisch_gemiddelde_index_plus_1","1984-2025",6,2,5.6858940956169,"Vogels van open heide","post",2.24769807808495,2.44348548346055,0.1013088770885,11.5130996082477,9.43966114982109,14.0419725332985
400,1999,2.61076487370037,12.6094563871303,"verschoven_geometrisch_gemiddelde_index_plus_1","1984-2025",6,2,5.08893658685312,"Vogels van open heide","post",2.53444703938305,2.32594043785082,0.100038175587559,10.2363021666072,8.41373604459913,12.4536687971509
400,2000,3.02510781423543,19.5962251577642,"verschoven_geometrisch_gemiddelde_index_plus_1","1984-2025",6,1,7.19080195267946,"Vogels van open heide","post",2.97533695369625,2.21083256588251,0.0988834555358079,9.12330898773283,7.51590162733576,11.0744885993341
400,2001,2.44588485919602,10.5407570270889,"verschoven_geometrisch_gemiddelde_index_plus_1","1984-2025",6,2,5.58161090286198,"Vogels van open heide","post",2.35524936473597,2.09906109222928,0.0982131850360774,8.158506230488,6.72991995319601,9.89034407181944
400,2002,1.90787335113102,5.73874260993554,"verschoven_geometrisch_gemiddelde_index_plus_1","1984-2025",6,3,6.2380513000135,"Vogels van open heide","post",1.74724012883236,1.99170027077929,0.0982538949015256,7.32798273091023,6.0443420539135,8.88423097593397
400,2003,2.35458362618676,9.53374197415283,"verschoven_geometrisch_gemiddelde_index_plus_1","1984-2025",6,3,8.36800099592086,"Vogels van open heide","post",2.25483729266067,1.88993280377916,0.0989731174114418,6.61892389942737,5.45179816970611,8.03590892814957
400,2004,1.50639665194435,3.51044876024333,"verschoven_geometrisch_gemiddelde_index_plus_1","1984-2025",6,4,6.11507765086524,"Vogels van open heide","post",1.25574388122659,1.79497402295835,0.100073594091351,6.01931835569267,4.9472396696206,7.32371906088741
400,2005,1.53498733088065,3.64126672881938,"verschoven_geometrisch_gemiddelde_index_plus_1","1984-2025",6,4,7.08061622731765,"Vogels van open heide","post",1.29233162353276,1.70799271867863,0.101108103677493,5.51787442766021,4.52591983737197,6.72723762096192
400,2006,1.35847862232162,2.89027022703453,"verschoven_geometrisch_gemiddelde_index_plus_1","1984-2025",6,4,3.18137489096898,"Vogels van open heide","post",1.0613500019173,1.63003469684857,0.10165617802616,5.10405180997718,4.18199576326333,6.22940489509313
400,2007,1.51279039349314,3.53937979410383,"verschoven_geometrisch_gemiddelde_index_plus_1","1984-2025",6,4,5.8719567951858,"Vogels van open heide","post",1.26395151239078,1.56195483251077,0.101487306760184,4.76813304215726,3.90805462281145,5.81749614629395
400,2008,1.52584986207201,3.59905046746882,"verschoven_geometrisch_gemiddelde_index_plus_1","1984-2025",6,4,5.93849788190246,"Vogels van open heide","post",1.28067005163509,1.50436260671024,0.100659798234945,4.50128362774582,3.69532830709305,5.48301872353837
400,2009,2.40362353702098,10.0631917230995,"verschoven_geometrisch_gemiddelde_index_plus_1","1984-2025",6,2,4.34341899111876,"Vogels van open heide","post",2.30888438305029,1.45758493282924,0.0995278122384862,4.29557289410772,3.53428289722353,5.22084593259032
400,2010,1.73521736205594,4.67016014753491,"verschoven_geometrisch_gemiddelde_index_plus_1","1984-2025",6,3,3.5660291879396,"Vogels van open heide","post",1.54119336392685,1.42164860696069,0.0986385075297769,4.14394655104724,3.41547690109452,5.02778777758191
400,2011,1.96709149297861,6.14985082590593,"verschoven_geometrisch_gemiddelde_index_plus_1","1984-2025",6,2,3.41098444063788,"Vogels van open heide","post",1.81642782557399,1.39628308500166,0.0985217386776143,4.0401551108131,3.33069328891951,4.90073744518349
400,2012,1.61351945465311,4.02044941528209,"verschoven_geometrisch_gemiddelde_index_plus_1","1984-2025",6,3,2.94585019873271,"Vogels van open heide","post",1.39139369122864,1.38094264021455,0.0994352660108667,3.97865029616305,3.27412127082714,4.83478065403462
400,2013,1.26434527208014,2.54077373361269,"verschoven_geometrisch_gemiddelde_index_plus_1","1984-2025",6,4,2.63576070412927,"Vogels van open heide","post",0.93246865417589,1.37484543187923,0.101198647665204,3.95446544138755,3.24299109839961,4.82202893953225
400,2014,1.42762449172265,3.16878443835631,"verschoven_geometrisch_gemiddelde_index_plus_1","1984-2025",6,4,3.5660291879396,"Vogels van open heide","post",1.15334805641863,1.37702574819672,0.103229630059485,3.96309683307912,3.23715764035208,4.85182936801728
400,2015,1.45849126721341,3.29946788433652,"verschoven_geometrisch_gemiddelde_index_plus_1","1984-2025",6,4,3.95602521926517,"Vogels van open heide","post",1.19376120829996,1.38639478021752,0.104769722988318,4.00040169655917,3.25778046048781,4.91230576397933
400,2016,1.4256040256873,3.16037005434096,"verschoven_geometrisch_gemiddelde_index_plus_1","1984-2025",6,4,3.5660291879396,"Vogels van open heide","post",1.15068912654657,1.40180480994777,0.105188935998131,4.06252544064058,3.30565452780348,4.992691407114
400,2017,1.82199965460462,5.18421238273473,"verschoven_geometrisch_gemiddelde_index_plus_1","1984-2025",6,3,4.26033485151634,"Vogels van open heide","post",1.6456179271025,1.42211168659756,0.104280088837019,4.14586597269955,3.37948290963708,5.08604574225642
400,2018,1.76291614328072,4.8294120328646,"verschoven_geometrisch_gemiddelde_index_plus_1","1984-2025",6,3,5.07483739103716,"Vogels van open heide","post",1.57472472792833,1.44623090896783,0.102513375605538,4.24707669147549,3.47399313872499,5.19219805652653
400,2019,1.95933138778719,6.09458195487424,"verschoven_geometrisch_gemiddelde_index_plus_1","1984-2025",6,3,5.32541856439542,"Vogels van open heide","post",1.80740017237328,1.47318347600161,0.101212525283576,4.36310288886893,3.57801052419896,5.32046138213032
400,2020,1.73796728349089,4.68577410119766,"verschoven_geometrisch_gemiddelde_index_plus_1","1984-2025",6,3,4.80638716635337,"Vogels van open heide","post",1.54453113175281,1.5021288207123,0.102478913199644,4.49123994530036,3.67396018892829,5.49032521012311
400,2021,1.64161751636936,4.16351483083275,"verschoven_geometrisch_gemiddelde_index_plus_1","1984-2025",6,3,3.34740595476284,"Vogels van open heide","post",1.42635962879445,1.53238348409968,0.108558279202548,4.62919730167666,3.74195894678357,5.72680458621021
400,2022,2.19141312736355,7.94784863454706,"verschoven_geometrisch_gemiddelde_index_plus_1","1984-2025",6,3,5.04627393314855,"Vogels van open heide","post",2.07290128003755,1.56342557405507,0.120753044143727,4.77515089296845,3.76877346446132,6.05026178029423
400,2023,1.42076325713505,3.14027933231609,"verschoven_geometrisch_gemiddelde_index_plus_1","1984-2025",6,4,5.32541856439542,"Vogels van open heide","post",1.14431175529985,1.59488633935006,0.138838168200161,4.92776894686638,3.75378074094477,6.46891986226904
400,2024,1.48832653511179,3.42967640499182,"verschoven_geometrisch_gemiddelde_index_plus_1","1984-2025",6,4,5.93403782889775,"Vogels van open heide","post",1.23246591415933,1.62653122263369,0.161536963090435,5.08620118393228,3.70587269038852,6.98066141088133
400,2025,2.1647232244165,7.71219026157981,"verschoven_geometrisch_gemiddelde_index_plus_1","1984-2025",6,3,5.78188301277217,"Vogels van open heide","post",2.04280222785193,1.65823340369248,0.187354533890246,5.25002796729148,3.63648849651462,7.57950800167805
500,1958,4.12480324959325,60.8556379311286,"verschoven_geometrisch_gemiddelde_index_plus_1","1958-1983",8,0,62.4535661218425,"Weidevogels","pre",4.10850446807707,4.3466185881192,0.0968893009922545,77.2169187736772,63.8614286208715,93.3654738652681
500,1959,4.32643771283013,74.6742325021654,"verschoven_geometrisch_gemiddelde_index_plus_1","1958-1983",8,0,76.629873739379,"Weidevogels","pre",4.31313508620758,4.34900236349214,0.0912535876007671,77.4012061255832,64.7248580036698,92.5602140271261
500,1960,4.23555118112182,68.0997547194956,"verschoven_geometrisch_gemiddelde_index_plus_1","1958-1983",8,0,75.4679410593389,"Weidevogels","pre",4.22097361137946,4.35138613889768,0.0857629100812675,77.5859333036821,65.5813157920814,91.7879882997139
500,1961,4.66869838032054,105.558952896337,"verschoven_geometrisch_gemiddelde_index_plus_1","1958-1983",7,0,66.5733706517393,"Weidevogels","pre",4.65926959207415,4.3537699141028,0.0804469686153843,77.7711013395607,66.4263526905311,91.0533840650023
500,1962,4.71319351700856,110.407373756043,"verschoven_geometrisch_gemiddelde_index_plus_1","1958-1983",7,0,69.5721711315474,"Weidevogels","pre",4.70417692288106,4.35615368831592,0.0753427457339204,77.9567112235958,67.2543638727269,90.3621486376672
500,1963,4.39339946148587,79.9150194614373,"verschoven_geometrisch_gemiddelde_index_plus_1","1958-1983",7,0,52.4089037963104,"Weidevogels","pre",4.3809638133473,4.35853745992322,0.0704962177896767,78.1427638838318,68.058312403985,89.7214657800822
500,1964,4.38235001030324,79.0258742336716,"verschoven_geometrisch_gemiddelde_index_plus_1","1958-1983",8,0,71.1443159633579,"Weidevogels","pre",4.36977532078863,4.36092122628584,0.0659641698014277,78.329260169335,68.8294326411062,89.1402524072404
500,1965,4.18619868319862,64.7722938269794,"verschoven_geometrisch_gemiddelde_index_plus_1","1958-1983",8,0,69.4261523988711,"Weidevogels","pre",4.17087794752804,4.36330498361675,0.0618157604090959,78.5162008395639,69.5569675094811,88.6294215376545
500,1966,4.23032140727873,67.7393219421571,"verschoven_geometrisch_gemiddelde_index_plus_1","1958-1983",8,0,66.3577386468953,"Weidevogels","pre",4.21566683762824,4.36568872695187,0.0581331259382454,78.7035865610156,70.2280497359047,88.2020013493328
500,1967,4.22223241776222,67.1855331032623,"verschoven_geometrisch_gemiddelde_index_plus_1","1958-1983",8,0,54.7515257192677,"Weidevogels","pre",4.20745794315133,4.36807245022415,0.0550098422821244,78.8914179119539,70.8279119330304,87.872925380652
500,1968,4.36866393006937,77.9380943983494,"verschoven_geometrisch_gemiddelde_index_plus_1","1958-1983",8,0,51.4285714285714,"Weidevogels","pre",4.35591485001389,4.37045614644157,0.0525457087952104,79.0796953954311,71.3406689777363,87.658250384304
500,1969,4.39944257628332,80.4054786709349,"verschoven_geometrisch_gemiddelde_index_plus_1","1958-1983",7,0,40,"Weidevogels","pre",4.38708231653663,4.3728398079615,0.0508366414264469,79.2684194601395,71.7508707723192,87.5736037217924
500,1970,4.26352920545836,70.0603279330974,"verschoven_geometrisch_gemiddelde_index_plus_1","1958-1983",9,0,50.4888888888889,"Weidevogels","pre",4.24935669850485,4.37522342684554,0.0499601780691165,79.4575905279713,72.0457603701972,87.631925321763
500,1971,4.24832635692511,68.9881790395228,"verschoven_geometrisch_gemiddelde_index_plus_1","1958-1983",9,0,45.5921638468388,"Weidevogels","pre",4.23393517165282,4.37760699527193,0.0499601570615149,79.6472090265492,72.2176941664668,87.8410475291027
500,1972,4.32878433678668,74.8520199876508,"verschoven_geometrisch_gemiddelde_index_plus_1","1958-1983",9,0,41.806908768822,"Weidevogels","pre",4.31551309764445,4.37999050597642,0.0508365864643009,79.8372754245109,72.2657861467086,88.2020508884967
500,1973,4.5937558091659,97.8650520023222,"verschoven_geometrisch_gemiddelde_index_plus_1","1958-1983",9,0,51.2685914260717,"Weidevogels","pre",4.58358950932227,4.38237395268969,0.0525456404080367,80.0277902670154,72.1959895162706,88.7091825727808
500,1974,4.5468875989697,93.3383321885985,"verschoven_geometrisch_gemiddelde_index_plus_1","1958-1983",9,0,44.7480785653288,"Weidevogels","pre",4.53623087223045,4.38475733053822,0.0550097845167744,80.2187542088215,72.0195891029174,89.351364079841
500,1975,4.71546223515668,110.66041261511,"verschoven_geometrisch_gemiddelde_index_plus_1","1958-1983",9,0,49.4096276112625,"Weidevogels","pre",4.70646616613742,4.38714063637744,0.0581330966266363,80.4101680423914,71.7508547161678,90.1145380104954
500,1976,4.60630695995724,99.1137420341579,"verschoven_geometrisch_gemiddelde_index_plus_1","1958-1983",9,0,46.0708782742681,"Weidevogels","pre",4.59626810007916,4.38952386903062,0.061815764786051,80.602032718786,71.4047911510389,90.9839182171703
500,1977,4.46937673326868,86.3022934380631,"verschoven_geometrisch_gemiddelde_index_plus_1","1958-1983",9,0,46.1538461538462,"Weidevogels","pre",4.45785617291661,4.39190702941346,0.065964199455552,80.7943493596164,70.9955499616504,91.945578166094
500,1978,4.57616072203102,96.1407271066391,"verschoven_geometrisch_gemiddelde_index_plus_1","1958-1983",9,0,46.2382445141066,"Weidevogels","pre",4.56581302543533,4.39429012053293,0.0704962547651809,80.9871192589654,70.5355939542268,92.9872865339761
500,1979,4.39285692025517,79.8711316337512,"verschoven_geometrisch_gemiddelde_index_plus_1","1958-1983",9,0,42.8571428571429,"Weidevogels","pre",4.38041448127454,4.39667314735819,0.0753427702313416,81.1803438749415,70.0354342613305,94.0987701605857
500,1980,4.25248499710645,69.2798407307695,"verschoven_geometrisch_gemiddelde_index_plus_1","1958-1983",9,0,37.9310344827586,"Weidevogels","pre",4.23815396533077,4.39905611657128,0.0804469681455057,81.3740248113052,69.5037048960025,95.271639460068
500,1981,4.34906205235432,76.4058262533922,"verschoven_geometrisch_gemiddelde_index_plus_1","1958-1983",9,0,41.3793103448276,"Weidevogels","pre",4.33605895312599,4.40143903621405,0.0857628878615211,81.5681637903681,68.947391792609,96.4991593031594
500,1982,4.30449836971161,73.0320694085095,"verschoven_geometrisch_gemiddelde_index_plus_1","1958-1983",9,0,42.4192212096106,"Weidevogels","pre",4.29089865164722,4.40382191525616,0.0912535682585995,81.7627626190235,68.3721051135039,97.7759766208284
500,1983,4.21725550378719,66.8470226381305,"verschoven_geometrisch_gemiddelde_index_plus_1","1958-1983",9,0,35.2664576802508,"Weidevogels","pre",4.20240676460742,4.40620476311421,0.0968893321298292,81.957823150287,67.7823388543775,99.0978607268863
500,1984,4.71377419678937,110.472084551723,"verschoven_geometrisch_gemiddelde_index_plus_1","1984-2025",9,0,44.6575350586129,"Weidevogels","post",4.70476286055066,3.88282223358163,0.142589415419181,48.561072548328,36.7209331995343,64.2188953703902
500,1985,3.46011543634214,30.8206495620518,"verschoven_geometrisch_gemiddelde_index_plus_1","1984-2025",9,2,33.7224046346576,"Weidevogels","post",3.42818490566117,3.76996880116786,0.118441336786914,43.3787114496029,34.3919931859664,54.7136828288201
500,1986,3.52335477400278,32.8979579125039,"verschoven_geometrisch_gemiddelde_index_plus_1","1984-2025",9,1,26.8997339529006,"Weidevogels","post",3.49341058631618,3.66243325219996,0.100624394426047,38.9560174562268,31.9831575962518,47.4490766423794
500,1987,3.10866741127079,21.3911862684046,"verschoven_geometrisch_gemiddelde_index_plus_1","1984-2025",9,2,30.0648695953006,"Weidevogels","post",3.06297898057497,3.56054321810082,0.0887478371442201,35.1823036193002,29.5651841321431,41.8666253667907
500,1988,3.70661795407602,39.7158704616791,"verschoven_geometrisch_gemiddelde_index_plus_1","1984-2025",9,1,27.8616550658533,"Weidevogels","post",3.68175086755054,3.46439605755822,0.081720893936838,31.9571536624124,27.2273805661339,37.5085538516073
500,1989,2.98351292782409,18.7571001463692,"verschoven_geometrisch_gemiddelde_index_plus_1","1984-2025",9,2,24.2460204389869,"Weidevogels","post",2.93157235521036,3.37385342784354,0.0780376268637611,29.1907952333459,25.050647592446,34.0151895559012
500,1990,3.64838388113232,37.412536633086,"verschoven_geometrisch_gemiddelde_index_plus_1","1984-2025",9,0,25.3339667676356,"Weidevogels","post",3.62200585234535,3.28855237296271,0.0763057999627019,26.8040333134199,23.0806130913205,31.128124674344
500,1991,3.02240974428247,19.5407300000954,"verschoven_geometrisch_gemiddelde_index_plus_1","1984-2025",9,1,18.5355576681572,"Weidevogels","post",2.97250100518473,3.20793223193024,0.0755827086755564,24.7279017583344,21.3230814664266,28.6763958732981
500,1992,3.17936815132585,23.03156444183,"verschoven_geometrisch_gemiddelde_index_plus_1","1984-2025",9,1,23.9771569136754,"Weidevogels","post",3.13686564213028,3.13127550445774,0.0753702699465595,22.9031740201987,19.7578281602883,26.5492429605104
500,1993,3.17441382101687,22.9127985793292,"verschoven_geometrisch_gemiddelde_index_plus_1","1984-2025",9,1,22.6722776258563,"Weidevogels","post",3.13169564436642,3.0577597949587,0.0754320801900466,21.2798325373852,18.3552000859612,24.6704623593561
500,1994,2.97250527915098,18.5408135166945,"verschoven_geometrisch_gemiddelde_index_plus_1","1984-2025",9,2,25.6082560234492,"Weidevogels","post",2.91997443817691,2.98651716567332,0.0756130006163893,19.8165444220823,17.0869614517554,22.9821688274493
500,1995,3.06943879691545,20.5298166844389,"verschoven_geometrisch_gemiddelde_index_plus_1","1984-2025",9,1,25.9371606684772,"Weidevogels","post",3.02187830183554,2.9166967234819,0.0757471620445453,18.4801415068611,15.9304486262226,21.4379166667946
500,1996,3.03601039792523,19.8220057858655,"verschoven_geometrisch_gemiddelde_index_plus_1","1984-2025",9,1,25.1172490628789,"Weidevogels","post",2.98679272387558,2.8475260767105,0.07566137150336,17.2450660540242,14.8682755977189,20.0018019072289
500,1997,2.904776245315,17.2611571755705,"verschoven_geometrisch_gemiddelde_index_plus_1","1984-2025",9,1,21.6690203053101,"Weidevogels","post",2.84845872718376,2.77836743624832,0.0752355179759736,16.0927270877569,13.8863427479846,18.6496811882748
500,1998,2.5205410328506,11.4353227620154,"verschoven_geometrisch_gemiddelde_index_plus_1","1984-2025",9,2,17.0576822868507,"Weidevogels","post",2.43670705287574,2.70876458193643,0.0744685694618038,15.0107195409747,12.9721686026709,17.3696247743348
500,1999,2.96460315791445,18.3870081339606,"verschoven_geometrisch_gemiddelde_index_plus_1","1984-2025",9,2,22.9822942632076,"Weidevogels","post",2.91164433554723,2.63847762882938,0.0735084644050262,13.9918865409142,12.1144752419873,16.1602450839382
500,2000,2.96445119372809,18.3840622268854,"verschoven_geometrisch_gemiddelde_index_plus_1","1984-2025",9,2,22.8001037523983,"Weidevogels","post",2.91148410593996,2.56750344693052,0.0726218272486919,13.0332456011439,11.3040906600358,15.0269045081418
500,2001,2.61727808509108,12.6983869508892,"verschoven_geometrisch_gemiddelde_index_plus_1","1984-2025",9,3,21.5512198749393,"Weidevogels","post",2.54147497365686,2.49608063622498,0.0721007640847888,12.1348397832159,10.5356330815266,13.9767905188838
500,2002,2.51221749556161,11.3322464641139,"verschoven_geometrisch_gemiddelde_index_plus_1","1984-2025",9,3,23.1464535079448,"Weidevogels","post",2.42765233112408,2.42467905227945,0.072134935894734,11.2986025765549,9.80894356254662,13.0144922711523
500,2003,2.81343841962243,15.6671283874354,"verschoven_geometrisch_gemiddelde_index_plus_1","1984-2025",9,2,22.851079642707,"Weidevogels","post",2.7515647841461,2.35397493159649,0.0727102133089277,10.5273320934256,9.12906165681736,12.1397713337283
500,2004,2.01080872355943,6.46935554917839,"verschoven_geometrisch_gemiddelde_index_plus_1","1984-2025",9,4,19.1498484329727,"Weidevogels","post",1.86707649755155,2.28481360181693,0.0735961882186555,9.82385490464039,8.5042417880488,11.3482339275739
500,2005,2.09409666665984,7.11810430270783,"verschoven_geometrisch_gemiddelde_index_plus_1","1984-2025",9,4,17.7015405682941,"Weidevogels","post",1.96264144035348,2.21816251383075,0.0744345858604491,9.1904280568552,7.94283866257483,10.6339775307548
500,2006,1.74765592935738,4.74112927828033,"verschoven_geometrisch_gemiddelde_index_plus_1","1984-2025",9,5,13.432471761869,"Weidevogels","post",1.55627535169424,2.15505785257961,0.074881500792872,8.62838933911088,7.4505668073848,9.99240789485846
500,2007,2.25683188322239,8.55277686300647,"verschoven_geometrisch_gemiddelde_index_plus_1","1984-2025",9,4,18.7576397623991,"Weidevogels","post",2.14625600951829,2.09654824354136,0.0747409455374207,8.13803087532018,7.02908112984865,9.42193514404501
500,2008,2.2412523153519,8.40510206924655,"verschoven_geometrisch_gemiddelde_index_plus_1","1984-2025",9,3,17.8154936457074,"Weidevogels","post",2.12883891065913,2.04363906785538,0.0740483816613026,7.71864683208636,6.67590142290937,8.92426432691585
500,2009,2.52545878553446,11.496627220435,"verschoven_geometrisch_gemiddelde_index_plus_1","1984-2025",9,3,20.3806583429419,"Weidevogels","post",2.44205370717313,1.99724064812019,0.0730826072670256,7.36869519745893,6.38530168811201,8.50354009335914
500,2010,2.10718644250977,7.2250669999577,"verschoven_geometrisch_gemiddelde_index_plus_1","1984-2025",9,3,15.5044747301722,"Weidevogels","post",1.97755650730604,1.95812310610219,0.072289891190945,7.08601487819868,6.14989445183525,8.16462904319747
500,2011,1.98039743958059,6.24562210999658,"verschoven_geometrisch_gemiddelde_index_plus_1","1984-2025",9,4,14.1090720044567,"Weidevogels","post",1.83188075590935,1.92688007563033,0.0721168557287523,6.86804898683785,5.96274555384925,7.91080156944712
500,2012,1.87124414586773,5.49637381013722,"verschoven_geometrisch_gemiddelde_index_plus_1","1984-2025",9,4,15.5044747301722,"Weidevogels","post",1.70408856755205,1.90390274189844,0.0727976110898741,6.71203874669935,5.81952954429376,7.7414271710963
500,2013,2.17125454161181,7.76927856762173,"verschoven_geometrisch_gemiddelde_index_plus_1","1984-2025",9,3,15.3494299828705,"Weidevogels","post",2.05017731162894,1.88936493970728,0.0742064015621765,6.61516631734928,5.71972308579436,7.65079440906446
500,2014,2.18874213348644,7.92398087514023,"verschoven_geometrisch_gemiddelde_index_plus_1","1984-2025",9,3,14.5742062463618,"Weidevogels","post",2.06989371529733,1.88321934345847,0.0758786218716209,6.57463684249929,5.6660784360108,7.62888302710864
500,2015,2.07435600330302,6.95941896864283,"verschoven_geometrisch_gemiddelde_index_plus_1","1984-2025",9,4,16.8891845899398,"Weidevogels","post",1.94009598934472,1.88520417888908,0.0771923115440031,6.58769937384678,5.66273645651833,7.6637476197972
500,2016,2.07781055781448,6.98696276372819,"verschoven_geometrisch_gemiddelde_index_plus_1","1984-2025",9,4,15.5044747301722,"Weidevogels","post",1.94404595019132,1.8948594259028,0.0776137577690822,6.65161329437452,5.71295532984532,7.74449595059198
500,2017,1.89303943144568,5.6395184047025,"verschoven_geometrisch_gemiddelde_index_plus_1","1984-2025",9,4,13.9982430835537,"Weidevogels","post",1.72979867262695,1.91155119245361,0.076930199415514,6.76357226775121,5.81690307022036,7.86430670562304
500,2018,1.89187982020689,5.63182360688954,"verschoven_geometrisch_gemiddelde_index_plus_1","1984-2025",9,4,13.5874678534221,"Weidevogels","post",1.72843329856582,1.9345028320459,0.0754505902504267,6.92060249814806,5.96924035240527,8.02359029119579
500,2019,2.02269098246591,6.55863775234241,"verschoven_geometrisch_gemiddelde_index_plus_1","1984-2025",9,4,13.9982430835537,"Weidevogels","post",1.88078292168783,1.96283144430099,0.0741561932833044,7.1194568991194,6.15635760928133,8.23322323933938
500,2020,1.86766515191617,5.47316488463967,"verschoven_geometrisch_gemiddelde_index_plus_1","1984-2025",9,5,17.9851906869997,"Weidevogels","post",1.69985703862916,1.99558861444849,0.0746752917969268,7.35653191471894,6.35489284216325,8.51604632153891
500,2021,2.21071148180324,8.12220436714155,"verschoven_geometrisch_gemiddelde_index_plus_1","1984-2025",9,3,16.1284105093118,"Weidevogels","post",2.09460159111715,2.03180457479141,0.0788172960364347,7.62783895214219,6.53598246395052,8.9020935109195
500,2022,2.42737633347918,10.3291192223539,"verschoven_geometrisch_gemiddelde_index_plus_1","1984-2025",9,3,16.2783030101566,"Weidevogels","post",2.33496701544543,2.07053536066535,0.0876832497838968,7.92906689230024,6.67704945146854,9.4158508544136
500,2023,2.34733916102067,9.45770639843541,"verschoven_geometrisch_gemiddelde_index_plus_1","1984-2025",9,3,18.5628875673212,"Weidevogels","post",2.24682990107073,2.11091293188469,0.101135439621225,8.25577480536041,6.77126193255858,10.065748204053
500,2024,2.07751528119764,6.98460474853497,"verschoven_geometrisch_gemiddelde_index_plus_1","1984-2025",9,4,17.6499586705677,"Weidevogels","post",1.94370840535771,2.15219858524711,0.11816785000997,8.60375370405859,6.82498128694406,10.84612172369
500,2025,2.50122690408566,11.1974498851837,"verschoven_geometrisch_gemiddelde_index_plus_1","1984-2025",9,3,16.5848749576886,"Weidevogels","post",2.41568606355313,2.19384024664286,0.137598159801556,8.96959250728842,6.84930956272834,11.7462335451454
600,1958,2.94506868093094,18.0119681012972,"verschoven_geometrisch_gemiddelde_index_plus_1","1958-1983",12,0,68.954309063893,"Struweelvogels","pre",2.89103643146825,3.52132037312027,0.0788010946437974,33.8290659776787,28.9876601574461,39.4790644952477
600,1959,3.82179833451187,44.6862937289479,"verschoven_geometrisch_gemiddelde_index_plus_1","1958-1983",15,0,153.259747478758,"Struweelvogels","pre",3.79966682661181,3.59135982709524,0.0698692700847322,36.2833815206361,31.6398074657979,41.6084635153084
600,1960,3.88924495859978,47.8739707177196,"verschoven_geometrisch_gemiddelde_index_plus_1","1958-1983",17,0,165.073675826364,"Struweelvogels","pre",3.86857194790091,3.66126033445936,0.0618568975234624,38.9103520383738,34.4676366380482,43.925712448729
600,1961,3.97319861685353,52.1542793885543,"verschoven_geometrisch_gemiddelde_index_plus_1","1958-1983",16,0,162.335065973611,"Struweelvogels","pre",3.95420623730454,3.73081685504781,0.055117793090353,41.7131678629459,37.4417345972416,46.4718953830331
600,1962,3.84419756020979,45.7211783722084,"verschoven_geometrisch_gemiddelde_index_plus_1","1958-1983",18,0,150.339864054378,"Struweelvogels","pre",3.82256161226482,3.79977296031088,0.0499578682219831,44.6910367022895,40.522425568,49.2884799843427
600,1963,3.81093749770484,44.1927871467346,"verschoven_geometrisch_gemiddelde_index_plus_1","1958-1983",17,0,130.54581491081,"Struweelvogels","pre",3.78856158904179,3.86785310909526,0.0464989186946796,47.8395694157636,43.6723521713025,52.4044226633055
600,1964,4.04161588819725,55.9182420515584,"verschoven_geometrisch_gemiddelde_index_plus_1","1958-1983",19,0,149.609550983631,"Struweelvogels","pre",4.02389066058517,3.93479101936709,0.0445813133179795,51.1514591753002,46.8715857949673,55.8221304311693
600,1965,4.07684727327579,57.9592939814993,"verschoven_geometrisch_gemiddelde_index_plus_1","1958-1983",21,0,164.440263405456,"Struweelvogels","pre",4.05974093624474,4.0003534161005,0.0437979923087189,54.6174493085598,50.1244719634086,59.5131609795464
600,1966,4.21163925136708,66.4670446579484,"verschoven_geometrisch_gemiddelde_index_plus_1","1958-1983",21,0,176.088971269694,"Struweelvogels","pre",4.19670625577347,4.06435854217843,0.043653316958594,58.2275460257711,53.4527475860101,63.4288651060971
600,1967,4.05549946935743,56.7139821640047,"verschoven_geometrisch_gemiddelde_index_plus_1","1958-1983",20,0,164.952048823017,"Struweelvogels","pre",4.0380207793456,4.12668901286327,0.0437294352106424,61.972393072862,56.8820212300479,67.5183022706748
600,1968,4.12188568177361,60.6754329204357,"verschoven_geometrisch_gemiddelde_index_plus_1","1958-1983",20,0,169.821428571429,"Struweelvogels","pre",4.10553888665826,4.18729885011887,0.0437702111678133,65.8446941478331,60.4314241014874,71.7428690765369
600,1969,4.14195403408312,61.9256602793743,"verschoven_geometrisch_gemiddelde_index_plus_1","1958-1983",19,0,152.5,"Struweelvogels","pre",4.12593463788417,4.24621482357995,0.0436819601961228,69.8405525796605,64.109860470916,76.0835033613142
600,1970,4.28865123348497,71.8681201096175,"verschoven_geometrisch_gemiddelde_index_plus_1","1958-1983",19,0,162.488888888889,"Struweelvogels","pre",4.27483277432203,4.30353252246066,0.0434880117745991,73.9606002574863,67.9176552640789,80.541213756253
600,1971,4.38130166022099,78.942023062207,"verschoven_geometrisch_gemiddelde_index_plus_1","1958-1983",20,0,166.874443455031,"Struweelvogels","pre",4.36871369775287,4.35940786051893,0.043268683712577,78.2108090010265,71.8514821311409,85.1329779590438
600,1972,4.48037356254394,87.2676400017352,"verschoven_geometrisch_gemiddelde_index_plus_1","1958-1983",19,0,192.382639503986,"Struweelvogels","pre",4.4689797183177,4.41404495059712,0.0431082090409717,82.6029133591741,75.9103364982477,89.8855361493586
600,1973,4.67412035589418,106.138282071161,"verschoven_geometrisch_gemiddelde_index_plus_1","1958-1983",19,0,217.847769028871,"Struweelvogels","pre",4.66474279177,4.46768145696985,0.0430650501078165,87.1544173100281,80.0998481853499,94.8302977937453
600,1974,4.61270353828333,99.756179938275,"verschoven_geometrisch_gemiddelde_index_plus_1","1958-1983",19,0,231.255337318531,"Struweelvogels","pre",4.60272900811931,4.52057262922395,0.0431753580365623,91.8882007848724,84.4322069269567,100.00261453293
600,1975,4.76347566665941,116.152401799432,"verschoven_geometrisch_gemiddelde_index_plus_1","1958-1983",20,0,263.94187102634,"Struweelvogels","pre",4.7549031374308,4.57297523372847,0.0434873020245744,96.8317787936087,88.9202696649195,105.447199155689
600,1976,4.5369007648734,92.4008797983887,"verschoven_geometrisch_gemiddelde_index_plus_1","1958-1983",20,0,242.681047765794,"Struweelvogels","pre",4.52613650022989,4.62513252790392,0.0441106814398141,102.01629219222,93.5667974338619,111.228813618473
600,1977,4.64180670043707,102.731590296129,"verschoven_geometrisch_gemiddelde_index_plus_1","1958-1983",20,0,248.906882591093,"Struweelvogels","pre",4.63211966745615,4.67726127515752,0.0452571213568218,107.4753237985,98.3524364019221,117.444423830935
600,1978,4.57184882999813,95.7227685230737,"verschoven_geometrisch_gemiddelde_index_plus_1","1958-1983",21,0,234.952978056426,"Struweelvogels","pre",4.56145618576309,4.72954158720808,0.0472433104491655,113.243638115887,103.22847120085,124.230470765863
600,1979,4.42830809135077,82.789532681479,"verschoven_geometrisch_gemiddelde_index_plus_1","1958-1983",22,0,227.786499215071,"Struweelvogels","pre",4.41630163650958,4.78211012308349,0.0504386645810054,119.355940232967,108.120931900727,131.758395145683
600,1980,4.85154395071304,126.937767043138,"verschoven_geometrisch_gemiddelde_index_plus_1","1958-1983",21,0,289.968652037618,"Struweelvogels","pre",4.84369694307557,4.83505689112736,0.0551696696532527,125.845742509385,112.9476388832,140.216750560991
600,1981,4.94921813042919,140.064626653324,"verschoven_geometrisch_gemiddelde_index_plus_1","1958-1983",21,0,328.213166144201,"Struweelvogels","pre",4.94210393504837,4.88842561419613,0.0616328074659838,132.744418520674,117.639552719101,149.788742315838
600,1982,5.07390107115223,158.796490482183,"verschoven_geometrisch_gemiddelde_index_plus_1","1958-1983",21,0,357.249378624689,"Struweelvogels","pre",5.06762344833068,4.94221735082805,0.0698684867470326,140.080513093031,122.153092767232,160.638995737901
600,1983,5.05407347600826,155.659314468175,"verschoven_geometrisch_gemiddelde_index_plus_1","1958-1983",21,0,386.520376175549,"Struweelvogels","pre",5.04766973748823,4.99639683635725,0.0797981516179034,147.879364455836,126.468398051873,172.915184889845
600,1984,4.7687798622152,116.775451977634,"verschoven_geometrisch_gemiddelde_index_plus_1","1984-2025",22,1,353.952314909006,"Struweelvogels","post",4.76025287688065,4.61689550188142,0.0974970836595205,101.179432687114,83.5797459914877,122.485148494336
600,1985,4.5849668109823,96.9999345665712,"verschoven_geometrisch_gemiddelde_index_plus_1","1984-2025",22,2,384.396427396213,"Struweelvogels","post",4.57471030393172,4.61766509278527,0.0788718525554354,101.257329428634,86.7539769670394,118.185322696093
600,1986,4.69845191745201,108.777096832765,"verschoven_geometrisch_gemiddelde_index_plus_1","1984-2025",22,2,395.001356466277,"Struweelvogels","post",4.68930080521033,4.62212725286526,0.0659129800773226,101.71016540376,89.3836528929866,115.736573877166
600,1987,4.44038876489632,83.807905602432,"verschoven_geometrisch_gemiddelde_index_plus_1","1984-2025",22,2,368.742639009912,"Struweelvogels","post",4.42852734196957,4.63043629948378,0.0581665234357358,102.558800702311,91.5083215044243,114.943727833407
600,1988,4.72969500177009,112.261012671749,"verschoven_geometrisch_gemiddelde_index_plus_1","1984-2025",22,2,405.16376259886,"Struweelvogels","post",4.72082663024434,4.64251377799833,0.0543292372676644,103.804962512889,93.3194424893663,115.468652135701
600,1989,4.71931619218628,111.091577358759,"verschoven_geometrisch_gemiddelde_index_plus_1","1984-2025",22,2,431.111258156372,"Struweelvogels","post",4.71035488241946,4.65803640310055,0.0527307973073157,105.428858991231,95.0767100879404,116.908171285186
600,1990,4.60505533433565,98.9885154942757,"verschoven_geometrisch_gemiddelde_index_plus_1","1984-2025",22,2,413.170222242903,"Struweelvogels","post",4.59500383829715,4.6764393338413,0.0520525784345845,107.387021683946,96.971418467468,118.921354440298
600,1991,4.43439741607392,83.3013109650662,"verschoven_geometrisch_gemiddelde_index_plus_1","1984-2025",22,2,307.006421183265,"Struweelvogels","post",4.4224642869249,4.69693494648337,0.0516120688517702,109.610694409582,99.0649099685486,121.279112177713
600,1992,4.53470077738806,92.1956248936087,"verschoven_geometrisch_gemiddelde_index_plus_1","1984-2025",22,2,316.107007474169,"Struweelvogels","post",4.52391267708967,4.7185462411505,0.0512246054499152,112.005305549466,101.306037985521,123.834558341155
600,1993,4.93393220997275,137.924720873111,"verschoven_geometrisch_gemiddelde_index_plus_1","1984-2025",22,1,365.366200589339,"Struweelvogels","post",4.92670803539796,4.74015305245207,0.0509393208449734,114.451717455709,103.576656760882,126.468608257962
600,1994,4.99482520184665,146.647134681217,"verschoven_geometrisch_gemiddelde_index_plus_1","1984-2025",22,1,372.379926761366,"Struweelvogels","post",4.98802925674787,4.76054839701245,0.0508189002194569,116.809966574221,105.735781245851,129.044001286047
600,1995,4.76510286169695,116.343186786372,"verschoven_geometrisch_gemiddelde_index_plus_1","1984-2025",22,2,393.982187369274,"Struweelvogels","post",4.75654433011684,4.77850163769027,0.050825314492542,118.926022208999,107.649870548209,131.383332710293
600,1996,4.87664252003934,130.189457654629,"verschoven_geometrisch_gemiddelde_index_plus_1","1984-2025",22,1,345.594741735538,"Struweelvogels","post",4.86899075610164,4.79282471638582,0.0508204900768299,120.641666306409,109.203875852449,133.277427523288
600,1997,4.89925900622399,133.190308652267,"verschoven_geometrisch_gemiddelde_index_plus_1","1984-2025",22,1,351.46494298234,"Struweelvogels","post",4.89177899759345,4.80243752883076,0.050644607008161,121.80696393807,110.296710112799,134.51839541394
600,1998,4.64456275029498,103.017874055769,"verschoven_geometrisch_gemiddelde_index_plus_1","1984-2025",22,2,346.128803070678,"Struweelvogels","post",4.63490250769629,4.80642859150499,0.050210614965537,122.294074563239,110.832027141905,134.941506159859
600,1999,4.84145608894769,125.653636490332,"verschoven_geometrisch_gemiddelde_index_plus_1","1984-2025",22,1,344.077776969166,"Struweelvogels","post",4.83352920499804,4.80410747065579,0.0495644859133287,122.010544418198,110.715193350137,134.458266284613
600,2000,4.78025263216046,118.134443435205,"verschoven_geometrisch_gemiddelde_index_plus_1","1984-2025",22,2,368.133982894492,"Struweelvogels","post",4.77182332704354,4.79504597766375,0.0488853080298798,120.90994081186,109.862630740234,133.068120512188
600,2001,4.7919285975173,119.533605457816,"verschoven_geometrisch_gemiddelde_index_plus_1","1984-2025",22,2,375.053243722865,"Struweelvogels","post",4.78359754905764,4.77910584137608,0.0484197109817699,118.99789946202,108.2240059064,130.844353411018
600,2002,4.73134808442433,112.448397325688,"verschoven_geometrisch_gemiddelde_index_plus_1","1984-2025",22,2,331.601674369139,"Struweelvogels","post",4.72249442597551,4.75645139420544,0.0483683700805666,116.332374828689,105.810460902111,127.900599977564
600,2003,4.93844493786661,138.553067047454,"verschoven_geometrisch_gemiddelde_index_plus_1","1984-2025",22,1,325.06465407231,"Struweelvogels","post",4.93125340781933,4.72754669679255,0.0487755214822777,113.017954649326,102.713820010984,124.35578845915
600,2004,4.6697384390057,105.66983811435,"verschoven_geometrisch_gemiddelde_index_plus_1","1984-2025",22,2,354.191734461958,"Struweelvogels","post",4.66031949845924,4.6931374167508,0.0494883904848054,109.19523389966,99.1010633551104,120.317569789089
600,2005,4.82541601852157,123.638309444252,"verschoven_geometrisch_gemiddelde_index_plus_1","1984-2025",22,1,329.731423858497,"Struweelvogels","post",4.81736044395993,4.65421861460757,0.0502154413681425,105.027121269334,95.1825236200845,115.88993212821
600,2006,4.57994657964981,96.5091850931049,"verschoven_geometrisch_gemiddelde_index_plus_1","1984-2025",22,2,301.52364244406,"Struweelvogels","post",4.56963818612736,4.61199032585032,0.0506474552471236,100.684344997872,91.1695822572039,111.192100223202
600,2007,4.81230383422033,122.014696776252,"verschoven_geometrisch_gemiddelde_index_plus_1","1984-2025",22,1,322.30518409131,"Struweelvogels","post",4.804141502857,4.56780342356729,0.0505801644206318,96.3322759963148,87.2402931242246,106.371804430049
600,2008,4.47152065866749,86.4896638246355,"verschoven_geometrisch_gemiddelde_index_plus_1","1984-2025",22,2,274.790492898941,"Struweelvogels","post",4.46002491344112,4.52309867552133,0.0499980436703822,92.1206080464088,83.5213685526481,101.605212820367
600,2009,4.1908231466349,65.0771597722982,"verschoven_geometrisch_gemiddelde_index_plus_1","1984-2025",22,3,269.626086602526,"Struweelvogels","post",4.17557363930105,4.47934215996946,0.0491018996045785,88.1766474636304,80.086110476258,97.0845145517503
600,2010,4.28476155478973,71.585237054021,"verschoven_geometrisch_gemiddelde_index_plus_1","1984-2025",22,3,289.778632706918,"Struweelvogels","post",4.27088886631091,4.43796027674335,0.0482657847063007,84.6022004857148,76.9656592586119,92.9964401782761
600,2011,4.43914297596488,83.7023186355271,"verschoven_geometrisch_gemiddelde_index_plus_1","1984-2025",22,2,296.29051209359,"Struweelvogels","post",4.42726667885042,4.40027749669609,0.0479084906127116,81.4734741482443,74.1712682693882,89.4945865786715
600,2012,4.38581365693535,79.3035361672643,"verschoven_geometrisch_gemiddelde_index_plus_1","1984-2025",22,3,276.909918680875,"Struweelvogels","post",4.37328271991979,4.36745975624752,0.0482999038993245,78.8430964200466,71.7215990774727,86.6717130272859
600,2013,4.34075418382666,75.7654127446977,"verschoven_geometrisch_gemiddelde_index_plus_1","1984-2025",22,2,263.421025665625,"Struweelvogels","post",4.32764189226942,4.34046605435708,0.0493987861208852,76.743297553214,69.6612656377263,84.5453160436344
600,2014,4.48224066178795,87.4325983945775,"verschoven_geometrisch_gemiddelde_index_plus_1","1984-2025",22,3,307.918868141219,"Struweelvogels","post",4.47086819246498,4.32001038098181,0.0508410603821025,75.1894088278572,68.0581102423386,83.0679426706395
600,2015,4.2849694505875,71.6003287884843,"verschoven_geometrisch_gemiddelde_index_plus_1","1984-2025",22,4,308.874276734934,"Struweelvogels","post",4.27109966597399,4.30653563421981,0.0520897932881604,74.1830460534457,66.9830524827131,82.1569653486287
600,2016,4.22870054601507,67.6279952848373,"verschoven_geometrisch_gemiddelde_index_plus_1","1984-2025",22,4,293.344661894858,"Struweelvogels","post",4.21402202875267,4.30020070143618,0.0526473052891309,73.7145868384901,66.4873685544123,81.7274082417975
600,2017,4.18379366361702,64.6143002373921,"verschoven_geometrisch_gemiddelde_index_plus_1","1984-2025",22,4,276.769610532436,"Struweelvogels","post",4.16843575219464,4.30088141714992,0.0522462218244044,73.764782598666,66.584966402548,81.7187939832053
600,2018,4.3624245024495,77.4470992291982,"verschoven_geometrisch_gemiddelde_index_plus_1","1984-2025",22,3,268.311563997094,"Struweelvogels","post",4.34959511269729,4.30818569096926,0.0510082742382786,74.3055533334678,67.236044045719,82.1183835925632
600,2019,4.53449116557509,92.1760920369445,"verschoven_geometrisch_gemiddelde_index_plus_1","1984-2025",22,2,301.11438111253,"Struweelvogels","post",4.52370079148094,4.32148273938797,0.0495808273560417,75.3001961252889,68.3269531633596,82.9851072526322
600,2020,4.24730883044663,68.9170004333693,"verschoven_geometrisch_gemiddelde_index_plus_1","1984-2025",22,4,301.251944007245,"Struweelvogels","post",4.23290288827164,4.33994606609035,0.0491828418359424,76.7034023123634,69.6545271091931,84.4656071969194
600,2021,4.44285514623586,84.0173323952603,"verschoven_geometrisch_gemiddelde_index_plus_1","1984-2025",22,3,278.747623142069,"Struweelvogels","post",4.43102311559736,4.36260962091474,0.0513206093495967,78.4616225800392,70.9532512151677,86.7645402072358
600,2022,4.20409792566282,65.9601673654971,"verschoven_geometrisch_gemiddelde_index_plus_1","1984-2025",22,4,265.01077300535,"Struweelvogels","post",4.18905103506685,4.38843642759975,0.0570351102159418,80.5144303688403,71.9986674766833,90.0374093689749
600,2023,4.4969083986936,88.739263968619,"verschoven_geometrisch_gemiddelde_index_plus_1","1984-2025",22,2,265.205844506892,"Struweelvogels","post",4.48570245167047,4.41639890199091,0.0663135095191715,82.7975856368554,72.7060371709696,94.2898341601498
600,2024,4.60216049272053,98.699483131888,"verschoven_geometrisch_gemiddelde_index_plus_1","1984-2025",22,2,271.292037151915,"Struweelvogels","post",4.59207970966674,4.44557008196775,0.0783550114544603,85.2484625986648,73.112127766776,99.3993828030593
600,2025,4.4461514089513,84.298034237549,"verschoven_geometrisch_gemiddelde_index_plus_1","1984-2025",22,2,262.314903000506,"Struweelvogels","post",4.43435854608289,4.47522505575354,0.0922034318162462,87.8143613132758,73.2960214207086,105.208467027104
700,1958,3.42421661724935,29.6985866860782,"verschoven_geometrisch_gemiddelde_index_plus_1","1958-1983",10,0,68.954309063893,"Bosrandvogels","pre",3.39109945834905,3.98165174846063,0.0851009324648046,53.6055039511445,45.3701282681464,63.3357269098497
700,1959,4.32706408258045,74.7216474003628,"verschoven_geometrisch_gemiddelde_index_plus_1","1958-1983",11,0,142.936552052728,"Bosrandvogels","pre",4.31376984132694,4.0103227342301,0.0801512821249959,55.1646712185631,47.1449180784423,64.5486528492598
700,1960,4.21841209204226,66.9255391045142,"verschoven_geometrisch_gemiddelde_index_plus_1","1958-1983",12,0,151.931501393867,"Bosrandvogels","pre",4.20358064472719,4.03899371993719,0.0753289416808297,56.7691883511784,48.9769115517397,65.801224371754
700,1961,4.2564210800107,69.557013139326,"verschoven_geometrisch_gemiddelde_index_plus_1","1958-1983",13,0,149.540183926429,"Bosrandvogels","pre",4.24214674922152,4.0676647054887,0.0706599814901609,58.42037438747,50.8648004835618,67.0982705353408
700,1962,3.90233960116973,48.5181664466747,"verschoven_geometrisch_gemiddelde_index_plus_1","1958-1983",17,0,133.146741303479,"Bosrandvogels","pre",3.88193829372196,4.09633569076595,0.0661768734135787,60.1195867293968,52.8062216935509,68.4458117357575
700,1963,4.30220928200061,72.862797321448,"verschoven_geometrisch_gemiddelde_index_plus_1","1958-1983",13,0,123.494435127306,"Bosrandvogels","pre",4.28857818394592,4.12500667563826,0.0619199979839672,61.8682222588607,54.7974401126292,69.8513820646454
700,1964,4.23427747154773,68.0117977280648,"verschoven_geometrisch_gemiddelde_index_plus_1","1958-1983",15,0,135.343144616309,"Bosrandvogels","pre",4.21968118612837,4.15367765997483,0.0579392406278536,63.6677184866534,56.8329775741922,71.3244061866023
700,1965,4.21669083519381,66.8087223697895,"verschoven_geometrisch_gemiddelde_index_plus_1","1958-1983",16,0,142.615239887112,"Bosrandvogels","pre",4.20183364641655,4.18234864365492,0.0542953664217318,65.5195547348072,58.9052208217252,72.8765972313297
700,1966,4.32797576582383,74.7907130356659,"verschoven_geometrisch_gemiddelde_index_plus_1","1958-1983",17,0,152.91936978684,"Bosrandvogels","pre",4.31469371999508,4.21101962657597,0.0510605489517954,67.4252533532966,61.0040924111567,74.5222920310969
700,1967,4.28994528302294,71.9624761042764,"verschoven_geometrisch_gemiddelde_index_plus_1","1958-1983",17,0,144.551002615519,"Bosrandvogels","pre",4.27614481794388,4.2396906086596,0.0483170159587282,69.3863809720618,63.1169438567906,76.2785643633809
700,1968,4.19373860349962,65.2700859787194,"verschoven_geometrisch_gemiddelde_index_plus_1","1958-1983",16,0,144.464285714286,"Bosrandvogels","pre",4.17853382992402,4.26836158985537,0.0461524630955635,71.4045497893581,65.2289091273933,78.1648781012609
700,1969,4.19612082808759,65.4281443975624,"verschoven_geometrisch_gemiddelde_index_plus_1","1958-1983",16,0,127.5,"Bosrandvogels","pre",4.18095250836276,4.29703257014241,0.0446511709142683,73.4814188974717,67.3239656571293,80.2020331167751
700,1970,4.21583175161371,66.7504940249028,"verschoven_geometrisch_gemiddelde_index_plus_1","1958-1983",16,0,137.066666666667,"Bosrandvogels","pre",4.20096169837511,4.3257035495289,0.0438812676483137,75.6186956468685,69.3867734418737,82.4103333774979
700,1971,4.24331826885449,68.6385482965224,"verschoven_geometrisch_gemiddelde_index_plus_1","1958-1983",18,0,139.447907390917,"Bosrandvogels","pre",4.22885430542986,4.3543745280498,0.0438812671619062,77.8181370498946,71.4049535516027,84.807315917374
700,1972,4.59038601195179,97.5324575282103,"verschoven_geometrisch_gemiddelde_index_plus_1","1958-1983",16,0,159.25597874225,"Bosrandvogels","pre",4.58018522033088,4.38304550576312,0.0446511696416833,80.0815512251773,73.3710330964579,87.4058136567291
700,1973,4.45280241193133,84.86724252217,"verschoven_geometrisch_gemiddelde_index_plus_1","1958-1983",17,0,175.328083989501,"Bosrandvogels","pre",4.44108818284659,4.41171648274505,0.0461524615121408,82.4107988839202,75.2832493735489,90.2131593574943
700,1974,4.46996246188016,86.3534438678501,"verschoven_geometrisch_gemiddelde_index_plus_1","1958-1983",17,0,183.091374893254,"Bosrandvogels","pre",4.45844868645924,4.4403874590844,0.0483170146212417,84.8077948593301,77.1449492796302,93.2317946419512
700,1975,4.63218453052454,101.738253998408,"verschoven_geometrisch_gemiddelde_index_plus_1","1958-1983",18,0,200.363306085377,"Bosrandvogels","pre",4.62240337783993,4.4690584348768,0.0510605482731142,87.2745096804514,78.9630293692702,96.4608387090001
700,1976,4.44983614934331,84.6129151205479,"verschoven_geometrisch_gemiddelde_index_plus_1","1958-1983",18,0,192.758089368259,"Bosrandvogels","pre",4.43808691596006,4.49772941021915,0.0542953665230552,89.8129711917314,80.7461668667747,99.8978664534712
700,1977,4.64223844391915,102.776385403427,"verschoven_geometrisch_gemiddelde_index_plus_1","1958-1983",18,0,198.866396761134,"Bosrandvogels","pre",4.63255561265833,4.52640038520452,0.0579392413144281,92.4252662196739,82.5033973281764,103.540340306207
700,1978,4.48242551625425,87.4489470663733,"verschoven_geometrisch_gemiddelde_index_plus_1","1958-1983",18,0,185.266457680251,"Bosrandvogels","pre",4.47105516098473,4.55507135991792,0.0619199988400589,95.1135422879842,84.2432259791334,107.386508783614
700,1979,4.42698685244204,82.6788997930888,"verschoven_geometrisch_gemiddelde_index_plus_1","1958-1983",19,0,201.569858712716,"Bosrandvogels","pre",4.41496442791672,4.58374233443311,0.0661768739807673,97.8800093826444,85.9732035808135,111.435840909907
700,1980,4.69917341941578,108.856329803642,"verschoven_geometrisch_gemiddelde_index_plus_1","1958-1983",18,0,245.454545454545,"Bosrandvogels","pre",4.69002893760803,4.61241330881063,0.0706599814792778,100.726941768395,87.6998110709974,115.68915228107
700,1981,4.6658201916957,105.252697072668,"verschoven_geometrisch_gemiddelde_index_plus_1","1958-1983",18,0,266.300940438871,"Bosrandvogels","pre",4.65636409762769,4.64108428309696,0.0753289411663608,103.656679858139,89.4285120807598,120.148563687491
700,1982,4.67767478082886,106.519774644125,"verschoven_geometrisch_gemiddelde_index_plus_1","1958-1983",18,0,288.152444076222,"Bosrandvogels","pre",4.66833064532318,4.6697552573248,0.0801512816771376,106.671632136812,91.1638781072977,124.817387533018
700,1983,4.65430053509878,104.035725495125,"verschoven_geometrisch_gemiddelde_index_plus_1","1958-1983",19,0,310.658307210031,"Bosrandvogels","pre",4.64473435453002,4.69842623151441,0.0851009331857031,109.774277141319,92.9097324026022,129.699996009908
700,1984,4.64554715989885,103.120320666405,"verschoven_geometrisch_gemiddelde_index_plus_1","1984-2025",20,1,280.515479479287,"Bosrandvogels","post",4.63589646826928,3.7459644984818,0.0676859304501282,42.3498338775269,37.0882450650437,48.3578671977806
700,1985,3.80092955558825,43.7427560476898,"verschoven_geometrisch_gemiddelde_index_plus_1","1984-2025",20,4,314.807418988278,"Bosrandvogels","post",3.77832602304159,3.74955241792706,0.0652554671023707,42.5020545845202,37.3992893314257,48.3010419769564
700,1986,3.82571433406693,44.8655519934267,"verschoven_geometrisch_gemiddelde_index_plus_1","1984-2025",20,4,312.650416557836,"Bosrandvogels","post",3.80367028410522,3.7531403382972,0.0628595472857538,42.6548224675526,37.7103889560258,48.2475500812276
700,1987,3.46189096135371,30.8771981080572,"verschoven_geometrisch_gemiddelde_index_plus_1","1984-2025",20,5,305.825428466104,"Bosrandvogels","post",3.43001798619721,3.75672825968926,0.0605022745250463,42.8081394978119,38.0211963013875,48.1977682326963
700,1988,3.51117705316848,32.4876613531349,"verschoven_geometrisch_gemiddelde_index_plus_1","1984-2025",20,5,310.519209130885,"Bosrandvogels","post",3.48086036657736,3.76031618216276,0.0581883454694237,42.9620076520045,38.3313088251185,48.1521283270501
700,1989,3.4464567145236,30.3889749345306,"verschoven_geometrisch_gemiddelde_index_plus_1","1984-2025",20,6,329.44811982448,"Bosrandvogels","post",3.41407987600545,3.76390410573681,0.0559231402240314,43.1164289122297,38.6402604945012,48.1111260212107
700,1990,3.43259803020439,29.9569654954308,"verschoven_geometrisch_gemiddelde_index_plus_1","1984-2025",20,5,311.834355172361,"Bosrandvogels","post",3.39976186832009,3.76749203039007,0.053712823108307,43.2714052659711,38.9475121396784,48.0753303825114
700,1991,3.60326597390032,35.7179587239355,"verschoven_geometrisch_gemiddelde_index_plus_1","1984-2025",20,4,257.158368036861,"Bosrandvogels","post",3.57565360778902,3.77107995606346,0.0515644524955738,43.4269387062087,39.2524408349316,48.0453945099512
700,1992,3.54557702655309,33.659679128412,"verschoven_geometrisch_gemiddelde_index_plus_1","1984-2025",20,5,252.657252103967,"Bosrandvogels","post",3.51630065599031,3.77466788266543,0.0494860965084322,43.583031231646,39.5543285609796,48.0220668746851
700,1993,4.0609966168833,57.032118057099,"verschoven_geometrisch_gemiddelde_index_plus_1","1984-2025",20,3,281.527706346964,"Bosrandvogels","post",4.04361458382825,3.77825581007952,0.0474869484660042,43.7396848470389,39.8523506554467,48.0062028726732
700,1994,3.75922764176927,41.9152672153316,"verschoven_geometrisch_gemiddelde_index_plus_1","1984-2025",20,5,276.308189195688,"Bosrandvogels","post",3.73565013324143,3.78184373817358,0.045577431806574,43.8969015636069,40.1455649322853,47.9987757087293
700,1995,3.80944965766775,44.1255975047442,"verschoven_geometrisch_gemiddelde_index_plus_1","1984-2025",20,4,288.263633758519,"Bosrandvogels","post",3.78704005634578,3.78543166681004,0.0437692785257697,44.054683399499,40.432902866898,48.0008852151702
700,1996,3.97652656225665,52.3314686027829,"verschoven_geometrisch_gemiddelde_index_plus_1","1984-2025",20,4,288.228185233901,"Bosrandvogels","post",3.95759788425141,3.7890195958566,0.0420755580321126,44.2130323802867,40.7131649020833,48.0137625498197
700,1997,4.06348342318574,57.1766122841394,"verschoven_geometrisch_gemiddelde_index_plus_1","1984-2025",20,3,295.650799771693,"Bosrandvogels","post",4.0461449386217,3.79260752519652,0.0405106253887013,44.3719505394512,40.9850226782227,48.0387679697847
700,1998,3.81121923315805,44.2055213508575,"verschoven_geometrisch_gemiddelde_index_plus_1","1984-2025",20,4,274.699758494491,"Bosrandvogels","post",3.78884969872233,3.79619545473796,0.0390899509086154,44.5314399188355,41.2470316815797,48.0773781869607
700,1999,3.8683307898689,46.8624269171524,"verschoven_geometrisch_gemiddelde_index_plus_1","1984-2025",20,4,259.043288195298,"Bosrandvogels","post",3.8472162225442,3.79978338442162,0.0378297902527249,44.6915025690331,41.4976581500973,48.1311594657591
700,2000,4.07402431445671,57.7930890278325,"verschoven_geometrisch_gemiddelde_index_plus_1","1984-2025",20,3,270.26892217266,"Bosrandvogels","post",4.05686920153711,3.80337131422633,0.0367466603875406,44.8521405496896,41.7353236379855,48.2017230617123
700,2001,3.90668448467582,48.7337851912798,"verschoven_geometrisch_gemiddelde_index_plus_1","1984-2025",20,4,272.103531514522,"Bosrandvogels","post",3.88637253065547,3.80695924417218,0.0358566074565689,45.0133559297013,41.9584689087606,48.290661331327
700,2002,4.03377640957693,55.47377717265,"verschoven_geometrisch_gemiddelde_index_plus_1","1984-2025",20,3,236.717630911039,"Bosrandvogels","post",4.01591042572127,3.81054717432107,0.0351742911585819,45.1751507872989,42.1656354576341,48.3994662123776
700,2003,4.16098955993344,63.1349565922686,"verschoven_geometrisch_gemiddelde_index_plus_1","1984-2025",20,3,239.614490056272,"Bosrandvogels","post",4.14527460335209,3.8141351047746,0.034711963562755,45.337527210015,42.3555581709168,48.5294365670819
700,2004,4.03998661682595,55.8255822937215,"verschoven_geometrisch_gemiddelde_index_plus_1","1984-2025",20,3,263.270185179356,"Bosrandvogels","post",4.02223222836992,3.81772303566963,0.0344784752039972,45.5004872945383,42.5272575415555,48.6815859691271
700,2005,3.82385695267954,44.7804412368676,"verschoven_geometrisch_gemiddelde_index_plus_1","1984-2025",20,4,245.085875322836,"Bosrandvogels","post",3.80177146455814,3.8213109671716,0.0344784753532566,45.6640331464673,42.6801164758279,48.8565658995479
700,2006,3.55066173201834,33.8363621983188,"verschoven_geometrisch_gemiddelde_index_plus_1","1984-2025",20,5,217.217207833382,"Bosrandvogels","post",3.5215360289098,3.82489889946622,0.0347119639457844,45.8281668799799,42.8139271403723,49.0546189022412
700,2007,3.81324311668811,44.2971047067487,"verschoven_geometrisch_gemiddelde_index_plus_1","1984-2025",20,4,252.657252103967,"Bosrandvogels","post",3.79091931840846,3.82848683274994,0.0351742916111067,45.9928906174396,42.9288983855028,49.2755711630867
700,2008,3.79702289437306,43.5683022458045,"verschoven_geometrisch_gemiddelde_index_plus_1","1984-2025",20,4,215.045605117377,"Bosrandvogels","post",3.77432987324219,3.83207476721978,0.035856607790219,46.1582064889641,43.0256227420472,49.5188655153552
700,2009,3.48395706518127,31.5884217805084,"verschoven_geometrisch_gemiddelde_index_plus_1","1984-2025",20,5,269.124922872781,"Bosrandvogels","post",3.45279065410122,3.83566270306311,0.0367466604748179,46.3241166319798,43.1050107275675,49.7836271355074
700,2010,3.57331454630225,34.6345098563615,"verschoven_geometrisch_gemiddelde_index_plus_1","1984-2025",20,5,274.119113229444,"Bosrandvogels","post",3.54485057968861,3.83925064044787,0.0378297900823129,46.4906231907893,43.1682059921953,50.0687483991975
700,2011,3.81138069438434,44.2128208790493,"verschoven_geometrisch_gemiddelde_index_plus_1","1984-2025",20,4,275.049381713254,"Bosrandvogels","post",3.78901481215976,3.84283857951382,0.0390899505871664,46.6577283161736,43.2164960928258,50.3729781088675
700,2012,3.93172073968219,49.9946507354062,"verschoven_geometrisch_gemiddelde_index_plus_1","1984-2025",20,3,276.754873933573,"Bosrandvogels","post",3.91191601441294,3.84642652036514,0.0405106250903941,46.8254341650512,43.251230990804,50.6950029979894
700,2013,3.85576820800213,46.264912282139,"verschoven_geometrisch_gemiddelde_index_plus_1","1984-2025",20,3,308.84913662503,"Bosrandvogels","post",3.83438383971171,3.85001446306472,0.0420755579199952,46.9937429002091,43.2737566613013,51.0335141239513
700,2014,3.84238598290126,45.6366159644378,"verschoven_geometrisch_gemiddelde_index_plus_1","1984-2025",20,4,352.416710616814,"Bosrandvogels","post",3.8207103759793,3.85360240763044,0.0437692786797625,47.1626566901211,43.2853664848412,51.3872554792668
700,2015,3.83256560059868,45.1808680384864,"verschoven_geometrisch_gemiddelde_index_plus_1","1984-2025",20,4,343.109110363191,"Bosrandvogels","post",3.81067372374786,3.85719035403356,0.0455774321887695,47.3321777088601,43.287269590559,51.755055651552
700,2016,3.54157612254054,33.5212861123076,"verschoven_geometrisch_gemiddelde_index_plus_1","1984-2025",20,5,342.493846789503,"Bosrandvogels","post",3.51218064338343,3.86077830219922,0.0474869489375883,47.5023081361115,43.2805733661286,52.1358453172434
700,2017,3.68571521197654,38.8736303520255,"verschoven_geometrisch_gemiddelde_index_plus_1","1984-2025",20,4,312.525992321948,"Bosrandvogels","post",3.6603161377765,3.86436625200907,0.0494860968912268,47.6730501572886,43.2662766843411,52.528664018873
700,2018,3.9947387039225,53.3116473491552,"verschoven_geometrisch_gemiddelde_index_plus_1","1984-2025",20,3,337.885947583894,"Bosrandvogels","post",3.97615483167322,3.86795420330609,0.0515644526529339,47.8444059637496,43.2452705566097,52.9326595153932
700,2019,4.04457516604877,56.0869284164174,"verschoven_geometrisch_gemiddelde_index_plus_1","1984-2025",20,3,356.042269733865,"Bosrandvogels","post",4.02690278032381,3.87154215590123,0.0537128230112369,48.0163777531156,43.2183434835044,53.3470824352601
700,2020,3.89145306349522,47.9820088075417,"verschoven_geometrisch_gemiddelde_index_plus_1","1984-2025",20,4,356.757963541262,"Bosrandvogels","post",3.87082612413708,3.87513010958207,0.0559231399717296,48.1889677296845,43.1861894394683,53.7712782950541
700,2021,4.14261381614794,61.9671912006156,"verschoven_geometrisch_gemiddelde_index_plus_1","1984-2025",20,3,322.263900553986,"Bosrandvogels","post",4.1266050707994,3.87871806412316,0.0581883452477545,48.3621781049395,43.1494170434733,54.204678331979
700,2022,4.04321680008731,56.009436119377,"verschoven_geometrisch_gemiddelde_index_plus_1","1984-2025",20,3,245.151243332959,"Bosrandvogels","post",4.02552017867199,3.88230601929806,0.0605022745069793,48.5360110981492,43.1085589647905,54.6467901013288
700,2023,3.8543024962914,46.1956862917661,"verschoven_geometrisch_gemiddelde_index_plus_1","1984-2025",20,5,281.486409832329,"Bosrandvogels","post",3.83288642342032,3.885893974893,0.0628595474982071,48.7104689370583,43.0640809835582,55.0971884196023
700,2024,4.06844734928127,57.4661146276664,"verschoven_geometrisch_gemiddelde_index_plus_1","1984-2025",20,4,286.96398321285,"Bosrandvogels","post",4.05119546326824,3.88948193072196,0.0652554672980247,48.8855538586665,43.0163903853259,55.5555069744721
700,2025,3.93660014066801,50.2440821274832,"verschoven_geometrisch_gemiddelde_index_plus_1","1984-2025",20,4,296.245426996511,"Bosrandvogels","post",3.91689277139662,3.89306988664345,0.0676859300268684,49.0612681100997,42.9658435412255,56.0214307502559
800,1958,3.85072454046636,46.0271239452213,"verschoven_geometrisch_gemiddelde_index_plus_1","1958-1983",6,0,7.4294205052006,"Bosvogels","pre",3.82923087369633,4.20317584693588,0.127414485822276,66.8984532766139,52.1145121815419,85.8763300942574
800,1959,4.37131114794163,78.1473375665765,"verschoven_geometrisch_gemiddelde_index_plus_1","1958-1983",8,0,13.4995632494243,"Bosvogels","pre",4.35859598804117,4.15242240316778,0.107144519400262,63.5878492882982,51.5431409391308,78.4471901292615
800,1960,4.17571520006297,64.0863727967051,"verschoven_geometrisch_gemiddelde_index_plus_1","1958-1983",8,0,15.3325368379132,"Bosvogels","pre",4.16023174845044,4.10266355279201,0.0897467625310369,60.5012213715191,50.7423008097704,72.1370085516648
800,1961,4.31670122101663,73.9410062749283,"verschoven_geometrisch_gemiddelde_index_plus_1","1958-1983",10,0,17.9928028788485,"Bosvogels","pre",4.30326756276033,4.05537506207861,0.0768084301517046,57.70680257114,49.6416668719167,67.0822571606357
800,1962,4.28855798105131,71.8613252969027,"verschoven_geometrisch_gemiddelde_index_plus_1","1958-1983",8,0,14.3942423030788,"Bosvogels","pre",4.27473822427766,4.01241722956718,0.069560046350012,55.2803344509691,48.2347414658508,63.3550690672723
800,1963,3.67470668239293,38.43708756839,"verschoven_geometrisch_gemiddelde_index_plus_1","1958-1983",6,0,11.0535142552218,"Bosvogels","pre",3.64902281558111,3.97581159307839,0.0677133953851222,53.2933518742673,46.6696162883899,60.8571824641512
800,1964,4.2617046443101,69.9307922284113,"verschoven_geometrisch_gemiddelde_index_plus_1","1958-1983",6,0,15.2049857335936,"Bosvogels","pre",4.24750607052921,3.94754352646198,0.0692402880664424,51.8079455480983,45.2332556984818,59.3382718194393
800,1965,3.93251267320565,50.0350511039325,"verschoven_geometrisch_gemiddelde_index_plus_1","1958-1983",8,0,16.1806208842897,"Bosvogels","pre",3.91272378190559,3.92939497335756,0.0716726581144001,50.8761869069805,44.2084772399727,58.5495487696561
800,1966,3.7428899802278,41.2198284945862,"verschoven_geometrisch_gemiddelde_index_plus_1","1958-1983",10,0,17.6088971269694,"Bosvogels","pre",3.71891941472067,3.9228110070333,0.0732811985872874,50.5423200956539,43.7801210828418,58.3489962446153
800,1967,3.94306667388655,50.5765274125921,"verschoven_geometrisch_gemiddelde_index_plus_1","1958-1983",11,0,18.1342632955536,"Bosvogels","pre",3.92348758353879,3.92880284139427,0.0733393965201141,50.8460704078935,44.038208152804,58.7063594175744
800,1968,3.97398514364057,52.1961030987169,"verschoven_geometrisch_gemiddelde_index_plus_1","1958-1983",8,0,17.5,"Bosvogels","pre",3.95500783882061,3.94788848553564,0.0719588408583,51.825820251846,45.0084008297946,59.6758737315243
800,1969,3.90611229879634,48.7053363614456,"verschoven_geometrisch_gemiddelde_index_plus_1","1958-1983",11,0,16.4285714285714,"Bosvogels","pre",3.88578860029589,3.98007058108535,0.0698442638382106,53.5208116511575,46.6734660296133,61.3727139523178
800,1970,3.78303773586445,42.9493456655479,"verschoven_geometrisch_gemiddelde_index_plus_1","1958-1983",10,0,16.8888888888889,"Bosvogels","pre",3.76002141351906,4.02484923986249,0.0679922592355922,55.9718698187398,48.9884429319858,63.9508019341525
800,1971,4.02585188906973,55.0280181134594,"verschoven_geometrisch_gemiddelde_index_plus_1","1958-1983",13,0,21.0151380231523,"Bosvogels","pre",4.00784247576674,4.08126605560771,0.0672839245075878,59.2203987257093,51.9036732694948,67.5685438874936
800,1972,4.12615840223437,60.9395185849471,"verschoven_geometrisch_gemiddelde_index_plus_1","1958-1983",12,0,23.7378210806023,"Bosvogels","pre",4.109881873706,4.14797403010035,0.0680610079983633,63.305615019174,55.3997152818674,72.3397380756501
800,1973,4.21595984883013,66.7591732304776,"verschoven_geometrisch_gemiddelde_index_plus_1","1958-1983",14,0,27.6465441819773,"Bosvogels","pre",4.201091714512,4.22332704094593,0.0699603147936887,68.26021143345,59.5135979818113,78.2922999608146
800,1974,4.41939327588481,82.0458841295007,"verschoven_geometrisch_gemiddelde_index_plus_1","1958-1983",13,0,29.7181895815542,"Bosvogels","pre",4.40727865332239,4.30548176681907,0.0721513557104433,74.1049081402543,64.3325104760079,85.3617769591555
800,1975,4.64866103848439,103.445044015406,"verschoven_geometrisch_gemiddelde_index_plus_1","1958-1983",15,0,41.5985467756585,"Bosvogels","pre",4.63904049599135,4.39250472351708,0.0737676695138018,80.8426541001253,69.959751021172,93.418496014582
800,1976,4.47095405694712,86.4401060716775,"verschoven_geometrisch_gemiddelde_index_plus_1","1958-1983",16,0,34.0523882896764,"Bosvogels","pre",4.45945175875128,4.48247726259901,0.0742691179683191,88.453524094503,76.4708629171993,102.313817659001
800,1977,4.47121594543554,86.463008627711,"verschoven_geometrisch_gemiddelde_index_plus_1","1958-1983",17,0,52.1457489878543,"Bosvogels","pre",4.45971667654882,4.57359202012565,0.0736870316000015,96.8915217400071,83.8614001757367,111.946222760665
800,1978,4.74314398067572,113.794546761045,"verschoven_geometrisch_gemiddelde_index_plus_1","1958-1983",17,0,56.4263322884013,"Bosvogels","pre",4.73439460104533,4.66423532027483,0.072829303870837,106.084433582906,91.9725244063625,122.361619638522
800,1979,4.73772620192874,113.17429701044,"verschoven_geometrisch_gemiddelde_index_plus_1","1958-1983",18,0,59.4976452119309,"Bosvogels","pre",4.7289290817758,4.75305135466653,0.0734517239053899,115.937511809948,100.392346654572,133.889754474324
800,1980,4.97894267371827,144.320649053651,"verschoven_geometrisch_gemiddelde_index_plus_1","1958-1983",15,0,65.987460815047,"Bosvogels","pre",4.97203755362717,4.83898547069982,0.0781256237805055,126.341109930741,108.40337769738,147.247036001879
800,1981,5.10467007157487,163.789692757938,"verschoven_geometrisch_gemiddelde_index_plus_1","1958-1983",15,0,77.742946708464,"Bosvogels","pre",5.09858324366335,4.92130549753863,0.089388653294954,137.18158656,115.134813961671,163.450020402896
800,1982,4.9349248199666,138.062687401591,"verschoven_geometrisch_gemiddelde_index_plus_1","1958-1983",15,0,68.7655343827672,"Bosvogels","pre",4.92770783854721,4.99960160101606,0.108674350839189,148.354043227421,119.893023382382,183.571333185327
800,1983,4.92359668490229,136.496255622888,"verschoven_geometrisch_gemiddelde_index_plus_1","1958-1983",20,0,76.6457680250784,"Bosvogels","pre",4.91629718291462,5.07376658004797,0.136257280464854,159.775000720845,122.327553336149,208.686025013485
800,1984,4.50013708161804,89.0294718403434,"verschoven_geometrisch_gemiddelde_index_plus_1","1984-2025",20,2,105.193304804733,"Bosvogels","post",4.4889674591895,4.49667533276801,0.117362545844763,89.718351241117,71.2820642808502,112.922972007517
800,1985,4.24703384824156,68.8977771455705,"verschoven_geometrisch_gemiddelde_index_plus_1","1984-2025",20,3,93.7599805160133,"Bosvogels","post",4.23262391546102,4.50908713929261,0.099633052086686,90.8388574266852,74.7243759765748,110.428463412962
800,1986,4.87659789269993,130.183603148812,"verschoven_geometrisch_gemiddelde_index_plus_1","1984-2025",20,0,92.2613682068783,"Bosvogels","post",4.86894578596686,4.52101490152629,0.085907133188858,91.9288493792028,77.6830370749498,108.787113202469
800,1987,4.421924315851,82.2563428085713,"verschoven_geometrisch_gemiddelde_index_plus_1","1984-2025",20,2,79.2438284697327,"Bosvogels","post",4.40984050288581,4.53185735466056,0.0760123070061967,92.9310067246284,80.0677565375988,107.860796709066
800,1988,4.38578985588873,79.301624881802,"verschoven_geometrisch_gemiddelde_index_plus_1","1984-2025",20,2,78.9059086216152,"Bosvogels","post",4.37325861874364,4.5409124720949,0.069454492299106,93.7763293757278,81.8412722573152,107.451896929657
800,1989,4.40307379142239,80.7016168227584,"verschoven_geometrisch_gemiddelde_index_plus_1","1984-2025",20,2,80.8200681299563,"Bosvogels","post",4.39075861005362,4.54741302657731,0.0655040822458357,94.3879131772552,83.0153080705417,107.318497768949
800,1990,4.34626949472433,76.1899675618795,"verschoven_geometrisch_gemiddelde_index_plus_1","1984-2025",20,3,94.1270147382885,"Bosvogels","post",4.33322979473184,4.55057107043875,0.0633879014660247,94.6864655196271,83.6240186761627,107.212340360237
800,1991,4.71075303689825,110.135817774516,"verschoven_geometrisch_gemiddelde_index_plus_1","1984-2025",20,1,91.2381333762691,"Bosvogels","post",4.70171431120959,4.54962832711316,0.0624572071774203,94.5972425500225,83.6977588411391,106.916104110417
800,1992,4.5774082620957,96.2619896798481,"verschoven_geometrisch_gemiddelde_index_plus_1","1984-2025",20,2,96.0717375656789,"Bosvogels","post",4.56707353351225,4.54390879449945,0.0622406523168576,94.0577348727131,83.2557433740037,106.26122752449
800,1993,5.09425002417722,162.081491573385,"verschoven_geometrisch_gemiddelde_index_plus_1","1984-2025",20,0,100.475705162068,"Bosvogels","post",5.0880992431566,4.53286945629151,0.0624052711343512,93.0251099610872,82.3151460078587,105.128539557546
800,1994,4.74334633851667,113.817778688183,"verschoven_geometrisch_gemiddelde_index_plus_1","1984-2025",20,1,100.475705162068,"Bosvogels","post",4.73459873697841,4.51614492702708,0.0626973696180384,91.482246581762,80.9035805927979,103.444141511721
800,1995,4.48647768705149,87.8080844583255,"verschoven_geometrisch_gemiddelde_index_plus_1","1984-2025",20,3,109.986693973922,"Bosvogels","post",4.47515357451519,4.4935821392973,0.0629116830914229,89.4412637863361,79.0653906977242,101.178778693207
800,1996,4.62473749272228,100.976000126619,"verschoven_geometrisch_gemiddelde_index_plus_1","1984-2025",20,2,103.104756955645,"Bosvogels","post",4.61488286609584,4.46526180607861,0.0628972536316326,86.9437889727936,76.8598158301263,98.3507748399096
800,1997,4.35847230966866,77.1376730287097,"verschoven_geometrisch_gemiddelde_index_plus_1","1984-2025",20,4,112.44908264498,"Bosvogels","post",4.3455917867652,4.43150431622216,0.0625833843172776,84.0577713169395,74.3542536892002,95.0276355177399
800,1998,4.32244900104692,74.3729909814918,"verschoven_geometrisch_gemiddelde_index_plus_1","1984-2025",20,4,109.098092959649,"Bosvogels","post",4.30909285148741,4.39285887829239,0.0620020880576453,80.8712899825919,71.6171654173628,91.3212007950105
800,1999,4.38889446960602,79.5513178074132,"verschoven_geometrisch_gemiddelde_index_plus_1","1984-2025",20,3,103.09200569496,"Bosvogels","post",4.37640232042174,4.35007602679665,0.0612872511363583,77.4843535885276,68.7140035409521,87.3741121408217
800,2000,4.08684266419514,58.5515702585554,"verschoven_geometrisch_gemiddelde_index_plus_1","1984-2025",20,4,85.9388526051935,"Bosvogels","post",4.06990790878838,4.30406494037445,0.0606391684844228,73.9999886906016,65.707440595091,83.3390903163298
800,2001,4.16870743293378,63.6318570830599,"verschoven_geometrisch_gemiddelde_index_plus_1","1984-2025",20,4,98.4534145365933,"Bosvogels","post",4.15311424247117,4.2558382827669,0.0602561792680031,70.5159046866475,62.6608074342903,79.3557092125056
800,2002,4.2781649849068,71.1079992621197,"verschoven_geometrisch_gemiddelde_index_plus_1","1984-2025",20,3,98.6597060870557,"Bosvogels","post",4.26419983768354,4.2064483568545,0.0602541831639297,67.1177377380903,59.6414115736394,75.5312558878153
800,2003,3.9219667324474,49.4996665074885,"verschoven_geometrisch_gemiddelde_index_plus_1","1984-2025",20,4,106.37016650584,"Bosvogels","post",3.9019659323295,4.15691916491144,0.0606113246186821,63.8744325617767,56.7196645835823,71.9317218295031
800,2004,4.2327177588774,67.9042430517454,"verschoven_geometrisch_gemiddelde_index_plus_1","1984-2025",20,3,117.795706327194,"Bosvogels","post",4.21809852232868,4.10817942065595,0.0611703600373257,60.8358601774865,53.9622924660851,68.5849639516472
800,2005,4.21167937054186,66.4697514344013,"verschoven_geometrisch_gemiddelde_index_plus_1","1984-2025",20,3,93.9790881080342,"Bosvogels","post",4.19674697853095,4.06100161452121,0.0617005052531091,58.0324080813365,51.4221299832728,65.4924327096968
800,2006,4.29609669739456,72.4126818096527,"verschoven_geometrisch_gemiddelde_index_plus_1","1984-2025",20,3,94.9110175805746,"Bosvogels","post",4.28238144716915,4.01595187873487,0.0619888176805043,55.4760767755521,49.129211464941,62.6428758500052
800,2007,4.101029110033,59.4024163559039,"verschoven_geometrisch_gemiddelde_index_plus_1","1984-2025",20,4,102.596134004774,"Bosvogels","post",4.08433490493354,3.97335465298503,0.0619232415810613,53.1625740237971,47.0864417894524,60.0227829801488
800,2008,3.77050882534552,42.4021433289026,"verschoven_geometrisch_gemiddelde_index_plus_1","1984-2025",20,5,93.756284741551,"Bosvogels","post",3.74719891117026,3.93327506706382,0.0615405837833834,51.073974749134,45.2704962253211,57.6214336969458
800,2009,3.64443801501207,37.261264552156,"verschoven_geometrisch_gemiddelde_index_plus_1","1984-2025",20,6,91.0447442369124,"Bosvogels","post",3.61795430319539,3.89552061510398,0.0610246492730629,49.1816514093031,43.6373005813406,55.4304414599951
800,2010,3.84567820725595,45.7904071860301,"verschoven_geometrisch_gemiddelde_index_plus_1","1984-2025",20,5,115.508336739783,"Bosvogels","post",3.82407461909573,3.85966220043462,0.0606474177485945,47.4493203015869,42.1313981349052,53.4384828595873
800,2011,3.66282468166945,37.971268974225,"verschoven_geometrisch_gemiddelde_index_plus_1","1984-2025",20,6,111.322128562636,"Bosvogels","post",3.63682979412837,3.82507309827283,0.0606601506770484,45.8361507873327,40.6980102458782,51.6229836865767
800,2012,3.69692019681177,39.3229262515041,"verschoven_geometrisch_gemiddelde_index_plus_1","1984-2025",20,6,120.62481340074,"Bosvogels","post",3.67180771396212,3.79098293736743,0.0611707714596301,44.2999229320811,39.2946440277524,49.9427649834999
800,2013,3.57991339737796,34.8704342388858,"verschoven_geometrisch_gemiddelde_index_plus_1","1984-2025",20,6,114.112934014067,"Bosvogels","post",3.55163931368963,3.75654255742225,0.0620709322234261,42.8001906673413,37.8974387354172,48.337206478516
800,2014,3.84394477436571,45.7093694123293,"verschoven_geometrisch_gemiddelde_index_plus_1","1984-2025",20,5,134.113706415989,"Bosvogels","post",3.82230329684988,3.72089465710146,0.0630615829909279,41.3013281110076,36.4993318316697,46.7350939902143
800,2015,3.80932593559761,44.1200148177626,"verschoven_geometrisch_gemiddelde_index_plus_1","1984-2025",20,5,133.439773742137,"Bosvogels","post",3.78691353023662,3.68324458382072,0.0637694513111293,39.7752390324337,35.1019420938723,45.070715342654
800,2016,4.10960248885851,59.9224953849643,"verschoven_geometrisch_gemiddelde_index_plus_1","1984-2025",20,4,119.849589664231,"Bosvogels","post",4.09305198361826,3.64292547647315,0.063905514989474,38.203436659456,33.7058248654258,43.3011972981017
800,2017,3.70612660312535,39.6958695941453,"verschoven_geometrisch_gemiddelde_index_plus_1","1984-2025",20,6,120.202304739211,"Bosvogels","post",3.68124714183082,3.5994522655152,0.0634226080829445,36.5781938175626,32.3024782623111,41.4198642002104
800,2018,3.51919690066661,32.757307103902,"verschoven_geometrisch_gemiddelde_index_plus_1","1984-2025",20,7,120.48646192914,"Bosvogels","post",3.48912605487061,3.55255973441975,0.062650105679614,34.9025444846287,30.8694038681983,39.4626218472741
800,2019,3.42853567954163,29.8314625372407,"verschoven_geometrisch_gemiddelde_index_plus_1","1984-2025",20,7,118.985066210206,"Bosvogels","post",3.39556362639754,3.50222088999407,0.0623702187068325,33.189079463628,29.3700445284239,37.5047097588492
800,2020,3.45913369079818,30.7894251108792,"verschoven_geometrisch_gemiddelde_index_plus_1","1984-2025",20,6,120.469768653438,"Bosvogels","post",3.4271712904688,3.44864318289725,0.0637342766811151,31.4576810199762,27.7635497583313,35.6433418553624
800,2021,4.11391582508929,60.185842134822,"verschoven_geometrisch_gemiddelde_index_plus_1","1984-2025",20,3,119.441530658583,"Bosvogels","post",4.09743714417082,3.39224154572974,0.0678919671075348,29.7325244434099,26.0280106341642,33.9642941676688
800,2022,2.99551365303269,18.9956280674885,"verschoven_geometrisch_gemiddelde_index_plus_1","1984-2025",20,8,120.459442275159,"Bosvogels","post",2.94420885097785,3.33358863991143,0.0754547645852896,28.0387824664052,24.1841461648402,32.507797333005
800,2023,3.14665575747317,22.258153470799,"verschoven_geometrisch_gemiddelde_index_plus_1","1984-2025",20,8,125.07125885523,"Bosvogels","post",3.10270838961233,3.27334398286363,0.0862583813650724,26.3994712848744,22.2931076207127,31.2622222068934
800,2024,3.1886186618014,23.2549000721338,"verschoven_geometrisch_gemiddelde_index_plus_1","1984-2025",20,7,128.266509993867,"Bosvogels","post",3.14651586561818,3.21216462480617,0.0996172352153332,24.8327817436637,20.4281702680635,30.1870916991772
800,2025,3.15490385124694,22.4507822195625,"verschoven_geometrisch_gemiddelde_index_plus_1","1984-2025",20,7,123.701865510099,"Bosvogels","post",3.11132545632347,3.15060063164748,0.114732191184823,23.3500851700408,18.6477507747215,29.2381898511459
900,1958,3.99194028423658,53.1598730292084,"verschoven_geometrisch_gemiddelde_index_plus_1","1958-1983",1,0,0.232169390787519,"Vogels van bebouwing/overige","pre",3.97330384537734,4.18930715144741,0.288347956111123,65.9770630083573,37.4926591371008,116.102003522638
900,1959,4.12460106305099,60.8431328178013,"verschoven_geometrisch_gemiddelde_index_plus_1","1958-1983",2,0,0.992614944810609,"Vogels van bebouwing/overige","pre",4.10829895879716,4.05016577678509,0.241814482951677,57.4069730000879,35.7378156546987,92.2149406352856
900,1960,4.24428073769281,68.705605494259,"verschoven_geometrisch_gemiddelde_index_plus_1","1958-1983",2,0,0.995619275189168,"Vogels van bebouwing/overige","pre",4.22983078970261,3.91395543970571,0.201980952248252,50.096715131599,33.7193809120632,74.4284384556637
900,1961,4.50767789249394,89.7109332172241,"verschoven_geometrisch_gemiddelde_index_plus_1","1958-1983",3,0,0.999600159936026,"Vogels van bebouwing/overige","pre",4.49659264811684,3.78495121884498,0.172604097286535,44.0335225002709,31.3949542762706,61.7599594737232
900,1962,3.04735991837891,20.0596717123939,"verschoven_geometrisch_gemiddelde_index_plus_1","1958-1983",1,0,0.39984006397441,"Vogels van bebouwing/overige","pre",2.99871141711542,3.66841055830746,0.156559468054687,39.1895667998933,28.8339640881565,53.264342747591
900,1963,3.79855516470375,43.6366452796551,"verschoven_geometrisch_gemiddelde_index_plus_1","1958-1983",1,0,0.381155663973167,"Vogels van bebouwing/overige","pre",3.77589728540817,3.56984694282864,0.153023016086716,35.5111574983377,26.3092827004229,47.9314590683036
900,1964,2.98745435598892,18.8351250010126,"verschoven_geometrisch_gemiddelde_index_plus_1","1958-1983",1,0,0.563147619762727,"Vogels van bebouwing/overige","pre",2.93572347775658,3.49439646923496,0.157063367550208,32.9304074403621,24.2048316655791,44.8014573772211
900,1965,3.78600618666169,43.0800009616945,"verschoven_geometrisch_gemiddelde_index_plus_1","1958-1983",1,0,0.376293508936971,"Vogels van bebouwing/overige","pre",3.76305887461164,3.44629555489862,0.162876529381476,31.3839167067036,22.8067730926189,43.186742107417
900,1966,3.08887108679188,20.9522817611812,"verschoven_geometrisch_gemiddelde_index_plus_1","1958-1983",3,0,0.741427247451344,"Vogels van bebouwing/overige","pre",3.04224755505223,3.42848516434213,0.166513953939594,30.8299051190968,22.2450122428177,42.7279175788899
900,1967,3.95951642808074,51.4319651916797,"verschoven_geometrisch_gemiddelde_index_plus_1","1958-1983",4,0,2.0924149956408,"Vogels van bebouwing/overige","pre",3.94025987005582,3.44235184823591,0.166398204391407,31.2603914790144,22.5607431611753,43.3147112415569
900,1968,3.47397921691869,31.2648762810911,"verschoven_geometrisch_gemiddelde_index_plus_1","1958-1983",5,0,1.42857142857143,"Vogels van bebouwing/overige","pre",3.44249530390576,3.48760923172105,0.162897441837929,32.7076577263513,23.767764877611,45.0101589044193
900,1969,3.27970077107646,25.567821649668,"verschoven_geometrisch_gemiddelde_index_plus_1","1958-1983",4,0,0.892857142857143,"Vogels van bebouwing/overige","pre",3.24133459403028,3.56231607459502,0.157749586712557,35.2447321167847,25.8711095477481,48.0146063968115
900,1970,3.4647312392194,30.967866909605,"verschoven_geometrisch_gemiddelde_index_plus_1","1958-1983",4,0,1.42222222222222,"Vogels van bebouwing/overige","pre",3.43295011559125,3.6630193822816,0.153353404522359,38.9788574428664,28.8597159056377,52.646094387038
900,1971,3.7205732517682,40.2880557768958,"verschoven_geometrisch_gemiddelde_index_plus_1","1958-1983",4,0,1.78094390026714,"Vogels van bebouwing/overige","pre",3.6960550423153,3.78500396956595,0.151791860783848,44.0358453615955,32.7038210392429,59.2944682024607
900,1972,3.9576109684953,51.3321533249606,"verschoven_geometrisch_gemiddelde_index_plus_1","1958-1983",4,0,2.83436669619132,"Vogels van bebouwing/overige","pre",3.93831732630522,3.9226239863182,0.153817333511854,50.5328685186548,37.3802321532312,68.3134013254895
900,1973,3.94945916849397,50.9072861463148,"verschoven_geometrisch_gemiddelde_index_plus_1","1958-1983",4,0,2.97462817147857,"Vogels van bebouwing/overige","pre",3.93000605960505,4.06968770306385,0.158490244372107,58.5386782870996,42.9075080780184,79.8642710588008
900,1974,4.27187724613229,70.656025434975,"verschoven_geometrisch_gemiddelde_index_plus_1","1958-1983",4,0,3.5866780529462,"Vogels van bebouwing/overige","pre",4.25782339119774,4.21986466779183,0.163798265356796,68.024277790743,49.3441919362784,93.7760288977421
900,1975,4.41903806242298,82.0163903521116,"verschoven_geometrisch_gemiddelde_index_plus_1","1958-1983",5,0,5.63124432334241,"Vogels van bebouwing/overige","pre",4.40691910963326,4.36708435175132,0.167693645387261,78.8135039220823,56.7357660723084,109.482409959171
900,1976,4.72750534155192,112.013280861259,"verschoven_geometrisch_gemiddelde_index_plus_1","1958-1983",6,0,6.47149460708783,"Vogels van bebouwing/overige","pre",4.71861744338353,4.5058975852429,0.168913613726877,90.5495835536731,65.0285823911808,126.086511196277
900,1977,4.91497336560461,135.315679068499,"verschoven_geometrisch_gemiddelde_index_plus_1","1958-1983",5,0,8.09716599190283,"Vogels van bebouwing/overige","pre",4.90761041219148,4.63177625080847,0.167503484701774,102.69631661491,73.9559333675143,142.605643199176
900,1978,5.01019273497689,148.933630819322,"verschoven_geometrisch_gemiddelde_index_plus_1","1958-1983",6,0,8.46394984326019,"Vogels van bebouwing/overige","pre",5.00350077596891,4.74133249915432,0.165256462023801,114.586786794314,82.8829882986115,158.417691945905
900,1979,4.83673056704854,125.056543855767,"verschoven_geometrisch_gemiddelde_index_plus_1","1958-1983",5,0,6.43642072213501,"Vogels van bebouwing/overige","pre",4.82876598586863,4.83244570529505,0.166132535402555,125.517564542785,90.6336843510882,173.827855742058
900,1980,4.85585266611398,127.490203761992,"verschoven_geometrisch_gemiddelde_index_plus_1","1958-1983",5,0,6.89655172413793,"Vogels van bebouwing/overige","pre",4.84803952840738,4.90429292748146,0.176091276159051,134.86751517163,95.5026529048964,190.458024937621
900,1981,5.13934229391835,169.603524438054,"verschoven_geometrisch_gemiddelde_index_plus_1","1958-1983",5,0,9.87460815047022,"Vogels van bebouwing/overige","pre",5.13346350402663,4.9572861719125,0.201287208932857,142.207345465777,95.8479654052522,210.989654489992
900,1982,4.70970933172391,110.019885256659,"verschoven_geometrisch_gemiddelde_index_plus_1","1958-1983",6,0,7.78790389395195,"Vogels van bebouwing/overige","pre",4.70066112451511,4.99292671798077,0.245498980877663,147.367094887807,91.0809540010537,238.436903673855
900,1983,4.90190170318685,133.545401968742,"verschoven_geometrisch_gemiddelde_index_plus_1","1958-1983",7,0,9.09090909090909,"Vogels van bebouwing/overige","pre",4.89444150967642,5.01359259902117,0.309775995573852,150.444252309735,81.9764202263662,276.097358124887
900,1984,4.25949229742086,69.7740421675621,"verschoven_geometrisch_gemiddelde_index_plus_1","1984-2025",7,1,14.2242519075582,"Vogels van bebouwing/overige","post",4.24526205188369,4.20562713997982,0.23965423102752,67.0626421450815,41.9259449773679,107.270044215032
900,1985,4.47802837378288,87.0608782668508,"verschoven_geometrisch_gemiddelde_index_plus_1","1984-2025",7,1,15.0093939703389,"Vogels van bebouwing/overige","post",4.46660762413726,4.09086437681934,0.210118742398948,59.7915518054049,39.6080207410627,90.2602452839075
900,1986,4.1731919342236,63.9223495997103,"verschoven_geometrisch_gemiddelde_index_plus_1","1984-2025",7,1,11.7981289267108,"Vogels van bebouwing/overige","post",4.15766905922597,3.97801323083335,0.185669157695598,53.4108137866859,37.1179871792175,76.8553266528763
900,1987,4.22128499368183,67.1209630796937,"verschoven_geometrisch_gemiddelde_index_plus_1","1984-2025",7,1,12.3445159927724,"Vogels van bebouwing/overige","post",4.20649641068077,3.86771508321055,0.166236593906085,47.8329667725491,34.5321702010968,66.256846787785
900,1988,3.52656503204198,33.006953963522,"verschoven_geometrisch_gemiddelde_index_plus_1","1984-2025",7,2,10.8469038805994,"Vogels van bebouwing/overige","post",3.49671826543417,3.76062911794558,0.151533606136569,42.9754541053291,31.9324664703533,57.8373630259325
900,1989,3.51219553160069,32.5217851882134,"verschoven_geometrisch_gemiddelde_index_plus_1","1984-2025",7,2,10.2088507111524,"Vogels van bebouwing/overige","post",3.48191017825944,3.65741114751733,0.141072463110515,38.7608667024668,29.3974848045915,51.1065758690943
900,1990,4.03306636546586,55.433692532354,"verschoven_geometrisch_gemiddelde_index_plus_1","1984-2025",7,1,10.5043276841416,"Vogels van bebouwing/overige","post",4.01518757734779,3.55869175813275,0.134214109032532,35.1172252561465,26.9944720034456,45.6841500561124
900,1991,3.81404695553111,44.3335309174274,"verschoven_geometrisch_gemiddelde_index_plus_1","1984-2025",7,1,7.91810230484387,"Vogels van bebouwing/overige","post",3.79174129632779,3.46505467796366,0.130231565513739,31.9782082286366,24.7741509589641,41.2771280520526
900,1992,3.22177270313396,24.0725269568064,"verschoven_geometrisch_gemiddelde_index_plus_1","1984-2025",7,2,8.97104510375609,"Vogels van bebouwing/overige","post",3.18107122994916,3.37701626717283,0.128370035464003,29.2832671884442,22.7692512797827,37.6608666966231
900,1993,3.43542864288857,30.044716811028,"verschoven_geometrisch_gemiddelde_index_plus_1","1984-2025",7,2,10.7652541245073,"Vogels van bebouwing/overige","post",3.40268683224731,3.2950069823351,0.127897626873631,26.9776024359025,20.9959095131611,34.6634677927813
900,1994,2.62901496916224,12.8601105394915,"verschoven_geometrisch_gemiddelde_index_plus_1","1984-2025",7,3,9.78659465864301,"Vogels van bebouwing/overige","post",2.5541303143784,3.21935558275236,0.128151692111091,25.0119968246596,19.4564428319825,32.1538726559215
900,1995,2.5279388566805,11.5276582086513,"verschoven_geometrisch_gemiddelde_index_plus_1","1984-2025",7,3,10.1778731737062,"Vogels van bebouwing/overige","post",2.44474920945922,3.15027672669352,0.128585520970946,23.3425231865269,18.1423522012799,30.0332273714269
900,1996,2.18278133101061,7.87094501302995,"verschoven_geometrisch_gemiddelde_index_plus_1","1984-2025",7,4,7.90728211238781,"Vogels van bebouwing/overige","post",2.06317813311507,3.08786245796508,0.128812149217937,21.93015121961,17.0370544492233,28.2285611018217
900,1997,2.14163178009916,7.51331816397344,"verschoven_geometrisch_gemiddelde_index_plus_1","1984-2025",7,4,8.20796223685987,"Vogels van bebouwing/overige","post",2.01667720094948,3.03207791493817,0.128635060049766,20.7402843916669,16.1182665510229,26.6876959309201
900,1998,2.82025228565785,15.7810837649001,"verschoven_geometrisch_gemiddelde_index_plus_1","1984-2025",7,3,9.06189371488943,"Vogels van bebouwing/overige","post",2.75881199271085,2.98276141360568,0.12805336707029,19.7422579824419,15.3601549283213,25.3745324877323
900,1999,3.81127096324669,44.2078598969698,"verschoven_geometrisch_gemiddelde_index_plus_1","1984-2025",7,1,6.89468827896229,"Vogels van bebouwing/overige","post",3.78890259899783,2.93962887222915,0.127231380607831,18.9088274189132,14.7354383734802,24.2642088613885
900,2000,3.2748313243545,25.4387655285889,"verschoven_geometrisch_gemiddelde_index_plus_1","1984-2025",7,2,5.61233323135958,"Vogels van bebouwing/overige","post",3.23627421247494,2.90228236641572,0.126429460176786,18.215672800849,14.2175998679151,23.3380274216597
900,2001,3.96069948659561,51.4940319816343,"verschoven_geometrisch_gemiddelde_index_plus_1","1984-2025",7,1,6.97701362857748,"Vogels van bebouwing/overige","post",3.94146591710288,2.87022243828412,0.125906149146207,17.6409417842642,13.783143857302,22.5785082313371
900,2002,3.47713201708904,31.3667615160235,"verschoven_geometrisch_gemiddelde_index_plus_1","1984-2025",7,1,5.90973281053911,"Vogels van bebouwing/overige","post",3.44574878180888,2.84286363904125,0.125818855389191,17.1648491569015,13.4134600276275,21.9654023624281
900,2003,3.90973031245603,48.88549666205,"verschoven_geometrisch_gemiddelde_index_plus_1","1984-2025",7,0,4.98861597833743,"Vogels van bebouwing/overige","post",3.88948076071067,2.81955266679627,0.126161400226269,16.7693475081125,13.0956003460889,21.4737017331035
900,2004,2.41875500230836,10.2318669580277,"verschoven_geometrisch_gemiddelde_index_plus_1","1984-2025",7,3,4.34492359403583,"Vogels van bebouwing/overige","post",2.32550706165367,2.79958837520515,0.126767706465427,16.4378791397014,12.8215028361765,21.0742745264648
900,2005,2.59319436539396,12.3724198450833,"verschoven_geometrisch_gemiddelde_index_plus_1","1984-2025",7,3,4.82769288226203,"Vogels van bebouwing/overige","post",2.51546978934915,2.78224287620903,0.127381292436912,16.1552144902695,12.585879904054,20.7368064224533
900,2006,1.93400182587568,5.91713610201027,"verschoven_geometrisch_gemiddelde_index_plus_1","1984-2025",7,4,4.59531928695519,"Vogels van bebouwing/overige","post",1.7778525652908,2.76678294250232,0.127759659828712,15.9073766597284,12.3836122926352,20.4338303085412
900,2007,2.51526838897946,11.3699282860614,"verschoven_geometrisch_gemiddelde_index_plus_1","1984-2025",7,3,4.56707750736674,"Vogels van bebouwing/overige","post",2.43097200044805,2.75249093141517,0.127770952398001,15.6816451769104,12.2076141133307,20.1443126536886
900,2008,2.40669744400149,10.0972512664792,"verschoven_geometrisch_gemiddelde_index_plus_1","1984-2025",7,3,3.59908962539543,"Vogels van bebouwing/overige","post",2.31226323497344,2.73868449890974,0.127447950376997,15.4666253451344,12.0478535588148,19.8555284888676
900,2009,3.0760232530808,20.6720465579643,"verschoven_geometrisch_gemiddelde_index_plus_1","1984-2025",7,2,4.00930983795578,"Vogels van bebouwing/overige","post",3.02878237982116,2.7247344461951,0.126979967911036,15.2523630659764,11.8918549655009,19.5625139871996
900,2010,3.27980959582449,25.5707130434897,"verschoven_geometrisch_gemiddelde_index_plus_1","1984-2025",7,1,3.5660291879396,"Vogels van bebouwing/overige","post",3.24144767485444,2.71008013672957,0.126640506085398,15.0304799601225,11.7266583895296,19.265106932198
900,2011,2.59488044980063,12.3949858924478,"verschoven_geometrisch_gemiddelde_index_plus_1","1984-2025",7,3,4.03116342984477,"Vogels van bebouwing/overige","post",2.51729202732175,2.69424203196613,0.1266703026657,14.7943008952738,11.5417193302803,18.9634951879032
900,2012,2.46673758693053,10.7839399933168,"verschoven_geometrisch_gemiddelde_index_plus_1","1984-2025",7,3,3.87611868254304,"Vogels van bebouwing/overige","post",2.37805798973652,2.67683101356085,0.127160905075345,14.538946490931,11.33160404015,18.6541079548131
900,2013,3.29191697365134,25.8943700707005,"verschoven_geometrisch_gemiddelde_index_plus_1","1984-2025",7,2,4.03116342984477,"Vogels van bebouwing/overige","post",3.25402557328919,2.65755428134237,0.12799740980171,14.2613671197691,11.0970505648452,18.3279864263346
900,2014,2.51030036680143,11.3086266081269,"verschoven_geometrisch_gemiddelde_index_plus_1","1984-2025",7,3,3.87611868254304,"Vogels van bebouwing/overige","post",2.42556585111242,2.63621773393251,0.128901077209284,13.9603020501796,10.8435628976437,17.9728780265201
900,2015,2.49713158301202,11.147599557845,"verschoven_geometrisch_gemiddelde_index_plus_1","1984-2025",7,3,4.41248966764192,"Vogels van bebouwing/overige","post",2.41122418843678,2.61272484700817,0.129568817249455,13.6361567158011,10.5779322222687,17.5785556260642
900,2016,2.74735677176079,14.601339434582,"verschoven_geometrisch_gemiddelde_index_plus_1","1984-2025",7,3,4.18620817714649,"Vogels van bebouwing/overige","post",2.6811132666009,2.58707215826688,0.129868972160596,13.2908012190002,10.3039670630087,17.1434357236191
900,2017,2.52146964446075,11.446875710379,"verschoven_geometrisch_gemiddelde_index_plus_1","1984-2025",7,3,3.34740595476284,"Vogels van bebouwing/overige","post",2.43771682904381,2.55934154483086,0.130039568086999,12.9273024633964,10.0188066462189,16.6801451391624
900,2018,2.46674477894703,10.7840247439124,"verschoven_geometrisch_gemiddelde_index_plus_1","1984-2025",7,3,3.27408863937882,"Vogels van bebouwing/overige","post",2.37806584866958,2.52968953600155,0.130827809434765,12.5496093298989,9.7110754149205,16.217842783005
900,2019,2.51749234474705,11.3974690728123,"verschoven_geometrisch_gemiddelde_index_plus_1","1984-2025",7,3,3.651715587014,"Vogels van bebouwing/overige","post",2.43339131959551,2.49833394115737,0.133482518495705,12.1622141073204,9.36246120246506,15.7992058704989
900,2020,3.06506396664034,20.4358331215554,"verschoven_geometrisch_gemiddelde_index_plus_1","1984-2025",7,2,3.72107393524132,"Vogels van bebouwing/overige","post",3.01728988552972,2.46553808960492,0.139494426422871,11.7698136627513,8.95425657156788,15.4706884428297
900,2021,3.66160180188873,37.9236409249921,"verschoven_geometrisch_gemiddelde_index_plus_1","1984-2025",7,1,4.71679929989309,"Vogels van bebouwing/overige","post",3.63557468873202,2.43159297787429,0.150091365756222,11.3769909475148,8.47748563891045,15.2681972619029
900,2022,2.45427747261251,10.6380217209278,"verschoven_geometrisch_gemiddelde_index_plus_1","1984-2025",7,3,4.06957575253915,"Vogels van bebouwing/overige","post",2.36443453814243,2.39679760271391,0.165759947526848,10.9879322534848,7.9399589527059,15.2059545806625
900,2023,2.60663158247554,12.5533206330994,"verschoven_geometrisch_gemiddelde_index_plus_1","1984-2025",7,3,3.651715587014,"Vogels van bebouwing/overige","post",2.52998522285827,2.36143772796902,0.186143082222225,10.6061893108783,7.36395598876304,15.2759266717298
900,2024,1.97539610706744,6.2094748122346,"verschoven_geometrisch_gemiddelde_index_plus_1","1984-2025",7,4,3.651715587014,"Vogels van bebouwing/overige","post",1.82607632107026,2.32576329410178,0.210330419946405,10.2344890302628,6.77687221987246,15.4562108170517
900,2025,1.77869635994253,4.92213105686841,"verschoven_geometrisch_gemiddelde_index_plus_1","1984-2025",7,4,2.7387866902605,"Vogels van bebouwing/overige","post",1.59374157836538,2.28996463396859,0.237265634694309,9.87458844999244,6.20232356237332,15.7211238781959
