"jaar","groep_100","soort_id","soort_naam","territoria","surveyed_km2","density_per_km2","periode","index_raw","bridge_factor","index_spliced","log_index_spliced"
1958,100,1,"Dodaars",14,4.3072,3.25037147102526,"1958-1983",92.1473032968761,1.25723833135419,92.1473032968761,4.52338841941064
1959,100,1,"Dodaars",48,5.0372,9.52910347018185,"1958-1983",270.14794937798,1.25723833135419,270.14794937798,5.59896976958194
1960,100,1,"Dodaars",32,5.022,6.37196336121067,"1958-1983",180.643734316575,1.25723833135419,180.643734316575,5.19652677288793
1961,100,1,"Dodaars",26,5.002,5.19792083166733,"1958-1983",147.359891525789,1.25723833135419,147.359891525789,4.99287783638966
1962,100,1,"Dodaars",23,5.002,4.59816073570572,"1958-1983",130.356827118967,1.25723833135419,130.356827118967,4.87027551429732
1963,100,1,"Dodaars",15,5.2472,2.85866747979875,"1958-1983",81.0425828660262,1.25723833135419,81.0425828660262,4.39497473092842
1964,100,1,"Dodaars",19,5.3272,3.56660159183061,"1958-1983",101.112356403334,1.25723833135419,101.112356403334,4.61623233817577
1965,100,1,"Dodaars",24,5.315,4.51552210724365,"1958-1983",128.014040508632,1.25723833135419,128.014040508632,4.85213994937764
1966,100,1,"Dodaars",17,5.395,3.15106580166821,"1958-1983",89.3320098096807,1.25723833135419,89.3320098096807,4.49235987616972
1967,100,1,"Dodaars",30,5.735,5.231037489102,"1958-1983",148.298741347729,1.25723833135419,148.298741347729,4.99922876190442
1968,100,1,"Dodaars",21,5.6,3.75,"1958-1983",106.311660203653,1.25723833135419,106.311660203653,4.66637497080592
1969,100,1,"Dodaars",12,5.6,2.14285714285714,"1958-1983",60.7495201163732,1.25723833135419,60.7495201163732,4.1067591828705
1970,100,1,"Dodaars",10,5.625,1.77777777777778,"1958-1983",50.3996018743244,1.25723833135419,50.3996018743244,3.91998327572716
1971,100,1,"Dodaars",15,5.615,2.67141585040071,"1958-1983",75.7340411067876,1.25723833135419,75.7340411067876,4.32722774373541
1972,100,1,"Dodaars",11,5.645,1.94862710363153,"1958-1983",55.2431420013078,1.25723833135419,55.2431420013078,4.01174420602035
1973,100,1,"Dodaars",14,5.715,2.44969378827647,"1958-1983",69.448270299266,1.25723833135419,69.448270299266,4.24058216319209
1974,100,1,"Dodaars",15,5.855,2.56191289496157,"1958-1983",72.6296568428031,1.25723833135419,72.6296568428031,4.28537333487613
1975,100,1,"Dodaars",11,5.505,1.99818346957312,"1958-1983",56.648053877817,1.25723833135419,56.648053877817,4.03685763344733
1976,100,1,"Dodaars",20,6.49,3.08166409861325,"1958-1983",87.364487070285,1.25723833135419,87.364487070285,4.47008887366159
1977,100,1,"Dodaars",19,6.175,3.07692307692308,"1958-1983",87.2300801671,1.25723833135419,87.2300801671,4.468549227476
1978,100,1,"Dodaars",22,6.38,3.44827586206897,"1958-1983",97.7578484631293,1.25723833135419,97.7578484631293,4.58249348682522
1979,100,1,"Dodaars",25,6.37,3.92464678178964,"1958-1983",111.262857355995,1.25723833135419,111.262857355995,4.71189548610773
1980,100,1,"Dodaars",21,6.38,3.29153605015674,"1958-1983",93.3143098966234,1.25723833135419,93.3143098966234,4.53597347119033
1981,100,1,"Dodaars",23,6.38,3.60501567398119,"1958-1983",102.201387029635,1.25723833135419,102.201387029635,4.62694524939605
1982,100,1,"Dodaars",12,6.035,1.9884009942005,"1958-1983",56.3707228917465,1.25723833135419,56.3707228917465,4.03194992606211
1983,100,1,"Dodaars",11,6.38,1.72413793103448,"1958-1983",48.8789242315647,1.25723833135419,48.8789242315647,3.88934630626527
1984,100,1,"Dodaars",16,3.02300608,5.2927448958356,"1984-2025",102.697715407917,1.25723833135419,129.115504353338,4.86070738632982
1985,100,1,"Dodaars",8,5.13012052,1.55941755535989,"1984-2025",30.2581408048717,1.25723833135419,38.0416944553972,3.63868278072817
1986,100,1,"Dodaars",7,4.23796013,1.65173804973951,"1984-2025",32.049480467884,1.25723833135419,40.2938353442114,3.6961984881254
1987,100,1,"Dodaars",6,5.02247314,1.19463057994572,"1984-2025",23.1800008750452,1.25723833135419,29.1427856209306,3.37220739060214
1988,100,1,"Dodaars",10,4.70180252,2.12684389815674,"1984-2025",41.2681913957016,1.25723833135419,51.8839520883374,3.9490095340399
1989,100,1,"Dodaars",25,4.70180252,5.31710974539186,"1984-2025",103.170478489254,1.25723833135419,129.709880220843,4.86530026591405
1990,100,1,"Dodaars",41,4.85514176,8.44465558921188,"1984-2025",163.855778709667,1.25723833135419,206.005765807684,5.32790415775558
1991,100,1,"Dodaars",32,5.55688703,5.75861985806827,"1984-2025",111.737314940607,1.25723833135419,140.480435385927,4.9450682291554
1992,100,1,"Dodaars",44,6.1308353,7.17683608300487,"1984-2025",139.255657336068,1.25723833135419,175.077550260829,5.16522902011165
1993,100,1,"Dodaars",50,6.1308353,8.15549554886917,"1984-2025",158.245065154623,1.25723833135419,198.951761660033,5.29306239162154
1994,100,1,"Dodaars",50,6.1308353,8.15549554886917,"1984-2025",158.245065154623,1.25723833135419,198.951761660033,5.29306239162154
1995,100,1,"Dodaars",51,6.09164596,8.37212148159707,"1984-2025",162.448363977275,1.25723833135419,204.236310058008,5.31927770607402
1996,100,1,"Dodaars",44,6.44975091,6.82196888127576,"1984-2025",132.369995622152,1.25723833135419,166.420632417356,5.11451851359339
1997,100,1,"Dodaars",32,6.09164596,5.25309583159032,"1984-2025",101.928385240643,1.25723833135419,128.148272977573,4.85318797614942
1998,100,1,"Dodaars",33,5.62796272,5.86357828610492,"1984-2025",113.773874605641,1.25723833135419,143.040876260897,4.96313043739146
1999,100,1,"Dodaars",40,6.09164596,6.5663697894879,"1984-2025",127.410481550804,1.25723833135419,160.185341221967,5.07633152746363
2000,100,1,"Dodaars",36,5.70172844,6.31387488527952,"1984-2025",122.51119954786,1.25723833135419,154.025776091752,5.03711996562679
2001,100,1,"Dodaars",36,6.44975091,5.58161090286198,"1984-2025",108.302723690851,1.25723833135419,136.1623356142,4.91384781813124
2002,100,1,"Dodaars",35,6.09164596,5.74557356580191,"1984-2025",111.484171356953,1.25723833135419,140.162173569221,4.9428001348391
2003,100,1,"Dodaars",34,6.2141484,5.47138526656364,"1984-2025",106.1639618102,1.25723833135419,133.473402196207,4.89390222350513
2004,100,1,"Dodaars",32,6.2141484,5.14953907441283,"1984-2025",99.9190228801884,1.25723833135419,125.62202559643,4.8332776016887
2005,100,1,"Dodaars",28,6.2141484,4.50584669011123,"1984-2025",87.4291450201649,1.25723833135419,109.919272396876,4.69974620906418
2006,100,1,"Dodaars",27,5.65793112,4.77206233645347,"1984-2025",92.5946572870987,1.25723833135419,116.413552419945,4.75714895824454
2007,100,1,"Dodaars",34,6.1308353,5.54573697323104,"1984-2025",107.606644305143,1.25723833135419,135.287197928823,4.90739991080955
2008,100,1,"Dodaars",30,6.02064405,4.98285561326284,"1984-2025",96.6847822369529,1.25723833135419,121.55581428693,4.80037353414652
2009,100,1,"Dodaars",25,5.98606767,4.17636441453727,"1984-2025",81.0360394322739,1.25723833135419,101.881614995385,4.62381150192304
2010,100,1,"Dodaars",20,6.44975091,3.10089494603444,"1984-2025",60.1681798282508,1.25723833135419,75.6457420078891,4.32606115322912
2011,100,1,"Dodaars",17,6.44975091,2.63576070412927,"1984-2025",51.1429528540131,1.25723833135419,64.2988807067057,4.16354222373134
2012,100,1,"Dodaars",20,6.44975091,3.10089494603444,"1984-2025",60.1681798282508,1.25723833135419,75.6457420078891,4.32606115322912
2013,100,1,"Dodaars",37,6.44975091,5.73665565016371,"1984-2025",111.311132682264,1.25723833135419,139.944622714595,4.94124679231935
2014,100,1,"Dodaars",31,6.44975091,4.80638716635337,"1984-2025",93.2606787337887,1.25723833135419,117.250900112228,4.76431608416027
2015,100,1,"Dodaars",33,6.57225335,5.02110893214426,"1984-2025",97.4270300749288,1.25723833135419,122.488996720198,4.80802120325822
2016,100,1,"Dodaars",30,6.44975091,4.65134241905165,"1984-2025",90.2522697423761,1.25723833135419,113.468613011834,4.73152626133728
2017,100,1,"Dodaars",34,6.57225335,5.17326374826984,"1984-2025",100.379364319624,1.25723833135419,126.200784499598,4.83787416640791
2018,100,1,"Dodaars",24,6.57225335,3.651715587014,"1984-2025",70.8560218726755,1.25723833135419,89.0829067055989,4.48956747213969
2019,100,1,"Dodaars",36,6.57225335,5.47757338052101,"1984-2025",106.284032809013,1.25723833135419,133.624360058398,4.89503258024785
2020,100,1,"Dodaars",44,6.44975091,6.82196888127576,"1984-2025",132.369995622152,1.25723833135419,166.420632417356,5.11451851359339
2021,100,1,"Dodaars",31,6.57225335,4.71679929989309,"1984-2025",91.5223615855392,1.25723833135419,115.065421161399,4.74550084627689
2022,100,1,"Dodaars",42,6.57225335,6.39050227727451,"1984-2025",123.998038277182,1.25723833135419,155.895086734798,5.04918326007511
2023,100,1,"Dodaars",37,6.57225335,5.62972819664659,"1984-2025",109.236367053708,1.25723833135419,137.336147837798,4.92243155443597
2024,100,1,"Dodaars",30,6.57225335,4.5646444837675,"1984-2025",88.5700273408443,1.25723833135419,111.353633381999,4.7127110234539
2025,100,1,"Dodaars",33,6.57225335,5.02110893214425,"1984-2025",97.4270300749288,1.25723833135419,122.488996720198,4.80802120325822
1964,100,2,"Fuut",1,5.3272,0.187715873254242,"1958-1983",5.67243651292615,1.44585824227159,5.67243651292615,1.73561874552922
1965,100,2,"Fuut",4,5.315,0.752587017873942,"1958-1983",22.7418278770726,1.44585824227159,22.7418278770726,3.12420586666947
1966,100,2,"Fuut",5,5.395,0.92678405931418,"1958-1983",28.005749575218,1.44585824227159,28.005749575218,3.3324098310675
1967,100,2,"Fuut",7,5.735,1.2205754141238,"1958-1983",36.883596607083,1.44585824227159,36.883596607083,3.60776691581747
1968,100,2,"Fuut",9,5.6,1.60714285714286,"1958-1983",48.5649703794539,1.44585824227159,48.5649703794539,3.88290249693861
1969,100,2,"Fuut",7,5.6,1.25,"1958-1983",37.7727547395752,1.44585824227159,37.7727547395752,3.6315880686577
1970,100,2,"Fuut",10,5.625,1.77777777777778,"1958-1983",53.7212511851736,1.44585824227159,53.7212511851736,3.98380866224706
1971,100,2,"Fuut",6,5.615,1.06856634016028,"1958-1983",32.290155431872,1.44585824227159,32.290155431872,3.47476239838114
1972,100,2,"Fuut",12,5.645,2.12577502214349,"1958-1983",64.2371028343529,1.44585824227159,64.2371028343529,4.16258096952987
1973,100,2,"Fuut",14,5.715,2.44969378827647,"1958-1983",74.0253461213023,1.44585824227159,74.0253461213023,4.30440754971198
1974,100,2,"Fuut",17,5.855,2.90350128095645,"1958-1983",87.7385934172883,1.44585824227159,87.7385934172883,4.47436186435003
1975,100,2,"Fuut",20,5.505,3.6330608537693,"1958-1983",109.784573266704,1.44585824227159,109.784573266704,4.69852002072284
1976,100,2,"Fuut",23,6.49,3.54391371340524,"1958-1983",107.090706811739,1.44585824227159,107.090706811739,4.67367620255665
1977,100,2,"Fuut",30,6.175,4.8582995951417,"1958-1983",146.809087246932,1.44585824227159,146.809087246932,4.98913301649161
1978,100,2,"Fuut",33,6.38,5.17241379310345,"1958-1983",156.301054094794,1.44585824227159,156.301054094794,5.05178398145328
1979,100,2,"Fuut",28,6.37,4.3956043956044,"1958-1983",132.827269413891,1.44585824227159,132.827269413891,4.88904955793463
1980,100,2,"Fuut",39,6.38,6.1128526645768,"1958-1983",184.719427566575,1.44585824227159,184.719427566575,5.21883806611644
1981,100,2,"Fuut",39,6.38,6.1128526645768,"1958-1983",184.719427566575,1.44585824227159,184.719427566575,5.21883806611644
1982,100,2,"Fuut",46,6.035,7.6222038111019,"1958-1983",230.329308105446,1.44585824227159,230.329308105446,5.4395100592831
1983,100,2,"Fuut",54,6.38,8.46394984326019,"1958-1983",255.765361246027,1.44585824227159,255.765361246027,5.54426046655107
1984,100,2,"Fuut",17,3.02300608,5.62354145182533,"1984-2025",116.918156615528,1.44585824227159,169.047080413761,5.13017725845617
1985,100,2,"Fuut",36,5.13012052,7.0173789991195,"1984-2025",145.897211548651,1.44585824227159,210.946685842058,5.35160542781436
1986,100,2,"Fuut",41,4.23796013,9.67446571990284,"1984-2025",201.140279288598,1.44585824227159,290.820330662228,5.67270565608431
1987,100,2,"Fuut",37,5.02247314,7.36688857633194,"1984-2025",153.163809623408,1.44585824227159,221.453156561721,5.40021108432822
1988,100,2,"Fuut",33,4.70180252,7.01858486391725,"1984-2025",145.922282492022,1.44585824227159,210.982934872172,5.35177725282225
1989,100,2,"Fuut",31,4.70180252,6.5932160842859,"1984-2025",137.078507795536,1.44585824227159,198.196090334465,5.28925689584091
1990,100,2,"Fuut",41,4.85514176,8.44465558921188,"1984-2025",175.571492306363,1.44585824227159,253.851489259078,5.53674940806549
1991,100,2,"Fuut",35,5.55688703,6.29849046976217,"1984-2025",130.950914382614,1.44585824227159,189.336458893104,5.24352563815501
1992,100,2,"Fuut",50,6.1308353,8.15549554886917,"1984-2025",169.559611861743,1.44585824227159,245.159162366672,5.50190764193145
1993,100,2,"Fuut",56,6.1308353,9.13415501473347,"1984-2025",189.906765285152,1.44585824227159,274.578261850673,5.61523632723846
1994,100,2,"Fuut",48,6.1308353,7.82927572691441,"1984-2025",162.777227387273,1.44585824227159,235.352795872005,5.4610856474112
1995,100,2,"Fuut",37,6.09164596,6.0738920552763,"1984-2025",126.281324440865,1.44585824227159,182.584893787796,5.20721523630383
1996,100,2,"Fuut",43,6.44975091,6.66692413397404,"1984-2025",138.610960142706,1.44585824227159,200.41179919151,5.30037424567861
1997,100,2,"Fuut",30,6.09164596,4.92477734211592,"1984-2025",102.39026306016,1.44585824227159,148.041805773889,4.99749470532176
1998,100,2,"Fuut",31,5.62796272,5.50820990512887,"1984-2025",114.520316756983,1.44585824227159,165.580143890636,5.10945533072004
1999,100,2,"Fuut",32,6.09164596,5.25309583159032,"1984-2025",109.216280597504,1.44585824227159,157.911259492148,5.06203322645933
2000,100,2,"Fuut",32,5.70172844,5.61233323135958,"1984-2025",116.685128285067,1.44585824227159,168.710154481481,5.12818218028033
2001,100,2,"Fuut",27,6.44975091,4.18620817714649,"1984-2025",87.0347889268157,1.44585824227159,125.839966934204,4.83501099598937
2002,100,2,"Fuut",26,6.09164596,4.26814036316713,"1984-2025",88.7382279854724,1.44585824227159,128.30289833737,4.85439386168109
2003,100,2,"Fuut",23,6.2141484,3.70123120973423,"1984-2025",76.951709871281,1.44585824227159,111.261263974283,4.71188116512804
2004,100,2,"Fuut",18,6.2141484,2.89661572935722,"1984-2025",60.2230772905678,1.44585824227159,87.0740326755262,4.46675870709505
2005,100,2,"Fuut",17,6.2141484,2.73569263328182,"1984-2025",56.8773507744251,1.44585824227159,82.2365864157747,4.4096002932551
2006,100,2,"Fuut",22,5.65793112,3.88834708896209,"1984-2025",80.8420063793141,1.44585824227159,116.886081245303,4.76119979590844
2007,100,2,"Fuut",22,6.1308353,3.58841804150244,"1984-2025",74.6062292191669,1.44585824227159,107.870031441336,4.68092708986162
2008,100,2,"Fuut",18,6.02064405,2.9897133679577,"1984-2025",62.1586554993661,1.44585824227159,89.8726043822785,4.49839316069045
2009,100,2,"Fuut",17,5.98606767,2.83992780188534,"1984-2025",59.0444875995083,1.44585824227159,85.3699590564515,4.44699427142097
2010,100,2,"Fuut",20,6.44975091,3.10089494603444,"1984-2025",64.4702140198634,1.44585824227159,93.2147903216327,4.53490640353903
2011,100,2,"Fuut",23,6.44975091,3.5660291879396,"1984-2025",74.1407461228429,1.44585824227159,107.197008869878,4.67466834591419
2012,100,2,"Fuut",25,6.44975091,3.87611868254304,"1984-2025",80.5877675248293,1.44585824227159,116.518487902041,4.75804995485324
2013,100,2,"Fuut",21,6.44975091,3.25593969333616,"1984-2025",67.6937247208566,1.44585824227159,97.8755298377143,4.58369656770847
2014,100,2,"Fuut",28,6.44975091,4.34125292444821,"1984-2025",90.2582996278088,1.44585824227159,130.500706450286,4.87137864016025
2015,100,2,"Fuut",33,6.57225335,5.02110893214426,"1984-2025",104.393077839146,1.44585824227159,150.937592029829,5.01686645356814
2016,100,2,"Fuut",26,6.44975091,4.03116342984477,"1984-2025",83.8112782258225,1.44585824227159,121.179227418123,4.79727066800652
2017,100,2,"Fuut",21,6.57225335,3.19525113863725,"1984-2025",66.4319586249113,1.44585824227159,96.0511949280729,4.56488132982508
2018,100,2,"Fuut",25,6.57225335,3.80387040313959,"1984-2025",79.0856650296563,1.44585824227159,114.346660628658,4.73923471696986
2019,100,2,"Fuut",24,6.57225335,3.651715587014,"1984-2025",75.92223842847,1.44585824227159,109.772794203512,4.6984127224496
2020,100,2,"Fuut",19,6.44975091,2.94585019873271,"1984-2025",61.2467033188703,1.44585824227159,88.5540508055511,4.48361310915148
2021,100,2,"Fuut",19,6.57225335,2.89094150638609,"1984-2025",60.1051054225388,1.44585824227159,86.9034620777803,4.4647978712681
2022,100,2,"Fuut",18,6.57225335,2.7387866902605,"1984-2025",56.9416788213525,1.44585824227159,82.3295956526339,4.41073064999782
2023,100,2,"Fuut",18,6.57225335,2.7387866902605,"1984-2025",56.9416788213525,1.44585824227159,82.3295956526339,4.41073064999782
2024,100,2,"Fuut",18,6.57225335,2.7387866902605,"1984-2025",56.9416788213525,1.44585824227159,82.3295956526339,4.41073064999782
2025,100,2,"Fuut",12,6.57225335,1.825857793507,"1984-2025",37.961119214235,1.44585824227159,54.8863971017559,4.00526554188966
1960,100,4,"Geoorde Fuut",1,5.022,0.199123855037834,"1958-1983",20.1691847651013,1.82697663075429,20.1691847651013,3.00415593295896
1965,100,4,"Geoorde Fuut",1,5.315,0.188146754468485,"1958-1983",19.0573181355294,1.82697663075429,19.0573181355294,2.94745118190045
1966,100,4,"Geoorde Fuut",2,5.395,0.370713623725672,"1958-1983",37.5494516738975,1.82697663075429,37.5494516738975,3.62565877554421
1967,100,4,"Geoorde Fuut",3,5.735,0.5231037489102,"1958-1983",52.9849934910228,1.82697663075429,52.9849934910228,3.97000873178113
1969,100,4,"Geoorde Fuut",1,5.6,0.178571428571429,"1958-1983",18.0874367661319,1.82697663075429,18.0874367661319,2.89521759595325
1970,100,4,"Geoorde Fuut",1,5.625,0.177777777777778,"1958-1983",18.0070481582824,1.82697663075429,18.0070481582824,2.89076324560387
1971,100,4,"Geoorde Fuut",1,5.615,0.178094390026714,"1958-1983",18.0391177008617,1.82697663075429,18.0391177008617,2.89254260550395
1972,100,4,"Geoorde Fuut",2,5.645,0.354295837023915,"1958-1983",35.8864998725735,1.82697663075429,35.8864998725735,3.58036117665268
1973,100,4,"Geoorde Fuut",5,5.715,0.874890638670166,"1958-1983",88.6173629836733,1.82697663075429,88.6173629836733,4.48432780888168
1974,100,4,"Geoorde Fuut",5,5.855,0.85397096498719,"1958-1983",86.4984166441832,1.82697663075429,86.4984166441832,4.46012610907878
1975,100,4,"Geoorde Fuut",6,5.505,1.08991825613079,"1958-1983",110.397434212903,1.82697663075429,110.397434212903,4.70408689274777
1976,100,4,"Geoorde Fuut",6,6.49,0.924499229583975,"1958-1983",93.6421995904517,1.82697663075429,93.6421995904517,4.53948113220641
1977,100,4,"Geoorde Fuut",11,6.175,1.78137651821862,"1958-1983",180.434996727729,1.82697663075429,180.434996727729,5.19537058397869
1978,100,4,"Geoorde Fuut",10,6.38,1.56739811912226,"1958-1983",158.761200455076,1.82697663075429,158.761200455076,5.0674011893317
1979,100,4,"Geoorde Fuut",9,6.37,1.41287284144427,"1958-1983",143.109389797967,1.82697663075429,143.109389797967,4.9636093014465
1980,100,4,"Geoorde Fuut",15,6.38,2.35109717868339,"1958-1983",238.141800682614,1.82697663075429,238.141800682614,5.47286629743987
1981,100,4,"Geoorde Fuut",22,6.38,3.44827586206897,"1958-1983",349.274641001168,1.82697663075429,349.274641001168,5.85585854969598
1982,100,4,"Geoorde Fuut",10,6.035,1.65700082850041,"1958-1983",167.837027158805,1.82697663075429,167.837027158805,5.12299343213891
1983,100,4,"Geoorde Fuut",4,6.38,0.626959247648903,"1958-1983",63.5044801820305,1.82697663075429,63.5044801820305,4.15111045745755
1984,100,4,"Geoorde Fuut",8,3.02300608,2.6463724479178,"1984-2025",168.347440260794,1.82697663075429,307.566839203775,5.72869242689091
1985,100,4,"Geoorde Fuut",6,5.13012052,1.16956316651992,"1984-2025",74.4010789040124,1.82697663075429,135.929032460537,4.91213292939743
1986,100,4,"Geoorde Fuut",5,4.23796013,1.17981289267108,"1984-2025",75.0531092568375,1.82697663075429,137.120276677691,4.92085847262522
1987,100,4,"Geoorde Fuut",2,5.02247314,0.39821019331524,"1984-2025",25.3319092643678,1.82697663075429,46.2808062383881,3.83472732305507
1988,100,4,"Geoorde Fuut",5,4.70180252,1.06342194907837,"1984-2025",67.648967243952,1.82697663075429,123.593082249363,4.81699457460099
1989,100,4,"Geoorde Fuut",8,4.70180252,1.70147511852539,"1984-2025",108.238347590323,1.82697663075429,197.748931598981,5.28699820384672
1990,100,4,"Geoorde Fuut",13,4.85514176,2.67757372340864,"1984-2025",170.332291208698,1.82697663075429,311.193115501125,5.74041366963384
1991,100,4,"Geoorde Fuut",20,5.55688703,3.59913741129267,"1984-2025",228.957027879698,1.82697663075429,418.299139383168,6.03619682103071
1992,100,4,"Geoorde Fuut",29,6.1308353,4.73018741834412,"1984-2025",300.908114599892,1.82697663075429,549.752093378337,6.3094674373009
1993,100,4,"Geoorde Fuut",20,6.1308353,3.26219821954767,"1984-2025",207.522837655098,1.82697663075429,379.139374743681,5.93790388086842
1994,100,4,"Geoorde Fuut",11,6.1308353,1.79420902075122,"1984-2025",114.137560710304,1.82697663075429,208.526656109024,5.3400668801128
1995,100,4,"Geoorde Fuut",7,6.09164596,1.14911471316038,"1984-2025",73.1002624663721,1.82697663075429,133.552471228067,4.89449444352604
1996,100,4,"Geoorde Fuut",17,6.44975091,2.63576070412927,"1984-2025",167.672380367049,1.82697663075429,306.333520553542,5.72467444485238
1997,100,4,"Geoorde Fuut",13,6.09164596,2.13407018158357,"1984-2025",135.757630294691,1.82697663075429,248.026017994982,5.51353365193227
1998,100,4,"Geoorde Fuut",10,5.62796272,1.77684190488028,"1984-2025",113.032761760373,1.82697663075429,206.508214245819,5.33034019004006
1999,100,4,"Geoorde Fuut",8,6.09164596,1.31327395789758,"1984-2025",83.5431571044253,1.82697663075429,152.631395689219,5.02802583615057
2000,100,4,"Geoorde Fuut",13,5.70172844,2.28001037523983,"1984-2025",145.041530621165,1.82697663075429,264.987486933702,5.57968260575326
2001,100,4,"Geoorde Fuut",12,6.44975091,1.86053696762066,"1984-2025",118.35697437674,1.82697663075429,216.235426273089,5.37636775058417
2002,100,4,"Geoorde Fuut",9,6.09164596,1.47743320263478,"1984-2025",93.9860517424785,1.82697663075429,171.710320150372,5.14580887180695
2003,100,4,"Geoorde Fuut",14,6.2141484,2.25292334505562,"1984-2025",143.318404989561,1.82697663075429,261.839376672907,5.56773124962527
2004,100,4,"Geoorde Fuut",6,6.2141484,0.965538576452407,"1984-2025",61.4221735669546,1.82697663075429,112.21687571696,4.72043338923806
2005,100,4,"Geoorde Fuut",4,6.2141484,0.643692384301604,"1984-2025",40.9481157113031,1.82697663075429,74.8112504779733,4.3149682811299
2006,100,4,"Geoorde Fuut",5,5.65793112,0.883715247491383,"1984-2025",56.2170302036146,1.82697663075429,102.707200432412,4.63188222579535
2007,100,4,"Geoorde Fuut",11,6.1308353,1.79420902075122,"1984-2025",114.137560710304,1.82697663075429,208.526656109024,5.3400668801128
2008,100,4,"Geoorde Fuut",9,6.02064405,1.49485668397885,"1984-2025",95.0944363491178,1.82697663075429,173.73531292459,5.15753295094163
2009,100,4,"Geoorde Fuut",7,5.98606767,1.16938203607043,"1984-2025",74.3895563960799,1.82697663075429,135.907981107816,4.91197804723119
2010,100,4,"Geoorde Fuut",8,6.44975091,1.24035797841377,"1984-2025",78.9046495844934,1.82697663075429,144.156950848726,4.970902642476
2011,100,4,"Geoorde Fuut",5,6.44975091,0.775223736508609,"1984-2025",49.3154059903084,1.82697663075429,90.0980942804537,4.50089901323027
2012,100,4,"Geoorde Fuut",9,6.44975091,1.3954027257155,"1984-2025",88.7677307825551,1.82697663075429,162.176569704817,5.08868567813239
2013,100,4,"Geoorde Fuut",13,6.44975091,2.01558171492238,"1984-2025",128.220055574802,1.82697663075429,234.25504512918,5.4564104582577
2014,100,4,"Geoorde Fuut",3,6.44975091,0.465134241905165,"1984-2025",29.589243594185,1.82697663075429,54.0588565682722,3.99007338946428
2015,100,4,"Geoorde Fuut",3,6.57225335,0.45646444837675,"1984-2025",29.0377197339489,1.82697663075429,53.0512353643173,3.97125815158089
2016,100,4,"Geoorde Fuut",2,6.44975091,0.310089494603444,"1984-2025",19.7261623961234,1.82697663075429,36.0392377121815,3.58460828135611
2017,100,4,"Geoorde Fuut",1,6.57225335,0.152154816125583,"1984-2025",9.67923991131629,1.82697663075429,17.6837451214391,2.87264586291278
2020,100,4,"Geoorde Fuut",1,6.44975091,0.155044747301722,"1984-2025",9.86308119806168,1.82697663075429,18.0196188560907,2.89146110079617
1983,200,7,"Roerdomp",2,6.38,0.313479623824451,"1958-1983",100,2.07850468073494,100,4.60517018598809
1984,200,7,"Roerdomp",1,3.02300608,0.330796555989725,"1984-2025",44.1687397412461,2.07850468073494,91.8049322943435,4.51966602487966
1985,200,7,"Roerdomp",2,5.13012052,0.389854388839972,"1984-2025",52.0542814786443,2.07850468073494,108.195067705656,4.68393578039791
1988,200,7,"Roerdomp",1,4.70180252,0.212684389815674,"1984-2025",28.3981235315099,2.07850468073494,59.0256326843325,4.07797180183548
1989,200,7,"Roerdomp",1,4.70180252,0.212684389815674,"1984-2025",28.3981235315099,2.07850468073494,59.0256326843325,4.07797180183548
1996,200,7,"Roerdomp",1,6.44975091,0.155044747301722,"1984-2025",20.7019419271999,2.07850468073494,43.0290831959879,3.76187624046475
2006,200,7,"Roerdomp",1,5.65793112,0.176743049498277,"1984-2025",23.599150635069,2.07850468073494,49.0509450563599,3.89285945302984
2007,200,7,"Roerdomp",2,6.1308353,0.326219821954767,"1984-2025",43.5576433716053,2.07850468073494,90.5347656296651,4.50573392754296
2008,200,7,"Roerdomp",2,6.02064405,0.332190374217522,"1984-2025",44.3548456526755,2.07850468073494,92.191754302362,4.52387069383394
2009,200,7,"Roerdomp",3,5.98606767,0.501163729744472,"1984-2025",66.9165683439682,2.07850468073494,139.086400521658,4.93509532651257
2010,200,7,"Roerdomp",3,6.44975091,0.465134241905165,"1984-2025",62.1058257815996,2.07850468073494,129.087249587964,4.86048852913286
2011,200,7,"Roerdomp",5,6.44975091,0.775223736508609,"1984-2025",103.509709635999,2.07850468073494,215.14541597994,5.37131415289885
2012,200,7,"Roerdomp",5,6.44975091,0.775223736508609,"1984-2025",103.509709635999,2.07850468073494,215.14541597994,5.37131415289885
2013,200,7,"Roerdomp",3,6.44975091,0.465134241905165,"1984-2025",62.1058257815996,2.07850468073494,129.087249587964,4.86048852913286
2014,200,7,"Roerdomp",6,6.44975091,0.930268483810331,"1984-2025",124.211651563199,2.07850468073494,258.174499175928,5.55363570969281
2015,200,7,"Roerdomp",6,6.57225335,0.912928896753501,"1984-2025",121.89642882564,2.07850468073494,253.362297878966,5.53482047180943
2016,200,7,"Roerdomp",9,6.44975091,1.3954027257155,"1984-2025",186.317477344799,2.07850468073494,387.261748763891,5.95910081780097
2017,200,7,"Roerdomp",8,6.57225335,1.21723852900467,"1984-2025",162.52857176752,2.07850468073494,337.816397171955,5.82250254426121
2018,200,7,"Roerdomp",4,6.57225335,0.608619264502334,"1984-2025",81.2642858837598,2.07850468073494,168.908198585977,5.12935536370126
2019,200,7,"Roerdomp",8,6.57225335,1.21723852900467,"1984-2025",162.52857176752,2.07850468073494,337.816397171955,5.82250254426121
2020,200,7,"Roerdomp",7,6.44975091,1.08531323111205,"1984-2025",144.913593490399,2.07850468073494,301.203582371915,5.70778638952007
2021,200,7,"Roerdomp",8,6.57225335,1.21723852900467,"1984-2025",162.52857176752,2.07850468073494,337.816397171955,5.82250254426121
2022,200,7,"Roerdomp",7,6.57225335,1.06508371287908,"1984-2025",142.21250029658,2.07850468073494,295.589347525461,5.68897115163668
2023,200,7,"Roerdomp",8,6.57225335,1.21723852900467,"1984-2025",162.52857176752,2.07850468073494,337.816397171955,5.82250254426121
2024,200,7,"Roerdomp",10,6.57225335,1.52154816125583,"1984-2025",203.1607147094,2.07850468073494,422.270496464944,6.04564609557542
2025,200,7,"Roerdomp",8,6.57225335,1.21723852900467,"1984-2025",162.52857176752,2.07850468073494,337.816397171955,5.82250254426121
1975,100,17,"Knobbelzwaan",1,5.505,0.181653042688465,"1958-1983",39.5111006283267,1.37057722008146,39.5111006283267,3.67658166099118
1976,100,17,"Knobbelzwaan",1,6.49,0.154083204930663,"1958-1983",33.5144235684034,1.37057722008146,33.5144235684034,3.51197590044982
1977,100,17,"Knobbelzwaan",1,6.175,0.161943319838057,"1958-1983",35.2240662281682,1.37057722008146,35.2240662281682,3.56172954865178
1979,100,17,"Knobbelzwaan",3,6.37,0.470957613814757,"1958-1983",102.437335459469,1.37057722008146,102.437335459469,4.62925125024986
1980,100,17,"Knobbelzwaan",4,6.38,0.626959247648903,"1958-1983",136.369033830055,1.37057722008146,136.369033830055,4.91536469492901
1981,100,17,"Knobbelzwaan",3,6.38,0.470219435736677,"1958-1983",102.276775372542,1.37057722008146,102.276775372542,4.62768262247723
1982,100,17,"Knobbelzwaan",5,6.035,0.828500414250207,"1958-1983",180.205972625467,1.37057722008146,180.205972625467,5.19410048905043
1983,100,17,"Knobbelzwaan",5,6.38,0.783699059561129,"1958-1983",170.461292287569,1.37057722008146,170.461292287569,5.13850824624322
1984,100,17,"Knobbelzwaan",3,3.02300608,0.992389667969176,"1984-2025",69.534910555963,1.37057722008146,95.3029644084051,4.55706091624568
1985,100,17,"Knobbelzwaan",7,5.13012052,1.3644903609399,"1984-2025",95.6073186418713,1.37057722008146,131.037213003619,4.87548135159118
1986,100,17,"Knobbelzwaan",10,4.23796013,2.35962578534216,"1984-2025",165.334619278208,1.37057722008146,226.603862873554,5.42320339555167
1987,100,17,"Knobbelzwaan",6,5.02247314,1.19463057994572,"1984-2025",83.7055576101826,1.37057722008146,114.724930454733,4.74253735408967
1988,100,17,"Knobbelzwaan",8,4.70180252,1.70147511852539,"1984-2025",119.219218013397,1.37057722008146,163.399144405088,5.09619594621322
1989,100,17,"Knobbelzwaan",6,4.70180252,1.27610633889405,"1984-2025",89.4144135100478,1.37057722008146,122.549358303816,4.80851387376144
1990,100,17,"Knobbelzwaan",9,4.85514176,1.85370488543675,"1984-2025",129.885676530441,1.37057722008146,178.018349467493,5.18188663187502
1991,100,17,"Knobbelzwaan",8,5.55688703,1.43965496451707,"1984-2025",100.873963544985,1.37057722008146,138.255556534085,4.92910383152305
1992,100,17,"Knobbelzwaan",11,6.1308353,1.79420902075122,"1984-2025",125.716911212857,1.37057722008146,172.304734687347,5.1492646224793
1993,100,17,"Knobbelzwaan",10,6.1308353,1.63109910977383,"1984-2025",114.288101102598,1.37057722008146,156.640667897588,5.05395444267497
1994,100,17,"Knobbelzwaan",11,6.1308353,1.79420902075122,"1984-2025",125.716911212857,1.37057722008146,172.304734687347,5.1492646224793
1995,100,17,"Knobbelzwaan",7,6.09164596,1.14911471316038,"1984-2025",80.5163449168741,1.37057722008146,110.35386818729,4.70369218589254
1996,100,17,"Knobbelzwaan",10,6.44975091,1.55044747301722,"1984-2025",108.636989922108,1.37057722008146,148.89538364546,5.00324393615671
1997,100,17,"Knobbelzwaan",7,6.09164596,1.14911471316038,"1984-2025",80.5163449168741,1.37057722008146,110.35386818729,4.70369218589254
1998,100,17,"Knobbelzwaan",9,5.62796272,1.59915771439225,"1984-2025",112.050026541185,1.37057722008146,153.573213886871,5.03417741674873
1999,100,17,"Knobbelzwaan",8,6.09164596,1.31327395789758,"1984-2025",92.0186799049989,1.37057722008146,126.11870649976,4.83722357851706
2000,100,17,"Knobbelzwaan",8,5.70172844,1.40308330783989,"1984-2025",98.3114551291783,1.37057722008146,134.743440873113,4.90337253233805
2001,100,17,"Knobbelzwaan",9,6.44975091,1.3954027257155,"1984-2025",97.7732909298969,1.37057722008146,134.005845280914,4.89788342049888
2002,100,17,"Knobbelzwaan",8,6.09164596,1.31327395789758,"1984-2025",92.0186799049989,1.37057722008146,126.11870649976,4.83722357851706
2003,100,17,"Knobbelzwaan",8,6.2141484,1.28738476860321,"1984-2025",90.2046722424299,1.37057722008146,123.632468920389,4.81731320405634
2004,100,17,"Knobbelzwaan",6,6.2141484,0.965538576452407,"1984-2025",67.6535041818224,1.37057722008146,92.7243516902919,4.52963113160456
2005,100,17,"Knobbelzwaan",5,6.2141484,0.804615480377005,"1984-2025",56.3779201515187,1.37057722008146,77.2702930752432,4.34730957481061
2006,100,17,"Knobbelzwaan",8,5.65793112,1.41394439598621,"1984-2025",99.0724715093067,1.37057722008146,135.786472587826,4.91108359740758
2007,100,17,"Knobbelzwaan",9,6.1308353,1.46798919879645,"1984-2025",102.859290992338,1.37057722008146,140.976601107829,4.94859392701715
2008,100,17,"Knobbelzwaan",7,6.02064405,1.16266630976133,"1984-2025",81.4658802535989,1.37057722008146,111.655279689467,4.71541626502722
2009,100,17,"Knobbelzwaan",12,5.98606767,2.00465491897789,"1984-2025",140.462466494591,1.37057722008146,192.514656853943,5.26017229033037
2010,100,17,"Knobbelzwaan",8,6.44975091,1.24035797841377,"1984-2025",86.9095919376862,1.37057722008146,119.116306916368,4.7801003848425
2011,100,17,"Knobbelzwaan",8,6.44975091,1.24035797841377,"1984-2025",86.9095919376862,1.37057722008146,119.116306916368,4.7801003848425
2012,100,17,"Knobbelzwaan",8,6.44975091,1.24035797841377,"1984-2025",86.9095919376862,1.37057722008146,119.116306916368,4.7801003848425
2013,100,17,"Knobbelzwaan",10,6.44975091,1.55044747301722,"1984-2025",108.636989922108,1.37057722008146,148.89538364546,5.00324393615671
2014,100,17,"Knobbelzwaan",10,6.44975091,1.55044747301722,"1984-2025",108.636989922108,1.37057722008146,148.89538364546,5.00324393615671
2015,100,17,"Knobbelzwaan",10,6.57225335,1.52154816125583,"1984-2025",106.612068539594,1.37057722008146,146.120072526131,4.98442869827332
2016,100,17,"Knobbelzwaan",11,6.44975091,1.70549222031894,"1984-2025",119.500688914318,1.37057722008146,163.784922010007,5.09855411596103
2017,100,17,"Knobbelzwaan",10,6.57225335,1.52154816125583,"1984-2025",106.612068539594,1.37057722008146,146.120072526131,4.98442869827332
2018,100,17,"Knobbelzwaan",7,6.57225335,1.06508371287908,"1984-2025",74.6284479777157,1.37057722008146,102.284050768292,4.62775375433459
2019,100,17,"Knobbelzwaan",10,6.57225335,1.52154816125583,"1984-2025",106.612068539594,1.37057722008146,146.120072526131,4.98442869827332
2020,100,17,"Knobbelzwaan",12,6.44975091,1.86053696762066,"1984-2025",130.364387906529,1.37057722008146,178.674460374553,5.18556549295066
2021,100,17,"Knobbelzwaan",8,6.57225335,1.21723852900467,"1984-2025",85.289654831675,1.37057722008146,116.896058020905,4.76128514695912
2022,100,17,"Knobbelzwaan",7,6.57225335,1.06508371287908,"1984-2025",74.6284479777157,1.37057722008146,102.284050768292,4.62775375433459
2023,100,17,"Knobbelzwaan",9,6.57225335,1.36939334513025,"1984-2025",95.9508616856344,1.37057722008146,131.508065273518,4.8790681826155
2024,100,17,"Knobbelzwaan",11,6.57225335,1.67370297738142,"1984-2025",117.273275393553,1.37057722008146,160.732079778744,5.07973887807765
2025,100,17,"Knobbelzwaan",8,6.57225335,1.21723852900467,"1984-2025",85.289654831675,1.37057722008146,116.896058020905,4.76128514695912
1973,100,27,"Nijlgans",4,5.715,0.699912510936133,"1958-1983",55.768562032428,0.841166243692594,55.768562032428,4.02121030617857
1978,100,27,"Nijlgans",6,6.38,0.940438871473354,"1958-1983",74.9335420098729,0.841166243692594,74.9335420098729,4.31660161417681
1979,100,27,"Nijlgans",8,6.37,1.25588697017268,"1958-1983",100.068236111562,0.841166243692594,100.068236111562,4.60585231440122
1980,100,27,"Nijlgans",6,6.38,0.940438871473354,"1958-1983",74.9335420098729,0.841166243692594,74.9335420098729,4.31660161417681
1981,100,27,"Nijlgans",9,6.38,1.41065830721003,"1958-1983",112.400313014809,0.841166243692594,112.400313014809,4.72206672228498
1982,100,27,"Nijlgans",10,6.035,1.65700082850041,"1958-1983",132.028720801709,0.841166243692594,132.028720801709,4.88301948075001
1983,100,27,"Nijlgans",12,6.38,1.88087774294671,"1958-1983",149.867084019746,0.841166243692594,149.867084019746,5.00974879473676
1984,100,27,"Nijlgans",5,3.02300608,1.65398277994863,"1984-2025",138.100255668726,0.841166243692594,116.165273313849,4.75501394703169
1985,100,27,"Nijlgans",7,5.13012052,1.3644903609399,"1984-2025",113.928917512168,0.841166243692594,95.8331595916736,4.5626087586112
1986,100,27,"Nijlgans",11,4.23796013,2.59558836387637,"1984-2025",216.720162390827,0.841166243692594,182.297684930741,5.20564098237601
1987,100,27,"Nijlgans",5,5.02247314,0.9955254832881,"1984-2025",83.1219801279244,0.841166243692594,69.9194037924966,4.24734320431574
1988,100,27,"Nijlgans",4,4.70180252,0.850737559262697,"1984-2025",71.0328280714119,0.841166243692594,59.7504171676914,4.0901761726733
1989,100,27,"Nijlgans",6,4.70180252,1.27610633889405,"1984-2025",106.549242107118,0.841166243692594,89.6256257515371,4.49564128078146
1990,100,27,"Nijlgans",4,4.85514176,0.823868837971891,"1984-2025",68.7894085360118,0.841166243692594,57.8633283840723,4.05808382267871
1991,100,27,"Nijlgans",5,5.55688703,0.899784352823167,"1984-2025",75.1280186698548,0.841166243692594,63.1951532605889,4.14622760929733
1992,100,27,"Nijlgans",5,6.1308353,0.815549554886917,"1984-2025",68.0947851487894,0.841166243692594,57.2790346386615,4.04793466913505
1993,100,27,"Nijlgans",6,6.1308353,0.978659465864301,"1984-2025",81.7137421785473,0.841166243692594,68.7348415663938,4.230256225929
1994,100,27,"Nijlgans",7,6.1308353,1.14176937684168,"1984-2025",95.3326992083052,0.841166243692594,80.190648494126,4.38440690575626
1995,100,27,"Nijlgans",8,6.09164596,1.31327395789758,"1984-2025",109.652574106224,0.841166243692594,92.2360438721566,4.52435098553708
1996,100,27,"Nijlgans",5,6.44975091,0.775223736508609,"1984-2025",64.7277574532121,0.841166243692594,54.4468045995637,3.99722416261678
1997,100,27,"Nijlgans",9,6.09164596,1.47743320263478,"1984-2025",123.359145869502,0.841166243692594,103.765549356176,4.64213402119347
1998,100,27,"Nijlgans",8,5.62796272,1.42147352390422,"1984-2025",118.686759896978,0.841166243692594,99.8352959985857,4.60352178811237
1999,100,27,"Nijlgans",10,6.09164596,1.64159244737197,"1984-2025",137.065717632781,0.841166243692594,115.295054840196,4.74749453685129
2000,100,27,"Nijlgans",4,5.70172844,0.701541653919947,"1984-2025",58.5756290471265,0.841166243692594,49.2718418575022,3.89735275879813
2001,100,27,"Nijlgans",9,6.44975091,1.3954027257155,"1984-2025",116.509963415782,0.841166243692594,98.0042482792147,4.5850108275189
2002,100,27,"Nijlgans",9,6.09164596,1.47743320263478,"1984-2025",123.359145869502,0.841166243692594,103.765549356176,4.64213402119347
2003,100,27,"Nijlgans",8,6.2141484,1.28738476860321,"1984-2025",107.490941165451,0.841166243692594,90.4177512111242,4.50444061107636
2004,100,27,"Nijlgans",4,6.2141484,0.643692384301604,"1984-2025",53.7454705827256,0.841166243692594,45.2088756055621,3.81129343051642
2005,100,27,"Nijlgans",6,6.2141484,0.965538576452407,"1984-2025",80.6182058740884,0.841166243692594,67.8133134083431,4.21675853862458
2006,100,27,"Nijlgans",6,5.65793112,1.06045829698966,"1984-2025",88.5435832317691,0.841166243692594,74.4798733101498,4.31052893197582
2007,100,27,"Nijlgans",10,6.1308353,1.63109910977383,"1984-2025",136.189570297579,0.841166243692594,114.558069277323,4.74108184969499
2008,100,27,"Nijlgans",9,6.02064405,1.49485668397885,"1984-2025",124.81392959363,0.841166243692594,104.989264316785,4.65385810032814
2009,100,27,"Nijlgans",9,5.98606767,1.50349118923342,"1984-2025",125.534872639521,0.841166243692594,105.595697270614,4.65961762489861
2010,100,27,"Nijlgans",11,6.44975091,1.70549222031894,"1984-2025",142.401066397067,0.841166243692594,119.78297011904,4.78568152298105
2011,100,27,"Nijlgans",11,6.44975091,1.70549222031894,"1984-2025",142.401066397067,0.841166243692594,119.78297011904,4.78568152298105
2012,100,27,"Nijlgans",6,6.44975091,0.930268483810331,"1984-2025",77.6733089438545,0.841166243692594,65.3361655194765,4.17954571941074
2013,100,27,"Nijlgans",3,6.44975091,0.465134241905165,"1984-2025",38.8366544719273,0.841166243692594,32.6680827597382,3.48639853885079
2014,100,27,"Nijlgans",10,6.44975091,1.55044747301722,"1984-2025",129.455514906424,0.841166243692594,108.893609199127,4.69037134317673
2015,100,27,"Nijlgans",9,6.57225335,1.36939334513025,"1984-2025",114.338295033165,0.841166243692594,96.1775141432628,4.56619558963552
2016,100,27,"Nijlgans",9,6.44975091,1.3954027257155,"1984-2025",116.509963415782,0.841166243692594,98.0042482792147,4.5850108275189
2017,100,27,"Nijlgans",8,6.57225335,1.21723852900467,"1984-2025",101.63404002948,0.841166243692594,85.4911236829003,4.44841255397913
2018,100,27,"Nijlgans",11,6.57225335,1.67370297738142,"1984-2025",139.746805040535,0.841166243692594,117.550295063988,4.76686628509767
2019,100,27,"Nijlgans",4,6.57225335,0.608619264502334,"1984-2025",50.8170200147399,0.841166243692594,42.7455618414501,3.75526537341919
2020,100,27,"Nijlgans",6,6.44975091,0.930268483810331,"1984-2025",77.6733089438545,0.841166243692594,65.3361655194765,4.17954571941074
2021,100,27,"Nijlgans",4,6.57225335,0.608619264502334,"1984-2025",50.8170200147399,0.841166243692594,42.7455618414501,3.75526537341919
2022,100,27,"Nijlgans",7,6.57225335,1.06508371287908,"1984-2025",88.9297850257948,0.841166243692594,74.8047332225377,4.31488116135461
2023,100,27,"Nijlgans",8,6.57225335,1.21723852900467,"1984-2025",101.63404002948,0.841166243692594,85.4911236829003,4.44841255397913
2024,100,27,"Nijlgans",5,6.57225335,0.760774080627917,"1984-2025",63.5212750184249,0.841166243692594,53.4319523018127,3.9784089247334
2025,100,27,"Nijlgans",6,6.57225335,0.912928896753501,"1984-2025",76.2255300221098,0.841166243692594,64.1183427621752,4.16073048152735
1958,100,29,"Bergeend",9,4.3072,2.08952451708767,"1958-1983",81.6924236620777,0.429428447338101,81.6924236620777,4.40296126393163
1958,300,29,"Bergeend",9,4.3072,2.08952451708767,"1958-1983",81.6924236620777,0.429428447338101,81.6924236620777,4.40296126393163
1958,400,29,"Bergeend",9,4.3072,2.08952451708767,"1958-1983",81.6924236620777,0.429428447338101,81.6924236620777,4.40296126393163
1959,100,29,"Bergeend",3,5.0372,0.595568966886366,"1958-1983",23.2844706845934,0.429428447338101,23.2844706845934,3.14778664414218
1959,300,29,"Bergeend",3,5.0372,0.595568966886366,"1958-1983",23.2844706845934,0.429428447338101,23.2844706845934,3.14778664414218
1959,400,29,"Bergeend",3,5.0372,0.595568966886366,"1958-1983",23.2844706845934,0.429428447338101,23.2844706845934,3.14778664414218
1960,100,29,"Bergeend",5,5.022,0.995619275189168,"1958-1983",38.9249089779748,0.429428447338101,38.9249089779748,3.66163437932233
1960,300,29,"Bergeend",5,5.022,0.995619275189168,"1958-1983",38.9249089779748,0.429428447338101,38.9249089779748,3.66163437932233
1960,400,29,"Bergeend",5,5.022,0.995619275189168,"1958-1983",38.9249089779748,0.429428447338101,38.9249089779748,3.66163437932233
1961,100,29,"Bergeend",16,5.002,3.19872051179528,"1958-1983",125.05774834859,0.429428447338101,125.05774834859,4.82877561740798
1961,300,29,"Bergeend",16,5.002,3.19872051179528,"1958-1983",125.05774834859,0.429428447338101,125.05774834859,4.82877561740798
1961,400,29,"Bergeend",16,5.002,3.19872051179528,"1958-1983",125.05774834859,0.429428447338101,125.05774834859,4.82877561740798
1962,100,29,"Bergeend",13,5.002,2.59896041583367,"1958-1983",101.609420533229,0.429428447338101,101.609420533229,4.62113625262973
1962,300,29,"Bergeend",13,5.002,2.59896041583367,"1958-1983",101.609420533229,0.429428447338101,101.609420533229,4.62113625262973
1962,400,29,"Bergeend",13,5.002,2.59896041583367,"1958-1983",101.609420533229,0.429428447338101,101.609420533229,4.62113625262973
1963,100,29,"Bergeend",13,5.2472,2.47751181582558,"1958-1983",96.8612443793285,0.429428447338101,96.8612443793285,4.57327948408777
1963,300,29,"Bergeend",13,5.2472,2.47751181582558,"1958-1983",96.8612443793285,0.429428447338101,96.8612443793285,4.57327948408777
1963,400,29,"Bergeend",13,5.2472,2.47751181582558,"1958-1983",96.8612443793285,0.429428447338101,96.8612443793285,4.57327948408777
1964,100,29,"Bergeend",10,5.3272,1.87715873254242,"1958-1983",73.3897330257507,0.429428447338101,73.3897330257507,4.2957840488034
1964,300,29,"Bergeend",10,5.3272,1.87715873254242,"1958-1983",73.3897330257507,0.429428447338101,73.3897330257507,4.2957840488034
1964,400,29,"Bergeend",10,5.3272,1.87715873254242,"1958-1983",73.3897330257507,0.429428447338101,73.3897330257507,4.2957840488034
1965,100,29,"Bergeend",10,5.315,1.88146754468485,"1958-1983",73.558191114728,0.429428447338101,73.558191114728,4.29807680882376
1965,300,29,"Bergeend",10,5.315,1.88146754468485,"1958-1983",73.558191114728,0.429428447338101,73.558191114728,4.29807680882376
1965,400,29,"Bergeend",10,5.315,1.88146754468485,"1958-1983",73.558191114728,0.429428447338101,73.558191114728,4.29807680882376
1966,100,29,"Bergeend",9,5.395,1.66821130676552,"1958-1983",65.2206871542727,0.429428447338101,65.2206871542727,4.17777670624975
1966,300,29,"Bergeend",9,5.395,1.66821130676552,"1958-1983",65.2206871542727,0.429428447338101,65.2206871542727,4.17777670624975
1966,400,29,"Bergeend",9,5.395,1.66821130676552,"1958-1983",65.2206871542727,0.429428447338101,65.2206871542727,4.17777670624975
1967,100,29,"Bergeend",13,5.735,2.2667829119442,"1958-1983",88.6225495217459,0.429428447338101,88.6225495217459,4.48438633450383
1967,300,29,"Bergeend",13,5.735,2.2667829119442,"1958-1983",88.6225495217459,0.429428447338101,88.6225495217459,4.48438633450383
1967,400,29,"Bergeend",13,5.735,2.2667829119442,"1958-1983",88.6225495217459,0.429428447338101,88.6225495217459,4.48438633450383
1968,100,29,"Bergeend",16,5.6,2.85714285714286,"1958-1983",111.703367364223,0.429428447338101,111.703367364223,4.7158468521223
1968,300,29,"Bergeend",16,5.6,2.85714285714286,"1958-1983",111.703367364223,0.429428447338101,111.703367364223,4.7158468521223
1968,400,29,"Bergeend",16,5.6,2.85714285714286,"1958-1983",111.703367364223,0.429428447338101,111.703367364223,4.7158468521223
1969,100,29,"Bergeend",11,5.6,1.96428571428571,"1958-1983",76.796065062903,0.429428447338101,76.796065062903,4.34115340268089
1969,300,29,"Bergeend",11,5.6,1.96428571428571,"1958-1983",76.796065062903,0.429428447338101,76.796065062903,4.34115340268089
1969,400,29,"Bergeend",11,5.6,1.96428571428571,"1958-1983",76.796065062903,0.429428447338101,76.796065062903,4.34115340268089
1970,100,29,"Bergeend",9,5.625,1.6,"1958-1983",62.5538857239646,0.429428447338101,62.5538857239646,4.13602835686936
1970,300,29,"Bergeend",9,5.625,1.6,"1958-1983",62.5538857239646,0.429428447338101,62.5538857239646,4.13602835686936
1970,400,29,"Bergeend",9,5.625,1.6,"1958-1983",62.5538857239646,0.429428447338101,62.5538857239646,4.13602835686936
1971,100,29,"Bergeend",15,5.615,2.67141585040071,"1958-1983",104.442151141971,0.429428447338101,104.442151141971,4.64863334053543
1971,300,29,"Bergeend",15,5.615,2.67141585040071,"1958-1983",104.442151141971,0.429428447338101,104.442151141971,4.64863334053543
1971,400,29,"Bergeend",15,5.615,2.67141585040071,"1958-1983",104.442151141971,0.429428447338101,104.442151141971,4.64863334053543
1972,100,29,"Bergeend",18,5.645,3.18866253321523,"1958-1983",124.664519821896,0.429428447338101,124.664519821896,4.82562628791816
1972,300,29,"Bergeend",18,5.645,3.18866253321523,"1958-1983",124.664519821896,0.429428447338101,124.664519821896,4.82562628791816
1972,400,29,"Bergeend",18,5.645,3.18866253321523,"1958-1983",124.664519821896,0.429428447338101,124.664519821896,4.82562628791816
1973,100,29,"Bergeend",19,5.715,3.32458442694663,"1958-1983",129.978546451808,0.429428447338101,129.978546451808,4.86736940954329
1973,300,29,"Bergeend",19,5.715,3.32458442694663,"1958-1983",129.978546451808,0.429428447338101,129.978546451808,4.86736940954329
1973,400,29,"Bergeend",19,5.715,3.32458442694663,"1958-1983",129.978546451808,0.429428447338101,129.978546451808,4.86736940954329
1974,100,29,"Bergeend",12,5.855,2.04953031596926,"1958-1983",80.1288032330888,0.429428447338101,80.1288032330888,4.38363538036195
1974,300,29,"Bergeend",12,5.855,2.04953031596926,"1958-1983",80.1288032330888,0.429428447338101,80.1288032330888,4.38363538036195
1974,400,29,"Bergeend",12,5.855,2.04953031596926,"1958-1983",80.1288032330888,0.429428447338101,80.1288032330888,4.38363538036195
1975,100,29,"Bergeend",16,5.505,2.90644868301544,"1958-1983",113.631036737447,0.429428447338101,113.631036737447,4.73295667968876
1975,300,29,"Bergeend",16,5.505,2.90644868301544,"1958-1983",113.631036737447,0.429428447338101,113.631036737447,4.73295667968876
1975,400,29,"Bergeend",16,5.505,2.90644868301544,"1958-1983",113.631036737447,0.429428447338101,113.631036737447,4.73295667968876
1976,100,29,"Bergeend",24,6.49,3.6979969183359,"1958-1983",144.577547898223,0.429428447338101,144.577547898223,4.97381602725557
1976,300,29,"Bergeend",24,6.49,3.6979969183359,"1958-1983",144.577547898223,0.429428447338101,144.577547898223,4.97381602725557
1976,400,29,"Bergeend",24,6.49,3.6979969183359,"1958-1983",144.577547898223,0.429428447338101,144.577547898223,4.97381602725557
1977,100,29,"Bergeend",19,6.175,3.07692307692308,"1958-1983",120.295934084547,0.429428447338101,120.295934084547,4.78995482427603
1977,300,29,"Bergeend",19,6.175,3.07692307692308,"1958-1983",120.295934084547,0.429428447338101,120.295934084547,4.78995482427603
1977,400,29,"Bergeend",19,6.175,3.07692307692308,"1958-1983",120.295934084547,0.429428447338101,120.295934084547,4.78995482427603
1978,100,29,"Bergeend",22,6.38,3.44827586206897,"1958-1983",134.814408887855,0.429428447338101,134.814408887855,4.90389908362524
1978,300,29,"Bergeend",22,6.38,3.44827586206897,"1958-1983",134.814408887855,0.429428447338101,134.814408887855,4.90389908362524
1978,400,29,"Bergeend",22,6.38,3.44827586206897,"1958-1983",134.814408887855,0.429428447338101,134.814408887855,4.90389908362524
1979,100,29,"Bergeend",17,6.37,2.66875981161695,"1958-1983",104.338310175373,0.429428447338101,104.338310175373,4.64763860209577
1979,300,29,"Bergeend",17,6.37,2.66875981161695,"1958-1983",104.338310175373,0.429428447338101,104.338310175373,4.64763860209577
1979,400,29,"Bergeend",17,6.37,2.66875981161695,"1958-1983",104.338310175373,0.429428447338101,104.338310175373,4.64763860209577
1980,100,29,"Bergeend",19,6.38,2.97805642633229,"1958-1983",116.430625857693,0.429428447338101,116.430625857693,4.75729560943337
1980,300,29,"Bergeend",19,6.38,2.97805642633229,"1958-1983",116.430625857693,0.429428447338101,116.430625857693,4.75729560943337
1980,400,29,"Bergeend",19,6.38,2.97805642633229,"1958-1983",116.430625857693,0.429428447338101,116.430625857693,4.75729560943337
1981,100,29,"Bergeend",22,6.38,3.44827586206897,"1958-1983",134.814408887855,0.429428447338101,134.814408887855,4.90389908362524
1981,300,29,"Bergeend",22,6.38,3.44827586206897,"1958-1983",134.814408887855,0.429428447338101,134.814408887855,4.90389908362524
1981,400,29,"Bergeend",22,6.38,3.44827586206897,"1958-1983",134.814408887855,0.429428447338101,134.814408887855,4.90389908362524
1982,100,29,"Bergeend",26,6.035,4.30820215410108,"1958-1983",168.434240764611,0.429428447338101,168.434240764611,5.12654541109561
1982,300,29,"Bergeend",26,6.035,4.30820215410108,"1958-1983",168.434240764611,0.429428447338101,168.434240764611,5.12654541109561
1982,400,29,"Bergeend",26,6.035,4.30820215410108,"1958-1983",168.434240764611,0.429428447338101,168.434240764611,5.12654541109561
1983,100,29,"Bergeend",17,6.38,2.66457680250784,"1958-1983",104.174770504251,0.429428447338101,104.174770504251,4.64606997432314
1983,300,29,"Bergeend",17,6.38,2.66457680250784,"1958-1983",104.174770504251,0.429428447338101,104.174770504251,4.64606997432314
1983,400,29,"Bergeend",17,6.38,2.66457680250784,"1958-1983",104.174770504251,0.429428447338101,104.174770504251,4.64606997432314
1984,100,29,"Bergeend",18,3.02300608,5.95433800781506,"1984-2025",357.936907373148,0.429428447338101,153.708290378253,5.03505658779032
1984,300,29,"Bergeend",18,3.02300608,5.95433800781506,"1984-2025",357.936907373148,0.429428447338101,153.708290378253,5.03505658779032
1984,400,29,"Bergeend",18,3.02300608,5.95433800781506,"1984-2025",357.936907373148,0.429428447338101,153.708290378253,5.03505658779032
1985,100,29,"Bergeend",25,5.13012052,4.87317986049965,"1984-2025",292.944560092319,0.429428447338101,125.798727596587,4.83468322972065
1985,300,29,"Bergeend",25,5.13012052,4.87317986049965,"1984-2025",292.944560092319,0.429428447338101,125.798727596587,4.83468322972065
1985,400,29,"Bergeend",25,5.13012052,4.87317986049965,"1984-2025",292.944560092319,0.429428447338101,125.798727596587,4.83468322972065
1986,100,29,"Bergeend",21,4.23796013,4.95521414921853,"1984-2025",297.875939460445,0.429428447338101,127.916402181877,4.85137694259763
1986,300,29,"Bergeend",21,4.23796013,4.95521414921853,"1984-2025",297.875939460445,0.429428447338101,127.916402181877,4.85137694259763
1986,400,29,"Bergeend",21,4.23796013,4.95521414921853,"1984-2025",297.875939460445,0.429428447338101,127.916402181877,4.85137694259763
1987,100,29,"Bergeend",21,5.02247314,4.18120702981002,"1984-2025",251.34755725536,0.429428447338101,107.935791254394,4.68153652490162
1987,300,29,"Bergeend",21,5.02247314,4.18120702981002,"1984-2025",251.34755725536,0.429428447338101,107.935791254394,4.68153652490162
1987,400,29,"Bergeend",21,5.02247314,4.18120702981002,"1984-2025",251.34755725536,0.429428447338101,107.935791254394,4.68153652490162
1988,100,29,"Bergeend",14,4.70180252,2.97758145741944,"1984-2025",178.993247766839,0.429428447338101,76.8647924725176,4.34204793646523
1988,300,29,"Bergeend",14,4.70180252,2.97758145741944,"1984-2025",178.993247766839,0.429428447338101,76.8647924725176,4.34204793646523
1988,400,29,"Bergeend",14,4.70180252,2.97758145741944,"1984-2025",178.993247766839,0.429428447338101,76.8647924725176,4.34204793646523
1989,100,29,"Bergeend",12,4.70180252,2.55221267778809,"1984-2025",153.422783800147,0.429428447338101,65.8841078335865,4.18789725663797
1989,300,29,"Bergeend",12,4.70180252,2.55221267778809,"1984-2025",153.422783800147,0.429428447338101,65.8841078335865,4.18789725663797
1989,400,29,"Bergeend",12,4.70180252,2.55221267778809,"1984-2025",153.422783800147,0.429428447338101,65.8841078335865,4.18789725663797
1990,100,29,"Bergeend",13,4.85514176,2.67757372340864,"1984-2025",160.958692059906,0.429428447338101,69.1202412168567,4.23584761431692
1990,300,29,"Bergeend",13,4.85514176,2.67757372340864,"1984-2025",160.958692059906,0.429428447338101,69.1202412168567,4.23584761431692
1990,400,29,"Bergeend",13,4.85514176,2.67757372340864,"1984-2025",160.958692059906,0.429428447338101,69.1202412168567,4.23584761431692
1991,100,29,"Bergeend",13,5.55688703,2.33943931734023,"1984-2025",140.632203468608,0.429428447338101,60.3914687812601,4.10084784962133
1991,300,29,"Bergeend",13,5.55688703,2.33943931734023,"1984-2025",140.632203468608,0.429428447338101,60.3914687812601,4.10084784962133
1991,400,29,"Bergeend",13,5.55688703,2.33943931734023,"1984-2025",140.632203468608,0.429428447338101,60.3914687812601,4.10084784962133
1992,100,29,"Bergeend",14,6.1308353,2.28353875368337,"1984-2025",137.271817335088,0.429428447338101,58.9484233814861,4.07666288161277
1992,300,29,"Bergeend",14,6.1308353,2.28353875368337,"1984-2025",137.271817335088,0.429428447338101,58.9484233814861,4.07666288161277
1992,400,29,"Bergeend",14,6.1308353,2.28353875368337,"1984-2025",137.271817335088,0.429428447338101,58.9484233814861,4.07666288161277
1993,100,29,"Bergeend",12,6.1308353,1.9573189317286,"1984-2025",117.661557715789,0.429428447338101,50.5272200412738,3.92251220178551
1993,300,29,"Bergeend",12,6.1308353,1.9573189317286,"1984-2025",117.661557715789,0.429428447338101,50.5272200412738,3.92251220178551
1993,400,29,"Bergeend",12,6.1308353,1.9573189317286,"1984-2025",117.661557715789,0.429428447338101,50.5272200412738,3.92251220178551
1994,100,29,"Bergeend",8,6.1308353,1.30487928781907,"1984-2025",78.4410384771929,0.429428447338101,33.6848133608492,3.51704709367734
1994,300,29,"Bergeend",8,6.1308353,1.30487928781907,"1984-2025",78.4410384771929,0.429428447338101,33.6848133608492,3.51704709367734
1994,400,29,"Bergeend",8,6.1308353,1.30487928781907,"1984-2025",78.4410384771929,0.429428447338101,33.6848133608492,3.51704709367734
1995,100,29,"Bergeend",4,6.09164596,0.65663697894879,"1984-2025",39.4728363091404,0.429428447338101,16.9507588082652,2.8303126002737
1995,300,29,"Bergeend",4,6.09164596,0.65663697894879,"1984-2025",39.4728363091404,0.429428447338101,16.9507588082652,2.8303126002737
1995,400,29,"Bergeend",4,6.09164596,0.65663697894879,"1984-2025",39.4728363091404,0.429428447338101,16.9507588082652,2.8303126002737
1996,100,29,"Bergeend",12,6.44975091,1.86053696762066,"1984-2025",111.843641958097,0.429428447338101,48.028841510704,3.87180169526725
1996,300,29,"Bergeend",12,6.44975091,1.86053696762066,"1984-2025",111.843641958097,0.429428447338101,48.028841510704,3.87180169526725
1996,400,29,"Bergeend",12,6.44975091,1.86053696762066,"1984-2025",111.843641958097,0.429428447338101,48.028841510704,3.87180169526725
1997,100,29,"Bergeend",10,6.09164596,1.64159244737197,"1984-2025",98.6820907728509,0.429428447338101,42.3768970206629,3.74660333214785
1997,300,29,"Bergeend",10,6.09164596,1.64159244737197,"1984-2025",98.6820907728509,0.429428447338101,42.3768970206629,3.74660333214785
1997,400,29,"Bergeend",10,6.09164596,1.64159244737197,"1984-2025",98.6820907728509,0.429428447338101,42.3768970206629,3.74660333214785
1998,100,29,"Bergeend",7,5.62796272,1.2437893334162,"1984-2025",74.768699197523,0.429428447338101,32.1078064058818,3.46909919078441
1998,300,29,"Bergeend",7,5.62796272,1.2437893334162,"1984-2025",74.768699197523,0.429428447338101,32.1078064058818,3.46909919078441
1998,400,29,"Bergeend",7,5.62796272,1.2437893334162,"1984-2025",74.768699197523,0.429428447338101,32.1078064058818,3.46909919078441
1999,100,29,"Bergeend",2,6.09164596,0.328318489474395,"1984-2025",19.7364181545702,0.429428447338101,8.47537940413258,2.13716541971375
1999,300,29,"Bergeend",2,6.09164596,0.328318489474395,"1984-2025",19.7364181545702,0.429428447338101,8.47537940413258,2.13716541971375
1999,400,29,"Bergeend",2,6.09164596,0.328318489474395,"1984-2025",19.7364181545702,0.429428447338101,8.47537940413258,2.13716541971375
2000,100,29,"Bergeend",2,5.70172844,0.350770826959974,"1984-2025",21.0861097965862,0.429428447338101,9.05497539034873,2.20331437353475
2000,300,29,"Bergeend",2,5.70172844,0.350770826959974,"1984-2025",21.0861097965862,0.429428447338101,9.05497539034873,2.20331437353475
2000,400,29,"Bergeend",2,5.70172844,0.350770826959974,"1984-2025",21.0861097965862,0.429428447338101,9.05497539034873,2.20331437353475
2001,100,29,"Bergeend",3,6.44975091,0.465134241905165,"1984-2025",27.9609104895242,0.429428447338101,12.007210377676,2.48550733414735
2001,300,29,"Bergeend",3,6.44975091,0.465134241905165,"1984-2025",27.9609104895242,0.429428447338101,12.007210377676,2.48550733414735
2001,400,29,"Bergeend",3,6.44975091,0.465134241905165,"1984-2025",27.9609104895242,0.429428447338101,12.007210377676,2.48550733414735
2009,100,29,"Bergeend",1,5.98606767,0.167054576581491,"1984-2025",10.0422580017508,0.429428447338101,4.31243126146045,1.46150184285896
2009,300,29,"Bergeend",1,5.98606767,0.167054576581491,"1984-2025",10.0422580017508,0.429428447338101,4.31243126146045,1.46150184285896
2009,400,29,"Bergeend",1,5.98606767,0.167054576581491,"1984-2025",10.0422580017508,0.429428447338101,4.31243126146045,1.46150184285896
2010,100,29,"Bergeend",2,6.44975091,0.310089494603444,"1984-2025",18.6406069930161,0.429428447338101,8.00480691845066,2.08004222603919
2010,300,29,"Bergeend",2,6.44975091,0.310089494603444,"1984-2025",18.6406069930161,0.429428447338101,8.00480691845066,2.08004222603919
2010,400,29,"Bergeend",2,6.44975091,0.310089494603444,"1984-2025",18.6406069930161,0.429428447338101,8.00480691845066,2.08004222603919
2011,100,29,"Bergeend",1,6.44975091,0.155044747301722,"1984-2025",9.32030349650806,0.429428447338101,4.00240345922533,1.38689504547924
2011,300,29,"Bergeend",1,6.44975091,0.155044747301722,"1984-2025",9.32030349650806,0.429428447338101,4.00240345922533,1.38689504547924
2011,400,29,"Bergeend",1,6.44975091,0.155044747301722,"1984-2025",9.32030349650806,0.429428447338101,4.00240345922533,1.38689504547924
2012,100,29,"Bergeend",1,6.44975091,0.155044747301722,"1984-2025",9.32030349650806,0.429428447338101,4.00240345922533,1.38689504547924
2012,300,29,"Bergeend",1,6.44975091,0.155044747301722,"1984-2025",9.32030349650806,0.429428447338101,4.00240345922533,1.38689504547924
2012,400,29,"Bergeend",1,6.44975091,0.155044747301722,"1984-2025",9.32030349650806,0.429428447338101,4.00240345922533,1.38689504547924
2017,100,29,"Bergeend",2,6.57225335,0.304309632251167,"1984-2025",18.2931584516836,0.429428447338101,7.85560263081633,2.06122698815581
2017,300,29,"Bergeend",2,6.57225335,0.304309632251167,"1984-2025",18.2931584516836,0.429428447338101,7.85560263081633,2.06122698815581
2017,400,29,"Bergeend",2,6.57225335,0.304309632251167,"1984-2025",18.2931584516836,0.429428447338101,7.85560263081633,2.06122698815581
2018,100,29,"Bergeend",1,6.57225335,0.152154816125583,"1984-2025",9.14657922584178,0.429428447338101,3.92780131540817,1.36807980759586
2018,300,29,"Bergeend",1,6.57225335,0.152154816125583,"1984-2025",9.14657922584178,0.429428447338101,3.92780131540817,1.36807980759586
2018,400,29,"Bergeend",1,6.57225335,0.152154816125583,"1984-2025",9.14657922584178,0.429428447338101,3.92780131540817,1.36807980759586
2019,100,29,"Bergeend",4,6.57225335,0.608619264502334,"1984-2025",36.5863169033671,0.429428447338101,15.7112052616327,2.75437416871575
2019,300,29,"Bergeend",4,6.57225335,0.608619264502334,"1984-2025",36.5863169033671,0.429428447338101,15.7112052616327,2.75437416871575
2019,400,29,"Bergeend",4,6.57225335,0.608619264502334,"1984-2025",36.5863169033671,0.429428447338101,15.7112052616327,2.75437416871575
2020,100,29,"Bergeend",1,6.44975091,0.155044747301722,"1984-2025",9.32030349650806,0.429428447338101,4.00240345922533,1.38689504547924
2020,300,29,"Bergeend",1,6.44975091,0.155044747301722,"1984-2025",9.32030349650806,0.429428447338101,4.00240345922533,1.38689504547924
2020,400,29,"Bergeend",1,6.44975091,0.155044747301722,"1984-2025",9.32030349650806,0.429428447338101,4.00240345922533,1.38689504547924
2021,100,29,"Bergeend",2,6.57225335,0.304309632251167,"1984-2025",18.2931584516836,0.429428447338101,7.85560263081633,2.06122698815581
2021,300,29,"Bergeend",2,6.57225335,0.304309632251167,"1984-2025",18.2931584516836,0.429428447338101,7.85560263081633,2.06122698815581
2021,400,29,"Bergeend",2,6.57225335,0.304309632251167,"1984-2025",18.2931584516836,0.429428447338101,7.85560263081633,2.06122698815581
1970,100,34,"Krakeend",9,5.625,1.6,"1958-1983",20.9327891523733,0.894190225428086,20.9327891523733,3.04131678856241
1970,500,34,"Krakeend",9,5.625,1.6,"1958-1983",20.9327891523733,0.894190225428086,20.9327891523733,3.04131678856241
1971,100,34,"Krakeend",15,5.615,2.67141585040071,"1958-1983",34.9501154592164,0.894190225428086,34.9501154592164,3.55392177222848
1971,500,34,"Krakeend",15,5.615,2.67141585040071,"1958-1983",34.9501154592164,0.894190225428086,34.9501154592164,3.55392177222848
1972,100,34,"Krakeend",16,5.645,2.83436669619132,"1958-1983",37.0820002699262,0.894190225428086,37.0820002699262,3.61313168395483
1972,500,34,"Krakeend",16,5.645,2.83436669619132,"1958-1983",37.0820002699262,0.894190225428086,37.0820002699262,3.61313168395483
1973,100,34,"Krakeend",30,5.715,5.249343832021,"1958-1983",68.6771297650044,0.894190225428086,68.6771297650044,4.22941624373206
1973,500,34,"Krakeend",30,5.715,5.249343832021,"1958-1983",68.6771297650044,0.894190225428086,68.6771297650044,4.22941624373206
1974,100,34,"Krakeend",46,5.855,7.85653287788215,"1958-1983",102.786966375873,0.894190225428086,102.786966375873,4.63265855875609
1974,500,34,"Krakeend",46,5.855,7.85653287788215,"1958-1983",102.786966375873,0.894190225428086,102.786966375873,4.63265855875609
1975,100,34,"Krakeend",62,5.505,11.2624886466848,"1958-1983",147.347062607533,0.894190225428086,147.347062607533,4.99279077418712
1975,500,34,"Krakeend",62,5.505,11.2624886466848,"1958-1983",147.347062607533,0.894190225428086,147.347062607533,4.99279077418712
1976,100,34,"Krakeend",67,6.49,10.3235747303544,"1958-1983",135.063258205799,0.894190225428086,135.063258205799,4.90574324799164
1976,500,34,"Krakeend",67,6.49,10.3235747303544,"1958-1983",135.063258205799,0.894190225428086,135.063258205799,4.90574324799164
1977,100,34,"Krakeend",61,6.175,9.87854251012146,"1958-1983",129.240904685706,0.894190225428086,129.240904685706,4.86167814097595
1977,500,34,"Krakeend",61,6.175,9.87854251012146,"1958-1983",129.240904685706,0.894190225428086,129.240904685706,4.86167814097595
1978,100,34,"Krakeend",66,6.38,10.3448275862069,"1958-1983",135.341309174828,0.894190225428086,135.341309174828,4.9077998039864
1978,500,34,"Krakeend",66,6.38,10.3448275862069,"1958-1983",135.341309174828,0.894190225428086,135.341309174828,4.9077998039864
1979,100,34,"Krakeend",69,6.37,10.8320251177394,"1958-1983",141.715311176782,0.894190225428086,141.715311176782,4.95382019432986
1979,500,34,"Krakeend",69,6.37,10.8320251177394,"1958-1983",141.715311176782,0.894190225428086,141.715311176782,4.95382019432986
1980,100,34,"Krakeend",51,6.38,7.99373040752351,"1958-1983",104.581920726003,0.894190225428086,104.581920726003,4.6499706946843
1980,500,34,"Krakeend",51,6.38,7.99373040752351,"1958-1983",104.581920726003,0.894190225428086,104.581920726003,4.6499706946843
1981,100,34,"Krakeend",58,6.38,9.09090909090909,"1958-1983",118.936302002121,0.894190225428086,118.936302002121,4.7785880725064
1981,500,34,"Krakeend",58,6.38,9.09090909090909,"1958-1983",118.936302002121,0.894190225428086,118.936302002121,4.7785880725064
1982,100,34,"Krakeend",51,6.035,8.45070422535211,"1958-1983",110.560506086479,0.894190225428086,110.560506086479,4.70556293749151
1982,500,34,"Krakeend",51,6.035,8.45070422535211,"1958-1983",110.560506086479,0.894190225428086,110.560506086479,4.70556293749151
1983,100,34,"Krakeend",55,6.38,8.62068965517241,"1958-1983",112.784424312356,0.894190225428086,112.784424312356,4.72547824719245
1983,500,34,"Krakeend",55,6.38,8.62068965517241,"1958-1983",112.784424312356,0.894190225428086,112.784424312356,4.72547824719245
1984,100,34,"Krakeend",26,3.02300608,8.60071045573286,"1984-2025",158.835273151468,0.894190225428086,142.028948705242,4.95603090094522
1984,500,34,"Krakeend",26,3.02300608,8.60071045573286,"1984-2025",158.835273151468,0.894190225428086,142.028948705242,4.95603090094522
1985,100,34,"Krakeend",38,5.13012052,7.40723338795947,"1984-2025",136.794506050252,0.894190225428086,122.320310202398,4.80664309760842
1985,500,34,"Krakeend",38,5.13012052,7.40723338795947,"1984-2025",136.794506050252,0.894190225428086,122.320310202398,4.80664309760842
1986,100,34,"Krakeend",20,4.23796013,4.71925157068431,"1984-2025",87.1536852866028,0.894190225428086,77.9319734933158,4.35583631145778
1986,500,34,"Krakeend",20,4.23796013,4.71925157068431,"1984-2025",87.1536852866028,0.894190225428086,77.9319734933158,4.35583631145778
1987,100,34,"Krakeend",38,5.02247314,7.56599367298956,"1984-2025",139.726442123225,0.894190225428086,124.942018780431,4.82784977993417
1987,500,34,"Krakeend",38,5.02247314,7.56599367298956,"1984-2025",139.726442123225,0.894190225428086,124.942018780431,4.82784977993417
1988,100,34,"Krakeend",34,4.70180252,7.23126925373293,"1984-2025",133.544854586156,0.894190225428086,119.414503627156,4.78260066449571
1988,500,34,"Krakeend",34,4.70180252,7.23126925373293,"1984-2025",133.544854586156,0.894190225428086,119.414503627156,4.78260066449571
1989,100,34,"Krakeend",22,4.70180252,4.67905657594484,"1984-2025",86.4113764969247,0.894190225428086,77.2682082293363,4.34728259323787
1989,500,34,"Krakeend",22,4.70180252,4.67905657594484,"1984-2025",86.4113764969247,0.894190225428086,77.2682082293363,4.34728259323787
1990,100,34,"Krakeend",35,4.85514176,7.20885233225404,"1984-2025",133.130865780855,0.894190225428086,119.044318884019,4.77949585137438
1990,500,34,"Krakeend",35,4.85514176,7.20885233225404,"1984-2025",133.130865780855,0.894190225428086,119.044318884019,4.77949585137438
1991,100,34,"Krakeend",25,5.55688703,4.49892176411583,"1984-2025",83.0847022427209,0.894190225428086,74.293528628044,4.30802385005758
1991,500,34,"Krakeend",25,5.55688703,4.49892176411583,"1984-2025",83.0847022427209,0.894190225428086,74.293528628044,4.30802385005758
1992,100,34,"Krakeend",43,6.1308353,7.01372617202749,"1984-2025",129.527335919211,0.894190225428086,115.822077704699,4.75205520072066
1992,500,34,"Krakeend",43,6.1308353,7.01372617202749,"1984-2025",129.527335919211,0.894190225428086,115.822077704699,4.75205520072066
1993,100,34,"Krakeend",43,6.1308353,7.01372617202749,"1984-2025",129.527335919211,0.894190225428086,115.822077704699,4.75205520072066
1993,500,34,"Krakeend",43,6.1308353,7.01372617202749,"1984-2025",129.527335919211,0.894190225428086,115.822077704699,4.75205520072066
1994,100,34,"Krakeend",45,6.1308353,7.33994599398225,"1984-2025",135.551863171268,0.894190225428086,121.209151086313,4.79751757479741
1994,500,34,"Krakeend",45,6.1308353,7.33994599398225,"1984-2025",135.551863171268,0.894190225428086,121.209151086313,4.79751757479741
1995,100,34,"Krakeend",46,6.09164596,7.55132525791108,"1984-2025",139.455550348914,0.894190225428086,124.699790003693,4.82590916867249
1995,500,34,"Krakeend",46,6.09164596,7.55132525791108,"1984-2025",139.455550348914,0.894190225428086,124.699790003693,4.82590916867249
1996,100,34,"Krakeend",41,6.44975091,6.35683463937059,"1984-2025",117.396065304131,0.894190225428086,104.974414098671,4.65371664521314
1996,500,34,"Krakeend",41,6.44975091,6.35683463937059,"1984-2025",117.396065304131,0.894190225428086,104.974414098671,4.65371664521314
1997,100,34,"Krakeend",40,6.09164596,6.5663697894879,"1984-2025",121.265695955577,0.894190225428086,108.434600003211,4.68614722629733
1997,500,34,"Krakeend",40,6.09164596,6.5663697894879,"1984-2025",121.265695955577,0.894190225428086,108.434600003211,4.68614722629733
1998,100,34,"Krakeend",25,5.62796272,4.4421047622007,"1984-2025",82.0354233412526,0.894190225428086,73.3552736906032,4.29531439962688
1998,500,34,"Krakeend",25,5.62796272,4.4421047622007,"1984-2025",82.0354233412526,0.894190225428086,73.3552736906032,4.29531439962688
1999,100,34,"Krakeend",38,6.09164596,6.2380513000135,"1984-2025",115.202411157798,0.894190225428086,103.012870003051,4.63485393190978
1999,500,34,"Krakeend",38,6.09164596,6.2380513000135,"1984-2025",115.202411157798,0.894190225428086,103.012870003051,4.63485393190978
2000,100,34,"Krakeend",35,5.70172844,6.13848947179954,"1984-2025",113.363733962325,0.894190225428086,101.368742827141,4.6187647874938
2000,500,34,"Krakeend",35,5.70172844,6.13848947179954,"1984-2025",113.363733962325,0.894190225428086,101.368742827141,4.6187647874938
2001,100,34,"Krakeend",44,6.44975091,6.82196888127576,"1984-2025",125.986021301995,0.894190225428086,112.655468788818,4.72433421242709
2001,500,34,"Krakeend",44,6.44975091,6.82196888127576,"1984-2025",125.986021301995,0.894190225428086,112.655468788818,4.72433421242709
2002,100,34,"Krakeend",45,6.09164596,7.38716601317388,"1984-2025",136.423907950024,0.894190225428086,121.988925003613,4.80393026195371
2002,500,34,"Krakeend",45,6.09164596,7.38716601317388,"1984-2025",136.423907950024,0.894190225428086,121.988925003613,4.80393026195371
2003,100,34,"Krakeend",35,6.2141484,5.63230836263904,"1984-2025",104.015737055392,0.894190225428086,93.0098553656292,4.53270545921209
2003,500,34,"Krakeend",35,6.2141484,5.63230836263904,"1984-2025",104.015737055392,0.894190225428086,93.0098553656292,4.53270545921209
2004,100,34,"Krakeend",38,6.2141484,6.11507765086524,"1984-2025",112.93137166014,0.894190225428086,100.982128682683,4.61494355744906
2004,500,34,"Krakeend",38,6.2141484,6.11507765086524,"1984-2025",112.93137166014,0.894190225428086,100.982128682683,4.61494355744906
2005,100,34,"Krakeend",30,6.2141484,4.82769288226203,"1984-2025",89.1563460474786,0.894190225428086,79.7227331705393,4.37855477938483
2005,500,34,"Krakeend",30,6.2141484,4.82769288226203,"1984-2025",89.1563460474786,0.894190225428086,79.7227331705393,4.37855477938483
2006,100,34,"Krakeend",29,5.65793112,5.12554843545002,"1984-2025",94.6570507152844,0.894190225428086,84.641409517458,4.43842362106039
2006,500,34,"Krakeend",29,5.65793112,5.12554843545002,"1984-2025",94.6570507152844,0.894190225428086,84.641409517458,4.43842362106039
2007,100,34,"Krakeend",34,6.1308353,5.54573697323104,"1984-2025",102.416963284958,0.894190225428086,91.5802474874365,4.51721560964325
2007,500,34,"Krakeend",34,6.1308353,5.54573697323104,"1984-2025",102.416963284958,0.894190225428086,91.5802474874365,4.51721560964325
2008,100,34,"Krakeend",27,6.02064405,4.48457005193655,"1984-2025",82.819659240062,0.894190225428086,74.0565297657483,4.3048287173224
2008,500,34,"Krakeend",27,6.02064405,4.48457005193655,"1984-2025",82.819659240062,0.894190225428086,74.0565297657483,4.3048287173224
2009,100,34,"Krakeend",45,5.98606767,7.51745594616708,"1984-2025",138.83006232557,0.894190225428086,124.140484727096,4.82141386565886
2009,500,34,"Krakeend",45,5.98606767,7.51745594616708,"1984-2025",138.83006232557,0.894190225428086,124.140484727096,4.82141386565886
2010,100,34,"Krakeend",25,6.44975091,3.87611868254304,"1984-2025",71.5829666488605,0.894190225428086,64.0087890845558,4.15902040337703
2010,500,34,"Krakeend",25,6.44975091,3.87611868254304,"1984-2025",71.5829666488605,0.894190225428086,64.0087890845558,4.15902040337703
2011,100,34,"Krakeend",27,6.44975091,4.18620817714649,"1984-2025",77.3096039807694,0.894190225428086,69.1294922113202,4.23598144451316
2011,500,34,"Krakeend",27,6.44975091,4.18620817714649,"1984-2025",77.3096039807694,0.894190225428086,69.1294922113202,4.23598144451316
2012,100,34,"Krakeend",24,6.44975091,3.72107393524132,"1984-2025",68.7196479829061,0.894190225428086,61.4484375211735,4.11819840885678
2012,500,34,"Krakeend",24,6.44975091,3.72107393524132,"1984-2025",68.7196479829061,0.894190225428086,61.4484375211735,4.11819840885678
2013,100,34,"Krakeend",23,6.44975091,3.5660291879396,"1984-2025",65.8563293169517,0.894190225428086,58.8880859577913,4.07563879443798
2013,500,34,"Krakeend",23,6.44975091,3.5660291879396,"1984-2025",65.8563293169517,0.894190225428086,58.8880859577913,4.07563879443798
2014,100,34,"Krakeend",32,6.44975091,4.9614319136551,"1984-2025",91.6261973105415,0.894190225428086,81.9312500282314,4.40588048130856
2014,500,34,"Krakeend",32,6.44975091,4.9614319136551,"1984-2025",91.6261973105415,0.894190225428086,81.9312500282314,4.40588048130856
2015,100,34,"Krakeend",29,6.57225335,4.41248966764192,"1984-2025",81.4885008913154,0.894190225428086,72.8662209818022,4.28862517061192
2015,500,34,"Krakeend",29,6.57225335,4.41248966764192,"1984-2025",81.4885008913154,0.894190225428086,72.8662209818022,4.28862517061192
2016,100,34,"Krakeend",31,6.44975091,4.80638716635337,"1984-2025",88.762878644587,0.894190225428086,79.3708984648491,4.37413178299398
2016,500,34,"Krakeend",31,6.44975091,4.80638716635337,"1984-2025",88.762878644587,0.894190225428086,79.3708984648491,4.37413178299398
2017,100,34,"Krakeend",18,6.57225335,2.7387866902605,"1984-2025",50.5790695187475,0.894190225428086,45.2273095749117,3.81170109852161
2017,500,34,"Krakeend",18,6.57225335,2.7387866902605,"1984-2025",50.5790695187475,0.894190225428086,45.2273095749117,3.81170109852161
2018,100,34,"Krakeend",16,6.57225335,2.43447705800934,"1984-2025",44.9591729055534,0.894190225428086,40.2020529554771,3.69391806286523
2018,500,34,"Krakeend",16,6.57225335,2.43447705800934,"1984-2025",44.9591729055534,0.894190225428086,40.2020529554771,3.69391806286523
2019,100,34,"Krakeend",22,6.57225335,3.34740595476284,"1984-2025",61.8188627451359,0.894190225428086,55.277822813781,4.01237179398376
2019,500,34,"Krakeend",22,6.57225335,3.34740595476284,"1984-2025",61.8188627451359,0.894190225428086,55.277822813781,4.01237179398376
2020,100,34,"Krakeend",30,6.44975091,4.65134241905165,"1984-2025",85.8995599786326,0.894190225428086,76.8105469014669,4.34134196017099
2020,500,34,"Krakeend",30,6.44975091,4.65134241905165,"1984-2025",85.8995599786326,0.894190225428086,76.8105469014669,4.34134196017099
2021,100,34,"Krakeend",23,6.57225335,3.49956077088842,"1984-2025",64.6288110517329,0.894190225428086,57.7904511234983,4.0568235565546
2021,500,34,"Krakeend",23,6.57225335,3.49956077088842,"1984-2025",64.6288110517329,0.894190225428086,57.7904511234983,4.0568235565546
2022,100,34,"Krakeend",26,6.57225335,3.95602521926517,"1984-2025",73.0586559715242,0.894190225428086,65.3283360526502,4.17942587864693
2022,500,34,"Krakeend",26,6.57225335,3.95602521926517,"1984-2025",73.0586559715242,0.894190225428086,65.3283360526502,4.17942587864693
2023,100,34,"Krakeend",33,6.57225335,5.02110893214426,"1984-2025",92.7282941177038,0.894190225428086,82.9167342206714,4.41783690209193
2023,500,34,"Krakeend",33,6.57225335,5.02110893214426,"1984-2025",92.7282941177038,0.894190225428086,82.9167342206714,4.41783690209193
2024,100,34,"Krakeend",30,6.57225335,4.5646444837675,"1984-2025",84.2984491979125,0.894190225428086,75.3788492915195,4.3225267222876
2024,500,34,"Krakeend",30,6.57225335,4.5646444837675,"1984-2025",84.2984491979125,0.894190225428086,75.3788492915195,4.3225267222876
2025,100,34,"Krakeend",24,6.57225335,3.651715587014,"1984-2025",67.43875935833,0.894190225428086,60.3030794332156,4.09938317097339
2025,500,34,"Krakeend",24,6.57225335,3.651715587014,"1984-2025",67.43875935833,0.894190225428086,60.3030794332156,4.09938317097339
1958,100,35,"Wintertaling",1,4.3072,0.232169390787519,"1958-1983",8.99004741564926,0.0381209244045882,8.99004741564926,2.19611812273539
1958,500,35,"Wintertaling",1,4.3072,0.232169390787519,"1958-1983",8.99004741564926,0.0381209244045882,8.99004741564926,2.19611812273539
1959,100,35,"Wintertaling",10,5.0372,1.98522988962122,"1958-1983",76.8719372442716,0.0381209244045882,76.8719372442716,4.3421408846081
1959,500,35,"Wintertaling",10,5.0372,1.98522988962122,"1958-1983",76.8719372442716,0.0381209244045882,76.8719372442716,4.3421408846081
1960,100,35,"Wintertaling",11,5.022,2.19036240541617,"1958-1983",84.8150646187832,0.0381209244045882,84.8150646187832,4.44047317582658
1960,500,35,"Wintertaling",11,5.022,2.19036240541617,"1958-1983",84.8150646187832,0.0381209244045882,84.8150646187832,4.44047317582658
1961,100,35,"Wintertaling",21,5.002,4.19832067173131,"1958-1983",162.567088525065,0.0381209244045882,162.567088525065,5.0910907690316
1961,500,35,"Wintertaling",21,5.002,4.19832067173131,"1958-1983",162.567088525065,0.0381209244045882,162.567088525065,5.0910907690316
1962,100,35,"Wintertaling",28,5.002,5.59776089564174,"1958-1983",216.75611803342,0.0381209244045882,216.75611803342,5.37877284148338
1962,500,35,"Wintertaling",28,5.002,5.59776089564174,"1958-1983",216.75611803342,0.0381209244045882,216.75611803342,5.37877284148338
1963,100,35,"Wintertaling",19,5.2472,3.62097880774508,"1958-1983",140.211295995008,0.0381209244045882,140.211295995008,4.94315054193266
1963,500,35,"Wintertaling",19,5.2472,3.62097880774508,"1958-1983",140.211295995008,0.0381209244045882,140.211295995008,4.94315054193266
1964,100,35,"Wintertaling",31,5.3272,5.81919207088151,"1958-1983",225.330360994372,0.0381209244045882,225.330360994372,5.41756759643448
1964,500,35,"Wintertaling",31,5.3272,5.81919207088151,"1958-1983",225.330360994372,0.0381209244045882,225.330360994372,5.41756759643448
1965,100,35,"Wintertaling",28,5.315,5.26810912511759,"1958-1983",203.991364516118,0.0381209244045882,203.991364516118,5.3180776621449
1965,500,35,"Wintertaling",28,5.315,5.26810912511759,"1958-1983",203.991364516118,0.0381209244045882,203.991364516118,5.3180776621449
1966,100,35,"Wintertaling",35,5.395,6.48748841519926,"1958-1983",251.208086747721,0.0381209244045882,251.208086747721,5.52628162654292
1966,500,35,"Wintertaling",35,5.395,6.48748841519926,"1958-1983",251.208086747721,0.0381209244045882,251.208086747721,5.52628162654292
1967,100,35,"Wintertaling",26,5.735,4.5335658238884,"1958-1983",175.548428586887,0.0381209244045882,175.548428586887,5.16791495120375
1967,500,35,"Wintertaling",26,5.735,4.5335658238884,"1958-1983",175.548428586887,0.0381209244045882,175.548428586887,5.16791495120375
1968,100,35,"Wintertaling",24,5.6,4.28571428571429,"1958-1983",165.951138122934,0.0381209244045882,165.951138122934,5.11169339637045
1968,500,35,"Wintertaling",24,5.6,4.28571428571429,"1958-1983",165.951138122934,0.0381209244045882,165.951138122934,5.11169339637045
1969,100,35,"Wintertaling",19,5.6,3.39285714285714,"1958-1983",131.377984347322,0.0381209244045882,131.377984347322,4.87807854518894
1969,500,35,"Wintertaling",19,5.6,3.39285714285714,"1958-1983",131.377984347322,0.0381209244045882,131.377984347322,4.87807854518894
1970,100,35,"Wintertaling",20,5.625,3.55555555555555,"1958-1983",137.677981257545,0.0381209244045882,137.677981257545,4.92491748922711
1970,500,35,"Wintertaling",20,5.625,3.55555555555555,"1958-1983",137.677981257545,0.0381209244045882,137.677981257545,4.92491748922711
1971,100,35,"Wintertaling",8,5.615,1.42475512021371,"1958-1983",55.1692712073866,0.0381209244045882,55.1692712073866,4.01040611725303
1971,500,35,"Wintertaling",8,5.615,1.42475512021371,"1958-1983",55.1692712073866,0.0381209244045882,55.1692712073866,4.01040611725303
1972,100,35,"Wintertaling",8,5.645,1.41718334809566,"1958-1983",54.8760775605803,0.0381209244045882,54.8760775605803,4.00507750784182
1972,500,35,"Wintertaling",8,5.645,1.41718334809566,"1958-1983",54.8760775605803,0.0381209244045882,54.8760775605803,4.00507750784182
1973,100,35,"Wintertaling",16,5.715,2.79965004374453,"1958-1983",108.407859257909,0.0381209244045882,108.407859257909,4.68590058875661
1973,500,35,"Wintertaling",16,5.715,2.79965004374453,"1958-1983",108.407859257909,0.0381209244045882,108.407859257909,4.68590058875661
1974,100,35,"Wintertaling",12,5.855,2.04953031596926,"1958-1983",79.3617739955959,0.0381209244045882,79.3617739955959,4.37401681650192
1974,500,35,"Wintertaling",12,5.855,2.04953031596926,"1958-1983",79.3617739955959,0.0381209244045882,79.3617739955959,4.37401681650192
1975,100,35,"Wintertaling",11,5.505,1.99818346957312,"1958-1983",77.3735248892878,0.0381209244045882,77.3735248892878,4.34864466638733
1975,500,35,"Wintertaling",11,5.505,1.99818346957312,"1958-1983",77.3735248892878,0.0381209244045882,77.3735248892878,4.34864466638733
1976,100,35,"Wintertaling",11,6.49,1.69491525423729,"1958-1983",65.6303936079398,0.0381209244045882,65.6303936079398,4.18403890584598
1976,500,35,"Wintertaling",11,6.49,1.69491525423729,"1958-1983",65.6303936079398,0.0381209244045882,65.6303936079398,4.18403890584598
1977,100,35,"Wintertaling",4,6.175,0.647773279352227,"1958-1983",25.0830330226296,0.0381209244045882,25.0830330226296,3.22219164236945
1977,500,35,"Wintertaling",4,6.175,0.647773279352227,"1958-1983",25.0830330226296,0.0381209244045882,25.0830330226296,3.22219164236945
1978,100,35,"Wintertaling",8,6.38,1.25391849529781,"1958-1983",48.5541469952157,0.0381209244045882,48.5541469952157,3.88267960808674
1978,500,35,"Wintertaling",8,6.38,1.25391849529781,"1958-1983",48.5541469952157,0.0381209244045882,48.5541469952157,3.88267960808674
1979,100,35,"Wintertaling",3,6.37,0.470957613814757,"1958-1983",18.236388804718,0.0381209244045882,18.236388804718,2.90341898284764
1979,500,35,"Wintertaling",3,6.37,0.470957613814757,"1958-1983",18.236388804718,0.0381209244045882,18.236388804718,2.90341898284764
1980,100,35,"Wintertaling",3,6.38,0.470219435736677,"1958-1983",18.2078051232059,0.0381209244045882,18.2078051232059,2.90185035507502
1980,500,35,"Wintertaling",3,6.38,0.470219435736677,"1958-1983",18.2078051232059,0.0381209244045882,18.2078051232059,2.90185035507502
1981,100,35,"Wintertaling",4,6.38,0.626959247648903,"1958-1983",24.2770734976078,0.0381209244045882,24.2770734976078,3.1895324275268
1981,500,35,"Wintertaling",4,6.38,0.626959247648903,"1958-1983",24.2770734976078,0.0381209244045882,24.2770734976078,3.1895324275268
1982,100,35,"Wintertaling",3,6.035,0.497100248550124,"1958-1983",19.2486821352201,0.0381209244045882,19.2486821352201,2.95744259788222
1982,500,35,"Wintertaling",3,6.035,0.497100248550124,"1958-1983",19.2486821352201,0.0381209244045882,19.2486821352201,2.95744259788222
1983,100,35,"Wintertaling",4,6.38,0.626959247648903,"1958-1983",24.2770734976078,0.0381209244045882,24.2770734976078,3.1895324275268
1983,500,35,"Wintertaling",4,6.38,0.626959247648903,"1958-1983",24.2770734976078,0.0381209244045882,24.2770734976078,3.1895324275268
1984,100,35,"Wintertaling",5,3.02300608,1.65398277994863,"1984-2025",592.874999661823,0.0381209244045882,22.6009430434786,3.11799163299522
1984,500,35,"Wintertaling",5,3.02300608,1.65398277994863,"1984-2025",592.874999661823,0.0381209244045882,22.6009430434786,3.11799163299522
1990,100,35,"Wintertaling",1,4.85514176,0.205967209492973,"1984-2025",73.8295529668608,0.0381209244045882,2.81445080747424,1.03476714752235
1990,500,35,"Wintertaling",1,4.85514176,0.205967209492973,"1984-2025",73.8295529668608,0.0381209244045882,2.81445080747424,1.03476714752235
1991,100,35,"Wintertaling",1,5.55688703,0.179956870564633,"1984-2025",64.5060703585219,0.0381209244045882,2.45903103177426,0.899767382826758
1991,500,35,"Wintertaling",1,5.55688703,0.179956870564633,"1984-2025",64.5060703585219,0.0381209244045882,2.45903103177426,0.899767382826758
1992,100,35,"Wintertaling",1,6.1308353,0.163109910977383,"1984-2025",58.467228067852,0.0381209244045882,2.2288247813204,0.801474442664472
1992,500,35,"Wintertaling",1,6.1308353,0.163109910977383,"1984-2025",58.467228067852,0.0381209244045882,2.2288247813204,0.801474442664472
1993,100,35,"Wintertaling",3,6.1308353,0.48932973293215,"1984-2025",175.401684203556,0.0381209244045882,6.68647434396121,1.90008673133258
1993,500,35,"Wintertaling",3,6.1308353,0.48932973293215,"1984-2025",175.401684203556,0.0381209244045882,6.68647434396121,1.90008673133258
1995,100,35,"Wintertaling",1,6.09164596,0.164159244737197,"1984-2025",58.8433648451128,0.0381209244045882,2.24316346297215,0.807887129820772
1995,500,35,"Wintertaling",1,6.09164596,0.164159244737197,"1984-2025",58.8433648451128,0.0381209244045882,2.24316346297215,0.807887129820772
1996,100,35,"Wintertaling",1,6.44975091,0.155044747301722,"1984-2025",55.576246390504,0.0381209244045882,2.11861788734317,0.750763936146209
1996,500,35,"Wintertaling",1,6.44975091,0.155044747301722,"1984-2025",55.576246390504,0.0381209244045882,2.11861788734317,0.750763936146209
1997,100,35,"Wintertaling",1,6.09164596,0.164159244737197,"1984-2025",58.8433648451128,0.0381209244045882,2.24316346297215,0.807887129820772
1997,500,35,"Wintertaling",1,6.09164596,0.164159244737197,"1984-2025",58.8433648451128,0.0381209244045882,2.24316346297215,0.807887129820772
1998,100,35,"Wintertaling",1,5.62796272,0.177684190488028,"1984-2025",63.6914214903573,0.0381209244045882,2.42797586385467,0.887057932396061
1998,500,35,"Wintertaling",1,5.62796272,0.177684190488028,"1984-2025",63.6914214903573,0.0381209244045882,2.42797586385467,0.887057932396061
1999,100,35,"Wintertaling",1,6.09164596,0.164159244737197,"1984-2025",58.8433648451128,0.0381209244045882,2.24316346297215,0.807887129820772
1999,500,35,"Wintertaling",1,6.09164596,0.164159244737197,"1984-2025",58.8433648451128,0.0381209244045882,2.24316346297215,0.807887129820772
2003,100,35,"Wintertaling",1,6.2141484,0.160923096075401,"1984-2025",57.6833578244668,0.0381209244045882,2.19894292302931,0.787976755360052
2003,500,35,"Wintertaling",1,6.2141484,0.160923096075401,"1984-2025",57.6833578244668,0.0381209244045882,2.19894292302931,0.787976755360052
2005,100,35,"Wintertaling",1,6.2141484,0.160923096075401,"1984-2025",57.6833578244668,0.0381209244045882,2.19894292302931,0.787976755360052
2005,500,35,"Wintertaling",1,6.2141484,0.160923096075401,"1984-2025",57.6833578244668,0.0381209244045882,2.19894292302931,0.787976755360052
2007,100,35,"Wintertaling",4,6.1308353,0.652439643909534,"1984-2025",233.868912271408,0.0381209244045882,8.91529912528161,2.18776880378436
2007,500,35,"Wintertaling",4,6.1308353,0.652439643909534,"1984-2025",233.868912271408,0.0381209244045882,8.91529912528161,2.18776880378436
2008,100,35,"Wintertaling",1,6.02064405,0.166095187108761,"1984-2025",59.5373090909664,0.0381209244045882,2.26961725910933,0.81961120895545
2008,500,35,"Wintertaling",1,6.02064405,0.166095187108761,"1984-2025",59.5373090909664,0.0381209244045882,2.26961725910933,0.81961120895545
2010,100,35,"Wintertaling",1,6.44975091,0.155044747301722,"1984-2025",55.576246390504,0.0381209244045882,2.11861788734317,0.750763936146209
2010,500,35,"Wintertaling",1,6.44975091,0.155044747301722,"1984-2025",55.576246390504,0.0381209244045882,2.11861788734317,0.750763936146209
2013,100,35,"Wintertaling",1,6.44975091,0.155044747301722,"1984-2025",55.576246390504,0.0381209244045882,2.11861788734317,0.750763936146209
2013,500,35,"Wintertaling",1,6.44975091,0.155044747301722,"1984-2025",55.576246390504,0.0381209244045882,2.11861788734317,0.750763936146209
2014,100,35,"Wintertaling",1,6.44975091,0.155044747301722,"1984-2025",55.576246390504,0.0381209244045882,2.11861788734317,0.750763936146209
2014,500,35,"Wintertaling",1,6.44975091,0.155044747301722,"1984-2025",55.576246390504,0.0381209244045882,2.11861788734317,0.750763936146209
2021,100,35,"Wintertaling",1,6.57225335,0.152154816125583,"1984-2025",54.5403420474559,0.0381209244045882,2.07912825619145,0.731948698262824
2021,500,35,"Wintertaling",1,6.57225335,0.152154816125583,"1984-2025",54.5403420474559,0.0381209244045882,2.07912825619145,0.731948698262824
2023,100,35,"Wintertaling",1,6.57225335,0.152154816125583,"1984-2025",54.5403420474559,0.0381209244045882,2.07912825619145,0.731948698262824
2023,500,35,"Wintertaling",1,6.57225335,0.152154816125583,"1984-2025",54.5403420474559,0.0381209244045882,2.07912825619145,0.731948698262824
2025,100,35,"Wintertaling",1,6.57225335,0.152154816125583,"1984-2025",54.5403420474558,0.0381209244045882,2.07912825619145,0.731948698262824
2025,500,35,"Wintertaling",1,6.57225335,0.152154816125583,"1984-2025",54.5403420474558,0.0381209244045882,2.07912825619145,0.731948698262824
1958,100,36,"Wilde Eend",132,4.3072,30.6463595839525,"1958-1983",141.978860356704,0.356962976738718,141.978860356704,4.95567817579148
1958,500,36,"Wilde Eend",132,4.3072,30.6463595839525,"1958-1983",141.978860356704,0.356962976738718,141.978860356704,4.95567817579148
1959,100,36,"Wilde Eend",188,5.0372,37.3223219248789,"1958-1983",172.907347061707,0.356962976738718,172.907347061707,5.15275588491372
1959,500,36,"Wilde Eend",188,5.0372,37.3223219248789,"1958-1983",172.907347061707,0.356962976738718,172.907347061707,5.15275588491372
1960,100,36,"Wilde Eend",214,5.022,42.6125049780964,"1958-1983",197.415777138586,0.356962976738718,197.415777138586,5.28531204851978
1960,500,36,"Wilde Eend",214,5.022,42.6125049780964,"1958-1983",197.415777138586,0.356962976738718,197.415777138586,5.28531204851978
1961,100,36,"Wilde Eend",156,5.002,31.187524990004,"1958-1983",144.485978613448,0.356962976738718,144.485978613448,4.97318246902744
1961,500,36,"Wilde Eend",156,5.002,31.187524990004,"1958-1983",144.485978613448,0.356962976738718,144.485978613448,4.97318246902744
1962,100,36,"Wilde Eend",158,5.002,31.5873650539784,"1958-1983",146.338362954647,0.356962976738718,146.338362954647,4.98592149480487
1962,500,36,"Wilde Eend",158,5.002,31.5873650539784,"1958-1983",146.338362954647,0.356962976738718,146.338362954647,4.98592149480487
1963,100,36,"Wilde Eend",138,5.2472,26.2997408141485,"1958-1983",121.841787382302,0.356962976738718,121.841787382302,4.80272337839314
1963,500,36,"Wilde Eend",138,5.2472,26.2997408141485,"1958-1983",121.841787382302,0.356962976738718,121.841787382302,4.80272337839314
1964,100,36,"Wilde Eend",192,5.3272,36.0414476648145,"1958-1983",166.973295834318,0.356962976738718,166.973295834318,5.11783389444683
1964,500,36,"Wilde Eend",192,5.3272,36.0414476648145,"1958-1983",166.973295834318,0.356962976738718,166.973295834318,5.11783389444683
1965,100,36,"Wilde Eend",193,5.315,36.3123236124177,"1958-1983",168.22821351005,0.356962976738718,168.22821351005,5.1253214713443
1965,500,36,"Wilde Eend",193,5.315,36.3123236124177,"1958-1983",168.22821351005,0.356962976738718,168.22821351005,5.1253214713443
1966,100,36,"Wilde Eend",175,5.395,32.4374420759963,"1958-1983",150.276611035006,0.356962976738718,150.276611035006,5.01247766944674
1966,500,36,"Wilde Eend",175,5.395,32.4374420759963,"1958-1983",150.276611035006,0.356962976738718,150.276611035006,5.01247766944674
1967,100,36,"Wilde Eend",153,5.735,26.6782911944202,"1958-1983",123.595540595024,0.356962976738718,123.595540595024,4.81701446504443
1967,500,36,"Wilde Eend",153,5.735,26.6782911944202,"1958-1983",123.595540595024,0.356962976738718,123.595540595024,4.81701446504443
1968,100,36,"Wilde Eend",115,5.6,20.5357142857143,"1958-1983",95.1381289810141,0.356962976738718,95.1381289810141,4.55532982485547
1968,500,36,"Wilde Eend",115,5.6,20.5357142857143,"1958-1983",95.1381289810141,0.356962976738718,95.1381289810141,4.55532982485547
1969,100,36,"Wilde Eend",96,5.6,17.1428571428571,"1958-1983",79.4196554971944,0.356962976738718,79.4196554971944,4.37474588796006
1969,500,36,"Wilde Eend",96,5.6,17.1428571428571,"1958-1983",79.4196554971944,0.356962976738718,79.4196554971944,4.37474588796006
1970,100,36,"Wilde Eend",127,5.625,22.5777777777778,"1958-1983",104.598627758527,0.356962976738718,104.598627758527,4.65013043260143
1970,500,36,"Wilde Eend",127,5.625,22.5777777777778,"1958-1983",104.598627758527,0.356962976738718,104.598627758527,4.65013043260143
1971,100,36,"Wilde Eend",104,5.615,18.5218165627783,"1958-1983",85.8081169515547,0.356962976738718,85.8081169515547,4.45211360518429
1971,500,36,"Wilde Eend",104,5.615,18.5218165627783,"1958-1983",85.8081169515547,0.356962976738718,85.8081169515547,4.45211360518429
1972,100,36,"Wilde Eend",84,5.645,14.8804251550044,"1958-1983",68.9382306352972,0.356962976738718,68.9382306352972,4.23321089547501
1972,500,36,"Wilde Eend",84,5.645,14.8804251550044,"1958-1983",68.9382306352972,0.356962976738718,68.9382306352972,4.23321089547501
1973,100,36,"Wilde Eend",97,5.715,16.9728783902012,"1958-1983",78.6321756818242,0.356962976738718,78.6321756818242,4.36478097548993
1973,500,36,"Wilde Eend",97,5.715,16.9728783902012,"1958-1983",78.6321756818242,0.356962976738718,78.6321756818242,4.36478097548993
1974,100,36,"Wilde Eend",70,5.855,11.9555935098207,"1958-1983",55.3880318725096,0.356962976738718,55.3880318725096,4.014363539233
1974,500,36,"Wilde Eend",70,5.855,11.9555935098207,"1958-1983",55.3880318725096,0.356962976738718,55.3880318725096,4.014363539233
1975,100,36,"Wilde Eend",50,5.505,9.08265213442325,"1958-1983",42.0782310384772,0.356962976738718,42.0782310384772,3.73953052948683
1975,500,36,"Wilde Eend",50,5.505,9.08265213442325,"1958-1983",42.0782310384772,0.356962976738718,42.0782310384772,3.73953052948683
1976,100,36,"Wilde Eend",70,6.49,10.7858243451464,"1958-1983",49.9687098017787,0.356962976738718,49.9687098017787,3.91139700556669
1976,500,36,"Wilde Eend",70,6.49,10.7858243451464,"1958-1983",49.9687098017787,0.356962976738718,49.9687098017787,3.91139700556669
1977,100,36,"Wilde Eend",89,6.175,14.412955465587,"1958-1983",66.7725308701108,0.356962976738718,66.7725308701108,4.20129178145142
1977,500,36,"Wilde Eend",89,6.175,14.412955465587,"1958-1983",66.7725308701108,0.356962976738718,66.7725308701108,4.20129178145142
1978,100,36,"Wilde Eend",76,6.38,11.9122257053292,"1958-1983",55.1871169337871,0.356962976738718,55.1871169337871,4.01072953716296
1978,500,36,"Wilde Eend",76,6.38,11.9122257053292,"1958-1983",55.1871169337871,0.356962976738718,55.1871169337871,4.01072953716296
1979,100,36,"Wilde Eend",73,6.37,11.4599686028257,"1958-1983",53.09189424263,0.356962976738718,53.09189424263,3.97202426579765
1979,500,36,"Wilde Eend",73,6.37,11.4599686028257,"1958-1983",53.09189424263,0.356962976738718,53.09189424263,3.97202426579765
1980,100,36,"Wilde Eend",79,6.38,12.3824451410658,"1958-1983",57.3655557601208,0.356962976738718,57.3655557601208,4.04944404934365
1980,500,36,"Wilde Eend",79,6.38,12.3824451410658,"1958-1983",57.3655557601208,0.356962976738718,57.3655557601208,4.04944404934365
1981,100,36,"Wilde Eend",85,6.38,13.3228840125392,"1958-1983",61.7224334127882,0.356962976738718,61.7224334127882,4.12264745336694
1981,500,36,"Wilde Eend",85,6.38,13.3228840125392,"1958-1983",61.7224334127882,0.356962976738718,61.7224334127882,4.12264745336694
1982,100,36,"Wilde Eend",88,6.035,14.5816072908036,"1958-1983",67.5538632784752,0.356962976738718,67.5538632784752,4.21292525416204
1982,500,36,"Wilde Eend",88,6.035,14.5816072908036,"1958-1983",67.5538632784752,0.356962976738718,67.5538632784752,4.21292525416204
1983,100,36,"Wilde Eend",61,6.38,9.56112852664577,"1958-1983",44.2949228021186,0.356962976738718,44.2949228021186,3.79087006104994
1983,500,36,"Wilde Eend",61,6.38,9.56112852664577,"1958-1983",44.2949228021186,0.356962976738718,44.2949228021186,3.79087006104994
1984,100,36,"Wilde Eend",42,3.02300608,13.8934553515685,"1984-2025",165.731041174123,0.356962976738718,59.1598457955218,4.08024303127263
1984,500,36,"Wilde Eend",42,3.02300608,13.8934553515685,"1984-2025",165.731041174123,0.356962976738718,59.1598457955218,4.08024303127263
1985,100,36,"Wilde Eend",64,5.13012052,12.4753404428791,"1984-2025",148.814755457258,0.356962976738718,53.1213580906672,3.97257907130723
1985,500,36,"Wilde Eend",64,5.13012052,12.4753404428791,"1984-2025",148.814755457258,0.356962976738718,53.1213580906672,3.97257907130723
1986,100,36,"Wilde Eend",61,4.23796013,14.3937172905872,"1984-2025",171.698522258948,0.356962976738718,61.2900156071931,4.11561695214263
1986,500,36,"Wilde Eend",61,4.23796013,14.3937172905872,"1984-2025",171.698522258948,0.356962976738718,61.2900156071931,4.11561695214263
1987,100,36,"Wilde Eend",70,5.02247314,13.9373567660334,"1984-2025",166.254728546643,0.356962976738718,59.3467827988971,4.08339791232267
1987,500,36,"Wilde Eend",70,5.02247314,13.9373567660334,"1984-2025",166.254728546643,0.356962976738718,59.3467827988971,4.08339791232267
1988,100,36,"Wilde Eend",45,4.70180252,9.57079754170535,"1984-2025",114.167296854234,0.356962976738718,40.7534981313001,3.7075416797154
1988,500,36,"Wilde Eend",45,4.70180252,9.57079754170535,"1984-2025",114.167296854234,0.356962976738718,40.7534981313001,3.7075416797154
1989,100,36,"Wilde Eend",48,4.70180252,10.2088507111524,"1984-2025",121.778449977849,0.356962976738718,43.4703980067201,3.77208020085297
1989,500,36,"Wilde Eend",48,4.70180252,10.2088507111524,"1984-2025",121.778449977849,0.356962976738718,43.4703980067201,3.77208020085297
1990,100,36,"Wilde Eend",52,4.85514176,10.7102948936346,"1984-2025",127.760033705622,0.356962976738718,45.6056019397979,3.82003055853192
1990,500,36,"Wilde Eend",52,4.85514176,10.7102948936346,"1984-2025",127.760033705622,0.356962976738718,45.6056019397979,3.82003055853192
1991,100,36,"Wilde Eend",41,5.55688703,7.37823169314997,"1984-2025",88.0128081594626,0.356962976738718,31.4173139917355,3.44735914195921
1991,500,36,"Wilde Eend",41,5.55688703,7.37823169314997,"1984-2025",88.0128081594626,0.356962976738718,31.4173139917355,3.44735914195921
1992,100,36,"Wilde Eend",49,6.1308353,7.99238563789179,"1984-2025",95.3388742911514,0.356962976738718,34.0324483658878,3.52731443320325
1992,500,36,"Wilde Eend",49,6.1308353,7.99238563789179,"1984-2025",95.3388742911514,0.356962976738718,34.0324483658878,3.52731443320325
1993,100,36,"Wilde Eend",51,6.1308353,8.31860545984656,"1984-2025",99.23025691528,0.356962976738718,35.4215278910261,3.56731976781695
1993,500,36,"Wilde Eend",51,6.1308353,8.31860545984656,"1984-2025",99.23025691528,0.356962976738718,35.4215278910261,3.56731976781695
1994,100,36,"Wilde Eend",66,6.1308353,10.7652541245073,"1984-2025",128.415626596245,0.356962976738718,45.8396243295632,3.82514887711905
1994,500,36,"Wilde Eend",66,6.1308353,10.7652541245073,"1984-2025",128.415626596245,0.356962976738718,45.8396243295632,3.82514887711905
1995,100,36,"Wilde Eend",65,6.09164596,10.6703509079178,"1984-2025",127.283553364774,0.356962976738718,45.4355160989711,3.81629409214456
1995,500,36,"Wilde Eend",65,6.09164596,10.6703509079178,"1984-2025",127.283553364774,0.356962976738718,45.4355160989711,3.81629409214456
1996,100,36,"Wilde Eend",71,6.44975091,11.0081770584222,"1984-2025",131.31338455091,0.356962976738718,46.8740166349288,3.84746350561567
1996,500,36,"Wilde Eend",71,6.44975091,11.0081770584222,"1984-2025",131.31338455091,0.356962976738718,46.8740166349288,3.84746350561567
1997,100,36,"Wilde Eend",55,6.09164596,9.02875846054586,"1984-2025",107.701468231732,0.356962976738718,38.4454366991294,3.64924000748139
1997,500,36,"Wilde Eend",55,6.09164596,9.02875846054586,"1984-2025",107.701468231732,0.356962976738718,38.4454366991294,3.64924000748139
1998,100,36,"Wilde Eend",41,5.62796272,7.28505181000915,"1984-2025",86.9012920780676,0.356962976738718,31.0205439026278,3.43464969152852
1998,500,36,"Wilde Eend",41,5.62796272,7.28505181000915,"1984-2025",86.9012920780676,0.356962976738718,31.0205439026278,3.43464969152852
1999,100,36,"Wilde Eend",63,6.09164596,10.3420324184434,"1984-2025",123.367136338165,0.356962976738718,44.0375002190027,3.78504154864045
1999,500,36,"Wilde Eend",63,6.09164596,10.3420324184434,"1984-2025",123.367136338165,0.356962976738718,44.0375002190027,3.78504154864045
2000,100,36,"Wilde Eend",50,5.70172844,8.76927067399934,"1984-2025",104.606112904486,0.356962976738718,37.3405094474518,3.62007878149806
2000,500,36,"Wilde Eend",50,5.70172844,8.76927067399934,"1984-2025",104.606112904486,0.356962976738718,37.3405094474518,3.62007878149806
2001,100,36,"Wilde Eend",47,6.44975091,7.28710312318092,"1984-2025",86.9257616041236,0.356962976738718,31.0292786174881,3.43493123028441
2001,500,36,"Wilde Eend",47,6.44975091,7.28710312318092,"1984-2025",86.9257616041236,0.356962976738718,31.0292786174881,3.43493123028441
2002,100,36,"Wilde Eend",50,6.09164596,8.20796223685987,"1984-2025",97.9104256652106,0.356962976738718,34.9503969992085,3.55392982767707
2002,500,36,"Wilde Eend",50,6.09164596,8.20796223685987,"1984-2025",97.9104256652106,0.356962976738718,34.9503969992085,3.55392982767707
2003,100,36,"Wilde Eend",51,6.2141484,8.20707789984545,"1984-2025",97.899876662789,0.356962976738718,34.9466313959025,3.55382208051253
2003,500,36,"Wilde Eend",51,6.2141484,8.20707789984545,"1984-2025",97.899876662789,0.356962976738718,34.9466313959025,3.55382208051253
2004,100,36,"Wilde Eend",42,6.2141484,6.75877003516685,"1984-2025",80.6234278399439,0.356962976738718,28.7795787966256,3.35966606607157
2004,500,36,"Wilde Eend",42,6.2141484,6.75877003516685,"1984-2025",80.6234278399439,0.356962976738718,28.7795787966256,3.35966606607157
2005,100,36,"Wilde Eend",35,6.2141484,5.63230836263904,"1984-2025",67.1861898666199,0.356962976738718,23.9829823305213,3.17734450927761
2005,500,36,"Wilde Eend",35,6.2141484,5.63230836263904,"1984-2025",67.1861898666199,0.356962976738718,23.9829823305213,3.17734450927761
2006,100,36,"Wilde Eend",29,5.65793112,5.12554843545002,"1984-2025",61.1411961459703,0.356962976738718,21.8251433776314,3.08306267112591
2006,500,36,"Wilde Eend",29,5.65793112,5.12554843545002,"1984-2025",61.1411961459703,0.356962976738718,21.8251433776314,3.08306267112591
2007,100,36,"Wilde Eend",41,6.1308353,6.68750635007272,"1984-2025",79.7733437946369,0.356962976738718,28.4761302653347,3.34906620179693
2007,500,36,"Wilde Eend",41,6.1308353,6.68750635007272,"1984-2025",79.7733437946369,0.356962976738718,28.4761302653347,3.34906620179693
2008,100,36,"Wilde Eend",37,6.02064405,6.14552192302417,"1984-2025",73.3081671253372,0.356962976738718,26.1683015563198,3.26454881402782
2008,500,36,"Wilde Eend",37,6.02064405,6.14552192302417,"1984-2025",73.3081671253372,0.356962976738718,26.1683015563198,3.26454881402782
2009,100,36,"Wilde Eend",49,5.98606767,8.18567425249304,"1984-2025",97.6445586968203,0.356962976738718,34.8554923347554,3.55121072406469
2009,500,36,"Wilde Eend",49,5.98606767,8.18567425249304,"1984-2025",97.6445586968203,0.356962976738718,34.8554923347554,3.55121072406469
2010,100,36,"Wilde Eend",52,6.44975091,8.06232685968953,"1984-2025",96.1731830513707,0.356962976738718,34.3302657044549,3.53602734715578
2010,500,36,"Wilde Eend",52,6.44975091,8.06232685968953,"1984-2025",96.1731830513707,0.356962976738718,34.3302657044549,3.53602734715578
2011,100,36,"Wilde Eend",43,6.44975091,6.66692413397404,"1984-2025",79.5278244463258,0.356962976738718,28.3884889479146,3.34598374426792
2011,500,36,"Wilde Eend",43,6.44975091,6.66692413397404,"1984-2025",79.5278244463258,0.356962976738718,28.3884889479146,3.34598374426792
2012,100,36,"Wilde Eend",55,6.44975091,8.5274611015947,"1984-2025",101.721635919719,0.356962976738718,36.310857956635,3.59211681380683
2012,500,36,"Wilde Eend",55,6.44975091,8.5274611015947,"1984-2025",101.721635919719,0.356962976738718,36.310857956635,3.59211681380683
2013,100,36,"Wilde Eend",53,6.44975091,8.21737160699125,"1984-2025",98.0226673408202,0.356962976738718,34.9904631218483,3.55507554212648
2013,500,36,"Wilde Eend",53,6.44975091,8.21737160699125,"1984-2025",98.0226673408202,0.356962976738718,34.9904631218483,3.55507554212648
2014,100,36,"Wilde Eend",36,6.44975091,5.58161090286198,"1984-2025",66.5814344201797,0.356962976738718,23.7671070261611,3.16830256703047
2014,500,36,"Wilde Eend",36,6.44975091,5.58161090286198,"1984-2025",66.5814344201797,0.356962976738718,23.7671070261611,3.16830256703047
2015,100,36,"Wilde Eend",52,6.57225335,7.91205043853034,"1984-2025",94.3805787558654,0.356962976738718,33.6903723390167,3.5172121092724
2015,500,36,"Wilde Eend",52,6.57225335,7.91205043853034,"1984-2025",94.3805787558654,0.356962976738718,33.6903723390167,3.5172121092724
2016,100,36,"Wilde Eend",40,6.44975091,6.20178989206887,"1984-2025",73.9793715779775,0.356962976738718,26.4078966957345,3.27366308268829
2016,500,36,"Wilde Eend",40,6.44975091,6.20178989206887,"1984-2025",73.9793715779775,0.356962976738718,26.4078966957345,3.27366308268829
2017,100,36,"Wilde Eend",47,6.57225335,7.15127635790242,"1984-2025",85.3055231062629,0.356962976738718,30.4509134602651,3.41611599240103
2017,500,36,"Wilde Eend",47,6.57225335,7.15127635790242,"1984-2025",85.3055231062629,0.356962976738718,30.4509134602651,3.41611599240103
2018,100,36,"Wilde Eend",36,6.57225335,5.47757338052101,"1984-2025",65.3404006771376,0.356962976738718,23.3241039270116,3.14948732914708
2018,500,36,"Wilde Eend",36,6.57225335,5.47757338052101,"1984-2025",65.3404006771376,0.356962976738718,23.3241039270116,3.14948732914708
2019,100,36,"Wilde Eend",35,6.57225335,5.32541856439542,"1984-2025",63.5253895472171,0.356962976738718,22.6762121512612,3.12131645218039
2019,500,36,"Wilde Eend",35,6.57225335,5.32541856439542,"1984-2025",63.5253895472171,0.356962976738718,22.6762121512612,3.12131645218039
2020,100,36,"Wilde Eend",56,6.44975091,8.68250584889642,"1984-2025",103.571120209168,0.356962976738718,36.9710553740283,3.61013531930951
2020,500,36,"Wilde Eend",56,6.44975091,8.68250584889642,"1984-2025",103.571120209168,0.356962976738718,36.9710553740283,3.61013531930951
2021,100,36,"Wilde Eend",55,6.57225335,8.36851488690709,"1984-2025",99.8256121456268,0.356962976738718,35.6340476662676,3.57330157592344
2021,500,36,"Wilde Eend",55,6.57225335,8.36851488690709,"1984-2025",99.8256121456268,0.356962976738718,35.6340476662676,3.57330157592344
2022,100,36,"Wilde Eend",44,6.57225335,6.69481190952567,"1984-2025",79.8604897165015,0.356962976738718,28.5072381330141,3.35015802460923
2022,500,36,"Wilde Eend",44,6.57225335,6.69481190952567,"1984-2025",79.8604897165015,0.356962976738718,28.5072381330141,3.35015802460923
2023,100,36,"Wilde Eend",44,6.57225335,6.69481190952567,"1984-2025",79.8604897165015,0.356962976738718,28.5072381330141,3.35015802460923
2023,500,36,"Wilde Eend",44,6.57225335,6.69481190952567,"1984-2025",79.8604897165015,0.356962976738718,28.5072381330141,3.35015802460923
2024,100,36,"Wilde Eend",43,6.57225335,6.54265709340009,"1984-2025",78.045478586581,0.356962976738718,27.8593463572638,3.32716850638453
2024,500,36,"Wilde Eend",43,6.57225335,6.54265709340009,"1984-2025",78.045478586581,0.356962976738718,27.8593463572638,3.32716850638453
2025,100,36,"Wilde Eend",46,6.57225335,6.99912154177684,"1984-2025",83.4905119763424,0.356962976738718,29.8030216845148,3.39460978718007
2025,500,36,"Wilde Eend",46,6.57225335,6.99912154177684,"1984-2025",83.4905119763424,0.356962976738718,29.8030216845148,3.39460978718007
1958,100,40,"Slobeend",28,4.3072,6.50074294205052,"1958-1983",86.1798947616489,0.180953095847247,86.1798947616489,4.45643691104108
1958,500,40,"Slobeend",28,4.3072,6.50074294205052,"1958-1983",86.1798947616489,0.180953095847247,86.1798947616489,4.45643691104108
1959,100,40,"Slobeend",52,5.0372,10.3231954260303,"1958-1983",136.853880141061,0.180953095847247,136.853880141061,4.91891378832596
1959,500,40,"Slobeend",52,5.0372,10.3231954260303,"1958-1983",136.853880141061,0.180953095847247,136.853880141061,4.91891378832596
1960,100,40,"Slobeend",46,5.022,9.15969733174034,"1958-1983",121.429467237009,0.180953095847247,121.429467237009,4.79933357764779
1960,500,40,"Slobeend",46,5.022,9.15969733174034,"1958-1983",121.429467237009,0.180953095847247,121.429467237009,4.79933357764779
1961,100,40,"Slobeend",42,5.002,8.39664134346262,"1958-1983",111.313687340276,0.180953095847247,111.313687340276,4.71235222772203
1961,500,40,"Slobeend",42,5.002,8.39664134346262,"1958-1983",111.313687340276,0.180953095847247,111.313687340276,4.71235222772203
1962,100,40,"Slobeend",53,5.002,10.5957616953219,"1958-1983",140.467272119872,0.180953095847247,140.467272119872,4.94497452299078
1962,500,40,"Slobeend",53,5.002,10.5957616953219,"1958-1983",140.467272119872,0.180953095847247,140.467272119872,4.94497452299078
1963,100,40,"Slobeend",43,5.2472,8.19484677542308,"1958-1983",108.638510857812,0.180953095847247,108.638510857812,4.68802595659026
1963,500,40,"Slobeend",43,5.2472,8.19484677542308,"1958-1983",108.638510857812,0.180953095847247,108.638510857812,4.68802595659026
1964,100,40,"Slobeend",75,5.3272,14.0786904940682,"1958-1983",186.640215737851,0.180953095847247,186.640215737851,5.22918278361612
1964,500,40,"Slobeend",75,5.3272,14.0786904940682,"1958-1983",186.640215737851,0.180953095847247,186.640215737851,5.22918278361612
1965,100,40,"Slobeend",80,5.315,15.0517403574788,"1958-1983",199.539869758029,0.180953095847247,199.539869758029,5.29601406477406
1965,500,40,"Slobeend",80,5.315,15.0517403574788,"1958-1983",199.539869758029,0.180953095847247,199.539869758029,5.29601406477406
1966,100,40,"Slobeend",74,5.395,13.7164040778499,"1958-1983",181.837410042935,0.180953095847247,181.837410042935,5.20311293638816
1966,500,40,"Slobeend",74,5.395,13.7164040778499,"1958-1983",181.837410042935,0.180953095847247,181.837410042935,5.20311293638816
1967,100,40,"Slobeend",65,5.735,11.333914559721,"1958-1983",150.252913044148,0.180953095847247,150.252913044148,5.01231996120839
1967,500,40,"Slobeend",65,5.735,11.333914559721,"1958-1983",150.252913044148,0.180953095847247,150.252913044148,5.01231996120839
1968,100,40,"Slobeend",54,5.6,9.64285714285714,"1958-1983",127.834683078688,0.180953095847247,127.834683078688,4.85073789071726
1968,500,40,"Slobeend",54,5.6,9.64285714285714,"1958-1983",127.834683078688,0.180953095847247,127.834683078688,4.85073789071726
1969,100,40,"Slobeend",36,5.6,6.42857142857143,"1958-1983",85.2231220524583,0.180953095847247,85.2231220524583,4.4452727826091
1969,500,40,"Slobeend",36,5.6,6.42857142857143,"1958-1983",85.2231220524583,0.180953095847247,85.2231220524583,4.4452727826091
1970,100,40,"Slobeend",49,5.625,8.71111111111111,"1958-1983",115.482591067628,0.180953095847247,115.482591067628,4.74911979191423
1970,500,40,"Slobeend",49,5.625,8.71111111111111,"1958-1983",115.482591067628,0.180953095847247,115.482591067628,4.74911979191423
1971,100,40,"Slobeend",43,5.615,7.65805877114871,"1958-1983",101.522349808212,0.180953095847247,101.522349808212,4.62027896939725
1971,500,40,"Slobeend",43,5.615,7.65805877114871,"1958-1983",101.522349808212,0.180953095847247,101.522349808212,4.62027896939725
1972,100,40,"Slobeend",39,5.645,6.90876882196634,"1958-1983",91.5890653294799,0.180953095847247,91.5890653294799,4.51731189042211
1972,500,40,"Slobeend",39,5.645,6.90876882196634,"1958-1983",91.5890653294799,0.180953095847247,91.5890653294799,4.51731189042211
1973,100,40,"Slobeend",52,5.715,9.09886264216973,"1958-1983",120.622986009895,0.180953095847247,120.622986009895,4.79266986322874
1973,500,40,"Slobeend",52,5.715,9.09886264216973,"1958-1983",120.622986009895,0.180953095847247,120.622986009895,4.79266986322874
1974,100,40,"Slobeend",32,5.855,5.46541417591802,"1958-1983",72.4546136815663,0.180953095847247,72.4546136815663,4.28296034764413
1974,500,40,"Slobeend",32,5.855,5.46541417591802,"1958-1983",72.4546136815663,0.180953095847247,72.4546136815663,4.28296034764413
1975,100,40,"Slobeend",31,5.505,5.63124432334241,"1958-1983",74.6530123539548,0.180953095847247,74.6530123539548,4.31285087620459
1975,500,40,"Slobeend",31,5.505,5.63124432334241,"1958-1983",74.6530123539548,0.180953095847247,74.6530123539548,4.31285087620459
1976,100,40,"Slobeend",34,6.49,5.23882896764253,"1958-1983",69.4507894144328,0.180953095847247,69.4507894144328,4.24061843579425
1976,500,40,"Slobeend",34,6.49,5.23882896764253,"1958-1983",69.4507894144328,0.180953095847247,69.4507894144328,4.24061843579425
1977,100,40,"Slobeend",21,6.175,3.40080971659919,"1958-1983",45.0842966863207,0.180953095847247,45.0842966863207,3.80853399710347
1977,500,40,"Slobeend",21,6.175,3.40080971659919,"1958-1983",45.0842966863207,0.180953095847247,45.0842966863207,3.80853399710347
1978,100,40,"Slobeend",24,6.38,3.76175548589342,"1958-1983",49.8693295186799,0.180953095847247,49.8693295186799,3.90940617488534
1978,500,40,"Slobeend",24,6.38,3.76175548589342,"1958-1983",49.8693295186799,0.180953095847247,49.8693295186799,3.90940617488534
1979,100,40,"Slobeend",22,6.37,3.45368916797488,"1958-1983",45.7853158767786,0.180953095847247,45.7853158767786,3.82396342566833
1979,500,40,"Slobeend",22,6.37,3.45368916797488,"1958-1983",45.7853158767786,0.180953095847247,45.7853158767786,3.82396342566833
1980,100,40,"Slobeend",18,6.38,2.82131661442006,"1958-1983",37.4019971390099,0.180953095847247,37.4019971390099,3.62172410243355
1980,500,40,"Slobeend",18,6.38,2.82131661442006,"1958-1983",37.4019971390099,0.180953095847247,37.4019971390099,3.62172410243355
1981,100,40,"Slobeend",20,6.38,3.13479623824451,"1958-1983",41.5577745988999,0.180953095847247,41.5577745988999,3.72708461809138
1981,500,40,"Slobeend",20,6.38,3.13479623824451,"1958-1983",41.5577745988999,0.180953095847247,41.5577745988999,3.72708461809138
1982,100,40,"Slobeend",23,6.035,3.81110190555095,"1958-1983",50.5235115546195,0.180953095847247,50.5235115546195,3.92243880327374
1982,500,40,"Slobeend",23,6.035,3.81110190555095,"1958-1983",50.5235115546195,0.180953095847247,50.5235115546195,3.92243880327374
1983,100,40,"Slobeend",23,6.38,3.60501567398119,"1958-1983",47.7914407887349,0.180953095847247,47.7914407887349,3.86684656046654
1983,500,40,"Slobeend",23,6.38,3.60501567398119,"1958-1983",47.7914407887349,0.180953095847247,47.7914407887349,3.86684656046654
1984,100,40,"Slobeend",16,3.02300608,5.2927448958356,"1984-2025",332.620188856469,0.180953095847247,60.188652914874,4.0974838447622
1984,500,40,"Slobeend",16,3.02300608,5.2927448958356,"1984-2025",332.620188856469,0.180953095847247,60.188652914874,4.0974838447622
1985,100,40,"Slobeend",19,5.13012052,3.70361669397974,"1984-2025",232.752136830321,0.180953095847247,42.1172197245086,3.74045667664715
1985,500,40,"Slobeend",19,5.13012052,3.70361669397974,"1984-2025",232.752136830321,0.180953095847247,42.1172197245086,3.74045667664715
1986,100,40,"Slobeend",14,4.23796013,3.30347609947902,"1984-2025",207.605479900627,0.180953095847247,37.5668543028718,3.62612212711772
1986,500,40,"Slobeend",14,4.23796013,3.30347609947902,"1984-2025",207.605479900627,0.180953095847247,37.5668543028718,3.62612212711772
1987,100,40,"Slobeend",16,5.02247314,3.18568154652192,"1984-2025",200.202733835597,0.180953095847247,36.2273044846336,3.58981310204624
1987,500,40,"Slobeend",16,5.02247314,3.18568154652192,"1984-2025",200.202733835597,0.180953095847247,36.2273044846336,3.58981310204624
1988,100,40,"Slobeend",21,4.70180252,4.46637218612916,"1984-2025",280.687165032733,0.180953095847247,50.7912114772601,3.92772333720165
1988,500,40,"Slobeend",21,4.70180252,4.46637218612916,"1984-2025",280.687165032733,0.180953095847247,50.7912114772601,3.92772333720165
1989,100,40,"Slobeend",16,4.70180252,3.40295023705079,"1984-2025",213.856887643987,0.180953095847247,38.6980658874363,3.65578962171801
1989,500,40,"Slobeend",16,4.70180252,3.40295023705079,"1984-2025",213.856887643987,0.180953095847247,38.6980658874363,3.65578962171801
1990,100,40,"Slobeend",13,4.85514176,2.67757372340864,"1984-2025",168.270924649712,0.180953095847247,30.4491447564442,3.41605790694518
1990,500,40,"Slobeend",13,4.85514176,2.67757372340864,"1984-2025",168.270924649712,0.180953095847247,30.4491447564442,3.41605790694518
1991,100,40,"Slobeend",8,5.55688703,1.43965496451707,"1984-2025",90.4744731911398,0.180953095847247,16.3716360190855,2.79555032646789
1991,500,40,"Slobeend",8,5.55688703,1.43965496451707,"1984-2025",90.4744731911398,0.180953095847247,16.3716360190855,2.79555032646789
1992,100,40,"Slobeend",25,6.1308353,4.07774777443459,"1984-2025",256.264237467531,0.180953095847247,46.3718071246838,3.83669166949397
1992,500,40,"Slobeend",25,6.1308353,4.07774777443459,"1984-2025",256.264237467531,0.180953095847247,46.3718071246838,3.83669166949397
1993,100,40,"Slobeend",17,6.1308353,2.77286848661552,"1984-2025",174.259681477921,0.180953095847247,31.532828844785,3.45102918868199
1993,500,40,"Slobeend",17,6.1308353,2.77286848661552,"1984-2025",174.259681477921,0.180953095847247,31.532828844785,3.45102918868199
1994,100,40,"Slobeend",17,6.1308353,2.77286848661552,"1984-2025",174.259681477921,0.180953095847247,31.532828844785,3.45102918868199
1994,500,40,"Slobeend",17,6.1308353,2.77286848661552,"1984-2025",174.259681477921,0.180953095847247,31.532828844785,3.45102918868199
1995,100,40,"Slobeend",16,6.09164596,2.62654791579516,"1984-2025",165.064230562056,0.180953095847247,29.8688835338477,3.39681725402185
1995,500,40,"Slobeend",16,6.09164596,2.62654791579516,"1984-2025",165.064230562056,0.180953095847247,29.8688835338477,3.39681725402185
1996,100,40,"Slobeend",16,6.44975091,2.48071595682755,"1984-2025",155.899486239827,0.180953095847247,28.2104946760919,3.33969406034729
1996,500,40,"Slobeend",16,6.44975091,2.48071595682755,"1984-2025",155.899486239827,0.180953095847247,28.2104946760919,3.33969406034729
1997,100,40,"Slobeend",4,6.09164596,0.65663697894879,"1984-2025",41.2660576405139,0.180953095847247,7.46722088346192,2.01052289290196
1997,500,40,"Slobeend",4,6.09164596,0.65663697894879,"1984-2025",41.2660576405139,0.180953095847247,7.46722088346192,2.01052289290196
1998,100,40,"Slobeend",4,5.62796272,0.710736761952112,"1984-2025",44.6659343384854,0.180953095847247,8.08243909745878,2.08969369547725
1998,500,40,"Slobeend",4,5.62796272,0.710736761952112,"1984-2025",44.6659343384854,0.180953095847247,8.08243909745878,2.08969369547725
1999,100,40,"Slobeend",8,6.09164596,1.31327395789758,"1984-2025",82.5321152810278,0.180953095847247,14.9344417669238,2.70367007346191
1999,500,40,"Slobeend",8,6.09164596,1.31327395789758,"1984-2025",82.5321152810278,0.180953095847247,14.9344417669238,2.70367007346191
2000,100,40,"Slobeend",6,5.70172844,1.05231248087992,"1984-2025",66.1321078221056,0.180953095847247,11.9668096453139,2.48213695483112
2000,500,40,"Slobeend",6,5.70172844,1.05231248087992,"1984-2025",66.1321078221056,0.180953095847247,11.9668096453139,2.48213695483112
2001,100,40,"Slobeend",14,6.44975091,2.1706264622241,"1984-2025",136.412050459848,0.180953095847247,24.6841828415804,3.20616266772277
2001,500,40,"Slobeend",14,6.44975091,2.1706264622241,"1984-2025",136.412050459848,0.180953095847247,24.6841828415804,3.20616266772277
2002,100,40,"Slobeend",8,6.09164596,1.31327395789758,"1984-2025",82.5321152810278,0.180953095847247,14.9344417669238,2.70367007346191
2002,500,40,"Slobeend",8,6.09164596,1.31327395789758,"1984-2025",82.5321152810278,0.180953095847247,14.9344417669238,2.70367007346191
2003,100,40,"Slobeend",1,6.2141484,0.160923096075401,"1984-2025",10.1131400929757,0.180953095847247,1.83000400856087,0.604318157321351
2003,500,40,"Slobeend",1,6.2141484,0.160923096075401,"1984-2025",10.1131400929757,0.180953095847247,1.83000400856087,0.604318157321351
2004,100,40,"Slobeend",1,6.2141484,0.160923096075401,"1984-2025",10.1131400929757,0.180953095847247,1.83000400856087,0.604318157321351
2004,500,40,"Slobeend",1,6.2141484,0.160923096075401,"1984-2025",10.1131400929757,0.180953095847247,1.83000400856087,0.604318157321351
2008,100,40,"Slobeend",1,6.02064405,0.166095187108761,"1984-2025",10.4381778437377,0.180953095847247,1.88882059582847,0.635952610916748
2008,500,40,"Slobeend",1,6.02064405,0.166095187108761,"1984-2025",10.4381778437377,0.180953095847247,1.88882059582847,0.635952610916748
2009,100,40,"Slobeend",2,5.98606767,0.334109153162981,"1984-2025",20.9969404932373,0.180953095847247,3.79946138557171,1.33485931604716
2009,500,40,"Slobeend",2,5.98606767,0.334109153162981,"1984-2025",20.9969404932373,0.180953095847247,3.79946138557171,1.33485931604716
2010,100,40,"Slobeend",1,6.44975091,0.155044747301722,"1984-2025",9.74371788998917,0.180953095847247,1.76315591725574,0.567105338107507
2010,500,40,"Slobeend",1,6.44975091,0.155044747301722,"1984-2025",9.74371788998917,0.180953095847247,1.76315591725574,0.567105338107507
2012,100,40,"Slobeend",1,6.44975091,0.155044747301722,"1984-2025",9.74371788998917,0.180953095847247,1.76315591725574,0.567105338107507
2012,500,40,"Slobeend",1,6.44975091,0.155044747301722,"1984-2025",9.74371788998917,0.180953095847247,1.76315591725574,0.567105338107507
2013,100,40,"Slobeend",5,6.44975091,0.775223736508609,"1984-2025",48.7185894499459,0.180953095847247,8.81577958627872,2.17654325054161
2013,500,40,"Slobeend",5,6.44975091,0.775223736508609,"1984-2025",48.7185894499459,0.180953095847247,8.81577958627872,2.17654325054161
2014,100,40,"Slobeend",2,6.44975091,0.310089494603444,"1984-2025",19.4874357799783,0.180953095847247,3.52631183451149,1.26025251866745
2014,500,40,"Slobeend",2,6.44975091,0.310089494603444,"1984-2025",19.4874357799783,0.180953095847247,3.52631183451149,1.26025251866745
2015,100,40,"Slobeend",4,6.57225335,0.608619264502334,"1984-2025",38.2484058243074,0.180953095847247,6.92116744513029,1.93458446134401
2015,500,40,"Slobeend",4,6.57225335,0.608619264502334,"1984-2025",38.2484058243074,0.180953095847247,6.92116744513029,1.93458446134401
2016,100,40,"Slobeend",6,6.44975091,0.930268483810331,"1984-2025",58.462307339935,0.180953095847247,10.5789355035345,2.35886480733556
2016,500,40,"Slobeend",6,6.44975091,0.930268483810331,"1984-2025",58.462307339935,0.180953095847247,10.5789355035345,2.35886480733556
2017,100,40,"Slobeend",1,6.57225335,0.152154816125583,"1984-2025",9.56210145607685,0.180953095847247,1.73029186128257,0.548290100224123
2017,500,40,"Slobeend",1,6.57225335,0.152154816125583,"1984-2025",9.56210145607685,0.180953095847247,1.73029186128257,0.548290100224123
2018,100,40,"Slobeend",1,6.57225335,0.152154816125583,"1984-2025",9.56210145607685,0.180953095847247,1.73029186128257,0.548290100224123
2018,500,40,"Slobeend",1,6.57225335,0.152154816125583,"1984-2025",9.56210145607685,0.180953095847247,1.73029186128257,0.548290100224123
2019,100,40,"Slobeend",4,6.57225335,0.608619264502334,"1984-2025",38.2484058243074,0.180953095847247,6.92116744513029,1.93458446134401
2019,500,40,"Slobeend",4,6.57225335,0.608619264502334,"1984-2025",38.2484058243074,0.180953095847247,6.92116744513029,1.93458446134401
2021,100,40,"Slobeend",7,6.57225335,1.06508371287908,"1984-2025",66.934710192538,0.180953095847247,12.112043028978,2.49420024927944
2021,500,40,"Slobeend",7,6.57225335,1.06508371287908,"1984-2025",66.934710192538,0.180953095847247,12.112043028978,2.49420024927944
2022,100,40,"Slobeend",1,6.57225335,0.152154816125583,"1984-2025",9.56210145607685,0.180953095847247,1.73029186128257,0.548290100224123
2022,500,40,"Slobeend",1,6.57225335,0.152154816125583,"1984-2025",9.56210145607685,0.180953095847247,1.73029186128257,0.548290100224123
2023,100,40,"Slobeend",9,6.57225335,1.36939334513025,"1984-2025",86.0589131046917,0.180953095847247,15.5726267515431,2.74551467756034
2023,500,40,"Slobeend",9,6.57225335,1.36939334513025,"1984-2025",86.0589131046917,0.180953095847247,15.5726267515431,2.74551467756034
2024,100,40,"Slobeend",4,6.57225335,0.608619264502334,"1984-2025",38.2484058243074,0.180953095847247,6.92116744513028,1.93458446134401
2024,500,40,"Slobeend",4,6.57225335,0.608619264502334,"1984-2025",38.2484058243074,0.180953095847247,6.92116744513028,1.93458446134401
1959,100,42,"Tafeleend",6,5.0372,1.19113793377273,"1958-1983",15.1031787180716,0.997019354423699,15.1031787180716,2.71490523279709
1960,100,42,"Tafeleend",4,5.022,0.796495420151334,"1958-1983",10.0992608308337,0.997019354423699,10.0992608308337,2.31246223610309
1961,100,42,"Tafeleend",4,5.002,0.79968012794882,"1958-1983",10.1396417218006,0.997019354423699,10.1396417218006,2.31645266438305
1962,100,42,"Tafeleend",6,5.002,1.19952019192323,"1958-1983",15.209462582701,0.997019354423699,15.209462582701,2.72191777249122
1963,100,42,"Tafeleend",6,5.2472,1.1434669919195,"1958-1983",14.4987291962704,0.997019354423699,14.4987291962704,2.67406100394925
1964,100,42,"Tafeleend",16,5.3272,3.00345397206788,"1958-1983",38.0826609794615,0.997019354423699,38.0826609794615,3.63975908614409
1965,100,42,"Tafeleend",27,5.315,5.07996237064911,"1958-1983",64.412002497463,0.997019354423699,64.412002497463,4.16529998992901
1966,100,42,"Tafeleend",36,5.395,6.6728452270621,"1958-1983",84.6091549642301,0.997019354423699,84.6091549642301,4.4380424754646
1967,100,42,"Tafeleend",35,5.735,6.10287707061901,"1958-1983",77.3821742038203,0.997019354423699,77.3821742038203,4.34875644662667
1968,100,42,"Tafeleend",39,5.6,6.96428571428571,"1958-1983",88.304510169885,0.997019354423699,88.304510169885,4.48079118410713
1969,100,42,"Tafeleend",34,5.6,6.07142857142857,"1958-1983",76.9834191224639,0.997019354423699,76.9834191224639,4.34359006259365
1970,100,42,"Tafeleend",45,5.625,8,"1958-1983",101.436975784894,0.997019354423699,101.436975784894,4.61943767739842
1971,100,42,"Tafeleend",42,5.615,7.47996438112199,"1958-1983",94.8431207249673,0.997019354423699,94.8431207249673,4.55222416581155
1972,100,42,"Tafeleend",49,5.645,8.68024800708592,"1958-1983",110.062263362706,0.997019354423699,110.062263362706,4.70104623622759
1973,100,42,"Tafeleend",52,5.715,9.09886264216973,"1958-1983",115.37013868798,0.997019354423699,115.37013868798,4.74814555705324
1974,100,42,"Tafeleend",63,5.855,10.7600341588386,"1958-1983",136.433165551842,0.997019354423699,136.433165551842,4.91583486506044
1975,100,42,"Tafeleend",63,5.505,11.4441416893733,"1958-1983",145.107390427981,0.997019354423699,145.107390427981,4.97747409193548
1976,100,42,"Tafeleend",81,6.49,12.4807395993837,"1958-1983",158.25106006503,0.997019354423699,158.25106006503,5.06418275967503
1977,100,42,"Tafeleend",63,6.175,10.2024291497976,"1958-1983",129.362944826889,0.997019354423699,129.362944826889,4.86262197959608
1978,100,42,"Tafeleend",98,6.38,15.3605015673981,"1958-1983",194.765353191998,0.997019354423699,194.765353191998,5.27179551703246
1979,100,42,"Tafeleend",107,6.37,16.7974882260597,"1958-1983",212.985800804231,0.997019354423699,212.985800804231,5.36122550059642
1980,100,42,"Tafeleend",82,6.38,12.8526645768025,"1958-1983",162.96692818106,0.997019354423699,162.96692818106,5.09354728562614
1981,100,42,"Tafeleend",79,6.38,12.3824451410658,"1958-1983",157.004723491509,0.997019354423699,157.004723491509,5.05627589082891
1982,100,42,"Tafeleend",56,6.035,9.27920463960232,"1958-1983",117.656807041302,0.997019354423699,117.656807041302,4.76777197190424
1983,100,42,"Tafeleend",85,6.38,13.3228840125392,"1958-1983",168.92913287061,0.997019354423699,168.92913287061,5.12947929485221
1984,100,42,"Tafeleend",34,3.02300608,11.2470829036507,"1984-2025",124.259819067106,0.997019354423699,123.889444587092,4.81938959200429
1985,100,42,"Tafeleend",69,5.13012052,13.449976414979,"1984-2025",148.59778754184,0.997019354423699,148.154870203755,4.99825814694368
1986,100,42,"Tafeleend",66,4.23796013,15.5735301832582,"1984-2025",172.059196094274,0.997019354423699,171.546348612574,5.1448534843946
1987,100,42,"Tafeleend",73,5.02247314,14.5346720560063,"1984-2025",160.581702415729,0.997019354423699,160.103065274788,5.07581776582056
1988,100,42,"Tafeleend",75,4.70180252,15.9513292361756,"1984-2025",176.233188796328,0.997019354423699,175.707900121745,5.16882295788025
1989,100,42,"Tafeleend",77,4.70180252,16.3766980158069,"1984-2025",180.932740497563,0.997019354423699,180.393444124991,5.19514026619762
1990,100,42,"Tafeleend",78,4.85514176,16.0654423404519,"1984-2025",177.493931142768,0.997019354423699,176.964884642087,5.17595132103895
1991,100,42,"Tafeleend",64,5.55688703,11.5172397161365,"1984-2025",127.244560704277,0.997019354423699,126.865289767306,4.84312581301344
1992,100,42,"Tafeleend",71,6.1308353,11.5808036793942,"1984-2025",127.946826939998,0.997019354423699,127.565462796278,4.8486296665328
1993,100,42,"Tafeleend",68,6.1308353,11.0914739464621,"1984-2025",122.540622984787,0.997019354423699,122.17537281897,4.80545749466759
1994,100,42,"Tafeleend",92,6.1308353,15.0061118099193,"1984-2025",165.790254626477,0.997019354423699,165.29609263743,5.10773836654052
1995,100,42,"Tafeleend",81,6.09164596,13.296898823713,"1984-2025",146.906558450982,0.997019354423699,146.468682067405,4.98681163132022
1996,100,42,"Tafeleend",87,6.44975091,13.4888930152498,"1984-2025",149.02774522507,0.997019354423699,148.583546335519,5.0011474016278
1997,100,42,"Tafeleend",62,6.09164596,10.1778731737062,"1984-2025",112.446995357542,0.997019354423699,112.111830718261,4.71949686169287
1998,100,42,"Tafeleend",81,5.62796272,14.3924194295303,"1984-2025",159.010069506187,0.997019354423699,158.536116845926,5.06598243389551
1999,100,42,"Tafeleend",69,6.09164596,11.3269878868666,"1984-2025",125.142623865651,0.997019354423699,124.769618057419,4.82646898124504
2000,100,42,"Tafeleend",65,5.70172844,11.4000518761991,"1984-2025",125.949848118602,0.997019354423699,125.574436260972,4.83289870036441
2001,100,42,"Tafeleend",80,6.44975091,12.4035797841377,"1984-2025",137.037007103513,0.997019354423699,136.6285483545,4.9172659176471
2002,100,42,"Tafeleend",56,6.09164596,9.19291770528306,"1984-2025",101.565028064876,0.997019354423699,101.262298713268,4.61771416738293
2003,100,42,"Tafeleend",48,6.2141484,7.72430861161925,"1984-2025",85.3395674879175,0.997019354423699,85.0852004836012,4.44365311309495
2004,100,42,"Tafeleend",58,6.2141484,9.33353957237326,"1984-2025",103.1186440479,0.997019354423699,102.811283917685,4.63289511273348
2005,100,42,"Tafeleend",22,6.2141484,3.54030811365882,"1984-2025",39.1139684319622,0.997019354423699,38.9973835549839,3.66349455554538
2006,100,42,"Tafeleend",34,5.65793112,6.00926368294141,"1984-2025",66.3914389504908,0.997019354423699,66.1935496016787,4.19258302015446
2007,100,42,"Tafeleend",40,6.1308353,6.52439643909534,"1984-2025",72.0827194028159,0.997019354423699,71.8678663641001,4.27482924360542
2008,100,42,"Tafeleend",32,6.02064405,5.31504598748036,"1984-2025",58.7215954923997,0.997019354423699,58.5465672285619,4.06982245858218
2009,100,42,"Tafeleend",38,5.98606767,6.34807391009664,"1984-2025",70.1346760089399,0.997019354423699,69.9256293971485,4.24743224007931
2010,100,42,"Tafeleend",37,6.44975091,5.73665565016371,"1984-2025",63.3796157853746,0.997019354423699,63.1907036139563,4.14615719561744
2011,100,42,"Tafeleend",31,6.44975091,4.80638716635337,"1984-2025",53.1018402526112,0.997019354423699,52.9435624873688,3.96922648745836
2012,100,42,"Tafeleend",38,6.44975091,5.89170039746543,"1984-2025",65.0925783741685,0.997019354423699,64.8985604683875,4.1728254426996
2013,100,42,"Tafeleend",37,6.44975091,5.73665565016371,"1984-2025",63.3796157853746,0.997019354423699,63.1907036139563,4.14615719561744
2014,100,42,"Tafeleend",32,6.44975091,4.9614319136551,"1984-2025",54.8148028414051,0.997019354423699,54.6514193418,4.00097518577294
2015,100,42,"Tafeleend",41,6.57225335,6.23834746114892,"1984-2025",68.9223982290105,0.997019354423699,68.7169649876211,4.22999611179414
2016,100,42,"Tafeleend",35,6.44975091,5.42656615556026,"1984-2025",59.9536906077868,0.997019354423699,59.7749899050938,4.09058734446263
2017,100,42,"Tafeleend",34,6.57225335,5.17326374826984,"1984-2025",57.1551595069843,0.997019354423699,56.984800233637,4.04278456970599
2018,100,42,"Tafeleend",42,6.57225335,6.39050227727451,"1984-2025",70.6034323321571,0.997019354423699,70.3929885239045,4.2540936633732
2019,100,42,"Tafeleend",32,6.57225335,4.86895411601867,"1984-2025",53.7930913006911,0.997019354423699,53.6327531610701,3.98215994788956
2020,100,42,"Tafeleend",35,6.44975091,5.42656615556026,"1984-2025",59.9536906077868,0.997019354423699,59.7749899050938,4.09058734446263
2021,100,42,"Tafeleend",41,6.57225335,6.23834746114892,"1984-2025",68.9223982290105,0.997019354423699,68.7169649876211,4.22999611179414
2022,100,42,"Tafeleend",42,6.57225335,6.39050227727451,"1984-2025",70.6034323321571,0.997019354423699,70.3929885239045,4.2540936633732
2023,100,42,"Tafeleend",36,6.57225335,5.47757338052101,"1984-2025",60.5172277132775,0.997019354423699,60.3368473062039,4.09994298354594
2024,100,42,"Tafeleend",32,6.57225335,4.86895411601867,"1984-2025",53.7930913006911,0.997019354423699,53.6327531610701,3.98215994788956
2025,100,42,"Tafeleend",24,6.57225335,3.651715587014,"1984-2025",40.3448184755183,0.997019354423699,40.2245648708026,3.69447787543778
1958,100,44,"Kuifeend",4,4.3072,0.928677563150074,"1958-1983",2.6243436766381,0.357425959159998,2.6243436766381,0.964830836833999
1959,100,44,"Kuifeend",21,5.0372,4.16898276820456,"1958-1983",11.7811003516005,0.357425959159998,11.7811003516005,2.46649658231619
1960,100,44,"Kuifeend",45,5.022,8.96057347670251,"1958-1983",25.3216242921497,0.357425959159998,25.3216242921497,3.23165874577725
1961,100,44,"Kuifeend",94,5.002,18.7924830067973,"1958-1983",53.1055512743637,0.357425959159998,53.1055512743637,3.9722814665569
1962,100,44,"Kuifeend",116,5.002,23.1907237105158,"1958-1983",65.5345100832574,0.357425959159998,65.5345100832574,4.18257687539326
1963,100,44,"Kuifeend",131,5.2472,24.9656959902424,"1958-1983",70.5503923047553,0.357425959159998,70.5503923047553,4.25632723894609
1964,100,44,"Kuifeend",238,5.3272,44.6763778345097,"1958-1983",126.250675495369,0.357425959159998,126.250675495369,4.83826941859953
1965,100,44,"Kuifeend",253,5.315,47.6011288805268,"1958-1983",134.515709795671,0.357425959159998,134.515709795671,4.90168099367593
1966,100,44,"Kuifeend",301,5.395,55.7924003707136,"1958-1983",157.663368780756,0.357425959159998,157.663368780756,5.0604621827811
1967,100,44,"Kuifeend",349,5.735,60.8544027898867,"1958-1983",171.968047354902,0.357425959159998,171.968047354902,5.14730868836342
1968,100,44,"Kuifeend",283,5.6,50.5357142857143,"1958-1983",142.808534945376,0.357425959159998,142.808534945376,4.96150481664446
1969,100,44,"Kuifeend",248,5.6,44.2857142857143,"1958-1983",125.146702001602,0.357425959159998,125.146702001602,4.8294866651662
1970,100,44,"Kuifeend",296,5.625,52.6222222222222,"1958-1983",148.70478368305,0.357425959159998,148.70478368305,5.0019630229759
1971,100,44,"Kuifeend",305,5.615,54.3187889581478,"1958-1983",153.499100205911,0.357425959159998,153.499100205911,5.03369470515933
1972,100,44,"Kuifeend",302,5.645,53.4986713906112,"1958-1983",151.181535490377,0.357425959159998,151.181535490377,5.01848133651557
1973,100,44,"Kuifeend",293,5.715,51.2685914260717,"1958-1983",144.879567524785,0.357425959159998,144.879567524785,4.97590282851262
1974,100,44,"Kuifeend",245,5.855,41.8445772843723,"1958-1983",118.248309375911,0.357425959159998,118.248309375911,4.77278673023737
1975,100,44,"Kuifeend",271,5.505,49.227974568574,"1958-1983",139.113002078485,0.357425959159998,139.113002078485,4.93528656744738
1976,100,44,"Kuifeend",251,6.49,38.6748844375963,"1958-1983",109.291095689057,0.357425959159998,109.291095689057,4.69401492515811
1977,100,44,"Kuifeend",191,6.175,30.9311740890688,"1958-1983",87.4081967225501,0.357425959159998,87.4081967225501,4.47058906227491
1978,100,44,"Kuifeend",190,6.38,29.7805642633229,"1958-1983",84.1566961584236,0.357425959159998,84.1566961584236,4.43268049154611
1979,100,44,"Kuifeend",267,6.37,41.9152276295133,"1958-1983",118.447959710839,0.357425959159998,118.447959710839,4.7744737055585
1980,100,44,"Kuifeend",160,6.38,25.0783699059561,"1958-1983",70.8687967649883,0.357425959159998,70.8687967649883,4.26083023461945
1981,100,44,"Kuifeend",151,6.38,23.6677115987461,"1958-1983",66.8824269469577,0.357425959159998,66.8824269469577,4.20293625620055
1982,100,44,"Kuifeend",123,6.035,20.3811101905551,"1958-1983",57.5948421430788,0.357425959159998,57.5948421430788,4.05343301756525
1983,100,44,"Kuifeend",141,6.38,22.1003134796238,"1958-1983",62.4531271491459,0.357425959159998,62.4531271491459,4.1344163097638
1984,100,44,"Kuifeend",62,3.02300608,20.509386471363,"1984-2025",142.322087758739,0.357425959159998,50.8696087268207,3.92926566717586
1985,100,44,"Kuifeend",141,5.13012052,27.484734413218,"1984-2025",190.726562622704,0.357425959159998,68.1706245827094,4.22201374746723
1986,100,44,"Kuifeend",116,4.23796013,27.371659109969,"1984-2025",189.941891991292,0.357425959159998,67.8901629296524,4.21789114821718
1987,100,44,"Kuifeend",122,5.02247314,24.2908217922296,"1984-2025",168.562841978366,0.357425959159998,60.2487354728526,4.09848158414807
1988,100,44,"Kuifeend",107,4.70180252,22.7572297102772,"1984-2025",157.920689070549,0.357425959159998,56.444953762249,4.03326589354848
1989,100,44,"Kuifeend",89,4.70180252,18.928910693595,"1984-2025",131.354591843728,0.357425959159998,46.9495409798146,3.84907342881872
1990,100,44,"Kuifeend",130,4.85514176,26.7757372340864,"1984-2025",185.806573480661,0.357425959159998,66.412092744558,4.19587915954758
1991,100,44,"Kuifeend",107,5.55688703,19.2553851504158,"1984-2025",133.620116771034,0.357425959159998,47.7592983999579,3.86617377885831
1992,100,44,"Kuifeend",127,6.1308353,20.7149586941277,"1984-2025",143.748628136723,0.357425959159998,51.3794912897021,3.93923909069271
1993,100,44,"Kuifeend",116,6.1308353,18.9207496733765,"1984-2025",131.297959557952,0.357425959159998,46.9292991307516,3.84864219534048
1994,100,44,"Kuifeend",133,6.1308353,21.693618159992,"1984-2025",150.539901906962,0.357425959159998,53.8068688309479,3.98540113245587
1995,100,44,"Kuifeend",126,6.09164596,20.6840648368869,"1984-2025",143.534244431605,0.357425959159998,51.3028649882719,3.9377465983419
1996,100,44,"Kuifeend",153,6.44975091,23.7218463371634,"1984-2025",164.614514476635,0.357425959159998,58.8375007284689,4.07477941910829
1997,100,44,"Kuifeend",111,6.09164596,18.2216761658289,"1984-2025",126.446834380223,0.357425959159998,45.1953810610967,3.81099489270275
1998,100,44,"Kuifeend",84,5.62796272,14.9254720009943,"1984-2025",103.573275530799,0.357425959159998,37.0197773499386,3.61145229280902
1999,100,44,"Kuifeend",111,6.09164596,18.2216761658289,"1984-2025",126.446834380223,0.357425959159998,45.1953810610967,3.81099489270275
2000,100,44,"Kuifeend",118,5.70172844,20.6954787906384,"1984-2025",143.613450005588,0.357425959159998,51.3311751165236,3.93829826967708
2001,100,44,"Kuifeend",107,6.44975091,16.5897879612842,"1984-2025",115.122568947712,0.357425959159998,41.1477946270991,3.71717033217776
2002,100,44,"Kuifeend",87,6.09164596,14.2818542921362,"1984-2025",99.1069782980127,0.357425959159998,35.4234067776163,3.567372810045
2003,100,44,"Kuifeend",73,6.2141484,11.7473860135043,"1984-2025",81.5193816491882,0.357425959159998,29.1371431760911,3.37201375807809
2004,100,44,"Kuifeend",65,6.2141484,10.4600012449011,"1984-2025",72.5857507835238,0.357425959159998,25.9440315951496,3.25594158682534
2005,100,44,"Kuifeend",56,6.2141484,9.01169338022246,"1984-2025",62.5354160596513,0.357425959159998,22.3517810665904,3.10690600766485
2006,100,44,"Kuifeend",68,5.65793112,12.0185273658828,"1984-2025",83.4009300515319,0.357425959159998,29.8096574185047,3.39483241545705
2007,100,44,"Kuifeend",82,6.1308353,13.3750127001454,"1984-2025",92.8140748599313,0.357425959159998,33.1741597303589,3.50177125149837
2008,100,44,"Kuifeend",55,6.02064405,9.13523529098187,"1984-2025",63.3927182851241,0.357425959159998,22.6582031368201,3.12052195575757
2009,100,44,"Kuifeend",79,5.98606767,13.1973115499378,"1984-2025",91.5809419853814,0.357425959159998,32.7334060299011,3.48839614756259
2010,100,44,"Kuifeend",57,6.44975091,8.83755059619814,"1984-2025",61.3269759814916,0.357425959159998,21.9198532125668,3.0873927655504
2011,100,44,"Kuifeend",64,6.44975091,9.92286382731019,"1984-2025",68.8583589967625,0.357425959159998,24.6117650106014,3.20322458107553
2012,100,44,"Kuifeend",45,6.44975091,6.97701362857748,"1984-2025",48.4160336695986,0.357425959159998,17.3051472730791,2.85100398748618
2013,100,44,"Kuifeend",72,6.44975091,11.163221805724,"1984-2025",77.4656538713578,0.357425959159998,27.6882356369265,3.32100761673191
2014,100,44,"Kuifeend",67,6.44975091,10.3879980692154,"1984-2025",72.0860945747358,0.357425959159998,25.7654414954733,3.24903411710682
2015,100,44,"Kuifeend",54,6.57225335,8.21636007078151,"1984-2025",57.0163091267474,0.357425959159998,20.3791089773907,3.01451030639675
2016,100,44,"Kuifeend",70,6.44975091,10.8531323111205,"1984-2025",75.313830152709,0.357425959159998,26.9191179803452,3.29283673976521
2017,100,44,"Kuifeend",50,6.57225335,7.60774080627917,"1984-2025",52.7928788210624,0.357425959159998,18.8695453494358,2.93754926526062
2018,100,44,"Kuifeend",46,6.57225335,6.99912154177684,"1984-2025",48.5694485153774,0.357425959159998,17.3599817214809,2.85416765632157
2019,100,44,"Kuifeend",47,6.57225335,7.15127635790242,"1984-2025",49.6253060917987,0.357425959159998,17.7373726284697,2.87567386154253
2020,100,44,"Kuifeend",49,6.44975091,7.59719261778437,"1984-2025",52.7196811068963,0.357425959159998,18.8433825862417,2.93616179582648
2021,100,44,"Kuifeend",50,6.57225335,7.60774080627917,"1984-2025",52.7928788210624,0.357425959159998,18.8695453494358,2.93754926526062
2022,100,44,"Kuifeend",40,6.57225335,6.08619264502334,"1984-2025",42.23430305685,0.357425959159998,15.0956362795486,2.71440571394641
2023,100,44,"Kuifeend",47,6.57225335,7.15127635790242,"1984-2025",49.6253060917987,0.357425959159998,17.7373726284697,2.87567386154253
2024,100,44,"Kuifeend",49,6.57225335,7.45558599015359,"1984-2025",51.7370212446412,0.357425959159998,18.4921544424471,2.9173465579431
2025,100,44,"Kuifeend",41,6.57225335,6.23834746114892,"1984-2025",43.2901606332712,0.357425959159998,15.4730271865374,2.73909832653678
1958,800,64,"Torenvalk",2,4.3072,0.464338781575037,"1958-1983",129.231348046086,0.414808896920214,129.231348046086,4.86160419385379
1959,800,64,"Torenvalk",5,5.0372,0.992614944810609,"1958-1983",276.257277011089,0.414808896920214,276.257277011089,5.6213325946066
1960,800,64,"Torenvalk",2,5.022,0.398247710075667,"1958-1983",110.837368041438,0.414808896920214,110.837368041438,4.70806397414661
1961,800,64,"Torenvalk",2,5.002,0.39984006397441,"1958-1983",111.280540244723,0.414808896920214,111.280540244723,4.71205440242658
1962,800,64,"Torenvalk",2,5.002,0.39984006397441,"1958-1983",111.280540244723,0.414808896920214,111.280540244723,4.71205440242658
1971,800,64,"Torenvalk",2,5.615,0.356188780053428,"1958-1983",99.131836563509,0.414808896920214,99.131836563509,4.5964506466916
1973,800,64,"Torenvalk",2,5.715,0.349956255468067,"1958-1983",97.3972462474372,0.414808896920214,97.3972462474372,4.57879793763523
1974,800,64,"Torenvalk",2,5.855,0.341588385994876,"1958-1983",95.0683624772166,0.414808896920214,95.0683624772166,4.55459623783232
1975,800,64,"Torenvalk",1,5.505,0.181653042688465,"1958-1983",50.5563362674026,0.414808896920214,50.5563362674026,3.92308828414741
1976,800,64,"Torenvalk",1,6.49,0.154083204930663,"1958-1983",42.8833021805935,0.414808896920214,42.8833021805935,3.75848252360606
1977,800,64,"Torenvalk",1,6.175,0.161943319838057,"1958-1983",45.0708714416278,0.414808896920214,45.0708714416278,3.80823617180802
1979,800,64,"Torenvalk",2,6.37,0.313971742543171,"1958-1983",87.3823017745845,0.414808896920214,87.3823017745845,4.47029276529793
1983,800,64,"Torenvalk",1,6.38,0.156739811912226,"1958-1983",43.6226694595692,0.414808896920214,43.6226694595692,3.77557695696536
1984,800,64,"Torenvalk",2,3.02300608,0.661593111979451,"1984-2025",155.032853889177,0.414808896920214,64.3090071081621,4.16369970087601
1986,800,64,"Torenvalk",1,4.23796013,0.235962578534216,"1984-2025",55.2937315985005,0.414808896920214,22.9363318109764,3.13272219529611
1987,800,64,"Torenvalk",2,5.02247314,0.39821019331524,"1984-2025",93.3136418737986,0.414808896920214,38.7073288532783,3.65602895816006
1988,800,64,"Torenvalk",1,4.70180252,0.212684389815674,"1984-2025",49.838892415534,0.414808896920214,20.6736159866129,3.02885829727188
1989,800,64,"Torenvalk",2,4.70180252,0.425368779631349,"1984-2025",99.6777848310679,0.414808896920214,41.3472319732257,3.72200547783182
1990,800,64,"Torenvalk",2,4.85514176,0.411934418985945,"1984-2025",96.5296757692885,0.414808896920214,40.0413683259245,3.68991312783724
1991,800,64,"Torenvalk",3,5.55688703,0.5398706116939,"1984-2025",126.509300272764,0.414808896920214,52.4771832962935,3.96037847124982
1992,800,64,"Torenvalk",4,6.1308353,0.652439643909534,"1984-2025",152.887897643159,0.414808896920214,63.4192601738093,4.14976760353931
1993,800,64,"Torenvalk",5,6.1308353,0.815549554886917,"1984-2025",191.109872053949,0.414808896920214,79.2740752172617,4.37291115485352
1994,800,64,"Torenvalk",6,6.1308353,0.978659465864301,"1984-2025",229.331846464738,0.414808896920214,95.128890260714,4.55523271164747
1995,800,64,"Torenvalk",4,6.09164596,0.65663697894879,"1984-2025",153.871470201703,0.414808896920214,63.8272548218601,4.15618029069561
1996,800,64,"Torenvalk",6,6.44975091,0.930268483810331,"1984-2025",217.992260374005,0.414808896920214,90.4251290628853,4.50452220512921
1997,800,64,"Torenvalk",2,6.09164596,0.328318489474395,"1984-2025",76.9357351008516,0.414808896920214,31.91362741093,3.46303311013567
1998,800,64,"Torenvalk",5,5.62796272,0.88842095244014,"1984-2025",208.186018290973,0.414808896920214,86.3574126014898,4.45849464458511
1999,800,64,"Torenvalk",2,6.09164596,0.328318489474395,"1984-2025",76.9357351008516,0.414808896920214,31.91362741093,3.46303311013567
2000,800,64,"Torenvalk",1,5.70172844,0.175385413479987,"1984-2025",41.0985251962239,0.414808896920214,17.0480339016933,2.83603488339671
2001,800,64,"Torenvalk",2,6.44975091,0.310089494603444,"1984-2025",72.6640867913352,0.414808896920214,30.1417096876284,3.4059099164611
2002,800,64,"Torenvalk",2,6.09164596,0.328318489474395,"1984-2025",76.9357351008516,0.414808896920214,31.91362741093,3.46303311013567
2003,800,64,"Torenvalk",1,6.2141484,0.160923096075401,"1984-2025",37.709532323587,0.414808896920214,15.6422495065243,2.749975555115
2004,800,64,"Torenvalk",1,6.2141484,0.160923096075401,"1984-2025",37.709532323587,0.414808896920214,15.6422495065243,2.749975555115
2005,800,64,"Torenvalk",1,6.2141484,0.160923096075401,"1984-2025",37.709532323587,0.414808896920214,15.6422495065243,2.749975555115
2006,800,64,"Torenvalk",1,5.65793112,0.176743049498277,"1984-2025",41.4166636149092,0.414808896920214,17.180000548216,2.84374594846624
2021,800,64,"Torenvalk",1,6.57225335,0.152154816125583,"1984-2025",35.6548382227789,0.414808896920214,14.7899441130596,2.69394749801777
2024,800,64,"Torenvalk",1,6.57225335,0.152154816125583,"1984-2025",35.6548382227789,0.414808896920214,14.7899441130596,2.69394749801777
1959,800,66,"Boomvalk",1,5.0372,0.198522988962122,"1958-1983",91.0134410947139,1.96629931532126,91.0134410947139,4.51100719994715
1961,800,66,"Boomvalk",1,5.002,0.199920031987205,"1958-1983",91.6539195286471,1.96629931532126,91.6539195286471,4.51801973964128
1962,800,66,"Boomvalk",1,5.002,0.199920031987205,"1958-1983",91.6539195286471,1.96629931532126,91.6539195286471,4.51801973964128
1969,800,66,"Boomvalk",1,5.6,0.178571428571429,"1958-1983",81.8665902646951,1.96629931532126,81.8665902646951,4.4050909743556
1973,800,66,"Boomvalk",1,5.715,0.174978127734033,"1958-1983",80.2192310555193,1.96629931532126,80.2192310555193,4.38476327484993
1974,800,66,"Boomvalk",1,5.855,0.170794192997438,"1958-1983",78.301094019179,1.96629931532126,78.301094019179,4.36056157504703
1975,800,66,"Boomvalk",1,5.505,0.181653042688465,"1958-1983",83.2793652102257,1.96629931532126,83.2793652102257,4.42220080192206
1976,800,66,"Boomvalk",1,6.49,0.154083204930663,"1958-1983",70.6398929864858,1.96629931532126,70.6398929864858,4.25759504138071
1978,800,66,"Boomvalk",2,6.38,0.313479623824451,"1958-1983",143.715644351816,1.96629931532126,143.715644351816,4.96783665529995
1979,800,66,"Boomvalk",2,6.37,0.313971742543171,"1958-1983",143.941257608255,1.96629931532126,143.941257608255,4.96940528307258
1983,800,66,"Boomvalk",2,6.38,0.313479623824451,"1958-1983",143.715644351816,1.96629931532126,143.715644351816,4.96783665529995
1985,800,66,"Boomvalk",1,5.13012052,0.194927194419986,"1984-2025",66.1288027209637,1.96629931532126,130.029019513246,4.86775765256911
1986,800,66,"Boomvalk",1,4.23796013,0.235962578534216,"1984-2025",80.0500045765762,1.96629931532126,157.402269190386,5.05880475259086
1987,800,66,"Boomvalk",2,5.02247314,0.39821019331524,"1984-2025",135.092301479923,1.96629931532126,265.631899905146,5.5821115154548
1988,800,66,"Boomvalk",1,4.70180252,0.212684389815674,"1984-2025",72.1529086682798,1.96629931532126,141.874214912876,4.95494085456662
1989,800,66,"Boomvalk",1,4.70180252,0.212684389815674,"1984-2025",72.1529086682798,1.96629931532126,141.874214912876,4.95494085456662
1990,800,66,"Boomvalk",1,4.85514176,0.205967209492973,"1984-2025",69.8741137893876,1.96629931532126,137.393422102753,4.92284850457204
1991,800,66,"Boomvalk",1,5.55688703,0.179956870564633,"1984-2025",61.0501393982536,1.96629931532126,120.042847299054,4.78784873987645
1992,800,66,"Boomvalk",3,6.1308353,0.48932973293215,"1984-2025",166.00448937285,1.96629931532126,326.414513794091,5.78816808838227
1993,800,66,"Boomvalk",3,6.1308353,0.48932973293215,"1984-2025",166.00448937285,1.96629931532126,326.414513794091,5.78816808838227
1994,800,66,"Boomvalk",4,6.1308353,0.652439643909534,"1984-2025",221.3393191638,1.96629931532126,435.219351725454,6.07585016083405
1995,800,66,"Boomvalk",3,6.09164596,0.492477734211592,"1984-2025",167.072444802019,1.96629931532126,328.51443382326,5.79458077553857
1996,800,66,"Boomvalk",1,6.44975091,0.155044747301722,"1984-2025",52.598733274468,1.96629931532126,103.424853224352,4.6388452931959
1997,800,66,"Boomvalk",4,6.09164596,0.65663697894879,"1984-2025",222.763259736025,1.96629931532126,438.01924509768,6.08226284799035
1998,800,66,"Boomvalk",2,5.62796272,0.355368380976056,"1984-2025",120.558271147129,1.96629931532126,237.053646012916,5.4682864700057
1999,800,66,"Boomvalk",2,6.09164596,0.328318489474395,"1984-2025",111.381629868013,1.96629931532126,219.00962254884,5.38911566743041
2000,800,66,"Boomvalk",2,5.70172844,0.350770826959974,"1984-2025",118.998556796173,1.96629931532126,233.986780752534,5.4552646212514
2001,800,66,"Boomvalk",3,6.44975091,0.465134241905165,"1984-2025",157.796199823404,1.96629931532126,310.274559673057,5.73745758186401
2002,800,66,"Boomvalk",1,6.09164596,0.164159244737197,"1984-2025",55.6908149340064,1.96629931532126,109.50481127442,4.69596848687046
2003,800,66,"Boomvalk",1,6.2141484,0.160923096075401,"1984-2025",54.5929556175143,1.96629931532126,107.346091252083,4.67605811240974
2004,800,66,"Boomvalk",1,6.2141484,0.160923096075401,"1984-2025",54.5929556175143,1.96629931532126,107.346091252083,4.67605811240974
2005,800,66,"Boomvalk",1,6.2141484,0.160923096075401,"1984-2025",54.5929556175143,1.96629931532126,107.346091252083,4.67605811240974
2006,800,66,"Boomvalk",1,5.65793112,0.176743049498277,"1984-2025",59.9598546901093,1.96629931532126,117.899021223925,4.76982850576098
2007,800,66,"Boomvalk",1,6.1308353,0.163109910977383,"1984-2025",55.33482979095,1.96629931532126,108.804837931364,4.68955579971416
2016,800,66,"Boomvalk",1,6.44975091,0.155044747301722,"1984-2025",52.598733274468,1.96629931532126,103.424853224352,4.6388452931959
2017,800,66,"Boomvalk",1,6.57225335,0.152154816125583,"1984-2025",51.6183277995282,1.96629931532126,101.497082610241,4.62003005531251
1960,200,72,"Waterral",2,5.022,0.398247710075667,"1958-1983",76.199427964584,2.71923861088772,76.199427964584,4.33335395563797
1962,200,72,"Waterral",1,5.002,0.199920031987205,"1958-1983",38.2520519030529,2.71923861088772,38.2520519030529,3.64419720335799
1966,200,72,"Waterral",1,5.395,0.185356811862836,"1958-1983",35.465572496584,2.71923861088772,35.465572496584,3.56856243710332
1967,200,72,"Waterral",2,5.735,0.3487358326068,"1958-1983",66.7259855689871,2.71923861088772,66.7259855689871,4.20059446579203
1970,200,72,"Waterral",1,5.625,0.177777777777778,"1958-1983",34.0154246433903,2.71923861088772,34.0154246433903,3.52681408772293
1971,200,72,"Waterral",1,5.615,0.178094390026714,"1958-1983",34.0760042064239,2.71923861088772,34.0760042064239,3.52859344762301
1972,200,72,"Waterral",3,5.645,0.531443755535872,"1958-1983",101.684728229798,2.71923861088772,101.684728229798,4.6218771268799
1973,200,72,"Waterral",4,5.715,0.699912510936133,"1958-1983",133.918994659017,2.71923861088772,133.918994659017,4.89723509968653
1974,200,72,"Waterral",3,5.855,0.512382578992314,"1958-1983",98.0376243991821,2.71923861088772,98.0376243991821,4.58535132743184
1975,200,72,"Waterral",5,5.505,0.908265213442325,"1958-1983",173.784526447839,2.71923861088772,173.784526447839,5.15781617807287
1976,200,72,"Waterral",3,6.49,0.462249614791988,"1958-1983",88.4453452784609,2.71923861088772,88.4453452784609,4.48238479376553
1977,200,72,"Waterral",1,6.175,0.161943319838057,"1958-1983",30.9857107075418,2.71923861088772,30.9857107075418,3.43352615329937
1979,200,72,"Waterral",2,6.37,0.313971742543171,"1958-1983",60.0743370860504,2.71923861088772,60.0743370860504,4.09558274678929
1980,200,72,"Waterral",6,6.38,0.940438871473354,"1958-1983",179.940530049283,2.71923861088772,179.940530049283,5.19262640768477
1981,200,72,"Waterral",7,6.38,1.09717868338558,"1958-1983",209.93061839083,2.71923861088772,209.93061839083,5.34677708751203
1982,200,72,"Waterral",5,6.035,0.828500414250207,"1958-1983",158.522587919694,2.71923861088772,158.522587919694,5.06589709369802
1983,200,72,"Waterral",6,6.38,0.940438871473354,"1958-1983",179.940530049283,2.71923861088772,179.940530049283,5.19262640768477
1984,200,72,"Waterral",4,3.02300608,1.3231862239589,"1984-2025",112.126615432392,2.71923861088772,304.899021991919,5.71998064635351
1985,200,72,"Waterral",3,5.13012052,0.584781583259958,"1984-2025",49.5543095226265,2.71923861088772,134.749991789807,4.90342114886003
1986,200,72,"Waterral",2,4.23796013,0.471925157068431,"1984-2025",39.9908717619228,2.71923861088772,108.74472257808,4.68900314077361
1987,200,72,"Waterral",2,5.02247314,0.39821019331524,"1984-2025",33.7442760502193,2.71923861088772,91.75873833221,4.51916272307761
1988,200,72,"Waterral",9,4.70180252,1.91415950834107,"1984-2025",162.205608841558,2.71923861088772,441.075754464515,6.08921663952565
1989,200,72,"Waterral",12,4.70180252,2.55221267778809,"1984-2025",216.274145122078,2.71923861088772,588.101005952687,6.37689871197743
1990,200,72,"Waterral",5,4.85514176,1.02983604746486,"1984-2025",87.2681625319689,2.71923861088772,237.302957058154,5.46933762462895
1992,200,72,"Waterral",3,6.1308353,0.48932973293215,"1984-2025",41.4657330847654,2.71923861088772,112.755222432858,4.72521929600508
1993,200,72,"Waterral",11,6.1308353,1.79420902075122,"1984-2025",152.041021310806,2.71923861088772,413.435815587147,6.02450228013535
1994,200,72,"Waterral",14,6.1308353,2.28353875368337,"1984-2025",193.506754395572,2.71923861088772,526.191038020005,6.26566433695223
1995,200,72,"Waterral",14,6.09164596,2.29822942632076,"1984-2025",194.751639938839,2.71923861088772,529.576178855393,6.27207702410853
1996,200,72,"Waterral",9,6.44975091,1.3954027257155,"1984-2025",118.246231684221,2.71923861088772,321.539718787707,5.77312107815493
1997,200,72,"Waterral",3,6.09164596,0.492477734211592,"1984-2025",41.7324942726083,2.71923861088772,113.480609754727,4.73163198316138
1998,200,72,"Waterral",6,5.62796272,1.06610514292817,"1984-2025",90.3416006055057,2.71923861088772,245.660368535888,5.50394996629662
1999,200,72,"Waterral",5,6.09164596,0.820796223685987,"1984-2025",69.5541571210139,2.71923861088772,189.134349591212,5.24245760692737
2000,200,72,"Waterral",11,5.70172844,1.92923954827985,"1984-2025",163.483489315451,2.71923861088772,444.550616389225,6.09706392111264
2001,200,72,"Waterral",11,6.44975091,1.70549222031894,"1984-2025",144.523172058492,2.71923861088772,392.99298962942,5.97379177361708
2002,200,72,"Waterral",13,6.09164596,2.13407018158357,"1984-2025",180.840808514636,2.71923861088772,491.749308937151,6.19796905195481
2003,200,72,"Waterral",11,6.2141484,1.77015405682941,"1984-2025",150.002607034673,2.71923861088772,407.892880782501,6.01100459283093
2004,200,72,"Waterral",13,6.2141484,2.09200024898021,"1984-2025",177.275808313705,2.71923861088772,482.055222742956,6.17805867749409
2005,200,72,"Waterral",7,6.2141484,1.12646167252781,"1984-2025",95.4562044766104,2.71923861088772,259.568196861592,5.55901946908787
2006,200,72,"Waterral",9,5.65793112,1.59068744548449,"1984-2025",134.794631506467,2.71923861088772,366.538766532767,5.90410429072001
2007,200,72,"Waterral",9,6.1308353,1.46798919879645,"1984-2025",124.397199254296,2.71923861088772,338.265667298575,5.82383158467319
2008,200,72,"Waterral",7,6.02064405,1.16266630976133,"1984-2025",98.5241803687765,2.71923861088772,267.910755364843,5.59065392268327
2009,200,72,"Waterral",6,5.98606767,1.00232745948894,"1984-2025",84.9370886368405,2.71923861088772,230.964210917689,5.44226276742648
2010,200,72,"Waterral",9,6.44975091,1.3954027257155,"1984-2025",118.246231684221,2.71923861088772,321.539718787707,5.77312107815493
2011,200,72,"Waterral",6,6.44975091,0.930268483810331,"1984-2025",78.8308211228138,2.71923861088772,214.359812525138,5.36765597004677
2012,200,72,"Waterral",4,6.44975091,0.620178989206887,"1984-2025",52.5538807485425,2.71923861088772,142.906541683425,4.9621908619386
2013,200,72,"Waterral",2,6.44975091,0.310089494603444,"1984-2025",26.2769403742713,2.71923861088772,71.4532708417127,4.26904368137866
2014,200,72,"Waterral",6,6.44975091,0.930268483810331,"1984-2025",78.8308211228138,2.71923861088772,214.359812525138,5.36765597004677
2015,200,72,"Waterral",6,6.57225335,0.912928896753501,"1984-2025",77.3614669423715,2.71923861088772,210.36428790461,5.34884073216338
2016,200,72,"Waterral",4,6.44975091,0.620178989206887,"1984-2025",52.5538807485425,2.71923861088772,142.906541683425,4.9621908619386
2017,200,72,"Waterral",4,6.57225335,0.608619264502334,"1984-2025",51.5743112949143,2.71923861088772,140.242858603074,4.94337562405522
2018,200,72,"Waterral",6,6.57225335,0.912928896753501,"1984-2025",77.3614669423715,2.71923861088772,210.36428790461,5.34884073216338
2019,200,72,"Waterral",7,6.57225335,1.06508371287908,"1984-2025",90.2550447661001,2.71923861088772,245.425002555379,5.50299141199064
2020,200,72,"Waterral",3,6.44975091,0.465134241905165,"1984-2025",39.4154105614069,2.71923861088772,107.179906262569,4.67450878948682
2021,200,72,"Waterral",10,6.57225335,1.52154816125583,"1984-2025",128.935778237286,2.71923861088772,350.607146507684,5.85966635592937
2022,200,72,"Waterral",3,6.57225335,0.45646444837675,"1984-2025",38.6807334711857,2.71923861088772,105.182143952305,4.65569355160344
2023,200,72,"Waterral",9,6.57225335,1.36939334513025,"1984-2025",116.042200413557,2.71923861088772,315.546431856915,5.75430584027155
2024,200,72,"Waterral",4,6.57225335,0.608619264502334,"1984-2025",51.5743112949143,2.71923861088772,140.242858603074,4.94337562405522
2025,200,72,"Waterral",5,6.57225335,0.760774080627917,"1984-2025",64.4678891186429,2.71923861088772,175.303573253842,5.16651917536943
1958,100,77,"Waterhoen",16,4.3072,3.7147102526003,"1958-1983",71.8451787129758,0.771297510775849,71.8451787129758,4.27451350815773
1958,200,77,"Waterhoen",16,4.3072,3.7147102526003,"1958-1983",71.8451787129758,0.771297510775849,71.8451787129758,4.27451350815773
1959,100,77,"Waterhoen",29,5.0372,5.75716667990153,"1958-1983",111.347760894239,0.771297510775849,111.347760894239,4.71265828478309
1959,200,77,"Waterhoen",29,5.0372,5.75716667990153,"1958-1983",111.347760894239,0.771297510775849,111.347760894239,4.71265828478309
1960,100,77,"Waterhoen",37,5.022,7.36758263639984,"1958-1983",142.49436838963,0.771297510775849,142.49436838963,4.959302478855
1960,200,77,"Waterhoen",37,5.022,7.36758263639984,"1958-1983",142.49436838963,0.771297510775849,142.49436838963,4.959302478855
1961,100,77,"Waterhoen",42,5.002,8.39664134346262,"1958-1983",162.397106877327,0.771297510775849,162.397106877327,5.09004461277411
1961,200,77,"Waterhoen",42,5.002,8.39664134346262,"1958-1983",162.397106877327,0.771297510775849,162.397106877327,5.09004461277411
1962,100,77,"Waterhoen",31,5.002,6.19752099160336,"1958-1983",119.864531266598,0.771297510775849,119.864531266598,4.78636219897589
1962,200,77,"Waterhoen",31,5.002,6.19752099160336,"1958-1983",119.864531266598,0.771297510775849,119.864531266598,4.78636219897589
1963,100,77,"Waterhoen",12,5.2472,2.286933983839,"1958-1983",44.2309546642775,0.771297510775849,44.2309546642775,3.78942487573678
1963,200,77,"Waterhoen",12,5.2472,2.286933983839,"1958-1983",44.2309546642775,0.771297510775849,44.2309546642775,3.78942487573678
1964,100,77,"Waterhoen",21,5.3272,3.94203333833909,"1958-1983",76.2417713433314,0.771297510775849,76.2417713433314,4.33390949285531
1964,200,77,"Waterhoen",21,5.3272,3.94203333833909,"1958-1983",76.2417713433314,0.771297510775849,76.2417713433314,4.33390949285531
1965,100,77,"Waterhoen",38,5.315,7.14957666980245,"1958-1983",138.27797557145,0.771297510775849,138.27797557145,4.92926597487864
1965,200,77,"Waterhoen",38,5.315,7.14957666980245,"1958-1983",138.27797557145,0.771297510775849,138.27797557145,4.92926597487864
1966,100,77,"Waterhoen",29,5.395,5.37534754402224,"1958-1983",103.963103091095,0.771297510775849,103.963103091095,4.64403605822254
1966,200,77,"Waterhoen",29,5.395,5.37534754402224,"1958-1983",103.963103091095,0.771297510775849,103.963103091095,4.64403605822254
1967,100,77,"Waterhoen",34,5.735,5.92850915431561,"1958-1983",114.661648077441,0.771297510775849,114.661648077441,4.74198560098099
1967,200,77,"Waterhoen",34,5.735,5.92850915431561,"1958-1983",114.661648077441,0.771297510775849,114.661648077441,4.74198560098099
1968,100,77,"Waterhoen",39,5.6,6.96428571428571,"1958-1983",134.694314691391,0.771297510775849,134.694314691391,4.90300787533471
1968,200,77,"Waterhoen",39,5.6,6.96428571428571,"1958-1983",134.694314691391,0.771297510775849,134.694314691391,4.90300787533471
1969,100,77,"Waterhoen",29,5.6,5.17857142857143,"1958-1983",100.157310924368,0.771297510775849,100.157310924368,4.60674205919154
1969,200,77,"Waterhoen",29,5.6,5.17857142857143,"1958-1983",100.157310924368,0.771297510775849,100.157310924368,4.60674205919154
1970,100,77,"Waterhoen",28,5.625,4.97777777777778,"1958-1983",96.2738167230091,0.771297510775849,96.2738167230091,4.56719638903089
1970,200,77,"Waterhoen",28,5.625,4.97777777777778,"1958-1983",96.2738167230091,0.771297510775849,96.2738167230091,4.56719638903089
1971,100,77,"Waterhoen",34,5.615,6.05520926090828,"1958-1983",117.112119630298,0.771297510775849,117.112119630298,4.76313176337192
1971,200,77,"Waterhoen",34,5.615,6.05520926090828,"1958-1983",117.112119630298,0.771297510775849,117.112119630298,4.76313176337192
1972,100,77,"Waterhoen",27,5.645,4.78299379982285,"1958-1983",92.5065539339935,0.771297510775849,92.5065539339935,4.52727949534887
1972,200,77,"Waterhoen",27,5.645,4.78299379982285,"1958-1983",92.5065539339935,0.771297510775849,92.5065539339935,4.52727949534887
1973,100,77,"Waterhoen",25,5.715,4.37445319335083,"1958-1983",84.605083593758,0.771297510775849,84.605083593758,4.43799435456759
1973,200,77,"Waterhoen",25,5.715,4.37445319335083,"1958-1983",84.605083593758,0.771297510775849,84.605083593758,4.43799435456759
1974,100,77,"Waterhoen",31,5.855,5.29461998292058,"1958-1983",102.401773765248,0.771297510775849,102.401773765248,4.62890403438163
1974,200,77,"Waterhoen",31,5.855,5.29461998292058,"1958-1983",102.401773765248,0.771297510775849,102.401773765248,4.62890403438163
1975,100,77,"Waterhoen",30,5.505,5.44959128065395,"1958-1983",105.399030569663,0.771297510775849,105.399030569663,4.65775343843368
1975,200,77,"Waterhoen",30,5.505,5.44959128065395,"1958-1983",105.399030569663,0.771297510775849,105.399030569663,4.65775343843368
1976,100,77,"Waterhoen",31,6.49,4.77657935285054,"1958-1983",92.3824938976156,0.771297510775849,92.3824938976156,4.52593750071531
1976,200,77,"Waterhoen",31,6.49,4.77657935285054,"1958-1983",92.3824938976156,0.771297510775849,92.3824938976156,4.52593750071531
1977,100,77,"Waterhoen",35,6.175,5.66801619433198,"1958-1983",109.623526126908,0.771297510775849,109.623526126908,4.69705200592154
1977,200,77,"Waterhoen",35,6.175,5.66801619433198,"1958-1983",109.623526126908,0.771297510775849,109.623526126908,4.69705200592154
1978,100,77,"Waterhoen",34,6.38,5.32915360501567,"1958-1983",103.069678953625,0.771297510775849,103.069678953625,4.63540525420563
1978,200,77,"Waterhoen",34,6.38,5.32915360501567,"1958-1983",103.069678953625,0.771297510775849,103.069678953625,4.63540525420563
1979,100,77,"Waterhoen",24,6.37,3.76766091051805,"1958-1983",72.8692826732801,0.771297510775849,72.8692826732801,4.28866718771004
1979,200,77,"Waterhoen",24,6.37,3.76766091051805,"1958-1983",72.8692826732801,0.771297510775849,72.8692826732801,4.28866718771004
1980,100,77,"Waterhoen",23,6.38,3.60501567398119,"1958-1983",69.7236063509813,0.771297510775849,69.7236063509813,4.24453894551862
1980,200,77,"Waterhoen",23,6.38,3.60501567398119,"1958-1983",69.7236063509813,0.771297510775849,69.7236063509813,4.24453894551862
1981,100,77,"Waterhoen",31,6.38,4.858934169279,"1958-1983",93.9752955165401,0.771297510775849,93.9752955165401,4.54303193407461
1981,200,77,"Waterhoen",31,6.38,4.858934169279,"1958-1983",93.9752955165401,0.771297510775849,93.9752955165401,4.54303193407461
1982,100,77,"Waterhoen",20,6.035,3.31400165700083,"1958-1983",64.0951851185852,0.771297510775849,64.0951851185852,4.16036924595066
1982,200,77,"Waterhoen",20,6.035,3.31400165700083,"1958-1983",64.0951851185852,0.771297510775849,64.0951851185852,4.16036924595066
1983,100,77,"Waterhoen",25,6.38,3.91849529780564,"1958-1983",75.786528642371,0.771297510775849,75.786528642371,4.32792055445767
1983,200,77,"Waterhoen",25,6.38,3.91849529780564,"1958-1983",75.786528642371,0.771297510775849,75.786528642371,4.32792055445767
1984,100,77,"Waterhoen",12,3.02300608,3.9695586718767,"1984-2025",116.277402710848,0.771297510775849,89.6844712703578,4.49629763557587
1984,200,77,"Waterhoen",12,3.02300608,3.9695586718767,"1984-2025",116.277402710848,0.771297510775849,89.6844712703578,4.49629763557587
1985,100,77,"Waterhoen",17,5.13012052,3.31376230513976,"1984-2025",97.067635445881,0.771297510775849,74.8680255963056,4.31572690480238
1985,200,77,"Waterhoen",17,5.13012052,3.31376230513976,"1984-2025",97.067635445881,0.771297510775849,74.8680255963056,4.31572690480238
1986,100,77,"Waterhoen",13,4.23796013,3.0675135209448,"1984-2025",89.854448436012,0.771297510775849,69.3045124108329,4.23851001822946
1986,200,77,"Waterhoen",13,4.23796013,3.0675135209448,"1984-2025",89.854448436012,0.771297510775849,69.3045124108329,4.23851001822946
1987,100,77,"Waterhoen",10,5.02247314,1.9910509665762,"1984-2025",58.3224116823419,0.771297510775849,44.9839309530346,3.80630533606596
1987,200,77,"Waterhoen",10,5.02247314,1.9910509665762,"1984-2025",58.3224116823419,0.771297510775849,44.9839309530346,3.80630533606596
1988,100,77,"Waterhoen",27,4.70180252,5.74247852502321,"1984-2025",168.210257916868,0.771297510775849,129.740153218243,4.86553362874801
1988,200,77,"Waterhoen",27,4.70180252,5.74247852502321,"1984-2025",168.210257916868,0.771297510775849,129.740153218243,4.86553362874801
1989,100,77,"Waterhoen",46,4.70180252,9.78348193152102,"1984-2025",286.580439413923,0.771297510775849,221.038779557007,5.39833815923278
1989,200,77,"Waterhoen",46,4.70180252,9.78348193152102,"1984-2025",286.580439413923,0.771297510775849,221.038779557007,5.39833815923278
1990,100,77,"Waterhoen",48,4.85514176,9.88642605566269,"1984-2025",289.595906968122,0.771297510775849,223.364602175387,5.40880542365699
1990,200,77,"Waterhoen",48,4.85514176,9.88642605566269,"1984-2025",289.595906968122,0.771297510775849,223.364602175387,5.40880542365699
1991,100,77,"Waterhoen",28,5.55688703,5.03879237580973,"1984-2025",147.597689992419,0.771297510775849,113.841730887419,4.73480915822872
1991,200,77,"Waterhoen",28,5.55688703,5.03879237580973,"1984-2025",147.597689992419,0.771297510775849,113.841730887419,4.73480915822872
1992,100,77,"Waterhoen",32,6.1308353,5.21951715127627,"1984-2025",152.891529744841,0.771297510775849,117.924856310907,4.77004761069095
1992,200,77,"Waterhoen",32,6.1308353,5.21951715127627,"1984-2025",152.891529744841,0.771297510775849,117.924856310907,4.77004761069095
1993,100,77,"Waterhoen",45,6.1308353,7.33994599398225,"1984-2025",215.003713703682,0.771297510775849,165.831829187213,5.11097419766154
1993,200,77,"Waterhoen",45,6.1308353,7.33994599398225,"1984-2025",215.003713703682,0.771297510775849,165.831829187213,5.11097419766154
1994,100,77,"Waterhoen",44,6.1308353,7.17683608300487,"1984-2025",210.225853399156,0.771297510775849,162.146677427498,5.08850134180949
1994,200,77,"Waterhoen",44,6.1308353,7.17683608300487,"1984-2025",210.225853399156,0.771297510775849,162.146677427498,5.08850134180949
1995,100,77,"Waterhoen",50,6.09164596,8.20796223685987,"1984-2025",240.429883858996,0.771297510775849,185.44297093657,5.22274740047567
1995,200,77,"Waterhoen",50,6.09164596,8.20796223685987,"1984-2025",240.429883858996,0.771297510775849,185.44297093657,5.22274740047567
1996,100,77,"Waterhoen",53,6.44975091,8.21737160699125,"1984-2025",240.705505712824,0.771297510775849,185.655557386343,5.22389311492508
1996,200,77,"Waterhoen",53,6.44975091,8.21737160699125,"1984-2025",240.705505712824,0.771297510775849,185.655557386343,5.22389311492508
1997,100,77,"Waterhoen",29,6.09164596,4.76061809737873,"1984-2025",139.449332638218,0.771297510775849,107.556923143211,4.678020225034
1997,200,77,"Waterhoen",29,6.09164596,4.76061809737873,"1984-2025",139.449332638218,0.771297510775849,107.556923143211,4.678020225034
1998,100,77,"Waterhoen",25,5.62796272,4.4421047622007,"1984-2025",130.119352556134,0.771297510775849,100.360732730312,4.60877102249101
1998,200,77,"Waterhoen",25,5.62796272,4.4421047622007,"1984-2025",130.119352556134,0.771297510775849,100.360732730312,4.60877102249101
1999,100,77,"Waterhoen",25,6.09164596,4.10398111842994,"1984-2025",120.214941929498,0.771297510775849,92.721485468285,4.52960021991573
1999,200,77,"Waterhoen",25,6.09164596,4.10398111842994,"1984-2025",120.214941929498,0.771297510775849,92.721485468285,4.52960021991573
2000,100,77,"Waterhoen",20,5.70172844,3.50770826959974,"1984-2025",102.748753897015,0.771297510775849,79.2498581160876,4.37260562242251
2000,200,77,"Waterhoen",20,5.70172844,3.50770826959974,"1984-2025",102.748753897015,0.771297510775849,79.2498581160876,4.37260562242251
2001,100,77,"Waterhoen",21,6.44975091,3.25593969333616,"1984-2025",95.3738796220624,0.771297510775849,73.5616359455322,4.29812363909638
2001,200,77,"Waterhoen",21,6.44975091,3.25593969333616,"1984-2025",95.3738796220624,0.771297510775849,73.5616359455322,4.29812363909638
2002,100,77,"Waterhoen",19,6.09164596,3.11902565000675,"1984-2025",91.3633558664185,0.771297510775849,70.4683289558966,4.25516337421397
2002,200,77,"Waterhoen",19,6.09164596,3.11902565000675,"1984-2025",91.3633558664185,0.771297510775849,70.4683289558966,4.25516337421397
2003,100,77,"Waterhoen",18,6.2141484,2.89661572935722,"1984-2025",84.8484633939949,0.771297510775849,65.443408608944,4.18118577848297
2003,200,77,"Waterhoen",18,6.2141484,2.89661572935722,"1984-2025",84.8484633939949,0.771297510775849,65.443408608944,4.18118577848297
2004,100,77,"Waterhoen",20,6.2141484,3.21846192150802,"1984-2025",94.2760704377721,0.771297510775849,72.7148984543822,4.2865462941408
2004,200,77,"Waterhoen",20,6.2141484,3.21846192150802,"1984-2025",94.2760704377721,0.771297510775849,72.7148984543822,4.2865462941408
2005,100,77,"Waterhoen",16,6.2141484,2.57476953720642,"1984-2025",75.4208563502177,0.771297510775849,58.1719187635058,4.06340274282659
2005,200,77,"Waterhoen",16,6.2141484,2.57476953720642,"1984-2025",75.4208563502177,0.771297510775849,58.1719187635058,4.06340274282659
2006,100,77,"Waterhoen",17,5.65793112,3.0046318414707,"1984-2025",88.0125010127012,0.771297510775849,67.8838229482533,4.21779775799426
2006,200,77,"Waterhoen",17,5.65793112,3.0046318414707,"1984-2025",88.0125010127012,0.771297510775849,67.8838229482533,4.21779775799426
2007,100,77,"Waterhoen",13,6.1308353,2.12042884270598,"1984-2025",62.1121839588416,0.771297510775849,47.9069728763061,3.86926106535276
2007,200,77,"Waterhoen",13,6.1308353,2.12042884270598,"1984-2025",62.1121839588416,0.771297510775849,47.9069728763061,3.86926106535276
2008,100,77,"Waterhoen",15,6.02064405,2.49142780663142,"1984-2025",72.979587491454,0.771297510775849,56.2889741696067,4.03049867528441
2008,200,77,"Waterhoen",15,6.02064405,2.49142780663142,"1984-2025",72.979587491454,0.771297510775849,56.2889741696067,4.03049867528441
2009,100,77,"Waterhoen",6,5.98606767,1.00232745948894,"1984-2025",29.3604511959603,0.771297510775849,22.6456429227,3.11996746798073
2009,200,77,"Waterhoen",6,5.98606767,1.00232745948894,"1984-2025",29.3604511959603,0.771297510775849,22.6456429227,3.11996746798073
2010,100,77,"Waterhoen",10,6.44975091,1.55044747301722,"1984-2025",45.416133153363,0.771297510775849,35.0293504502534,3.55618629436701
2010,200,77,"Waterhoen",10,6.44975091,1.55044747301722,"1984-2025",45.416133153363,0.771297510775849,35.0293504502534,3.55618629436701
2011,100,77,"Waterhoen",2,6.44975091,0.310089494603444,"1984-2025",9.08322663067261,0.771297510775849,7.00587009005068,1.94674838193291
2011,200,77,"Waterhoen",2,6.44975091,0.310089494603444,"1984-2025",9.08322663067261,0.771297510775849,7.00587009005068,1.94674838193291
2012,100,77,"Waterhoen",5,6.44975091,0.775223736508609,"1984-2025",22.7080665766815,0.771297510775849,17.5146752251267,2.86303911380706
2012,200,77,"Waterhoen",5,6.44975091,0.775223736508609,"1984-2025",22.7080665766815,0.771297510775849,17.5146752251267,2.86303911380706
2013,100,77,"Waterhoen",5,6.44975091,0.775223736508609,"1984-2025",22.7080665766815,0.771297510775849,17.5146752251267,2.86303911380706
2013,200,77,"Waterhoen",5,6.44975091,0.775223736508609,"1984-2025",22.7080665766815,0.771297510775849,17.5146752251267,2.86303911380706
2014,100,77,"Waterhoen",10,6.44975091,1.55044747301722,"1984-2025",45.416133153363,0.771297510775849,35.0293504502534,3.55618629436701
2014,200,77,"Waterhoen",10,6.44975091,1.55044747301722,"1984-2025",45.416133153363,0.771297510775849,35.0293504502534,3.55618629436701
2015,100,77,"Waterhoen",5,6.57225335,0.760774080627917,"1984-2025",22.2848032885543,0.771297510775849,17.1882133045914,2.84422387592368
2015,200,77,"Waterhoen",5,6.57225335,0.760774080627917,"1984-2025",22.2848032885543,0.771297510775849,17.1882133045914,2.84422387592368
2016,100,77,"Waterhoen",13,6.44975091,2.01558171492238,"1984-2025",59.040973099372,0.771297510775849,45.5381555853294,3.8185505588345
2016,200,77,"Waterhoen",13,6.44975091,2.01558171492238,"1984-2025",59.040973099372,0.771297510775849,45.5381555853294,3.8185505588345
2017,100,77,"Waterhoen",10,6.57225335,1.52154816125583,"1984-2025",44.5696065771087,0.771297510775849,34.3764266091828,3.53737105648362
2017,200,77,"Waterhoen",10,6.57225335,1.52154816125583,"1984-2025",44.5696065771087,0.771297510775849,34.3764266091828,3.53737105648362
2018,100,77,"Waterhoen",9,6.57225335,1.36939334513025,"1984-2025",40.1126459193978,0.771297510775849,30.9387839482645,3.4320105408258
2018,200,77,"Waterhoen",9,6.57225335,1.36939334513025,"1984-2025",40.1126459193978,0.771297510775849,30.9387839482645,3.4320105408258
2019,100,77,"Waterhoen",17,6.57225335,2.58663187413492,"1984-2025",75.7683311810847,0.771297510775849,58.4399252356108,4.06799930754579
2019,200,77,"Waterhoen",17,6.57225335,2.58663187413492,"1984-2025",75.7683311810847,0.771297510775849,58.4399252356108,4.06799930754579
2020,100,77,"Waterhoen",22,6.44975091,3.41098444063788,"1984-2025",99.9154929373987,0.771297510775849,77.0645709905575,4.34464365473128
2020,200,77,"Waterhoen",22,6.44975091,3.41098444063788,"1984-2025",99.9154929373987,0.771297510775849,77.0645709905575,4.34464365473128
2021,100,77,"Waterhoen",11,6.57225335,1.67370297738142,"1984-2025",49.0265672348195,0.771297510775849,37.8140692701011,3.63268123628795
2021,200,77,"Waterhoen",11,6.57225335,1.67370297738142,"1984-2025",49.0265672348195,0.771297510775849,37.8140692701011,3.63268123628795
2022,100,77,"Waterhoen",13,6.57225335,1.97801260963259,"1984-2025",57.9404885502413,0.771297510775849,44.6893545919377,3.79973532095111
2022,200,77,"Waterhoen",13,6.57225335,1.97801260963259,"1984-2025",57.9404885502413,0.771297510775849,44.6893545919377,3.79973532095111
2023,100,77,"Waterhoen",10,6.57225335,1.52154816125583,"1984-2025",44.5696065771087,0.771297510775849,34.3764266091828,3.53737105648362
2023,200,77,"Waterhoen",10,6.57225335,1.52154816125583,"1984-2025",44.5696065771087,0.771297510775849,34.3764266091828,3.53737105648362
2024,100,77,"Waterhoen",6,6.57225335,0.912928896753501,"1984-2025",26.7417639462652,0.771297510775849,20.6258559655097,3.02654543271763
2024,200,77,"Waterhoen",6,6.57225335,0.912928896753501,"1984-2025",26.7417639462652,0.771297510775849,20.6258559655097,3.02654543271763
2025,100,77,"Waterhoen",8,6.57225335,1.21723852900467,"1984-2025",35.6556852616869,0.771297510775849,27.5011412873462,3.31422750516941
2025,200,77,"Waterhoen",8,6.57225335,1.21723852900467,"1984-2025",35.6556852616869,0.771297510775849,27.5011412873462,3.31422750516941
1958,100,78,"Meerkoet",35,4.3072,8.12592867756315,"1958-1983",32.8177764009891,0.901194810828355,32.8177764009891,3.49097033202574
1959,100,78,"Meerkoet",80,5.0372,15.8818391169697,"1958-1983",64.1411788927365,0.901194810828355,64.1411788927365,4.16108657408887
1960,100,78,"Meerkoet",64,5.022,12.7439267224213,"1958-1983",51.468251106092,0.901194810828355,51.468251106092,3.94096513418882
1961,100,78,"Meerkoet",100,5.002,19.9920031987205,"1958-1983",80.7406903035017,0.901194810828355,80.7406903035017,4.39124266509721
1962,100,78,"Meerkoet",100,5.002,19.9920031987205,"1958-1983",80.7406903035017,0.901194810828355,80.7406903035017,4.39124266509721
1963,100,78,"Meerkoet",38,5.2472,7.24195761549017,"1958-1983",29.2477272643093,0.901194810828355,29.2477272643093,3.37580187029354
1964,100,78,"Meerkoet",70,5.3272,13.140111127797,"1958-1983",53.068300989015,0.901194810828355,53.068300989015,3.97157978179963
1965,100,78,"Meerkoet",135,5.315,25.3998118532455,"1958-1983",102.580933097358,0.901194810828355,102.580933097358,4.63065207820906
1966,100,78,"Meerkoet",138,5.395,25.5792400370714,"1958-1983",103.305580611566,0.901194810828355,103.305580611566,4.63769139801165
1967,100,78,"Meerkoet",135,5.735,23.539668700959,"1958-1983",95.0684672035668,0.901194810828355,95.0684672035668,4.55459733942164
1968,100,78,"Meerkoet",152,5.6,27.1428571428571,"1958-1983",109.620481786631,0.901194810828355,109.620481786631,4.69702423466972
1969,100,78,"Meerkoet",135,5.6,24.1071428571429,"1958-1983",97.3602963236528,0.901194810828355,97.3602963236528,4.57841849226187
1970,100,78,"Meerkoet",142,5.625,25.2444444444444,"1958-1983",101.953458616058,0.901194810828355,101.953458616058,4.62451642107532
1971,100,78,"Meerkoet",141,5.615,25.1113089937667,"1958-1983",101.415771217514,0.901194810828355,101.415771217514,4.61922861375231
1972,100,78,"Meerkoet",189,5.645,33.48095659876,"1958-1983",135.217842901229,0.901194810828355,135.217842901229,4.90688712902256
1973,100,78,"Meerkoet",189,5.715,33.0708661417323,"1958-1983",133.561631352133,0.901194810828355,133.561631352133,4.89456302937741
1974,100,78,"Meerkoet",178,5.855,30.401366353544,"1958-1983",122.780457823851,0.901194810828355,122.780457823851,4.81039786480695
1975,100,78,"Meerkoet",197,5.505,35.7856494096276,"1958-1983",144.525688975347,0.901194810828355,144.525688975347,4.97345727012789
1976,100,78,"Meerkoet",211,6.49,32.5115562403698,"1958-1983",131.302774794303,0.901194810828355,131.302774794303,4.87750591432461
1977,100,78,"Meerkoet",203,6.175,32.8744939271255,"1958-1983",132.76855283938,0.901194810828355,132.76855283938,4.88860740809229
1978,100,78,"Meerkoet",177,6.38,27.742946708464,"1958-1983",112.044033108098,0.901194810828355,112.044033108098,4.71889194678168
1979,100,78,"Meerkoet",174,6.37,27.3155416012559,"1958-1983",110.317893758669,0.901194810828355,110.317893758669,4.703366141195
1980,100,78,"Meerkoet",185,6.38,28.9968652037618,"1958-1983",117.108170197729,0.901194810828355,117.108170197729,4.76309803928617
1981,100,78,"Meerkoet",208,6.38,32.601880877743,"1958-1983",131.66756433042,0.901194810828355,131.66756433042,4.88028029390917
1982,100,78,"Meerkoet",170,6.035,28.169014084507,"1958-1983",113.764769830455,0.901194810828355,113.764769830455,4.73413289406531
1983,100,78,"Meerkoet",176,6.38,27.5862068965517,"1958-1983",111.411015971894,0.901194810828355,111.411015971894,4.713226209246
1984,100,78,"Meerkoet",99,3.02300608,32.7488590429828,"1984-2025",135.559563041582,0.901194810828355,122.165574771233,4.80537729486613
1985,100,78,"Meerkoet",169,5.13012052,32.9426958569776,"1984-2025",136.361924851257,0.901194810828355,122.888659070519,4.81127873461291
1986,100,78,"Meerkoet",127,4.23796013,29.9672474738454,"1984-2025",124.045450492844,0.901194810828355,111.789116291017,4.71661420617018
1987,100,78,"Meerkoet",148,5.02247314,29.4675543053277,"1984-2025",121.977036827189,0.901194810828355,109.925072628882,4.6997989757797
1988,100,78,"Meerkoet",141,4.70180252,29.9884989640101,"1984-2025",124.133418220725,0.901194810828355,111.868392350903,4.71732311206552
1989,100,78,"Meerkoet",157,4.70180252,33.3914492010609,"1984-2025",138.219479862793,0.901194810828355,124.562678007743,4.82480902703566
1990,100,78,"Meerkoet",195,4.85514176,40.1636058511297,"1984-2025",166.251925058137,0.901194810828355,149.825372152618,5.00947043025652
1991,100,78,"Meerkoet",182,5.55688703,32.7521504427633,"1984-2025",135.573187354889,0.901194810828355,122.177852931686,4.80547779407398
1992,100,78,"Meerkoet",233,6.1308353,38.0046092577303,"1984-2025",157.315044709868,0.901194810828355,141.771501957764,4.9542166204006
1993,100,78,"Meerkoet",237,6.1308353,38.6570489016399,"1984-2025",160.015732172698,0.901194810828355,144.205347484936,4.97123830797003
1994,100,78,"Meerkoet",266,6.1308353,43.387236319984,"1984-2025",179.595716278218,0.901194810828355,161.850727556932,5.08667447561659
1995,100,78,"Meerkoet",230,6.09164596,37.7566262895554,"1984-2025",156.288552068905,0.901194810828355,140.846432116375,4.94767016291439
1996,100,78,"Meerkoet",238,6.44975091,36.9006498578098,"1984-2025",152.745351039855,0.901194810828355,137.653317735272,4.92473833398811
1997,100,78,"Meerkoet",158,6.09164596,25.9371606684772,"1984-2025",107.3634401169,0.901194810828355,96.7553751060312,4.57218588701816
1998,100,78,"Meerkoet",154,5.62796272,27.3633653351563,"1984-2025",113.267025373691,0.901194810828355,102.075655504734,4.62571425898011
1999,100,78,"Meerkoet",162,6.09164596,26.593797647426,"1984-2025",110.081501892012,0.901194810828355,99.2048782732725,4.59718718922358
2000,100,78,"Meerkoet",160,5.70172844,28.0616661567979,"1984-2025",116.157549105497,0.901194810828355,104.680580492414,4.65091362304601
2001,100,78,"Meerkoet",177,6.44975091,27.4429202724048,"1984-2025",113.596332496026,0.901194810828355,102.372425374551,4.62861739289046
2002,100,78,"Meerkoet",148,6.09164596,24.2955682211052,"1984-2025",100.568285679122,0.901194810828355,90.631617187928,4.50680312775531
2003,100,78,"Meerkoet",127,6.2141484,20.4372332015759,"1984-2025",84.5972190648942,0.901194810828355,76.2385748317922,4.33386756598907
2004,100,78,"Meerkoet",132,6.2141484,21.2418486819529,"1984-2025",87.9278182406774,0.901194810828355,79.2400935259572,4.37248240211685
2005,100,78,"Meerkoet",118,6.2141484,18.9889253368973,"1984-2025",78.6021405484843,0.901194810828355,70.8358411822951,4.26036510399614
2006,100,78,"Meerkoet",125,5.65793112,22.0928811872846,"1984-2025",91.4505545413688,0.901194810828355,82.414765200057,4.41176461018402
2007,100,78,"Meerkoet",143,6.1308353,23.3247172697658,"1984-2025",96.5495767961851,0.901194810828355,87.0099775963957,4.4660227970948
2008,100,78,"Meerkoet",118,6.02064405,19.5992320788338,"1984-2025",81.1284244458762,0.901194810828355,73.1125151213039,4.29199955759154
2009,100,78,"Meerkoet",126,5.98606767,21.0488766492678,"1984-2025",87.1290360786574,0.901194810828355,78.5202351865626,4.36335636464782
2010,100,78,"Meerkoet",111,6.44975091,17.2099669504911,"1984-2025",71.2383780059826,0.901194810828355,64.1996565908204,4.16199786162897
2011,100,78,"Meerkoet",103,6.44975091,15.9696089720773,"1984-2025",66.1040804920379,0.901194810828355,59.5726543140045,4.08719664854627
2012,100,78,"Meerkoet",98,6.44975091,15.1943852355687,"1984-2025",62.8951445458225,0.901194810828355,56.6807778909945,4.0374351389872
2013,100,78,"Meerkoet",83,6.44975091,12.8687140260429,"1984-2025",53.2683367071762,0.901194810828355,48.0051486219648,3.87130826811323
2014,100,78,"Meerkoet",97,6.44975091,15.039340488267,"1984-2025",62.2533573565794,0.901194810828355,56.1024026063926,4.02717863882002
2015,100,78,"Meerkoet",111,6.57225335,16.8891845899398,"1984-2025",69.9105419256259,0.901194810828355,63.0030176055722,4.14318262374558
2016,100,78,"Meerkoet",121,6.44975091,18.7604144235083,"1984-2025",77.6562498984135,0.901194810828355,69.9834094368402,4.24825820591337
2017,100,78,"Meerkoet",123,6.57225335,18.7150423834468,"1984-2025",77.4684383500179,0.901194810828355,69.8141546440125,4.24583677780567
2018,100,78,"Meerkoet",98,6.57225335,14.9111719803072,"1984-2025",61.7228207992013,0.901194810828355,55.6242858139286,4.01861990110382
2019,100,78,"Meerkoet",109,6.57225335,16.5848749576886,"1984-2025",68.6508925215606,0.901194810828355,61.8678280991655,4.12500030466239
2020,100,78,"Meerkoet",114,6.44975091,17.6751011923963,"1984-2025",73.1637395737119,0.901194810828355,65.9347824446263,4.18866610871113
2021,100,78,"Meerkoet",100,6.57225335,15.2154816125583,"1984-2025",62.9824702032666,0.901194810828355,56.7594753203353,4.03882260842134
2022,100,78,"Meerkoet",91,6.57225335,13.8460882674281,"1984-2025",57.3140478849726,0.901194810828355,51.6511225415052,3.9445119289501
2023,100,78,"Meerkoet",106,6.57225335,16.1284105093118,"1984-2025",66.7614184154626,0.901194810828355,60.1650438395555,4.09709151654532
2024,100,78,"Meerkoet",90,6.57225335,13.6939334513025,"1984-2025",56.68422318294,0.901194810828355,51.0835277883018,3.93346209276351
2025,100,78,"Meerkoet",88,6.57225335,13.3896238190513,"1984-2025",55.4245737788746,0.901194810828355,49.9483382818951,3.91098923691145
1958,300,80,"Scholekster",24,4.3072,5.57206537890045,"1958-1983",222.072259902544,0.642730949882625,222.072259902544,5.40300282396676
1958,400,80,"Scholekster",24,4.3072,5.57206537890045,"1958-1983",222.072259902544,0.642730949882625,222.072259902544,5.40300282396676
1958,500,80,"Scholekster",24,4.3072,5.57206537890045,"1958-1983",222.072259902544,0.642730949882625,222.072259902544,5.40300282396676
1959,300,80,"Scholekster",20,5.0372,3.97045977924244,"1958-1983",158.240960231252,0.642730949882625,158.240960231252,5.06411893605147
1959,400,80,"Scholekster",20,5.0372,3.97045977924244,"1958-1983",158.240960231252,0.642730949882625,158.240960231252,5.06411893605147
1959,500,80,"Scholekster",20,5.0372,3.97045977924244,"1958-1983",158.240960231252,0.642730949882625,158.240960231252,5.06411893605147
1960,300,80,"Scholekster",11,5.022,2.19036240541617,"1958-1983",87.2959479654073,0.642730949882625,87.2959479654073,4.46930404671001
1960,400,80,"Scholekster",11,5.022,2.19036240541617,"1958-1983",87.2959479654073,0.642730949882625,87.2959479654073,4.46930404671001
1960,500,80,"Scholekster",11,5.022,2.19036240541617,"1958-1983",87.2959479654073,0.642730949882625,87.2959479654073,4.46930404671001
1961,300,80,"Scholekster",11,5.002,2.19912035185926,"1958-1983",87.6449921395993,0.642730949882625,87.6449921395993,4.47329447498998
1961,400,80,"Scholekster",11,5.002,2.19912035185926,"1958-1983",87.6449921395993,0.642730949882625,87.6449921395993,4.47329447498998
1961,500,80,"Scholekster",11,5.002,2.19912035185926,"1958-1983",87.6449921395993,0.642730949882625,87.6449921395993,4.47329447498998
1962,300,80,"Scholekster",18,5.002,3.59856057576969,"1958-1983",143.419078046617,0.642730949882625,143.419078046617,4.96577096008777
1962,400,80,"Scholekster",18,5.002,3.59856057576969,"1958-1983",143.419078046617,0.642730949882625,143.419078046617,4.96577096008777
1962,500,80,"Scholekster",18,5.002,3.59856057576969,"1958-1983",143.419078046617,0.642730949882625,143.419078046617,4.96577096008777
1963,300,80,"Scholekster",8,5.2472,1.52462265589267,"1958-1983",60.7631776853838,0.642730949882625,60.7631776853838,4.10698397532948
1963,400,80,"Scholekster",8,5.2472,1.52462265589267,"1958-1983",60.7631776853838,0.642730949882625,60.7631776853838,4.10698397532948
1963,500,80,"Scholekster",8,5.2472,1.52462265589267,"1958-1983",60.7631776853838,0.642730949882625,60.7631776853838,4.10698397532948
1964,300,80,"Scholekster",10,5.3272,1.87715873254242,"1958-1983",74.8133508106383,0.642730949882625,74.8133508106383,4.3149963558268
1964,400,80,"Scholekster",10,5.3272,1.87715873254242,"1958-1983",74.8133508106383,0.642730949882625,74.8133508106383,4.3149963558268
1964,500,80,"Scholekster",10,5.3272,1.87715873254242,"1958-1983",74.8133508106383,0.642730949882625,74.8133508106383,4.3149963558268
1965,300,80,"Scholekster",2,5.315,0.376293508936971,"1958-1983",14.9970153316437,0.642730949882625,14.9970153316437,2.70785120341307
1965,400,80,"Scholekster",2,5.315,0.376293508936971,"1958-1983",14.9970153316437,0.642730949882625,14.9970153316437,2.70785120341307
1965,500,80,"Scholekster",2,5.315,0.376293508936971,"1958-1983",14.9970153316437,0.642730949882625,14.9970153316437,2.70785120341307
1966,300,80,"Scholekster",3,5.395,0.556070435588508,"1958-1983",22.1619471235458,0.642730949882625,22.1619471235458,3.09837672460504
1966,400,80,"Scholekster",3,5.395,0.556070435588508,"1958-1983",22.1619471235458,0.642730949882625,22.1619471235458,3.09837672460504
1966,500,80,"Scholekster",3,5.395,0.556070435588508,"1958-1983",22.1619471235458,0.642730949882625,22.1619471235458,3.09837672460504
1967,300,80,"Scholekster",2,5.735,0.3487358326068,"1958-1983",13.8987160397012,0.642730949882625,13.8987160397012,2.63179646462564
1967,400,80,"Scholekster",2,5.735,0.3487358326068,"1958-1983",13.8987160397012,0.642730949882625,13.8987160397012,2.63179646462564
1967,500,80,"Scholekster",2,5.735,0.3487358326068,"1958-1983",13.8987160397012,0.642730949882625,13.8987160397012,2.63179646462564
1968,300,80,"Scholekster",8,5.6,1.42857142857143,"1958-1983",56.9350974912046,0.642730949882625,56.9350974912046,4.04191197858576
1968,400,80,"Scholekster",8,5.6,1.42857142857143,"1958-1983",56.9350974912046,0.642730949882625,56.9350974912046,4.04191197858576
1968,500,80,"Scholekster",8,5.6,1.42857142857143,"1958-1983",56.9350974912046,0.642730949882625,56.9350974912046,4.04191197858576
1969,300,80,"Scholekster",6,5.6,1.07142857142857,"1958-1983",42.7013231184035,0.642730949882625,42.7013231184035,3.75422990613398
1969,400,80,"Scholekster",6,5.6,1.07142857142857,"1958-1983",42.7013231184035,0.642730949882625,42.7013231184035,3.75422990613398
1969,500,80,"Scholekster",6,5.6,1.07142857142857,"1958-1983",42.7013231184035,0.642730949882625,42.7013231184035,3.75422990613398
1970,300,80,"Scholekster",8,5.625,1.42222222222222,"1958-1983",56.6820526134659,0.642730949882625,56.6820526134659,4.03745762823638
1970,400,80,"Scholekster",8,5.625,1.42222222222222,"1958-1983",56.6820526134659,0.642730949882625,56.6820526134659,4.03745762823638
1970,500,80,"Scholekster",8,5.625,1.42222222222222,"1958-1983",56.6820526134659,0.642730949882625,56.6820526134659,4.03745762823638
1971,300,80,"Scholekster",7,5.615,1.246660730187,"1958-1983",49.6851251481572,0.642730949882625,49.6851251481572,3.90570559551194
1971,400,80,"Scholekster",7,5.615,1.246660730187,"1958-1983",49.6851251481572,0.642730949882625,49.6851251481572,3.90570559551194
1971,500,80,"Scholekster",7,5.615,1.246660730187,"1958-1983",49.6851251481572,0.642730949882625,49.6851251481572,3.90570559551194
1972,300,80,"Scholekster",11,5.645,1.94862710363153,"1958-1983",77.6616918834855,0.642730949882625,77.6616918834855,4.35236210984378
1972,400,80,"Scholekster",11,5.645,1.94862710363153,"1958-1983",77.6616918834855,0.642730949882625,77.6616918834855,4.35236210984378
1972,500,80,"Scholekster",11,5.645,1.94862710363153,"1958-1983",77.6616918834855,0.642730949882625,77.6616918834855,4.35236210984378
1973,300,80,"Scholekster",12,5.715,2.0997375328084,"1958-1983",83.6841327954714,0.642730949882625,83.6841327954714,4.42704938718826
1973,400,80,"Scholekster",12,5.715,2.0997375328084,"1958-1983",83.6841327954714,0.642730949882625,83.6841327954714,4.42704938718826
1973,500,80,"Scholekster",12,5.715,2.0997375328084,"1958-1983",83.6841327954714,0.642730949882625,83.6841327954714,4.42704938718826
1974,300,80,"Scholekster",10,5.855,1.70794192997438,"1958-1983",68.0692882046853,0.642730949882625,68.0692882046853,4.2205261305914
1974,400,80,"Scholekster",10,5.855,1.70794192997438,"1958-1983",68.0692882046853,0.642730949882625,68.0692882046853,4.2205261305914
1974,500,80,"Scholekster",10,5.855,1.70794192997438,"1958-1983",68.0692882046853,0.642730949882625,68.0692882046853,4.2205261305914
1975,300,80,"Scholekster",17,5.505,3.0881017257039,"1958-1983",123.074960970996,0.642730949882625,123.074960970996,4.8127936085286
1975,400,80,"Scholekster",17,5.505,3.0881017257039,"1958-1983",123.074960970996,0.642730949882625,123.074960970996,4.8127936085286
1975,500,80,"Scholekster",17,5.505,3.0881017257039,"1958-1983",123.074960970996,0.642730949882625,123.074960970996,4.8127936085286
1976,300,80,"Scholekster",17,6.49,2.61941448382126,"1958-1983",104.395633304366,0.642730949882625,104.395633304366,4.64818784798725
1976,400,80,"Scholekster",17,6.49,2.61941448382126,"1958-1983",104.395633304366,0.642730949882625,104.395633304366,4.64818784798725
1976,500,80,"Scholekster",17,6.49,2.61941448382126,"1958-1983",104.395633304366,0.642730949882625,104.395633304366,4.64818784798725
1977,300,80,"Scholekster",24,6.175,3.88663967611336,"1958-1983",154.900346210889,0.642730949882625,154.900346210889,5.04278198248094
1977,400,80,"Scholekster",24,6.175,3.88663967611336,"1958-1983",154.900346210889,0.642730949882625,154.900346210889,5.04278198248094
1977,500,80,"Scholekster",24,6.175,3.88663967611336,"1958-1983",154.900346210889,0.642730949882625,154.900346210889,5.04278198248094
1978,300,80,"Scholekster",19,6.38,2.97805642633229,"1958-1983",118.689153077276,0.642730949882625,118.689153077276,4.77650791645677
1978,400,80,"Scholekster",19,6.38,2.97805642633229,"1958-1983",118.689153077276,0.642730949882625,118.689153077276,4.77650791645677
1978,500,80,"Scholekster",19,6.38,2.97805642633229,"1958-1983",118.689153077276,0.642730949882625,118.689153077276,4.77650791645677
1979,300,80,"Scholekster",22,6.37,3.45368916797488,"1958-1983",137.645290638077,0.642730949882625,137.645290638077,4.92468001842128
1979,400,80,"Scholekster",22,6.37,3.45368916797488,"1958-1983",137.645290638077,0.642730949882625,137.645290638077,4.92468001842128
1979,500,80,"Scholekster",22,6.37,3.45368916797488,"1958-1983",137.645290638077,0.642730949882625,137.645290638077,4.92468001842128
1980,300,80,"Scholekster",26,6.38,4.07523510971787,"1958-1983",162.416735789957,0.642730949882625,162.416735789957,5.09016547531182
1980,400,80,"Scholekster",26,6.38,4.07523510971787,"1958-1983",162.416735789957,0.642730949882625,162.416735789957,5.09016547531182
1980,500,80,"Scholekster",26,6.38,4.07523510971787,"1958-1983",162.416735789957,0.642730949882625,162.416735789957,5.09016547531182
1981,300,80,"Scholekster",25,6.38,3.91849529780564,"1958-1983",156.169938259574,0.642730949882625,156.169938259574,5.05094476215853
1981,400,80,"Scholekster",25,6.38,3.91849529780564,"1958-1983",156.169938259574,0.642730949882625,156.169938259574,5.05094476215853
1981,500,80,"Scholekster",25,6.38,3.91849529780564,"1958-1983",156.169938259574,0.642730949882625,156.169938259574,5.05094476215853
1982,300,80,"Scholekster",27,6.035,4.47390223695112,"1958-1983",178.305442018851,0.642730949882625,178.305442018851,5.18349804610187
1982,400,80,"Scholekster",27,6.035,4.47390223695112,"1958-1983",178.305442018851,0.642730949882625,178.305442018851,5.18349804610187
1982,500,80,"Scholekster",27,6.035,4.47390223695112,"1958-1983",178.305442018851,0.642730949882625,178.305442018851,5.18349804610187
1983,300,80,"Scholekster",23,6.38,3.60501567398119,"1958-1983",143.676343198808,0.642730949882625,143.676343198808,4.96756315321948
1983,400,80,"Scholekster",23,6.38,3.60501567398119,"1958-1983",143.676343198808,0.642730949882625,143.676343198808,4.96756315321948
1983,500,80,"Scholekster",23,6.38,3.60501567398119,"1958-1983",143.676343198808,0.642730949882625,143.676343198808,4.96756315321948
1984,300,80,"Scholekster",13,3.02300608,4.30035522786643,"1984-2025",352.686718675068,0.642730949882625,226.682669705013,5.42355110864963
1984,400,80,"Scholekster",13,3.02300608,4.30035522786643,"1984-2025",352.686718675068,0.642730949882625,226.682669705013,5.42355110864963
1984,500,80,"Scholekster",13,3.02300608,4.30035522786643,"1984-2025",352.686718675068,0.642730949882625,226.682669705013,5.42355110864963
1985,300,80,"Scholekster",16,5.13012052,3.11883511071978,"1984-2025",255.786246252519,0.642730949882625,164.401737020793,5.10231304838617
1985,400,80,"Scholekster",16,5.13012052,3.11883511071978,"1984-2025",255.786246252519,0.642730949882625,164.401737020793,5.10231304838617
1985,500,80,"Scholekster",16,5.13012052,3.11883511071978,"1984-2025",255.786246252519,0.642730949882625,164.401737020793,5.10231304838617
1986,300,80,"Scholekster",7,4.23796013,1.65173804973951,"1984-2025",135.464640013566,0.642730949882625,87.0673167514274,4.46668157522345
1986,400,80,"Scholekster",7,4.23796013,1.65173804973951,"1984-2025",135.464640013566,0.642730949882625,87.0673167514274,4.46668157522345
1986,500,80,"Scholekster",7,4.23796013,1.65173804973951,"1984-2025",135.464640013566,0.642730949882625,87.0673167514274,4.46668157522345
1987,300,80,"Scholekster",13,5.02247314,2.58836625654906,"1984-2025",212.28069621692,0.642730949882625,136.439373521246,4.91588036593367
1987,400,80,"Scholekster",13,5.02247314,2.58836625654906,"1984-2025",212.28069621692,0.642730949882625,136.439373521246,4.91588036593367
1987,500,80,"Scholekster",13,5.02247314,2.58836625654906,"1984-2025",212.28069621692,0.642730949882625,136.439373521246,4.91588036593367
1988,300,80,"Scholekster",8,4.70180252,1.70147511852539,"1984-2025",139.543745728587,0.642730949882625,89.6890842423145,4.49634906982374
1988,400,80,"Scholekster",8,4.70180252,1.70147511852539,"1984-2025",139.543745728587,0.642730949882625,89.6890842423145,4.49634906982374
1988,500,80,"Scholekster",8,4.70180252,1.70147511852539,"1984-2025",139.543745728587,0.642730949882625,89.6890842423145,4.49634906982374
1989,300,80,"Scholekster",8,4.70180252,1.70147511852539,"1984-2025",139.543745728587,0.642730949882625,89.6890842423145,4.49634906982374
1989,400,80,"Scholekster",8,4.70180252,1.70147511852539,"1984-2025",139.543745728587,0.642730949882625,89.6890842423145,4.49634906982374
1989,500,80,"Scholekster",8,4.70180252,1.70147511852539,"1984-2025",139.543745728587,0.642730949882625,89.6890842423145,4.49634906982374
1990,300,80,"Scholekster",5,4.85514176,1.02983604746486,"1984-2025",84.4603473685327,0.642730949882625,54.2852792915935,3.99425309058342
1990,400,80,"Scholekster",5,4.85514176,1.02983604746486,"1984-2025",84.4603473685327,0.642730949882625,54.2852792915935,3.99425309058342
1990,500,80,"Scholekster",5,4.85514176,1.02983604746486,"1984-2025",84.4603473685327,0.642730949882625,54.2852792915935,3.99425309058342
1991,300,80,"Scholekster",6,5.55688703,1.0797412233878,"1984-2025",88.5532401200683,0.642730949882625,56.9159081375557,4.04157488268179
1991,400,80,"Scholekster",6,5.55688703,1.0797412233878,"1984-2025",88.5532401200683,0.642730949882625,56.9159081375557,4.04157488268179
1991,500,80,"Scholekster",6,5.55688703,1.0797412233878,"1984-2025",88.5532401200683,0.642730949882625,56.9159081375557,4.04157488268179
1992,300,80,"Scholekster",4,6.1308353,0.652439643909534,"1984-2025",53.5087882165837,0.642730949882625,34.3917542775131,3.53781683441133
1992,400,80,"Scholekster",4,6.1308353,0.652439643909534,"1984-2025",53.5087882165837,0.642730949882625,34.3917542775131,3.53781683441133
1992,500,80,"Scholekster",4,6.1308353,0.652439643909534,"1984-2025",53.5087882165837,0.642730949882625,34.3917542775131,3.53781683441133
1993,300,80,"Scholekster",3,6.1308353,0.48932973293215,"1984-2025",40.1315911624378,0.642730949882625,25.7938157081348,3.25013476195955
1993,400,80,"Scholekster",3,6.1308353,0.48932973293215,"1984-2025",40.1315911624378,0.642730949882625,25.7938157081348,3.25013476195955
1993,500,80,"Scholekster",3,6.1308353,0.48932973293215,"1984-2025",40.1315911624378,0.642730949882625,25.7938157081348,3.25013476195955
1994,300,80,"Scholekster",4,6.1308353,0.652439643909534,"1984-2025",53.5087882165837,0.642730949882625,34.3917542775131,3.53781683441133
1994,400,80,"Scholekster",4,6.1308353,0.652439643909534,"1984-2025",53.5087882165837,0.642730949882625,34.3917542775131,3.53781683441133
1994,500,80,"Scholekster",4,6.1308353,0.652439643909534,"1984-2025",53.5087882165837,0.642730949882625,34.3917542775131,3.53781683441133
1995,300,80,"Scholekster",1,6.09164596,0.164159244737197,"1984-2025",13.4632564750388,0.642730949882625,8.65325162271508,2.15793516044774
1995,400,80,"Scholekster",1,6.09164596,0.164159244737197,"1984-2025",13.4632564750388,0.642730949882625,8.65325162271508,2.15793516044774
1995,500,80,"Scholekster",1,6.09164596,0.164159244737197,"1984-2025",13.4632564750388,0.642730949882625,8.65325162271508,2.15793516044774
1996,300,80,"Scholekster",2,6.44975091,0.310089494603444,"1984-2025",25.4314912495167,0.642730949882625,16.3456065277336,2.79395914733313
1996,400,80,"Scholekster",2,6.44975091,0.310089494603444,"1984-2025",25.4314912495167,0.642730949882625,16.3456065277336,2.79395914733313
1996,500,80,"Scholekster",2,6.44975091,0.310089494603444,"1984-2025",25.4314912495167,0.642730949882625,16.3456065277336,2.79395914733313
1997,300,80,"Scholekster",2,6.09164596,0.328318489474395,"1984-2025",26.9265129500776,0.642730949882625,17.3065032454302,2.85108234100769
1997,400,80,"Scholekster",2,6.09164596,0.328318489474395,"1984-2025",26.9265129500776,0.642730949882625,17.3065032454302,2.85108234100769
1997,500,80,"Scholekster",2,6.09164596,0.328318489474395,"1984-2025",26.9265129500776,0.642730949882625,17.3065032454302,2.85108234100769
2000,300,80,"Scholekster",1,5.70172844,0.175385413479987,"1984-2025",14.3839526518408,0.642730949882625,9.24501155098432,2.22408411426874
2000,400,80,"Scholekster",1,5.70172844,0.175385413479987,"1984-2025",14.3839526518408,0.642730949882625,9.24501155098432,2.22408411426874
2000,500,80,"Scholekster",1,5.70172844,0.175385413479987,"1984-2025",14.3839526518408,0.642730949882625,9.24501155098432,2.22408411426874
2001,300,80,"Scholekster",4,6.44975091,0.620178989206887,"1984-2025",50.8629824990335,0.642730949882625,32.6912130554672,3.48710632789307
2001,400,80,"Scholekster",4,6.44975091,0.620178989206887,"1984-2025",50.8629824990335,0.642730949882625,32.6912130554672,3.48710632789307
2001,500,80,"Scholekster",4,6.44975091,0.620178989206887,"1984-2025",50.8629824990335,0.642730949882625,32.6912130554672,3.48710632789307
2002,300,80,"Scholekster",1,6.09164596,0.164159244737197,"1984-2025",13.4632564750388,0.642730949882625,8.65325162271508,2.15793516044774
2002,400,80,"Scholekster",1,6.09164596,0.164159244737197,"1984-2025",13.4632564750388,0.642730949882625,8.65325162271508,2.15793516044774
2002,500,80,"Scholekster",1,6.09164596,0.164159244737197,"1984-2025",13.4632564750388,0.642730949882625,8.65325162271508,2.15793516044774
1958,300,88,"Kievit",48,4.3072,11.1441307578009,"1958-1983",170.737892587533,0.181602347296089,170.737892587533,5.14012958868962
1958,400,88,"Kievit",48,4.3072,11.1441307578009,"1958-1983",170.737892587533,0.181602347296089,170.737892587533,5.14012958868962
1958,500,88,"Kievit",48,4.3072,11.1441307578009,"1958-1983",170.737892587533,0.181602347296089,170.737892587533,5.14012958868962
1959,300,88,"Kievit",75,5.0372,14.8892241721591,"1958-1983",228.116020232291,0.181602347296089,228.116020232291,5.4298543601967
1959,400,88,"Kievit",75,5.0372,14.8892241721591,"1958-1983",228.116020232291,0.181602347296089,228.116020232291,5.4298543601967
1959,500,88,"Kievit",75,5.0372,14.8892241721591,"1958-1983",228.116020232291,0.181602347296089,228.116020232291,5.4298543601967
1960,300,88,"Kievit",61,5.022,12.1465551573078,"1958-1983",186.095916750192,0.181602347296089,186.095916750192,5.22626222224786
1960,400,88,"Kievit",61,5.022,12.1465551573078,"1958-1983",186.095916750192,0.181602347296089,186.095916750192,5.22626222224786
1960,500,88,"Kievit",61,5.022,12.1465551573078,"1958-1983",186.095916750192,0.181602347296089,186.095916750192,5.22626222224786
1961,300,88,"Kievit",72,5.002,14.3942423030788,"1958-1983",220.532462300986,0.181602347296089,220.532462300986,5.39604490537057
1961,400,88,"Kievit",72,5.002,14.3942423030788,"1958-1983",220.532462300986,0.181602347296089,220.532462300986,5.39604490537057
1961,500,88,"Kievit",72,5.002,14.3942423030788,"1958-1983",220.532462300986,0.181602347296089,220.532462300986,5.39604490537057
1962,300,88,"Kievit",62,5.002,12.3950419832067,"1958-1983",189.902953648071,0.181602347296089,189.902953648071,5.24651317139961
1962,400,88,"Kievit",62,5.002,12.3950419832067,"1958-1983",189.902953648071,0.181602347296089,189.902953648071,5.24651317139961
1962,500,88,"Kievit",62,5.002,12.3950419832067,"1958-1983",189.902953648071,0.181602347296089,189.902953648071,5.24651317139961
1963,300,88,"Kievit",46,5.2472,8.76658027138283,"1958-1983",134.311726348652,0.181602347296089,134.311726348652,4.90016341430165
1963,400,88,"Kievit",46,5.2472,8.76658027138283,"1958-1983",134.311726348652,0.181602347296089,134.311726348652,4.90016341430165
1963,500,88,"Kievit",46,5.2472,8.76658027138283,"1958-1983",134.311726348652,0.181602347296089,134.311726348652,4.90016341430165
1964,300,88,"Kievit",41,5.3272,7.69635080342394,"1958-1983",117.914868853376,0.181602347296089,117.914868853376,4.76996291369997
1964,400,88,"Kievit",41,5.3272,7.69635080342394,"1958-1983",117.914868853376,0.181602347296089,117.914868853376,4.76996291369997
1964,500,88,"Kievit",41,5.3272,7.69635080342394,"1958-1983",117.914868853376,0.181602347296089,117.914868853376,4.76996291369997
1965,300,88,"Kievit",31,5.315,5.83254938852305,"1958-1983",89.3597906065524,0.181602347296089,89.3597906065524,4.49267081150118
1965,400,88,"Kievit",31,5.315,5.83254938852305,"1958-1983",89.3597906065524,0.181602347296089,89.3597906065524,4.49267081150118
1965,500,88,"Kievit",31,5.315,5.83254938852305,"1958-1983",89.3597906065524,0.181602347296089,89.3597906065524,4.49267081150118
1966,300,88,"Kievit",33,5.395,6.11677479147359,"1958-1983",93.714373962966,0.181602347296089,93.714373962966,4.54025158156632
1966,400,88,"Kievit",33,5.395,6.11677479147359,"1958-1983",93.714373962966,0.181602347296089,93.714373962966,4.54025158156632
1966,500,88,"Kievit",33,5.395,6.11677479147359,"1958-1983",93.714373962966,0.181602347296089,93.714373962966,4.54025158156632
1967,300,88,"Kievit",29,5.735,5.0566695727986,"1958-1983",77.4726288783696,0.181602347296089,77.4726288783696,4.34992469821508
1967,400,88,"Kievit",29,5.735,5.0566695727986,"1958-1983",77.4726288783696,0.181602347296089,77.4726288783696,4.34992469821508
1967,500,88,"Kievit",29,5.735,5.0566695727986,"1958-1983",77.4726288783696,0.181602347296089,77.4726288783696,4.34992469821508
1968,300,88,"Kievit",50,5.6,8.92857142857143,"1958-1983",136.793573465964,0.181602347296089,136.793573465964,4.91847302649698
1968,400,88,"Kievit",50,5.6,8.92857142857143,"1958-1983",136.793573465964,0.181602347296089,136.793573465964,4.91847302649698
1968,500,88,"Kievit",50,5.6,8.92857142857143,"1958-1983",136.793573465964,0.181602347296089,136.793573465964,4.91847302649698
1969,300,88,"Kievit",37,5.6,6.60714285714286,"1958-1983",101.227244364813,0.181602347296089,101.227244364813,4.61736793371306
1969,400,88,"Kievit",37,5.6,6.60714285714286,"1958-1983",101.227244364813,0.181602347296089,101.227244364813,4.61736793371306
1969,500,88,"Kievit",37,5.6,6.60714285714286,"1958-1983",101.227244364813,0.181602347296089,101.227244364813,4.61736793371306
1970,300,88,"Kievit",33,5.625,5.86666666666667,"1958-1983",89.8824973387025,0.181602347296089,89.8824973387025,4.49850323218594
1970,400,88,"Kievit",33,5.625,5.86666666666667,"1958-1983",89.8824973387025,0.181602347296089,89.8824973387025,4.49850323218594
1970,500,88,"Kievit",33,5.625,5.86666666666667,"1958-1983",89.8824973387025,0.181602347296089,89.8824973387025,4.49850323218594
1971,300,88,"Kievit",29,5.615,5.16473731077471,"1958-1983",79.1283217484328,0.181602347296089,79.1283217484328,4.37107086060601
1971,400,88,"Kievit",29,5.615,5.16473731077471,"1958-1983",79.1283217484328,0.181602347296089,79.1283217484328,4.37107086060601
1971,500,88,"Kievit",29,5.615,5.16473731077471,"1958-1983",79.1283217484328,0.181602347296089,79.1283217484328,4.37107086060601
1972,300,88,"Kievit",25,5.645,4.42869796279894,"1958-1983",67.8515510548624,0.181602347296089,67.8515510548624,4.21732224607652
1972,400,88,"Kievit",25,5.645,4.42869796279894,"1958-1983",67.8515510548624,0.181602347296089,67.8515510548624,4.21732224607652
1972,500,88,"Kievit",25,5.645,4.42869796279894,"1958-1983",67.8515510548624,0.181602347296089,67.8515510548624,4.21732224607652
1973,300,88,"Kievit",29,5.715,5.07436570428696,"1958-1983",77.7437491894051,0.181602347296089,77.7437491894051,4.35341815154964
1973,400,88,"Kievit",29,5.715,5.07436570428696,"1958-1983",77.7437491894051,0.181602347296089,77.7437491894051,4.35341815154964
1973,500,88,"Kievit",29,5.715,5.07436570428696,"1958-1983",77.7437491894051,0.181602347296089,77.7437491894051,4.35341815154964
1974,300,88,"Kievit",29,5.855,4.9530315969257,"1958-1983",75.8848038629291,0.181602347296089,75.8848038629291,4.32921645174673
1974,400,88,"Kievit",29,5.855,4.9530315969257,"1958-1983",75.8848038629291,0.181602347296089,75.8848038629291,4.32921645174673
1974,500,88,"Kievit",29,5.855,4.9530315969257,"1958-1983",75.8848038629291,0.181602347296089,75.8848038629291,4.32921645174673
1975,300,88,"Kievit",32,5.505,5.81289736603088,"1958-1983",89.0587043237082,0.181602347296089,89.0587043237082,4.48929575143502
1975,400,88,"Kievit",32,5.505,5.81289736603088,"1958-1983",89.0587043237082,0.181602347296089,89.0587043237082,4.48929575143502
1975,500,88,"Kievit",32,5.505,5.81289736603088,"1958-1983",89.0587043237082,0.181602347296089,89.0587043237082,4.48929575143502
1976,300,88,"Kievit",26,6.49,4.00616332819723,"1958-1983",61.3779485258684,0.181602347296089,61.3779485258684,4.11705062611543
1976,400,88,"Kievit",26,6.49,4.00616332819723,"1958-1983",61.3779485258684,0.181602347296089,61.3779485258684,4.11705062611543
1976,500,88,"Kievit",26,6.49,4.00616332819723,"1958-1983",61.3779485258684,0.181602347296089,61.3779485258684,4.11705062611543
1977,300,88,"Kievit",14,6.175,2.26720647773279,"1958-1983",34.735598897916,0.181602347296089,34.735598897916,3.54776506591116
1977,400,88,"Kievit",14,6.175,2.26720647773279,"1958-1983",34.735598897916,0.181602347296089,34.735598897916,3.54776506591116
1977,500,88,"Kievit",14,6.175,2.26720647773279,"1958-1983",34.735598897916,0.181602347296089,34.735598897916,3.54776506591116
1978,300,88,"Kievit",31,6.38,4.858934169279,"1958-1983",74.4431484441733,0.181602347296089,74.4431484441733,4.31003572593839
1978,400,88,"Kievit",31,6.38,4.858934169279,"1958-1983",74.4431484441733,0.181602347296089,74.4431484441733,4.31003572593839
1978,500,88,"Kievit",31,6.38,4.858934169279,"1958-1983",74.4431484441733,0.181602347296089,74.4431484441733,4.31003572593839
1979,300,88,"Kievit",20,6.37,3.13971742543171,"1958-1983",48.1032346253938,0.181602347296089,48.1032346253938,3.87334942277986
1979,400,88,"Kievit",20,6.37,3.13971742543171,"1958-1983",48.1032346253938,0.181602347296089,48.1032346253938,3.87334942277986
1979,500,88,"Kievit",20,6.37,3.13971742543171,"1958-1983",48.1032346253938,0.181602347296089,48.1032346253938,3.87334942277986
1980,300,88,"Kievit",16,6.38,2.50783699059561,"1958-1983",38.4222701647346,0.181602347296089,38.4222701647346,3.64863724369302
1980,400,88,"Kievit",16,6.38,2.50783699059561,"1958-1983",38.4222701647346,0.181602347296089,38.4222701647346,3.64863724369302
1980,500,88,"Kievit",16,6.38,2.50783699059561,"1958-1983",38.4222701647346,0.181602347296089,38.4222701647346,3.64863724369302
1981,300,88,"Kievit",20,6.38,3.13479623824451,"1958-1983",48.0278377059183,0.181602347296089,48.0278377059183,3.87178079500723
1981,400,88,"Kievit",20,6.38,3.13479623824451,"1958-1983",48.0278377059183,0.181602347296089,48.0278377059183,3.87178079500723
1981,500,88,"Kievit",20,6.38,3.13479623824451,"1958-1983",48.0278377059183,0.181602347296089,48.0278377059183,3.87178079500723
1982,300,88,"Kievit",14,6.035,2.31980115990058,"1958-1983",35.5413957240482,0.181602347296089,35.5413957240482,3.5706980938757
1982,400,88,"Kievit",14,6.035,2.31980115990058,"1958-1983",35.5413957240482,0.181602347296089,35.5413957240482,3.5706980938757
1982,500,88,"Kievit",14,6.035,2.31980115990058,"1958-1983",35.5413957240482,0.181602347296089,35.5413957240482,3.5706980938757
1983,300,88,"Kievit",14,6.38,2.19435736677116,"1958-1983",33.6194863941428,0.181602347296089,33.6194863941428,3.5151058510685
1983,400,88,"Kievit",14,6.38,2.19435736677116,"1958-1983",33.6194863941428,0.181602347296089,33.6194863941428,3.5151058510685
1983,500,88,"Kievit",14,6.38,2.19435736677116,"1958-1983",33.6194863941428,0.181602347296089,33.6194863941428,3.5151058510685
1984,300,88,"Kievit",15,3.02300608,4.96194833984588,"1984-2025",433.685764643021,0.181602347296089,78.7583528480719,4.36638433999296
1984,400,88,"Kievit",15,3.02300608,4.96194833984588,"1984-2025",433.685764643021,0.181602347296089,78.7583528480719,4.36638433999296
1984,500,88,"Kievit",15,3.02300608,4.96194833984588,"1984-2025",433.685764643021,0.181602347296089,78.7583528480719,4.36638433999296
1985,300,88,"Kievit",10,5.13012052,1.94927194419986,"1984-2025",170.37087767096,0.181602347296089,30.9397512959412,3.4320418068431
1985,400,88,"Kievit",10,5.13012052,1.94927194419986,"1984-2025",170.37087767096,0.181602347296089,30.9397512959412,3.4320418068431
1985,500,88,"Kievit",10,5.13012052,1.94927194419986,"1984-2025",170.37087767096,0.181602347296089,30.9397512959412,3.4320418068431
1986,300,88,"Kievit",2,4.23796013,0.471925157068431,"1984-2025",41.2473505525972,0.181602347296089,7.49061568009628,2.01365099443075
1986,400,88,"Kievit",2,4.23796013,0.471925157068431,"1984-2025",41.2473505525972,0.181602347296089,7.49061568009628,2.01365099443075
1986,500,88,"Kievit",2,4.23796013,0.471925157068431,"1984-2025",41.2473505525972,0.181602347296089,7.49061568009628,2.01365099443075
1987,300,88,"Kievit",2,5.02247314,0.39821019331524,"1984-2025",34.8044921769438,0.181602347296089,6.32057747578136,1.84381057673475
1987,400,88,"Kievit",2,5.02247314,0.39821019331524,"1984-2025",34.8044921769438,0.181602347296089,6.32057747578136,1.84381057673475
1987,500,88,"Kievit",2,5.02247314,0.39821019331524,"1984-2025",34.8044921769438,0.181602347296089,6.32057747578136,1.84381057673475
1988,300,88,"Kievit",6,4.70180252,1.27610633889405,"1984-2025",111.534646361566,0.181602347296089,20.2549535840996,3.00839938507462
1988,400,88,"Kievit",6,4.70180252,1.27610633889405,"1984-2025",111.534646361566,0.181602347296089,20.2549535840996,3.00839938507462
1988,500,88,"Kievit",6,4.70180252,1.27610633889405,"1984-2025",111.534646361566,0.181602347296089,20.2549535840996,3.00839938507462
1989,300,88,"Kievit",4,4.70180252,0.850737559262697,"1984-2025",74.3564309077109,0.181602347296089,13.5033023893997,2.60293427696646
1989,400,88,"Kievit",4,4.70180252,0.850737559262697,"1984-2025",74.3564309077109,0.181602347296089,13.5033023893997,2.60293427696646
1989,500,88,"Kievit",4,4.70180252,0.850737559262697,"1984-2025",74.3564309077109,0.181602347296089,13.5033023893997,2.60293427696646
1990,300,88,"Kievit",1,4.85514176,0.205967209492973,"1984-2025",18.0020106261573,0.181602347296089,3.26920738575931,1.18454756585198
1990,400,88,"Kievit",1,4.85514176,0.205967209492973,"1984-2025",18.0020106261573,0.181602347296089,3.26920738575931,1.18454756585198
1990,500,88,"Kievit",1,4.85514176,0.205967209492973,"1984-2025",18.0020106261573,0.181602347296089,3.26920738575931,1.18454756585198
1991,300,88,"Kievit",1,5.55688703,0.179956870564633,"1984-2025",15.7286468274703,0.181602347296089,2.85635918365978,1.04954780115639
1991,400,88,"Kievit",1,5.55688703,0.179956870564633,"1984-2025",15.7286468274703,0.181602347296089,2.85635918365978,1.04954780115639
1991,500,88,"Kievit",1,5.55688703,0.179956870564633,"1984-2025",15.7286468274703,0.181602347296089,2.85635918365978,1.04954780115639
1992,300,88,"Kievit",3,6.1308353,0.48932973293215,"1984-2025",42.7685507495301,0.181602347296089,7.76686920656657,2.04986714966222
1992,400,88,"Kievit",3,6.1308353,0.48932973293215,"1984-2025",42.7685507495301,0.181602347296089,7.76686920656657,2.04986714966222
1992,500,88,"Kievit",3,6.1308353,0.48932973293215,"1984-2025",42.7685507495301,0.181602347296089,7.76686920656657,2.04986714966222
1993,300,88,"Kievit",3,6.1308353,0.48932973293215,"1984-2025",42.7685507495301,0.181602347296089,7.76686920656657,2.04986714966222
1993,400,88,"Kievit",3,6.1308353,0.48932973293215,"1984-2025",42.7685507495301,0.181602347296089,7.76686920656657,2.04986714966222
1993,500,88,"Kievit",3,6.1308353,0.48932973293215,"1984-2025",42.7685507495301,0.181602347296089,7.76686920656657,2.04986714966222
1994,300,88,"Kievit",7,6.1308353,1.14176937684168,"1984-2025",99.7932850822369,0.181602347296089,18.122694815322,2.89716501004942
1994,400,88,"Kievit",7,6.1308353,1.14176937684168,"1984-2025",99.7932850822369,0.181602347296089,18.122694815322,2.89716501004942
1994,500,88,"Kievit",7,6.1308353,1.14176937684168,"1984-2025",99.7932850822369,0.181602347296089,18.122694815322,2.89716501004942
1995,300,88,"Kievit",6,6.09164596,0.984955468423185,"1984-2025",86.087386688855,0.181602347296089,15.6336714952821,2.74942701737846
1995,400,88,"Kievit",6,6.09164596,0.984955468423185,"1984-2025",86.087386688855,0.181602347296089,15.6336714952821,2.74942701737846
1995,500,88,"Kievit",6,6.09164596,0.984955468423185,"1984-2025",86.087386688855,0.181602347296089,15.6336714952821,2.74942701737846
1996,300,88,"Kievit",6,6.44975091,0.930268483810331,"1984-2025",81.3076177123438,0.181602347296089,14.7656542296147,2.6923038237039
1996,400,88,"Kievit",6,6.44975091,0.930268483810331,"1984-2025",81.3076177123438,0.181602347296089,14.7656542296147,2.6923038237039
1996,500,88,"Kievit",6,6.44975091,0.930268483810331,"1984-2025",81.3076177123438,0.181602347296089,14.7656542296147,2.6923038237039
1997,300,88,"Kievit",6,6.09164596,0.984955468423185,"1984-2025",86.087386688855,0.181602347296089,15.6336714952821,2.74942701737846
1997,400,88,"Kievit",6,6.09164596,0.984955468423185,"1984-2025",86.087386688855,0.181602347296089,15.6336714952821,2.74942701737846
1997,500,88,"Kievit",6,6.09164596,0.984955468423185,"1984-2025",86.087386688855,0.181602347296089,15.6336714952821,2.74942701737846
1998,300,88,"Kievit",5,5.62796272,0.88842095244014,"1984-2025",77.6500466540228,0.181602347296089,14.1014307400214,2.6462762631598
1998,400,88,"Kievit",5,5.62796272,0.88842095244014,"1984-2025",77.6500466540228,0.181602347296089,14.1014307400214,2.6462762631598
1998,500,88,"Kievit",5,5.62796272,0.88842095244014,"1984-2025",77.6500466540228,0.181602347296089,14.1014307400214,2.6462762631598
1999,300,88,"Kievit",5,6.09164596,0.820796223685987,"1984-2025",71.7394889073792,0.181602347296089,13.0280595794018,2.56710546058451
1999,400,88,"Kievit",5,6.09164596,0.820796223685987,"1984-2025",71.7394889073792,0.181602347296089,13.0280595794018,2.56710546058451
1999,500,88,"Kievit",5,6.09164596,0.820796223685987,"1984-2025",71.7394889073792,0.181602347296089,13.0280595794018,2.56710546058451
2000,300,88,"Kievit",7,5.70172844,1.22769789435991,"1984-2025",107.303636313683,0.181602347296089,19.4865922279706,2.96972665102671
2000,400,88,"Kievit",7,5.70172844,1.22769789435991,"1984-2025",107.303636313683,0.181602347296089,19.4865922279706,2.96972665102671
2000,500,88,"Kievit",7,5.70172844,1.22769789435991,"1984-2025",107.303636313683,0.181602347296089,19.4865922279706,2.96972665102671
2001,300,88,"Kievit",6,6.44975091,0.930268483810331,"1984-2025",81.3076177123438,0.181602347296089,14.7656542296147,2.6923038237039
2001,400,88,"Kievit",6,6.44975091,0.930268483810331,"1984-2025",81.3076177123438,0.181602347296089,14.7656542296147,2.6923038237039
2001,500,88,"Kievit",6,6.44975091,0.930268483810331,"1984-2025",81.3076177123438,0.181602347296089,14.7656542296147,2.6923038237039
2002,300,88,"Kievit",8,6.09164596,1.31327395789758,"1984-2025",114.783182251807,0.181602347296089,20.8448953270429,3.03710908983024
2002,400,88,"Kievit",8,6.09164596,1.31327395789758,"1984-2025",114.783182251807,0.181602347296089,20.8448953270429,3.03710908983024
2002,500,88,"Kievit",8,6.09164596,1.31327395789758,"1984-2025",114.783182251807,0.181602347296089,20.8448953270429,3.03710908983024
2003,300,88,"Kievit",13,6.2141484,2.09200024898021,"1984-2025",182.845661718549,0.181602347296089,33.2052013609951,3.50270653115123
2003,400,88,"Kievit",13,6.2141484,2.09200024898021,"1984-2025",182.845661718549,0.181602347296089,33.2052013609951,3.50270653115123
2003,500,88,"Kievit",13,6.2141484,2.09200024898021,"1984-2025",182.845661718549,0.181602347296089,33.2052013609951,3.50270653115123
2004,300,88,"Kievit",6,6.2141484,0.965538576452407,"1984-2025",84.3903054085611,0.181602347296089,15.3254775512285,2.72951664291774
2004,400,88,"Kievit",6,6.2141484,0.965538576452407,"1984-2025",84.3903054085611,0.181602347296089,15.3254775512285,2.72951664291774
2004,500,88,"Kievit",6,6.2141484,0.965538576452407,"1984-2025",84.3903054085611,0.181602347296089,15.3254775512285,2.72951664291774
2005,300,88,"Kievit",6,6.2141484,0.965538576452407,"1984-2025",84.3903054085611,0.181602347296089,15.3254775512285,2.72951664291774
2005,400,88,"Kievit",6,6.2141484,0.965538576452407,"1984-2025",84.3903054085611,0.181602347296089,15.3254775512285,2.72951664291774
2005,500,88,"Kievit",6,6.2141484,0.965538576452407,"1984-2025",84.3903054085611,0.181602347296089,15.3254775512285,2.72951664291774
2006,300,88,"Kievit",5,5.65793112,0.883715247491383,"1984-2025",77.2387571545942,0.181602347296089,14.0267396015069,2.64096547947503
2006,400,88,"Kievit",5,5.65793112,0.883715247491383,"1984-2025",77.2387571545942,0.181602347296089,14.0267396015069,2.64096547947503
2006,500,88,"Kievit",5,5.65793112,0.883715247491383,"1984-2025",77.2387571545942,0.181602347296089,14.0267396015069,2.64096547947503
2007,300,88,"Kievit",7,6.1308353,1.14176937684168,"1984-2025",99.7932850822369,0.181602347296089,18.122694815322,2.89716501004942
2007,400,88,"Kievit",7,6.1308353,1.14176937684168,"1984-2025",99.7932850822369,0.181602347296089,18.122694815322,2.89716501004942
2007,500,88,"Kievit",7,6.1308353,1.14176937684168,"1984-2025",99.7932850822369,0.181602347296089,18.122694815322,2.89716501004942
2008,300,88,"Kievit",7,6.02064405,1.16266630976133,"1984-2025",101.619725365618,0.181602347296089,18.4543806579801,2.9153017763404
2008,400,88,"Kievit",7,6.02064405,1.16266630976133,"1984-2025",101.619725365618,0.181602347296089,18.4543806579801,2.9153017763404
2008,500,88,"Kievit",7,6.02064405,1.16266630976133,"1984-2025",101.619725365618,0.181602347296089,18.4543806579801,2.9153017763404
2009,300,88,"Kievit",6,5.98606767,1.00232745948894,"1984-2025",87.6057388990595,0.181602347296089,15.9094078206775,2.76691062108361
2009,400,88,"Kievit",6,5.98606767,1.00232745948894,"1984-2025",87.6057388990595,0.181602347296089,15.9094078206775,2.76691062108361
2009,500,88,"Kievit",6,5.98606767,1.00232745948894,"1984-2025",87.6057388990595,0.181602347296089,15.9094078206775,2.76691062108361
2010,300,88,"Kievit",7,6.44975091,1.08531323111205,"1984-2025",94.8588873310677,0.181602347296089,17.2265966012171,2.84645450353116
2010,400,88,"Kievit",7,6.44975091,1.08531323111205,"1984-2025",94.8588873310677,0.181602347296089,17.2265966012171,2.84645450353116
2010,500,88,"Kievit",7,6.44975091,1.08531323111205,"1984-2025",94.8588873310677,0.181602347296089,17.2265966012171,2.84645450353116
2011,300,88,"Kievit",8,6.44975091,1.24035797841377,"1984-2025",108.410156949792,0.181602347296089,19.6875389728196,2.97998589615568
2011,400,88,"Kievit",8,6.44975091,1.24035797841377,"1984-2025",108.410156949792,0.181602347296089,19.6875389728196,2.97998589615568
2011,500,88,"Kievit",8,6.44975091,1.24035797841377,"1984-2025",108.410156949792,0.181602347296089,19.6875389728196,2.97998589615568
2012,300,88,"Kievit",10,6.44975091,1.55044747301722,"1984-2025",135.51269618724,0.181602347296089,24.6094237160245,3.20312944746989
2012,400,88,"Kievit",10,6.44975091,1.55044747301722,"1984-2025",135.51269618724,0.181602347296089,24.6094237160245,3.20312944746989
2012,500,88,"Kievit",10,6.44975091,1.55044747301722,"1984-2025",135.51269618724,0.181602347296089,24.6094237160245,3.20312944746989
2013,300,88,"Kievit",6,6.44975091,0.930268483810331,"1984-2025",81.3076177123438,0.181602347296089,14.7656542296147,2.6923038237039
2013,400,88,"Kievit",6,6.44975091,0.930268483810331,"1984-2025",81.3076177123438,0.181602347296089,14.7656542296147,2.6923038237039
2013,500,88,"Kievit",6,6.44975091,0.930268483810331,"1984-2025",81.3076177123438,0.181602347296089,14.7656542296147,2.6923038237039
2014,300,88,"Kievit",11,6.44975091,1.70549222031894,"1984-2025",149.063965805964,0.181602347296089,27.0703660876269,3.29843962727421
2014,400,88,"Kievit",11,6.44975091,1.70549222031894,"1984-2025",149.063965805964,0.181602347296089,27.0703660876269,3.29843962727421
2014,500,88,"Kievit",11,6.44975091,1.70549222031894,"1984-2025",149.063965805964,0.181602347296089,27.0703660876269,3.29843962727421
2015,300,88,"Kievit",11,6.57225335,1.67370297738142,"1984-2025",146.285512427062,0.181602347296089,26.5657924321656,3.27962438939083
2015,400,88,"Kievit",11,6.57225335,1.67370297738142,"1984-2025",146.285512427062,0.181602347296089,26.5657924321656,3.27962438939083
2015,500,88,"Kievit",11,6.57225335,1.67370297738142,"1984-2025",146.285512427062,0.181602347296089,26.5657924321656,3.27962438939083
2016,300,88,"Kievit",10,6.44975091,1.55044747301722,"1984-2025",135.51269618724,0.181602347296089,24.6094237160245,3.20312944746989
2016,400,88,"Kievit",10,6.44975091,1.55044747301722,"1984-2025",135.51269618724,0.181602347296089,24.6094237160245,3.20312944746989
2016,500,88,"Kievit",10,6.44975091,1.55044747301722,"1984-2025",135.51269618724,0.181602347296089,24.6094237160245,3.20312944746989
2017,300,88,"Kievit",11,6.57225335,1.67370297738142,"1984-2025",146.285512427062,0.181602347296089,26.5657924321656,3.27962438939083
2017,400,88,"Kievit",11,6.57225335,1.67370297738142,"1984-2025",146.285512427062,0.181602347296089,26.5657924321656,3.27962438939083
2017,500,88,"Kievit",11,6.57225335,1.67370297738142,"1984-2025",146.285512427062,0.181602347296089,26.5657924321656,3.27962438939083
2018,300,88,"Kievit",8,6.57225335,1.21723852900467,"1984-2025",106.389463583318,0.181602347296089,19.3205763143022,2.9611706582723
2018,400,88,"Kievit",8,6.57225335,1.21723852900467,"1984-2025",106.389463583318,0.181602347296089,19.3205763143022,2.9611706582723
2018,500,88,"Kievit",8,6.57225335,1.21723852900467,"1984-2025",106.389463583318,0.181602347296089,19.3205763143022,2.9611706582723
2019,300,88,"Kievit",9,6.57225335,1.36939334513025,"1984-2025",119.688146531232,0.181602347296089,21.73564835359,3.07895369392868
2019,400,88,"Kievit",9,6.57225335,1.36939334513025,"1984-2025",119.688146531232,0.181602347296089,21.73564835359,3.07895369392868
2019,500,88,"Kievit",9,6.57225335,1.36939334513025,"1984-2025",119.688146531232,0.181602347296089,21.73564835359,3.07895369392868
2020,300,88,"Kievit",8,6.44975091,1.24035797841377,"1984-2025",108.410156949792,0.181602347296089,19.6875389728196,2.97998589615568
2020,400,88,"Kievit",8,6.44975091,1.24035797841377,"1984-2025",108.410156949792,0.181602347296089,19.6875389728196,2.97998589615568
2020,500,88,"Kievit",8,6.44975091,1.24035797841377,"1984-2025",108.410156949792,0.181602347296089,19.6875389728196,2.97998589615568
2021,300,88,"Kievit",3,6.57225335,0.45646444837675,"1984-2025",39.8960488437441,0.181602347296089,7.24521611786334,1.98034140526057
2021,400,88,"Kievit",3,6.57225335,0.45646444837675,"1984-2025",39.8960488437441,0.181602347296089,7.24521611786334,1.98034140526057
2021,500,88,"Kievit",3,6.57225335,0.45646444837675,"1984-2025",39.8960488437441,0.181602347296089,7.24521611786334,1.98034140526057
2022,300,88,"Kievit",8,6.57225335,1.21723852900467,"1984-2025",106.389463583318,0.181602347296089,19.3205763143022,2.9611706582723
2022,400,88,"Kievit",8,6.57225335,1.21723852900467,"1984-2025",106.389463583318,0.181602347296089,19.3205763143022,2.9611706582723
2022,500,88,"Kievit",8,6.57225335,1.21723852900467,"1984-2025",106.389463583318,0.181602347296089,19.3205763143022,2.9611706582723
2023,300,88,"Kievit",4,6.57225335,0.608619264502334,"1984-2025",53.1947317916588,0.181602347296089,9.66028815715112,2.26802347771235
2023,400,88,"Kievit",4,6.57225335,0.608619264502334,"1984-2025",53.1947317916588,0.181602347296089,9.66028815715112,2.26802347771235
2023,500,88,"Kievit",4,6.57225335,0.608619264502334,"1984-2025",53.1947317916588,0.181602347296089,9.66028815715112,2.26802347771235
2024,300,88,"Kievit",6,6.57225335,0.912928896753501,"1984-2025",79.7920976874881,0.181602347296089,14.4904322357267,2.67348858582052
2024,400,88,"Kievit",6,6.57225335,0.912928896753501,"1984-2025",79.7920976874881,0.181602347296089,14.4904322357267,2.67348858582052
2024,500,88,"Kievit",6,6.57225335,0.912928896753501,"1984-2025",79.7920976874881,0.181602347296089,14.4904322357267,2.67348858582052
2025,300,88,"Kievit",6,6.57225335,0.912928896753501,"1984-2025",79.7920976874881,0.181602347296089,14.4904322357267,2.67348858582052
2025,400,88,"Kievit",6,6.57225335,0.912928896753501,"1984-2025",79.7920976874881,0.181602347296089,14.4904322357267,2.67348858582052
2025,500,88,"Kievit",6,6.57225335,0.912928896753501,"1984-2025",79.7920976874881,0.181602347296089,14.4904322357267,2.67348858582052
1965,800,94,"Houtsnip",1,5.315,0.188146754468485,"1958-1983",26.7209356687949,0.526002739989106,26.7209356687949,3.28544736560006
1966,800,94,"Houtsnip",1,5.395,0.185356811862836,"1958-1983",26.3247030731501,0.526002739989106,26.3247030731501,3.27050777868388
1967,800,94,"Houtsnip",1,5.735,0.1743679163034,"1958-1983",24.764040641612,0.526002739989106,24.764040641612,3.20939262681264
1970,800,94,"Houtsnip",2,5.625,0.355555555555556,"1958-1983",50.4966304283182,0.526002739989106,50.4966304283182,3.92190660986344
1971,800,94,"Houtsnip",2,5.615,0.356188780053428,"1958-1983",50.5865620942635,0.526002739989106,50.5865620942635,3.92368596976351
1972,800,94,"Houtsnip",3,5.645,0.531443755535872,"1958-1983",75.4765844533099,0.526002739989106,75.4765844533099,4.32382246846046
1973,800,94,"Houtsnip",2,5.715,0.349956255468067,"1958-1983",49.701407901888,0.526002739989106,49.701407901888,3.90603326070715
1974,800,94,"Houtsnip",3,5.855,0.512382578992314,"1958-1983",72.7694823636097,0.526002739989106,72.7694823636097,4.2872966690124
1975,800,94,"Houtsnip",13,5.505,2.36148955495005,"1958-1983",335.382933703067,0.526002739989106,335.382933703067,5.81527296468087
1976,800,94,"Houtsnip",8,6.49,1.2326656394453,"1958-1983",175.065359728376,0.526002739989106,175.065359728376,5.16515938835781
1977,800,94,"Houtsnip",3,6.175,0.48582995951417,"1958-1983",68.9984322654145,0.526002739989106,68.9984322654145,4.23408378354804
1978,800,94,"Houtsnip",3,6.38,0.470219435736677,"1958-1983",66.781397999833,0.526002739989106,66.781397999833,4.20142456870539
1979,800,94,"Houtsnip",6,6.37,0.941915227629513,"1958-1983",133.772470718661,0.526002739989106,133.772470718661,4.89614037703796
1980,800,94,"Houtsnip",5,6.38,0.783699059561129,"1958-1983",111.302329999722,0.526002739989106,111.302329999722,4.71225019247138
1981,800,94,"Houtsnip",5,6.38,0.783699059561129,"1958-1983",111.302329999722,0.526002739989106,111.302329999722,4.71225019247138
1982,800,94,"Houtsnip",7,6.035,1.15990057995029,"1958-1983",164.731136960649,0.526002739989106,164.731136960649,5.10431467189979
1983,800,94,"Houtsnip",7,6.38,1.09717868338558,"1958-1983",155.82326199961,0.526002739989106,155.82326199961,5.04872242909259
1984,800,94,"Houtsnip",6,3.02300608,1.98477933593835,"1984-2025",624.200619750976,0.526002739989106,328.331236291911,5.79402296555539
1985,800,94,"Houtsnip",2,5.13012052,0.389854388839972,"1984-2025",122.606753667908,0.526002739989106,64.4914883704892,4.16653325184558
1986,800,94,"Houtsnip",1,4.23796013,0.235962578534216,"1984-2025",74.208747084452,0.526002739989106,39.0340042975803,3.66443317130739
1987,800,94,"Houtsnip",3,5.02247314,0.59731528997286,"1984-2025",187.851902444118,0.526002739989106,98.8106153977723,4.5932050422795
1988,800,94,"Houtsnip",1,4.70180252,0.212684389815674,"1984-2025",66.8879031187301,0.526002739989106,35.1832203125779,3.56056927328315
1989,800,94,"Houtsnip",1,4.70180252,0.212684389815674,"1984-2025",66.8879031187301,0.526002739989106,35.1832203125779,3.56056927328315
1991,800,94,"Houtsnip",1,5.55688703,0.179956870564633,"1984-2025",56.5953041232082,0.526002739989106,29.7692850393243,3.39347715859298
1992,800,94,"Houtsnip",1,6.1308353,0.163109910977383,"1984-2025",51.2970412761147,0.526002739989106,26.9823842645706,3.29518421843069
1993,800,94,"Houtsnip",2,6.1308353,0.326219821954767,"1984-2025",102.594082552229,0.526002739989106,53.9647685291412,3.98833139899064
1994,800,94,"Houtsnip",1,6.1308353,0.163109910977383,"1984-2025",51.2970412761147,0.526002739989106,26.9823842645706,3.29518421843069
1996,800,94,"Houtsnip",1,6.44975091,0.155044747301722,"1984-2025",48.7605980183754,0.526002739989106,25.6482081611728,3.24447371191243
2004,800,94,"Houtsnip",1,6.2141484,0.160923096075401,"1984-2025",50.6093017413555,0.526002739989106,26.6206313848884,3.28168653112627
2006,800,94,"Houtsnip",1,5.65793112,0.176743049498277,"1984-2025",55.5845776081419,0.526002739989106,29.2376401230197,3.37545692447751
2007,800,94,"Houtsnip",2,6.1308353,0.326219821954767,"1984-2025",102.594082552229,0.526002739989106,53.9647685291412,3.98833139899064
2008,800,94,"Houtsnip",1,6.02064405,0.166095187108761,"1984-2025",52.2358918463484,0.526002739989106,27.4762222369539,3.31332098472167
2010,800,94,"Houtsnip",2,6.44975091,0.310089494603444,"1984-2025",97.5211960367509,0.526002739989106,51.2964163223457,3.93762089247238
2011,800,94,"Houtsnip",1,6.44975091,0.155044747301722,"1984-2025",48.7605980183754,0.526002739989106,25.6482081611728,3.24447371191243
2012,800,94,"Houtsnip",1,6.44975091,0.155044747301722,"1984-2025",48.7605980183754,0.526002739989106,25.6482081611728,3.24447371191243
2014,800,94,"Houtsnip",2,6.44975091,0.310089494603444,"1984-2025",97.5211960367509,0.526002739989106,51.2964163223457,3.93762089247238
2016,800,94,"Houtsnip",2,6.44975091,0.310089494603444,"1984-2025",97.5211960367509,0.526002739989106,51.2964163223457,3.93762089247238
2021,800,94,"Houtsnip",1,6.57225335,0.152154816125583,"1984-2025",47.8517328369822,0.526002739989106,25.1701425854793,3.22565847402905
2025,800,94,"Houtsnip",1,6.57225335,0.152154816125583,"1984-2025",47.8517328369822,0.526002739989106,25.1701425854793,3.22565847402905
1958,300,97,"Wulp",18,4.3072,4.17904903417533,"1958-1983",128.436427763446,0.314068061228694,128.436427763446,4.85543405634191
1958,400,97,"Wulp",18,4.3072,4.17904903417533,"1958-1983",128.436427763446,0.314068061228694,128.436427763446,4.85543405634191
1958,500,97,"Wulp",18,4.3072,4.17904903417533,"1958-1983",128.436427763446,0.314068061228694,128.436427763446,4.85543405634191
1959,300,97,"Wulp",19,5.0372,3.77193679028032,"1958-1983",115.924480218195,0.314068061228694,115.924480218195,4.75293894649085
1959,400,97,"Wulp",19,5.0372,3.77193679028032,"1958-1983",115.924480218195,0.314068061228694,115.924480218195,4.75293894649085
1959,500,97,"Wulp",19,5.0372,3.77193679028032,"1958-1983",115.924480218195,0.314068061228694,115.924480218195,4.75293894649085
1960,300,97,"Wulp",18,5.022,3.584229390681,"1958-1983",110.155591728936,0.314068061228694,110.155591728936,4.70189383663473
1960,400,97,"Wulp",18,5.022,3.584229390681,"1958-1983",110.155591728936,0.314068061228694,110.155591728936,4.70189383663473
1960,500,97,"Wulp",18,5.022,3.584229390681,"1958-1983",110.155591728936,0.314068061228694,110.155591728936,4.70189383663473
1961,300,97,"Wulp",21,5.002,4.19832067173131,"1958-1983",129.028710903606,0.314068061228694,129.028710903606,4.86003494474195
1961,400,97,"Wulp",21,5.002,4.19832067173131,"1958-1983",129.028710903606,0.314068061228694,129.028710903606,4.86003494474195
1961,500,97,"Wulp",21,5.002,4.19832067173131,"1958-1983",129.028710903606,0.314068061228694,129.028710903606,4.86003494474195
1962,300,97,"Wulp",24,5.002,4.79808076769292,"1958-1983",147.461383889835,0.314068061228694,147.461383889835,4.99356633736648
1962,400,97,"Wulp",24,5.002,4.79808076769292,"1958-1983",147.461383889835,0.314068061228694,147.461383889835,4.99356633736648
1962,500,97,"Wulp",24,5.002,4.79808076769292,"1958-1983",147.461383889835,0.314068061228694,147.461383889835,4.99356633736648
1963,300,97,"Wulp",11,5.2472,2.09635615185242,"1958-1983",64.4281733145496,0.314068061228694,64.4281733145496,4.16555101127494
1963,400,97,"Wulp",11,5.2472,2.09635615185242,"1958-1983",64.4281733145496,0.314068061228694,64.4281733145496,4.16555101127494
1963,500,97,"Wulp",11,5.2472,2.09635615185242,"1958-1983",64.4281733145496,0.314068061228694,64.4281733145496,4.16555101127494
1964,300,97,"Wulp",13,5.3272,2.44030635230515,"1958-1983",74.9989358764174,0.314068061228694,74.9989358764174,4.31747392512122
1964,400,97,"Wulp",13,5.3272,2.44030635230515,"1958-1983",74.9989358764174,0.314068061228694,74.9989358764174,4.31747392512122
1964,500,97,"Wulp",13,5.3272,2.44030635230515,"1958-1983",74.9989358764174,0.314068061228694,74.9989358764174,4.31747392512122
1965,300,97,"Wulp",13,5.315,2.44590780809031,"1958-1983",75.171087714177,0.314068061228694,75.171087714177,4.31976668514158
1965,400,97,"Wulp",13,5.315,2.44590780809031,"1958-1983",75.171087714177,0.314068061228694,75.171087714177,4.31976668514158
1965,500,97,"Wulp",13,5.315,2.44590780809031,"1958-1983",75.171087714177,0.314068061228694,75.171087714177,4.31976668514158
1966,300,97,"Wulp",13,5.395,2.40963855421687,"1958-1983",74.0564098611401,0.314068061228694,74.0564098611401,4.3048270982254
1966,400,97,"Wulp",13,5.395,2.40963855421687,"1958-1983",74.0564098611401,0.314068061228694,74.0564098611401,4.3048270982254
1966,500,97,"Wulp",13,5.395,2.40963855421687,"1958-1983",74.0564098611401,0.314068061228694,74.0564098611401,4.3048270982254
1967,300,97,"Wulp",17,5.735,2.9642545771578,"1958-1983",91.1016515379848,0.314068061228694,91.1016515379848,4.51197593294884
1967,400,97,"Wulp",17,5.735,2.9642545771578,"1958-1983",91.1016515379848,0.314068061228694,91.1016515379848,4.51197593294884
1967,500,97,"Wulp",17,5.735,2.9642545771578,"1958-1983",91.1016515379848,0.314068061228694,91.1016515379848,4.51197593294884
1968,300,97,"Wulp",14,5.6,2.5,"1958-1983",76.8335252309328,0.314068061228694,76.8335252309328,4.34164107134811
1968,400,97,"Wulp",14,5.6,2.5,"1958-1983",76.8335252309328,0.314068061228694,76.8335252309328,4.34164107134811
1968,500,97,"Wulp",14,5.6,2.5,"1958-1983",76.8335252309328,0.314068061228694,76.8335252309328,4.34164107134811
1969,300,97,"Wulp",15,5.6,2.67857142857143,"1958-1983",82.3216341759994,0.314068061228694,82.3216341759994,4.41063394283507
1969,400,97,"Wulp",15,5.6,2.67857142857143,"1958-1983",82.3216341759994,0.314068061228694,82.3216341759994,4.41063394283507
1969,500,97,"Wulp",15,5.6,2.67857142857143,"1958-1983",82.3216341759994,0.314068061228694,82.3216341759994,4.41063394283507
1970,300,97,"Wulp",15,5.625,2.66666666666667,"1958-1983",81.9557602463283,0.314068061228694,81.9557602463283,4.40617959248569
1970,400,97,"Wulp",15,5.625,2.66666666666667,"1958-1983",81.9557602463283,0.314068061228694,81.9557602463283,4.40617959248569
1970,500,97,"Wulp",15,5.625,2.66666666666667,"1958-1983",81.9557602463283,0.314068061228694,81.9557602463283,4.40617959248569
1971,300,97,"Wulp",19,5.615,3.38379341050757,"1958-1983",103.995510552999,0.314068061228694,103.995510552999,4.64434773044999
1971,400,97,"Wulp",19,5.615,3.38379341050757,"1958-1983",103.995510552999,0.314068061228694,103.995510552999,4.64434773044999
1971,500,97,"Wulp",19,5.615,3.38379341050757,"1958-1983",103.995510552999,0.314068061228694,103.995510552999,4.64434773044999
1972,300,97,"Wulp",22,5.645,3.89725420726306,"1958-1983",119.775911786042,0.314068061228694,119.775911786042,4.78562259523065
1972,400,97,"Wulp",22,5.645,3.89725420726306,"1958-1983",119.775911786042,0.314068061228694,119.775911786042,4.78562259523065
1972,500,97,"Wulp",22,5.645,3.89725420726306,"1958-1983",119.775911786042,0.314068061228694,119.775911786042,4.78562259523065
1973,300,97,"Wulp",20,5.715,3.49956255468067,"1958-1983",107.553491136914,0.314068061228694,107.553491136914,4.67798831578118
1973,400,97,"Wulp",20,5.715,3.49956255468067,"1958-1983",107.553491136914,0.314068061228694,107.553491136914,4.67798831578118
1973,500,97,"Wulp",20,5.715,3.49956255468067,"1958-1983",107.553491136914,0.314068061228694,107.553491136914,4.67798831578118
1974,300,97,"Wulp",16,5.855,2.73270708795901,"1958-1983",83.985407596579,0.314068061228694,83.985407596579,4.43064306466406
1974,400,97,"Wulp",16,5.855,2.73270708795901,"1958-1983",83.985407596579,0.314068061228694,83.985407596579,4.43064306466406
1974,500,97,"Wulp",16,5.855,2.73270708795901,"1958-1983",83.985407596579,0.314068061228694,83.985407596579,4.43064306466406
1975,300,97,"Wulp",20,5.505,3.6330608537693,"1958-1983",111.656349109439,0.314068061228694,111.656349109439,4.71542584285331
1975,400,97,"Wulp",20,5.505,3.6330608537693,"1958-1983",111.656349109439,0.314068061228694,111.656349109439,4.71542584285331
1975,500,97,"Wulp",20,5.505,3.6330608537693,"1958-1983",111.656349109439,0.314068061228694,111.656349109439,4.71542584285331
1976,300,97,"Wulp",24,6.49,3.6979969183359,"1958-1983",113.652055811549,0.314068061228694,113.652055811549,4.73314163910591
1976,400,97,"Wulp",24,6.49,3.6979969183359,"1958-1983",113.652055811549,0.314068061228694,113.652055811549,4.73314163910591
1976,500,97,"Wulp",24,6.49,3.6979969183359,"1958-1983",113.652055811549,0.314068061228694,113.652055811549,4.73314163910591
1977,300,97,"Wulp",26,6.175,4.21052631578947,"1958-1983",129.403831967887,0.314068061228694,129.403831967887,4.8629379949814
1977,400,97,"Wulp",26,6.175,4.21052631578947,"1958-1983",129.403831967887,0.314068061228694,129.403831967887,4.8629379949814
1977,500,97,"Wulp",26,6.175,4.21052631578947,"1958-1983",129.403831967887,0.314068061228694,129.403831967887,4.8629379949814
1978,300,97,"Wulp",21,6.38,3.29153605015674,"1958-1983",101.160127263297,0.314068061228694,101.160127263297,4.61670467984068
1978,400,97,"Wulp",21,6.38,3.29153605015674,"1958-1983",101.160127263297,0.314068061228694,101.160127263297,4.61670467984068
1978,500,97,"Wulp",21,6.38,3.29153605015674,"1958-1983",101.160127263297,0.314068061228694,101.160127263297,4.61670467984068
1979,300,97,"Wulp",24,6.37,3.76766091051805,"1958-1983",115.793067851955,0.314068061228694,115.793067851955,4.75180470023783
1979,400,97,"Wulp",24,6.37,3.76766091051805,"1958-1983",115.793067851955,0.314068061228694,115.793067851955,4.75180470023783
1979,500,97,"Wulp",24,6.37,3.76766091051805,"1958-1983",115.793067851955,0.314068061228694,115.793067851955,4.75180470023783
1980,300,97,"Wulp",19,6.38,2.97805642633229,"1958-1983",91.5258294286974,0.314068061228694,91.5258294286974,4.5166212212837
1980,400,97,"Wulp",19,6.38,2.97805642633229,"1958-1983",91.5258294286974,0.314068061228694,91.5258294286974,4.5166212212837
1980,500,97,"Wulp",19,6.38,2.97805642633229,"1958-1983",91.5258294286974,0.314068061228694,91.5258294286974,4.5166212212837
1981,300,97,"Wulp",19,6.38,2.97805642633229,"1958-1983",91.5258294286974,0.314068061228694,91.5258294286974,4.5166212212837
1981,400,97,"Wulp",19,6.38,2.97805642633229,"1958-1983",91.5258294286974,0.314068061228694,91.5258294286974,4.5166212212837
1981,500,97,"Wulp",19,6.38,2.97805642633229,"1958-1983",91.5258294286974,0.314068061228694,91.5258294286974,4.5166212212837
1982,300,97,"Wulp",17,6.035,2.8169014084507,"1958-1983",86.5729861756989,0.314068061228694,86.5729861756989,4.46098782898068
1982,400,97,"Wulp",17,6.035,2.8169014084507,"1958-1983",86.5729861756989,0.314068061228694,86.5729861756989,4.46098782898068
1982,500,97,"Wulp",17,6.035,2.8169014084507,"1958-1983",86.5729861756989,0.314068061228694,86.5729861756989,4.46098782898068
1983,300,97,"Wulp",19,6.38,2.97805642633229,"1958-1983",91.5258294286974,0.314068061228694,91.5258294286974,4.5166212212837
1983,400,97,"Wulp",19,6.38,2.97805642633229,"1958-1983",91.5258294286974,0.314068061228694,91.5258294286974,4.5166212212837
1983,500,97,"Wulp",19,6.38,2.97805642633229,"1958-1983",91.5258294286974,0.314068061228694,91.5258294286974,4.5166212212837
1984,300,97,"Wulp",9,3.02300608,2.97716900390753,"1984-2025",360.953672814609,0.314068061228694,113.36402021426,4.73060405888785
1984,400,97,"Wulp",9,3.02300608,2.97716900390753,"1984-2025",360.953672814609,0.314068061228694,113.36402021426,4.73060405888785
1984,500,97,"Wulp",9,3.02300608,2.97716900390753,"1984-2025",360.953672814609,0.314068061228694,113.36402021426,4.73060405888785
1985,300,97,"Wulp",15,5.13012052,2.92390791629979,"1984-2025",354.496268090563,0.314068061228694,111.33595563201,4.71255225761214
1985,400,97,"Wulp",15,5.13012052,2.92390791629979,"1984-2025",354.496268090563,0.314068061228694,111.33595563201,4.71255225761214
1985,500,97,"Wulp",15,5.13012052,2.92390791629979,"1984-2025",354.496268090563,0.314068061228694,111.33595563201,4.71255225761214
1986,300,97,"Wulp",5,4.23796013,1.17981289267108,"1984-2025",143.041189897085,0.314068061228694,44.924669186823,3.80498706896578
1986,400,97,"Wulp",5,4.23796013,1.17981289267108,"1984-2025",143.041189897085,0.314068061228694,44.924669186823,3.80498706896578
1986,500,97,"Wulp",5,4.23796013,1.17981289267108,"1984-2025",143.041189897085,0.314068061228694,44.924669186823,3.80498706896578
1987,300,97,"Wulp",8,5.02247314,1.59284077326096,"1984-2025",193.11692636958,0.314068061228694,60.6518586553382,4.10515028051552
1987,400,97,"Wulp",8,5.02247314,1.59284077326096,"1984-2025",193.11692636958,0.314068061228694,60.6518586553382,4.10515028051552
1987,500,97,"Wulp",8,5.02247314,1.59284077326096,"1984-2025",193.11692636958,0.314068061228694,60.6518586553382,4.10515028051552
1988,300,97,"Wulp",4,4.70180252,0.850737559262697,"1984-2025",103.143908261227,0.314068061228694,32.3942072951538,3.47797961962734
1988,400,97,"Wulp",4,4.70180252,0.850737559262697,"1984-2025",103.143908261227,0.314068061228694,32.3942072951538,3.47797961962734
1988,500,97,"Wulp",4,4.70180252,0.850737559262697,"1984-2025",103.143908261227,0.314068061228694,32.3942072951538,3.47797961962734
1989,300,97,"Wulp",1,4.70180252,0.212684389815674,"1984-2025",25.7859770653067,0.314068061228694,8.09855182378844,2.09168525850745
1989,400,97,"Wulp",1,4.70180252,0.212684389815674,"1984-2025",25.7859770653067,0.314068061228694,8.09855182378844,2.09168525850745
1989,500,97,"Wulp",1,4.70180252,0.212684389815674,"1984-2025",25.7859770653067,0.314068061228694,8.09855182378844,2.09168525850745
1990,300,97,"Wulp",3,4.85514176,0.617901628478918,"1984-2025",74.9147468433474,0.314068061228694,23.5283292985285,3.15820519718097
1990,400,97,"Wulp",3,4.85514176,0.617901628478918,"1984-2025",74.9147468433474,0.314068061228694,23.5283292985285,3.15820519718097
1990,500,97,"Wulp",3,4.85514176,0.617901628478918,"1984-2025",74.9147468433474,0.314068061228694,23.5283292985285,3.15820519718097
1991,300,97,"Wulp",4,5.55688703,0.719827482258533,"1984-2025",87.2722956517051,0.314068061228694,27.4094406943084,3.31088750493717
1991,400,97,"Wulp",4,5.55688703,0.719827482258533,"1984-2025",87.2722956517051,0.314068061228694,27.4094406943084,3.31088750493717
1991,500,97,"Wulp",4,5.55688703,0.719827482258533,"1984-2025",87.2722956517051,0.314068061228694,27.4094406943084,3.31088750493717
1992,300,97,"Wulp",3,6.1308353,0.48932973293215,"1984-2025",59.3266166910346,0.314068061228694,18.6325954834111,2.9249124923231
1992,400,97,"Wulp",3,6.1308353,0.48932973293215,"1984-2025",59.3266166910346,0.314068061228694,18.6325954834111,2.9249124923231
1992,500,97,"Wulp",3,6.1308353,0.48932973293215,"1984-2025",59.3266166910346,0.314068061228694,18.6325954834111,2.9249124923231
1993,300,97,"Wulp",2,6.1308353,0.326219821954767,"1984-2025",39.5510777940231,0.314068061228694,12.4217303222741,2.51944738421493
1993,400,97,"Wulp",2,6.1308353,0.326219821954767,"1984-2025",39.5510777940231,0.314068061228694,12.4217303222741,2.51944738421493
1993,500,97,"Wulp",2,6.1308353,0.326219821954767,"1984-2025",39.5510777940231,0.314068061228694,12.4217303222741,2.51944738421493
1994,300,97,"Wulp",2,6.1308353,0.326219821954767,"1984-2025",39.5510777940231,0.314068061228694,12.4217303222741,2.51944738421493
1994,400,97,"Wulp",2,6.1308353,0.326219821954767,"1984-2025",39.5510777940231,0.314068061228694,12.4217303222741,2.51944738421493
1994,500,97,"Wulp",2,6.1308353,0.326219821954767,"1984-2025",39.5510777940231,0.314068061228694,12.4217303222741,2.51944738421493
1995,300,97,"Wulp",2,6.09164596,0.328318489474395,"1984-2025",39.8055214444279,0.314068061228694,12.5016429462487,2.52586007137123
1995,400,97,"Wulp",2,6.09164596,0.328318489474395,"1984-2025",39.8055214444279,0.314068061228694,12.5016429462487,2.52586007137123
1995,500,97,"Wulp",2,6.09164596,0.328318489474395,"1984-2025",39.8055214444279,0.314068061228694,12.5016429462487,2.52586007137123
1996,300,97,"Wulp",1,6.44975091,0.155044747301722,"1984-2025",18.7977138401336,0.314068061228694,5.90376154130254,1.77558969713672
1996,400,97,"Wulp",1,6.44975091,0.155044747301722,"1984-2025",18.7977138401336,0.314068061228694,5.90376154130254,1.77558969713672
1996,500,97,"Wulp",1,6.44975091,0.155044747301722,"1984-2025",18.7977138401336,0.314068061228694,5.90376154130254,1.77558969713672
1997,300,97,"Wulp",1,6.09164596,0.164159244737197,"1984-2025",19.902760722214,0.314068061228694,6.25082147312433,1.83271289081129
1997,400,97,"Wulp",1,6.09164596,0.164159244737197,"1984-2025",19.902760722214,0.314068061228694,6.25082147312433,1.83271289081129
1997,500,97,"Wulp",1,6.09164596,0.164159244737197,"1984-2025",19.902760722214,0.314068061228694,6.25082147312433,1.83271289081129
1998,300,97,"Wulp",1,5.62796272,0.177684190488028,"1984-2025",21.5425328805876,0.314068061228694,6.76582153576154,1.91188369338658
1998,400,97,"Wulp",1,5.62796272,0.177684190488028,"1984-2025",21.5425328805876,0.314068061228694,6.76582153576154,1.91188369338658
1998,500,97,"Wulp",1,5.62796272,0.177684190488028,"1984-2025",21.5425328805876,0.314068061228694,6.76582153576154,1.91188369338658
2011,300,97,"Wulp",1,6.44975091,0.155044747301722,"1984-2025",18.7977138401336,0.314068061228694,5.90376154130254,1.77558969713672
2011,400,97,"Wulp",1,6.44975091,0.155044747301722,"1984-2025",18.7977138401336,0.314068061228694,5.90376154130254,1.77558969713672
2011,500,97,"Wulp",1,6.44975091,0.155044747301722,"1984-2025",18.7977138401336,0.314068061228694,5.90376154130254,1.77558969713672
1983,300,122,"Holenduif",1,6.38,0.156739811912226,"1958-1983",100,0.682784329413372,100,4.60517018598809
1983,800,122,"Holenduif",1,6.38,0.156739811912226,"1958-1983",100,0.682784329413372,100,4.60517018598809
1983,900,122,"Holenduif",1,6.38,0.156739811912226,"1958-1983",100,0.682784329413372,100,4.60517018598809
1984,300,122,"Holenduif",2,3.02300608,0.661593111979451,"1984-2025",169.172486220447,0.682784329413372,115.508322559221,4.74934258415567
1984,800,122,"Holenduif",2,3.02300608,0.661593111979451,"1984-2025",169.172486220447,0.682784329413372,115.508322559221,4.74934258415567
1984,900,122,"Holenduif",2,3.02300608,0.661593111979451,"1984-2025",169.172486220447,0.682784329413372,115.508322559221,4.74934258415567
1985,300,122,"Holenduif",3,5.13012052,0.584781583259958,"1984-2025",149.53141522291,0.682784329413372,102.097707069207,4.62593026722213
1985,800,122,"Holenduif",3,5.13012052,0.584781583259958,"1984-2025",149.53141522291,0.682784329413372,102.097707069207,4.62593026722213
1985,900,122,"Holenduif",3,5.13012052,0.584781583259958,"1984-2025",149.53141522291,0.682784329413372,102.097707069207,4.62593026722213
1986,300,122,"Holenduif",2,4.23796013,0.471925157068431,"1984-2025",120.673493550098,0.682784329413372,82.3939703715724,4.41151225913572
1986,800,122,"Holenduif",2,4.23796013,0.471925157068431,"1984-2025",120.673493550098,0.682784329413372,82.3939703715724,4.41151225913572
1986,900,122,"Holenduif",2,4.23796013,0.471925157068431,"1984-2025",120.673493550098,0.682784329413372,82.3939703715724,4.41151225913572
1987,300,122,"Holenduif",2,5.02247314,0.39821019331524,"1984-2025",101.824228852546,0.682784329413372,69.5239878151195,4.24167184143972
1987,800,122,"Holenduif",2,5.02247314,0.39821019331524,"1984-2025",101.824228852546,0.682784329413372,69.5239878151195,4.24167184143972
1987,900,122,"Holenduif",2,5.02247314,0.39821019331524,"1984-2025",101.824228852546,0.682784329413372,69.5239878151195,4.24167184143972
1988,300,122,"Holenduif",5,4.70180252,1.06342194907837,"1984-2025",271.922019394557,0.682784329413372,185.664093665043,5.22393909298564
1988,800,122,"Holenduif",5,4.70180252,1.06342194907837,"1984-2025",271.922019394557,0.682784329413372,185.664093665043,5.22393909298564
1988,900,122,"Holenduif",5,4.70180252,1.06342194907837,"1984-2025",271.922019394557,0.682784329413372,185.664093665043,5.22393909298564
1989,300,122,"Holenduif",5,4.70180252,1.06342194907837,"1984-2025",271.922019394557,0.682784329413372,185.664093665043,5.22393909298564
1989,800,122,"Holenduif",5,4.70180252,1.06342194907837,"1984-2025",271.922019394557,0.682784329413372,185.664093665043,5.22393909298564
1989,900,122,"Holenduif",5,4.70180252,1.06342194907837,"1984-2025",271.922019394557,0.682784329413372,185.664093665043,5.22393909298564
1990,300,122,"Holenduif",1,4.85514176,0.205967209492973,"1984-2025",52.6667891168977,0.682784329413372,35.9600582895364,3.58240883055696
1990,800,122,"Holenduif",1,4.85514176,0.205967209492973,"1984-2025",52.6667891168977,0.682784329413372,35.9600582895364,3.58240883055696
1990,900,122,"Holenduif",1,4.85514176,0.205967209492973,"1984-2025",52.6667891168977,0.682784329413372,35.9600582895364,3.58240883055696
1991,300,122,"Holenduif",4,5.55688703,0.719827482258533,"1984-2025",184.063289986706,0.682784329413372,125.675530023192,4.83370342698126
1991,800,122,"Holenduif",4,5.55688703,0.719827482258533,"1984-2025",184.063289986706,0.682784329413372,125.675530023192,4.83370342698126
1991,900,122,"Holenduif",4,5.55688703,0.719827482258533,"1984-2025",184.063289986706,0.682784329413372,125.675530023192,4.83370342698126
1992,300,122,"Holenduif",3,6.1308353,0.48932973293215,"1984-2025",125.123925873476,0.682784329413372,85.4326558210898,4.44772841436719
1992,800,122,"Holenduif",3,6.1308353,0.48932973293215,"1984-2025",125.123925873476,0.682784329413372,85.4326558210898,4.44772841436719
1992,900,122,"Holenduif",3,6.1308353,0.48932973293215,"1984-2025",125.123925873476,0.682784329413372,85.4326558210898,4.44772841436719
1993,300,122,"Holenduif",4,6.1308353,0.652439643909534,"1984-2025",166.831901164635,0.682784329413372,113.910207761453,4.73541048681897
1993,800,122,"Holenduif",4,6.1308353,0.652439643909534,"1984-2025",166.831901164635,0.682784329413372,113.910207761453,4.73541048681897
1993,900,122,"Holenduif",4,6.1308353,0.652439643909534,"1984-2025",166.831901164635,0.682784329413372,113.910207761453,4.73541048681897
1994,300,122,"Holenduif",1,6.1308353,0.163109910977383,"1984-2025",41.7079752911587,0.682784329413372,28.4775519403633,3.34911612569908
1994,800,122,"Holenduif",1,6.1308353,0.163109910977383,"1984-2025",41.7079752911587,0.682784329413372,28.4775519403633,3.34911612569908
1994,900,122,"Holenduif",1,6.1308353,0.163109910977383,"1984-2025",41.7079752911587,0.682784329413372,28.4775519403633,3.34911612569908
2001,300,122,"Holenduif",1,6.44975091,0.155044747301722,"1984-2025",39.6456748135973,0.682784329413372,27.0694454917427,3.29840561918082
2001,800,122,"Holenduif",1,6.44975091,0.155044747301722,"1984-2025",39.6456748135973,0.682784329413372,27.0694454917427,3.29840561918082
2001,900,122,"Holenduif",1,6.44975091,0.155044747301722,"1984-2025",39.6456748135973,0.682784329413372,27.0694454917427,3.29840561918082
2002,300,122,"Holenduif",1,6.09164596,0.164159244737197,"1984-2025",41.9762948939605,0.682784329413372,28.6607563604308,3.35552881285538
2002,800,122,"Holenduif",1,6.09164596,0.164159244737197,"1984-2025",41.9762948939605,0.682784329413372,28.6607563604308,3.35552881285538
2002,900,122,"Holenduif",1,6.09164596,0.164159244737197,"1984-2025",41.9762948939605,0.682784329413372,28.6607563604308,3.35552881285538
2003,300,122,"Holenduif",1,6.2141484,0.160923096075401,"1984-2025",41.148796383196,0.682784329413372,28.0957533446679,3.33561843839466
2003,800,122,"Holenduif",1,6.2141484,0.160923096075401,"1984-2025",41.148796383196,0.682784329413372,28.0957533446679,3.33561843839466
2003,900,122,"Holenduif",1,6.2141484,0.160923096075401,"1984-2025",41.148796383196,0.682784329413372,28.0957533446679,3.33561843839466
2008,300,122,"Holenduif",1,6.02064405,0.166095187108761,"1984-2025",42.4713245099689,0.682784329413372,28.9987548248368,3.36725289199006
2008,800,122,"Holenduif",1,6.02064405,0.166095187108761,"1984-2025",42.4713245099689,0.682784329413372,28.9987548248368,3.36725289199006
2008,900,122,"Holenduif",1,6.02064405,0.166095187108761,"1984-2025",42.4713245099689,0.682784329413372,28.9987548248368,3.36725289199006
2010,300,122,"Holenduif",1,6.44975091,0.155044747301722,"1984-2025",39.6456748135973,0.682784329413372,27.0694454917427,3.29840561918082
2010,800,122,"Holenduif",1,6.44975091,0.155044747301722,"1984-2025",39.6456748135973,0.682784329413372,27.0694454917427,3.29840561918082
2010,900,122,"Holenduif",1,6.44975091,0.155044747301722,"1984-2025",39.6456748135973,0.682784329413372,27.0694454917427,3.29840561918082
2013,300,122,"Holenduif",1,6.44975091,0.155044747301722,"1984-2025",39.6456748135973,0.682784329413372,27.0694454917427,3.29840561918082
2013,800,122,"Holenduif",1,6.44975091,0.155044747301722,"1984-2025",39.6456748135973,0.682784329413372,27.0694454917427,3.29840561918082
2013,900,122,"Holenduif",1,6.44975091,0.155044747301722,"1984-2025",39.6456748135973,0.682784329413372,27.0694454917427,3.29840561918082
2014,300,122,"Holenduif",2,6.44975091,0.310089494603444,"1984-2025",79.2913496271946,0.682784329413372,54.1388909834853,3.99155279974076
2014,800,122,"Holenduif",2,6.44975091,0.310089494603444,"1984-2025",79.2913496271946,0.682784329413372,54.1388909834853,3.99155279974076
2014,900,122,"Holenduif",2,6.44975091,0.310089494603444,"1984-2025",79.2913496271946,0.682784329413372,54.1388909834853,3.99155279974076
2015,300,122,"Holenduif",1,6.57225335,0.152154816125583,"1984-2025",38.9067057505571,0.682784329413372,26.5648889955775,3.27959038129743
2015,800,122,"Holenduif",1,6.57225335,0.152154816125583,"1984-2025",38.9067057505571,0.682784329413372,26.5648889955775,3.27959038129743
2015,900,122,"Holenduif",1,6.57225335,0.152154816125583,"1984-2025",38.9067057505571,0.682784329413372,26.5648889955775,3.27959038129743
2016,300,122,"Holenduif",4,6.44975091,0.620178989206887,"1984-2025",158.582699254389,0.682784329413372,108.277781966971,4.68469998030071
2016,800,122,"Holenduif",4,6.44975091,0.620178989206887,"1984-2025",158.582699254389,0.682784329413372,108.277781966971,4.68469998030071
2016,900,122,"Holenduif",4,6.44975091,0.620178989206887,"1984-2025",158.582699254389,0.682784329413372,108.277781966971,4.68469998030071
2017,300,122,"Holenduif",4,6.57225335,0.608619264502334,"1984-2025",155.626823002229,0.682784329413372,106.25955598231,4.66588474241732
2017,800,122,"Holenduif",4,6.57225335,0.608619264502334,"1984-2025",155.626823002229,0.682784329413372,106.25955598231,4.66588474241732
2017,900,122,"Holenduif",4,6.57225335,0.608619264502334,"1984-2025",155.626823002229,0.682784329413372,106.25955598231,4.66588474241732
2018,300,122,"Holenduif",1,6.57225335,0.152154816125583,"1984-2025",38.9067057505571,0.682784329413372,26.5648889955775,3.27959038129743
2018,800,122,"Holenduif",1,6.57225335,0.152154816125583,"1984-2025",38.9067057505571,0.682784329413372,26.5648889955775,3.27959038129743
2018,900,122,"Holenduif",1,6.57225335,0.152154816125583,"1984-2025",38.9067057505571,0.682784329413372,26.5648889955775,3.27959038129743
2019,300,122,"Holenduif",1,6.57225335,0.152154816125583,"1984-2025",38.9067057505571,0.682784329413372,26.5648889955775,3.27959038129743
2019,800,122,"Holenduif",1,6.57225335,0.152154816125583,"1984-2025",38.9067057505571,0.682784329413372,26.5648889955775,3.27959038129743
2019,900,122,"Holenduif",1,6.57225335,0.152154816125583,"1984-2025",38.9067057505571,0.682784329413372,26.5648889955775,3.27959038129743
2020,300,122,"Holenduif",1,6.44975091,0.155044747301722,"1984-2025",39.6456748135973,0.682784329413372,27.0694454917427,3.29840561918082
2020,800,122,"Holenduif",1,6.44975091,0.155044747301722,"1984-2025",39.6456748135973,0.682784329413372,27.0694454917427,3.29840561918082
2020,900,122,"Holenduif",1,6.44975091,0.155044747301722,"1984-2025",39.6456748135973,0.682784329413372,27.0694454917427,3.29840561918082
2021,300,122,"Holenduif",5,6.57225335,0.760774080627917,"1984-2025",194.533528752786,0.682784329413372,132.824444977888,4.88902829373153
2021,800,122,"Holenduif",5,6.57225335,0.760774080627917,"1984-2025",194.533528752786,0.682784329413372,132.824444977888,4.88902829373153
2021,900,122,"Holenduif",5,6.57225335,0.760774080627917,"1984-2025",194.533528752786,0.682784329413372,132.824444977888,4.88902829373153
2023,300,122,"Holenduif",2,6.57225335,0.304309632251167,"1984-2025",77.8134115011143,0.682784329413372,53.1297779911551,3.97273756185738
2023,800,122,"Holenduif",2,6.57225335,0.304309632251167,"1984-2025",77.8134115011143,0.682784329413372,53.1297779911551,3.97273756185738
2023,900,122,"Holenduif",2,6.57225335,0.304309632251167,"1984-2025",77.8134115011143,0.682784329413372,53.1297779911551,3.97273756185738
2024,300,122,"Holenduif",1,6.57225335,0.152154816125583,"1984-2025",38.9067057505571,0.682784329413372,26.5648889955775,3.27959038129743
2024,800,122,"Holenduif",1,6.57225335,0.152154816125583,"1984-2025",38.9067057505571,0.682784329413372,26.5648889955775,3.27959038129743
2024,900,122,"Holenduif",1,6.57225335,0.152154816125583,"1984-2025",38.9067057505571,0.682784329413372,26.5648889955775,3.27959038129743
2025,300,122,"Holenduif",1,6.57225335,0.152154816125583,"1984-2025",38.9067057505571,0.682784329413372,26.5648889955775,3.27959038129743
2025,800,122,"Holenduif",1,6.57225335,0.152154816125583,"1984-2025",38.9067057505571,0.682784329413372,26.5648889955775,3.27959038129743
2025,900,122,"Holenduif",1,6.57225335,0.152154816125583,"1984-2025",38.9067057505571,0.682784329413372,26.5648889955775,3.27959038129743
1958,800,123,"Houtduif",10,4.3072,2.32169390787519,"1958-1983",14.9930419904478,0.789877103717663,14.9930419904478,2.70758622617901
1959,800,123,"Houtduif",22,5.0372,4.36750575716668,"1958-1983",28.2044919826024,0.789877103717663,28.2044919826024,3.33948125542194
1960,800,123,"Houtduif",23,5.022,4.57984866587017,"1958-1983",29.575760665251,0.789877103717663,29.575760665251,3.38695512940694
1961,800,123,"Houtduif",31,5.002,6.19752099160336,"1958-1983",40.022369938004,0.789877103717663,40.022369938004,3.6894385462429
1962,800,123,"Houtduif",25,5.002,4.99800079968013,"1958-1983",32.2761047887129,0.789877103717663,32.2761047887129,3.47432716662595
1963,800,123,"Houtduif",25,5.2472,4.76444579966458,"1958-1983",30.7678525981746,0.789877103717663,30.7678525981746,3.42647039808399
1964,800,123,"Houtduif",33,5.3272,6.19462381739,"1958-1983",40.0036605575438,0.789877103717663,40.0036605575438,3.68897096386539
1965,800,123,"Houtduif",37,5.315,6.96142991533396,"1958-1983",44.955543312634,0.789877103717663,44.955543312634,3.80567407506349
1966,800,123,"Houtduif",35,5.395,6.48748841519926,"1958-1983",41.8949224493788,0.789877103717663,41.8949224493788,3.7351646369925
1967,800,123,"Houtduif",33,5.735,5.7541412380122,"1958-1983",37.1591108146726,0.789877103717663,37.1591108146726,3.61520898509833
1968,800,123,"Houtduif",43,5.6,7.67857142857143,"1958-1983",49.5867019613221,0.789877103717663,49.5867019613221,3.90372269216564
1969,800,123,"Houtduif",45,5.6,8.03571428571428,"1958-1983",51.8930601920813,0.789877103717663,51.8930601920813,3.9491850662424
1970,800,123,"Houtduif",39,5.625,6.93333333333333,"1958-1983",44.7741011198047,0.789877103717663,44.7741011198047,3.80162987225234
1971,800,123,"Houtduif",42,5.615,7.47996438112199,"1958-1983",48.3041367653211,0.789877103717663,48.3041367653211,3.87751720430614
1972,800,123,"Houtduif",57,5.645,10.0974313551816,"1958-1983",65.2072229635365,0.789877103717663,65.2072229635365,4.17757024444611
1973,800,123,"Houtduif",78,5.715,13.6482939632546,"1958-1983",88.1379943303241,0.789877103717663,88.1379943303241,4.478903703656
1974,800,123,"Houtduif",89,5.855,15.200683176772,"1958-1983",98.1630181221494,0.789877103717663,98.1630181221494,4.58662954689564
1975,800,123,"Houtduif",106,5.505,19.2552225249773,"1958-1983",124.346434675626,0.789877103717663,124.346434675626,4.8230714981506
1976,800,123,"Houtduif",100,6.49,15.4083204930663,"1958-1983",99.5038990158039,0.789877103717663,99.5038990158039,4.60019682948527
1977,800,123,"Houtduif",180,6.175,29.1497975708502,"1958-1983",188.243651546983,0.789877103717663,188.243651546983,5.23773714258935
1978,800,123,"Houtduif",209,6.38,32.7586206896552,"1958-1983",211.548720476531,0.789877103717663,211.548720476531,5.35445532882129
1979,800,123,"Houtduif",240,6.37,37.6766091051805,"1958-1983",243.308121047121,0.789877103717663,243.308121047121,5.4943286279711
1980,800,123,"Houtduif",227,6.38,35.5799373040752,"1958-1983",229.768227503218,0.789877103717663,229.768227503218,5.43707109433789
1981,800,123,"Houtduif",261,6.38,40.9090909090909,"1958-1983",264.182851886959,0.789877103717663,264.182851886959,5.57664148417918
1982,800,123,"Houtduif",205,6.035,33.9685169842585,"1958-1983",219.361992453316,0.789877103717663,219.361992453316,5.39072329880209
1983,800,123,"Houtduif",231,6.38,36.2068965517241,"1958-1983",233.817006842481,0.789877103717663,233.817006842481,5.45453878737828
1984,800,123,"Houtduif",147,3.02300608,48.6270937304896,"1984-2025",352.673779455532,0.789877103717663,278.568943473497,5.62966558159832
1985,800,123,"Houtduif",215,5.13012052,41.909346800297,"1984-2025",303.952521047046,0.789877103717663,240.085136992323,5.48099359790554
1986,800,123,"Houtduif",147,4.23796013,34.6864990445297,"1984-2025",251.567958840295,0.789877103717663,198.707770716937,5.29183525657837
1987,800,123,"Houtduif",161,5.02247314,32.0559205618768,"1984-2025",232.489375596693,0.789877103717663,183.638034641444,5.21296661708809
1988,800,123,"Houtduif",146,4.70180252,31.0519209130885,"1984-2025",225.207748759755,0.789877103717663,177.886444325131,5.18114539348373
1989,800,123,"Houtduif",128,4.70180252,27.2236018964063,"1984-2025",197.442409871566,0.789877103717663,155.955238860388,5.04956903569501
1990,800,123,"Houtduif",157,4.85514176,32.3368518903967,"1984-2025",234.526863461908,0.789877103717663,185.24739965528,5.22169222712912
1991,800,123,"Houtduif",159,5.55688703,28.6131424197767,"1984-2025",207.5202177455,0.789877103717663,163.915468555674,5.09935085930546
1992,800,123,"Houtduif",184,6.1308353,30.0122236198386,"1984-2025",217.667220511606,0.789877103717663,171.930353711982,5.14708947453192
1993,800,123,"Houtduif",166,6.1308353,27.0762452222457,"1984-2025",196.373688070254,0.789877103717663,155.111079979288,5.04414150527948
1994,800,123,"Houtduif",147,6.1308353,23.9771569136754,"1984-2025",173.897181604381,0.789877103717663,137.357402150333,4.92258630370167
1995,800,123,"Houtduif",136,6.09164596,22.3256572842588,"1984-2025",161.919484164681,0.789877103717663,127.896493187457,4.85122128981529
1996,800,123,"Houtduif",140,6.44975091,21.706264622241,"1984-2025",157.42726523234,0.789877103717663,124.348192307913,4.82308563301398
1997,800,123,"Houtduif",115,6.09164596,18.8783131447777,"1984-2025",136.917210874547,0.789877103717663,108.147769974688,4.68349853244249
1998,800,123,"Houtduif",91,5.62796272,16.1692613344105,"1984-2025",117.269490490551,0.789877103717663,92.6284855031221,4.52859671317138
1999,800,123,"Houtduif",87,6.09164596,14.2818542921362,"1984-2025",103.580846487701,0.789877103717663,81.8161390243288,4.40447452273382
2000,800,123,"Houtduif",74,5.70172844,12.978520597519,"1984-2025",94.1282638900248,0.789877103717663,74.3497604594247,4.3087804511044
2001,800,123,"Houtduif",76,6.44975091,11.7834007949309,"1984-2025",85.4605154118417,0.789877103717663,67.5033043957243,4.212176550691
2002,800,123,"Houtduif",47,6.09164596,7.71548450264828,"1984-2025",55.9574687922061,0.789877103717663,44.1995233809592,3.7887140057893
2003,800,123,"Houtduif",41,6.2141484,6.59784693909145,"1984-2025",47.8516694658951,0.789877103717663,37.7969380857762,3.63222809632283
2004,800,123,"Houtduif",39,6.2141484,6.27600074694064,"1984-2025",45.517441687071,0.789877103717663,35.9531850084213,3.58221767574816
2005,800,123,"Houtduif",31,6.2141484,4.98861597833743,"1984-2025",36.1805305717744,0.789877103717663,28.5781726990015,3.35264323410366
2006,800,123,"Houtduif",39,5.65793112,6.89297893043279,"1984-2025",49.9921493268029,0.789877103717663,39.487654118876,3.6759880690994
2007,800,123,"Houtduif",32,6.1308353,5.21951715127627,"1984-2025",37.8551687846272,0.789877103717663,29.9009310803446,3.39788961972266
2008,800,123,"Houtduif",48,6.02064405,7.97256898122054,"1984-2025",57.8220045425831,0.789877103717663,45.6722774792451,3.82149149412181
2009,800,123,"Houtduif",36,5.98606767,6.01396475693366,"1984-2025",43.6169945112368,0.789877103717663,34.4520652974049,3.5395689462405
2010,800,123,"Houtduif",53,6.44975091,8.21737160699125,"1984-2025",59.5974646951002,0.789877103717663,47.0746728022814,3.8517351239568
2011,800,123,"Houtduif",27,6.44975091,4.18620817714649,"1984-2025",30.3609725805227,0.789877103717663,23.9814370879547,3.177280076409
2012,800,123,"Houtduif",32,6.44975091,4.9614319136551,"1984-2025",35.9833749102492,0.789877103717663,28.4224439560944,3.3471791132044
2013,800,123,"Houtduif",25,6.44975091,3.87611868254304,"1984-2025",28.1120116486322,0.789877103717663,22.2050343406988,3.10031903527288
2014,800,123,"Houtduif",32,6.44975091,4.9614319136551,"1984-2025",35.9833749102492,0.789877103717663,28.4224439560944,3.3471791132044
2015,800,123,"Houtduif",21,6.57225335,3.19525113863725,"1984-2025",23.1739388255117,0.789877103717663,18.3045636812255,2.90715041024471
2016,800,123,"Houtduif",30,6.44975091,4.65134241905165,"1984-2025",33.7344139783586,0.789877103717663,26.6460412088385,3.28264059206683
2017,800,123,"Houtduif",19,6.57225335,2.89094150638609,"1984-2025",20.9668970326058,0.789877103717663,16.5612719020612,2.80706695168773
2018,800,123,"Houtduif",29,6.57225335,4.41248966764192,"1984-2025",32.0021059971352,0.789877103717663,25.2777307978828,3.22992380250776
2019,800,123,"Houtduif",13,6.57225335,1.97801260963259,"1984-2025",14.3457716538882,0.789877103717663,11.3313965645682,2.42757732998283
2020,800,123,"Houtduif",11,6.44975091,1.70549222031894,"1984-2025",12.3692851253981,0.789877103717663,9.77021510990746,2.27933848320304
2021,800,123,"Houtduif",17,6.57225335,2.58663187413492,"1984-2025",18.7598552397,0.789877103717663,14.8179801228968,2.69584131657751
2022,800,123,"Houtduif",8,6.57225335,1.21723852900467,"1984-2025",8.82816717162351,0.789877103717663,6.97316711665734,1.94206951420113
2023,800,123,"Houtduif",11,6.57225335,1.67370297738142,"1984-2025",12.1387298609823,0.789877103717663,9.58810478540384,2.26052324531966
2024,800,123,"Houtduif",5,6.57225335,0.760774080627917,"1984-2025",5.5176044822647,0.789877103717663,4.35822944791083,1.47206588495539
2025,800,123,"Houtduif",3,6.57225335,0.45646444837675,"1984-2025",3.31056268935882,0.789877103717663,2.6149376687465,0.9612402611894
1961,900,124,"Turkse Tortel",1,5.002,0.199920031987205,"1958-1983",100.97759187549,0.556052319345788,100.97759187549,4.6148986296072
1976,900,124,"Turkse Tortel",1,6.49,0.154083204930663,"1958-1983",77.8258728137443,0.556052319345788,77.8258728137443,4.35447393134663
1978,900,124,"Turkse Tortel",2,6.38,0.313479623824451,"1958-1983",158.33539641417,0.556052319345788,158.33539641417,5.06471554526587
1982,900,124,"Turkse Tortel",1,6.035,0.165700082850041,"1958-1983",83.6934406895113,0.556052319345788,83.6934406895113,4.42716060751313
1983,900,124,"Turkse Tortel",1,6.38,0.156739811912226,"1958-1983",79.1676982070848,0.556052319345788,79.1676982070848,4.37156836470593
1984,900,124,"Turkse Tortel",1,3.02300608,0.330796555989725,"1984-2025",170.94809356788,0.556052319345788,95.0560839161606,4.55446707442061
1986,900,124,"Turkse Tortel",1,4.23796013,0.235962578534216,"1984-2025",121.940063230399,0.556052319345788,67.8050549804355,4.21663674940066
1990,900,124,"Turkse Tortel",1,4.85514176,0.205967209492973,"1984-2025",106.439142617354,0.556052319345788,59.1857321215568,4.08068050138184
1991,900,124,"Turkse Tortel",1,5.55688703,0.179956870564633,"1984-2025",92.9975944139557,0.556052319345788,51.711528067459,3.94568073668625
1999,900,124,"Turkse Tortel",1,6.09164596,0.164159244737197,"1984-2025",84.8337427377528,0.556052319345788,47.1719994081113,3.85380048368027
2000,900,124,"Turkse Tortel",1,5.70172844,0.175385413479987,"1984-2025",90.6351699591135,0.556052319345788,50.3978964700647,3.91994943750126
2001,900,124,"Turkse Tortel",1,6.44975091,0.155044747301722,"1984-2025",80.1235789461071,0.556052319345788,44.5529019072682,3.7966772900057
2003,900,124,"Turkse Tortel",1,6.2141484,0.160923096075401,"1984-2025",83.1613751322886,0.556052319345788,46.2420755222942,3.83389010921955
2004,900,124,"Turkse Tortel",1,6.2141484,0.160923096075401,"1984-2025",83.1613751322886,0.556052319345788,46.2420755222942,3.83389010921955
2007,900,124,"Turkse Tortel",1,6.1308353,0.163109910977383,"1984-2025",84.2914710529104,0.556052319345788,46.8704679800391,3.84738779652397
2009,900,124,"Turkse Tortel",1,5.98606767,0.167054576581491,"1984-2025",86.3299840077002,0.556052319345788,48.0039878365665,3.87128408738541
2010,900,124,"Turkse Tortel",1,6.44975091,0.155044747301722,"1984-2025",80.1235789461071,0.556052319345788,44.5529019072682,3.7966772900057
2013,900,124,"Turkse Tortel",2,6.44975091,0.310089494603444,"1984-2025",160.247157892214,0.556052319345788,89.1058038145364,4.48982447056565
2019,900,124,"Turkse Tortel",1,6.57225335,0.152154816125583,"1984-2025",78.6301286179285,0.556052319345788,43.7224653884567,3.77786205212232
2020,900,124,"Turkse Tortel",2,6.44975091,0.310089494603444,"1984-2025",160.247157892214,0.556052319345788,89.1058038145364,4.48982447056565
2021,900,124,"Turkse Tortel",1,6.57225335,0.152154816125583,"1984-2025",78.6301286179285,0.556052319345788,43.7224653884567,3.77786205212232
2022,900,124,"Turkse Tortel",1,6.57225335,0.152154816125583,"1984-2025",78.6301286179285,0.556052319345788,43.7224653884567,3.77786205212232
2023,900,124,"Turkse Tortel",1,6.57225335,0.152154816125583,"1984-2025",78.6301286179285,0.556052319345788,43.7224653884567,3.77786205212232
1958,600,125,"Tortelduif",3,4.3072,0.696508172362556,"1958-1983",14.855927097201,0.773741954671813,14.855927097201,2.69839891674171
1959,600,125,"Tortelduif",8,5.0372,1.58818391169697,"1958-1983",33.874612452984,0.773741954671813,33.874612452984,3.5226658386321
1960,600,125,"Tortelduif",10,5.022,1.99123855037834,"1958-1983",42.4714251912014,0.773741954671813,42.4714251912014,3.74883150136047
1961,600,125,"Tortelduif",7,5.002,1.39944022391044,"1958-1983",29.8488700753997,0.773741954671813,29.8488700753997,3.39614698570171
1962,600,125,"Tortelduif",9,5.002,1.79928028788485,"1958-1983",38.3771186683711,0.773741954671813,38.3771186683711,3.64746141398261
1963,600,125,"Tortelduif",7,5.2472,1.33404482390608,"1958-1983",28.4540417969869,0.773741954671813,28.4540417969869,3.34829021715975
1964,600,125,"Tortelduif",13,5.3272,2.44030635230515,"1958-1983",52.0496595778791,0.773741954671813,52.0496595778791,3.95219825474908
1965,600,125,"Tortelduif",11,5.315,2.06961429915334,"1958-1983",44.1431132721044,0.773741954671813,44.1431132721044,3.78743693010628
1966,600,125,"Tortelduif",8,5.395,1.48285449490269,"1958-1983",31.6280255510975,0.773741954671813,31.6280255510975,3.45404361207156
1967,600,125,"Tortelduif",12,5.735,2.0924149956408,"1958-1983",44.6294327414571,0.773741954671813,44.6294327414571,3.79839356830849
1968,600,125,"Tortelduif",10,5.6,1.78571428571429,"1958-1983",38.0877673768238,0.773741954671813,38.0877673768238,3.63989316435476
1969,600,125,"Tortelduif",15,5.6,2.67857142857143,"1958-1983",57.1316510652358,0.773741954671813,57.1316510652358,4.04535827246293
1970,600,125,"Tortelduif",12,5.625,2.13333333333333,"1958-1983",45.5021860928455,0.773741954671813,45.5021860928455,3.81776037079934
1971,600,125,"Tortelduif",21,5.615,3.739982190561,"1958-1983",79.7706401338287,0.773741954671813,79.7706401338287,4.37915551863484
1972,600,125,"Tortelduif",23,5.645,4.07440212577502,"1958-1983",86.9035330050471,0.773741954671813,86.9035330050471,4.46479868742935
1973,600,125,"Tortelduif",26,5.715,4.54943132108486,"1958-1983",97.0355018384173,0.773741954671813,97.0355018384173,4.57507690987653
1974,600,125,"Tortelduif",28,5.855,4.78223740392827,"1958-1983",102.001057637677,0.773741954671813,102.001057637677,4.62498318222735
1975,600,125,"Tortelduif",38,5.505,6.90281562216167,"1958-1983",147.23118797072,0.773741954671813,147.23118797072,4.99200405865356
1976,600,125,"Tortelduif",38,6.49,5.85516178736518,"1958-1983",124.885622462066,0.773741954671813,124.885622462066,4.82739829811221
1977,600,125,"Tortelduif",44,6.175,7.1255060728745,"1958-1983",151.980985937642,0.773741954671813,151.980985937642,5.02375542050604
1978,600,125,"Tortelduif",52,6.38,8.15047021943574,"1958-1983",173.842599688575,0.773741954671813,173.842599688575,5.15815029032655
1979,600,125,"Tortelduif",66,6.37,10.3610675039246,"1958-1983",220.992760164428,0.773741954671813,220.992760164428,5.39812994154418
1980,600,125,"Tortelduif",59,6.38,9.24764890282132,"1958-1983",197.244488108191,0.773741954671813,197.244488108191,5.28444401565084
1981,600,125,"Tortelduif",69,6.38,10.8150470219436,"1958-1983",230.675757279071,0.773741954671813,230.675757279071,5.44101307634238
1982,600,125,"Tortelduif",61,6.035,10.1077050538525,"1958-1983",215.588754530622,0.773741954671813,215.588754530622,5.37337267872564
1983,600,125,"Tortelduif",81,6.38,12.6959247648903,"1958-1983",270.793280284127,0.773741954671813,270.793280284127,5.60135572641756
1984,600,125,"Tortelduif",33,3.02300608,10.9162863476609,"1984-2025",289.087333126666,0.773741954671813,223.678998204288,5.41021198033499
1985,600,125,"Tortelduif",63,5.13012052,12.2804132484591,"1984-2025",325.212421388261,0.773741954671813,251.630494608506,5.52796172021834
1986,600,125,"Tortelduif",50,4.23796013,11.7981289267108,"1984-2025",312.440469101309,0.773741954671813,241.748299281025,5.4878970992767
1987,600,125,"Tortelduif",33,5.02247314,6.57046818970146,"1984-2025",174.000485683612,0.773741954671813,134.631475906683,4.90254123761904
1988,600,125,"Tortelduif",35,4.70180252,7.4439536435486,"1984-2025",197.132306555251,0.773741954671813,152.529536203023,5.02735825731374
1989,600,125,"Tortelduif",31,4.70180252,6.5932160842859,"1984-2025",174.602900091794,0.773741954671813,135.097589208392,4.90599740030947
1990,600,125,"Tortelduif",22,4.85514176,4.5312786088454,"1984-2025",119.998249126701,0.773741954671813,92.8476798364892,4.53096029918806
1991,600,125,"Tortelduif",30,5.55688703,5.398706116939,"1984-2025",142.969642236889,0.773741954671813,110.6216104431,4.7061154627963
1992,600,125,"Tortelduif",32,6.1308353,5.21951715127627,"1984-2025",138.224323310708,0.773741954671813,106.949958101616,4.67236104377159
1993,600,125,"Tortelduif",19,6.1308353,3.09908830857029,"1984-2025",82.0706919657328,0.773741954671813,63.5015376228343,4.1510641201383
1994,600,125,"Tortelduif",24,6.1308353,3.9146378634572,"1984-2025",103.668242483031,0.773741954671813,80.2124685762118,4.38467897131981
1995,600,125,"Tortelduif",25,6.09164596,4.10398111842994,"1984-2025",108.682469380562,0.773741954671813,84.0921862970753,4.43191365299636
1996,600,125,"Tortelduif",27,6.44975091,4.18620817714649,"1984-2025",110.860023207767,0.773741954671813,85.7770510517402,4.45175150045793
1997,600,125,"Tortelduif",26,6.09164596,4.26814036316713,"1984-2025",113.029768155784,0.773741954671813,87.4558737489583,4.47113436614965
1998,600,125,"Tortelduif",15,5.62796272,2.66526285732042,"1984-2025",70.5820374224073,0.773741954671813,54.6122835999325,4.00025883180566
1999,600,125,"Tortelduif",23,6.09164596,3.77566262895554,"1984-2025",99.9878718301168,0.773741954671813,77.3648113933093,4.34853204405731
2000,600,125,"Tortelduif",11,5.70172844,1.92923954827985,"1984-2025",51.0905172521625,0.773741954671813,39.5308766838822,3.67708205474753
2001,600,125,"Tortelduif",19,6.44975091,2.94585019873271,"1984-2025",78.0126089239842,0.773741954671813,60.3616285178912,4.10035361362004
2002,600,125,"Tortelduif",14,6.09164596,2.29822942632076,"1984-2025",60.8621828531145,0.773741954671813,47.0916243263622,3.85209515774342
2003,600,125,"Tortelduif",10,6.2141484,1.60923096075401,"1984-2025",42.6159842288235,0.773741954671813,32.9737749374731,3.49571254666149
2004,600,125,"Tortelduif",10,6.2141484,1.60923096075401,"1984-2025",42.6159842288235,0.773741954671813,32.9737749374731,3.49571254666149
2005,600,125,"Tortelduif",17,6.2141484,2.73569263328182,"1984-2025",72.447173189,0.773741954671813,56.0554173937042,4.02634079772366
2006,600,125,"Tortelduif",13,5.65793112,2.2976596434776,"1984-2025",60.8470937470443,0.773741954671813,47.0799492519372,3.85184720448022
2007,600,125,"Tortelduif",12,6.1308353,1.9573189317286,"1984-2025",51.8341212415154,0.773741954671813,40.1062342881059,3.69153179075986
2008,600,125,"Tortelduif",5,6.02064405,0.830475935543806,"1984-2025",21.9928339900753,0.773741954671813,17.0167783602535,2.83419981969694
2009,600,125,"Tortelduif",6,5.98606767,1.00232745948894,"1984-2025",26.5438412803612,0.773741954671813,20.538083636765,3.02228090106137
2010,600,125,"Tortelduif",3,6.44975091,0.465134241905165,"1984-2025",12.3177803564186,0.773741954671813,9.53078345019335,2.25452692312171
2011,600,125,"Tortelduif",1,6.44975091,0.155044747301722,"1984-2025",4.10592678547285,0.773741954671813,3.17692781673112,1.1559146344536
2013,600,125,"Tortelduif",1,6.44975091,0.155044747301722,"1984-2025",4.10592678547285,0.773741954671813,3.17692781673112,1.1559146344536
2019,600,125,"Tortelduif",1,6.57225335,0.152154816125583,"1984-2025",4.02939503556979,0.773741954671813,3.11771199096667,1.13709939657022
2023,600,125,"Tortelduif",1,6.57225335,0.152154816125583,"1984-2025",4.02939503556979,0.773741954671813,3.11771199096667,1.13709939657022
1959,900,127,"Koekoek",1,5.0372,0.198522988962122,"1958-1983",19.9194945416887,1.40154369373462,19.9194945416887,2.9916988774213
1962,900,127,"Koekoek",1,5.002,0.199920031987205,"1958-1983",20.0596717123939,1.40154369373462,20.0596717123939,2.99871141711542
1964,900,127,"Koekoek",1,5.3272,0.187715873254242,"1958-1983",18.8351250010126,1.40154369373462,18.8351250010126,2.93572347775658
1966,900,127,"Koekoek",1,5.395,0.185356811862836,"1958-1983",18.5984203717135,1.40154369373462,18.5984203717135,2.92307665086075
1967,900,127,"Koekoek",1,5.735,0.1743679163034,"1958-1983",17.4958113174183,1.40154369373462,17.4958113174183,2.86196149898952
1968,900,127,"Koekoek",1,5.6,0.178571428571429,"1958-1983",17.917585340249,1.40154369373462,17.917585340249,2.88578265182975
1969,900,127,"Koekoek",1,5.6,0.178571428571429,"1958-1983",17.917585340249,1.40154369373462,17.917585340249,2.88578265182975
1970,900,127,"Koekoek",1,5.625,0.177777777777778,"1958-1983",17.8379516276256,1.40154369373462,17.8379516276256,2.88132830148037
1972,900,127,"Koekoek",3,5.645,0.531443755535872,"1958-1983",53.3242575227959,1.40154369373462,53.3242575227959,3.97639134063734
1973,900,127,"Koekoek",1,5.715,0.174978127734033,"1958-1983",17.5570390035685,1.40154369373462,17.5570390035685,2.86545495232408
1974,900,127,"Koekoek",3,5.855,0.512382578992314,"1958-1983",51.4116880813292,1.40154369373462,51.4116880813292,3.93986554118928
1975,900,127,"Koekoek",7,5.505,1.27157129881926,"1958-1983",127.587528671709,1.40154369373462,127.587528671709,4.84880262845152
1976,900,127,"Koekoek",12,6.49,1.84899845916795,"1958-1983",185.525691042331,1.40154369373462,185.525691042331,5.22319336864285
1977,900,127,"Koekoek",10,6.175,1.61943319838057,"1958-1983",162.49146219497,1.40154369373462,162.49146219497,5.09062546005086
1978,900,127,"Koekoek",6,6.38,0.940438871473354,"1958-1983",94.362204926703,1.40154369373462,94.362204926703,4.54714062144221
1979,900,127,"Koekoek",12,6.37,1.88383045525903,"1958-1983",189.020680512517,1.40154369373462,189.020680512517,5.24185642977478
1980,900,127,"Koekoek",15,6.38,2.35109717868339,"1958-1983",235.905512316758,1.40154369373462,235.905512316758,5.46343135331636
1981,900,127,"Koekoek",18,6.38,2.82131661442006,"1958-1983",283.086614780109,1.40154369373462,283.086614780109,5.64575291011032
1982,900,127,"Koekoek",12,6.035,1.9884009942005,"1958-1983",199.51312922365,1.40154369373462,199.51312922365,5.29588004480936
1983,900,127,"Koekoek",16,6.38,2.50783699059561,"1958-1983",251.632546471208,1.40154369373462,251.632546471208,5.52796987445393
1984,900,127,"Koekoek",16,3.02300608,5.2927448958356,"1984-2025",151.928625035183,1.40154369373462,212.934606315833,5.36098510596968
1985,900,127,"Koekoek",35,5.13012052,6.82245180469951,"1984-2025",195.838972490881,1.40154369373462,274.476876882062,5.61486702017761
1986,900,127,"Koekoek",26,4.23796013,6.13502704188961,"1984-2025",176.106394956109,1.40154369373462,246.820807277073,5.50866259673143
1987,900,127,"Koekoek",29,5.02247314,5.77404780307098,"1984-2025",165.74445979783,1.40154369373462,232.2981024011,5.44802147100042
1988,900,127,"Koekoek",28,4.70180252,5.95516291483888,"1984-2025",170.943382180362,1.40154369373462,239.584619280553,5.47890667086092
1989,900,127,"Koekoek",23,4.70180252,4.89174096576051,"1984-2025",140.417778219583,1.40154369373462,196.801651551883,5.28219637661486
1990,900,127,"Koekoek",20,4.85514176,4.11934418985945,"1984-2025",118.246072903389,1.40154369373462,165.727037786629,5.11034208424512
1991,900,127,"Koekoek",21,5.55688703,3.7790942818573,"1984-2025",108.479174685455,1.40154369373462,152.038303181936,5.02413248371897
1992,900,127,"Koekoek",28,6.1308353,4.56707750736674,"1984-2025",131.098290164955,1.40154369373462,183.739981840084,5.21352161600846
1993,900,127,"Koekoek",30,6.1308353,4.8932973293215,"1984-2025",140.462453748166,1.40154369373462,196.864266257233,5.28251448749541
1994,900,127,"Koekoek",32,6.1308353,5.21951715127627,"1984-2025",149.826617331377,1.40154369373462,209.988550674381,5.34705300863298
1995,900,127,"Koekoek",27,6.09164596,4.43229960790433,"1984-2025",127.229480813012,1.40154369373462,178.317676490608,5.18356665899389
1996,900,127,"Koekoek",24,6.44975091,3.72107393524132,"1984-2025",106.813696439495,1.40154369373462,149.704062649259,5.00866042966294
1997,900,127,"Koekoek",22,6.09164596,3.61150338421834,"1984-2025",103.66846584764,1.40154369373462,145.295884547902,4.97877224634787
1998,900,127,"Koekoek",22,5.62796272,3.90905219073661,"1984-2025",112.209625859102,1.40154369373462,157.266693499145,5.05794304892316
1999,900,127,"Koekoek",16,6.09164596,2.62654791579516,"1984-2025",75.3952478891926,1.40154369373462,105.669734216656,4.66031851522934
2000,900,127,"Koekoek",16,5.70172844,2.80616661567979,"1984-2025",80.5512156603864,1.40154369373462,112.896048331472,4.72646746905033
2001,900,127,"Koekoek",21,6.44975091,3.25593969333616,"1984-2025",93.4619843845583,1.40154369373462,130.991054818101,4.87512903703842
2002,900,127,"Koekoek",20,6.09164596,3.28318489474395,"1984-2025",94.2440598614907,1.40154369373462,132.08716777082,4.88346206654355
2003,900,127,"Koekoek",19,6.2141484,3.05753882543262,"1984-2025",87.7668731219528,1.40154369373462,123.009107542879,4.81225839769528
2004,900,127,"Koekoek",18,6.2141484,2.89661572935722,"1984-2025",83.147564010271,1.40154369373462,116.534943987991,4.758191176425
2005,900,127,"Koekoek",15,6.2141484,2.41384644113102,"1984-2025",69.2896366752259,1.40154369373462,97.1124533233259,4.57586961963105
2006,900,127,"Koekoek",14,5.65793112,2.47440269297587,"1984-2025",71.0279082641914,1.40154369373462,99.5487169068386,4.60064714149533
2007,900,127,"Koekoek",17,6.1308353,2.77286848661552,"1984-2025",79.595390457294,1.40154369373462,111.556417545765,4.71453044988947
2008,900,127,"Koekoek",15,6.02064405,2.49142780663142,"1984-2025",71.516615383023,1.40154369373462,100.23366128732,4.60750407322644
2009,900,127,"Koekoek",14,5.98606767,2.33876407214087,"1984-2025",67.1343918429966,1.40154369373462,94.0917835202608,4.54427072630996
2010,900,127,"Koekoek",17,6.44975091,2.63576070412927,"1984-2025",75.6597016446424,1.40154369373462,106.040377709892,4.66381994337121
2011,900,127,"Koekoek",16,6.44975091,2.48071595682755,"1984-2025",71.2091309596635,1.40154369373462,99.802708432839,4.60319532155478
2012,900,127,"Koekoek",14,6.44975091,2.1706264622241,"1984-2025",62.3079895897055,1.40154369373462,87.3273698787342,4.46966392893025
2013,900,127,"Koekoek",14,6.44975091,2.1706264622241,"1984-2025",62.3079895897055,1.40154369373462,87.3273698787342,4.46966392893025
2014,900,127,"Koekoek",18,6.44975091,2.79080545143099,"1984-2025",80.1102723296214,1.40154369373462,112.278046986944,4.72097835721116
2015,900,127,"Koekoek",23,6.57225335,3.49956077088842,"1984-2025",100.455145035703,1.40154369373462,140.792275027986,4.94728557736076
2016,900,127,"Koekoek",16,6.44975091,2.48071595682755,"1984-2025",71.2091309596635,1.40154369373462,99.802708432839,4.60319532155478
2017,900,127,"Koekoek",14,6.57225335,2.13016742575817,"1984-2025",61.1466100217323,1.40154369373462,85.6996456692091,4.45084869104687
2018,900,127,"Koekoek",15,6.57225335,2.28232224188375,"1984-2025",65.5142250232846,1.40154369373462,91.8210489312954,4.51984156253382
2019,900,127,"Koekoek",20,6.57225335,3.04309632251167,"1984-2025",87.3523000310462,1.40154369373462,122.428065241727,4.8075236349856
2020,900,127,"Koekoek",17,6.44975091,2.63576070412927,"1984-2025",75.6597016446424,1.40154369373462,106.040377709892,4.66381994337121
2021,900,127,"Koekoek",19,6.57225335,2.89094150638609,"1984-2025",82.9846850294938,1.40154369373462,116.306661979641,4.75623034059805
2022,900,127,"Koekoek",22,6.57225335,3.34740595476284,"1984-2025",96.0875300341508,1.40154369373462,134.6708717659,4.90283381478993
2023,900,127,"Koekoek",19,6.57225335,2.89094150638609,"1984-2025",82.9846850294938,1.40154369373462,116.306661979641,4.75623034059805
2024,900,127,"Koekoek",20,6.57225335,3.04309632251167,"1984-2025",87.3523000310461,1.40154369373462,122.428065241727,4.8075236349856
2025,900,127,"Koekoek",15,6.57225335,2.28232224188375,"1984-2025",65.5142250232846,1.40154369373462,91.8210489312954,4.51984156253382
1975,800,131,"Bosuil",1,5.505,0.181653042688465,"1958-1983",75.7618696968105,0.47467673302087,75.7618696968105,4.32759512778146
1976,800,131,"Bosuil",1,6.49,0.154083204930663,"1958-1983",64.2633424778031,0.47467673302087,64.2633424778031,4.1629893672401
1977,800,131,"Bosuil",1,6.175,0.161943319838057,"1958-1983",67.5415534705979,0.47467673302087,67.5415534705979,4.21274301544206
1978,800,131,"Bosuil",2,6.38,0.313479623824451,"1958-1983",130.742662282427,0.47467673302087,130.742662282427,4.87323098115935
1979,800,131,"Bosuil",2,6.37,0.313971742543171,"1958-1983",130.947909789935,0.47467673302087,130.947909789935,4.87479960893198
1983,800,131,"Bosuil",2,6.38,0.313479623824451,"1958-1983",130.742662282427,0.47467673302087,130.742662282427,4.87323098115935
1984,800,131,"Bosuil",5,3.02300608,1.65398277994863,"1984-2025",358.860330526701,0.47467673302087,170.342649305204,5.13781199263416
1985,800,131,"Bosuil",5,5.13012052,0.97463597209993,"1984-2025",211.46422522117,0.47467673302087,100.377147578775,4.60893456759246
1986,800,131,"Bosuil",5,4.23796013,1.17981289267108,"1984-2025",255.980926619295,0.47467673302087,121.508189963302,4.79998166761421
1987,800,131,"Bosuil",6,5.02247314,1.19463057994572,"1984-2025",259.195881585866,0.47467673302087,123.034254283643,4.81246280671216
1988,800,131,"Bosuil",4,4.70180252,0.850737559262697,"1984-2025",184.582309688843,0.47467673302087,87.6169277365464,4.47297421827577
1989,800,131,"Bosuil",3,4.70180252,0.638053169447023,"1984-2025",138.436732266632,0.47467673302087,65.7126958024098,4.18529214582399
1990,800,131,"Bosuil",4,4.85514176,0.823868837971891,"1984-2025",178.752673298343,0.47467673302087,84.8497349800044,4.44088186828118
1991,800,131,"Bosuil",3,5.55688703,0.5398706116939,"1984-2025",117.13431875037,0.47467673302087,55.6009357490508,4.01820003113381
1992,800,131,"Bosuil",1,6.1308353,0.163109910977383,"1984-2025",35.3895320284669,0.47467673302087,16.7985874464101,2.82129480230342
1993,800,131,"Bosuil",2,6.1308353,0.326219821954767,"1984-2025",70.7790640569338,0.47467673302087,33.5971748928202,3.51444198286336
1994,800,131,"Bosuil",2,6.1308353,0.326219821954767,"1984-2025",70.7790640569338,0.47467673302087,33.5971748928202,3.51444198286336
1995,800,131,"Bosuil",5,6.09164596,0.820796223685987,"1984-2025",178.086016189462,0.47467673302087,84.5332883615154,4.43714540189382
1996,800,131,"Bosuil",3,6.44975091,0.465134241905165,"1984-2025",100.918963494021,0.47467673302087,47.9038838911942,3.86919658445326
1997,800,131,"Bosuil",3,6.09164596,0.492477734211592,"1984-2025",106.851609713677,0.47467673302087,50.7199730169092,3.92631977812783
1998,800,131,"Bosuil",3,5.62796272,0.533052571464084,"1984-2025",115.65502634172,0.47467673302087,54.8987500613302,4.00549058070312
1999,800,131,"Bosuil",3,6.09164596,0.492477734211592,"1984-2025",106.851609713677,0.47467673302087,50.7199730169092,3.92631977812783
2000,800,131,"Bosuil",2,5.70172844,0.350770826959974,"1984-2025",76.105831589063,0.47467673302087,36.125667502533,3.58700362384065
2004,800,131,"Bosuil",2,6.2141484,0.321846192150802,"1984-2025",69.830129003873,0.47467673302087,33.1467375019843,3.50094429555894
2005,800,131,"Bosuil",2,6.2141484,0.321846192150802,"1984-2025",69.830129003873,0.47467673302087,33.1467375019843,3.50094429555894
2006,800,131,"Bosuil",2,5.65793112,0.353486098996553,"1984-2025",76.6949570819822,0.47467673302087,36.4053116668511,3.59471468891018
2007,800,131,"Bosuil",2,6.1308353,0.326219821954767,"1984-2025",70.7790640569338,0.47467673302087,33.5971748928202,3.51444198286336
2008,800,131,"Bosuil",2,6.02064405,0.332190374217522,"1984-2025",72.074479211441,0.47467673302087,34.2120783262674,3.53257874915434
2009,800,131,"Bosuil",3,5.98606767,0.501163729744472,"1984-2025",108.736187513199,0.47467673302087,51.6145382499099,3.94380338183297
2010,800,131,"Bosuil",2,6.44975091,0.310089494603444,"1984-2025",67.2793089960138,0.47467673302087,31.9359225941295,3.4637314763451
2011,800,131,"Bosuil",1,6.44975091,0.155044747301722,"1984-2025",33.6396544980069,0.47467673302087,15.9679612970647,2.77058429578515
2013,800,131,"Bosuil",1,6.44975091,0.155044747301722,"1984-2025",33.6396544980069,0.47467673302087,15.9679612970647,2.77058429578515
2014,800,131,"Bosuil",1,6.44975091,0.155044747301722,"1984-2025",33.6396544980069,0.47467673302087,15.9679612970647,2.77058429578515
2015,800,131,"Bosuil",1,6.57225335,0.152154816125583,"1984-2025",33.012633667052,0.47467673302087,15.670329097491,2.75176905790177
2016,800,131,"Bosuil",2,6.44975091,0.310089494603444,"1984-2025",67.2793089960138,0.47467673302087,31.9359225941295,3.4637314763451
2017,800,131,"Bosuil",1,6.57225335,0.152154816125583,"1984-2025",33.012633667052,0.47467673302087,15.670329097491,2.75176905790177
2019,800,131,"Bosuil",2,6.57225335,0.304309632251167,"1984-2025",66.0252673341041,0.47467673302087,31.3406581949821,3.44491623846172
2020,800,131,"Bosuil",1,6.44975091,0.155044747301722,"1984-2025",33.6396544980069,0.47467673302087,15.9679612970647,2.77058429578515
2021,800,131,"Bosuil",2,6.57225335,0.304309632251167,"1984-2025",66.0252673341041,0.47467673302087,31.3406581949821,3.44491623846172
2022,800,131,"Bosuil",1,6.57225335,0.152154816125583,"1984-2025",33.012633667052,0.47467673302087,15.670329097491,2.75176905790177
2024,800,131,"Bosuil",1,6.57225335,0.152154816125583,"1984-2025",33.012633667052,0.47467673302087,15.670329097491,2.75176905790177
2025,800,131,"Bosuil",1,6.57225335,0.152154816125583,"1984-2025",33.012633667052,0.47467673302087,15.670329097491,2.75176905790177
1958,800,132,"Ransuil",3,4.3072,0.696508172362556,"1958-1983",128.520902735709,0.148817707575659,128.520902735709,4.85609155831036
1959,800,132,"Ransuil",2,5.0372,0.397045977924244,"1958-1983",73.263616329607,0.148817707575659,73.263616329607,4.29406411908086
1960,800,132,"Ransuil",3,5.022,0.5973715651135,"1958-1983",110.228043063171,0.148817707575659,110.228043063171,4.70255133860318
1961,800,132,"Ransuil",9,5.002,1.79928028788485,"1958-1983",332.006336823218,0.148817707575659,332.006336823218,5.80515405555126
1962,800,132,"Ransuil",3,5.002,0.599760095961615,"1958-1983",110.668778941073,0.148817707575659,110.668778941073,4.70654176688315
1964,800,132,"Ransuil",2,5.3272,0.375431746508485,"1958-1983",69.275320651655,0.148817707575659,69.275320651655,4.23808871941614
1965,800,132,"Ransuil",4,5.315,0.752587017873942,"1958-1983",138.868669115897,0.148817707575659,138.868669115897,4.93352865999644
1966,800,132,"Ransuil",1,5.395,0.185356811862836,"1958-1983",34.2023622034751,0.148817707575659,34.2023622034751,3.53229471196037
1967,800,132,"Ransuil",2,5.735,0.3487358326068,"1958-1983",64.3493440584998,0.148817707575659,64.3493440584998,4.16432674064908
1968,800,132,"Ransuil",3,5.6,0.535714285714286,"1958-1983",98.8509343327223,0.148817707575659,98.8509343327223,4.59361300159747
1969,800,132,"Ransuil",3,5.6,0.535714285714286,"1958-1983",98.8509343327223,0.148817707575659,98.8509343327223,4.59361300159747
1970,800,132,"Ransuil",2,5.625,0.355555555555556,"1958-1983",65.6077312311994,0.148817707575659,65.6077312311994,4.18369354313993
1971,800,132,"Ransuil",2,5.615,0.356188780053428,"1958-1983",65.7245749199459,0.148817707575659,65.7245749199459,4.18547290304
1972,800,132,"Ransuil",3,5.645,0.531443755535872,"1958-1983",98.0629286560221,0.148817707575659,98.0629286560221,4.58560940173695
1973,800,132,"Ransuil",2,5.715,0.349956255468067,"1958-1983",64.5745386133852,0.148817707575659,64.5745386133852,4.16782019398364
1974,800,132,"Ransuil",3,5.855,0.512382578992314,"1958-1983",94.5457271158402,0.148817707575659,94.5457271158402,4.5490836022889
1975,800,132,"Ransuil",7,5.505,1.27157129881926,"1958-1983",234.632553790052,0.148817707575659,234.632553790052,5.45802068955114
1976,800,132,"Ransuil",3,6.49,0.462249614791988,"1958-1983",85.2951051253073,0.148817707575659,85.2951051253073,4.44611706862258
1977,800,132,"Ransuil",1,6.175,0.161943319838057,"1958-1983",29.8820638198783,0.148817707575659,29.8820638198783,3.39725842815642
1978,800,132,"Ransuil",3,6.38,0.470219435736677,"1958-1983",86.7657103860885,0.148817707575659,86.7657103860885,4.46321150198188
1979,800,132,"Ransuil",3,6.37,0.470957613814757,"1958-1983",86.9019202925031,0.148817707575659,86.9019202925031,4.4647801297545
1983,800,132,"Ransuil",1,6.38,0.156739811912226,"1958-1983",28.9219034620295,0.148817707575659,28.9219034620295,3.36459921331377
1984,800,132,"Ransuil",2,3.02300608,0.661593111979451,"1984-2025",286.5047508421,0.148817707575659,42.6369802298568,3.75272195722442
1986,800,132,"Ransuil",1,4.23796013,0.235962578534216,"1984-2025",102.184255771249,0.148817707575659,15.2068266942022,2.72174445164452
1993,800,132,"Ransuil",1,6.1308353,0.163109910977383,"1984-2025",70.6352039618936,0.148817707575659,10.5117691277481,2.35249549876783
1994,800,132,"Ransuil",1,6.1308353,0.163109910977383,"1984-2025",70.6352039618936,0.148817707575659,10.5117691277481,2.35249549876783
1996,800,132,"Ransuil",1,6.44975091,0.155044747301722,"1984-2025",67.1425622345898,0.148817707575659,9.9920021925077,2.30178499224956
2005,800,132,"Ransuil",1,6.2141484,0.160923096075401,"1984-2025",69.6881976414141,0.148817707575659,10.3708378180747,2.33899781146341
2015,800,132,"Ransuil",1,6.57225335,0.152154816125583,"1984-2025",65.8910694415451,0.148817707575659,9.80575790399932,2.28296975436618
2016,800,132,"Ransuil",1,6.44975091,0.155044747301722,"1984-2025",67.1425622345898,0.148817707575659,9.9920021925077,2.30178499224956
2020,800,132,"Ransuil",2,6.44975091,0.310089494603444,"1984-2025",134.28512446918,0.148817707575659,19.9840043850154,2.99493217280951
2023,800,132,"Ransuil",1,6.57225335,0.152154816125583,"1984-2025",65.8910694415451,0.148817707575659,9.80575790399932,2.28296975436618
1983,700,135,"Nachtzwaluw",1,6.38,0.156739811912226,"1958-1983",100,0.58583246497488,100,4.60517018598809
1984,700,135,"Nachtzwaluw",1,3.02300608,0.330796555989725,"1984-2025",170.697265820336,0.58583246497488,100,4.60517018598809
2002,700,135,"Nachtzwaluw",1,6.09164596,0.164159244737197,"1984-2025",84.709268365664,0.58583246497488,49.6254394928756,3.90450359524775
2003,700,135,"Nachtzwaluw",1,6.2141484,0.160923096075401,"1984-2025",83.039354582239,0.58583246497488,48.6471497848362,3.88459322078703
2004,700,135,"Nachtzwaluw",1,6.2141484,0.160923096075401,"1984-2025",83.039354582239,0.58583246497488,48.6471497848362,3.88459322078703
2022,700,135,"Nachtzwaluw",1,6.57225335,0.152154816125583,"1984-2025",78.5147566495216,0.58583246497488,45.9964934248921,3.8285651636898
1962,700,142,"Groene Specht",2,5.002,0.39984006397441,"1958-1983",54.7833141578717,0.970010197610507,54.7833141578717,4.00338566141842
1962,800,142,"Groene Specht",2,5.002,0.39984006397441,"1958-1983",54.7833141578717,0.970010197610507,54.7833141578717,4.00338566141842
1965,700,142,"Groene Specht",1,5.315,0.188146754468485,"1958-1983",25.7785641973353,0.970010197610507,25.7785641973353,3.24954330151999
1965,800,142,"Groene Specht",1,5.315,0.188146754468485,"1958-1983",25.7785641973353,0.970010197610507,25.7785641973353,3.24954330151999
1966,700,142,"Groene Specht",1,5.395,0.185356811862836,"1958-1983",25.3963055994137,0.970010197610507,25.3963055994137,3.2346037146038
1966,800,142,"Groene Specht",1,5.395,0.185356811862836,"1958-1983",25.3963055994137,0.970010197610507,25.3963055994137,3.2346037146038
1967,700,142,"Groene Specht",2,5.735,0.3487358326068,"1958-1983",47.781366594189,0.970010197610507,47.781366594189,3.86663574329251
1967,800,142,"Groene Specht",2,5.735,0.3487358326068,"1958-1983",47.781366594189,0.970010197610507,47.781366594189,3.86663574329251
1969,700,142,"Groene Specht",2,5.6,0.357142857142857,"1958-1983",48.9332388245847,0.970010197610507,48.9332388245847,3.89045689613274
1969,800,142,"Groene Specht",2,5.6,0.357142857142857,"1958-1983",48.9332388245847,0.970010197610507,48.9332388245847,3.89045689613274
1971,700,142,"Groene Specht",2,5.615,0.356188780053428,"1958-1983",48.8025177947772,0.970010197610507,48.8025177947772,3.88778190568344
1971,800,142,"Groene Specht",2,5.615,0.356188780053428,"1958-1983",48.8025177947772,0.970010197610507,48.8025177947772,3.88778190568344
1972,700,142,"Groene Specht",2,5.645,0.354295837023915,"1958-1983",48.5431598614126,0.970010197610507,48.5431598614126,3.88245329627222
1972,800,142,"Groene Specht",2,5.645,0.354295837023915,"1958-1983",48.5431598614126,0.970010197610507,48.5431598614126,3.88245329627222
1973,700,142,"Groene Specht",2,5.715,0.349956255468067,"1958-1983",47.9485804755335,0.970010197610507,47.9485804755335,3.87012919662707
1973,800,142,"Groene Specht",2,5.715,0.349956255468067,"1958-1983",47.9485804755335,0.970010197610507,47.9485804755335,3.87012919662707
1974,700,142,"Groene Specht",6,5.855,1.02476515798463,"1958-1983",140.40621900137,0.970010197610507,140.40621900137,4.94453978549228
1974,800,142,"Groene Specht",6,5.855,1.02476515798463,"1958-1983",140.40621900137,0.970010197610507,140.40621900137,4.94453978549228
1975,700,142,"Groene Specht",4,5.505,0.72661217075386,"1958-1983",99.5553632761759,0.970010197610507,99.5553632761759,4.60071390425915
1975,800,142,"Groene Specht",4,5.505,0.72661217075386,"1958-1983",99.5553632761759,0.970010197610507,99.5553632761759,4.60071390425915
1976,700,142,"Groene Specht",8,6.49,1.2326656394453,"1958-1983",168.891301952342,0.970010197610507,168.891301952342,5.12925532427774
1976,800,142,"Groene Specht",8,6.49,1.2326656394453,"1958-1983",168.891301952342,0.970010197610507,168.891301952342,5.12925532427774
1977,700,142,"Groene Specht",5,6.175,0.809716599190283,"1958-1983",110.941756039544,0.970010197610507,110.941756039544,4.70900534323396
1977,800,142,"Groene Specht",5,6.175,0.809716599190283,"1958-1983",110.941756039544,0.970010197610507,110.941756039544,4.70900534323396
1978,700,142,"Groene Specht",5,6.38,0.783699059561129,"1958-1983",107.3770130947,0.970010197610507,107.3770130947,4.6763461283913
1978,800,142,"Groene Specht",5,6.38,0.783699059561129,"1958-1983",107.3770130947,0.970010197610507,107.3770130947,4.6763461283913
1979,700,142,"Groene Specht",6,6.37,0.941915227629513,"1958-1983",129.054695801102,0.970010197610507,129.054695801102,4.86023631295788
1979,800,142,"Groene Specht",6,6.37,0.941915227629513,"1958-1983",129.054695801102,0.970010197610507,129.054695801102,4.86023631295788
1980,700,142,"Groene Specht",6,6.38,0.940438871473354,"1958-1983",128.85241571364,0.970010197610507,128.85241571364,4.85866768518526
1980,800,142,"Groene Specht",6,6.38,0.940438871473354,"1958-1983",128.85241571364,0.970010197610507,128.85241571364,4.85866768518526
1981,700,142,"Groene Specht",10,6.38,1.56739811912226,"1958-1983",214.7540261894,0.970010197610507,214.7540261894,5.36949330895125
1981,800,142,"Groene Specht",10,6.38,1.56739811912226,"1958-1983",214.7540261894,0.970010197610507,214.7540261894,5.36949330895125
1982,700,142,"Groene Specht",7,6.035,1.15990057995029,"1958-1983",158.921537856149,0.970010197610507,158.921537856149,5.06841060781972
1982,800,142,"Groene Specht",7,6.035,1.15990057995029,"1958-1983",158.921537856149,0.970010197610507,158.921537856149,5.06841060781972
1983,700,142,"Groene Specht",9,6.38,1.41065830721003,"1958-1983",193.27862357046,0.970010197610507,193.27862357046,5.26413279329342
1983,800,142,"Groene Specht",9,6.38,1.41065830721003,"1958-1983",193.27862357046,0.970010197610507,193.27862357046,5.26413279329342
1984,700,142,"Groene Specht",8,3.02300608,2.6463724479178,"1984-2025",223.706452327515,0.970010197610507,216.997540028958,5.37988601720412
1984,800,142,"Groene Specht",8,3.02300608,2.6463724479178,"1984-2025",223.706452327515,0.970010197610507,216.997540028958,5.37988601720412
1985,700,142,"Groene Specht",11,5.13012052,2.14419913861985,"1984-2025",181.256112593588,0.970010197610507,175.820277595019,5.16946232328095
1985,800,142,"Groene Specht",11,5.13012052,2.14419913861985,"1984-2025",181.256112593588,0.970010197610507,175.820277595019,5.16946232328095
1986,700,142,"Groene Specht",9,4.23796013,2.12366320680794,"1984-2025",179.520143624256,0.970010197610507,174.136369992031,5.15983872784055
1986,800,142,"Groene Specht",9,4.23796013,2.12366320680794,"1984-2025",179.520143624256,0.970010197610507,174.136369992031,5.15983872784055
1987,700,142,"Groene Specht",9,5.02247314,1.79194586991858,"1984-2025",151.479000485301,0.970010197610507,146.936175194589,4.98999831014455
1987,800,142,"Groene Specht",9,5.02247314,1.79194586991858,"1984-2025",151.479000485301,0.970010197610507,146.936175194589,4.98999831014455
1988,700,142,"Groene Specht",10,4.70180252,2.12684389815674,"1984-2025",179.789017787509,0.970010197610507,174.397180672261,5.16133534547414
1988,800,142,"Groene Specht",10,4.70180252,2.12684389815674,"1984-2025",179.789017787509,0.970010197610507,174.397180672261,5.16133534547414
1989,700,142,"Groene Specht",9,4.70180252,1.91415950834107,"1984-2025",161.810116008758,0.970010197610507,156.957462605035,5.05597482981632
1989,800,142,"Groene Specht",9,4.70180252,1.91415950834107,"1984-2025",161.810116008758,0.970010197610507,156.957462605035,5.05597482981632
1990,700,142,"Groene Specht",10,4.85514176,2.05967209492973,"1984-2025",174.110767241868,0.970010197610507,168.889219738402,5.12924299547956
1990,800,142,"Groene Specht",10,4.85514176,2.05967209492973,"1984-2025",174.110767241868,0.970010197610507,168.889219738402,5.12924299547956
1991,700,142,"Groene Specht",12,5.55688703,2.1594824467756,"1984-2025",182.548060236877,0.970010197610507,177.073479983788,5.17656478757793
1991,800,142,"Groene Specht",12,5.55688703,2.1594824467756,"1984-2025",182.548060236877,0.970010197610507,177.073479983788,5.17656478757793
1992,700,142,"Groene Specht",16,6.1308353,2.60975857563814,"1984-2025",220.61136286643,0.970010197610507,213.995271689189,5.36595391986742
1992,800,142,"Groene Specht",16,6.1308353,2.60975857563814,"1984-2025",220.61136286643,0.970010197610507,213.995271689189,5.36595391986742
1993,700,142,"Groene Specht",17,6.1308353,2.77286848661552,"1984-2025",234.399573045581,0.970010197610507,227.369976169763,5.42657854168386
1993,800,142,"Groene Specht",17,6.1308353,2.77286848661552,"1984-2025",234.399573045581,0.970010197610507,227.369976169763,5.42657854168386
1994,700,142,"Groene Specht",15,6.1308353,2.44664866466075,"1984-2025",206.823152687278,0.970010197610507,200.620567208614,5.30141539872985
1994,800,142,"Groene Specht",15,6.1308353,2.44664866466075,"1984-2025",206.823152687278,0.970010197610507,200.620567208614,5.30141539872985
1995,700,142,"Groene Specht",16,6.09164596,2.62654791579516,"1984-2025",222.030620282899,0.970010197610507,215.371965856198,5.37236660702372
1995,800,142,"Groene Specht",16,6.09164596,2.62654791579516,"1984-2025",222.030620282899,0.970010197610507,215.371965856198,5.37236660702372
1996,700,142,"Groene Specht",14,6.44975091,2.1706264622241,"1984-2025",183.490100032761,0.970010197610507,177.98726819235,5.18171202072464
1996,800,142,"Groene Specht",14,6.44975091,2.1706264622241,"1984-2025",183.490100032761,0.970010197610507,177.98726819235,5.18171202072464
1997,700,142,"Groene Specht",10,6.09164596,1.64159244737197,"1984-2025",138.769137676812,0.970010197610507,134.607478660124,4.90236297777799
1997,800,142,"Groene Specht",10,6.09164596,1.64159244737197,"1984-2025",138.769137676812,0.970010197610507,134.607478660124,4.90236297777799
1998,700,142,"Groene Specht",6,5.62796272,1.06610514292817,"1984-2025",90.1213279786936,0.970010197610507,87.418607161534,4.47070815658728
1998,800,142,"Groene Specht",6,5.62796272,1.06610514292817,"1984-2025",90.1213279786936,0.970010197610507,87.418607161534,4.47070815658728
1999,700,142,"Groene Specht",5,6.09164596,0.820796223685987,"1984-2025",69.3845688384059,0.970010197610507,67.303739330062,4.20921579721804
1999,800,142,"Groene Specht",5,6.09164596,0.820796223685987,"1984-2025",69.3845688384059,0.970010197610507,67.303739330062,4.20921579721804
2000,700,142,"Groene Specht",4,5.70172844,0.701541653919947,"1984-2025",59.3035929926985,0.970010197610507,57.5250899578606,4.05222119972482
2000,800,142,"Groene Specht",4,5.70172844,0.701541653919947,"1984-2025",59.3035929926985,0.970010197610507,57.5250899578606,4.05222119972482
2001,700,142,"Groene Specht",2,6.44975091,0.310089494603444,"1984-2025",26.2128714332515,0.970010197610507,25.4267525989071,3.23580187166932
2001,800,142,"Groene Specht",2,6.44975091,0.310089494603444,"1984-2025",26.2128714332515,0.970010197610507,25.4267525989071,3.23580187166932
2002,700,142,"Groene Specht",4,6.09164596,0.65663697894879,"1984-2025",55.5076550707247,0.970010197610507,53.8429914640496,3.98607224590383
2002,800,142,"Groene Specht",4,6.09164596,0.65663697894879,"1984-2025",55.5076550707247,0.970010197610507,53.8429914640496,3.98607224590383
2003,700,142,"Groene Specht",5,6.2141484,0.804615480377005,"1984-2025",68.0167580888183,0.970010197610507,65.9769489545607,4.18930542275732
2003,800,142,"Groene Specht",5,6.2141484,0.804615480377005,"1984-2025",68.0167580888183,0.970010197610507,65.9769489545607,4.18930542275732
2004,700,142,"Groene Specht",3,6.2141484,0.482769288226203,"1984-2025",40.810054853291,0.970010197610507,39.5861693727364,3.67847979899133
2004,800,142,"Groene Specht",3,6.2141484,0.482769288226203,"1984-2025",40.810054853291,0.970010197610507,39.5861693727364,3.67847979899133
2005,700,142,"Groene Specht",3,6.2141484,0.482769288226203,"1984-2025",40.810054853291,0.970010197610507,39.5861693727364,3.67847979899133
2005,800,142,"Groene Specht",3,6.2141484,0.482769288226203,"1984-2025",40.810054853291,0.970010197610507,39.5861693727364,3.67847979899133
2006,700,142,"Groene Specht",2,5.65793112,0.353486098996553,"1984-2025",29.8813272545331,0.970010197610507,28.9851921550339,3.36678508423441
2006,800,142,"Groene Specht",2,5.65793112,0.353486098996553,"1984-2025",29.8813272545331,0.970010197610507,28.9851921550339,3.36678508423441
2007,700,142,"Groene Specht",4,6.1308353,0.652439643909534,"1984-2025",55.1528407166074,0.970010197610507,53.4988179222971,3.97965955874753
2007,800,142,"Groene Specht",4,6.1308353,0.652439643909534,"1984-2025",55.1528407166074,0.970010197610507,53.4988179222971,3.97965955874753
2008,700,142,"Groene Specht",5,6.02064405,0.830475935543806,"1984-2025",70.2028262990929,0.970010197610507,68.0974574111992,4.22093987635272
2008,800,142,"Groene Specht",5,6.02064405,0.830475935543806,"1984-2025",70.2028262990929,0.970010197610507,68.0974574111992,4.22093987635272
2009,700,142,"Groene Specht",4,5.98606767,0.668218306325962,"1984-2025",56.4866622633175,0.970010197610507,54.7926384243986,4.00355584960898
2009,800,142,"Groene Specht",4,5.98606767,0.668218306325962,"1984-2025",56.4866622633175,0.970010197610507,54.7926384243986,4.00355584960898
2010,700,142,"Groene Specht",9,6.44975091,1.3954027257155,"1984-2025",117.957921449632,0.970010197610507,114.420386695082,4.7398792684456
2010,800,142,"Groene Specht",9,6.44975091,1.3954027257155,"1984-2025",117.957921449632,0.970010197610507,114.420386695082,4.7398792684456
2011,700,142,"Groene Specht",9,6.44975091,1.3954027257155,"1984-2025",117.957921449632,0.970010197610507,114.420386695082,4.7398792684456
2011,800,142,"Groene Specht",9,6.44975091,1.3954027257155,"1984-2025",117.957921449632,0.970010197610507,114.420386695082,4.7398792684456
2012,700,142,"Groene Specht",4,6.44975091,0.620178989206887,"1984-2025",52.425742866503,0.970010197610507,50.8535051978142,3.92894905222927
2012,800,142,"Groene Specht",4,6.44975091,0.620178989206887,"1984-2025",52.425742866503,0.970010197610507,50.8535051978142,3.92894905222927
2013,700,142,"Groene Specht",1,6.44975091,0.155044747301722,"1984-2025",13.1064357166258,0.970010197610507,12.7133762994536,2.54265469110938
2013,800,142,"Groene Specht",1,6.44975091,0.155044747301722,"1984-2025",13.1064357166258,0.970010197610507,12.7133762994536,2.54265469110938
2014,700,142,"Groene Specht",1,6.44975091,0.155044747301722,"1984-2025",13.1064357166258,0.970010197610507,12.7133762994536,2.54265469110938
2014,800,142,"Groene Specht",1,6.44975091,0.155044747301722,"1984-2025",13.1064357166258,0.970010197610507,12.7133762994536,2.54265469110938
2015,700,142,"Groene Specht",3,6.57225335,0.45646444837675,"1984-2025",38.5864213634568,0.970010197610507,37.429222211849,3.6224517418941
2015,800,142,"Groene Specht",3,6.57225335,0.45646444837675,"1984-2025",38.5864213634568,0.970010197610507,37.429222211849,3.6224517418941
2017,700,142,"Groene Specht",2,6.57225335,0.304309632251167,"1984-2025",25.7242809089712,0.970010197610507,24.9528148078993,3.21698663378594
2017,800,142,"Groene Specht",2,6.57225335,0.304309632251167,"1984-2025",25.7242809089712,0.970010197610507,24.9528148078993,3.21698663378594
2018,700,142,"Groene Specht",6,6.57225335,0.912928896753501,"1984-2025",77.1728427269136,0.970010197610507,74.858444423698,4.31559892245405
2018,800,142,"Groene Specht",6,6.57225335,0.912928896753501,"1984-2025",77.1728427269136,0.970010197610507,74.858444423698,4.31559892245405
2019,700,142,"Groene Specht",3,6.57225335,0.45646444837675,"1984-2025",38.5864213634568,0.970010197610507,37.429222211849,3.6224517418941
2019,800,142,"Groene Specht",3,6.57225335,0.45646444837675,"1984-2025",38.5864213634568,0.970010197610507,37.429222211849,3.6224517418941
2020,700,142,"Groene Specht",1,6.44975091,0.155044747301722,"1984-2025",13.1064357166258,0.970010197610507,12.7133762994536,2.54265469110938
2020,800,142,"Groene Specht",1,6.44975091,0.155044747301722,"1984-2025",13.1064357166258,0.970010197610507,12.7133762994536,2.54265469110938
2021,700,142,"Groene Specht",2,6.57225335,0.304309632251167,"1984-2025",25.7242809089712,0.970010197610507,24.9528148078993,3.21698663378594
2021,800,142,"Groene Specht",2,6.57225335,0.304309632251167,"1984-2025",25.7242809089712,0.970010197610507,24.9528148078993,3.21698663378594
2022,700,142,"Groene Specht",1,6.57225335,0.152154816125583,"1984-2025",12.8621404544856,0.970010197610507,12.4764074039497,2.52383945322599
2022,800,142,"Groene Specht",1,6.57225335,0.152154816125583,"1984-2025",12.8621404544856,0.970010197610507,12.4764074039497,2.52383945322599
2025,700,142,"Groene Specht",4,6.57225335,0.608619264502334,"1984-2025",51.4485618179424,0.970010197610507,49.9056296157987,3.91013381434588
2025,800,142,"Groene Specht",4,6.57225335,0.608619264502334,"1984-2025",51.4485618179424,0.970010197610507,49.9056296157987,3.91013381434588
1976,800,144,"Grote Bonte Specht",1,6.49,0.154083204930663,"1958-1983",60.1484927864549,12.6263551758785,60.1484927864549,4.09681638452494
1977,800,144,"Grote Bonte Specht",1,6.175,0.161943319838057,"1958-1983",63.2167964670595,12.6263551758785,63.2167964670595,4.1465700327269
1978,800,144,"Grote Bonte Specht",1,6.38,0.156739811912226,"1958-1983",61.1855357655317,12.6263551758785,61.1855357655317,4.11391081788425
1979,800,144,"Grote Bonte Specht",1,6.37,0.156985871271586,"1958-1983",61.2815884119454,12.6263551758785,61.2815884119454,4.11547944565687
1980,800,144,"Grote Bonte Specht",3,6.38,0.470219435736677,"1958-1983",183.556607296595,12.6263551758785,183.556607296595,5.21252310655235
1981,800,144,"Grote Bonte Specht",3,6.38,0.470219435736677,"1958-1983",183.556607296595,12.6263551758785,183.556607296595,5.21252310655235
1982,800,144,"Grote Bonte Specht",1,6.035,0.165700082850041,"1958-1983",64.6833004447544,12.6263551758785,64.6833004447544,4.16950306069145
1983,800,144,"Grote Bonte Specht",2,6.38,0.313479623824451,"1958-1983",122.371071531063,12.6263551758785,122.371071531063,4.80705799844419
1984,800,144,"Grote Bonte Specht",1,3.02300608,0.330796555989725,"1984-2025",12.7475022674629,12.6263551758785,160.954491234303,5.08112166188673
1985,800,144,"Grote Bonte Specht",1,5.13012052,0.194927194419986,"1984-2025",7.51167086798853,12.6263551758785,94.8450243435225,4.55224423684503
1986,800,144,"Grote Bonte Specht",1,4.23796013,0.235962578534216,"1984-2025",9.09300127355237,12.6263551758785,114.811463694588,4.74329133686678
1987,800,144,"Grote Bonte Specht",3,5.02247314,0.59731528997286,"1984-2025",23.0180087290745,12.6263551758785,290.633553654766,5.67206320783889
1988,800,144,"Grote Bonte Specht",2,4.70180252,0.425368779631349,"1984-2025",16.3919163748094,12.6263551758785,206.970158161642,5.33257461940249
1989,800,144,"Grote Bonte Specht",2,4.70180252,0.425368779631349,"1984-2025",16.3919163748094,12.6263551758785,206.970158161642,5.33257461940249
1990,800,144,"Grote Bonte Specht",1,4.85514176,0.205967209492973,"1984-2025",7.93710642536504,12.6263551758785,100.216724795406,4.60733508884796
1991,800,144,"Grote Bonte Specht",3,5.55688703,0.5398706116939,"1984-2025",20.8043334251592,12.6263551758785,262.68290302346,5.57094761282048
1992,800,144,"Grote Bonte Specht",6,6.1308353,0.978659465864301,"1984-2025",37.7134027978414,12.6263551758785,476.182818616515,6.16580185321814
1993,800,144,"Grote Bonte Specht",7,6.1308353,1.14176937684168,"1984-2025",43.998969930815,12.6263551758785,555.546621719267,6.3199525330454
1994,800,144,"Grote Bonte Specht",7,6.1308353,1.14176937684168,"1984-2025",43.998969930815,12.6263551758785,555.546621719267,6.3199525330454
1995,800,144,"Grote Bonte Specht",6,6.09164596,0.984955468423185,"1984-2025",37.9560241475565,12.6263551758785,479.246241951269,6.17221454037444
1996,800,144,"Grote Bonte Specht",4,6.44975091,0.620178989206887,"1984-2025",23.8990791409364,12.6263551758785,301.758261609892,5.70962623859171
1997,800,144,"Grote Bonte Specht",9,6.09164596,1.47743320263478,"1984-2025",56.9340362213347,12.6263551758785,718.869362926903,6.57767964848261
1998,800,144,"Grote Bonte Specht",11,5.62796272,1.95452609536831,"1984-2025",75.3191814768979,12.6263551758785,951.00673688376,6.85752114652005
1999,800,144,"Grote Bonte Specht",14,6.09164596,2.29822942632076,"1984-2025",88.5640563442985,12.6263551758785,1118.24123121963,7.01951240076165
2000,800,144,"Grote Bonte Specht",9,5.70172844,1.57846872131988,"1984-2025",60.827518424253,12.6263551758785,768.029852091911,6.6438286023036
2001,800,144,"Grote Bonte Specht",15,6.44975091,2.32567120952583,"1984-2025",89.6215467785115,12.6263551758785,1131.59348103709,7.03138207857403
2002,800,144,"Grote Bonte Specht",16,6.09164596,2.62654791579516,"1984-2025",101.216064393484,12.6263551758785,1277.98997853672,7.15304379338617
2003,800,144,"Grote Bonte Specht",13,6.2141484,2.09200024898021,"1984-2025",80.6168547844149,12.6263551758785,1017.89704167024,6.9254940541472
2004,800,144,"Grote Bonte Specht",18,6.2141484,2.89661572935722,"1984-2025",111.623337393805,12.6263551758785,1409.3959038511,7.25091645458183
2005,800,144,"Grote Bonte Specht",16,6.2141484,2.57476953720642,"1984-2025",99.2207443500491,12.6263551758785,1252.79635897876,7.13313341892545
2006,800,144,"Grote Bonte Specht",16,5.65793112,2.82788879197243,"1984-2025",108.974891470518,12.6263551758785,1375.95568495957,7.22690381227669
2007,800,144,"Grote Bonte Specht",16,6.1308353,2.60975857563814,"1984-2025",100.569074127577,12.6263551758785,1269.82084964404,7.14663110622987
2008,800,144,"Grote Bonte Specht",18,6.02064405,2.9897133679577,"1984-2025",115.210927221046,12.6263551758785,1454.69408723522,7.28255090817723
2009,800,144,"Grote Bonte Specht",17,5.98606767,2.83992780188534,"1984-2025",109.43882407013,12.6263551758785,1381.81346273994,7.23115201890775
2010,800,144,"Grote Bonte Specht",25,6.44975091,3.87611868254304,"1984-2025",149.369244630853,12.6263551758785,1885.98913506182,7.54220770234002
2011,800,144,"Grote Bonte Specht",26,6.44975091,4.03116342984477,"1984-2025",155.344014416087,12.6263551758785,1961.4287004643,7.5814284154933
2012,800,144,"Grote Bonte Specht",28,6.44975091,4.34125292444821,"1984-2025",167.293553986555,12.6263551758785,2112.30783126924,7.65553638764703
2013,800,144,"Grote Bonte Specht",18,6.44975091,2.79080545143099,"1984-2025",107.545856134214,12.6263551758785,1357.91217724451,7.21370363536799
2014,800,144,"Grote Bonte Specht",30,6.44975091,4.65134241905165,"1984-2025",179.243093557023,12.6263551758785,2263.18696207419,7.72452925913398
2015,800,144,"Grote Bonte Specht",25,6.57225335,3.80387040313959,"1984-2025",146.585101057289,12.6263551758785,1850.83554944137,7.52339246445664
2016,800,144,"Grote Bonte Specht",26,6.44975091,4.03116342984477,"1984-2025",155.344014416087,12.6263551758785,1961.4287004643,7.5814284154933
2017,800,144,"Grote Bonte Specht",29,6.57225335,4.41248966764192,"1984-2025",170.038717226455,12.6263551758785,2146.96923735199,7.67181246957491
2018,800,144,"Grote Bonte Specht",30,6.57225335,4.5646444837675,"1984-2025",175.902121268746,12.6263551758785,2221.00265932964,7.7057140212506
2019,800,144,"Grote Bonte Specht",27,6.57225335,4.10818003539075,"1984-2025",158.311909141872,12.6263551758785,1998.90239339668,7.60035350559277
2020,800,144,"Grote Bonte Specht",34,6.44975091,5.27152140825854,"1984-2025",203.14217269796,12.6263551758785,2564.94522368408,7.84969240208799
2021,800,144,"Grote Bonte Specht",32,6.57225335,4.86895411601867,"1984-2025",187.62892935333,12.6263551758785,2369.06950328495,7.77025254238817
2022,800,144,"Grote Bonte Specht",30,6.57225335,4.5646444837675,"1984-2025",175.902121268746,12.6263551758785,2221.00265932964,7.7057140212506
2023,800,144,"Grote Bonte Specht",33,6.57225335,5.02110893214426,"1984-2025",193.492333395621,12.6263551758785,2443.1029252626,7.80102420105492
2024,800,144,"Grote Bonte Specht",35,6.57225335,5.32541856439542,"1984-2025",205.219141480204,12.6263551758785,2591.16976921791,7.85986470107785
2025,800,144,"Grote Bonte Specht",29,6.57225335,4.41248966764192,"1984-2025",170.038717226455,12.6263551758785,2146.96923735199,7.67181246957491
1961,300,148,"Boomleeuwerik",3,5.002,0.599760095961615,"1958-1983",81.8708601916154,6.28330070441243,81.8708601916154,4.40514313013193
1961,700,148,"Boomleeuwerik",3,5.002,0.599760095961615,"1958-1983",81.8708601916154,6.28330070441243,81.8708601916154,4.40514313013193
1962,300,148,"Boomleeuwerik",3,5.002,0.599760095961615,"1958-1983",81.8708601916154,6.28330070441243,81.8708601916154,4.40514313013193
1962,700,148,"Boomleeuwerik",3,5.002,0.599760095961615,"1958-1983",81.8708601916154,6.28330070441243,81.8708601916154,4.40514313013193
1963,300,148,"Boomleeuwerik",1,5.2472,0.190577831986583,"1958-1983",26.01502024435,6.28330070441243,26.01502024435,3.25867407292186
1963,700,148,"Boomleeuwerik",1,5.2472,0.190577831986583,"1958-1983",26.01502024435,6.28330070441243,26.01502024435,3.25867407292186
1964,300,148,"Boomleeuwerik",1,5.3272,0.187715873254242,"1958-1983",25.6243456649184,6.28330070441243,25.6243456649184,3.24354290210497
1964,700,148,"Boomleeuwerik",1,5.3272,0.187715873254242,"1958-1983",25.6243456649184,6.28330070441243,25.6243456649184,3.24354290210497
1965,300,148,"Boomleeuwerik",3,5.315,0.564440263405456,"1958-1983",77.049490626239,6.28330070441243,77.049490626239,4.34444795079345
1965,700,148,"Boomleeuwerik",3,5.315,0.564440263405456,"1958-1983",77.049490626239,6.28330070441243,77.049490626239,4.34444795079345
1966,300,148,"Boomleeuwerik",6,5.395,1.11214087117702,"1958-1983",151.813917582376,6.28330070441243,151.813917582376,5.02265554443721
1966,700,148,"Boomleeuwerik",6,5.395,1.11214087117702,"1958-1983",151.813917582376,6.28330070441243,151.813917582376,5.02265554443721
1967,300,148,"Boomleeuwerik",11,5.735,1.9180470793374,"1958-1983",261.824961898463,6.28330070441243,261.824961898463,5.56767619613629
1967,700,148,"Boomleeuwerik",11,5.735,1.9180470793374,"1958-1983",261.824961898463,6.28330070441243,261.824961898463,5.56767619613629
1968,300,148,"Boomleeuwerik",6,5.6,1.07142857142857,"1958-1983",146.256443813736,6.28330070441243,146.256443813736,4.9853615454062
1968,700,148,"Boomleeuwerik",6,5.6,1.07142857142857,"1958-1983",146.256443813736,6.28330070441243,146.256443813736,4.9853615454062
1969,300,148,"Boomleeuwerik",7,5.6,1.25,"1958-1983",170.632517782692,6.28330070441243,170.632517782692,5.13951222523346
1969,700,148,"Boomleeuwerik",7,5.6,1.25,"1958-1983",170.632517782692,6.28330070441243,170.632517782692,5.13951222523346
1970,300,148,"Boomleeuwerik",2,5.625,0.355555555555556,"1958-1983",48.5354717248545,6.28330070441243,48.5354717248545,3.88229490638871
1970,700,148,"Boomleeuwerik",2,5.625,0.355555555555556,"1958-1983",48.5354717248545,6.28330070441243,48.5354717248545,3.88229490638871
1971,300,148,"Boomleeuwerik",3,5.615,0.534283170080142,"1958-1983",72.9328660157543,6.28330070441243,72.9328660157543,4.28953937439695
1971,700,148,"Boomleeuwerik",3,5.615,0.534283170080142,"1958-1983",72.9328660157543,6.28330070441243,72.9328660157543,4.28953937439695
1972,300,148,"Boomleeuwerik",4,5.645,0.70859167404783,"1958-1983",96.7270251381069,6.28330070441243,96.7270251381069,4.57189283743751
1972,700,148,"Boomleeuwerik",4,5.645,0.70859167404783,"1958-1983",96.7270251381069,6.28330070441243,96.7270251381069,4.57189283743751
1973,300,148,"Boomleeuwerik",6,5.715,1.0498687664042,"1958-1983",143.313400762366,6.28330070441243,143.313400762366,4.96503384590053
1973,700,148,"Boomleeuwerik",6,5.715,1.0498687664042,"1958-1983",143.313400762366,6.28330070441243,143.313400762366,4.96503384590053
1974,300,148,"Boomleeuwerik",2,5.855,0.341588385994876,"1958-1983",46.6288690781053,6.28330070441243,46.6288690781053,3.84221985742951
1974,700,148,"Boomleeuwerik",2,5.855,0.341588385994876,"1958-1983",46.6288690781053,6.28330070441243,46.6288690781053,3.84221985742951
1975,300,148,"Boomleeuwerik",9,5.505,1.63487738419619,"1958-1983",223.170595465101,6.28330070441243,223.170595465101,5.40793648108083
1975,700,148,"Boomleeuwerik",9,5.505,1.63487738419619,"1958-1983",223.170595465101,6.28330070441243,223.170595465101,5.40793648108083
1976,300,148,"Boomleeuwerik",6,6.49,0.924499229583975,"1958-1983",126.199704985658,6.28330070441243,126.199704985658,4.83786561243131
1976,700,148,"Boomleeuwerik",6,6.49,0.924499229583975,"1958-1983",126.199704985658,6.28330070441243,126.199704985658,4.83786561243131
1977,300,148,"Boomleeuwerik",5,6.175,0.809716599190283,"1958-1983",110.531185608221,6.28330070441243,110.531185608221,4.70529770383931
1977,700,148,"Boomleeuwerik",5,6.175,0.809716599190283,"1958-1983",110.531185608221,6.28330070441243,110.531185608221,4.70529770383931
1978,300,148,"Boomleeuwerik",5,6.38,0.783699059561129,"1958-1983",106.979634973474,6.28330070441243,106.979634973474,4.67263848899665
1978,700,148,"Boomleeuwerik",5,6.38,0.783699059561129,"1958-1983",106.979634973474,6.28330070441243,106.979634973474,4.67263848899665
1979,300,148,"Boomleeuwerik",1,6.37,0.156985871271586,"1958-1983",21.4295155771041,6.28330070441243,21.4295155771041,3.06476920433518
1979,700,148,"Boomleeuwerik",1,6.37,0.156985871271586,"1958-1983",21.4295155771041,6.28330070441243,21.4295155771041,3.06476920433518
1980,300,148,"Boomleeuwerik",6,6.38,0.940438871473354,"1958-1983",128.375561968169,6.28330070441243,128.375561968169,4.85496004579061
1980,700,148,"Boomleeuwerik",6,6.38,0.940438871473354,"1958-1983",128.375561968169,6.28330070441243,128.375561968169,4.85496004579061
1981,300,148,"Boomleeuwerik",2,6.38,0.313479623824451,"1958-1983",42.7918539893898,6.28330070441243,42.7918539893898,3.7563477571225
1981,700,148,"Boomleeuwerik",2,6.38,0.313479623824451,"1958-1983",42.7918539893898,6.28330070441243,42.7918539893898,3.7563477571225
1982,300,148,"Boomleeuwerik",2,6.035,0.331400165700083,"1958-1983",45.2381157336051,6.28330070441243,45.2381157336051,3.8119399999297
1982,700,148,"Boomleeuwerik",2,6.035,0.331400165700083,"1958-1983",45.2381157336051,6.28330070441243,45.2381157336051,3.8119399999297
1983,300,148,"Boomleeuwerik",3,6.38,0.470219435736677,"1958-1983",64.1877809840847,6.28330070441243,64.1877809840847,4.16181286523066
1983,700,148,"Boomleeuwerik",3,6.38,0.470219435736677,"1958-1983",64.1877809840847,6.28330070441243,64.1877809840847,4.16181286523066
1984,300,148,"Boomleeuwerik",1,3.02300608,0.330796555989725,"1984-2025",6.71973788096075,6.28330070441243,42.2221337609075,3.74294458024562
1984,700,148,"Boomleeuwerik",1,3.02300608,0.330796555989725,"1984-2025",6.71973788096075,6.28330070441243,42.2221337609075,3.74294458024562
1985,300,148,"Boomleeuwerik",2,5.13012052,0.389854388839972,"1984-2025",7.91942738614283,6.28330070441243,49.7601436738943,3.90721433576386
1985,700,148,"Boomleeuwerik",2,5.13012052,0.389854388839972,"1984-2025",7.91942738614283,6.28330070441243,49.7601436738943,3.90721433576386
1986,300,148,"Boomleeuwerik",2,4.23796013,0.471925157068431,"1984-2025",9.58659725293388,6.28330070441243,60.2354732722777,4.09826143578561
1986,700,148,"Boomleeuwerik",2,4.23796013,0.471925157068431,"1984-2025",9.58659725293388,6.28330070441243,60.2354732722777,4.09826143578561
1991,300,148,"Boomleeuwerik",1,5.55688703,0.179956870564633,"1984-2025",3.65560940153765,6.28330070441243,22.9692931277382,3.13415824251126
1991,700,148,"Boomleeuwerik",1,5.55688703,0.179956870564633,"1984-2025",3.65560940153765,6.28330070441243,22.9692931277382,3.13415824251126
1993,300,148,"Boomleeuwerik",1,6.1308353,0.163109910977383,"1984-2025",3.31338349117789,6.28330070441243,20.8189848241066,3.03586530234897
1993,700,148,"Boomleeuwerik",1,6.1308353,0.163109910977383,"1984-2025",3.31338349117789,6.28330070441243,20.8189848241066,3.03586530234897
1995,300,148,"Boomleeuwerik",2,6.09164596,0.328318489474395,"1984-2025",6.66939891239203,6.28330070441243,41.9058388842403,3.73542517006522
1995,700,148,"Boomleeuwerik",2,6.09164596,0.328318489474395,"1984-2025",6.66939891239203,6.28330070441243,41.9058388842403,3.73542517006522
1996,300,148,"Boomleeuwerik",2,6.44975091,0.310089494603444,"1984-2025",6.29909860198017,6.28330070441243,39.5791306829853,3.67830197639065
1996,700,148,"Boomleeuwerik",2,6.44975091,0.310089494603444,"1984-2025",6.29909860198017,6.28330070441243,39.5791306829853,3.67830197639065
1997,300,148,"Boomleeuwerik",1,6.09164596,0.164159244737197,"1984-2025",3.33469945619601,6.28330070441243,20.9529194421202,3.04227798950527
1997,700,148,"Boomleeuwerik",1,6.09164596,0.164159244737197,"1984-2025",3.33469945619601,6.28330070441243,20.9529194421202,3.04227798950527
1998,300,148,"Boomleeuwerik",2,5.62796272,0.355368380976056,"1984-2025",7.21888522749513,6.28330070441243,45.3584266349926,3.81459597264051
1998,700,148,"Boomleeuwerik",2,5.62796272,0.355368380976056,"1984-2025",7.21888522749513,6.28330070441243,45.3584266349926,3.81459597264051
1999,300,148,"Boomleeuwerik",6,6.09164596,0.984955468423185,"1984-2025",20.0081967371761,6.28330070441243,125.717516652721,4.83403745873333
1999,700,148,"Boomleeuwerik",6,6.09164596,0.984955468423185,"1984-2025",20.0081967371761,6.28330070441243,125.717516652721,4.83403745873333
2000,300,148,"Boomleeuwerik",8,5.70172844,1.40308330783989,"1984-2025",28.501965583125,6.28330070441243,179.086420425588,5.1878684850061
2000,700,148,"Boomleeuwerik",8,5.70172844,1.40308330783989,"1984-2025",28.501965583125,6.28330070441243,179.086420425588,5.1878684850061
2001,300,148,"Boomleeuwerik",11,6.44975091,1.70549222031894,"1984-2025",34.6450423108909,6.28330070441243,217.685218756419,5.38305006862908
2001,700,148,"Boomleeuwerik",11,6.44975091,1.70549222031894,"1984-2025",34.6450423108909,6.28330070441243,217.685218756419,5.38305006862908
2002,300,148,"Boomleeuwerik",17,6.09164596,2.79070716053236,"1984-2025",56.6898907553323,6.28330070441243,356.199630516043,5.87549133356149
2002,700,148,"Boomleeuwerik",17,6.09164596,2.79070716053236,"1984-2025",56.6898907553323,6.28330070441243,356.199630516043,5.87549133356149
2003,300,148,"Boomleeuwerik",27,6.2141484,4.34492359403583,"1984-2025",88.2619457066825,6.28330070441243,554.576345631609,6.31820448104888
2003,700,148,"Boomleeuwerik",27,6.2141484,4.34492359403583,"1984-2025",88.2619457066825,6.28330070441243,554.576345631609,6.31820448104888
2004,300,148,"Boomleeuwerik",24,6.2141484,3.86215430580963,"1984-2025",78.4550628503844,6.28330070441243,492.956751672542,6.2004214453925
2004,700,148,"Boomleeuwerik",24,6.2141484,3.86215430580963,"1984-2025",78.4550628503844,6.28330070441243,492.956751672542,6.2004214453925
2005,300,148,"Boomleeuwerik",20,6.2141484,3.21846192150802,"1984-2025",65.379219041987,6.28330070441243,410.797293060451,6.01809988859854
2005,700,148,"Boomleeuwerik",20,6.2141484,3.21846192150802,"1984-2025",65.379219041987,6.28330070441243,410.797293060451,6.01809988859854
2006,300,148,"Boomleeuwerik",25,5.65793112,4.41857623745692,"1984-2025",89.7581113984587,6.28330070441243,563.977204576665,6.33501383326399
2006,700,148,"Boomleeuwerik",25,5.65793112,4.41857623745692,"1984-2025",89.7581113984587,6.28330070441243,563.977204576665,6.33501383326399
2007,300,148,"Boomleeuwerik",21,6.1308353,3.42530813052505,"1984-2025",69.5810533147357,6.28330070441243,437.198681306238,6.0803877400724
2007,700,148,"Boomleeuwerik",21,6.1308353,3.42530813052505,"1984-2025",69.5810533147357,6.28330070441243,437.198681306238,6.0803877400724
2008,300,148,"Boomleeuwerik",27,6.02064405,4.48457005193655,"1984-2025",91.0986971060127,6.28330070441243,572.400507697264,6.34983893464428
2008,700,148,"Boomleeuwerik",27,6.02064405,4.48457005193655,"1984-2025",91.0986971060127,6.28330070441243,572.400507697264,6.34983893464428
2009,300,148,"Boomleeuwerik",23,5.98606767,3.84225526137428,"1984-2025",78.0508374729858,6.28330070441243,490.416882073992,6.19525580913957
2009,700,148,"Boomleeuwerik",23,5.98606767,3.84225526137428,"1984-2025",78.0508374729858,6.28330070441243,490.416882073992,6.19525580913957
2010,300,148,"Boomleeuwerik",21,6.44975091,3.25593969333616,"1984-2025",66.1405353207917,6.28330070441243,415.580872171346,6.02967723355413
2010,700,148,"Boomleeuwerik",21,6.44975091,3.25593969333616,"1984-2025",66.1405353207917,6.28330070441243,415.580872171346,6.02967723355413
2011,300,148,"Boomleeuwerik",29,6.44975091,4.49629767174993,"1984-2025",91.3369297287124,6.28330070441243,573.897394903287,6.35245062581718
2011,700,148,"Boomleeuwerik",29,6.44975091,4.49629767174993,"1984-2025",91.3369297287124,6.28330070441243,573.897394903287,6.35245062581718
2012,300,148,"Boomleeuwerik",30,6.44975091,4.65134241905165,"1984-2025",94.4864790297025,6.28330070441243,593.68696024478,6.38635217749286
2012,700,148,"Boomleeuwerik",30,6.44975091,4.65134241905165,"1984-2025",94.4864790297025,6.28330070441243,593.68696024478,6.38635217749286
2013,300,148,"Boomleeuwerik",32,6.44975091,4.9614319136551,"1984-2025",100.785577631683,6.28330070441243,633.266090927765,6.45089069863044
2013,700,148,"Boomleeuwerik",32,6.44975091,4.9614319136551,"1984-2025",100.785577631683,6.28330070441243,633.266090927765,6.45089069863044
2014,300,148,"Boomleeuwerik",42,6.44975091,6.51187938667231,"1984-2025",132.281070641583,6.28330070441243,831.161744342692,6.72282441411408
2014,700,148,"Boomleeuwerik",42,6.44975091,6.51187938667231,"1984-2025",132.281070641583,6.28330070441243,831.161744342692,6.72282441411408
2015,300,148,"Boomleeuwerik",47,6.57225335,7.15127635790242,"1984-2025",145.269658251546,6.28330070441243,912.772946021694,6.81648715965738
2015,700,148,"Boomleeuwerik",47,6.57225335,7.15127635790242,"1984-2025",145.269658251546,6.28330070441243,912.772946021694,6.81648715965738
2016,300,148,"Boomleeuwerik",58,6.44975091,8.99259534349986,"1984-2025",182.673859457425,6.28330070441243,1147.79478980657,7.04559780637713
2016,700,148,"Boomleeuwerik",58,6.44975091,8.99259534349986,"1984-2025",182.673859457425,6.28330070441243,1147.79478980657,7.04559780637713
2017,300,148,"Boomleeuwerik",62,6.57225335,9.43359859978618,"1984-2025",191.632315140338,6.28330070441243,1204.08346070947,7.09347394299242
2017,700,148,"Boomleeuwerik",62,6.57225335,9.43359859978618,"1984-2025",191.632315140338,6.28330070441243,1204.08346070947,7.09347394299242
2018,300,148,"Boomleeuwerik",60,6.57225335,9.12928896753501,"1984-2025",185.450627555166,6.28330070441243,1165.2420587511,7.06068412016942
2018,700,148,"Boomleeuwerik",60,6.57225335,9.12928896753501,"1984-2025",185.450627555166,6.28330070441243,1165.2420587511,7.06068412016942
2019,300,148,"Boomleeuwerik",60,6.57225335,9.12928896753501,"1984-2025",185.450627555166,6.28330070441243,1165.2420587511,7.06068412016942
2019,700,148,"Boomleeuwerik",60,6.57225335,9.12928896753501,"1984-2025",185.450627555166,6.28330070441243,1165.2420587511,7.06068412016942
2020,300,148,"Boomleeuwerik",73,6.44975091,11.3182665530257,"1984-2025",229.917098972276,6.28330070441243,1444.63826992896,7.2756142369791
2020,700,148,"Boomleeuwerik",73,6.44975091,11.3182665530257,"1984-2025",229.917098972276,6.28330070441243,1444.63826992896,7.2756142369791
2021,300,148,"Boomleeuwerik",88,6.57225335,13.3896238190513,"1984-2025",271.994253747576,6.28330070441243,1709.02168616828,7.44367637242553
2021,700,148,"Boomleeuwerik",88,6.57225335,13.3896238190513,"1984-2025",271.994253747576,6.28330070441243,1709.02168616828,7.44367637242553
2022,300,148,"Boomleeuwerik",71,6.57225335,10.8029919449164,"1984-2025",219.449909273613,6.28330070441243,1378.86976952213,7.22901943498864
2022,700,148,"Boomleeuwerik",71,6.57225335,10.8029919449164,"1984-2025",219.449909273613,6.28330070441243,1378.86976952213,7.22901943498864
2023,300,148,"Boomleeuwerik",79,6.57225335,12.0202304739211,"1984-2025",244.176659614301,6.28330070441243,1534.23537735561,7.33578741041435
2023,700,148,"Boomleeuwerik",79,6.57225335,12.0202304739211,"1984-2025",244.176659614301,6.28330070441243,1534.23537735561,7.33578741041435
2024,300,148,"Boomleeuwerik",80,6.57225335,12.1723852900467,"1984-2025",247.267503406887,6.28330070441243,1553.6560783348,7.3483661926212
2024,700,148,"Boomleeuwerik",80,6.57225335,12.1723852900467,"1984-2025",247.267503406887,6.28330070441243,1553.6560783348,7.3483661926212
2025,300,148,"Boomleeuwerik",83,6.57225335,12.6288497384234,"1984-2025",256.540034784646,6.28330070441243,1611.91818127235,7.38518016574392
2025,700,148,"Boomleeuwerik",83,6.57225335,12.6288497384234,"1984-2025",256.540034784646,6.28330070441243,1611.91818127235,7.38518016574392
1958,300,150,"Veldleeuwerik",2,4.3072,0.464338781575037,"1958-1983",25.384602070925,0.564487787913756,25.384602070925,3.23414277252014
1958,400,150,"Veldleeuwerik",2,4.3072,0.464338781575037,"1958-1983",25.384602070925,0.564487787913756,25.384602070925,3.23414277252014
1958,500,150,"Veldleeuwerik",2,4.3072,0.464338781575037,"1958-1983",25.384602070925,0.564487787913756,25.384602070925,3.23414277252014
1959,300,150,"Veldleeuwerik",1,5.0372,0.198522988962122,"1958-1983",10.8529101524545,0.564487787913756,10.8529101524545,2.38443326083886
1959,400,150,"Veldleeuwerik",1,5.0372,0.198522988962122,"1958-1983",10.8529101524545,0.564487787913756,10.8529101524545,2.38443326083886
1959,500,150,"Veldleeuwerik",1,5.0372,0.198522988962122,"1958-1983",10.8529101524545,0.564487787913756,10.8529101524545,2.38443326083886
1960,300,150,"Veldleeuwerik",1,5.022,0.199123855037834,"1958-1983",10.8857584667352,0.564487787913756,10.8857584667352,2.38745537225302
1960,400,150,"Veldleeuwerik",1,5.022,0.199123855037834,"1958-1983",10.8857584667352,0.564487787913756,10.8857584667352,2.38745537225302
1960,500,150,"Veldleeuwerik",1,5.022,0.199123855037834,"1958-1983",10.8857584667352,0.564487787913756,10.8857584667352,2.38745537225302
1961,300,150,"Veldleeuwerik",2,5.002,0.39984006397441,"1958-1983",21.8585681807053,0.564487787913756,21.8585681807053,3.08459298109293
1961,400,150,"Veldleeuwerik",2,5.002,0.39984006397441,"1958-1983",21.8585681807053,0.564487787913756,21.8585681807053,3.08459298109293
1961,500,150,"Veldleeuwerik",2,5.002,0.39984006397441,"1958-1983",21.8585681807053,0.564487787913756,21.8585681807053,3.08459298109293
1963,300,150,"Veldleeuwerik",2,5.2472,0.381155663973167,"1958-1983",20.8371241881171,0.564487787913756,20.8371241881171,3.03673621255097
1963,400,150,"Veldleeuwerik",2,5.2472,0.381155663973167,"1958-1983",20.8371241881171,0.564487787913756,20.8371241881171,3.03673621255097
1963,500,150,"Veldleeuwerik",2,5.2472,0.381155663973167,"1958-1983",20.8371241881171,0.564487787913756,20.8371241881171,3.03673621255097
1964,300,150,"Veldleeuwerik",3,5.3272,0.563147619762727,"1958-1983",30.7863112066061,0.564487787913756,30.7863112066061,3.42707014984224
1964,400,150,"Veldleeuwerik",3,5.3272,0.563147619762727,"1958-1983",30.7863112066061,0.564487787913756,30.7863112066061,3.42707014984224
1964,500,150,"Veldleeuwerik",3,5.3272,0.563147619762727,"1958-1983",30.7863112066061,0.564487787913756,30.7863112066061,3.42707014984224
1965,300,150,"Veldleeuwerik",4,5.315,0.752587017873942,"1958-1983",41.1426370799202,0.564487787913756,41.1426370799202,3.71704498231439
1965,400,150,"Veldleeuwerik",4,5.315,0.752587017873942,"1958-1983",41.1426370799202,0.564487787913756,41.1426370799202,3.71704498231439
1965,500,150,"Veldleeuwerik",4,5.315,0.752587017873942,"1958-1983",41.1426370799202,0.564487787913756,41.1426370799202,3.71704498231439
1966,300,150,"Veldleeuwerik",2,5.395,0.370713623725672,"1958-1983",20.2662758183296,0.564487787913756,20.2662758183296,3.00895821483826
1966,400,150,"Veldleeuwerik",2,5.395,0.370713623725672,"1958-1983",20.2662758183296,0.564487787913756,20.2662758183296,3.00895821483826
1966,500,150,"Veldleeuwerik",2,5.395,0.370713623725672,"1958-1983",20.2662758183296,0.564487787913756,20.2662758183296,3.00895821483826
1967,300,150,"Veldleeuwerik",7,5.735,1.2205754141238,"1958-1983",66.7267573042037,0.564487787913756,66.7267573042037,4.20060603146239
1967,400,150,"Veldleeuwerik",7,5.735,1.2205754141238,"1958-1983",66.7267573042037,0.564487787913756,66.7267573042037,4.20060603146239
1967,500,150,"Veldleeuwerik",7,5.735,1.2205754141238,"1958-1983",66.7267573042037,0.564487787913756,66.7267573042037,4.20060603146239
1968,300,150,"Veldleeuwerik",6,5.6,1.07142857142857,"1958-1983",58.5731560927972,0.564487787913756,58.5731560927972,4.07027650447536
1968,400,150,"Veldleeuwerik",6,5.6,1.07142857142857,"1958-1983",58.5731560927972,0.564487787913756,58.5731560927972,4.07027650447536
1968,500,150,"Veldleeuwerik",6,5.6,1.07142857142857,"1958-1983",58.5731560927972,0.564487787913756,58.5731560927972,4.07027650447536
1969,300,150,"Veldleeuwerik",7,5.6,1.25,"1958-1983",68.33534877493,0.564487787913756,68.33534877493,4.22442718430262
1969,400,150,"Veldleeuwerik",7,5.6,1.25,"1958-1983",68.33534877493,0.564487787913756,68.33534877493,4.22442718430262
1969,500,150,"Veldleeuwerik",7,5.6,1.25,"1958-1983",68.33534877493,0.564487787913756,68.33534877493,4.22442718430262
1970,300,150,"Veldleeuwerik",10,5.625,1.77777777777778,"1958-1983",97.1880515910116,0.564487787913756,97.1880515910116,4.57664777789197
1970,400,150,"Veldleeuwerik",10,5.625,1.77777777777778,"1958-1983",97.1880515910116,0.564487787913756,97.1880515910116,4.57664777789197
1970,500,150,"Veldleeuwerik",10,5.625,1.77777777777778,"1958-1983",97.1880515910116,0.564487787913756,97.1880515910116,4.57664777789197
1971,300,150,"Veldleeuwerik",14,5.615,2.493321460374,"1958-1983",136.30559328214,0.564487787913756,136.30559328214,4.91489937441326
1971,400,150,"Veldleeuwerik",14,5.615,2.493321460374,"1958-1983",136.30559328214,0.564487787913756,136.30559328214,4.91489937441326
1971,500,150,"Veldleeuwerik",14,5.615,2.493321460374,"1958-1983",136.30559328214,0.564487787913756,136.30559328214,4.91489937441326
1972,300,150,"Veldleeuwerik",20,5.645,3.54295837023915,"1958-1983",193.68743674028,0.564487787913756,193.68743674028,5.26624570894078
1972,400,150,"Veldleeuwerik",20,5.645,3.54295837023915,"1958-1983",193.68743674028,0.564487787913756,193.68743674028,5.26624570894078
1972,500,150,"Veldleeuwerik",20,5.645,3.54295837023915,"1958-1983",193.68743674028,0.564487787913756,193.68743674028,5.26624570894078
1973,300,150,"Veldleeuwerik",27,5.715,4.7244094488189,"1958-1983",258.275333952492,0.564487787913756,258.275333952492,5.55402620174597
1973,400,150,"Veldleeuwerik",27,5.715,4.7244094488189,"1958-1983",258.275333952492,0.564487787913756,258.275333952492,5.55402620174597
1973,500,150,"Veldleeuwerik",27,5.715,4.7244094488189,"1958-1983",258.275333952492,0.564487787913756,258.275333952492,5.55402620174597
1974,300,150,"Veldleeuwerik",18,5.855,3.07429547395389,"1958-1983",168.066442759862,0.564487787913756,168.066442759862,5.12435939383489
1974,400,150,"Veldleeuwerik",18,5.855,3.07429547395389,"1958-1983",168.066442759862,0.564487787913756,168.066442759862,5.12435939383489
1974,500,150,"Veldleeuwerik",18,5.855,3.07429547395389,"1958-1983",168.066442759862,0.564487787913756,168.066442759862,5.12435939383489
1975,300,150,"Veldleeuwerik",22,5.505,3.99636693914623,"1958-1983",218.474502895326,0.564487787913756,218.474502895326,5.38666931617208
1975,400,150,"Veldleeuwerik",22,5.505,3.99636693914623,"1958-1983",218.474502895326,0.564487787913756,218.474502895326,5.38666931617208
1975,500,150,"Veldleeuwerik",22,5.505,3.99636693914623,"1958-1983",218.474502895326,0.564487787913756,218.474502895326,5.38666931617208
1976,300,150,"Veldleeuwerik",24,6.49,3.6979969183359,"1958-1983",202.16312734648,0.564487787913756,202.16312734648,5.30907493262036
1976,400,150,"Veldleeuwerik",24,6.49,3.6979969183359,"1958-1983",202.16312734648,0.564487787913756,202.16312734648,5.30907493262036
1976,500,150,"Veldleeuwerik",24,6.49,3.6979969183359,"1958-1983",202.16312734648,0.564487787913756,202.16312734648,5.30907493262036
1977,300,150,"Veldleeuwerik",24,6.175,3.88663967611336,"1958-1983",212.47590226375,0.564487787913756,212.47590226375,5.35882858082231
1977,400,150,"Veldleeuwerik",24,6.175,3.88663967611336,"1958-1983",212.47590226375,0.564487787913756,212.47590226375,5.35882858082231
1977,500,150,"Veldleeuwerik",24,6.175,3.88663967611336,"1958-1983",212.47590226375,0.564487787913756,212.47590226375,5.35882858082231
1978,300,150,"Veldleeuwerik",21,6.38,3.29153605015674,"1958-1983",179.942611194173,0.564487787913756,179.942611194173,5.19263797335513
1978,400,150,"Veldleeuwerik",21,6.38,3.29153605015674,"1958-1983",179.942611194173,0.564487787913756,179.942611194173,5.19263797335513
1978,500,150,"Veldleeuwerik",21,6.38,3.29153605015674,"1958-1983",179.942611194173,0.564487787913756,179.942611194173,5.19263797335513
1979,300,150,"Veldleeuwerik",15,6.37,2.35478806907378,"1958-1983",128.732211192961,0.564487787913756,128.732211192961,4.85773436450655
1979,400,150,"Veldleeuwerik",15,6.37,2.35478806907378,"1958-1983",128.732211192961,0.564487787913756,128.732211192961,4.85773436450655
1979,500,150,"Veldleeuwerik",15,6.37,2.35478806907378,"1958-1983",128.732211192961,0.564487787913756,128.732211192961,4.85773436450655
1980,300,150,"Veldleeuwerik",12,6.38,1.88087774294671,"1958-1983",102.824349253813,0.564487787913756,102.824349253813,4.63302218541971
1980,400,150,"Veldleeuwerik",12,6.38,1.88087774294671,"1958-1983",102.824349253813,0.564487787913756,102.824349253813,4.63302218541971
1980,500,150,"Veldleeuwerik",12,6.38,1.88087774294671,"1958-1983",102.824349253813,0.564487787913756,102.824349253813,4.63302218541971
1981,300,150,"Veldleeuwerik",11,6.38,1.72413793103448,"1958-1983",94.2556534826621,0.564487787913756,94.2556534826621,4.54601080843008
1981,400,150,"Veldleeuwerik",11,6.38,1.72413793103448,"1958-1983",94.2556534826621,0.564487787913756,94.2556534826621,4.54601080843008
1981,500,150,"Veldleeuwerik",11,6.38,1.72413793103448,"1958-1983",94.2556534826621,0.564487787913756,94.2556534826621,4.54601080843008
1982,300,150,"Veldleeuwerik",7,6.035,1.15990057995029,"1958-1983",63.4097685401173,0.564487787913756,63.4097685401173,4.14961792749423
1982,400,150,"Veldleeuwerik",7,6.035,1.15990057995029,"1958-1983",63.4097685401173,0.564487787913756,63.4097685401173,4.14961792749423
1982,500,150,"Veldleeuwerik",7,6.035,1.15990057995029,"1958-1983",63.4097685401173,0.564487787913756,63.4097685401173,4.14961792749423
1983,300,150,"Veldleeuwerik",8,6.38,1.25391849529781,"1958-1983",68.5495661692088,0.564487787913756,68.5495661692088,4.22755707731155
1983,400,150,"Veldleeuwerik",8,6.38,1.25391849529781,"1958-1983",68.5495661692088,0.564487787913756,68.5495661692088,4.22755707731155
1983,500,150,"Veldleeuwerik",8,6.38,1.25391849529781,"1958-1983",68.5495661692088,0.564487787913756,68.5495661692088,4.22755707731155
1984,300,150,"Veldleeuwerik",1,3.02300608,0.330796555989725,"1984-2025",155.932993879234,0.564487787913756,88.022270777658,4.47758985947846
1984,400,150,"Veldleeuwerik",1,3.02300608,0.330796555989725,"1984-2025",155.932993879234,0.564487787913756,88.022270777658,4.47758985947846
1984,500,150,"Veldleeuwerik",1,3.02300608,0.330796555989725,"1984-2025",155.932993879234,0.564487787913756,88.022270777658,4.47758985947846
1986,300,150,"Veldleeuwerik",1,4.23796013,0.235962578534216,"1984-2025",111.229547732797,0.564487787913756,62.7877213503342,4.13975953445851
1986,400,150,"Veldleeuwerik",1,4.23796013,0.235962578534216,"1984-2025",111.229547732797,0.564487787913756,62.7877213503342,4.13975953445851
1986,500,150,"Veldleeuwerik",1,4.23796013,0.235962578534216,"1984-2025",111.229547732797,0.564487787913756,62.7877213503342,4.13975953445851
1988,300,150,"Veldleeuwerik",1,4.70180252,0.212684389815674,"1984-2025",100.256526420324,0.564487787913756,56.5935848229258,4.03589563643427
1988,400,150,"Veldleeuwerik",1,4.70180252,0.212684389815674,"1984-2025",100.256526420324,0.564487787913756,56.5935848229258,4.03589563643427
1988,500,150,"Veldleeuwerik",1,4.70180252,0.212684389815674,"1984-2025",100.256526420324,0.564487787913756,56.5935848229258,4.03589563643427
1990,300,150,"Veldleeuwerik",1,4.85514176,0.205967209492973,"1984-2025",97.0901390466354,0.564487787913756,54.8061978186743,4.00380328643969
1990,400,150,"Veldleeuwerik",1,4.85514176,0.205967209492973,"1984-2025",97.0901390466354,0.564487787913756,54.8061978186743,4.00380328643969
1990,500,150,"Veldleeuwerik",1,4.85514176,0.205967209492973,"1984-2025",97.0901390466354,0.564487787913756,54.8061978186743,4.00380328643969
1999,300,150,"Veldleeuwerik",2,6.09164596,0.328318489474395,"1984-2025",154.764867053937,0.564487787913756,87.3628774500435,4.47007044929806
1999,400,150,"Veldleeuwerik",2,6.09164596,0.328318489474395,"1984-2025",154.764867053937,0.564487787913756,87.3628774500435,4.47007044929806
1999,500,150,"Veldleeuwerik",2,6.09164596,0.328318489474395,"1984-2025",154.764867053937,0.564487787913756,87.3628774500435,4.47007044929806
2000,300,150,"Veldleeuwerik",1,5.70172844,0.175385413479987,"1984-2025",82.6742966681041,0.564487787913756,46.6686308435037,3.84307222255911
2000,400,150,"Veldleeuwerik",1,5.70172844,0.175385413479987,"1984-2025",82.6742966681041,0.564487787913756,46.6686308435037,3.84307222255911
2000,500,150,"Veldleeuwerik",1,5.70172844,0.175385413479987,"1984-2025",82.6742966681041,0.564487787913756,46.6686308435037,3.84307222255911
2003,300,150,"Veldleeuwerik",1,6.2141484,0.160923096075401,"1984-2025",75.8569570964102,0.564487787913756,42.8203259092213,3.7570128942774
2003,400,150,"Veldleeuwerik",1,6.2141484,0.160923096075401,"1984-2025",75.8569570964102,0.564487787913756,42.8203259092213,3.7570128942774
2003,500,150,"Veldleeuwerik",1,6.2141484,0.160923096075401,"1984-2025",75.8569570964102,0.564487787913756,42.8203259092213,3.7570128942774
2009,300,150,"Veldleeuwerik",1,5.98606767,0.167054576581491,"1984-2025",78.7472535487602,0.564487787913756,44.4518629600234,3.79440687244326
2009,400,150,"Veldleeuwerik",1,5.98606767,0.167054576581491,"1984-2025",78.7472535487602,0.564487787913756,44.4518629600234,3.79440687244326
2009,500,150,"Veldleeuwerik",1,5.98606767,0.167054576581491,"1984-2025",78.7472535487602,0.564487787913756,44.4518629600234,3.79440687244326
2022,300,150,"Veldleeuwerik",1,6.57225335,0.152154816125583,"1984-2025",71.7237092768991,0.564487787913756,40.4871579906861,3.70098483718017
2022,400,150,"Veldleeuwerik",1,6.57225335,0.152154816125583,"1984-2025",71.7237092768991,0.564487787913756,40.4871579906861,3.70098483718017
2022,500,150,"Veldleeuwerik",1,6.57225335,0.152154816125583,"1984-2025",71.7237092768991,0.564487787913756,40.4871579906861,3.70098483718017
2025,300,150,"Veldleeuwerik",1,6.57225335,0.152154816125583,"1984-2025",71.7237092768991,0.564487787913756,40.4871579906861,3.70098483718017
2025,400,150,"Veldleeuwerik",1,6.57225335,0.152154816125583,"1984-2025",71.7237092768991,0.564487787913756,40.4871579906861,3.70098483718017
2025,500,150,"Veldleeuwerik",1,6.57225335,0.152154816125583,"1984-2025",71.7237092768991,0.564487787913756,40.4871579906861,3.70098483718017
1958,700,155,"Boompieper",11,4.3072,2.5538632986627,"1958-1983",52.5401757470446,0.226888092303567,52.5401757470446,3.96157812926597
1959,700,155,"Boompieper",29,5.0372,5.75716667990153,"1958-1983",118.441166888395,0.226888092303567,118.441166888395,4.77441635533274
1960,700,155,"Boompieper",25,5.022,4.97809637594584,"1958-1983",102.413491988736,0.226888092303567,102.413491988736,4.62901846162863
1961,700,155,"Boompieper",27,5.002,5.39784086365454,"1958-1983",111.048820733472,0.226888092303567,111.048820733472,4.70996993104472
1962,700,155,"Boompieper",18,5.002,3.59856057576969,"1958-1983",74.0325471556482,0.226888092303567,74.0325471556482,4.30450482293656
1963,700,155,"Boompieper",28,5.2472,5.33617929562433,"1958-1983",109.780268253454,0.226888092303567,109.780268253454,4.69848080667363
1964,700,155,"Boompieper",21,5.3272,3.94203333833909,"1958-1983",81.0987512548138,0.226888092303567,81.0987512548138,4.39566756340497
1965,700,155,"Boompieper",19,5.315,3.57478833490122,"1958-1983",73.5434850692849,0.226888092303567,73.5434850692849,4.29787686486835
1966,700,155,"Boompieper",26,5.395,4.81927710843374,"1958-1983",99.1461314250474,0.226888092303567,99.1461314250474,4.5965948368072
1967,700,155,"Boompieper",29,5.735,5.0566695727986,"1958-1983",104.029964402829,0.226888092303567,104.029964402829,4.64467897690096
1968,700,155,"Boompieper",27,5.6,4.82142857142857,"1958-1983",99.1903930908621,0.226888092303567,99.1903930908621,4.59704116575904
1969,700,155,"Boompieper",35,5.6,6.25,"1958-1983",128.580139191858,0.226888092303567,128.580139191858,4.85655236124413
1970,700,155,"Boompieper",46,5.625,8.17777777777778,"1958-1983",168.23996879148,0.226888092303567,168.23996879148,5.12539134589443
1971,700,155,"Boompieper",48,5.615,8.54853072128228,"1958-1983",175.867403204536,0.226888092303567,175.867403204536,5.1697303202133
1972,700,155,"Boompieper",58,5.645,10.2745792736935,"1958-1983",211.377093303888,0.226888092303567,211.377093303888,5.35364371044061
1973,700,155,"Boompieper",51,5.715,8.9238845144357,"1958-1983",183.589490079714,0.226888092303567,183.589490079714,5.21270223297337
1974,700,155,"Boompieper",51,5.855,8.71050384286934,"1958-1983",179.199647447577,0.226888092303567,179.199647447577,5.18850053317046
1975,700,155,"Boompieper",46,5.505,8.35603996366939,"1958-1983",171.907325059415,0.226888092303567,171.907325059415,5.14695552381027
1976,700,155,"Boompieper",36,6.49,5.54699537750385,"1958-1983",114.117350037766,0.226888092303567,114.117350037766,4.73722730523593
1977,700,155,"Boompieper",28,6.175,4.53441295546559,"1958-1983",93.285671834741,0.226888092303567,93.285671834741,4.53566652515698
1978,700,155,"Boompieper",17,6.38,2.66457680250784,"1958-1983",54.8178649846167,0.226888092303567,54.8178649846167,4.00401614419534
1979,700,155,"Boompieper",11,6.37,1.72684458398744,"1958-1983",35.5260667154899,0.226888092303567,35.5260667154899,3.57026670071012
1980,700,155,"Boompieper",12,6.38,1.88087774294671,"1958-1983",38.694963518553,0.226888092303567,38.694963518553,3.65570944992712
1981,700,155,"Boompieper",4,6.38,0.626959247648903,"1958-1983",12.898321172851,0.226888092303567,12.898321172851,2.55709716125901
1982,700,155,"Boompieper",1,6.035,0.165700082850041,"1958-1983",3.40891835471373,0.226888092303567,3.40891835471373,1.22639504294632
1983,700,155,"Boompieper",1,6.38,0.156739811912226,"1958-1983",3.22458029321275,0.226888092303567,3.22458029321275,1.17080280013912
1985,700,155,"Boompieper",4,5.13012052,0.779708777679944,"1984-2025",25.9624690848748,0.226888092303567,5.89057508215757,1.77335362993595
1986,700,155,"Boompieper",4,4.23796013,0.943850314136863,"1984-2025",31.4279963276063,0.226888092303567,7.13063813169408,1.9644007299577
1987,700,155,"Boompieper",2,5.02247314,0.39821019331524,"1984-2025",13.2594631857187,0.226888092303567,3.00841430717708,1.10141313170175
1988,700,155,"Boompieper",1,4.70180252,0.212684389815674,"1984-2025",7.08189012807485,0.226888092303567,1.60679654106236,0.47424247081357
1990,700,155,"Boompieper",1,4.85514176,0.205967209492973,"1984-2025",6.85822381642373,0.226888092303567,1.55604931829927,0.442150120818988
1991,700,155,"Boompieper",2,5.55688703,0.359913741129267,"1984-2025",11.9842813686084,0.226888092303567,2.71909073735274,1.00029753668334
1992,700,155,"Boompieper",2,6.1308353,0.326219821954767,"1984-2025",10.8623530795373,0.226888092303567,2.46453856814399,0.902004596521057
1993,700,155,"Boompieper",7,6.1308353,1.14176937684168,"1984-2025",38.0182357783805,0.226888092303567,8.62588498850395,2.15476756501642
1994,700,155,"Boompieper",11,6.1308353,1.79420902075122,"1984-2025",59.7429419374551,0.226888092303567,13.5549621247919,2.60675268875948
1995,700,155,"Boompieper",12,6.09164596,1.96991093684637,"1984-2025",65.5934026419594,0.226888092303567,14.8823619931339,2.70017675290541
1996,700,155,"Boompieper",16,6.44975091,2.48071595682755,"1984-2025",82.6020088283886,0.226888092303567,18.7414122035154,2.93073563168263
1997,700,155,"Boompieper",13,6.09164596,2.13407018158357,"1984-2025",71.0595195287894,0.226888092303567,16.1225588258951,2.78021946057895
1998,700,155,"Boompieper",17,5.62796272,3.02063123829648,"1984-2025",100.579918279784,0.226888092303567,22.8203857825489,3.12765424974892
1999,700,155,"Boompieper",12,6.09164596,1.96991093684637,"1984-2025",65.5934026419594,0.226888092303567,14.8823619931339,2.70017675290541
2000,700,155,"Boompieper",18,5.70172844,3.15693744263976,"1984-2025",105.118594408158,0.226888092303567,23.8501573508993,3.17179081483457
2001,700,155,"Boompieper",23,6.44975091,3.5660291879396,"1984-2025",118.740387690809,0.226888092303567,26.9407800425535,3.293641125372
2002,700,155,"Boompieper",12,6.09164596,1.96991093684637,"1984-2025",65.5934026419594,0.226888092303567,14.8823619931339,2.70017675290541
2003,700,155,"Boompieper",25,6.2141484,4.02307740188503,"1984-2025",133.959018626532,0.226888092303567,30.3937061830319,3.41423555352489
2004,700,155,"Boompieper",28,6.2141484,4.50584669011123,"1984-2025",150.034100861716,0.226888092303567,34.0409509249957,3.5275642388319
2005,700,155,"Boompieper",23,6.2141484,3.70123120973423,"1984-2025",123.24229713641,0.226888092303567,27.9622096883893,3.33085394458584
2006,700,155,"Boompieper",22,5.65793112,3.88834708896209,"1984-2025",129.4728159773,0.226888092303567,29.3758402222604,3.38017257536625
2007,700,155,"Boompieper",17,6.1308353,2.77286848661552,"1984-2025",92.3300011760669,0.226888092303567,20.9485778292239,3.04207076001733
2008,700,155,"Boompieper",13,6.02064405,2.1592374324139,"1984-2025",71.8975298094713,0.226888092303567,16.3126933798098,2.79194353971363
2009,700,155,"Boompieper",17,5.98606767,2.83992780188534,"1984-2025",94.5629187080795,0.226888092303567,21.4552002283334,3.06596705087878
2010,700,155,"Boompieper",19,6.44975091,2.94585019873271,"1984-2025",98.0898854837114,0.226888092303567,22.2554269916746,3.10258588860929
2011,700,155,"Boompieper",12,6.44975091,1.86053696762066,"1984-2025",61.9515066212914,0.226888092303567,14.0560591526366,2.64305355923085
2012,700,155,"Boompieper",21,6.44975091,3.25593969333616,"1984-2025",108.41513658726,0.226888092303567,24.598103517114,3.20266934716627
2013,700,155,"Boompieper",24,6.44975091,3.72107393524132,"1984-2025",123.903013242583,0.226888092303567,28.1121183052732,3.33620073979079
2014,700,155,"Boompieper",25,6.44975091,3.87611868254304,"1984-2025",129.065638794357,0.226888092303567,29.2834565679929,3.37702273431105
2015,700,155,"Boompieper",20,6.57225335,3.04309632251167,"1984-2025",101.32795276538,0.226888092303567,22.9901058999629,3.13506394511346
2016,700,155,"Boompieper",15,6.44975091,2.32567120952583,"1984-2025",77.4393832766143,0.226888092303567,17.5700739407957,2.86619711054506
2017,700,155,"Boompieper",17,6.57225335,2.58663187413492,"1984-2025",86.1287598505728,0.226888092303567,19.5415900149685,2.97254501561568
2018,700,155,"Boompieper",18,6.57225335,2.7387866902605,"1984-2025",91.1951574888418,0.226888092303567,20.6910953099666,3.02970342945563
2019,700,155,"Boompieper",20,6.57225335,3.04309632251167,"1984-2025",101.32795276538,0.226888092303567,22.9901058999629,3.13506394511346
2020,700,155,"Boompieper",31,6.44975091,4.80638716635337,"1984-2025",160.041392105003,0.226888092303567,36.3114861443112,3.592134113928
2021,700,155,"Boompieper",33,6.57225335,5.02110893214426,"1984-2025",167.191122062877,0.226888092303567,37.9336747349388,3.63583923302594
2022,700,155,"Boompieper",48,6.57225335,7.30343117402801,"1984-2025",243.187086636911,0.226888092303567,55.176254159911,4.01053268246736
2023,700,155,"Boompieper",48,6.57225335,7.30343117402801,"1984-2025",243.187086636911,0.226888092303567,55.176254159911,4.01053268246736
2024,700,155,"Boompieper",49,6.57225335,7.45558599015359,"1984-2025",248.25348427518,0.226888092303567,56.3257594549091,4.03115196967009
2025,700,155,"Boompieper",56,6.57225335,8.52066970303267,"1984-2025",283.718267743063,0.226888092303567,64.3722965198962,4.16468336229461
1958,300,156,"Graspieper",1,4.3072,0.232169390787519,"1958-1983",12.1540605682242,3.11767578090241,12.1540605682242,2.49766331709915
1958,400,156,"Graspieper",1,4.3072,0.232169390787519,"1958-1983",12.1540605682242,3.11767578090241,12.1540605682242,2.49766331709915
1958,500,156,"Graspieper",1,4.3072,0.232169390787519,"1958-1983",12.1540605682242,3.11767578090241,12.1540605682242,2.49766331709915
1959,300,156,"Graspieper",1,5.0372,0.198522988962122,"1958-1983",10.3926724528419,3.11767578090241,10.3926724528419,2.34110098597781
1959,400,156,"Graspieper",1,5.0372,0.198522988962122,"1958-1983",10.3926724528419,3.11767578090241,10.3926724528419,2.34110098597781
1959,500,156,"Graspieper",1,5.0372,0.198522988962122,"1958-1983",10.3926724528419,3.11767578090241,10.3926724528419,2.34110098597781
1960,300,156,"Graspieper",1,5.022,0.199123855037834,"1958-1983",10.4241277736868,3.11767578090241,10.4241277736868,2.34412309739197
1960,400,156,"Graspieper",1,5.022,0.199123855037834,"1958-1983",10.4241277736868,3.11767578090241,10.4241277736868,2.34412309739197
1960,500,156,"Graspieper",1,5.022,0.199123855037834,"1958-1983",10.4241277736868,3.11767578090241,10.4241277736868,2.34412309739197
1962,300,156,"Graspieper",1,5.002,0.199920031987205,"1958-1983",10.4658076128459,3.11767578090241,10.4658076128459,2.34811352567194
1962,400,156,"Graspieper",1,5.002,0.199920031987205,"1958-1983",10.4658076128459,3.11767578090241,10.4658076128459,2.34811352567194
1962,500,156,"Graspieper",1,5.002,0.199920031987205,"1958-1983",10.4658076128459,3.11767578090241,10.4658076128459,2.34811352567194
1964,300,156,"Graspieper",1,5.3272,0.187715873254242,"1958-1983",9.82692027321203,3.11767578090241,9.82692027321203,2.28512558631309
1964,400,156,"Graspieper",1,5.3272,0.187715873254242,"1958-1983",9.82692027321203,3.11767578090241,9.82692027321203,2.28512558631309
1964,500,156,"Graspieper",1,5.3272,0.187715873254242,"1958-1983",9.82692027321203,3.11767578090241,9.82692027321203,2.28512558631309
1965,300,156,"Graspieper",1,5.315,0.188146754468485,"1958-1983",9.8494768917131,3.11767578090241,9.8494768917131,2.28741834633345
1965,400,156,"Graspieper",1,5.315,0.188146754468485,"1958-1983",9.8494768917131,3.11767578090241,9.8494768917131,2.28741834633345
1965,500,156,"Graspieper",1,5.315,0.188146754468485,"1958-1983",9.8494768917131,3.11767578090241,9.8494768917131,2.28741834633345
1966,300,156,"Graspieper",2,5.395,0.370713623725672,"1958-1983",19.4068469617999,3.11767578090241,19.4068469617999,2.96562593997721
1966,400,156,"Graspieper",2,5.395,0.370713623725672,"1958-1983",19.4068469617999,3.11767578090241,19.4068469617999,2.96562593997721
1966,500,156,"Graspieper",2,5.395,0.370713623725672,"1958-1983",19.4068469617999,3.11767578090241,19.4068469617999,2.96562593997721
1967,300,156,"Graspieper",2,5.735,0.3487358326068,"1958-1983",18.2563102631055,3.11767578090241,18.2563102631055,2.90451078810598
1967,400,156,"Graspieper",2,5.735,0.3487358326068,"1958-1983",18.2563102631055,3.11767578090241,18.2563102631055,2.90451078810598
1967,500,156,"Graspieper",2,5.735,0.3487358326068,"1958-1983",18.2563102631055,3.11767578090241,18.2563102631055,2.90451078810598
1968,300,156,"Graspieper",2,5.6,0.357142857142857,"1958-1983",18.6964177426625,3.11767578090241,18.6964177426625,2.92833194094621
1968,400,156,"Graspieper",2,5.6,0.357142857142857,"1958-1983",18.6964177426625,3.11767578090241,18.6964177426625,2.92833194094621
1968,500,156,"Graspieper",2,5.6,0.357142857142857,"1958-1983",18.6964177426625,3.11767578090241,18.6964177426625,2.92833194094621
1970,300,156,"Graspieper",3,5.625,0.533333333333333,"1958-1983",27.9199838290427,3.11767578090241,27.9199838290427,3.32934269870499
1970,400,156,"Graspieper",3,5.625,0.533333333333333,"1958-1983",27.9199838290427,3.11767578090241,27.9199838290427,3.32934269870499
1970,500,156,"Graspieper",3,5.625,0.533333333333333,"1958-1983",27.9199838290427,3.11767578090241,27.9199838290427,3.32934269870499
1971,300,156,"Graspieper",4,5.615,0.712377560106857,"1958-1983",37.2929436719182,3.11767578090241,37.2929436719182,3.61880413105685
1971,400,156,"Graspieper",4,5.615,0.712377560106857,"1958-1983",37.2929436719182,3.11767578090241,37.2929436719182,3.61880413105685
1971,500,156,"Graspieper",4,5.615,0.712377560106857,"1958-1983",37.2929436719182,3.11767578090241,37.2929436719182,3.61880413105685
1972,300,156,"Graspieper",5,5.645,0.885739592559787,"1958-1983",46.3684408143978,3.11767578090241,46.3684408143978,3.83661907295984
1972,400,156,"Graspieper",5,5.645,0.885739592559787,"1958-1983",46.3684408143978,3.11767578090241,46.3684408143978,3.83661907295984
1972,500,156,"Graspieper",5,5.645,0.885739592559787,"1958-1983",46.3684408143978,3.11767578090241,46.3684408143978,3.83661907295984
1973,300,156,"Graspieper",7,5.715,1.22484689413823,"1958-1983",64.1206977701112,3.11767578090241,64.1206977701112,4.1607672099359
1973,400,156,"Graspieper",7,5.715,1.22484689413823,"1958-1983",64.1206977701112,3.11767578090241,64.1206977701112,4.1607672099359
1973,500,156,"Graspieper",7,5.715,1.22484689413823,"1958-1983",64.1206977701112,3.11767578090241,64.1206977701112,4.1607672099359
1974,300,156,"Graspieper",25,5.855,4.26985482493595,"1958-1983",223.526770621072,3.11767578090241,223.526770621072,5.40953118594588
1974,400,156,"Graspieper",25,5.855,4.26985482493595,"1958-1983",223.526770621072,3.11767578090241,223.526770621072,5.40953118594588
1974,500,156,"Graspieper",25,5.855,4.26985482493595,"1958-1983",223.526770621072,3.11767578090241,223.526770621072,5.40953118594588
1975,300,156,"Graspieper",27,5.505,4.90463215258856,"1958-1983",256.757344476892,3.11767578090241,256.757344476892,5.54813145395705
1975,400,156,"Graspieper",27,5.505,4.90463215258856,"1958-1983",256.757344476892,3.11767578090241,256.757344476892,5.54813145395705
1975,500,156,"Graspieper",27,5.505,4.90463215258856,"1958-1983",256.757344476892,3.11767578090241,256.757344476892,5.54813145395705
1976,300,156,"Graspieper",25,6.49,3.85208012326656,"1958-1983",201.656277655836,3.11767578090241,201.656277655836,5.30656465227957
1976,400,156,"Graspieper",25,6.49,3.85208012326656,"1958-1983",201.656277655836,3.11767578090241,201.656277655836,5.30656465227957
1976,500,156,"Graspieper",25,6.49,3.85208012326656,"1958-1983",201.656277655836,3.11767578090241,201.656277655836,5.30656465227957
1977,300,156,"Graspieper",21,6.175,3.40080971659919,"1958-1983",178.032285549564,3.11767578090241,178.032285549564,5.18196491333675
1977,400,156,"Graspieper",21,6.175,3.40080971659919,"1958-1983",178.032285549564,3.11767578090241,178.032285549564,5.18196491333675
1977,500,156,"Graspieper",21,6.175,3.40080971659919,"1958-1983",178.032285549564,3.11767578090241,178.032285549564,5.18196491333675
1978,300,156,"Graspieper",29,6.38,4.54545454545455,"1958-1983",237.954407633887,3.11767578090241,237.954407633887,5.47207909075714
1978,400,156,"Graspieper",29,6.38,4.54545454545455,"1958-1983",237.954407633887,3.11767578090241,237.954407633887,5.47207909075714
1978,500,156,"Graspieper",29,6.38,4.54545454545455,"1958-1983",237.954407633887,3.11767578090241,237.954407633887,5.47207909075714
1979,300,156,"Graspieper",25,6.37,3.92464678178964,"1958-1983",205.455140029259,3.11767578090241,205.455140029259,5.32522771341149
1979,400,156,"Graspieper",25,6.37,3.92464678178964,"1958-1983",205.455140029259,3.11767578090241,205.455140029259,5.32522771341149
1979,500,156,"Graspieper",25,6.37,3.92464678178964,"1958-1983",205.455140029259,3.11767578090241,205.455140029259,5.32522771341149
1980,300,156,"Graspieper",18,6.38,2.82131661442006,"1958-1983",147.695839221033,3.11767578090241,147.695839221033,4.99515501866683
1980,400,156,"Graspieper",18,6.38,2.82131661442006,"1958-1983",147.695839221033,3.11767578090241,147.695839221033,4.99515501866683
1980,500,156,"Graspieper",18,6.38,2.82131661442006,"1958-1983",147.695839221033,3.11767578090241,147.695839221033,4.99515501866683
1981,300,156,"Graspieper",22,6.38,3.44827586206897,"1958-1983",180.517136825707,3.11767578090241,180.517136825707,5.19582571412898
1981,400,156,"Graspieper",22,6.38,3.44827586206897,"1958-1983",180.517136825707,3.11767578090241,180.517136825707,5.19582571412898
1981,500,156,"Graspieper",22,6.38,3.44827586206897,"1958-1983",180.517136825707,3.11767578090241,180.517136825707,5.19582571412898
1982,300,156,"Graspieper",26,6.035,4.30820215410108,"1958-1983",225.534252140155,3.11767578090241,225.534252140155,5.41847204159935
1982,400,156,"Graspieper",26,6.035,4.30820215410108,"1958-1983",225.534252140155,3.11767578090241,225.534252140155,5.41847204159935
1982,500,156,"Graspieper",26,6.035,4.30820215410108,"1958-1983",225.534252140155,3.11767578090241,225.534252140155,5.41847204159935
1983,300,156,"Graspieper",18,6.38,2.82131661442006,"1958-1983",147.695839221033,3.11767578090241,147.695839221033,4.99515501866683
1983,400,156,"Graspieper",18,6.38,2.82131661442006,"1958-1983",147.695839221033,3.11767578090241,147.695839221033,4.99515501866683
1983,500,156,"Graspieper",18,6.38,2.82131661442006,"1958-1983",147.695839221033,3.11767578090241,147.695839221033,4.99515501866683
1984,300,156,"Graspieper",8,3.02300608,2.6463724479178,"1984-2025",84.8518725103619,3.11767578090241,264.540627889774,5.57799484211052
1984,400,156,"Graspieper",8,3.02300608,2.6463724479178,"1984-2025",84.8518725103619,3.11767578090241,264.540627889774,5.57799484211052
1984,500,156,"Graspieper",8,3.02300608,2.6463724479178,"1984-2025",84.8518725103619,3.11767578090241,264.540627889774,5.57799484211052
1985,300,156,"Graspieper",10,5.13012052,1.94927194419986,"1984-2025",62.5004143416812,3.11767578090241,194.856028089425,5.27226096838303
1985,400,156,"Graspieper",10,5.13012052,1.94927194419986,"1984-2025",62.5004143416812,3.11767578090241,194.856028089425,5.27226096838303
1985,500,156,"Graspieper",10,5.13012052,1.94927194419986,"1984-2025",62.5004143416812,3.11767578090241,194.856028089425,5.27226096838303
1986,300,156,"Graspieper",4,4.23796013,0.943850314136863,"1984-2025",30.2631122792334,3.11767578090241,94.3505722076961,4.54701733653063
1986,400,156,"Graspieper",4,4.23796013,0.943850314136863,"1984-2025",30.2631122792334,3.11767578090241,94.3505722076961,4.54701733653063
1986,500,156,"Graspieper",4,4.23796013,0.943850314136863,"1984-2025",30.2631122792334,3.11767578090241,94.3505722076961,4.54701733653063
1987,300,156,"Graspieper",4,5.02247314,0.79642038663048,"1984-2025",25.5359978389261,3.11767578090241,79.6129620035961,4.37717691883462
1987,400,156,"Graspieper",4,5.02247314,0.79642038663048,"1984-2025",25.5359978389261,3.11767578090241,79.6129620035961,4.37717691883462
1987,500,156,"Graspieper",4,5.02247314,0.79642038663048,"1984-2025",25.5359978389261,3.11767578090241,79.6129620035961,4.37717691883462
1988,300,156,"Graspieper",10,4.70180252,2.12684389815674,"1984-2025",68.1939866165968,3.11767578090241,212.606740477747,5.35944417038055
1988,400,156,"Graspieper",10,4.70180252,2.12684389815674,"1984-2025",68.1939866165968,3.11767578090241,212.606740477747,5.35944417038055
1988,500,156,"Graspieper",10,4.70180252,2.12684389815674,"1984-2025",68.1939866165968,3.11767578090241,212.606740477747,5.35944417038055
1989,300,156,"Graspieper",13,4.70180252,2.76489706760377,"1984-2025",88.6521826015759,3.11767578090241,276.388762621071,5.62180843484804
1989,400,156,"Graspieper",13,4.70180252,2.76489706760377,"1984-2025",88.6521826015759,3.11767578090241,276.388762621071,5.62180843484804
1989,500,156,"Graspieper",13,4.70180252,2.76489706760377,"1984-2025",88.6521826015759,3.11767578090241,276.388762621071,5.62180843484804
1990,300,156,"Graspieper",11,4.85514176,2.2656393044227,"1984-2025",72.6442483803063,3.11767578090241,226.48121379714,5.42266200019029
1990,400,156,"Graspieper",11,4.85514176,2.2656393044227,"1984-2025",72.6442483803063,3.11767578090241,226.48121379714,5.42266200019029
1990,500,156,"Graspieper",11,4.85514176,2.2656393044227,"1984-2025",72.6442483803063,3.11767578090241,226.48121379714,5.42266200019029
1991,300,156,"Graspieper",16,5.55688703,2.87930992903413,"1984-2025",92.3206554725331,3.11767578090241,287.825871643752,5.66235568493611
1991,400,156,"Graspieper",16,5.55688703,2.87930992903413,"1984-2025",92.3206554725331,3.11767578090241,287.825871643752,5.66235568493611
1991,500,156,"Graspieper",16,5.55688703,2.87930992903413,"1984-2025",92.3206554725331,3.11767578090241,287.825871643752,5.66235568493611
1992,300,156,"Graspieper",18,6.1308353,2.9359783975929,"1984-2025",94.1376429768013,3.11767578090241,293.490649580011,5.68184578043021
1992,400,156,"Graspieper",18,6.1308353,2.9359783975929,"1984-2025",94.1376429768013,3.11767578090241,293.490649580011,5.68184578043021
1992,500,156,"Graspieper",18,6.1308353,2.9359783975929,"1984-2025",94.1376429768013,3.11767578090241,293.490649580011,5.68184578043021
1993,300,156,"Graspieper",17,6.1308353,2.77286848661552,"1984-2025",88.9077739225345,3.11767578090241,277.185613492232,5.62468736659026
1993,400,156,"Graspieper",17,6.1308353,2.77286848661552,"1984-2025",88.9077739225345,3.11767578090241,277.185613492232,5.62468736659026
1993,500,156,"Graspieper",17,6.1308353,2.77286848661552,"1984-2025",88.9077739225345,3.11767578090241,277.185613492232,5.62468736659026
1994,300,156,"Graspieper",15,6.1308353,2.44664866466075,"1984-2025",78.4480358140011,3.11767578090241,244.575541316676,5.49952422363625
1994,400,156,"Graspieper",15,6.1308353,2.44664866466075,"1984-2025",78.4480358140011,3.11767578090241,244.575541316676,5.49952422363625
1994,500,156,"Graspieper",15,6.1308353,2.44664866466075,"1984-2025",78.4480358140011,3.11767578090241,244.575541316676,5.49952422363625
1995,300,156,"Graspieper",20,6.09164596,3.28318489474395,"1984-2025",105.270286628004,3.11767578090241,328.198623068782,5.79361898324433
1995,400,156,"Graspieper",20,6.09164596,3.28318489474395,"1984-2025",105.270286628004,3.11767578090241,328.198623068782,5.79361898324433
1995,500,156,"Graspieper",20,6.09164596,3.28318489474395,"1984-2025",105.270286628004,3.11767578090241,328.198623068782,5.79361898324433
1996,300,156,"Graspieper",23,6.44975091,3.5660291879396,"1984-2025",114.33925495308,3.11767578090241,356.472725973643,5.87625773194493
1996,400,156,"Graspieper",23,6.44975091,3.5660291879396,"1984-2025",114.33925495308,3.11767578090241,356.472725973643,5.87625773194493
1996,500,156,"Graspieper",23,6.44975091,3.5660291879396,"1984-2025",114.33925495308,3.11767578090241,356.472725973643,5.87625773194493
1997,300,156,"Graspieper",22,6.09164596,3.61150338421834,"1984-2025",115.797315290804,3.11767578090241,361.018485375661,5.88892916304866
1997,400,156,"Graspieper",22,6.09164596,3.61150338421834,"1984-2025",115.797315290804,3.11767578090241,361.018485375661,5.88892916304866
1997,500,156,"Graspieper",22,6.09164596,3.61150338421834,"1984-2025",115.797315290804,3.11767578090241,361.018485375661,5.88892916304866
1998,300,156,"Graspieper",19,5.62796272,3.37599961927253,"1984-2025",108.246248374802,3.11767578090241,337.476706931667,5.82149649143207
1998,400,156,"Graspieper",19,5.62796272,3.37599961927253,"1984-2025",108.246248374802,3.11767578090241,337.476706931667,5.82149649143207
1998,500,156,"Graspieper",19,5.62796272,3.37599961927253,"1984-2025",108.246248374802,3.11767578090241,337.476706931667,5.82149649143207
1999,300,156,"Graspieper",22,6.09164596,3.61150338421834,"1984-2025",115.797315290804,3.11767578090241,361.018485375661,5.88892916304866
1999,400,156,"Graspieper",22,6.09164596,3.61150338421834,"1984-2025",115.797315290804,3.11767578090241,361.018485375661,5.88892916304866
1999,500,156,"Graspieper",22,6.09164596,3.61150338421834,"1984-2025",115.797315290804,3.11767578090241,361.018485375661,5.88892916304866
2000,300,156,"Graspieper",29,5.70172844,5.08617699091962,"1984-2025",163.080462063537,3.11767578090241,508.432006913862,6.23133149349781
2000,400,156,"Graspieper",29,5.70172844,5.08617699091962,"1984-2025",163.080462063537,3.11767578090241,508.432006913862,6.23133149349781
2000,500,156,"Graspieper",29,5.70172844,5.08617699091962,"1984-2025",163.080462063537,3.11767578090241,508.432006913862,6.23133149349781
2001,300,156,"Graspieper",22,6.44975091,3.41098444063788,"1984-2025",109.367982998598,3.11767578090241,340.973911800876,5.83180596937409
2001,400,156,"Graspieper",22,6.44975091,3.41098444063788,"1984-2025",109.367982998598,3.11767578090241,340.973911800876,5.83180596937409
2001,500,156,"Graspieper",22,6.44975091,3.41098444063788,"1984-2025",109.367982998598,3.11767578090241,340.973911800876,5.83180596937409
2002,300,156,"Graspieper",27,6.09164596,4.43229960790433,"1984-2025",142.114886947805,3.11767578090241,443.068141142856,6.09372357569467
2002,400,156,"Graspieper",27,6.09164596,4.43229960790433,"1984-2025",142.114886947805,3.11767578090241,443.068141142856,6.09372357569467
2002,500,156,"Graspieper",27,6.09164596,4.43229960790433,"1984-2025",142.114886947805,3.11767578090241,443.068141142856,6.09372357569467
2003,300,156,"Graspieper",38,6.2141484,6.11507765086524,"1984-2025",196.070583197931,3.11767578090241,611.284508583601,6.41556249495601
2003,400,156,"Graspieper",38,6.2141484,6.11507765086524,"1984-2025",196.070583197931,3.11767578090241,611.284508583601,6.41556249495601
2003,500,156,"Graspieper",38,6.2141484,6.11507765086524,"1984-2025",196.070583197931,3.11767578090241,611.284508583601,6.41556249495601
2004,300,156,"Graspieper",32,6.2141484,5.14953907441283,"1984-2025",165.112070061416,3.11767578090241,514.765901965138,6.24371223802935
2004,400,156,"Graspieper",32,6.2141484,5.14953907441283,"1984-2025",165.112070061416,3.11767578090241,514.765901965138,6.24371223802935
2004,500,156,"Graspieper",32,6.2141484,5.14953907441283,"1984-2025",165.112070061416,3.11767578090241,514.765901965138,6.24371223802935
2005,300,156,"Graspieper",38,6.2141484,6.11507765086524,"1984-2025",196.070583197931,3.11767578090241,611.284508583601,6.41556249495601
2005,400,156,"Graspieper",38,6.2141484,6.11507765086524,"1984-2025",196.070583197931,3.11767578090241,611.284508583601,6.41556249495601
2005,500,156,"Graspieper",38,6.2141484,6.11507765086524,"1984-2025",196.070583197931,3.11767578090241,611.284508583601,6.41556249495601
2006,300,156,"Graspieper",13,5.65793112,2.2976596434776,"1984-2025",73.6709314268905,3.11767578090241,229.682078666138,5.4366960860424
2006,400,156,"Graspieper",13,5.65793112,2.2976596434776,"1984-2025",73.6709314268905,3.11767578090241,229.682078666138,5.4366960860424
2006,500,156,"Graspieper",13,5.65793112,2.2976596434776,"1984-2025",73.6709314268905,3.11767578090241,229.682078666138,5.4366960860424
2007,300,156,"Graspieper",28,6.1308353,4.56707750736674,"1984-2025",146.436333519469,3.11767578090241,456.541010457794,6.12367853270925
2007,400,156,"Graspieper",28,6.1308353,4.56707750736674,"1984-2025",146.436333519469,3.11767578090241,456.541010457794,6.12367853270925
2007,500,156,"Graspieper",28,6.1308353,4.56707750736674,"1984-2025",146.436333519469,3.11767578090241,456.541010457794,6.12367853270925
2008,300,156,"Graspieper",25,6.02064405,4.15237967771903,"1984-2025",133.139683836134,3.11767578090241,415.086367772919,6.02848661369322
2008,400,156,"Graspieper",25,6.02064405,4.15237967771903,"1984-2025",133.139683836134,3.11767578090241,415.086367772919,6.02848661369322
2008,500,156,"Graspieper",25,6.02064405,4.15237967771903,"1984-2025",133.139683836134,3.11767578090241,415.086367772919,6.02848661369322
2009,300,156,"Graspieper",18,5.98606767,3.00698237846683,"1984-2025",96.414276690088,3.11767578090241,300.588455369911,5.70574207129165
2009,400,156,"Graspieper",18,5.98606767,3.00698237846683,"1984-2025",96.414276690088,3.11767578090241,300.588455369911,5.70574207129165
2009,500,156,"Graspieper",18,5.98606767,3.00698237846683,"1984-2025",96.414276690088,3.11767578090241,300.588455369911,5.70574207129165
2010,300,156,"Graspieper",13,6.44975091,2.01558171492238,"1984-2025",64.6265354082627,3.11767578090241,201.484584245972,5.30571287347732
2010,400,156,"Graspieper",13,6.44975091,2.01558171492238,"1984-2025",64.6265354082627,3.11767578090241,201.484584245972,5.30571287347732
2010,500,156,"Graspieper",13,6.44975091,2.01558171492238,"1984-2025",64.6265354082627,3.11767578090241,201.484584245972,5.30571287347732
2011,300,156,"Graspieper",12,6.44975091,1.86053696762066,"1984-2025",59.655263453781,3.11767578090241,185.985770073205,5.22567016580378
2011,400,156,"Graspieper",12,6.44975091,1.86053696762066,"1984-2025",59.655263453781,3.11767578090241,185.985770073205,5.22567016580378
2011,500,156,"Graspieper",12,6.44975091,1.86053696762066,"1984-2025",59.655263453781,3.11767578090241,185.985770073205,5.22567016580378
2012,300,156,"Graspieper",8,6.44975091,1.24035797841377,"1984-2025",39.770175635854,3.11767578090241,123.990513382137,4.82020505769561
2012,400,156,"Graspieper",8,6.44975091,1.24035797841377,"1984-2025",39.770175635854,3.11767578090241,123.990513382137,4.82020505769561
2012,500,156,"Graspieper",8,6.44975091,1.24035797841377,"1984-2025",39.770175635854,3.11767578090241,123.990513382137,4.82020505769561
2013,300,156,"Graspieper",8,6.44975091,1.24035797841377,"1984-2025",39.770175635854,3.11767578090241,123.990513382137,4.82020505769561
2013,400,156,"Graspieper",8,6.44975091,1.24035797841377,"1984-2025",39.770175635854,3.11767578090241,123.990513382137,4.82020505769561
2013,500,156,"Graspieper",8,6.44975091,1.24035797841377,"1984-2025",39.770175635854,3.11767578090241,123.990513382137,4.82020505769561
2014,300,156,"Graspieper",12,6.44975091,1.86053696762066,"1984-2025",59.655263453781,3.11767578090241,185.985770073205,5.22567016580378
2014,400,156,"Graspieper",12,6.44975091,1.86053696762066,"1984-2025",59.655263453781,3.11767578090241,185.985770073205,5.22567016580378
2014,500,156,"Graspieper",12,6.44975091,1.86053696762066,"1984-2025",59.655263453781,3.11767578090241,185.985770073205,5.22567016580378
2015,300,156,"Graspieper",15,6.57225335,2.28232224188375,"1984-2025",73.1791611752371,3.11767578090241,228.14889846279,5.4299984792346
2015,400,156,"Graspieper",15,6.57225335,2.28232224188375,"1984-2025",73.1791611752371,3.11767578090241,228.14889846279,5.4299984792346
2015,500,156,"Graspieper",15,6.57225335,2.28232224188375,"1984-2025",73.1791611752371,3.11767578090241,228.14889846279,5.4299984792346
2016,300,156,"Graspieper",13,6.44975091,2.01558171492238,"1984-2025",64.6265354082627,3.11767578090241,201.484584245972,5.30571287347732
2016,400,156,"Graspieper",13,6.44975091,2.01558171492238,"1984-2025",64.6265354082627,3.11767578090241,201.484584245972,5.30571287347732
2016,500,156,"Graspieper",13,6.44975091,2.01558171492238,"1984-2025",64.6265354082627,3.11767578090241,201.484584245972,5.30571287347732
2017,300,156,"Graspieper",15,6.57225335,2.28232224188375,"1984-2025",73.1791611752371,3.11767578090241,228.14889846279,5.4299984792346
2017,400,156,"Graspieper",15,6.57225335,2.28232224188375,"1984-2025",73.1791611752371,3.11767578090241,228.14889846279,5.4299984792346
2017,500,156,"Graspieper",15,6.57225335,2.28232224188375,"1984-2025",73.1791611752371,3.11767578090241,228.14889846279,5.4299984792346
2018,300,156,"Graspieper",21,6.57225335,3.19525113863725,"1984-2025",102.450825645332,3.11767578090241,319.408457847907,5.76647071585582
2018,400,156,"Graspieper",21,6.57225335,3.19525113863725,"1984-2025",102.450825645332,3.11767578090241,319.408457847907,5.76647071585582
2018,500,156,"Graspieper",21,6.57225335,3.19525113863725,"1984-2025",102.450825645332,3.11767578090241,319.408457847907,5.76647071585582
2019,300,156,"Graspieper",22,6.57225335,3.34740595476284,"1984-2025",107.329436390348,3.11767578090241,334.618384412092,5.81299073149071
2019,400,156,"Graspieper",22,6.57225335,3.34740595476284,"1984-2025",107.329436390348,3.11767578090241,334.618384412092,5.81299073149071
2019,500,156,"Graspieper",22,6.57225335,3.34740595476284,"1984-2025",107.329436390348,3.11767578090241,334.618384412092,5.81299073149071
2020,300,156,"Graspieper",21,6.44975091,3.25593969333616,"1984-2025",104.396711044117,3.11767578090241,325.475097628109,5.7852859537392
2020,400,156,"Graspieper",21,6.44975091,3.25593969333616,"1984-2025",104.396711044117,3.11767578090241,325.475097628109,5.7852859537392
2020,500,156,"Graspieper",21,6.44975091,3.25593969333616,"1984-2025",104.396711044117,3.11767578090241,325.475097628109,5.7852859537392
2021,300,156,"Graspieper",17,6.57225335,2.58663187413492,"1984-2025",82.9363826652687,3.11767578090241,258.568751591162,5.55516162218861
2021,400,156,"Graspieper",17,6.57225335,2.58663187413492,"1984-2025",82.9363826652687,3.11767578090241,258.568751591162,5.55516162218861
2021,500,156,"Graspieper",17,6.57225335,2.58663187413492,"1984-2025",82.9363826652687,3.11767578090241,258.568751591162,5.55516162218861
2022,300,156,"Graspieper",22,6.57225335,3.34740595476284,"1984-2025",107.329436390348,3.11767578090241,334.618384412092,5.81299073149071
2022,400,156,"Graspieper",22,6.57225335,3.34740595476284,"1984-2025",107.329436390348,3.11767578090241,334.618384412092,5.81299073149071
2022,500,156,"Graspieper",22,6.57225335,3.34740595476284,"1984-2025",107.329436390348,3.11767578090241,334.618384412092,5.81299073149071
2023,300,156,"Graspieper",31,6.57225335,4.71679929989309,"1984-2025",151.23693309549,3.11767578090241,471.507723489767,6.15593548261754
2023,400,156,"Graspieper",31,6.57225335,4.71679929989309,"1984-2025",151.23693309549,3.11767578090241,471.507723489767,6.15593548261754
2023,500,156,"Graspieper",31,6.57225335,4.71679929989309,"1984-2025",151.23693309549,3.11767578090241,471.507723489767,6.15593548261754
2024,300,156,"Graspieper",32,6.57225335,4.86895411601867,"1984-2025",156.115543840506,3.11767578090241,486.717650053953,6.18768418093212
2024,400,156,"Graspieper",32,6.57225335,4.86895411601867,"1984-2025",156.115543840506,3.11767578090241,486.717650053953,6.18768418093212
2024,500,156,"Graspieper",32,6.57225335,4.86895411601867,"1984-2025",156.115543840506,3.11767578090241,486.717650053953,6.18768418093212
2025,300,156,"Graspieper",30,6.57225335,4.5646444837675,"1984-2025",146.358322350474,3.11767578090241,456.297796925581,6.12314565979455
2025,400,156,"Graspieper",30,6.57225335,4.5646444837675,"1984-2025",146.358322350474,3.11767578090241,456.297796925581,6.12314565979455
2025,500,156,"Graspieper",30,6.57225335,4.5646444837675,"1984-2025",146.358322350474,3.11767578090241,456.297796925581,6.12314565979455
1958,300,162,"Witte Kwikstaart",1,4.3072,0.232169390787519,"1958-1983",53.1598730292084,0.693468746083172,53.1598730292084,3.97330384537734
1958,900,162,"Witte Kwikstaart",1,4.3072,0.232169390787519,"1958-1983",53.1598730292084,0.693468746083172,53.1598730292084,3.97330384537734
1959,300,162,"Witte Kwikstaart",4,5.0372,0.794091955848487,"1958-1983",181.823398007946,0.693468746083172,181.823398007946,5.20303587537589
1959,900,162,"Witte Kwikstaart",4,5.0372,0.794091955848487,"1958-1983",181.823398007946,0.693468746083172,181.823398007946,5.20303587537589
1960,300,162,"Witte Kwikstaart",2,5.022,0.398247710075667,"1958-1983",91.1868598611734,0.693468746083172,91.1868598611734,4.51291080623011
1960,900,162,"Witte Kwikstaart",2,5.022,0.398247710075667,"1958-1983",91.1868598611734,0.693468746083172,91.1868598611734,4.51291080623011
1961,300,162,"Witte Kwikstaart",3,5.002,0.599760095961615,"1958-1983",137.327192189968,0.693468746083172,137.327192189968,4.92236634261824
1961,900,162,"Witte Kwikstaart",3,5.002,0.599760095961615,"1958-1983",137.327192189968,0.693468746083172,137.327192189968,4.92236634261824
1963,300,162,"Witte Kwikstaart",1,5.2472,0.190577831986583,"1958-1983",43.6366452796551,0.693468746083172,43.6366452796551,3.77589728540817
1963,900,162,"Witte Kwikstaart",1,5.2472,0.190577831986583,"1958-1983",43.6366452796551,0.693468746083172,43.6366452796551,3.77589728540817
1965,300,162,"Witte Kwikstaart",1,5.315,0.188146754468485,"1958-1983",43.0800009616945,0.693468746083172,43.0800009616945,3.76305887461164
1965,900,162,"Witte Kwikstaart",1,5.315,0.188146754468485,"1958-1983",43.0800009616945,0.693468746083172,43.0800009616945,3.76305887461164
1966,300,162,"Witte Kwikstaart",1,5.395,0.185356811862836,"1958-1983",42.4411872310299,0.693468746083172,42.4411872310299,3.74811928769546
1966,900,162,"Witte Kwikstaart",1,5.395,0.185356811862836,"1958-1983",42.4411872310299,0.693468746083172,42.4411872310299,3.74811928769546
1967,300,162,"Witte Kwikstaart",3,5.735,0.5231037489102,"1958-1983",119.775172682514,0.693468746083172,119.775172682514,4.78561642449233
1967,900,162,"Witte Kwikstaart",3,5.735,0.5231037489102,"1958-1983",119.775172682514,0.693468746083172,119.775172682514,4.78561642449233
1968,300,162,"Witte Kwikstaart",2,5.6,0.357142857142857,"1958-1983",81.7750732540737,0.693468746083172,81.7750732540737,4.4039724692244
1968,900,162,"Witte Kwikstaart",2,5.6,0.357142857142857,"1958-1983",81.7750732540737,0.693468746083172,81.7750732540737,4.4039724692244
1969,300,162,"Witte Kwikstaart",1,5.6,0.178571428571429,"1958-1983",40.8875366270369,0.693468746083172,40.8875366270369,3.71082528866445
1969,900,162,"Witte Kwikstaart",1,5.6,0.178571428571429,"1958-1983",40.8875366270369,0.693468746083172,40.8875366270369,3.71082528866445
1970,300,162,"Witte Kwikstaart",3,5.625,0.533333333333333,"1958-1983",122.117442726083,0.693468746083172,122.117442726083,4.80498322698318
1970,900,162,"Witte Kwikstaart",3,5.625,0.533333333333333,"1958-1983",122.117442726083,0.693468746083172,122.117442726083,4.80498322698318
1971,300,162,"Witte Kwikstaart",2,5.615,0.356188780053428,"1958-1983",81.5566180272151,0.693468746083172,81.5566180272151,4.4012974787751
1971,900,162,"Witte Kwikstaart",2,5.615,0.356188780053428,"1958-1983",81.5566180272151,0.693468746083172,81.5566180272151,4.4012974787751
1972,300,162,"Witte Kwikstaart",1,5.645,0.177147918511957,"1958-1983",40.5615952367416,0.693468746083172,40.5615952367416,3.70282168880393
1972,900,162,"Witte Kwikstaart",1,5.645,0.177147918511957,"1958-1983",40.5615952367416,0.693468746083172,40.5615952367416,3.70282168880393
1973,300,162,"Witte Kwikstaart",2,5.715,0.349956255468067,"1958-1983",80.129555594543,0.693468746083172,80.129555594543,4.38364476971873
1973,900,162,"Witte Kwikstaart",2,5.715,0.349956255468067,"1958-1983",80.129555594543,0.693468746083172,80.129555594543,4.38364476971873
1974,300,162,"Witte Kwikstaart",2,5.855,0.341588385994876,"1958-1983",78.2135628049211,0.693468746083172,78.2135628049211,4.35944306991582
1974,900,162,"Witte Kwikstaart",2,5.855,0.341588385994876,"1958-1983",78.2135628049211,0.693468746083172,78.2135628049211,4.35944306991582
1975,300,162,"Witte Kwikstaart",1,5.505,0.181653042688465,"1958-1983",41.5931344434889,0.693468746083172,41.5931344434889,3.72793511623091
1975,900,162,"Witte Kwikstaart",1,5.505,0.181653042688465,"1958-1983",41.5931344434889,0.693468746083172,41.5931344434889,3.72793511623091
1976,300,162,"Witte Kwikstaart",4,6.49,0.61633281972265,"1958-1983",141.121852148787,0.693468746083172,141.121852148787,4.94962371680945
1976,900,162,"Witte Kwikstaart",4,6.49,0.61633281972265,"1958-1983",141.121852148787,0.693468746083172,141.121852148787,4.94962371680945
1977,300,162,"Witte Kwikstaart",7,6.175,1.1336032388664,"1958-1983",259.561366118194,0.693468746083172,259.561366118194,5.55899315294683
1977,900,162,"Witte Kwikstaart",7,6.175,1.1336032388664,"1958-1983",259.561366118194,0.693468746083172,259.561366118194,5.55899315294683
1978,300,162,"Witte Kwikstaart",7,6.38,1.09717868338558,"1958-1983",251.221228178659,0.693468746083172,251.221228178659,5.52633393810417
1978,900,162,"Witte Kwikstaart",7,6.38,1.09717868338558,"1958-1983",251.221228178659,0.693468746083172,251.221228178659,5.52633393810417
1979,300,162,"Witte Kwikstaart",4,6.37,0.627943485086342,"1958-1983",143.780348578591,0.693468746083172,143.780348578591,4.96828677794137
1979,900,162,"Witte Kwikstaart",4,6.37,0.627943485086342,"1958-1983",143.780348578591,0.693468746083172,143.780348578591,4.96828677794137
1980,300,162,"Witte Kwikstaart",2,6.38,0.313479623824451,"1958-1983",71.7774937653312,0.693468746083172,71.7774937653312,4.2735709696088
1980,900,162,"Witte Kwikstaart",2,6.38,0.313479623824451,"1958-1983",71.7774937653312,0.693468746083172,71.7774937653312,4.2735709696088
1981,300,162,"Witte Kwikstaart",4,6.38,0.626959247648903,"1958-1983",143.554987530662,0.693468746083172,143.554987530662,4.96671815016875
1981,900,162,"Witte Kwikstaart",4,6.38,0.626959247648903,"1958-1983",143.554987530662,0.693468746083172,143.554987530662,4.96671815016875
1982,300,162,"Witte Kwikstaart",1,6.035,0.165700082850041,"1958-1983",37.940381957151,0.693468746083172,37.940381957151,3.63601603185606
1982,900,162,"Witte Kwikstaart",1,6.035,0.165700082850041,"1958-1983",37.940381957151,0.693468746083172,37.940381957151,3.63601603185606
1983,300,162,"Witte Kwikstaart",2,6.38,0.313479623824451,"1958-1983",71.7774937653312,0.693468746083172,71.7774937653312,4.2735709696088
1983,900,162,"Witte Kwikstaart",2,6.38,0.313479623824451,"1958-1983",71.7774937653312,0.693468746083172,71.7774937653312,4.2735709696088
1985,300,162,"Witte Kwikstaart",2,5.13012052,0.389854388839972,"1984-2025",121.742022589901,0.693468746083172,84.4242877510482,4.43585512976638
1985,900,162,"Witte Kwikstaart",2,5.13012052,0.389854388839972,"1984-2025",121.742022589901,0.693468746083172,84.4242877510482,4.43585512976638
1987,300,162,"Witte Kwikstaart",2,5.02247314,0.39821019331524,"1984-2025",124.351336647418,0.693468746083172,86.2337654986517,4.45706181209212
1987,900,162,"Witte Kwikstaart",2,5.02247314,0.39821019331524,"1984-2025",124.351336647418,0.693468746083172,86.2337654986517,4.45706181209212
1998,300,162,"Witte Kwikstaart",1,5.62796272,0.177684190488028,"1984-2025",55.4864414804401,0.693468746083172,38.4781129980581,3.65008958608308
1998,900,162,"Witte Kwikstaart",1,5.62796272,0.177684190488028,"1984-2025",55.4864414804401,0.693468746083172,38.4781129980581,3.65008958608308
1999,300,162,"Witte Kwikstaart",3,6.09164596,0.492477734211592,"1984-2025",153.788791814837,0.693468746083172,106.647720621481,4.6695310721759
1999,900,162,"Witte Kwikstaart",3,6.09164596,0.492477734211592,"1984-2025",153.788791814837,0.693468746083172,106.647720621481,4.6695310721759
2000,300,162,"Witte Kwikstaart",3,5.70172844,0.52615624043996,"1984-2025",164.305768366642,0.693468746083172,113.940915163447,4.73568002599689
2000,900,162,"Witte Kwikstaart",3,5.70172844,0.52615624043996,"1984-2025",164.305768366642,0.693468746083172,113.940915163447,4.73568002599689
2001,300,162,"Witte Kwikstaart",3,6.44975091,0.465134241905165,"1984-2025",145.250085689299,0.693468746083172,100.726394791432,4.61240787850133
2001,900,162,"Witte Kwikstaart",3,6.44975091,0.465134241905165,"1984-2025",145.250085689299,0.693468746083172,100.726394791432,4.61240787850133
2002,300,162,"Witte Kwikstaart",1,6.09164596,0.164159244737197,"1984-2025",51.2629306049458,0.693468746083172,35.5492402071604,3.57091878350779
2002,900,162,"Witte Kwikstaart",1,6.09164596,0.164159244737197,"1984-2025",51.2629306049458,0.693468746083172,35.5492402071604,3.57091878350779
2003,300,162,"Witte Kwikstaart",2,6.2141484,0.321846192150802,"1984-2025",100.504720523693,0.693468746083172,69.6968825170054,4.24415558960701
2003,900,162,"Witte Kwikstaart",2,6.2141484,0.321846192150802,"1984-2025",100.504720523693,0.693468746083172,69.6968825170054,4.24415558960701
2005,300,162,"Witte Kwikstaart",1,6.2141484,0.160923096075401,"1984-2025",50.2523602618467,0.693468746083172,34.8484412585027,3.55100840904707
2005,900,162,"Witte Kwikstaart",1,6.2141484,0.160923096075401,"1984-2025",50.2523602618467,0.693468746083172,34.8484412585027,3.55100840904707
2008,300,162,"Witte Kwikstaart",1,6.02064405,0.166095187108761,"1984-2025",51.8674782172812,0.693468746083172,35.9684750818342,3.58264286264246
2008,900,162,"Witte Kwikstaart",1,6.02064405,0.166095187108761,"1984-2025",51.8674782172812,0.693468746083172,35.9684750818342,3.58264286264246
2009,300,162,"Witte Kwikstaart",1,5.98606767,0.167054576581491,"1984-2025",52.1670721636494,0.693468746083172,36.1762341201563,3.58840238721293
2009,900,162,"Witte Kwikstaart",1,5.98606767,0.167054576581491,"1984-2025",52.1670721636494,0.693468746083172,36.1762341201563,3.58840238721293
2010,300,162,"Witte Kwikstaart",1,6.44975091,0.155044747301722,"1984-2025",48.4166952297664,0.693468746083172,33.5754649304772,3.51379558983322
2010,900,162,"Witte Kwikstaart",1,6.44975091,0.155044747301722,"1984-2025",48.4166952297664,0.693468746083172,33.5754649304772,3.51379558983322
2011,300,162,"Witte Kwikstaart",3,6.44975091,0.465134241905165,"1984-2025",145.250085689299,0.693468746083172,100.726394791432,4.61240787850133
2011,900,162,"Witte Kwikstaart",3,6.44975091,0.465134241905165,"1984-2025",145.250085689299,0.693468746083172,100.726394791432,4.61240787850133
2012,300,162,"Witte Kwikstaart",2,6.44975091,0.310089494603444,"1984-2025",96.8333904595328,0.693468746083172,67.1509298609544,4.20694277039317
2012,900,162,"Witte Kwikstaart",2,6.44975091,0.310089494603444,"1984-2025",96.8333904595328,0.693468746083172,67.1509298609544,4.20694277039317
2013,300,162,"Witte Kwikstaart",3,6.44975091,0.465134241905165,"1984-2025",145.250085689299,0.693468746083172,100.726394791432,4.61240787850133
2013,900,162,"Witte Kwikstaart",3,6.44975091,0.465134241905165,"1984-2025",145.250085689299,0.693468746083172,100.726394791432,4.61240787850133
2014,300,162,"Witte Kwikstaart",1,6.44975091,0.155044747301722,"1984-2025",48.4166952297664,0.693468746083172,33.5754649304772,3.51379558983322
2014,900,162,"Witte Kwikstaart",1,6.44975091,0.155044747301722,"1984-2025",48.4166952297664,0.693468746083172,33.5754649304772,3.51379558983322
2015,300,162,"Witte Kwikstaart",3,6.57225335,0.45646444837675,"1984-2025",142.542720504245,0.693468746083172,98.8489216513626,4.59359264061795
2015,900,162,"Witte Kwikstaart",3,6.57225335,0.45646444837675,"1984-2025",142.542720504245,0.693468746083172,98.8489216513626,4.59359264061795
2016,300,162,"Witte Kwikstaart",3,6.44975091,0.465134241905165,"1984-2025",145.250085689299,0.693468746083172,100.726394791432,4.61240787850133
2016,900,162,"Witte Kwikstaart",3,6.44975091,0.465134241905165,"1984-2025",145.250085689299,0.693468746083172,100.726394791432,4.61240787850133
2017,300,162,"Witte Kwikstaart",1,6.57225335,0.152154816125583,"1984-2025",47.5142401680815,0.693468746083172,32.9496405504542,3.49498035194984
2017,900,162,"Witte Kwikstaart",1,6.57225335,0.152154816125583,"1984-2025",47.5142401680815,0.693468746083172,32.9496405504542,3.49498035194984
2018,300,162,"Witte Kwikstaart",2,6.57225335,0.304309632251167,"1984-2025",95.0284803361631,0.693468746083172,65.8992811009084,4.18812753250978
2018,900,162,"Witte Kwikstaart",2,6.57225335,0.304309632251167,"1984-2025",95.0284803361631,0.693468746083172,65.8992811009084,4.18812753250978
2019,300,162,"Witte Kwikstaart",2,6.57225335,0.304309632251167,"1984-2025",95.0284803361631,0.693468746083172,65.8992811009084,4.18812753250978
2019,900,162,"Witte Kwikstaart",2,6.57225335,0.304309632251167,"1984-2025",95.0284803361631,0.693468746083172,65.8992811009084,4.18812753250978
2020,300,162,"Witte Kwikstaart",2,6.44975091,0.310089494603444,"1984-2025",96.8333904595328,0.693468746083172,67.1509298609544,4.20694277039317
2020,900,162,"Witte Kwikstaart",2,6.44975091,0.310089494603444,"1984-2025",96.8333904595328,0.693468746083172,67.1509298609544,4.20694277039317
2021,300,162,"Witte Kwikstaart",3,6.57225335,0.45646444837675,"1984-2025",142.542720504245,0.693468746083172,98.8489216513626,4.59359264061795
2021,900,162,"Witte Kwikstaart",3,6.57225335,0.45646444837675,"1984-2025",142.542720504245,0.693468746083172,98.8489216513626,4.59359264061795
2022,300,162,"Witte Kwikstaart",2,6.57225335,0.304309632251167,"1984-2025",95.0284803361631,0.693468746083172,65.8992811009084,4.18812753250978
2022,900,162,"Witte Kwikstaart",2,6.57225335,0.304309632251167,"1984-2025",95.0284803361631,0.693468746083172,65.8992811009084,4.18812753250978
2023,300,162,"Witte Kwikstaart",2,6.57225335,0.304309632251167,"1984-2025",95.0284803361631,0.693468746083172,65.8992811009084,4.18812753250978
2023,900,162,"Witte Kwikstaart",2,6.57225335,0.304309632251167,"1984-2025",95.0284803361631,0.693468746083172,65.8992811009084,4.18812753250978
2024,300,162,"Witte Kwikstaart",3,6.57225335,0.45646444837675,"1984-2025",142.542720504245,0.693468746083172,98.8489216513626,4.59359264061795
2024,900,162,"Witte Kwikstaart",3,6.57225335,0.45646444837675,"1984-2025",142.542720504245,0.693468746083172,98.8489216513626,4.59359264061795
2025,300,162,"Witte Kwikstaart",1,6.57225335,0.152154816125583,"1984-2025",47.5142401680815,0.693468746083172,32.9496405504542,3.49498035194984
2025,900,162,"Witte Kwikstaart",1,6.57225335,0.152154816125583,"1984-2025",47.5142401680815,0.693468746083172,32.9496405504542,3.49498035194984
1958,600,164,"Winterkoning",1,4.3072,0.232169390787519,"1958-1983",2.29698066758747,3.75220885951388,2.29698066758747,0.831595507296911
1959,600,164,"Winterkoning",12,5.0372,2.38227586754546,"1958-1983",23.5691776338428,3.75220885951388,23.5691776338428,3.15993982596357
1960,600,164,"Winterkoning",22,5.022,4.38072481083234,"1958-1983",43.340942431605,3.75220885951388,43.340942431605,3.76909774094805
1961,600,164,"Winterkoning",30,5.002,5.99760095961615,"1958-1983",59.3375957502964,3.75220885951388,59.3375957502964,4.08324309753186
1962,600,164,"Winterkoning",35,5.002,6.99720111955218,"1958-1983",69.2271950420124,3.75220885951388,69.2271950420124,4.23739377735911
1963,600,164,"Winterkoning",4,5.2472,0.762311327946333,"1958-1983",7.54196915035276,3.75220885951388,7.54196915035276,2.02048330844763
1964,600,164,"Winterkoning",3,5.3272,0.563147619762727,"1958-1983",5.57153202325767,3.75220885951388,5.57153202325767,1.71767006517896
1965,600,164,"Winterkoning",8,5.315,1.50517403574788,"1958-1983",14.8915223050728,3.75220885951388,14.8915223050728,2.70079207821105
1966,600,164,"Winterkoning",10,5.395,1.85356811862836,"1958-1983",18.3383783715158,3.75220885951388,18.3383783715158,2.90899604260908
1967,600,164,"Winterkoning",22,5.735,3.8360941586748,"1958-1983",37.9526090482163,3.75220885951388,37.9526090482163,3.63633825110211
1968,600,164,"Winterkoning",23,5.6,4.10714285714286,"1958-1983",40.6342442898131,3.75220885951388,40.6342442898131,3.70461116651317
1969,600,164,"Winterkoning",32,5.6,5.71428571428571,"1958-1983",56.5346007510443,3.75220885951388,56.5346007510443,4.03485285338375
1970,600,164,"Winterkoning",34,5.625,6.04444444444444,"1958-1983",59.8010443499935,3.75220885951388,59.8010443499935,4.0910231248508
1971,600,164,"Winterkoning",38,5.615,6.76758682101514,"1958-1983",66.955493320471,3.75220885951388,66.955493320471,4.20402811986111
1972,600,164,"Winterkoning",57,5.645,10.0974313551816,"1958-1983",99.8994937983466,3.75220885951388,99.8994937983466,4.60416461855805
1973,600,164,"Winterkoning",89,5.715,15.573053368329,"1958-1983",154.072862064307,3.75220885951388,154.072862064307,5.03742562081049
1974,600,164,"Winterkoning",129,5.855,22.0324508966695,"1958-1983",217.979267626785,3.75220885951388,217.979267626785,5.38439995563712
1975,600,164,"Winterkoning",155,5.505,28.1562216167121,"1958-1983",278.565130857779,3.75220885951388,278.565130857779,5.62965189506973
1976,600,164,"Winterkoning",141,6.49,21.7257318952234,"1958-1983",214.94472627612,3.75220885951388,214.94472627612,5.3703809079873
1977,600,164,"Winterkoning",148,6.175,23.9676113360324,"1958-1983",237.124884121789,3.75220885951388,237.124884121789,5.4685869395752
1978,600,164,"Winterkoning",130,6.38,20.3761755485893,"1958-1983",201.592816157721,3.75220885951388,201.592816157721,5.30624990142401
1979,600,164,"Winterkoning",9,6.37,1.41287284144427,"1958-1983",13.9783353505329,3.75220885951388,13.9783353505329,2.63750865607728
1980,600,164,"Winterkoning",62,6.38,9.71786833855799,"1958-1983",96.1442661675283,3.75220885951388,96.1442661675283,4.56584983601352
1981,600,164,"Winterkoning",110,6.38,17.2413793103448,"1958-1983",170.57853674884,3.75220885951388,170.57853674884,5.13919581676085
1982,600,164,"Winterkoning",102,6.035,16.9014084507042,"1958-1983",167.215016305906,3.75220885951388,167.215016305906,5.1192805070599
1983,600,164,"Winterkoning",156,6.38,24.4514106583072,"1958-1983",241.911379389265,3.75220885951388,241.911379389265,5.48857145821797
1984,600,164,"Winterkoning",57,3.02300608,18.8554036914143,"1984-2025",80.6467145835385,3.75220885951388,302.60331695104,5.71242276279795
1985,600,164,"Winterkoning",45,5.13012052,8.77172374889937,"1984-2025",37.5176640691733,3.75220885951388,140.774111508618,4.94715655969202
1986,600,164,"Winterkoning",36,4.23796013,8.49465282723176,"1984-2025",36.3326000999887,3.75220885951388,136.327503984353,4.91506010839956
1987,600,164,"Winterkoning",53,5.02247314,10.5525701228539,"1984-2025",45.1345473556782,3.75220885951388,169.354248458125,5.13199266579957
1988,600,164,"Winterkoning",147,4.70180252,31.2646053029041,"1984-2025",133.722286814702,3.75220885951388,501.75394930058,6.21810985869795
1989,600,164,"Winterkoning",187,4.70180252,39.7719808955311,"1984-2025",170.109303635029,3.75220885951388,638.285636185091,6.4587858887738
1990,600,164,"Winterkoning",233,4.85514176,47.9903598118626,"1984-2025",205.260248671891,3.75220885951388,770.179323572692,6.64662337549033
1991,600,164,"Winterkoning",60,5.55688703,10.797412233878,"1984-2025",46.1817650217093,3.75220885951388,173.283627862446,5.15492971945114
1992,600,164,"Winterkoning",134,6.1308353,21.8567280709694,"1984-2025",93.4837216597013,3.75220885951388,350.770448631861,5.86013201701766
1993,600,164,"Winterkoning",210,6.1308353,34.2530813052505,"1984-2025",146.504339914457,3.75220885951388,549.714882184259,6.30939974778422
1994,600,164,"Winterkoning",249,6.1308353,40.6143678333685,"1984-2025",173.712288755714,3.75220885951388,651.804788875622,6.47974511353146
1995,600,164,"Winterkoning",255,6.09164596,41.8606074079853,"1984-2025",179.042597717627,3.75220885951388,671.805221386459,6.50996844938148
1996,600,164,"Winterkoning",45,6.44975091,6.97701362857748,"1984-2025",29.8414839564297,3.75220885951388,111.971480482357,4.71824420031881
1997,600,164,"Winterkoning",50,6.09164596,8.20796223685987,"1984-2025",35.1063917093386,3.75220885951388,131.726513997345,4.8807279096512
1998,600,164,"Winterkoning",109,5.62796272,19.367576763195,"1984-2025",82.8373372937847,3.75220885951388,310.822990892279,5.73922358902748
1999,600,164,"Winterkoning",206,6.09164596,33.8168044158627,"1984-2025",144.638333842475,3.75220885951388,542.713237669061,6.29658107301263
2000,600,164,"Winterkoning",218,5.70172844,38.2340201386371,"1984-2025",163.531269866471,3.75220885951388,613.603479600528,6.41934892083313
2001,600,164,"Winterkoning",272,6.44975091,42.1721712660683,"1984-2025",180.37519191442,3.75220885951388,676.805393137801,6.51738377684449
2002,600,164,"Winterkoning",239,6.09164596,39.2340594921902,"1984-2025",167.808552370638,3.75220885951388,629.652736907308,6.44516845615456
2003,600,164,"Winterkoning",163,6.2141484,26.2304646602904,"1984-2025",112.190692465273,3.75220885951388,420.962910223193,6.0425447305691
2004,600,164,"Winterkoning",186,6.2141484,29.9316958700246,"1984-2025",128.021280972642,3.75220885951388,480.362584671864,6.17454120347553
2005,600,164,"Winterkoning",135,6.2141484,21.7246179701791,"1984-2025",92.918671673692,3.75220885951388,348.650263068289,5.85406930820076
2006,600,164,"Winterkoning",129,5.65793112,22.7998533852777,"1984-2025",97.5175763193162,3.75220885951388,365.906313823659,5.90237732747524
2007,600,164,"Winterkoning",192,6.1308353,31.3171029076576,"1984-2025",133.946825064647,3.75220885951388,502.596463711323,6.21978758909453
2008,600,164,"Winterkoning",133,6.02064405,22.0906598854652,"1984-2025",94.4842747416938,3.75220885951388,354.524732770527,5.87077811157948
2009,600,164,"Winterkoning",102,5.98606767,17.039566811312,"1984-2025",72.880172906865,3.75220885951388,273.461630464042,5.61116132121247
2010,600,164,"Winterkoning",80,6.44975091,12.4035797841377,"1984-2025",53.0515270336528,3.75220885951388,199.060409746412,5.29360834522237
2011,600,164,"Winterkoning",73,6.44975091,11.3182665530257,"1984-2025",48.4095184182082,3.75220885951388,181.642623893601,5.20204115169688
2012,600,164,"Winterkoning",114,6.44975091,17.6751011923963,"1984-2025",75.5984260229553,3.75220885951388,283.661083888637,5.64778015894298
2013,600,164,"Winterkoning",53,6.44975091,8.21737160699125,"1984-2025",35.146636659795,3.75220885951388,131.877521456998,4.88187362410061
2014,600,164,"Winterkoning",129,6.44975091,20.0007724019221,"1984-2025",85.5455873417651,3.75220885951388,320.98491071609,5.77139411491016
2015,600,164,"Winterkoning",150,6.57225335,22.8232224188375,"1984-2025",97.6175283442336,3.75220885951388,366.281354697081,5.90340176676136
2016,600,164,"Winterkoning",180,6.44975091,27.9080545143099,"1984-2025",119.365935825719,3.75220885951388,447.885921929427,6.1045385614387
2017,600,164,"Winterkoning",157,6.57225335,23.8883061317166,"1984-2025",102.173013000298,3.75220885951388,383.374484582945,5.94901227801341
2018,600,164,"Winterkoning",151,6.57225335,22.9753772349631,"1984-2025",98.2683118665285,3.75220885951388,368.723230395061,5.91004630948003
2019,600,164,"Winterkoning",154,6.57225335,23.4318416833399,"1984-2025",100.220662433413,3.75220885951388,376.048857489003,5.92971907507873
2020,600,164,"Winterkoning",138,6.44975091,21.3961751276376,"1984-2025",91.5138841330511,3.75220885951388,343.379206812561,5.83883539570569
2021,600,164,"Winterkoning",120,6.57225335,18.25857793507,"1984-2025",78.0940226753869,3.75220885951388,293.025083757665,5.68025821544715
2022,600,164,"Winterkoning",132,6.57225335,20.084435728577,"1984-2025",85.9034249429256,3.75220885951388,322.327592133431,5.77556839525148
2023,600,164,"Winterkoning",120,6.57225335,18.25857793507,"1984-2025",78.0940226753869,3.75220885951388,293.025083757665,5.68025821544715
2024,600,164,"Winterkoning",135,6.57225335,20.5409001769538,"1984-2025",87.8557755098103,3.75220885951388,329.653219227373,5.79804125110353
2025,600,164,"Winterkoning",122,6.57225335,18.5628875673212,"1984-2025",79.3955897199767,3.75220885951388,297.908835153626,5.69678751739836
1958,600,165,"Heggenmus",15,4.3072,3.48254086181278,"1958-1983",14.5567003087553,1.56715881065094,14.5567003087553,2.6780513899388
1958,700,165,"Heggenmus",15,4.3072,3.48254086181278,"1958-1983",14.5567003087553,1.56715881065094,14.5567003087553,2.6780513899388
1959,600,165,"Heggenmus",24,5.0372,4.76455173509092,"1958-1983",19.9153877772955,1.56715881065094,19.9153877772955,2.9914926880632
1959,700,165,"Heggenmus",24,5.0372,4.76455173509092,"1958-1983",19.9153877772955,1.56715881065094,19.9153877772955,2.9914926880632
1960,600,165,"Heggenmus",39,5.022,7.76583034647551,"1958-1983",32.4604561691883,1.56715881065094,32.4604561691883,3.48002261525906
1960,700,165,"Heggenmus",39,5.022,7.76583034647551,"1958-1983",32.4604561691883,1.56715881065094,32.4604561691883,3.48002261525906
1961,600,165,"Heggenmus",51,5.002,10.1959216313475,"1958-1983",42.6180141018713,1.56715881065094,42.6180141018713,3.7522770301337
1961,700,165,"Heggenmus",51,5.002,10.1959216313475,"1958-1983",42.6180141018713,1.56715881065094,42.6180141018713,3.7522770301337
1962,600,165,"Heggenmus",55,5.002,10.9956017592963,"1958-1983",45.9606034431946,1.56715881065094,45.9606034431946,3.82778458264185
1962,700,165,"Heggenmus",55,5.002,10.9956017592963,"1958-1983",45.9606034431946,1.56715881065094,45.9606034431946,3.82778458264185
1963,600,165,"Heggenmus",55,5.2472,10.4817807592621,"1958-1983",43.8128789493176,1.56715881065094,43.8128789493176,3.77992781409989
1963,700,165,"Heggenmus",55,5.2472,10.4817807592621,"1958-1983",43.8128789493176,1.56715881065094,43.8128789493176,3.77992781409989
1964,600,165,"Heggenmus",64,5.3272,12.0138158882715,"1958-1983",50.2166447974136,1.56715881065094,50.2166447974136,3.9163465414102
1964,700,165,"Heggenmus",64,5.3272,12.0138158882715,"1958-1983",50.2166447974136,1.56715881065094,50.2166447974136,3.9163465414102
1965,600,165,"Heggenmus",76,5.315,14.2991533396049,"1958-1983",59.7691450274089,1.56715881065094,59.7691450274089,4.09048955835723
1965,700,165,"Heggenmus",76,5.315,14.2991533396049,"1958-1983",59.7691450274089,1.56715881065094,59.7691450274089,4.09048955835723
1966,600,165,"Heggenmus",77,5.395,14.2724745134384,"1958-1983",59.6576299892498,1.56715881065094,59.6576299892498,4.08862205300839
1966,700,165,"Heggenmus",77,5.395,14.2724745134384,"1958-1983",59.6576299892498,1.56715881065094,59.6576299892498,4.08862205300839
1967,600,165,"Heggenmus",85,5.735,14.821272885789,"1958-1983",61.9515566804883,1.56715881065094,61.9515566804883,4.12635273577379
1967,700,165,"Heggenmus",85,5.735,14.821272885789,"1958-1983",61.9515566804883,1.56715881065094,61.9515566804883,4.12635273577379
1968,600,165,"Heggenmus",86,5.6,15.3571428571429,"1958-1983",64.1914438453438,1.56715881065094,64.1914438453438,4.16186992837721
1968,700,165,"Heggenmus",86,5.6,15.3571428571429,"1958-1983",64.1914438453438,1.56715881065094,64.1914438453438,4.16186992837721
1969,600,165,"Heggenmus",82,5.6,14.6428571428571,"1958-1983",61.2057952943976,1.56715881065094,61.2057952943976,4.11424187938796
1969,700,165,"Heggenmus",82,5.6,14.6428571428571,"1958-1983",61.2057952943976,1.56715881065094,61.2057952943976,4.11424187938796
1970,600,165,"Heggenmus",92,5.625,16.3555555555556,"1958-1983",68.3647170421109,1.56715881065094,68.3647170421109,4.22485685882336
1970,700,165,"Heggenmus",92,5.625,16.3555555555556,"1958-1983",68.3647170421109,1.56715881065094,68.3647170421109,4.22485685882336
1971,600,165,"Heggenmus",95,5.615,16.9189670525378,"1958-1983",70.7197252494831,1.56715881065094,70.7197252494831,4.25872453327494
1971,700,165,"Heggenmus",95,5.615,16.9189670525378,"1958-1983",70.7197252494831,1.56715881065094,70.7197252494831,4.25872453327494
1972,600,165,"Heggenmus",111,5.645,19.6634189548273,"1958-1983",82.19128163278,1.56715881065094,82.19128163278,4.40904923357551
1972,700,165,"Heggenmus",111,5.645,19.6634189548273,"1958-1983",82.19128163278,1.56715881065094,82.19128163278,4.40904923357551
1973,600,165,"Heggenmus",141,5.715,24.6719160104987,"1958-1983",103.126338400137,1.56715881065094,103.126338400137,4.6359548229962
1973,700,165,"Heggenmus",141,5.715,24.6719160104987,"1958-1983",103.126338400137,1.56715881065094,103.126338400137,4.6359548229962
1974,600,165,"Heggenmus",173,5.855,29.5473953885568,"1958-1983",123.505393516512,1.56715881065094,123.505393516512,4.8162848273129
1974,700,165,"Heggenmus",173,5.855,29.5473953885568,"1958-1983",123.505393516512,1.56715881065094,123.505393516512,4.8162848273129
1975,600,165,"Heggenmus",168,5.505,30.5177111716621,"1958-1983",127.561224193016,1.56715881065094,127.561224193016,4.84859643909342
1975,700,165,"Heggenmus",168,5.505,30.5177111716621,"1958-1983",127.561224193016,1.56715881065094,127.561224193016,4.84859643909342
1976,600,165,"Heggenmus",200,6.49,30.8166409861325,"1958-1983",128.810723307387,1.56715881065094,128.810723307387,4.85834406569684
1976,700,165,"Heggenmus",200,6.49,30.8166409861325,"1958-1983",128.810723307387,1.56715881065094,128.810723307387,4.85834406569684
1977,600,165,"Heggenmus",195,6.175,31.5789473684211,"1958-1983",131.997093831307,1.56715881065094,131.997093831307,4.88277990591451
1977,700,165,"Heggenmus",195,6.175,31.5789473684211,"1958-1983",131.997093831307,1.56715881065094,131.997093831307,4.88277990591451
1978,600,165,"Heggenmus",189,6.38,29.6238244514107,"1958-1983",123.824859965575,1.56715881065094,123.824859965575,4.81886814756775
1978,700,165,"Heggenmus",189,6.38,29.6238244514107,"1958-1983",123.824859965575,1.56715881065094,123.824859965575,4.81886814756775
1979,600,165,"Heggenmus",220,6.37,34.5368916797488,"1958-1983",144.36102883696,1.56715881065094,144.36102883696,4.97231730663309
1979,700,165,"Heggenmus",220,6.37,34.5368916797488,"1958-1983",144.36102883696,1.56715881065094,144.36102883696,4.97231730663309
1980,600,165,"Heggenmus",282,6.38,44.2006269592476,"1958-1983",184.754552964509,1.56715881065094,184.754552964509,5.21902820344622
1980,700,165,"Heggenmus",282,6.38,44.2006269592476,"1958-1983",184.754552964509,1.56715881065094,184.754552964509,5.21902820344622
1981,600,165,"Heggenmus",355,6.38,55.6426332288401,"1958-1983",232.581086178726,1.56715881065094,232.581086178726,5.44923892198352
1981,700,165,"Heggenmus",355,6.38,55.6426332288401,"1958-1983",232.581086178726,1.56715881065094,232.581086178726,5.44923892198352
1982,600,165,"Heggenmus",360,6.035,59.6520298260149,"1958-1983",249.339994975459,1.56715881065094,249.339994975459,5.51881740676547
1982,700,165,"Heggenmus",360,6.035,59.6520298260149,"1958-1983",249.339994975459,1.56715881065094,249.339994975459,5.51881740676547
1983,600,165,"Heggenmus",416,6.38,65.2037617554859,"1958-1983",272.545723522113,1.56715881065094,272.545723522113,5.60780639276937
1983,700,165,"Heggenmus",416,6.38,65.2037617554859,"1958-1983",272.545723522113,1.56715881065094,272.545723522113,5.60780639276937
1984,600,165,"Heggenmus",209,3.02300608,69.1364802018526,"1984-2025",176.38702775205,1.56715881065094,276.426484626157,5.62194490722405
1984,700,165,"Heggenmus",209,3.02300608,69.1364802018526,"1984-2025",176.38702775205,1.56715881065094,276.426484626157,5.62194490722405
1985,600,165,"Heggenmus",318,5.13012052,61.9868478255556,"1984-2025",158.14626107297,1.56715881065094,247.840306412008,5.51278461299772
1985,700,165,"Heggenmus",318,5.13012052,61.9868478255556,"1984-2025",158.14626107297,1.56715881065094,247.840306412008,5.51278461299772
1986,600,165,"Heggenmus",244,4.23796013,57.5748691623486,"1984-2025",146.890035696201,1.56715881065094,230.200013638133,5.43894855553249
1986,700,165,"Heggenmus",244,4.23796013,57.5748691623486,"1984-2025",146.890035696201,1.56715881065094,230.200013638133,5.43894855553249
1987,600,165,"Heggenmus",283,5.02247314,56.3467423541064,"1984-2025",143.756731299218,1.56715881065094,225.289628045948,5.41738681018653
1987,700,165,"Heggenmus",283,5.02247314,56.3467423541064,"1984-2025",143.756731299218,1.56715881065094,225.289628045948,5.41738681018653
1988,600,165,"Heggenmus",263,4.70180252,55.9359945215224,"1984-2025",142.708795547592,1.56715881065094,223.647346299792,5.41007046439282
1988,700,165,"Heggenmus",263,4.70180252,55.9359945215224,"1984-2025",142.708795547592,1.56715881065094,223.647346299792,5.41007046439282
1989,600,165,"Heggenmus",263,4.70180252,55.9359945215224,"1984-2025",142.708795547592,1.56715881065094,223.647346299792,5.41007046439282
1989,700,165,"Heggenmus",263,4.70180252,55.9359945215224,"1984-2025",142.708795547592,1.56715881065094,223.647346299792,5.41007046439282
1990,600,165,"Heggenmus",252,4.85514176,51.9037367922291,"1984-2025",132.421347388187,1.56715881065094,207.525281277666,5.3352531697319
1990,700,165,"Heggenmus",252,4.85514176,51.9037367922291,"1984-2025",132.421347388187,1.56715881065094,207.525281277666,5.3352531697319
1991,600,165,"Heggenmus",252,5.55688703,45.3491313822876,"1984-2025",115.698665484631,1.56715881065094,181.318182994795,5.20025340503631
1991,700,165,"Heggenmus",252,5.55688703,45.3491313822876,"1984-2025",115.698665484631,1.56715881065094,181.318182994795,5.20025340503631
1992,600,165,"Heggenmus",278,6.1308353,45.3445552517126,"1984-2025",115.686990460557,1.56715881065094,181.299886377953,5.20015249105323
1992,700,165,"Heggenmus",278,6.1308353,45.3445552517126,"1984-2025",115.686990460557,1.56715881065094,181.299886377953,5.20015249105323
1993,600,165,"Heggenmus",289,6.1308353,47.1387642724638,"1984-2025",120.264533248565,1.56715881065094,188.473622889311,5.23895806547503
1993,700,165,"Heggenmus",289,6.1308353,47.1387642724638,"1984-2025",120.264533248565,1.56715881065094,188.473622889311,5.23895806547503
1994,600,165,"Heggenmus",281,6.1308353,45.8338849846447,"1984-2025",116.935411220923,1.56715881065094,183.25635997196,5.21088604669634
1994,700,165,"Heggenmus",281,6.1308353,45.8338849846447,"1984-2025",116.935411220923,1.56715881065094,183.25635997196,5.21088604669634
1995,600,165,"Heggenmus",269,6.09164596,44.1588368343061,"1984-2025",112.661882054885,1.56715881065094,176.55906108683,5.17365544412074
1995,700,165,"Heggenmus",269,6.09164596,44.1588368343061,"1984-2025",112.661882054885,1.56715881065094,176.55906108683,5.17365544412074
1996,600,165,"Heggenmus",300,6.44975091,46.5134241905165,"1984-2025",118.669111004521,1.56715881065094,185.97334286285,5.22560334550054
1996,700,165,"Heggenmus",300,6.44975091,46.5134241905165,"1984-2025",118.669111004521,1.56715881065094,185.97334286285,5.22560334550054
1997,600,165,"Heggenmus",289,6.09164596,47.4420217290501,"1984-2025",121.038230163055,1.56715881065094,189.686128825628,5.24537075263133
1997,700,165,"Heggenmus",289,6.09164596,47.4420217290501,"1984-2025",121.038230163055,1.56715881065094,189.686128825628,5.24537075263133
1998,600,165,"Heggenmus",277,5.62796272,49.2185207651837,"1984-2025",125.570589691239,1.56715881065094,196.78905599326,5.28213237328152
1998,700,165,"Heggenmus",277,5.62796272,49.2185207651837,"1984-2025",125.570589691239,1.56715881065094,196.78905599326,5.28213237328152
1999,600,165,"Heggenmus",267,6.09164596,43.8305183448317,"1984-2025",111.824247244068,1.56715881065094,175.24635431295,5.16619272291915
1999,700,165,"Heggenmus",267,6.09164596,43.8305183448317,"1984-2025",111.824247244068,1.56715881065094,175.24635431295,5.16619272291915
2000,600,165,"Heggenmus",255,5.70172844,44.7232804373966,"1984-2025",114.101939882419,1.56715881065094,178.815860399096,5.18635656349832
2000,700,165,"Heggenmus",255,5.70172844,44.7232804373966,"1984-2025",114.101939882419,1.56715881065094,178.815860399096,5.18635656349832
2001,600,165,"Heggenmus",268,6.44975091,41.5519922768614,"1984-2025",106.011072497372,1.56715881065094,166.136186290812,5.11280785135519
2001,700,165,"Heggenmus",268,6.44975091,41.5519922768614,"1984-2025",106.011072497372,1.56715881065094,166.136186290812,5.11280785135519
2002,600,165,"Heggenmus",237,6.09164596,38.9057410027158,"1984-2025",99.2597250818132,1.56715881065094,155.555752704754,5.04700420565403
2002,700,165,"Heggenmus",237,6.09164596,38.9057410027158,"1984-2025",99.2597250818132,1.56715881065094,155.555752704754,5.04700420565403
2003,600,165,"Heggenmus",238,6.2141484,38.2996968659455,"1984-2025",97.7135323387148,1.56715881065094,153.132623124442,5.03130436372965
2003,700,165,"Heggenmus",238,6.2141484,38.2996968659455,"1984-2025",97.7135323387148,1.56715881065094,153.132623124442,5.03130436372965
2004,600,165,"Heggenmus",226,6.2141484,36.3686197130406,"1984-2025",92.7867996157543,1.56715881065094,145.411650529933,4.97956868933046
2004,700,165,"Heggenmus",226,6.2141484,36.3686197130406,"1984-2025",92.7867996157543,1.56715881065094,145.411650529933,4.97956868933046
2005,600,165,"Heggenmus",221,6.2141484,35.5640042326636,"1984-2025",90.7339943145208,1.56715881065094,142.194578615554,4.95719639157593
2005,700,165,"Heggenmus",221,6.2141484,35.5640042326636,"1984-2025",90.7339943145208,1.56715881065094,142.194578615554,4.95719639157593
2006,600,165,"Heggenmus",168,5.65793112,29.6928323157105,"1984-2025",75.7549476400428,1.56715881065094,118.720033644494,4.77676806281268
2006,700,165,"Heggenmus",168,5.65793112,29.6928323157105,"1984-2025",75.7549476400428,1.56715881065094,118.720033644494,4.77676806281268
2007,600,165,"Heggenmus",227,6.1308353,37.025949791866,"1984-2025",94.4638375343397,1.56715881065094,148.039835279839,4.997481394844
2007,700,165,"Heggenmus",227,6.1308353,37.025949791866,"1984-2025",94.4638375343397,1.56715881065094,148.039835279839,4.997481394844
2008,600,165,"Heggenmus",178,6.02064405,29.5649433053595,"1984-2025",75.4286660250098,1.56715881065094,118.208698536741,4.77245169394566
2008,700,165,"Heggenmus",178,6.02064405,29.5649433053595,"1984-2025",75.4286660250098,1.56715881065094,118.208698536741,4.77245169394566
2009,600,165,"Heggenmus",192,5.98606767,32.0744787036462,"1984-2025",81.8312119551754,1.56715881065094,128.242504801798,4.85392304025183
2009,700,165,"Heggenmus",192,5.98606767,32.0744787036462,"1984-2025",81.8312119551754,1.56715881065094,128.242504801798,4.85392304025183
2010,600,165,"Heggenmus",192,6.44975091,29.7685914819306,"1984-2025",75.9482310428936,1.56715881065094,119.022939432224,4.77931624287212
2010,700,165,"Heggenmus",192,6.44975091,29.7685914819306,"1984-2025",75.9482310428936,1.56715881065094,119.022939432224,4.77931624287212
2011,600,165,"Heggenmus",212,6.44975091,32.869486427965,"1984-2025",83.8595051098616,1.56715881065094,131.421162289747,4.87840714551635
2011,700,165,"Heggenmus",212,6.44975091,32.869486427965,"1984-2025",83.8595051098616,1.56715881065094,131.421162289747,4.87840714551635
2012,600,165,"Heggenmus",213,6.44975091,33.0245311752667,"1984-2025",84.25506881321,1.56715881065094,132.041073432623,4.88311303655376
2012,700,165,"Heggenmus",213,6.44975091,33.0245311752667,"1984-2025",84.25506881321,1.56715881065094,132.041073432623,4.88311303655376
2013,600,165,"Heggenmus",208,6.44975091,32.2493074387581,"1984-2025",82.277250296468,1.56715881065094,128.941517718242,4.85935895054565
2013,700,165,"Heggenmus",208,6.44975091,32.2493074387581,"1984-2025",82.277250296468,1.56715881065094,128.941517718242,4.85935895054565
2014,600,165,"Heggenmus",232,6.44975091,35.9703813739995,"1984-2025",91.7707791768297,1.56715881065094,143.81938514727,4.96855824251064
2014,700,165,"Heggenmus",232,6.44975091,35.9703813739995,"1984-2025",91.7707791768297,1.56715881065094,143.81938514727,4.96855824251064
2015,600,165,"Heggenmus",213,6.57225335,32.4089758347493,"1984-2025",82.6846102562547,1.56715881065094,129.579915468328,4.86429779867037
2015,700,165,"Heggenmus",213,6.57225335,32.4089758347493,"1984-2025",82.6846102562547,1.56715881065094,129.579915468328,4.86429779867037
2016,600,165,"Heggenmus",198,6.44975091,30.6988599657409,"1984-2025",78.321613262984,1.56715881065094,122.742406289481,4.81008790153887
2016,700,165,"Heggenmus",198,6.44975091,30.6988599657409,"1984-2025",78.321613262984,1.56715881065094,122.742406289481,4.81008790153887
2017,600,165,"Heggenmus",192,6.57225335,29.213724696112,"1984-2025",74.5326064281732,1.56715881065094,116.80443084469,4.76050100498873
2017,700,165,"Heggenmus",192,6.57225335,29.213724696112,"1984-2025",74.5326064281732,1.56715881065094,116.80443084469,4.76050100498873
2018,600,165,"Heggenmus",178,6.57225335,27.0835572703539,"1984-2025",69.0979372094523,1.56715881065094,108.287441095598,4.68478918325304
2018,700,165,"Heggenmus",178,6.57225335,27.0835572703539,"1984-2025",69.0979372094523,1.56715881065094,108.287441095598,4.68478918325304
2019,600,165,"Heggenmus",183,6.57225335,27.8443313509818,"1984-2025",71.0388905018526,1.56715881065094,111.329223148846,4.71249178580237
2019,700,165,"Heggenmus",183,6.57225335,27.8443313509818,"1984-2025",71.0388905018526,1.56715881065094,111.329223148846,4.71249178580237
2020,600,165,"Heggenmus",187,6.44975091,28.993367745422,"1984-2025",73.9704125261515,1.56715881065094,115.923383717843,4.75292948769892
2020,700,165,"Heggenmus",187,6.44975091,28.993367745422,"1984-2025",73.9704125261515,1.56715881065094,115.923383717843,4.75292948769892
2021,600,165,"Heggenmus",183,6.57225335,27.8443313509818,"1984-2025",71.0388905018526,1.56715881065094,111.329223148846,4.71249178580237
2021,700,165,"Heggenmus",183,6.57225335,27.8443313509818,"1984-2025",71.0388905018526,1.56715881065094,111.329223148846,4.71249178580237
2022,600,165,"Heggenmus",147,6.57225335,22.3667579704608,"1984-2025",57.0640267965701,1.56715881065094,89.4283923654661,4.49343821973969
2022,700,165,"Heggenmus",147,6.57225335,22.3667579704608,"1984-2025",57.0640267965701,1.56715881065094,89.4283923654661,4.49343821973969
2023,600,165,"Heggenmus",145,6.57225335,22.0624483382096,"1984-2025",56.28764547961,1.56715881065094,88.2116795441673,4.47973937538152
2023,700,165,"Heggenmus",145,6.57225335,22.0624483382096,"1984-2025",56.28764547961,1.56715881065094,88.2116795441673,4.47973937538152
2024,600,165,"Heggenmus",161,6.57225335,24.4969253962189,"1984-2025",62.4986960152911,1.56715881065094,97.9453821145581,4.58440999794541
2024,700,165,"Heggenmus",161,6.57225335,24.4969253962189,"1984-2025",62.4986960152911,1.56715881065094,97.9453821145581,4.58440999794541
2025,600,165,"Heggenmus",144,6.57225335,21.910293522084,"1984-2025",55.8994548211299,1.56715881065094,87.6033231335178,4.47281893253695
2025,700,165,"Heggenmus",144,6.57225335,21.910293522084,"1984-2025",55.8994548211299,1.56715881065094,87.6033231335178,4.47281893253695
1960,600,166,"Roodborst",12,5.022,2.389486260454,"1958-1983",102.753616395735,2.56451615353466,102.753616395735,4.63233404882252
1961,600,166,"Roodborst",2,5.002,0.39984006397441,"1958-1983",17.1940777535446,2.56451615353466,17.1940777535446,2.84456500787443
1962,600,166,"Roodborst",6,5.002,1.19952019192323,"1958-1983",51.5822332606338,2.56451615353466,51.5822332606338,3.94317729654254
1964,600,166,"Roodborst",5,5.3272,0.938579366271212,"1958-1983",40.3611545104512,2.56451615353466,40.3611545104512,3.69786780038974
1965,600,166,"Roodborst",7,5.315,1.3170272812794,"1958-1983",56.6353187641215,2.56451615353466,56.6353187641215,4.03663279703132
1966,600,166,"Roodborst",6,5.395,1.11214087117702,"1958-1983",47.824713766393,2.56451615353466,47.824713766393,3.86754253028787
1967,600,166,"Roodborst",9,5.735,1.5693112467306,"1958-1983",67.4841318490908,2.56451615353466,67.4841318490908,4.2118924865248
1968,600,166,"Roodborst",7,5.6,1.25,"1958-1983",53.7529855770188,2.56451615353466,53.7529855770188,3.98439921108413
1969,600,166,"Roodborst",5,5.6,0.892857142857143,"1958-1983",38.3949896978706,2.56451615353466,38.3949896978706,3.64792697446291
1970,600,166,"Roodborst",6,5.625,1.06666666666667,"1958-1983",45.8692143590561,2.56451615353466,45.8692143590561,3.82579418090749
1971,600,166,"Roodborst",5,5.615,0.890471950133571,"1958-1983",38.2924207138157,2.56451615353466,38.2924207138157,3.64525198401361
1972,600,166,"Roodborst",6,5.645,1.06288751107174,"1958-1983",45.7067016421064,2.56451615353466,45.7067016421064,3.82224493139635
1973,600,166,"Roodborst",8,5.715,1.39982502187227,"1958-1983",60.19581936884,2.56451615353466,60.19581936884,4.09760290420298
1974,600,166,"Roodborst",14,5.855,2.39111870196413,"1958-1983",102.823815279694,2.56451615353466,102.823815279694,4.6330169923355
1975,600,166,"Roodborst",16,5.505,2.90644868301544,"1958-1983",124.984235310779,2.56451615353466,124.984235310779,4.82818761183505
1976,600,166,"Roodborst",17,6.49,2.61941448382126,"1958-1983",112.641079175263,2.56451615353466,112.641079175263,4.72420647311013
1977,600,166,"Roodborst",20,6.175,3.23886639676113,"1958-1983",139.278990968794,2.56451615353466,139.278990968794,4.93647905080987
1978,600,166,"Roodborst",19,6.38,2.97805642633229,"1958-1983",128.06353930575,2.56451615353466,128.06353930575,4.85252654157966
1979,600,166,"Roodborst",10,6.37,1.56985871271586,"1958-1983",67.5076741940582,2.56451615353466,67.5076741940582,4.21224128317989
1980,600,166,"Roodborst",22,6.38,3.44827586206897,"1958-1983",148.2840981435,2.56451615353466,148.2840981435,4.99913001577153
1981,600,166,"Roodborst",32,6.38,5.01567398119122,"1958-1983",215.685960936,2.56451615353466,215.685960936,5.37382346521295
1982,600,166,"Roodborst",39,6.035,6.46230323115162,"1958-1983",277.894473902732,2.56451615353466,277.894473902732,5.62724145135007
1983,600,166,"Roodborst",47,6.38,7.36677115987461,"1958-1983",316.788755124751,2.56451615353466,316.788755124751,5.75823516412328
1984,600,166,"Roodborst",35,3.02300608,11.5778794596404,"1984-2025",134.643436172625,2.56451615353466,345.29526703211,5.84439989747348
1985,600,166,"Roodborst",34,5.13012052,6.62752461027953,"1984-2025",77.0739313669095,2.56451615353466,197.657342006861,5.28653493555853
1986,600,166,"Roodborst",38,4.23796013,8.9665779843002,"1984-2025",104.275646911381,2.56451615353466,267.416580924512,5.5888076706905
1987,600,166,"Roodborst",22,5.02247314,4.38031212646764,"1984-2025",50.9402674533062,2.56451615353466,130.63713874938,4.87242354662643
1988,600,166,"Roodborst",31,4.70180252,6.5932160842859,"1984-2025",76.6749448473226,2.56451615353466,196.634134632338,5.28134481742503
1989,600,166,"Roodborst",43,4.70180252,9.145428762074,"1984-2025",106.355568659189,2.56451615353466,272.750573844855,5.60855772863344
1990,600,166,"Roodborst",56,4.85514176,11.5341637316065,"1984-2025",134.135049826249,2.56451615353466,343.991502034591,5.84061695368045
1991,600,166,"Roodborst",44,5.55688703,7.91810230484387,"1984-2025",92.0825360124864,2.56451615353466,236.147151062458,5.46445513216797
1992,600,166,"Roodborst",53,6.1308353,8.64482528180132,"1984-2025",100.533865904479,2.56451615353466,257.820723089325,5.55226447163954
1993,600,166,"Roodborst",46,6.1308353,7.50305590495964,"1984-2025",87.2558081435105,2.56451615353466,223.768929473753,5.41061395457652
1994,600,166,"Roodborst",46,6.1308353,7.50305590495964,"1984-2025",87.2558081435105,2.56451615353466,223.768929473753,5.41061395457652
1995,600,166,"Roodborst",95,6.09164596,15.5951282500338,"1984-2025",181.36150600436,2.56451615353466,465.104511777554,6.14226213684426
1996,600,166,"Roodborst",44,6.44975091,6.82196888127576,"1984-2025",79.3351956063825,2.56451615353466,203.4563906764,5.31545168548742
1997,600,166,"Roodborst",48,6.09164596,7.87964374738548,"1984-2025",91.6352872443082,2.56451615353466,235.000174371817,5.45958625615161
1998,600,166,"Roodborst",43,5.62796272,7.6404201909852,"1984-2025",88.853268157009,2.56451615353466,227.865641482996,5.42875616351257
1999,600,166,"Roodborst",67,6.09164596,10.9986693973922,"1984-2025",127.90758844518,2.56451615353466,328.021076727327,5.79307786463469
2000,600,166,"Roodborst",65,5.70172844,11.4000518761991,"1984-2025",132.575413529596,2.56451615353466,339.991789558185,5.82892146896035
2001,600,166,"Roodborst",78,6.44975091,12.0934902895343,"1984-2025",140.639664938587,2.56451615353466,360.672692562708,5.88797087825875
2002,600,166,"Roodborst",62,6.09164596,10.1778731737062,"1984-2025",118.362246023898,2.56451615353466,303.54189189693,5.71551963028881
2003,600,166,"Roodborst",51,6.2141484,8.20707789984545,"1984-2025",95.4431399310775,2.56451615353466,244.765474097317,5.50030050350733
2004,600,166,"Roodborst",62,6.2141484,9.97723195667487,"1984-2025",116.028915210329,2.56451615353466,297.558027333993,5.69560925582809
2005,600,166,"Roodborst",49,6.2141484,7.88523170769465,"1984-2025",91.7002716984862,2.56451615353466,235.166828054285,5.46029516889363
2006,600,166,"Roodborst",51,5.65793112,9.01389552441211,"1984-2025",104.825920060632,2.56451615353466,268.827765304623,5.59407089685857
2007,600,166,"Roodborst",53,6.1308353,8.64482528180132,"1984-2025",100.533865904479,2.56451615353466,257.820723089325,5.55226447163954
2008,600,166,"Roodborst",66,6.02064405,10.9622823491782,"1984-2025",127.484430023054,2.56451615353466,326.93588011828,5.78976406640483
2009,600,166,"Roodborst",20,5.98606767,3.34109153162981,"1984-2025",38.8547873515234,2.56451615353466,99.6437298051357,4.60160112250286
2010,600,166,"Roodborst",44,6.44975091,6.82196888127576,"1984-2025",79.3351956063825,2.56451615353466,203.4563906764,5.31545168548742
2011,600,166,"Roodborst",39,6.44975091,6.04674514476715,"1984-2025",70.3198324692936,2.56451615353466,180.336346281354,5.1948236976988
2012,600,166,"Roodborst",29,6.44975091,4.49629767174993,"1984-2025",52.2891061951158,2.56451615353466,134.096257491263,4.89855788155563
2013,600,166,"Roodborst",35,6.44975091,5.42656615556026,"1984-2025",63.1075419596225,2.56451615353466,161.840310765318,5.08661011305857
2014,600,166,"Roodborst",49,6.44975091,7.59719261778437,"1984-2025",88.3505587434714,2.56451615353466,226.576435071445,5.42308234967979
2015,600,166,"Roodborst",67,6.57225335,10.1943726804141,"1984-2025",118.554124880993,2.56451615353466,304.033968325471,5.71713943307674
2016,600,166,"Roodborst",68,6.44975091,10.5430428165171,"1984-2025",122.608938664409,2.56451615353466,314.432603772618,5.75076975674527
2017,600,166,"Roodborst",46,6.57225335,6.99912154177684,"1984-2025",81.3953693212787,2.56451615353466,208.739739447339,5.34108821017487
2018,600,166,"Roodborst",50,6.57225335,7.60774080627917,"1984-2025",88.4732275231291,2.56451615353466,226.891021138411,5.42446981911392
2019,600,166,"Roodborst",46,6.57225335,6.99912154177684,"1984-2025",81.3953693212787,2.56451615353466,208.739739447339,5.34108821017487
2020,600,166,"Roodborst",62,6.44975091,9.61277433270675,"1984-2025",111.790502899903,2.56451615353466,286.688550498563,5.65839643661425
2021,600,166,"Roodborst",52,6.57225335,7.91205043853034,"1984-2025",92.0121566240543,2.56451615353466,235.966661983948,5.4636905322672
2022,600,166,"Roodborst",46,6.57225335,6.99912154177684,"1984-2025",81.3953693212787,2.56451615353466,208.739739447339,5.34108821017487
2023,600,166,"Roodborst",66,6.57225335,10.0422178642885,"1984-2025",116.78466033053,2.56451615353466,299.496147902703,5.7021015557122
2024,600,166,"Roodborst",78,6.57225335,11.8680756577955,"1984-2025",138.018234936081,2.56451615353466,353.949992975922,5.86915564037537
2025,600,166,"Roodborst",72,6.57225335,10.955146761042,"1984-2025",127.401447633306,2.56451615353466,326.723070439312,5.78911293270183
1958,600,167,"Nachtegaal",29,4.3072,6.73291233283804,"1958-1983",47.9977580682977,1.47964252426989,47.9977580682977,3.87115430290663
1958,700,167,"Nachtegaal",29,4.3072,6.73291233283804,"1958-1983",47.9977580682977,1.47964252426989,47.9977580682977,3.87115430290663
1959,600,167,"Nachtegaal",65,5.0372,12.9039942825379,"1958-1983",91.9903252961086,1.47964252426989,91.9903252961086,4.52168341169445
1959,700,167,"Nachtegaal",65,5.0372,12.9039942825379,"1958-1983",91.9903252961086,1.47964252426989,91.9903252961086,4.52168341169445
1960,600,167,"Nachtegaal",67,5.022,13.3412982875348,"1958-1983",95.1077892992812,1.47964252426989,95.1077892992812,4.55501087260394
1960,700,167,"Nachtegaal",67,5.022,13.3412982875348,"1958-1983",95.1077892992812,1.47964252426989,95.1077892992812,4.55501087260394
1961,600,167,"Nachtegaal",62,5.002,12.3950419832067,"1958-1983",88.3620930952437,1.47964252426989,88.3620930952437,4.48144306653803
1961,700,167,"Nachtegaal",62,5.002,12.3950419832067,"1958-1983",88.3620930952437,1.47964252426989,88.3620930952437,4.48144306653803
1962,600,167,"Nachtegaal",50,5.002,9.99600159936026,"1958-1983",71.2597524961643,1.47964252426989,71.2597524961643,4.26633168692109
1962,700,167,"Nachtegaal",50,5.002,9.99600159936026,"1958-1983",71.2597524961643,1.47964252426989,71.2597524961643,4.26633168692109
1963,600,167,"Nachtegaal",64,5.2472,12.1969812471413,"1958-1983",86.9501526417597,1.47964252426989,86.9501526417597,4.46533499631065
1963,700,167,"Nachtegaal",64,5.2472,12.1969812471413,"1958-1983",86.9501526417597,1.47964252426989,86.9501526417597,4.46533499631065
1964,600,167,"Nachtegaal",48,5.3272,9.01036191620364,"1958-1983",64.2332990513555,1.47964252426989,64.2332990513555,4.16252175304198
1964,700,167,"Nachtegaal",48,5.3272,9.01036191620364,"1958-1983",64.2332990513555,1.47964252426989,64.2332990513555,4.16252175304198
1965,600,167,"Nachtegaal",54,5.315,10.1599247412982,"1958-1983",72.4283319933544,1.47964252426989,72.4283319933544,4.28259754871873
1965,700,167,"Nachtegaal",54,5.315,10.1599247412982,"1958-1983",72.4283319933544,1.47964252426989,72.4283319933544,4.28259754871873
1966,600,167,"Nachtegaal",50,5.395,9.2678405931418,"1958-1983",66.0688196451925,1.47964252426989,66.0688196451925,4.19069692066642
1966,700,167,"Nachtegaal",50,5.395,9.2678405931418,"1958-1983",66.0688196451925,1.47964252426989,66.0688196451925,4.19069692066642
1967,600,167,"Nachtegaal",57,5.735,9.93897122929381,"1958-1983",70.8531929317921,1.47964252426989,70.8531929317921,4.26061003120158
1967,700,167,"Nachtegaal",57,5.735,9.93897122929381,"1958-1983",70.8531929317921,1.47964252426989,70.8531929317921,4.26061003120158
1968,600,167,"Nachtegaal",51,5.6,9.10714285714286,"1958-1983",64.9232335045589,1.47964252426989,64.9232335045589,4.17320554893159
1968,700,167,"Nachtegaal",51,5.6,9.10714285714286,"1958-1983",64.9232335045589,1.47964252426989,64.9232335045589,4.17320554893159
1969,600,167,"Nachtegaal",49,5.6,8.75,"1958-1983",62.3772243475174,1.47964252426989,62.3772243475174,4.13320021431789
1969,700,167,"Nachtegaal",49,5.6,8.75,"1958-1983",62.3772243475174,1.47964252426989,62.3772243475174,4.13320021431789
1970,600,167,"Nachtegaal",68,5.625,12.0888888888889,"1958-1983",86.1795810667923,1.47964252426989,86.1795810667923,4.45643327103399
1970,700,167,"Nachtegaal",68,5.625,12.0888888888889,"1958-1983",86.1795810667923,1.47964252426989,86.1795810667923,4.45643327103399
1971,600,167,"Nachtegaal",71,5.615,12.6447016918967,"1958-1983",90.141873627757,1.47964252426989,90.141873627757,4.50138480279928
1971,700,167,"Nachtegaal",71,5.615,12.6447016918967,"1958-1983",90.141873627757,1.47964252426989,90.141873627757,4.50138480279928
1972,600,167,"Nachtegaal",74,5.645,13.1089459698849,"1958-1983",93.4513901397705,1.47964252426989,93.4513901397705,4.53744140955091
1972,700,167,"Nachtegaal",74,5.645,13.1089459698849,"1958-1983",93.4513901397705,1.47964252426989,93.4513901397705,4.53744140955091
1973,600,167,"Nachtegaal",83,5.715,14.5231846019248,"1958-1983",103.533250760534,1.47964252426989,103.533250760534,4.63989282449819
1973,700,167,"Nachtegaal",83,5.715,14.5231846019248,"1958-1983",103.533250760534,1.47964252426989,103.533250760534,4.63989282449819
1974,600,167,"Nachtegaal",108,5.855,18.4457728437233,"1958-1983",131.496698392717,1.47964252426989,131.496698392717,4.87898174402291
1974,700,167,"Nachtegaal",108,5.855,18.4457728437233,"1958-1983",131.496698392717,1.47964252426989,131.496698392717,4.87898174402291
1975,600,167,"Nachtegaal",109,5.505,19.8001816530427,"1958-1983",141.15204263925,1.47964252426989,141.15204263925,4.94983762600287
1975,700,167,"Nachtegaal",109,5.505,19.8001816530427,"1958-1983",141.15204263925,1.47964252426989,141.15204263925,4.94983762600287
1976,600,167,"Nachtegaal",103,6.49,15.8705701078582,"1958-1983",113.138527101815,1.47964252426989,113.138527101815,4.728612971462
1976,700,167,"Nachtegaal",103,6.49,15.8705701078582,"1958-1983",113.138527101815,1.47964252426989,113.138527101815,4.728612971462
1977,600,167,"Nachtegaal",101,6.175,16.3562753036437,"1958-1983",116.601034754873,1.47964252426989,116.601034754873,4.75875814827559
1977,700,167,"Nachtegaal",101,6.175,16.3562753036437,"1958-1983",116.601034754873,1.47964252426989,116.601034754873,4.75875814827559
1978,600,167,"Nachtegaal",111,6.38,17.3981191222571,"1958-1983",124.028157681584,1.47964252426989,124.028157681584,4.820508617904
1978,700,167,"Nachtegaal",111,6.38,17.3981191222571,"1958-1983",124.028157681584,1.47964252426989,124.028157681584,4.820508617904
1979,600,167,"Nachtegaal",120,6.37,18.8383045525903,"1958-1983",134.294988503289,1.47964252426989,134.294988503289,4.90003878714634
1979,700,167,"Nachtegaal",120,6.37,18.8383045525903,"1958-1983",134.294988503289,1.47964252426989,134.294988503289,4.90003878714634
1980,600,167,"Nachtegaal",109,6.38,17.0846394984326,"1958-1983",121.793416101736,1.47964252426989,121.793416101736,4.80232629882081
1980,700,167,"Nachtegaal",109,6.38,17.0846394984326,"1958-1983",121.793416101736,1.47964252426989,121.793416101736,4.80232629882081
1981,600,167,"Nachtegaal",126,6.38,19.7492163009404,"1958-1983",140.788719530447,1.47964252426989,140.788719530447,4.94726032354315
1981,700,167,"Nachtegaal",126,6.38,19.7492163009404,"1958-1983",140.788719530447,1.47964252426989,140.788719530447,4.94726032354315
1982,600,167,"Nachtegaal",125,6.035,20.7125103562552,"1958-1983",147.655874890561,1.47964252426989,147.655874890561,4.99488439670117
1982,700,167,"Nachtegaal",125,6.035,20.7125103562552,"1958-1983",147.655874890561,1.47964252426989,147.655874890561,4.99488439670117
1983,600,167,"Nachtegaal",155,6.38,24.294670846395,"1958-1983",173.192472438248,1.47964252426989,173.192472438248,5.15440353351092
1983,700,167,"Nachtegaal",155,6.38,24.294670846395,"1958-1983",173.192472438248,1.47964252426989,173.192472438248,5.15440353351092
1984,600,167,"Nachtegaal",72,3.02300608,23.8173520312602,"1984-2025",77.3700750995934,1.47964252426989,114.480053223313,4.74040060016173
1984,700,167,"Nachtegaal",72,3.02300608,23.8173520312602,"1984-2025",77.3700750995934,1.47964252426989,114.480053223313,4.74040060016173
1985,600,167,"Nachtegaal",172,5.13012052,33.5274774402376,"1984-2025",108.913175740379,1.47964252426989,161.152566278744,5.08235153291742
1985,700,167,"Nachtegaal",172,5.13012052,33.5274774402376,"1984-2025",108.913175740379,1.47964252426989,161.152566278744,5.08235153291742
1986,600,167,"Nachtegaal",164,4.23796013,38.6978628796114,"1984-2025",125.709044114543,1.47964252426989,186.004447357198,5.22577058394992
1986,700,167,"Nachtegaal",164,4.23796013,38.6978628796114,"1984-2025",125.709044114543,1.47964252426989,186.004447357198,5.22577058394992
1987,600,167,"Nachtegaal",200,5.02247314,39.821019331524,"1984-2025",129.357589885669,1.47964252426989,191.402990831901,5.25438110497776
1987,700,167,"Nachtegaal",200,5.02247314,39.821019331524,"1984-2025",129.357589885669,1.47964252426989,191.402990831901,5.25438110497776
1988,600,167,"Nachtegaal",199,4.70180252,42.3241935733192,"1984-2025",137.489089089312,1.47964252426989,203.434702839677,5.31534508282598
1988,700,167,"Nachtegaal",199,4.70180252,42.3241935733192,"1984-2025",137.489089089312,1.47964252426989,203.434702839677,5.31534508282598
1989,600,167,"Nachtegaal",209,4.70180252,44.4510374714759,"1984-2025",144.398088541036,1.47964252426989,213.657552228606,5.3643745100663
1989,700,167,"Nachtegaal",209,4.70180252,44.4510374714759,"1984-2025",144.398088541036,1.47964252426989,213.657552228606,5.3643745100663
1990,600,167,"Nachtegaal",214,4.85514176,44.0769828314961,"1984-2025",143.182981355795,1.47964252426989,211.859627965778,5.35592392312875
1990,700,167,"Nachtegaal",214,4.85514176,44.0769828314961,"1984-2025",143.182981355795,1.47964252426989,211.859627965778,5.35592392312875
1991,600,167,"Nachtegaal",189,5.55688703,34.0118485367157,"1984-2025",110.486643188036,1.47964252426989,163.480735624852,5.09669515847096
1991,700,167,"Nachtegaal",189,5.55688703,34.0118485367157,"1984-2025",110.486643188036,1.47964252426989,163.480735624852,5.09669515847096
1992,600,167,"Nachtegaal",179,6.1308353,29.1966740649516,"1984-2025",94.8446687985631,1.47964252426989,140.336205154648,4.94404100908978
1992,700,167,"Nachtegaal",179,6.1308353,29.1966740649516,"1984-2025",94.8446687985631,1.47964252426989,140.336205154648,4.94404100908978
1993,600,167,"Nachtegaal",199,6.1308353,32.4588722844993,"1984-2025",105.441838496727,1.47964252426989,156.016228076955,5.04996002797352
1993,700,167,"Nachtegaal",199,6.1308353,32.4588722844993,"1984-2025",105.441838496727,1.47964252426989,156.016228076955,5.04996002797352
1994,600,167,"Nachtegaal",205,6.1308353,33.4375317503636,"1984-2025",108.620989406176,1.47964252426989,160.720234953647,5.07966518238743
1994,700,167,"Nachtegaal",205,6.1308353,33.4375317503636,"1984-2025",108.620989406176,1.47964252426989,160.720234953647,5.07966518238743
1995,600,167,"Nachtegaal",193,6.09164596,31.6827342342791,"1984-2025",102.920573363878,1.47964252426989,152.285656971433,5.02575807931021
1995,700,167,"Nachtegaal",193,6.09164596,31.6827342342791,"1984-2025",102.920573363878,1.47964252426989,152.285656971433,5.02575807931021
1996,600,167,"Nachtegaal",199,6.44975091,30.8539047130426,"1984-2025",100.228141299278,1.47964252426989,148.301819994944,4.99924952145526
1996,700,167,"Nachtegaal",199,6.44975091,30.8539047130426,"1984-2025",100.228141299278,1.47964252426989,148.301819994944,4.99924952145526
1997,600,167,"Nachtegaal",191,6.09164596,31.3544157448047,"1984-2025",101.854038924874,1.47964252426989,150.707567261885,5.01534131845196
1997,700,167,"Nachtegaal",191,6.09164596,31.3544157448047,"1984-2025",101.854038924874,1.47964252426989,150.707567261885,5.01534131845196
1998,600,167,"Nachtegaal",186,5.62796272,33.0492594307732,"1984-2025",107.359696442694,1.47964252426989,158.853972249316,5.06798536669382
1998,700,167,"Nachtegaal",186,5.62796272,33.0492594307732,"1984-2025",107.359696442694,1.47964252426989,158.853972249316,5.06798536669382
1999,600,167,"Nachtegaal",205,6.09164596,33.6526451711255,"1984-2025",109.319779997902,1.47964252426989,161.754195228725,5.08607786954374
1999,700,167,"Nachtegaal",205,6.09164596,33.6526451711255,"1984-2025",109.319779997902,1.47964252426989,161.754195228725,5.08607786954374
2000,600,167,"Nachtegaal",182,5.70172844,31.9201452533576,"1984-2025",103.691797148599,1.47964252426989,153.426792479035,5.03322353130311
2000,700,167,"Nachtegaal",182,5.70172844,31.9201452533576,"1984-2025",103.691797148599,1.47964252426989,153.426792479035,5.03322353130311
2001,600,167,"Nachtegaal",234,6.44975091,36.2804708686029,"1984-2025",117.856206351915,1.47964252426989,174.385054667421,5.16126581208847
2001,700,167,"Nachtegaal",234,6.44975091,36.2804708686029,"1984-2025",117.856206351915,1.47964252426989,174.385054667421,5.16126581208847
2002,600,167,"Nachtegaal",185,6.09164596,30.3694602763815,"1984-2025",98.6544356078626,1.47964252426989,145.973298133239,4.98342371548365
2002,700,167,"Nachtegaal",185,6.09164596,30.3694602763815,"1984-2025",98.6544356078626,1.47964252426989,145.973298133239,4.98342371548365
2003,600,167,"Nachtegaal",201,6.2141484,32.3455423111556,"1984-2025",105.073688899864,1.47964252426989,155.471498278144,5.04646242400368
2003,700,167,"Nachtegaal",201,6.2141484,32.3455423111556,"1984-2025",105.073688899864,1.47964252426989,155.471498278144,5.04646242400368
2004,600,167,"Nachtegaal",226,6.2141484,36.3686197130406,"1984-2025",118.142555678454,1.47964252426989,174.808749307764,5.16369251521689
2004,700,167,"Nachtegaal",226,6.2141484,36.3686197130406,"1984-2025",118.142555678454,1.47964252426989,174.808749307764,5.16369251521689
2005,600,167,"Nachtegaal",210,6.2141484,33.7938501758342,"1984-2025",109.778480940157,1.47964252426989,162.432908648808,5.09026504666208
2005,700,167,"Nachtegaal",210,6.2141484,33.7938501758342,"1984-2025",109.778480940157,1.47964252426989,162.432908648808,5.09026504666208
2006,600,167,"Nachtegaal",177,5.65793112,31.283519761195,"1984-2025",101.623735087196,1.47964252426989,150.366799910153,5.01307764186968
2006,700,167,"Nachtegaal",177,5.65793112,31.283519761195,"1984-2025",101.623735087196,1.47964252426989,150.366799910153,5.01307764186968
2007,600,167,"Nachtegaal",199,6.1308353,32.4588722844993,"1984-2025",105.441838496727,1.47964252426989,156.016228076955,5.04996002797352
2007,700,167,"Nachtegaal",199,6.1308353,32.4588722844993,"1984-2025",105.441838496727,1.47964252426989,156.016228076955,5.04996002797352
2008,600,167,"Nachtegaal",157,6.02064405,26.0769443760755,"1984-2025",84.710304575287,1.47964252426989,125.340968893449,4.83103777488831
2008,700,167,"Nachtegaal",157,6.02064405,26.0769443760755,"1984-2025",84.710304575287,1.47964252426989,125.340968893449,4.83103777488831
2009,600,167,"Nachtegaal",157,5.98606767,26.227568523294,"1984-2025",85.199603367479,1.47964252426989,126.06495619345,4.83679729945878
2009,700,167,"Nachtegaal",157,5.98606767,26.227568523294,"1984-2025",85.199603367479,1.47964252426989,126.06495619345,4.83679729945878
2010,600,167,"Nachtegaal",168,6.44975091,26.0475175466893,"1984-2025",84.6147122526572,1.47964252426989,125.199526427892,4.82990867613402
2010,700,167,"Nachtegaal",168,6.44975091,26.0475175466893,"1984-2025",84.6147122526572,1.47964252426989,125.199526427892,4.82990867613402
2011,600,167,"Nachtegaal",194,6.44975091,30.078680976534,"1984-2025",97.709846291759,1.47964252426989,144.575643613161,4.97380285579409
2011,700,167,"Nachtegaal",194,6.44975091,30.078680976534,"1984-2025",97.709846291759,1.47964252426989,144.575643613161,4.97380285579409
2012,600,167,"Nachtegaal",191,6.44975091,29.6135467346289,"1984-2025",96.1988692872472,1.47964252426989,142.339937784092,4.95821812477739
2012,700,167,"Nachtegaal",191,6.44975091,29.6135467346289,"1984-2025",96.1988692872472,1.47964252426989,142.339937784092,4.95821812477739
2013,600,167,"Nachtegaal",188,6.44975091,29.1484124927237,"1984-2025",94.6878922827355,1.47964252426989,140.104231955022,4.94238665956071
2013,700,167,"Nachtegaal",188,6.44975091,29.1484124927237,"1984-2025",94.6878922827355,1.47964252426989,140.104231955022,4.94238665956071
2014,600,167,"Nachtegaal",221,6.44975091,34.2648891536805,"1984-2025",111.308639332365,1.47964252426989,164.696996074787,5.10410739824852
2014,700,167,"Nachtegaal",221,6.44975091,34.2648891536805,"1984-2025",111.308639332365,1.47964252426989,164.696996074787,5.10410739824852
2015,600,167,"Nachtegaal",219,6.57225335,33.3219047315028,"1984-2025",108.24537791414,1.47964252426989,160.164464217426,5.07620118866388
2015,700,167,"Nachtegaal",219,6.57225335,33.3219047315028,"1984-2025",108.24537791414,1.47964252426989,160.164464217426,5.07620118866388
2016,600,167,"Nachtegaal",173,6.44975091,26.8227412831979,"1984-2025",87.1330072601768,1.47964252426989,128.925702809675,4.85923629122854
2016,700,167,"Nachtegaal",173,6.44975091,26.8227412831979,"1984-2025",87.1330072601768,1.47964252426989,128.925702809675,4.85923629122854
2017,600,167,"Nachtegaal",149,6.57225335,22.6710676027119,"1984-2025",73.6463986721773,1.47964252426989,108.970343234687,4.69107576479284
2017,700,167,"Nachtegaal",149,6.57225335,22.6710676027119,"1984-2025",73.6463986721773,1.47964252426989,108.970343234687,4.69107576479284
2018,600,167,"Nachtegaal",147,6.57225335,22.3667579704608,"1984-2025",72.6578564081212,1.47964252426989,107.507654063752,4.67756204562612
2018,700,167,"Nachtegaal",147,6.57225335,22.3667579704608,"1984-2025",72.6578564081212,1.47964252426989,107.507654063752,4.67756204562612
2019,600,167,"Nachtegaal",188,6.57225335,28.6051054316097,"1984-2025",92.9229728212707,1.47964252426989,137.492782067927,4.92357142167733
2019,700,167,"Nachtegaal",188,6.57225335,28.6051054316097,"1984-2025",92.9229728212707,1.47964252426989,137.492782067927,4.92357142167733
2020,600,167,"Nachtegaal",194,6.44975091,30.078680976534,"1984-2025",97.709846291759,1.47964252426989,144.575643613161,4.97380285579409
2020,700,167,"Nachtegaal",194,6.44975091,30.078680976534,"1984-2025",97.709846291759,1.47964252426989,144.575643613161,4.97380285579409
2021,600,167,"Nachtegaal",163,6.57225335,24.8012350284701,"1984-2025",80.5661945205698,1.47964252426989,119.209167431235,4.78087965965414
2021,700,167,"Nachtegaal",163,6.57225335,24.8012350284701,"1984-2025",80.5661945205698,1.47964252426989,119.209167431235,4.78087965965414
2022,600,167,"Nachtegaal",160,6.57225335,24.3447705800934,"1984-2025",79.0833811244857,1.47964252426989,117.015133674832,4.76230327408121
2022,700,167,"Nachtegaal",160,6.57225335,24.3447705800934,"1984-2025",79.0833811244857,1.47964252426989,117.015133674832,4.76230327408121
2023,600,167,"Nachtegaal",134,6.57225335,20.3887453608282,"1984-2025",66.2323316917568,1.47964252426989,98.0001744526717,4.58496925879829
2023,700,167,"Nachtegaal",134,6.57225335,20.3887453608282,"1984-2025",66.2323316917568,1.47964252426989,98.0001744526717,4.58496925879829
2024,600,167,"Nachtegaal",125,6.57225335,19.0193520156979,"1984-2025",61.7838915035044,1.47964252426989,91.4180731834624,4.51544319614968
2024,700,167,"Nachtegaal",125,6.57225335,19.0193520156979,"1984-2025",61.7838915035044,1.47964252426989,91.4180731834624,4.51544319614968
2025,600,167,"Nachtegaal",117,6.57225335,17.8021134866933,"1984-2025",57.8297224472801,1.47964252426989,85.5673164997208,4.44930339364514
2025,700,167,"Nachtegaal",117,6.57225335,17.8021134866933,"1984-2025",57.8297224472801,1.47964252426989,85.5673164997208,4.44930339364514
1958,700,170,"Gekraagde Roodstaart",12,4.3072,2.78603268945022,"1958-1983",83.9026830554834,0.933142366818276,83.9026830554834,4.42965759216903
1958,800,170,"Gekraagde Roodstaart",12,4.3072,2.78603268945022,"1958-1983",83.9026830554834,0.933142366818276,83.9026830554834,4.42965759216903
1959,700,170,"Gekraagde Roodstaart",17,5.0372,3.37489081235607,"1958-1983",101.63642201623,0.933142366818276,101.63642201623,4.62140195531591
1959,800,170,"Gekraagde Roodstaart",17,5.0372,3.37489081235607,"1958-1983",101.63642201623,0.933142366818276,101.63642201623,4.62140195531591
1960,700,170,"Gekraagde Roodstaart",25,5.022,4.97809637594584,"1958-1983",149.917710596948,0.933142366818276,149.917710596948,5.01008654754205
1960,800,170,"Gekraagde Roodstaart",25,5.022,4.97809637594584,"1958-1983",149.917710596948,0.933142366818276,149.917710596948,5.01008654754205
1961,700,170,"Gekraagde Roodstaart",22,5.002,4.39824070371851,"1958-1983",132.455084666879,0.933142366818276,132.455084666879,4.88624360431213
1961,800,170,"Gekraagde Roodstaart",22,5.002,4.39824070371851,"1958-1983",132.455084666879,0.933142366818276,132.455084666879,4.88624360431213
1962,700,170,"Gekraagde Roodstaart",19,5.002,3.7984806077569,"1958-1983",114.39302766685,0.933142366818276,114.39302766685,4.73964013012026
1962,800,170,"Gekraagde Roodstaart",19,5.002,3.7984806077569,"1958-1983",114.39302766685,0.933142366818276,114.39302766685,4.73964013012026
1963,700,170,"Gekraagde Roodstaart",20,5.2472,3.81155663973167,"1958-1983",114.786818511644,0.933142366818276,114.786818511644,4.74307665596585
1963,800,170,"Gekraagde Roodstaart",20,5.2472,3.81155663973167,"1958-1983",114.786818511644,0.933142366818276,114.786818511644,4.74307665596585
1964,700,170,"Gekraagde Roodstaart",17,5.3272,3.19116984532212,"1958-1983",96.1035787993979,0.933142366818276,96.1035787993979,4.56542655565119
1964,800,170,"Gekraagde Roodstaart",17,5.3272,3.19116984532212,"1958-1983",96.1035787993979,0.933142366818276,96.1035787993979,4.56542655565119
1965,700,170,"Gekraagde Roodstaart",17,5.315,3.19849482596425,"1958-1983",96.3241740320136,0.933142366818276,96.3241740320136,4.56771931567155
1965,800,170,"Gekraagde Roodstaart",17,5.315,3.19849482596425,"1958-1983",96.3241740320136,0.933142366818276,96.3241740320136,4.56771931567155
1966,700,170,"Gekraagde Roodstaart",26,5.395,4.81927710843374,"1958-1983",145.134793757662,0.933142366818276,145.134793757662,4.97766292272063
1966,800,170,"Gekraagde Roodstaart",26,5.395,4.81927710843374,"1958-1983",145.134793757662,0.933142366818276,145.134793757662,4.97766292272063
1967,700,170,"Gekraagde Roodstaart",31,5.735,5.4054054054054,"1958-1983",162.786322728188,0.933142366818276,162.786322728188,5.09243843731306
1967,800,170,"Gekraagde Roodstaart",31,5.735,5.4054054054054,"1958-1983",162.786322728188,0.933142366818276,162.786322728188,5.09243843731306
1968,700,170,"Gekraagde Roodstaart",23,5.6,4.10714285714286,"1958-1983",123.688536287222,0.933142366818276,123.688536287222,4.81776660159729
1968,800,170,"Gekraagde Roodstaart",23,5.6,4.10714285714286,"1958-1983",123.688536287222,0.933142366818276,123.688536287222,4.81776660159729
1969,700,170,"Gekraagde Roodstaart",16,5.6,2.85714285714286,"1958-1983",86.0441991563281,0.933142366818276,86.0441991563281,4.45486110790792
1969,800,170,"Gekraagde Roodstaart",16,5.6,2.85714285714286,"1958-1983",86.0441991563281,0.933142366818276,86.0441991563281,4.45486110790792
1970,700,170,"Gekraagde Roodstaart",20,5.625,3.55555555555555,"1958-1983",107.077225616764,0.933142366818276,107.077225616764,4.67355030887275
1970,800,170,"Gekraagde Roodstaart",20,5.625,3.55555555555555,"1958-1983",107.077225616764,0.933142366818276,107.077225616764,4.67355030887275
1971,700,170,"Gekraagde Roodstaart",24,5.615,4.27426536064114,"1958-1983",128.7215089783,0.933142366818276,128.7215089783,4.85765122556678
1971,800,170,"Gekraagde Roodstaart",24,5.615,4.27426536064114,"1958-1983",128.7215089783,0.933142366818276,128.7215089783,4.85765122556678
1972,700,170,"Gekraagde Roodstaart",17,5.645,3.01151461470328,"1958-1983",90.6931771444025,0.933142366818276,90.6931771444025,4.50748212986384
1972,800,170,"Gekraagde Roodstaart",17,5.645,3.01151461470328,"1958-1983",90.6931771444025,0.933142366818276,90.6931771444025,4.50748212986384
1973,700,170,"Gekraagde Roodstaart",11,5.715,1.92475940507437,"1958-1983",57.965033552382,0.933142366818276,57.965033552382,4.05983995896084
1973,800,170,"Gekraagde Roodstaart",11,5.715,1.92475940507437,"1958-1983",57.965033552382,0.933142366818276,57.965033552382,4.05983995896084
1974,700,170,"Gekraagde Roodstaart",10,5.855,1.70794192997438,"1958-1983",51.4354734495557,0.933142366818276,51.4354734495557,3.94032807935361
1974,800,170,"Gekraagde Roodstaart",10,5.855,1.70794192997438,"1958-1983",51.4354734495557,0.933142366818276,51.4354734495557,3.94032807935361
1975,700,170,"Gekraagde Roodstaart",6,5.505,1.08991825613079,"1958-1983",32.8234002231224,0.933142366818276,32.8234002231224,3.49114168246266
1975,800,170,"Gekraagde Roodstaart",6,5.505,1.08991825613079,"1958-1983",32.8234002231224,0.933142366818276,32.8234002231224,3.49114168246266
1976,700,170,"Gekraagde Roodstaart",14,6.49,2.15716486902928,"1958-1983",64.9640332613263,0.933142366818276,64.9640332613263,4.1738337823085
1976,800,170,"Gekraagde Roodstaart",14,6.49,2.15716486902928,"1958-1983",64.9640332613263,0.933142366818276,64.9640332613263,4.1738337823085
1977,700,170,"Gekraagde Roodstaart",14,6.175,2.26720647773279,"1958-1983",68.2779879944952,0.933142366818276,68.2779879944952,4.22358743051046
1977,800,170,"Gekraagde Roodstaart",14,6.175,2.26720647773279,"1958-1983",68.2779879944952,0.933142366818276,68.2779879944952,4.22358743051046
1978,700,170,"Gekraagde Roodstaart",19,6.38,2.97805642633229,"1958-1983",89.6855680861414,0.933142366818276,89.6855680861414,4.49630986521899
1978,800,170,"Gekraagde Roodstaart",19,6.38,2.97805642633229,"1958-1983",89.6855680861414,0.933142366818276,89.6855680861414,4.49630986521899
1979,700,170,"Gekraagde Roodstaart",21,6.37,3.2967032967033,"1958-1983",99.2817682573017,0.933142366818276,99.2817682573017,4.5979619515486
1979,800,170,"Gekraagde Roodstaart",21,6.37,3.2967032967033,"1958-1983",99.2817682573017,0.933142366818276,99.2817682573017,4.5979619515486
1980,700,170,"Gekraagde Roodstaart",23,6.38,3.60501567398119,"1958-1983",108.566740314803,0.933142366818276,108.566740314803,4.6873651019817
1980,800,170,"Gekraagde Roodstaart",23,6.38,3.60501567398119,"1958-1983",108.566740314803,0.933142366818276,108.566740314803,4.6873651019817
1981,700,170,"Gekraagde Roodstaart",23,6.38,3.60501567398119,"1958-1983",108.566740314803,0.933142366818276,108.566740314803,4.6873651019817
1981,800,170,"Gekraagde Roodstaart",23,6.38,3.60501567398119,"1958-1983",108.566740314803,0.933142366818276,108.566740314803,4.6873651019817
1982,700,170,"Gekraagde Roodstaart",20,6.035,3.31400165700083,"1958-1983",99.8027165027832,0.933142366818276,99.8027165027832,4.60319540241374
1982,800,170,"Gekraagde Roodstaart",20,6.035,3.31400165700083,"1958-1983",99.8027165027832,0.933142366818276,99.8027165027832,4.60319540241374
1983,700,170,"Gekraagde Roodstaart",18,6.38,2.82131661442006,"1958-1983",84.965275028976,0.933142366818276,84.965275028976,4.44224264394871
1983,800,170,"Gekraagde Roodstaart",18,6.38,2.82131661442006,"1958-1983",84.965275028976,0.933142366818276,84.965275028976,4.44224264394871
1984,700,170,"Gekraagde Roodstaart",11,3.02300608,3.63876211588698,"1984-2025",73.2223381364407,0.933142366818276,68.3268659126064,4.22430304080979
1984,800,170,"Gekraagde Roodstaart",11,3.02300608,3.63876211588698,"1984-2025",73.2223381364407,0.933142366818276,68.3268659126064,4.22430304080979
1985,700,170,"Gekraagde Roodstaart",30,5.13012052,5.84781583259958,"1984-2025",117.674839579301,0.933142366818276,109.80737831999,4.69872772463187
1985,800,170,"Gekraagde Roodstaart",30,5.13012052,5.84781583259958,"1984-2025",117.674839579301,0.933142366818276,109.80737831999,4.69872772463187
1986,700,170,"Gekraagde Roodstaart",26,4.23796013,6.13502704188961,"1984-2025",123.454353494594,0.933142366818276,115.200487613966,4.74667398101295
1986,800,170,"Gekraagde Roodstaart",26,4.23796013,6.13502704188961,"1984-2025",123.454353494594,0.933142366818276,115.200487613966,4.74667398101295
1987,700,170,"Gekraagde Roodstaart",19,5.02247314,3.78299683649478,"1984-2025",76.1247547130146,0.933142366818276,71.0352337863631,4.26317600446191
1987,800,170,"Gekraagde Roodstaart",19,5.02247314,3.78299683649478,"1984-2025",76.1247547130146,0.933142366818276,71.0352337863631,4.26317600446191
1988,700,170,"Gekraagde Roodstaart",17,4.70180252,3.61563462686646,"1984-2025",72.7569466743517,0.933142366818276,67.8925894221756,4.21792688902345
1988,800,170,"Gekraagde Roodstaart",17,4.70180252,3.61563462686646,"1984-2025",72.7569466743517,0.933142366818276,67.8925894221756,4.21792688902345
1989,700,170,"Gekraagde Roodstaart",19,4.70180252,4.04100340649781,"1984-2025",81.3165874595695,0.933142366818276,75.879952883608,4.32915252413367
1989,800,170,"Gekraagde Roodstaart",19,4.70180252,4.04100340649781,"1984-2025",81.3165874595695,0.933142366818276,75.879952883608,4.32915252413367
1990,700,170,"Gekraagde Roodstaart",26,4.85514176,5.35514744681729,"1984-2025",107.760937547788,0.933142366818276,100.556296313899,4.61071773299413
1990,800,170,"Gekraagde Roodstaart",26,4.85514176,5.35514744681729,"1984-2025",107.760937547788,0.933142366818276,100.556296313899,4.61071773299413
1991,700,170,"Gekraagde Roodstaart",31,5.55688703,5.57866298750363,"1984-2025",112.258711784644,0.933142366818276,104.753360010693,4.65160863476221
1991,800,170,"Gekraagde Roodstaart",31,5.55688703,5.57866298750363,"1984-2025",112.258711784644,0.933142366818276,104.753360010693,4.65160863476221
1992,700,170,"Gekraagde Roodstaart",25,6.1308353,4.07774777443459,"1984-2025",82.0559896100782,0.933142366818276,76.5699203563642,4.33820431498298
1992,800,170,"Gekraagde Roodstaart",25,6.1308353,4.07774777443459,"1984-2025",82.0559896100782,0.933142366818276,76.5699203563642,4.33820431498298
1993,700,170,"Gekraagde Roodstaart",27,6.1308353,4.40396759638935,"1984-2025",88.6204687788844,0.933142366818276,82.6955139848733,4.4151653561191
1993,800,170,"Gekraagde Roodstaart",27,6.1308353,4.40396759638935,"1984-2025",88.6204687788844,0.933142366818276,82.6955139848733,4.4151653561191
1994,700,170,"Gekraagde Roodstaart",22,6.1308353,3.58841804150244,"1984-2025",72.2092708568688,0.933142366818276,67.3815299136005,4.21037094347309
1994,800,170,"Gekraagde Roodstaart",22,6.1308353,3.58841804150244,"1984-2025",72.2092708568688,0.933142366818276,67.3815299136005,4.21037094347309
1995,700,170,"Gekraagde Roodstaart",30,6.09164596,4.92477734211592,"1984-2025",99.1006557468223,0.933142366818276,92.4750204568329,4.52693855893323
1995,800,170,"Gekraagde Roodstaart",30,6.09164596,4.92477734211592,"1984-2025",99.1006557468223,0.933142366818276,92.4750204568329,4.52693855893323
1996,700,170,"Gekraagde Roodstaart",29,6.44975091,4.49629767174993,"1984-2025",90.4784149108116,0.933142366818276,84.4292422358407,4.43591381358299
1996,800,170,"Gekraagde Roodstaart",29,6.44975091,4.49629767174993,"1984-2025",90.4784149108116,0.933142366818276,84.4292422358407,4.43591381358299
1997,700,170,"Gekraagde Roodstaart",39,6.09164596,6.4022105447507,"1984-2025",128.830852470869,0.933142366818276,120.217526593883,4.78930282340072
1997,800,170,"Gekraagde Roodstaart",39,6.09164596,6.4022105447507,"1984-2025",128.830852470869,0.933142366818276,120.217526593883,4.78930282340072
1998,700,170,"Gekraagde Roodstaart",36,5.62796272,6.39663085756901,"1984-2025",128.718573149357,0.933142366818276,120.112754002063,4.78843091830247
1998,800,170,"Gekraagde Roodstaart",36,5.62796272,6.39663085756901,"1984-2025",128.718573149357,0.933142366818276,120.112754002063,4.78843091830247
1999,700,170,"Gekraagde Roodstaart",33,6.09164596,5.41725507632751,"1984-2025",109.010721321504,0.933142366818276,101.722522502516,4.62224873873756
1999,800,170,"Gekraagde Roodstaart",33,6.09164596,5.41725507632751,"1984-2025",109.010721321504,0.933142366818276,101.722522502516,4.62224873873756
2000,700,170,"Gekraagde Roodstaart",27,5.70172844,4.73540616395964,"1984-2025",95.2899640888777,0.933142366818276,88.9191026239238,4.4877269970964
2000,800,170,"Gekraagde Roodstaart",27,5.70172844,4.73540616395964,"1984-2025",95.2899640888777,0.933142366818276,88.9191026239238,4.4877269970964
2001,700,170,"Gekraagde Roodstaart",29,6.44975091,4.49629767174993,"1984-2025",90.4784149108116,0.933142366818276,84.4292422358407,4.43591381358299
2001,800,170,"Gekraagde Roodstaart",29,6.44975091,4.49629767174993,"1984-2025",90.4784149108116,0.933142366818276,84.4292422358407,4.43591381358299
2002,700,170,"Gekraagde Roodstaart",25,6.09164596,4.10398111842994,"1984-2025",82.5838797890185,0.933142366818276,77.0625170473607,4.34461700213928
2002,800,170,"Gekraagde Roodstaart",25,6.09164596,4.10398111842994,"1984-2025",82.5838797890185,0.933142366818276,77.0625170473607,4.34461700213928
2003,700,170,"Gekraagde Roodstaart",13,6.2141484,2.09200024898021,"1984-2025",42.0970496926833,0.933142366818276,39.282540586297,3.67078016027189
2003,800,170,"Gekraagde Roodstaart",13,6.2141484,2.09200024898021,"1984-2025",42.0970496926833,0.933142366818276,39.282540586297,3.67078016027189
2004,700,170,"Gekraagde Roodstaart",15,6.2141484,2.41384644113102,"1984-2025",48.573518876173,0.933142366818276,45.3260083688043,3.81388100391257
2004,800,170,"Gekraagde Roodstaart",15,6.2141484,2.41384644113102,"1984-2025",48.573518876173,0.933142366818276,45.3260083688043,3.81388100391257
2005,700,170,"Gekraagde Roodstaart",15,6.2141484,2.41384644113102,"1984-2025",48.573518876173,0.933142366818276,45.3260083688043,3.81388100391257
2005,800,170,"Gekraagde Roodstaart",15,6.2141484,2.41384644113102,"1984-2025",48.573518876173,0.933142366818276,45.3260083688043,3.81388100391257
2006,700,170,"Gekraagde Roodstaart",16,5.65793112,2.82788879197243,"1984-2025",56.9052394038081,0.933142366818276,53.1006897816301,3.97218991840138
2006,800,170,"Gekraagde Roodstaart",16,5.65793112,2.82788879197243,"1984-2025",56.9052394038081,0.933142366818276,53.1006897816301,3.97218991840138
2007,700,170,"Gekraagde Roodstaart",13,6.1308353,2.12042884270598,"1984-2025",42.6691145972407,0.933142366818276,39.8163585853094,3.68427784757631
2007,800,170,"Gekraagde Roodstaart",13,6.1308353,2.12042884270598,"1984-2025",42.6691145972407,0.933142366818276,39.8163585853094,3.68427784757631
2008,700,170,"Gekraagde Roodstaart",12,6.02064405,1.99314224530513,"1984-2025",40.1077429059092,0.933142366818276,37.4262341429591,3.62237190619375
2008,800,170,"Gekraagde Roodstaart",12,6.02064405,1.99314224530513,"1984-2025",40.1077429059092,0.933142366818276,37.4262341429591,3.62237190619375
2009,700,170,"Gekraagde Roodstaart",16,5.98606767,2.67287322530385,"1984-2025",53.7858812601523,0.933142366818276,50.1898845405052,3.915813503216
2009,800,170,"Gekraagde Roodstaart",16,5.98606767,2.67287322530385,"1984-2025",53.7858812601523,0.933142366818276,50.1898845405052,3.915813503216
2010,700,170,"Gekraagde Roodstaart",27,6.44975091,4.18620817714649,"1984-2025",84.2385242273073,0.933142366818276,78.6065358747482,4.36445484960084
2010,800,170,"Gekraagde Roodstaart",27,6.44975091,4.18620817714649,"1984-2025",84.2385242273073,0.933142366818276,78.6065358747482,4.36445484960084
2011,700,170,"Gekraagde Roodstaart",36,6.44975091,5.58161090286198,"1984-2025",112.318032303076,0.933142366818276,104.808714499664,4.65213692205262
2011,800,170,"Gekraagde Roodstaart",36,6.44975091,5.58161090286198,"1984-2025",112.318032303076,0.933142366818276,104.808714499664,4.65213692205262
2012,700,170,"Gekraagde Roodstaart",43,6.44975091,6.66692413397404,"1984-2025",134.157649695341,0.933142366818276,125.188186763488,4.82981809929007
2012,800,170,"Gekraagde Roodstaart",43,6.44975091,6.66692413397404,"1984-2025",134.157649695341,0.933142366818276,125.188186763488,4.82981809929007
2013,700,170,"Gekraagde Roodstaart",59,6.44975091,9.14764009080158,"1984-2025",184.076775163375,0.933142366818276,171.769837652228,5.14615542750223
2013,800,170,"Gekraagde Roodstaart",59,6.44975091,9.14764009080158,"1984-2025",184.076775163375,0.933142366818276,171.769837652228,5.14615542750223
2014,700,170,"Gekraagde Roodstaart",46,6.44975091,7.1320583758792,"1984-2025",143.517485720598,0.933142366818276,133.922246305127,4.89725938008561
2014,800,170,"Gekraagde Roodstaart",46,6.44975091,7.1320583758792,"1984-2025",143.517485720598,0.933142366818276,133.922246305127,4.89725938008561
2015,700,170,"Gekraagde Roodstaart",61,6.57225335,9.28144378366059,"1984-2025",186.76928952139,0.933142366818276,174.282336872958,5.16067660988644
2015,800,170,"Gekraagde Roodstaart",61,6.57225335,9.28144378366059,"1984-2025",186.76928952139,0.933142366818276,174.282336872958,5.16067660988644
2016,700,170,"Gekraagde Roodstaart",47,6.44975091,7.28710312318092,"1984-2025",146.63743106235,0.933142366818276,136.833599485673,4.91876558530657
2016,800,170,"Gekraagde Roodstaart",47,6.44975091,7.28710312318092,"1984-2025",146.63743106235,0.933142366818276,136.833599485673,4.91876558530657
2017,700,170,"Gekraagde Roodstaart",53,6.57225335,8.06420525465592,"1984-2025",162.274956469405,0.933142366818276,151.425636955193,5.02009465926525
2017,800,170,"Gekraagde Roodstaart",53,6.57225335,8.06420525465592,"1984-2025",162.274956469405,0.933142366818276,151.425636955193,5.02009465926525
2018,700,170,"Gekraagde Roodstaart",41,6.57225335,6.23834746114892,"1984-2025",125.533456891426,0.933142366818276,117.140587078545,4.76337481241744
2018,800,170,"Gekraagde Roodstaart",41,6.57225335,6.23834746114892,"1984-2025",125.533456891426,0.933142366818276,117.140587078545,4.76337481241744
2019,700,170,"Gekraagde Roodstaart",36,6.57225335,5.47757338052101,"1984-2025",110.224498733935,0.933142366818276,102.855149629942,4.63332168416924
2019,800,170,"Gekraagde Roodstaart",36,6.57225335,5.47757338052101,"1984-2025",110.224498733935,0.933142366818276,102.855149629942,4.63332168416924
2020,700,170,"Gekraagde Roodstaart",45,6.44975091,6.97701362857748,"1984-2025",140.397540378846,0.933142366818276,131.01089312458,4.87528047336683
2020,800,170,"Gekraagde Roodstaart",45,6.44975091,6.97701362857748,"1984-2025",140.397540378846,0.933142366818276,131.01089312458,4.87528047336683
2021,700,170,"Gekraagde Roodstaart",40,6.57225335,6.08619264502334,"1984-2025",122.471665259928,0.933142366818276,114.283499588825,4.73868219982706
2021,800,170,"Gekraagde Roodstaart",40,6.57225335,6.08619264502334,"1984-2025",122.471665259928,0.933142366818276,114.283499588825,4.73868219982706
2022,700,170,"Gekraagde Roodstaart",37,6.57225335,5.62972819664659,"1984-2025",113.286290365433,0.933142366818276,105.712237119663,4.66072065835735
2022,800,170,"Gekraagde Roodstaart",37,6.57225335,5.62972819664659,"1984-2025",113.286290365433,0.933142366818276,105.712237119663,4.66072065835735
2023,700,170,"Gekraagde Roodstaart",38,6.57225335,5.78188301277217,"1984-2025",116.348081996932,0.933142366818276,108.569324609384,4.68738890543951
2023,800,170,"Gekraagde Roodstaart",38,6.57225335,5.78188301277217,"1984-2025",116.348081996932,0.933142366818276,108.569324609384,4.68738890543951
2024,700,170,"Gekraagde Roodstaart",28,6.57225335,4.26033485151634,"1984-2025",85.7301656819496,0.933142366818276,79.9984497121774,4.38200725588833
2024,800,170,"Gekraagde Roodstaart",28,6.57225335,4.26033485151634,"1984-2025",85.7301656819496,0.933142366818276,79.9984497121774,4.38200725588833
2025,700,170,"Gekraagde Roodstaart",22,6.57225335,3.34740595476284,"1984-2025",67.3594158929604,0.933142366818276,62.8559247738537,4.14084519907144
2025,800,170,"Gekraagde Roodstaart",22,6.57225335,3.34740595476284,"1984-2025",67.3594158929604,0.933142366818276,62.8559247738537,4.14084519907144
1958,600,172,"Roodborsttapuit",3,4.3072,0.696508172362556,"1958-1983",33.6406560872569,0.871195326361143,33.6406560872569,3.51573533810294
1958,700,172,"Roodborsttapuit",3,4.3072,0.696508172362556,"1958-1983",33.6406560872569,0.871195326361143,33.6406560872569,3.51573533810294
1959,600,172,"Roodborsttapuit",8,5.0372,1.58818391169697,"1958-1983",76.7077126970185,0.871195326361143,76.7077126970185,4.34000225999333
1959,700,172,"Roodborsttapuit",8,5.0372,1.58818391169697,"1958-1983",76.7077126970185,0.871195326361143,76.7077126970185,4.34000225999333
1960,600,172,"Roodborsttapuit",19,5.022,3.78335324571884,"1958-1983",182.732221165646,0.871195326361143,182.732221165646,5.20802180889409
1960,700,172,"Roodborsttapuit",19,5.022,3.78335324571884,"1958-1983",182.732221165646,0.871195326361143,182.732221165646,5.20802180889409
1961,600,172,"Roodborsttapuit",11,5.002,2.19912035185926,"1958-1983",106.215338723801,0.871195326361143,106.215338723801,4.66546853080599
1961,700,172,"Roodborsttapuit",11,5.002,2.19912035185926,"1958-1983",106.215338723801,0.871195326361143,106.215338723801,4.66546853080599
1962,600,172,"Roodborsttapuit",10,5.002,1.99920031987205,"1958-1983",96.5593988398195,0.871195326361143,96.5593988398195,4.57015835100166
1962,700,172,"Roodborsttapuit",10,5.002,1.99920031987205,"1958-1983",96.5593988398195,0.871195326361143,96.5593988398195,4.57015835100166
1963,600,172,"Roodborsttapuit",21,5.2472,4.00213447171825,"1958-1983",193.299138072349,0.871195326361143,193.299138072349,5.26423892718908
1963,700,172,"Roodborsttapuit",21,5.2472,4.00213447171825,"1958-1983",193.299138072349,0.871195326361143,193.299138072349,5.26423892718908
1964,600,172,"Roodborsttapuit",15,5.3272,2.81573809881364,"1958-1983",135.997366251533,0.871195326361143,135.997366251533,4.91263551975098
1964,700,172,"Roodborsttapuit",15,5.3272,2.81573809881364,"1958-1983",135.997366251533,0.871195326361143,135.997366251533,4.91263551975098
1965,600,172,"Roodborsttapuit",12,5.315,2.25776105362182,"1958-1983",109.047626640853,0.871195326361143,109.047626640853,4.69178472845713
1965,700,172,"Roodborsttapuit",12,5.315,2.25776105362182,"1958-1983",109.047626640853,0.871195326361143,109.047626640853,4.69178472845713
1966,600,172,"Roodborsttapuit",23,5.395,4.26320667284523,"1958-1983",205.908667264613,0.871195326361143,205.908667264613,5.3274327076821
1966,700,172,"Roodborsttapuit",23,5.395,4.26320667284523,"1958-1983",205.908667264613,0.871195326361143,205.908667264613,5.3274327076821
1967,600,172,"Roodborsttapuit",15,5.735,2.615518744551,"1958-1983",126.326969397588,0.871195326361143,126.326969397588,4.83887354098392
1967,700,172,"Roodborsttapuit",15,5.735,2.615518744551,"1958-1983",126.326969397588,0.871195326361143,126.326969397588,4.83887354098392
1968,600,172,"Roodborsttapuit",13,5.6,2.32142857142857,"1958-1983",112.122704802823,0.871195326361143,112.122704802823,4.71959385018348
1968,700,172,"Roodborsttapuit",13,5.6,2.32142857142857,"1958-1983",112.122704802823,0.871195326361143,112.122704802823,4.71959385018348
1969,600,172,"Roodborsttapuit",15,5.6,2.67857142857143,"1958-1983",129.372351695565,0.871195326361143,129.372351695565,4.86269469382415
1969,700,172,"Roodborsttapuit",15,5.6,2.67857142857143,"1958-1983",129.372351695565,0.871195326361143,129.372351695565,4.86269469382415
1970,600,172,"Roodborsttapuit",15,5.625,2.66666666666667,"1958-1983",128.797363465807,0.871195326361143,128.797363465807,4.85824034347477
1970,700,172,"Roodborsttapuit",15,5.625,2.66666666666667,"1958-1983",128.797363465807,0.871195326361143,128.797363465807,4.85824034347477
1971,600,172,"Roodborsttapuit",13,5.615,2.31522707034728,"1958-1983",111.823178432023,0.871195326361143,111.823178432023,4.71691885973418
1971,700,172,"Roodborsttapuit",13,5.615,2.31522707034728,"1958-1983",111.823178432023,0.871195326361143,111.823178432023,4.71691885973418
1972,600,172,"Roodborsttapuit",14,5.645,2.4800708591674,"1958-1983",119.784970450928,0.871195326361143,119.784970450928,4.78569822247668
1972,700,172,"Roodborsttapuit",14,5.645,2.4800708591674,"1958-1983",119.784970450928,0.871195326361143,119.784970450928,4.78569822247668
1973,600,172,"Roodborsttapuit",21,5.715,3.6745406824147,"1958-1983",177.476681941073,0.871195326361143,177.476681941073,5.17883923093969
1973,700,172,"Roodborsttapuit",21,5.715,3.6745406824147,"1958-1983",177.476681941073,0.871195326361143,177.476681941073,5.17883923093969
1974,600,172,"Roodborsttapuit",23,5.855,3.92826643894108,"1958-1983",189.73138512256,0.871195326361143,189.73138512256,5.24560930934251
1974,700,172,"Roodborsttapuit",23,5.855,3.92826643894108,"1958-1983",189.73138512256,0.871195326361143,189.73138512256,5.24560930934251
1975,600,172,"Roodborsttapuit",12,5.505,2.17983651226158,"1958-1983",105.283948337172,0.871195326361143,105.283948337172,4.6566609700764
1975,700,172,"Roodborsttapuit",12,5.505,2.17983651226158,"1958-1983",105.283948337172,0.871195326361143,105.283948337172,4.6566609700764
1976,600,172,"Roodborsttapuit",5,6.49,0.770416024653313,"1958-1983",37.2103322801831,0.871195326361143,37.2103322801831,3.61658647218115
1976,700,172,"Roodborsttapuit",5,6.49,0.770416024653313,"1958-1983",37.2103322801831,0.871195326361143,37.2103322801831,3.61658647218115
1977,600,172,"Roodborsttapuit",6,6.175,0.97165991902834,"1958-1983",46.9302134085937,0.871195326361143,46.9302134085937,3.84866167717706
1977,700,172,"Roodborsttapuit",6,6.175,0.97165991902834,"1958-1983",46.9302134085937,0.871195326361143,46.9302134085937,3.84866167717706
1978,600,172,"Roodborsttapuit",7,6.38,1.09717868338558,"1958-1983",52.9926456266056,0.871195326361143,52.9926456266056,3.97015314216166
1978,700,172,"Roodborsttapuit",7,6.38,1.09717868338558,"1958-1983",52.9926456266056,0.871195326361143,52.9926456266056,3.97015314216166
1979,600,172,"Roodborsttapuit",4,6.37,0.627943485086342,"1958-1983",30.3290494817442,0.871195326361143,30.3290494817442,3.41210598199886
1979,700,172,"Roodborsttapuit",4,6.37,0.627943485086342,"1958-1983",30.3290494817442,0.871195326361143,30.3290494817442,3.41210598199886
1980,600,172,"Roodborsttapuit",6,6.38,0.940438871473354,"1958-1983",45.4222676799477,0.871195326361143,45.4222676799477,3.8160024623344
1980,700,172,"Roodborsttapuit",6,6.38,0.940438871473354,"1958-1983",45.4222676799477,0.871195326361143,45.4222676799477,3.8160024623344
1981,600,172,"Roodborsttapuit",2,6.38,0.313479623824451,"1958-1983",15.1407558933159,0.871195326361143,15.1407558933159,2.71739017366629
1981,700,172,"Roodborsttapuit",2,6.38,0.313479623824451,"1958-1983",15.1407558933159,0.871195326361143,15.1407558933159,2.71739017366629
1982,600,172,"Roodborsttapuit",2,6.035,0.331400165700083,"1958-1983",16.0063003478634,0.871195326361143,16.0063003478634,2.7729824164735
1982,700,172,"Roodborsttapuit",2,6.035,0.331400165700083,"1958-1983",16.0063003478634,0.871195326361143,16.0063003478634,2.7729824164735
1983,600,172,"Roodborsttapuit",2,6.38,0.313479623824451,"1958-1983",15.1407558933159,0.871195326361143,15.1407558933159,2.71739017366629
1983,700,172,"Roodborsttapuit",2,6.38,0.313479623824451,"1958-1983",15.1407558933159,0.871195326361143,15.1407558933159,2.71739017366629
1984,600,172,"Roodborsttapuit",1,3.02300608,0.330796555989725,"1984-2025",9.66550007782907,0.871195326361143,8.42053849474795,2.13067378045485
1984,700,172,"Roodborsttapuit",1,3.02300608,0.330796555989725,"1984-2025",9.66550007782907,0.871195326361143,8.42053849474795,2.13067378045485
1985,600,172,"Roodborsttapuit",4,5.13012052,0.779708777679944,"1984-2025",22.7822059053831,0.871195326361143,19.847751308967,2.98809071653304
1985,700,172,"Roodborsttapuit",4,5.13012052,0.779708777679944,"1984-2025",22.7822059053831,0.871195326361143,19.847751308967,2.98809071653304
1986,600,172,"Roodborsttapuit",3,4.23796013,0.707887735602647,"1984-2025",20.6836765367477,0.871195326361143,18.0195223307802,2.89145574410301
1986,700,172,"Roodborsttapuit",3,4.23796013,0.707887735602647,"1984-2025",20.6836765367477,0.871195326361143,18.0195223307802,2.89145574410301
1987,600,172,"Roodborsttapuit",1,5.02247314,0.19910509665762,"1984-2025",5.81762503990569,0.871195326361143,5.06828774528739,1.6230030377389
1987,700,172,"Roodborsttapuit",1,5.02247314,0.19910509665762,"1984-2025",5.81762503990569,0.871195326361143,5.06828774528739,1.6230030377389
1988,600,172,"Roodborsttapuit",4,4.70180252,0.850737559262697,"1984-2025",24.8575863211863,0.871195326361143,21.6558130276361,3.07527391853055
1988,700,172,"Roodborsttapuit",4,4.70180252,0.850737559262697,"1984-2025",24.8575863211863,0.871195326361143,21.6558130276361,3.07527391853055
1989,600,172,"Roodborsttapuit",4,4.70180252,0.850737559262697,"1984-2025",24.8575863211863,0.871195326361143,21.6558130276361,3.07527391853055
1989,700,172,"Roodborsttapuit",4,4.70180252,0.850737559262697,"1984-2025",24.8575863211863,0.871195326361143,21.6558130276361,3.07527391853055
1990,600,172,"Roodborsttapuit",2,4.85514176,0.411934418985945,"1984-2025",12.0362563837962,0.871195326361143,10.4859303084477,2.35003438797603
1990,700,172,"Roodborsttapuit",2,4.85514176,0.411934418985945,"1984-2025",12.0362563837962,0.871195326361143,10.4859303084477,2.35003438797603
1991,600,172,"Roodborsttapuit",10,5.55688703,1.79956870564633,"1984-2025",52.5813559710206,0.871195326361143,45.8086315756847,3.82447253571454
1991,700,172,"Roodborsttapuit",10,5.55688703,1.79956870564633,"1984-2025",52.5813559710206,0.871195326361143,45.8086315756847,3.82447253571454
1992,600,172,"Roodborsttapuit",12,6.1308353,1.9573189317286,"1984-2025",57.1906386097524,0.871195326361143,49.8242170684254,3.9085011523462
1992,700,172,"Roodborsttapuit",12,6.1308353,1.9573189317286,"1984-2025",57.1906386097524,0.871195326361143,49.8242170684254,3.9085011523462
1993,600,172,"Roodborsttapuit",18,6.1308353,2.9359783975929,"1984-2025",85.7859579146286,0.871195326361143,74.7363256026381,4.31396626045437
1993,700,172,"Roodborsttapuit",18,6.1308353,2.9359783975929,"1984-2025",85.7859579146286,0.871195326361143,74.7363256026381,4.31396626045437
1994,600,172,"Roodborsttapuit",21,6.1308353,3.42530813052505,"1984-2025",100.083617567067,0.871195326361143,87.1923798697445,4.46811694028163
1994,700,172,"Roodborsttapuit",21,6.1308353,3.42530813052505,"1984-2025",100.083617567067,0.871195326361143,87.1923798697445,4.46811694028163
1995,600,172,"Roodborsttapuit",20,6.09164596,3.28318489474395,"1984-2025",95.9309378561382,0.871195326361143,83.5745847137088,4.4257394632685
1995,700,172,"Roodborsttapuit",20,6.09164596,3.28318489474395,"1984-2025",95.9309378561382,0.871195326361143,83.5745847137088,4.4257394632685
1996,600,172,"Roodborsttapuit",23,6.44975091,3.5660291879396,"1984-2025",104.195327216894,0.871195326361143,90.7744821000278,4.50837821196909
1996,700,172,"Roodborsttapuit",23,6.44975091,3.5660291879396,"1984-2025",104.195327216894,0.871195326361143,90.7744821000278,4.50837821196909
1997,600,172,"Roodborsttapuit",17,6.09164596,2.79070716053236,"1984-2025",81.5412971777175,0.871195326361143,71.0383970066525,4.26322053377072
1997,700,172,"Roodborsttapuit",17,6.09164596,2.79070716053236,"1984-2025",81.5412971777175,0.871195326361143,71.0383970066525,4.26322053377072
1998,600,172,"Roodborsttapuit",27,5.62796272,4.79747314317675,"1984-2025",140.176722517625,0.871195326361143,122.121305521978,4.80501485829412
1998,700,172,"Roodborsttapuit",27,5.62796272,4.79747314317675,"1984-2025",140.176722517625,0.871195326361143,122.121305521978,4.80501485829412
1999,600,172,"Roodborsttapuit",23,6.09164596,3.77566262895554,"1984-2025",110.320578534559,0.871195326361143,96.1107724207651,4.56550140564365
1999,700,172,"Roodborsttapuit",23,6.09164596,3.77566262895554,"1984-2025",110.320578534559,0.871195326361143,96.1107724207651,4.56550140564365
2000,600,172,"Roodborsttapuit",30,5.70172844,5.2615624043996,"1984-2025",153.736884221994,0.871195326361143,133.934855023526,4.89735352519765
2000,700,172,"Roodborsttapuit",30,5.70172844,5.2615624043996,"1984-2025",153.736884221994,0.871195326361143,133.934855023526,4.89735352519765
2001,600,172,"Roodborsttapuit",24,6.44975091,3.72107393524132,"1984-2025",108.72555883502,0.871195326361143,94.7211987130725,4.55093782638789
2001,700,172,"Roodborsttapuit",24,6.44975091,3.72107393524132,"1984-2025",108.72555883502,0.871195326361143,94.7211987130725,4.55093782638789
2002,600,172,"Roodborsttapuit",23,6.09164596,3.77566262895554,"1984-2025",110.320578534559,0.871195326361143,96.1107724207651,4.56550140564365
2002,700,172,"Roodborsttapuit",23,6.09164596,3.77566262895554,"1984-2025",110.320578534559,0.871195326361143,96.1107724207651,4.56550140564365
2003,600,172,"Roodborsttapuit",30,6.2141484,4.82769288226203,"1984-2025",141.059709009449,0.871195326361143,122.890559226895,4.81129419691594
2003,700,172,"Roodborsttapuit",30,6.2141484,4.82769288226203,"1984-2025",141.059709009449,0.871195326361143,122.890559226895,4.81129419691594
2004,600,172,"Roodborsttapuit",27,6.2141484,4.34492359403583,"1984-2025",126.953738108504,0.871195326361143,110.601503304205,4.70593368125811
2004,700,172,"Roodborsttapuit",27,6.2141484,4.34492359403583,"1984-2025",126.953738108504,0.871195326361143,110.601503304205,4.70593368125811
2005,600,172,"Roodborsttapuit",20,6.2141484,3.21846192150802,"1984-2025",94.0398060062993,0.871195326361143,81.9270394845965,4.40582908880778
2005,700,172,"Roodborsttapuit",20,6.2141484,3.21846192150802,"1984-2025",94.0398060062993,0.871195326361143,81.9270394845965,4.40582908880778
2006,600,172,"Roodborsttapuit",13,5.65793112,2.2976596434776,"1984-2025",67.1350080910372,0.871195326361143,58.4877052841291,4.06881656606656
2006,700,172,"Roodborsttapuit",13,5.65793112,2.2976596434776,"1984-2025",67.1350080910372,0.871195326361143,58.4877052841291,4.06881656606656
2007,600,172,"Roodborsttapuit",20,6.1308353,3.26219821954767,"1984-2025",95.3177310162541,0.871195326361143,83.0403617807091,4.4193267761122
2007,700,172,"Roodborsttapuit",20,6.1308353,3.26219821954767,"1984-2025",95.3177310162541,0.871195326361143,83.0403617807091,4.4193267761122
2008,600,172,"Roodborsttapuit",12,6.02064405,1.99314224530513,"1984-2025",58.2373551909639,0.871195326361143,50.7361116620015,3.92663791863718
2008,700,172,"Roodborsttapuit",12,6.02064405,1.99314224530513,"1984-2025",58.2373551909639,0.871195326361143,50.7361116620015,3.92663791863718
2009,600,172,"Roodborsttapuit",10,5.98606767,1.67054576581491,"1984-2025",48.8114520454757,0.871195326361143,42.5243088949195,3.7500758864137
2009,700,172,"Roodborsttapuit",10,5.98606767,1.67054576581491,"1984-2025",48.8114520454757,0.871195326361143,42.5243088949195,3.7500758864137
2010,600,172,"Roodborsttapuit",18,6.44975091,2.79080545143099,"1984-2025",81.5441691262647,0.871195326361143,71.0408990348044,4.26325575393611
2010,700,172,"Roodborsttapuit",18,6.44975091,2.79080545143099,"1984-2025",81.5441691262647,0.871195326361143,71.0408990348044,4.26325575393611
2011,600,172,"Roodborsttapuit",20,6.44975091,3.10089494603444,"1984-2025",90.6046323625163,0.871195326361143,78.9343322608938,4.36861626959393
2011,700,172,"Roodborsttapuit",20,6.44975091,3.10089494603444,"1984-2025",90.6046323625163,0.871195326361143,78.9343322608938,4.36861626959393
2012,600,172,"Roodborsttapuit",29,6.44975091,4.49629767174993,"1984-2025",131.376716925649,0.871195326361143,114.454781778296,4.74017982602642
2012,700,172,"Roodborsttapuit",29,6.44975091,4.49629767174993,"1984-2025",131.376716925649,0.871195326361143,114.454781778296,4.74017982602642
2013,600,172,"Roodborsttapuit",26,6.44975091,4.03116342984477,"1984-2025",117.786022071271,0.871195326361143,102.614631939162,4.63098053406142
2013,700,172,"Roodborsttapuit",26,6.44975091,4.03116342984477,"1984-2025",117.786022071271,0.871195326361143,102.614631939162,4.63098053406142
2014,600,172,"Roodborsttapuit",29,6.44975091,4.49629767174993,"1984-2025",131.376716925649,0.871195326361143,114.454781778296,4.74017982602642
2014,700,172,"Roodborsttapuit",29,6.44975091,4.49629767174993,"1984-2025",131.376716925649,0.871195326361143,114.454781778296,4.74017982602642
2015,600,172,"Roodborsttapuit",29,6.57225335,4.41248966764192,"1984-2025",128.927942125666,0.871195326361143,112.32142061724,4.72136458814303
2015,700,172,"Roodborsttapuit",29,6.57225335,4.41248966764192,"1984-2025",128.927942125666,0.871195326361143,112.32142061724,4.72136458814303
2016,600,172,"Roodborsttapuit",26,6.44975091,4.03116342984477,"1984-2025",117.786022071271,0.871195326361143,102.614631939162,4.63098053406142
2016,700,172,"Roodborsttapuit",26,6.44975091,4.03116342984477,"1984-2025",117.786022071271,0.871195326361143,102.614631939162,4.63098053406142
2017,600,172,"Roodborsttapuit",19,6.57225335,2.89094150638609,"1984-2025",84.4700310478502,0.871195326361143,73.5898962664677,4.298507737323
2017,700,172,"Roodborsttapuit",19,6.57225335,2.89094150638609,"1984-2025",84.4700310478502,0.871195326361143,73.5898962664677,4.298507737323
2018,600,172,"Roodborsttapuit",25,6.57225335,3.80387040313959,"1984-2025",111.14477769454,0.871195326361143,96.8288108769312,4.57294458302476
2018,700,172,"Roodborsttapuit",25,6.57225335,3.80387040313959,"1984-2025",111.14477769454,0.871195326361143,96.8288108769312,4.57294458302476
2019,600,172,"Roodborsttapuit",38,6.57225335,5.78188301277217,"1984-2025",168.9400620957,0.871195326361143,147.179792532935,4.99165491788294
2019,700,172,"Roodborsttapuit",38,6.57225335,5.78188301277217,"1984-2025",168.9400620957,0.871195326361143,147.179792532935,4.99165491788294
2020,600,172,"Roodborsttapuit",34,6.44975091,5.27152140825854,"1984-2025",154.027875016278,0.871195326361143,134.188364843519,4.8992445206561
2020,700,172,"Roodborsttapuit",34,6.44975091,5.27152140825854,"1984-2025",154.027875016278,0.871195326361143,134.188364843519,4.8992445206561
2021,600,172,"Roodborsttapuit",26,6.57225335,3.95602521926517,"1984-2025",115.590568802321,0.871195326361143,100.701963312008,4.61216529617804
2021,700,172,"Roodborsttapuit",26,6.57225335,3.95602521926517,"1984-2025",115.590568802321,0.871195326361143,100.701963312008,4.61216529617804
2022,600,172,"Roodborsttapuit",37,6.57225335,5.62972819664659,"1984-2025",164.494270987919,0.871195326361143,143.306640097858,4.96498667080078
2022,700,172,"Roodborsttapuit",37,6.57225335,5.62972819664659,"1984-2025",164.494270987919,0.871195326361143,143.306640097858,4.96498667080078
2023,600,172,"Roodborsttapuit",40,6.57225335,6.08619264502334,"1984-2025",177.831644311264,0.871195326361143,154.92609740309,5.04294821227049
2023,700,172,"Roodborsttapuit",40,6.57225335,6.08619264502334,"1984-2025",177.831644311264,0.871195326361143,154.92609740309,5.04294821227049
2024,600,172,"Roodborsttapuit",58,6.57225335,8.82497933528384,"1984-2025",257.855884251332,0.871195326361143,224.64284123448,5.41451176870298
2024,700,172,"Roodborsttapuit",58,6.57225335,8.82497933528384,"1984-2025",257.855884251332,0.871195326361143,224.64284123448,5.41451176870298
2025,600,172,"Roodborsttapuit",48,6.57225335,7.30343117402801,"1984-2025",213.397973173516,0.871195326361143,185.911316883708,5.22526976906445
2025,700,172,"Roodborsttapuit",48,6.57225335,7.30343117402801,"1984-2025",213.397973173516,0.871195326361143,185.911316883708,5.22526976906445
1958,300,173,"Tapuit",10,4.3072,2.32169390787519,"1958-1983",35.6597520865501,0.58904850135039,35.6597520865501,3.57402266026697
1959,300,173,"Tapuit",16,5.0372,3.17636782339395,"1958-1983",48.7870036328717,0.58904850135039,48.7870036328717,3.88746395839137
1960,300,173,"Tapuit",15,5.022,2.9868578255675,"1958-1983",45.8762497572247,0.58904850135039,45.8762497572247,3.82594754866796
1961,300,173,"Tapuit",22,5.002,4.39824070371851,"1958-1983",67.5541993626179,0.58904850135039,67.5541993626179,4.21293022920403
1962,300,173,"Tapuit",19,5.002,3.7984806077569,"1958-1983",58.3422630858972,0.58904850135039,58.3422630858972,4.06632675501216
1963,300,173,"Tapuit",19,5.2472,3.62097880774508,"1958-1983",55.61594754453,0.58904850135039,55.61594754453,4.01846998647019
1964,300,173,"Tapuit",20,5.3272,3.75431746508485,"1958-1983",57.6639451070688,0.58904850135039,57.6639451070688,4.05463211004086
1965,300,173,"Tapuit",30,5.315,5.64440263405456,"1958-1983",86.6944595600311,0.58904850135039,86.6944595600311,4.46238997816939
1966,300,173,"Tapuit",38,5.395,7.04355885078777,"1958-1983",108.184615368177,0.58904850135039,108.184615368177,4.68383916931743
1967,300,173,"Tapuit",34,5.735,5.92850915431561,"1958-1983",91.0581562748806,0.58904850135039,91.0581562748806,4.51149838233597
1968,300,173,"Tapuit",41,5.6,7.32142857142857,"1958-1983",112.452518779906,0.58904850135039,112.452518779906,4.72253107726435
1969,300,173,"Tapuit",35,5.6,6.25,"1958-1983",95.9960526169927,0.58904850135039,95.9960526169927,4.56430707204945
1970,300,173,"Tapuit",38,5.625,6.75555555555555,"1958-1983",103.761066650901,0.58904850135039,103.761066650901,4.64209081993704
1971,300,173,"Tapuit",36,5.615,6.41139804096171,"1958-1983",98.4750245901831,0.58904850135039,98.4750245901831,4.58980295856685
1972,300,173,"Tapuit",38,5.645,6.73162090345438,"1958-1983",103.393445511305,0.58904850135039,103.393445511305,4.6385415704259
1973,300,173,"Tapuit",39,5.715,6.8241469816273,"1958-1983",104.814587634302,0.58904850135039,104.814587634302,4.65219295718402
1974,300,173,"Tapuit",39,5.855,6.66097352690008,"1958-1983",102.308346426991,0.58904850135039,102.308346426991,4.62799125738111
1975,300,173,"Tapuit",45,5.505,8.17438692098093,"1958-1983",125.553420316503,0.58904850135039,125.553420316503,4.83273132789682
1976,300,173,"Tapuit",51,6.49,7.85824345146379,"1958-1983",120.697656295017,0.58904850135039,120.697656295017,4.79328871030947
1977,300,173,"Tapuit",53,6.175,8.582995951417,"1958-1983",131.829396954186,0.58904850135039,131.829396954186,4.88150863933922
1978,300,173,"Tapuit",53,6.38,8.30721003134796,"1958-1983",127.59349940315,0.58904850135039,127.59349940315,4.84884942449657
1979,300,173,"Tapuit",54,6.37,8.47723704866562,"1958-1983",130.205007003268,0.58904850135039,130.205007003268,4.86911018528134
1980,300,173,"Tapuit",73,6.38,11.4420062695925,"1958-1983",175.741989743962,0.58904850135039,175.741989743962,5.16901695209283
1981,300,173,"Tapuit",63,6.38,9.87460815047022,"1958-1983",151.667744573556,0.58904850135039,151.667744573556,5.02169223733598
1982,300,173,"Tapuit",53,6.035,8.7821043910522,"1958-1983",134.887576833819,0.58904850135039,134.887576833819,4.90444166730377
1983,300,173,"Tapuit",52,6.38,8.15047021943574,"1958-1983",125.18607488611,0.58904850135039,125.18607488611,4.82980122952587
1984,300,173,"Tapuit",25,3.02300608,8.26991389974313,"1984-2025",331.815182445988,0.58904850135039,195.455235945115,5.27533138105955
1985,300,173,"Tapuit",30,5.13012052,5.84781583259958,"1984-2025",234.6329237436,0.58904850135039,138.210172098628,4.9287755128118
1986,300,173,"Tapuit",14,4.23796013,3.30347609947902,"1984-2025",132.545941583338,0.58904850135039,78.0759882497418,4.35768256078666
1987,300,173,"Tapuit",30,5.02247314,5.9731528997286,"1984-2025",239.661844516034,0.58904850135039,141.17245034304,4.94998219513755
1988,300,173,"Tapuit",20,4.70180252,4.25368779631349,"1984-2025",170.671449462838,0.58904850135039,100.533761529383,4.61049360670115
1989,300,173,"Tapuit",15,4.70180252,3.19026584723512,"1984-2025",128.003587097128,0.58904850135039,75.4003211470376,4.32281153424937
1990,300,173,"Tapuit",6,4.85514176,1.23580325695784,"1984-2025",49.5843473276725,0.58904850135039,29.2075854838027,3.37442845238063
1991,300,173,"Tapuit",6,5.55688703,1.0797412233878,"1984-2025",43.3226434248614,0.58904850135039,25.5191381839519,3.23942868768504
1992,300,173,"Tapuit",9,6.1308353,1.46798919879645,"1984-2025",58.9003839377957,0.58904850135039,34.6951828875211,3.54660085563092
1993,300,173,"Tapuit",3,6.1308353,0.48932973293215,"1984-2025",19.6334613125986,0.58904850135039,11.565060962507,2.44798856696281
1994,300,173,"Tapuit",6,6.1308353,0.978659465864301,"1984-2025",39.2669226251971,0.58904850135039,23.1301219250141,3.14113574752276
1995,300,173,"Tapuit",5,6.09164596,0.820796223685987,"1984-2025",32.9329485185817,0.58904850135039,19.3991039699201,2.9652268778851
1996,300,173,"Tapuit",1,6.44975091,0.155044747301722,"1984-2025",6.22088715032581,0.58904850135039,3.66440425296932,1.29866577177644
1997,300,173,"Tapuit",1,6.09164596,0.164159244737197,"1984-2025",6.58658970371633,0.58904850135039,3.87982079398402,1.355788965451
2011,300,173,"Tapuit",1,6.44975091,0.155044747301722,"1984-2025",6.22088715032581,0.58904850135039,3.66440425296932,1.29866577177644
1958,600,175,"Merel",8,4.3072,1.85735512630015,"1958-1983",15.0794294835547,1.65406754933119,15.0794294835547,2.71333152920861
1959,600,175,"Merel",29,5.0372,5.75716667990153,"1958-1983",46.7410823839493,1.65406754933119,46.7410823839493,3.84462348639391
1960,600,175,"Merel",30,5.022,5.97371565113501,"1958-1983",48.4991925564267,1.65406754933119,48.4991925564267,3.88154714948375
1961,600,175,"Merel",32,5.002,6.39744102359056,"1958-1983",51.9393192095695,1.65406754933119,51.9393192095695,3.95007609890129
1962,600,175,"Merel",36,5.002,7.19712115153938,"1958-1983",58.4317341107657,1.65406754933119,58.4317341107657,4.06785913455767
1963,600,175,"Merel",32,5.2472,6.09849062357067,"1958-1983",49.5122112147939,1.65406754933119,49.5122112147939,3.90221933035933
1964,600,175,"Merel",36,5.3272,6.75777143715273,"1958-1983",54.8647570997991,1.65406754933119,54.8647570997991,4.00487119519883
1965,600,175,"Merel",50,5.315,9.40733772342427,"1958-1983",76.375962689989,1.65406754933119,76.375962689989,4.33566802219123
1966,600,175,"Merel",56,5.395,10.3799814643188,"1958-1983",84.2726284895212,1.65406754933119,84.2726284895212,4.43405712058204
1967,600,175,"Merel",56,5.735,9.76460331299041,"1958-1983",79.2765179949375,1.65406754933119,79.2765179949375,4.37294196871081
1968,600,175,"Merel",66,5.6,11.7857142857143,"1958-1983",95.6854426857902,1.65406754933119,95.6854426857902,4.56106617284231
1969,600,175,"Merel",74,5.6,13.2142857142857,"1958-1983",107.283678162856,1.65406754933119,107.283678162856,4.67547652402006
1970,600,175,"Merel",66,5.625,11.7333333333333,"1958-1983",95.2601740516311,1.65406754933119,95.2601740516311,4.55661182249293
1971,600,175,"Merel",66,5.615,11.7542297417631,"1958-1983",95.4298270775467,1.65406754933119,95.4298270775467,4.55839118239301
1972,600,175,"Merel",86,5.645,15.2347209920283,"1958-1983",123.687117045056,1.65406754933119,123.687117045056,4.81775512720887
1973,600,175,"Merel",92,5.715,16.0979877515311,"1958-1983",130.695776854421,1.65406754933119,130.695776854421,4.87287230835926
1974,600,175,"Merel",109,5.855,18.6165670367207,"1958-1983",151.143529786524,1.65406754933119,151.143529786524,5.01822991373646
1975,600,175,"Merel",114,5.505,20.708446866485,"1958-1983",168.127010185254,1.65406754933119,168.127010185254,5.12471970677684
1976,600,175,"Merel",105,6.49,16.1787365177196,"1958-1983",131.351357097737,1.65406754933119,131.351357097737,4.87787584799852
1977,600,175,"Merel",89,6.175,14.412955465587,"1958-1983",117.015395987235,1.65406754933119,117.015395987235,4.76230551577509
1978,600,175,"Merel",91,6.38,14.2633228840125,"1958-1983",115.800564245936,1.65406754933119,115.800564245936,4.75186943771714
1979,600,175,"Merel",70,6.37,10.989010989011,"1958-1983",89.2171959774267,1.65406754933119,89.2171959774267,4.49107380102228
1980,600,175,"Merel",110,6.38,17.2413793103448,"1958-1983",139.978704033549,1.65406754933119,139.978704033549,4.94149029699271
1981,600,175,"Merel",127,6.38,19.9059561128527,"1958-1983",161.611776475097,1.65406754933119,161.611776475097,5.08519701765888
1982,600,175,"Merel",118,6.035,19.5526097763049,"1958-1983",158.74304066373,1.65406754933119,158.74304066373,5.06728679847316
1983,600,175,"Merel",121,6.38,18.9655172413793,"1958-1983",153.976574436904,1.65406754933119,153.976574436904,5.03680047679703
1984,600,175,"Merel",47,3.02300608,15.5474381315171,"1984-2025",83.5178022504964,1.65406754933119,138.144086494006,4.92829724548769
1985,600,175,"Merel",90,5.13012052,17.5434474977987,"1984-2025",94.2399748768225,1.65406754933119,155.879284293539,5.0490818890662
1986,600,175,"Merel",86,4.23796013,20.2927817539425,"1984-2025",109.008861736688,1.65406754933119,180.308020788186,5.19466661501119
1987,600,175,"Merel",70,5.02247314,13.9373567660334,"1984-2025",74.8687594981034,1.65406754933119,123.837985544494,4.81897414311104
1988,600,175,"Merel",69,4.70180252,14.6752228972815,"1984-2025",78.8324322984471,1.65406754933119,130.39416809971,4.8705619253307
1989,600,175,"Merel",85,4.70180252,18.0781731343323,"1984-2025",97.1124165995363,1.65406754933119,160.630496934425,5.07910667722376
1990,600,175,"Merel",80,4.85514176,16.4773767594378,"1984-2025",88.5132510038405,1.65406754933119,146.406896171259,4.98638970541275
1991,600,175,"Merel",53,5.55688703,9.53771413992557,"1984-2025",51.2347382714646,1.65406754933119,84.7457179733065,4.4396552195954
1992,600,175,"Merel",48,6.1308353,7.82927572691441,"1984-2025",42.0573406624159,1.65406754933119,69.5656824008693,4.24227137678888
1993,600,175,"Merel",80,6.1308353,13.0487928781907,"1984-2025",70.0955677706932,1.65406754933119,115.942804001449,4.75309700055487
1994,600,175,"Merel",94,6.1308353,15.332331631874,"1984-2025",82.3622921305645,1.65406754933119,136.232794701702,4.91436514815099
1995,600,175,"Merel",116,6.09164596,19.0424723895149,"1984-2025",102.292443934161,1.65406754933119,169.198612053275,5.13107324414365
1996,600,175,"Merel",102,6.44975091,15.8145642247756,"1984-2025",84.9527514713258,1.65406754933119,140.517589435118,4.945332672647
1997,600,175,"Merel",94,6.09164596,15.4309690052966,"1984-2025",82.8921528431992,1.65406754933119,137.109220112137,4.92077783530729
1998,600,175,"Merel",99,5.62796272,17.5907348583148,"1984-2025",94.4939933454034,1.65406754933119,156.299447999349,5.05177370574717
1999,600,175,"Merel",94,6.09164596,15.4309690052966,"1984-2025",82.8921528431992,1.65406754933119,137.109220112137,4.92077783530729
2000,600,175,"Merel",106,5.70172844,18.5908538288786,"1984-2025",99.8664371978215,1.65406754933119,165.185833036238,5.10707110097035
2001,600,175,"Merel",144,6.44975091,22.3264436114479,"1984-2025",119.933296194813,1.65406754933119,198.377773320166,5.29017315893872
2002,600,175,"Merel",124,6.09164596,20.3557463474125,"1984-2025",109.347095239965,1.65406754933119,180.867481850053,5.19776461864232
2003,600,175,"Merel",148,6.2141484,23.8166182191594,"1984-2025",127.938223254356,1.65406754933119,211.61846340412,5.35478495234068
2004,600,175,"Merel",151,6.2141484,24.2993875073856,"1984-2025",130.53156561762,1.65406754933119,215.9080268515,5.37485251539149
2005,600,175,"Merel",156,6.2141484,25.1040029877626,"1984-2025",134.853802889727,1.65406754933119,223.057299263802,5.4074286858261
2006,600,175,"Merel",134,5.65793112,23.6835686327691,"1984-2025",127.2235068521,1.65406754933119,210.436274196173,5.34918287187872
2007,600,175,"Merel",139,6.1308353,22.6722776258563,"1984-2025",121.791049001579,1.65406754933119,201.450621952517,5.30554429901168
2008,600,175,"Merel",129,6.02064405,21.4262791370302,"1984-2025",115.097788381153,1.65406754933119,190.379516761054,5.24901953653364
2009,600,175,"Merel",130,5.98606767,21.7170949555938,"1984-2025",116.659994181276,1.65406754933119,192.963510680415,5.26250110719802
2010,600,175,"Merel",152,6.44975091,23.5668015898617,"1984-2025",126.596257094525,1.65406754933119,209.398760726842,5.344240380209
2011,600,175,"Merel",155,6.44975091,24.0319358317669,"1984-2025",129.094867431917,1.65406754933119,213.531631004346,5.36378497628197
2012,600,175,"Merel",137,6.44975091,21.2411303803359,"1984-2025",114.103205407565,1.65406754933119,188.734409339325,5.24034078519085
2013,600,175,"Merel",128,6.44975091,19.8457276546204,"1984-2025",106.607374395389,1.65406754933119,176.335798506814,5.17239012328234
2014,600,175,"Merel",160,6.44975091,24.8071595682755,"1984-2025",133.259217994237,1.65406754933119,220.419748133518,5.39553367459655
2015,600,175,"Merel",170,6.57225335,25.8663187413492,"1984-2025",138.94881428787,1.65406754933119,229.830724731611,5.4373430585296
2016,600,175,"Merel",161,6.44975091,24.9622043155772,"1984-2025",134.092088106701,1.65406754933119,221.797371559352,5.40176422434719
2017,600,175,"Merel",156,6.57225335,23.736151315591,"1984-2025",127.50597075828,1.65406754933119,210.903488577243,5.35140062872888
2018,600,175,"Merel",156,6.57225335,23.736151315591,"1984-2025",127.50597075828,1.65406754933119,210.903488577243,5.35140062872888
2019,600,175,"Merel",124,6.57225335,18.8671971995724,"1984-2025",101.350899833505,1.65406754933119,167.641234510117,5.12182618708438
2020,600,175,"Merel",120,6.44975091,18.6053696762066,"1984-2025",99.9444134956775,1.65406754933119,165.314811100138,5.10785160214477
2021,600,175,"Merel",112,6.57225335,17.0413394060654,"1984-2025",91.5427482367141,1.65406754933119,151.417889234944,5.02004349277443
2022,600,175,"Merel",80,6.57225335,12.1723852900467,"1984-2025",65.3876773119387,1.65406754933119,108.155635167817,4.68357125615322
2023,600,175,"Merel",66,6.57225335,10.0422178642885,"1984-2025",53.9448337823494,1.65406754933119,89.2283990134492,4.49119936350577
2024,600,175,"Merel",86,6.57225335,13.0853141868002,"1984-2025",70.2917531103341,1.65406754933119,116.267307805403,4.75589191773285
2025,600,175,"Merel",70,6.57225335,10.6508371287908,"1984-2025",57.2142176479463,1.65406754933119,94.63618077184,4.5500398635287
1960,600,177,"Zanglijster",1,5.022,0.199123855037834,"1958-1983",16.5211743656794,3.85777427118073,16.5211743656794,2.80464285307709
1961,600,177,"Zanglijster",1,5.002,0.199920031987205,"1958-1983",16.5872326398324,3.85777427118073,16.5872326398324,2.80863328135706
1962,600,177,"Zanglijster",1,5.002,0.199920031987205,"1958-1983",16.5872326398324,3.85777427118073,16.5872326398324,2.80863328135706
1963,600,177,"Zanglijster",1,5.2472,0.190577831986583,"1958-1983",15.8121164934521,3.85777427118073,15.8121164934521,2.7607765128151
1964,600,177,"Zanglijster",2,5.3272,0.375431746508485,"1958-1983",31.1493233460136,3.85777427118073,31.1493233460136,3.43879252255816
1965,600,177,"Zanglijster",4,5.315,0.752587017873942,"1958-1983",62.4416464078583,3.85777427118073,62.4416464078583,4.13423246313846
1966,600,177,"Zanglijster",1,5.395,0.185356811862836,"1958-1983",15.378931911852,3.85777427118073,15.378931911852,2.73299851510239
1967,600,177,"Zanglijster",3,5.735,0.5231037489102,"1958-1983",43.4015715768658,3.85777427118073,43.4015715768658,3.77049565189926
1968,600,177,"Zanglijster",5,5.6,0.892857142857143,"1958-1983",74.079765771823,3.85777427118073,74.079765771823,4.30514242850548
1969,600,177,"Zanglijster",8,5.6,1.42857142857143,"1958-1983",118.527625234917,3.85777427118073,118.527625234917,4.77514605775122
1970,600,177,"Zanglijster",10,5.625,1.77777777777778,"1958-1983",147.501044736785,3.85777427118073,147.501044736785,4.99383525871605
1971,600,177,"Zanglijster",8,5.615,1.42475512021371,"1958-1983",118.210988658154,3.85777427118073,118.210988658154,4.77247106730191
1972,600,177,"Zanglijster",9,5.645,1.59433126660762,"1958-1983",132.280609208145,3.85777427118073,132.280609208145,4.88492549354708
1973,600,177,"Zanglijster",14,5.715,2.44969378827647,"1958-1983",203.249471093996,3.85777427118073,203.249471093996,5.31443414618097
1974,600,177,"Zanglijster",12,5.855,2.04953031596926,"1958-1983",170.048172839163,3.85777427118073,170.048172839163,5.1360817665508
1975,600,177,"Zanglijster",19,5.505,3.45140781108084,"1958-1983",286.361020095258,3.85777427118073,286.361020095258,5.65725332280428
1976,600,177,"Zanglijster",10,6.49,1.54083204930663,"1958-1983",127.841814583115,3.85777427118073,127.841814583115,4.85079367609053
1977,600,177,"Zanglijster",9,6.175,1.45748987854251,"1958-1983",120.9269698753,3.85777427118073,120.9269698753,4.79518680863466
1978,600,177,"Zanglijster",9,6.38,1.41065830721003,"1958-1983",117.041385420059,3.85777427118073,117.041385420059,4.76252759379201
1979,600,177,"Zanglijster",8,6.37,1.25588697017268,"1958-1983",104.20011009663,3.85777427118073,104.20011009663,4.64631318590825
1980,600,177,"Zanglijster",13,6.38,2.03761755485893,"1958-1983",169.059778940085,3.85777427118073,169.059778940085,5.13025237391732
1981,600,177,"Zanglijster",7,6.38,1.09717868338558,"1958-1983",91.0321886600458,3.85777427118073,91.0321886600458,4.5112131655111
1982,600,177,"Zanglijster",9,6.035,1.49130074565037,"1958-1983",123.7322351251,3.85777427118073,123.7322351251,4.81811983659921
1983,600,177,"Zanglijster",6,6.38,0.940438871473354,"1958-1983",78.0275902800393,3.85777427118073,78.0275902800393,4.35706248568384
1984,600,177,"Zanglijster",4,3.02300608,1.3231862239589,"1984-2025",34.7149819691897,3.85777427118073,133.922564265243,4.89726175429712
1985,600,177,"Zanglijster",2,5.13012052,0.389854388839972,"1984-2025",10.228180912205,3.85777427118073,39.4580131640865,3.67523714869547
1986,600,177,"Zanglijster",5,4.23796013,1.17981289267108,"1984-2025",30.9534535309417,3.85777427118073,119.411436635855,4.78257498059138
1987,600,177,"Zanglijster",1,5.02247314,0.19910509665762,"1984-2025",5.22370148304819,3.85777427118073,20.1518611816319,3.00329665046128
1988,600,177,"Zanglijster",6,4.70180252,1.27610633889405,"1984-2025",33.4797987942561,3.85777427118073,129.157506392789,4.8610326393611
1989,600,177,"Zanglijster",5,4.70180252,1.06342194907837,"1984-2025",27.8998323285467,3.85777427118073,107.631255327324,4.67871108256714
1990,600,177,"Zanglijster",4,4.85514176,0.823868837971891,"1984-2025",21.6149407674454,3.85777427118073,83.3855623657465,4.42347518125835
1991,600,177,"Zanglijster",4,5.55688703,0.719827482258533,"1984-2025",18.8853221225105,3.85777427118073,72.8553097871814,4.28847541656276
1992,600,177,"Zanglijster",2,6.1308353,0.326219821954767,"1984-2025",8.55867075404478,3.85777427118073,33.017419830461,3.49703529584053
1993,600,177,"Zanglijster",8,6.1308353,1.30487928781907,"1984-2025",34.2346830161791,3.85777427118073,132.069679321844,4.88332965696042
1994,600,177,"Zanglijster",12,6.1308353,1.9573189317286,"1984-2025",51.3520245242687,3.85777427118073,198.104518982766,5.28879476506858
1995,600,177,"Zanglijster",9,6.09164596,1.47743320263478,"1984-2025",38.7617903371865,3.85777427118073,149.5342374677,5.0075253797731
1996,600,177,"Zanglijster",5,6.44975091,0.775223736508609,"1984-2025",20.3386927309939,3.85777427118073,78.462085527079,4.36261552119642
1997,600,177,"Zanglijster",7,6.09164596,1.14911471316038,"1984-2025",30.1480591511451,3.85777427118073,116.304406919322,4.7562109514922
1998,600,177,"Zanglijster",7,5.62796272,1.2437893334162,"1984-2025",32.6319330576365,3.85777427118073,125.886631768642,4.83538175406749
1999,600,177,"Zanglijster",8,6.09164596,1.31327395789758,"1984-2025",34.4549247441658,3.85777427118073,132.919322193511,4.88974234411672
2000,600,177,"Zanglijster",17,5.70172844,2.98155202915978,"1984-2025",78.2237020446015,3.85777427118073,301.769385144172,5.70966310031409
2001,600,177,"Zanglijster",23,6.44975091,3.5660291879396,"1984-2025",93.557986562572,3.85777427118073,360.925593424563,5.88867182469147
2002,600,177,"Zanglijster",22,6.09164596,3.61150338421834,"1984-2025",94.7510430464559,3.85777427118073,365.528136032156,5.9013432557952
2003,600,177,"Zanglijster",28,6.2141484,4.50584669011123,"1984-2025",118.214944934314,3.85777427118073,456.046573036644,6.12259493815137
2004,600,177,"Zanglijster",24,6.2141484,3.86215430580963,"1984-2025",101.327095657983,3.85777427118073,390.897062602837,5.96844425832411
2005,600,177,"Zanglijster",24,6.2141484,3.86215430580963,"1984-2025",101.327095657983,3.85777427118073,390.897062602837,5.96844425832411
2006,600,177,"Zanglijster",22,5.65793112,3.88834708896209,"1984-2025",102.014286907708,3.85777427118073,393.548091325405,5.97520327468572
2007,600,177,"Zanglijster",21,6.1308353,3.42530813052505,"1984-2025",89.8660429174702,3.85777427118073,346.68290821984,5.84841055300401
2008,600,177,"Zanglijster",26,6.02064405,4.31847486482779,"1984-2025",113.299076390288,3.85777427118073,437.082261846992,6.08012141959304
2009,600,177,"Zanglijster",15,5.98606767,2.50581864872236,"1984-2025",65.7424084632534,3.85777427118073,253.619371894993,5.53583460724424
2010,600,177,"Zanglijster",27,6.44975091,4.18620817714649,"1984-2025",109.828940747367,3.85777427118073,423.695261846227,6.04901447476665
2011,600,177,"Zanglijster",28,6.44975091,4.34125292444821,"1984-2025",113.896679293566,3.85777427118073,439.387678951642,6.08538211893752
2012,600,177,"Zanglijster",44,6.44975091,6.82196888127576,"1984-2025",178.980496032747,3.85777427118073,690.466352638295,6.53736724268058
2013,600,177,"Zanglijster",32,6.44975091,4.9614319136551,"1984-2025",130.167633478361,3.85777427118073,502.157347373306,6.21891351156205
2014,600,177,"Zanglijster",52,6.44975091,8.06232685968953,"1984-2025",211.522404402337,3.85777427118073,816.005689481621,6.70442132734375
2015,600,177,"Zanglijster",56,6.57225335,8.52066970303268,"1984-2025",223.547441584751,3.85777427118073,862.395568533932,6.75971406161409
2016,600,177,"Zanglijster",54,6.44975091,8.37241635429298,"1984-2025",219.657881494734,3.85777427118073,847.390523692453,6.7421616553266
2017,600,177,"Zanglijster",50,6.57225335,7.60774080627917,"1984-2025",199.595929986385,3.85777427118073,769.996043333867,6.64638537630708
2018,600,177,"Zanglijster",57,6.57225335,8.67282451915826,"1984-2025",227.539360184479,3.85777427118073,877.795489400609,6.77741363871349
2019,600,177,"Zanglijster",50,6.57225335,7.60774080627917,"1984-2025",199.595929986385,3.85777427118073,769.996043333867,6.64638537630708
2020,600,177,"Zanglijster",51,6.44975091,7.90728211238781,"1984-2025",207.454665856138,3.85777427118073,800.313272376206,6.68500324148665
2021,600,177,"Zanglijster",54,6.57225335,8.21636007078151,"1984-2025",215.563604385296,3.85777427118073,831.595726800577,6.72334641744321
2022,600,177,"Zanglijster",61,6.57225335,9.28144378366059,"1984-2025",243.50703458339,3.85777427118073,939.395172867318,6.84523623505225
2023,600,177,"Zanglijster",42,6.57225335,6.39050227727451,"1984-2025",167.660581188563,3.85777427118073,646.796676400449,6.4720319891623
2024,600,177,"Zanglijster",21,6.57225335,3.19525113863725,"1984-2025",83.8302905942817,3.85777427118073,323.398338200224,5.77888480860236
2025,600,177,"Zanglijster",19,6.57225335,2.89094150638609,"1984-2025",75.8464533948263,3.85777427118073,292.59849646687,5.67880135004538
1958,200,182,"Sprinkhaanrietzanger",7,4.3072,1.62518573551263,"1958-1983",43.882716516211,1.68832429635515,43.882716516211,3.78152054133519
1958,600,182,"Sprinkhaanrietzanger",7,4.3072,1.62518573551263,"1958-1983",43.882716516211,1.68832429635515,43.882716516211,3.78152054133519
1959,200,182,"Sprinkhaanrietzanger",41,5.0372,8.139442547447,"1958-1983",219.778479532949,1.68832429635515,219.778479532949,5.39262012786285
1959,600,182,"Sprinkhaanrietzanger",41,5.0372,8.139442547447,"1958-1983",219.778479532949,1.68832429635515,219.778479532949,5.39262012786285
1960,200,182,"Sprinkhaanrietzanger",34,5.022,6.77021107128634,"1958-1983",182.806953509507,1.68832429635515,182.806953509507,5.20843069718886
1960,600,182,"Sprinkhaanrietzanger",34,5.022,6.77021107128634,"1958-1983",182.806953509507,1.68832429635515,182.806953509507,5.20843069718886
1961,200,182,"Sprinkhaanrietzanger",35,5.002,6.99720111955218,"1958-1983",188.936062153762,1.68832429635515,188.936062153762,5.24140866234208
1961,600,182,"Sprinkhaanrietzanger",35,5.002,6.99720111955218,"1958-1983",188.936062153762,1.68832429635515,188.936062153762,5.24140866234208
1962,200,182,"Sprinkhaanrietzanger",31,5.002,6.19752099160336,"1958-1983",167.34336933619,1.68832429635515,167.34336933619,5.12004780533781
1962,600,182,"Sprinkhaanrietzanger",31,5.002,6.19752099160336,"1958-1983",167.34336933619,1.68832429635515,167.34336933619,5.12004780533781
1963,200,182,"Sprinkhaanrietzanger",25,5.2472,4.76444579966458,"1958-1983",128.647956854965,1.68832429635515,128.647956854965,4.8570796571789
1963,600,182,"Sprinkhaanrietzanger",25,5.2472,4.76444579966458,"1958-1983",128.647956854965,1.68832429635515,128.647956854965,4.8570796571789
1964,200,182,"Sprinkhaanrietzanger",21,5.3272,3.94203333833909,"1958-1983",106.44145324671,1.68832429635515,106.44145324671,4.66759509921724
1964,600,182,"Sprinkhaanrietzanger",21,5.3272,3.94203333833909,"1958-1983",106.44145324671,1.68832429635515,106.44145324671,4.66759509921724
1965,200,182,"Sprinkhaanrietzanger",22,5.315,4.13922859830668,"1958-1983",111.766053076998,1.68832429635515,111.766053076998,4.7164078748725
1965,600,182,"Sprinkhaanrietzanger",22,5.315,4.13922859830668,"1958-1983",111.766053076998,1.68832429635515,111.766053076998,4.7164078748725
1966,200,182,"Sprinkhaanrietzanger",26,5.395,4.81927710843374,"1958-1983",130.128493341565,1.68832429635515,130.128493341565,4.86852237261948
1966,600,182,"Sprinkhaanrietzanger",26,5.395,4.81927710843374,"1958-1983",130.128493341565,1.68832429635515,130.128493341565,4.86852237261948
1967,200,182,"Sprinkhaanrietzanger",22,5.735,3.8360941586748,"1958-1983",103.580919285832,1.68832429635515,103.580919285832,4.64035313608507
1967,600,182,"Sprinkhaanrietzanger",22,5.735,3.8360941586748,"1958-1983",103.580919285832,1.68832429635515,103.580919285832,4.64035313608507
1968,200,182,"Sprinkhaanrietzanger",17,5.6,3.03571428571429,"1958-1983",81.9693321897093,1.68832429635515,81.9693321897093,4.4063451796232
1968,600,182,"Sprinkhaanrietzanger",17,5.6,3.03571428571429,"1958-1983",81.9693321897093,1.68832429635515,81.9693321897093,4.4063451796232
1969,200,182,"Sprinkhaanrietzanger",17,5.6,3.03571428571429,"1958-1983",81.9693321897093,1.68832429635515,81.9693321897093,4.4063451796232
1969,600,182,"Sprinkhaanrietzanger",17,5.6,3.03571428571429,"1958-1983",81.9693321897093,1.68832429635515,81.9693321897093,4.4063451796232
1970,200,182,"Sprinkhaanrietzanger",24,5.625,4.26666666666667,"1958-1983",115.207092771733,1.68832429635515,115.207092771733,4.74673131556555
1970,600,182,"Sprinkhaanrietzanger",24,5.625,4.26666666666667,"1958-1983",115.207092771733,1.68832429635515,115.207092771733,4.74673131556555
1971,200,182,"Sprinkhaanrietzanger",27,5.615,4.80854853072128,"1958-1983",129.838803908481,1.68832429635515,129.838803908481,4.86629371112201
1971,600,182,"Sprinkhaanrietzanger",27,5.615,4.80854853072128,"1958-1983",129.838803908481,1.68832429635515,129.838803908481,4.86629371112201
1972,200,182,"Sprinkhaanrietzanger",27,5.645,4.78299379982285,"1958-1983",129.148783692847,1.68832429635515,129.148783692847,4.8609651017108
1972,600,182,"Sprinkhaanrietzanger",27,5.645,4.78299379982285,"1958-1983",129.148783692847,1.68832429635515,129.148783692847,4.8609651017108
1973,200,182,"Sprinkhaanrietzanger",13,5.715,2.27471566054243,"1958-1983",61.4211042500215,1.68832429635515,61.4211042500215,4.11775349352285
1973,600,182,"Sprinkhaanrietzanger",13,5.715,2.27471566054243,"1958-1983",61.4211042500215,1.68832429635515,61.4211042500215,4.11775349352285
1974,200,182,"Sprinkhaanrietzanger",15,5.855,2.56191289496157,"1958-1983",69.1759070069381,1.68832429635515,69.1759070069381,4.23665263736062
1974,600,182,"Sprinkhaanrietzanger",15,5.855,2.56191289496157,"1958-1983",69.1759070069381,1.68832429635515,69.1759070069381,4.23665263736062
1975,200,182,"Sprinkhaanrietzanger",14,5.505,2.54314259763851,"1958-1983",68.6690777760668,1.68832429635515,68.6690777760668,4.22929899274871
1975,600,182,"Sprinkhaanrietzanger",14,5.505,2.54314259763851,"1958-1983",68.6690777760668,1.68832429635515,68.6690777760668,4.22929899274871
1976,200,182,"Sprinkhaanrietzanger",18,6.49,2.77349768875193,"1958-1983",74.8890481711475,1.68832429635515,74.8890481711475,4.31600766048826
1976,600,182,"Sprinkhaanrietzanger",18,6.49,2.77349768875193,"1958-1983",74.8890481711475,1.68832429635515,74.8890481711475,4.31600766048826
1977,200,182,"Sprinkhaanrietzanger",5,6.175,0.809716599190283,"1958-1983",21.8636942254047,1.68832429635515,21.8636942254047,3.08482746322815
1977,600,182,"Sprinkhaanrietzanger",5,6.175,0.809716599190283,"1958-1983",21.8636942254047,1.68832429635515,21.8636942254047,3.08482746322815
1978,200,182,"Sprinkhaanrietzanger",5,6.38,0.783699059561129,"1958-1983",21.1611774046825,1.68832429635515,21.1611774046825,3.05216824838549
1978,600,182,"Sprinkhaanrietzanger",5,6.38,0.783699059561129,"1958-1983",21.1611774046825,1.68832429635515,21.1611774046825,3.05216824838549
1979,200,182,"Sprinkhaanrietzanger",9,6.37,1.41287284144427,"1958-1983",38.1499154341246,1.68832429635515,38.1499154341246,3.64152354106024
1979,600,182,"Sprinkhaanrietzanger",9,6.37,1.41287284144427,"1958-1983",38.1499154341246,1.68832429635515,38.1499154341246,3.64152354106024
1980,200,182,"Sprinkhaanrietzanger",11,6.38,1.72413793103448,"1958-1983",46.5545902903014,1.68832429635515,46.5545902903014,3.84062560874976
1980,600,182,"Sprinkhaanrietzanger",11,6.38,1.72413793103448,"1958-1983",46.5545902903014,1.68832429635515,46.5545902903014,3.84062560874976
1981,200,182,"Sprinkhaanrietzanger",19,6.38,2.97805642633229,"1958-1983",80.4124741377934,1.68832429635515,80.4124741377934,4.38716931511783
1981,600,182,"Sprinkhaanrietzanger",19,6.38,2.97805642633229,"1958-1983",80.4124741377934,1.68832429635515,80.4124741377934,4.38716931511783
1982,200,182,"Sprinkhaanrietzanger",24,6.035,3.97680198840099,"1958-1983",107.380264596685,1.68832429635515,107.380264596685,4.67637640910654
1982,600,182,"Sprinkhaanrietzanger",24,6.035,3.97680198840099,"1958-1983",107.380264596685,1.68832429635515,107.380264596685,4.67637640910654
1983,200,182,"Sprinkhaanrietzanger",21,6.38,3.29153605015674,"1958-1983",88.8769450996664,1.68832429635515,88.8769450996664,4.48725277367482
1983,600,182,"Sprinkhaanrietzanger",21,6.38,3.29153605015674,"1958-1983",88.8769450996664,1.68832429635515,88.8769450996664,4.48725277367482
1984,200,182,"Sprinkhaanrietzanger",4,3.02300608,1.3231862239589,"1984-2025",25.6816497015385,1.68832429635515,43.3589531615894,3.76951321388767
1984,600,182,"Sprinkhaanrietzanger",4,3.02300608,1.3231862239589,"1984-2025",25.6816497015385,1.68832429635515,43.3589531615894,3.76951321388767
1985,200,182,"Sprinkhaanrietzanger",22,5.13012052,4.28839827723969,"1984-2025",83.2332897233759,1.68832429635515,140.524785305543,4.94538388108439
1985,600,182,"Sprinkhaanrietzanger",22,5.13012052,4.28839827723969,"1984-2025",83.2332897233759,1.68832429635515,140.524785305543,4.94538388108439
1986,200,182,"Sprinkhaanrietzanger",12,4.23796013,2.83155094241059,"1984-2025",54.9574187656511,1.68832429635515,92.785945367013,4.53029517753583
1986,600,182,"Sprinkhaanrietzanger",12,4.23796013,2.83155094241059,"1984-2025",54.9574187656511,1.68832429635515,92.785945367013,4.53029517753583
1987,200,182,"Sprinkhaanrietzanger",17,5.02247314,3.38478664317954,"1984-2025",65.6951404954192,1.68832429635515,110.914701850881,4.70876145410804
1987,600,182,"Sprinkhaanrietzanger",17,5.02247314,3.38478664317954,"1984-2025",65.6951404954192,1.68832429635515,110.914701850881,4.70876145410804
1988,200,182,"Sprinkhaanrietzanger",24,4.70180252,5.10442535557618,"1984-2025",99.0715150565461,1.68832429635515,167.264845946682,5.11957846007154
1988,600,182,"Sprinkhaanrietzanger",24,4.70180252,5.10442535557618,"1984-2025",99.0715150565461,1.68832429635515,167.264845946682,5.11957846007154
1989,200,182,"Sprinkhaanrietzanger",26,4.70180252,5.52979413520753,"1984-2025",107.327474644592,1.68832429635515,181.203583108905,5.19962116774507
1989,600,182,"Sprinkhaanrietzanger",26,4.70180252,5.52979413520753,"1984-2025",107.327474644592,1.68832429635515,181.203583108905,5.19962116774507
1990,200,182,"Sprinkhaanrietzanger",21,4.85514176,4.32531139935243,"1984-2025",83.9497345096985,1.68832429635515,141.734376445288,4.95395471745243
1990,600,182,"Sprinkhaanrietzanger",21,4.85514176,4.32531139935243,"1984-2025",83.9497345096985,1.68832429635515,141.734376445288,4.95395471745243
1991,200,182,"Sprinkhaanrietzanger",29,5.55688703,5.21874924637437,"1984-2025",101.29042125647,1.68832429635515,171.011079195346,5.1417283450199
1991,600,182,"Sprinkhaanrietzanger",29,5.55688703,5.21874924637437,"1984-2025",101.29042125647,1.68832429635515,171.011079195346,5.1417283450199
1992,200,182,"Sprinkhaanrietzanger",26,6.1308353,4.24085768541197,"1984-2025",82.3105769533846,1.68832429635515,138.966946917409,4.93423611289262
1992,600,182,"Sprinkhaanrietzanger",26,6.1308353,4.24085768541197,"1984-2025",82.3105769533846,1.68832429635515,138.966946917409,4.93423611289262
1993,200,182,"Sprinkhaanrietzanger",38,6.1308353,6.19817661714057,"1984-2025",120.300074008793,1.68832429635515,203.105537802367,5.31372573459752
1993,600,182,"Sprinkhaanrietzanger",38,6.1308353,6.19817661714057,"1984-2025",120.300074008793,1.68832429635515,203.105537802367,5.31372573459752
1994,200,182,"Sprinkhaanrietzanger",40,6.1308353,6.52439643909534,"1984-2025",126.631656851361,1.68832429635515,213.79530294986,5.36501902898507
1994,600,182,"Sprinkhaanrietzanger",40,6.1308353,6.52439643909534,"1984-2025",126.631656851361,1.68832429635515,213.79530294986,5.36501902898507
1995,200,182,"Sprinkhaanrietzanger",37,6.09164596,6.0738920552763,"1984-2025",117.887841684036,1.68832429635515,199.032907360026,5.29347017467166
1995,600,182,"Sprinkhaanrietzanger",37,6.09164596,6.0738920552763,"1984-2025",117.887841684036,1.68832429635515,199.032907360026,5.29347017467166
1996,200,182,"Sprinkhaanrietzanger",44,6.44975091,6.82196888127576,"1984-2025",132.407224252633,1.68832429635515,223.546333718664,5.40961870227113
1996,600,182,"Sprinkhaanrietzanger",44,6.44975091,6.82196888127576,"1984-2025",132.407224252633,1.68832429635515,223.546333718664,5.40961870227113
1997,200,182,"Sprinkhaanrietzanger",32,6.09164596,5.25309583159032,"1984-2025",101.957052267274,1.68832429635515,172.13656852759,5.14828816482716
1997,600,182,"Sprinkhaanrietzanger",32,6.09164596,5.25309583159032,"1984-2025",101.957052267274,1.68832429635515,172.13656852759,5.14828816482716
1998,200,182,"Sprinkhaanrietzanger",35,5.62796272,6.21894666708098,"1984-2025",120.703198782309,1.68832429635515,203.786143151957,5.31707112609214
1998,600,182,"Sprinkhaanrietzanger",35,5.62796272,6.21894666708098,"1984-2025",120.703198782309,1.68832429635515,203.786143151957,5.31707112609214
1999,200,182,"Sprinkhaanrietzanger",29,6.09164596,4.76061809737873,"1984-2025",92.398578617217,1.68832429635515,155.998765228129,5.04984809201391
1999,600,182,"Sprinkhaanrietzanger",29,6.09164596,4.76061809737873,"1984-2025",92.398578617217,1.68832429635515,155.998765228129,5.04984809201391
2000,200,182,"Sprinkhaanrietzanger",41,5.70172844,7.19080195267946,"1984-2025",139.565885344034,1.68832429635515,235.632475168649,5.46227328255273
2000,600,182,"Sprinkhaanrietzanger",41,5.70172844,7.19080195267946,"1984-2025",139.565885344034,1.68832429635515,235.632475168649,5.46227328255273
2001,200,182,"Sprinkhaanrietzanger",39,6.44975091,6.04674514476715,"1984-2025",117.360948769379,1.68832429635515,198.143341250634,5.28899071448252
2001,600,182,"Sprinkhaanrietzanger",39,6.44975091,6.04674514476715,"1984-2025",117.360948769379,1.68832429635515,198.143341250634,5.28899071448252
2002,200,182,"Sprinkhaanrietzanger",32,6.09164596,5.25309583159032,"1984-2025",101.957052267274,1.68832429635515,172.13656852759,5.14828816482716
2002,600,182,"Sprinkhaanrietzanger",32,6.09164596,5.25309583159032,"1984-2025",101.957052267274,1.68832429635515,172.13656852759,5.14828816482716
2003,200,182,"Sprinkhaanrietzanger",36,6.2141484,5.79323145871444,"1984-2025",112.440515377719,1.68832429635515,189.836054006898,5.24616082602282
2003,600,182,"Sprinkhaanrietzanger",36,6.2141484,5.79323145871444,"1984-2025",112.440515377719,1.68832429635515,189.836054006898,5.24616082602282
2004,200,182,"Sprinkhaanrietzanger",51,6.2141484,8.20707789984545,"1984-2025",159.290730118436,1.68832429635515,268.934409843105,5.59446752029104
2004,600,182,"Sprinkhaanrietzanger",51,6.2141484,8.20707789984545,"1984-2025",159.290730118436,1.68832429635515,268.934409843105,5.59446752029104
2005,200,182,"Sprinkhaanrietzanger",46,6.2141484,7.40246241946845,"1984-2025",143.67399187153,1.68832429635515,242.568291231036,5.49128328405581
2005,600,182,"Sprinkhaanrietzanger",46,6.2141484,7.40246241946845,"1984-2025",143.67399187153,1.68832429635515,242.568291231036,5.49128328405581
2006,200,182,"Sprinkhaanrietzanger",34,5.65793112,6.00926368294141,"1984-2025",116.633473108372,1.68832429635515,196.915126417149,5.28277280553412
2006,600,182,"Sprinkhaanrietzanger",34,5.65793112,6.00926368294141,"1984-2025",116.633473108372,1.68832429635515,196.915126417149,5.28277280553412
2007,200,182,"Sprinkhaanrietzanger",48,6.1308353,7.82927572691441,"1984-2025",151.957988221633,1.68832429635515,256.554363539832,5.54734058577903
2007,600,182,"Sprinkhaanrietzanger",48,6.1308353,7.82927572691441,"1984-2025",151.957988221633,1.68832429635515,256.554363539832,5.54734058577903
2008,200,182,"Sprinkhaanrietzanger",35,6.02064405,5.81333154880664,"1984-2025",112.830636936855,1.68832429635515,190.494705713718,5.24962440265153
2008,600,182,"Sprinkhaanrietzanger",35,6.02064405,5.81333154880664,"1984-2025",112.830636936855,1.68832429635515,190.494705713718,5.24962440265153
2009,200,182,"Sprinkhaanrietzanger",27,5.98606767,4.51047356770025,"1984-2025",87.5435369990099,1.68832429635515,147.801880504294,4.99587273173691
2009,600,182,"Sprinkhaanrietzanger",27,5.98606767,4.51047356770025,"1984-2025",87.5435369990099,1.68832429635515,147.801880504294,4.99587273173691
2010,200,182,"Sprinkhaanrietzanger",46,6.44975091,7.1320583758792,"1984-2025",138.425734445934,1.68832429635515,233.707530705876,5.45407046484197
2010,600,182,"Sprinkhaanrietzanger",46,6.44975091,7.1320583758792,"1984-2025",138.425734445934,1.68832429635515,233.707530705876,5.45407046484197
2011,200,182,"Sprinkhaanrietzanger",38,6.44975091,5.89170039746543,"1984-2025",114.351693672728,1.68832429635515,193.062742757028,5.26301522807926
2011,600,182,"Sprinkhaanrietzanger",38,6.44975091,5.89170039746543,"1984-2025",114.351693672728,1.68832429635515,193.062742757028,5.26301522807926
2012,200,182,"Sprinkhaanrietzanger",23,6.44975091,3.5660291879396,"1984-2025",69.212867222967,1.68832429635515,116.853765352938,4.76092328428202
2012,600,182,"Sprinkhaanrietzanger",23,6.44975091,3.5660291879396,"1984-2025",69.212867222967,1.68832429635515,116.853765352938,4.76092328428202
2013,200,182,"Sprinkhaanrietzanger",22,6.44975091,3.41098444063788,"1984-2025",66.2036121263163,1.68832429635515,111.773166859332,4.71647152171119
2013,600,182,"Sprinkhaanrietzanger",22,6.44975091,3.41098444063788,"1984-2025",66.2036121263163,1.68832429635515,111.773166859332,4.71647152171119
2014,200,182,"Sprinkhaanrietzanger",21,6.44975091,3.25593969333616,"1984-2025",63.1943570296656,1.68832429635515,106.692568365726,4.66995150607629
2014,600,182,"Sprinkhaanrietzanger",21,6.44975091,3.25593969333616,"1984-2025",63.1943570296656,1.68832429635515,106.692568365726,4.66995150607629
2015,200,182,"Sprinkhaanrietzanger",23,6.57225335,3.49956077088842,"1984-2025",67.9227853191388,1.68832429635515,114.675688730417,4.74210804639864
2015,600,182,"Sprinkhaanrietzanger",23,6.57225335,3.49956077088842,"1984-2025",67.9227853191388,1.68832429635515,114.675688730417,4.74210804639864
2016,200,182,"Sprinkhaanrietzanger",24,6.44975091,3.72107393524132,"1984-2025",72.2221223196178,1.68832429635515,121.934363846544,4.80348289870082
2016,600,182,"Sprinkhaanrietzanger",24,6.44975091,3.72107393524132,"1984-2025",72.2221223196178,1.68832429635515,121.934363846544,4.80348289870082
2017,200,182,"Sprinkhaanrietzanger",24,6.57225335,3.651715587014,"1984-2025",70.8759498982318,1.68832429635515,119.661588240435,4.78466766081743
2017,600,182,"Sprinkhaanrietzanger",24,6.57225335,3.651715587014,"1984-2025",70.8759498982318,1.68832429635515,119.661588240435,4.78466766081743
2018,200,182,"Sprinkhaanrietzanger",11,6.57225335,1.67370297738142,"1984-2025",32.4848103700229,1.68832429635515,54.8448946101993,4.00450910326786
2018,600,182,"Sprinkhaanrietzanger",11,6.57225335,1.67370297738142,"1984-2025",32.4848103700229,1.68832429635515,54.8448946101993,4.00450910326786
2019,200,182,"Sprinkhaanrietzanger",35,6.57225335,5.32541856439542,"1984-2025",103.360760268255,1.68832429635515,174.506482850634,5.1619618919589
2019,600,182,"Sprinkhaanrietzanger",35,6.57225335,5.32541856439542,"1984-2025",103.360760268255,1.68832429635515,174.506482850634,5.1619618919589
2020,200,182,"Sprinkhaanrietzanger",33,6.44975091,5.11647666095682,"1984-2025",99.3054181894745,1.68832429635515,167.659750288998,5.12193662981935
2020,600,182,"Sprinkhaanrietzanger",33,6.44975091,5.11647666095682,"1984-2025",99.3054181894745,1.68832429635515,167.659750288998,5.12193662981935
2021,200,182,"Sprinkhaanrietzanger",26,6.57225335,3.95602521926517,"1984-2025",76.7822790564178,1.68832429635515,129.633387260471,4.86471036849097
2021,600,182,"Sprinkhaanrietzanger",26,6.57225335,3.95602521926517,"1984-2025",76.7822790564178,1.68832429635515,129.633387260471,4.86471036849097
2022,200,182,"Sprinkhaanrietzanger",34,6.57225335,5.17326374826984,"1984-2025",100.407595689162,1.68832429635515,169.520583340616,5.13297435508565
2022,600,182,"Sprinkhaanrietzanger",34,6.57225335,5.17326374826984,"1984-2025",100.407595689162,1.68832429635515,169.520583340616,5.13297435508565
2023,200,182,"Sprinkhaanrietzanger",39,6.57225335,5.93403782889776,"1984-2025",115.173418584627,1.68832429635515,194.450080890707,5.27017547659913
2023,600,182,"Sprinkhaanrietzanger",39,6.57225335,5.93403782889776,"1984-2025",115.173418584627,1.68832429635515,194.450080890707,5.27017547659913
2024,200,182,"Sprinkhaanrietzanger",34,6.57225335,5.17326374826984,"1984-2025",100.407595689162,1.68832429635515,169.520583340616,5.13297435508565
2024,600,182,"Sprinkhaanrietzanger",34,6.57225335,5.17326374826984,"1984-2025",100.407595689162,1.68832429635515,169.520583340616,5.13297435508565
2025,200,182,"Sprinkhaanrietzanger",51,6.57225335,7.75989562240476,"1984-2025",150.611393533743,1.68832429635515,254.280875010924,5.53843946319381
2025,600,182,"Sprinkhaanrietzanger",51,6.57225335,7.75989562240476,"1984-2025",150.611393533743,1.68832429635515,254.280875010924,5.53843946319381
1959,200,186,"Rietzanger",2,5.0372,0.397045977924244,"1958-1983",26.2581540108785,1.92085066496173,26.2581540108785,3.26797656978829
1960,200,186,"Rietzanger",1,5.022,0.199123855037834,"1958-1983",13.1688145543207,1.92085066496173,13.1688145543207,2.5778515006425
1963,200,186,"Rietzanger",1,5.2472,0.190577831986583,"1958-1983",12.6036336887861,1.92085066496173,12.6036336887861,2.53398516038051
1964,200,186,"Rietzanger",5,5.3272,0.938579366271212,"1958-1983",62.0718076023038,1.92085066496173,62.0718076023038,4.12829190199772
1965,200,186,"Rietzanger",16,5.315,3.01034807149577,"1958-1983",199.085717228368,1.92085066496173,199.085717228368,5.29373547182376
1966,200,186,"Rietzanger",13,5.395,2.40963855421687,"1958-1983",159.358522148912,1.92085066496173,159.358522148912,5.07115652012933
1967,200,186,"Rietzanger",7,5.735,1.2205754141238,"1958-1983",80.7212740789172,1.92085066496173,80.7212740789172,4.39100215985187
1968,200,186,"Rietzanger",4,5.6,0.714285714285714,"1958-1983",47.2384190655704,1.92085066496173,47.2384190655704,3.85520752475668
1969,200,186,"Rietzanger",4,5.6,0.714285714285714,"1958-1983",47.2384190655704,1.92085066496173,47.2384190655704,3.85520752475668
1970,200,186,"Rietzanger",9,5.625,1.6,"1958-1983",105.814058706878,1.92085066496173,105.814058706878,4.66168339062363
1971,200,186,"Rietzanger",12,5.615,2.13713268032057,"1958-1983",141.336676812392,1.92085066496173,141.336676812392,4.95114482297549
1972,200,186,"Rietzanger",4,5.645,0.70859167404783,"1958-1983",46.8618506230636,1.92085066496173,46.8618506230636,3.84720392489616
1973,200,186,"Rietzanger",9,5.715,1.5748031496063,"1958-1983",104.147695577636,1.92085066496173,104.147695577636,4.64581004146734
1974,200,186,"Rietzanger",6,5.855,1.02476515798463,"1958-1983",67.7716003673427,1.92085066496173,67.7716003673427,4.21614323355627
1975,200,186,"Rietzanger",10,5.505,1.81653042688465,"1958-1983",120.134035770751,1.92085066496173,120.134035770751,4.7886080841973
1976,200,186,"Rietzanger",11,6.49,1.69491525423729,"1958-1983",112.091163884404,1.92085066496173,112.091163884404,4.71931250346027
1977,200,186,"Rietzanger",12,6.175,1.94331983805668,"1958-1983",128.519099643981,1.92085066496173,128.519099643981,4.85607752865185
1978,200,186,"Rietzanger",25,6.38,3.91849529780564,"1958-1983",259.144932177894,1.92085066496173,259.144932177894,5.5573874888894
1979,200,186,"Rietzanger",10,6.37,1.56985871271586,"1958-1983",103.820701243012,1.92085066496173,103.820701243012,4.64266538478787
1980,200,186,"Rietzanger",9,6.38,1.41065830721003,"1958-1983",93.2921755840419,1.92085066496173,93.2921755840419,4.53573624135741
1981,200,186,"Rietzanger",11,6.38,1.72413793103448,"1958-1983",114.023770158273,1.92085066496173,114.023770158273,4.73640693681957
1982,200,186,"Rietzanger",11,6.035,1.82270091135046,"1958-1983",120.542113274198,1.92085066496173,120.542113274198,4.79199917962677
1983,200,186,"Rietzanger",13,6.38,2.03761755485893,"1958-1983",134.755364732505,1.92085066496173,134.755364732505,4.90346102148273
1984,200,186,"Rietzanger",6,3.02300608,1.98477933593835,"1984-2025",109.899621095597,1.92085066496173,211.100760260519,5.35233555627137
1985,200,186,"Rietzanger",4,5.13012052,0.779708777679944,"1984-2025",43.173413628586,1.92085066496173,82.929680277137,4.41799302312151
1986,200,186,"Rietzanger",3,4.23796013,0.707887735602647,"1984-2025",39.1965960710542,1.92085066496173,75.2908076273207,4.32135805069148
1987,200,186,"Rietzanger",6,5.02247314,1.19463057994572,"1984-2025",66.1481333002579,1.92085066496173,127.060685835777,4.84466481355542
1988,200,186,"Rietzanger",7,4.70180252,1.48879072870972,"1984-2025",82.4361348454293,1.92085066496173,158.347504434717,5.06479201305445
1989,200,186,"Rietzanger",5,4.70180252,1.06342194907837,"1984-2025",58.8829534610209,1.92085066496173,113.105360310512,4.72831977643323
1990,200,186,"Rietzanger",6,4.85514176,1.23580325695784,"1984-2025",68.4279139898245,1.92085066496173,131.439804089298,4.8785489832326
1991,200,186,"Rietzanger",3,5.55688703,0.5398706116939,"1984-2025",29.8932856622861,1.92085066496173,57.420537642293,4.05040203797707
1992,200,186,"Rietzanger",8,6.1308353,1.30487928781907,"1984-2025",72.2527369718957,1.92085066496173,138.786717857771,4.93293835082651
1993,200,186,"Rietzanger",10,6.1308353,1.63109910977383,"1984-2025",90.3159212148696,1.92085066496173,173.483397322213,5.15608190214072
1994,200,186,"Rietzanger",13,6.1308353,2.12042884270598,"1984-2025",117.410697579331,1.92085066496173,225.528416518877,5.41844616660821
1995,200,186,"Rietzanger",16,6.09164596,2.62654791579516,"1984-2025",145.435119919186,1.92085066496173,279.359146805557,5.63249821854275
1996,200,186,"Rietzanger",22,6.44975091,3.41098444063788,"1984-2025",188.870314599407,1.92085066496173,362.791669389801,5.89382875598673
1997,200,186,"Rietzanger",15,6.09164596,2.46238867105796,"1984-2025",136.345424924237,1.92085066496173,261.89920013021,5.56795969740518
1998,200,186,"Rietzanger",13,5.62796272,2.30989447634436,"1984-2025",127.901637791407,1.92085066496173,245.679946001319,5.5040296563398
1999,200,186,"Rietzanger",12,6.09164596,1.96991093684637,"1984-2025",109.07633993939,1.92085066496173,209.519360104168,5.34481614609097
2000,200,186,"Rietzanger",9,5.70172844,1.57846872131988,"1984-2025",87.4017132500487,1.92085066496173,167.88563901515,5.12328302746019
2001,200,186,"Rietzanger",13,6.44975091,2.01558171492238,"1984-2025",111.60518589965,1.92085066496173,214.376895548519,5.36773566008995
2002,200,186,"Rietzanger",11,6.09164596,1.80575169210917,"1984-2025",99.9866449444405,1.92085066496173,192.059413428821,5.25780476910134
2003,200,186,"Rietzanger",8,6.2141484,1.28738476860321,"1984-2025",71.2840443831231,1.92085066496173,136.926004054483,4.91944066352209
2004,200,186,"Rietzanger",11,6.2141484,1.77015405682941,"1984-2025",98.0155610267942,1.92085066496173,188.273255574914,5.23789439464062
2005,200,186,"Rietzanger",6,6.2141484,0.965538576452407,"1984-2025",53.4630332873423,1.92085066496173,102.694503040862,4.63175859107031
2006,200,186,"Rietzanger",10,5.65793112,1.76743049498277,"1984-2025",97.8647541287391,1.92085066496173,187.983578044504,5.23635460818754
2007,200,186,"Rietzanger",8,6.1308353,1.30487928781907,"1984-2025",72.2527369718957,1.92085066496173,138.786717857771,4.93293835082651
2008,200,186,"Rietzanger",5,6.02064405,0.830475935543806,"1984-2025",45.9844522726885,1.92085066496173,88.3292657258944,4.48107148787175
2009,200,186,"Rietzanger",11,5.98606767,1.8376003423964,"1984-2025",101.750143050046,1.92085066496173,195.446829937632,5.27528837280649
2010,200,186,"Rietzanger",11,6.44975091,1.70549222031894,"1984-2025",94.4351572997035,1.92085066496173,181.395834694901,5.20068157542678
2011,200,186,"Rietzanger",12,6.44975091,1.86053696762066,"1984-2025",103.020171599677,1.92085066496173,197.88636512171,5.28769295241641
2012,200,186,"Rietzanger",6,6.44975091,0.930268483810331,"1984-2025",51.5100857998383,1.92085066496173,98.9431825608549,4.59454577185647
2013,200,186,"Rietzanger",8,6.44975091,1.24035797841377,"1984-2025",68.6801143997844,1.92085066496173,131.924243414473,4.88222784430825
2014,200,186,"Rietzanger",11,6.44975091,1.70549222031894,"1984-2025",94.4351572997035,1.92085066496173,181.395834694901,5.20068157542678
2015,200,186,"Rietzanger",15,6.57225335,2.28232224188375,"1984-2025",126.374929978044,1.92085066496173,242.747368282817,5.49202126584724
2016,200,186,"Rietzanger",13,6.44975091,2.01558171492238,"1984-2025",111.60518589965,1.92085066496173,214.376895548519,5.36773566008995
2017,200,186,"Rietzanger",14,6.57225335,2.13016742575817,"1984-2025",117.949934646174,1.92085066496173,226.564210397295,5.42302839436028
2018,200,186,"Rietzanger",15,6.57225335,2.28232224188375,"1984-2025",126.374929978044,1.92085066496173,242.747368282817,5.49202126584724
2019,200,186,"Rietzanger",17,6.57225335,2.58663187413492,"1984-2025",143.224920641783,1.92085066496173,275.113684053859,5.61718440880124
2020,200,186,"Rietzanger",19,6.44975091,2.94585019873271,"1984-2025",163.115271699488,1.92085066496173,313.320078109374,5.74722528179485
2021,200,186,"Rietzanger",12,6.57225335,1.825857793507,"1984-2025",101.099943982435,1.92085066496173,194.197894626253,5.26887771453303
2022,200,186,"Rietzanger",11,6.57225335,1.67370297738142,"1984-2025",92.6749486505653,1.92085066496173,178.014736740732,5.1818663375434
2023,200,186,"Rietzanger",23,6.57225335,3.49956077088842,"1984-2025",193.774892633,1.92085066496173,372.212631366985,5.91946528067418
2024,200,186,"Rietzanger",14,6.57225335,2.13016742575817,"1984-2025",117.949934646174,1.92085066496173,226.564210397295,5.42302839436028
2025,200,186,"Rietzanger",20,6.57225335,3.04309632251167,"1984-2025",168.499906637391,1.92085066496173,323.663157710422,5.77970333829902
1962,600,187,"Bosrietzanger",1,5.002,0.199920031987205,"1958-1983",3.6126696478937,1.11170287633752,3.6126696478937,1.28444701369056
1962,700,187,"Bosrietzanger",1,5.002,0.199920031987205,"1958-1983",3.6126696478937,1.11170287633752,3.6126696478937,1.28444701369056
1965,600,187,"Bosrietzanger",4,5.315,0.752587017873942,"1958-1983",13.5996790809139,1.11170287633752,13.5996790809139,2.61004619547196
1965,700,187,"Bosrietzanger",4,5.315,0.752587017873942,"1958-1983",13.5996790809139,1.11170287633752,13.5996790809139,2.61004619547196
1966,600,187,"Bosrietzanger",9,5.395,1.66821130676552,"1958-1983",30.1455351638329,1.11170287633752,30.1455351638329,3.40603682477211
1966,700,187,"Bosrietzanger",9,5.395,1.66821130676552,"1958-1983",30.1455351638329,1.11170287633752,30.1455351638329,3.40603682477211
1967,600,187,"Bosrietzanger",7,5.735,1.2205754141238,"1958-1983",22.0564978293548,1.11170287633752,22.0564978293548,3.09360724461996
1967,700,187,"Bosrietzanger",7,5.735,1.2205754141238,"1958-1983",22.0564978293548,1.11170287633752,22.0564978293548,3.09360724461996
1968,600,187,"Bosrietzanger",9,5.6,1.60714285714286,"1958-1983",29.0419932515855,1.11170287633752,29.0419932515855,3.3687428257411
1968,700,187,"Bosrietzanger",9,5.6,1.60714285714286,"1958-1983",29.0419932515855,1.11170287633752,29.0419932515855,3.3687428257411
1969,600,187,"Bosrietzanger",12,5.6,2.14285714285714,"1958-1983",38.7226576687806,1.11170287633752,38.7226576687806,3.65642489819288
1969,700,187,"Bosrietzanger",12,5.6,2.14285714285714,"1958-1983",38.7226576687806,1.11170287633752,38.7226576687806,3.65642489819288
1970,600,187,"Bosrietzanger",22,5.625,3.91111111111111,"1958-1983",70.6760211080558,1.11170287633752,70.6760211080558,4.25810635141382
1970,700,187,"Bosrietzanger",22,5.625,3.91111111111111,"1958-1983",70.6760211080558,1.11170287633752,70.6760211080558,4.25810635141382
1971,600,187,"Bosrietzanger",21,5.615,3.739982190561,"1958-1983",67.5836233578005,1.11170287633752,67.5836233578005,4.213365695679
1971,700,187,"Bosrietzanger",21,5.615,3.739982190561,"1958-1983",67.5836233578005,1.11170287633752,67.5836233578005,4.213365695679
1972,600,187,"Bosrietzanger",31,5.645,5.49158547387068,"1958-1983",99.2360993696533,1.11170287633752,99.2360993696533,4.59750185302951
1972,700,187,"Bosrietzanger",31,5.645,5.49158547387068,"1958-1983",99.2360993696533,1.11170287633752,99.2360993696533,4.59750185302951
1973,600,187,"Bosrietzanger",24,5.715,4.1994750656168,"1958-1983",75.8869231654143,1.11170287633752,75.8869231654143,4.32924437924716
1973,700,187,"Bosrietzanger",24,5.715,4.1994750656168,"1958-1983",75.8869231654143,1.11170287633752,75.8869231654143,4.32924437924716
1974,600,187,"Bosrietzanger",19,5.855,3.24508966695132,"1958-1983",58.6406315963316,1.11170287633752,58.6406315963316,4.07142782826275
1974,700,187,"Bosrietzanger",19,5.855,3.24508966695132,"1958-1983",58.6406315963316,1.11170287633752,58.6406315963316,4.07142782826275
1975,600,187,"Bosrietzanger",24,5.505,4.35967302452316,"1958-1983",78.7817921689996,1.11170287633752,78.7817921689996,4.36668190631929
1975,700,187,"Bosrietzanger",24,5.505,4.35967302452316,"1958-1983",78.7817921689996,1.11170287633752,78.7817921689996,4.36668190631929
1976,600,187,"Bosrietzanger",31,6.49,4.77657935285054,"1958-1983",86.315528650492,1.11170287633752,86.315528650492,4.45800951991513
1976,700,187,"Bosrietzanger",31,6.49,4.77657935285054,"1958-1983",86.315528650492,1.11170287633752,86.315528650492,4.45800951991513
1977,600,187,"Bosrietzanger",43,6.175,6.96356275303644,"1958-1983",125.835573099087,1.11170287633752,125.835573099087,4.83497607932551
1977,700,187,"Bosrietzanger",43,6.175,6.96356275303644,"1958-1983",125.835573099087,1.11170287633752,125.835573099087,4.83497607932551
1978,600,187,"Bosrietzanger",52,6.38,8.15047021943574,"1958-1983",147.283671801841,1.11170287633752,147.283671801841,4.99236046737071
1978,700,187,"Bosrietzanger",52,6.38,8.15047021943574,"1958-1983",147.283671801841,1.11170287633752,147.283671801841,4.99236046737071
1979,600,187,"Bosrietzanger",69,6.37,10.8320251177394,"1958-1983",195.740906897133,1.11170287633752,195.740906897133,5.27679188115917
1979,700,187,"Bosrietzanger",69,6.37,10.8320251177394,"1958-1983",195.740906897133,1.11170287633752,195.740906897133,5.27679188115917
1980,600,187,"Bosrietzanger",69,6.38,10.8150470219436,"1958-1983",195.434102967827,1.11170287633752,195.434102967827,5.27522325338655
1980,700,187,"Bosrietzanger",69,6.38,10.8150470219436,"1958-1983",195.434102967827,1.11170287633752,195.434102967827,5.27522325338655
1981,600,187,"Bosrietzanger",81,6.38,12.6959247648903,"1958-1983",229.422642614406,1.11170287633752,229.422642614406,5.43556590346173
1981,700,187,"Bosrietzanger",81,6.38,12.6959247648903,"1958-1983",229.422642614406,1.11170287633752,229.422642614406,5.43556590346173
1982,600,187,"Bosrietzanger",79,6.035,13.0903065451533,"1958-1983",236.549347592772,1.11170287633752,236.549347592772,5.46615684406351
1982,700,187,"Bosrietzanger",79,6.035,13.0903065451533,"1958-1983",236.549347592772,1.11170287633752,236.549347592772,5.46615684406351
1983,600,187,"Bosrietzanger",69,6.38,10.8150470219436,"1958-1983",195.434102967827,1.11170287633752,195.434102967827,5.27522325338655
1983,700,187,"Bosrietzanger",69,6.38,10.8150470219436,"1958-1983",195.434102967827,1.11170287633752,195.434102967827,5.27522325338655
1984,600,187,"Bosrietzanger",18,3.02300608,5.95433800781506,"1984-2025",147.099597212585,1.11170287633752,163.531045329322,5.09700285200249
1984,700,187,"Bosrietzanger",18,3.02300608,5.95433800781506,"1984-2025",147.099597212585,1.11170287633752,163.531045329322,5.09700285200249
1985,600,187,"Bosrietzanger",47,5.13012052,9.16157813773934,"1984-2025",226.333213217704,1.11170287633752,251.615284144836,5.52790127077468
1985,700,187,"Bosrietzanger",47,5.13012052,9.16157813773934,"1984-2025",226.333213217704,1.11170287633752,251.615284144836,5.52790127077468
1986,600,187,"Bosrietzanger",38,4.23796013,8.9665779843002,"1984-2025",221.515810512375,1.11170287633752,246.259763700846,5.50638692881276
1986,700,187,"Bosrietzanger",38,4.23796013,8.9665779843002,"1984-2025",221.515810512375,1.11170287633752,246.259763700846,5.50638692881276
1987,600,187,"Bosrietzanger",52,5.02247314,10.3534650261962,"1984-2025",255.778313745228,1.11170287633752,284.349487095332,5.6502040699718
1987,700,187,"Bosrietzanger",52,5.02247314,10.3534650261962,"1984-2025",255.778313745228,1.11170287633752,284.349487095332,5.6502040699718
1988,600,187,"Bosrietzanger",58,4.70180252,12.3356946093091,"1984-2025",304.748522167402,1.11170287633752,338.789808653111,5.82537988160855
1988,700,187,"Bosrietzanger",58,4.70180252,12.3356946093091,"1984-2025",304.748522167402,1.11170287633752,338.789808653111,5.82537988160855
1989,600,187,"Bosrietzanger",51,4.70180252,10.8469038805994,"1984-2025",267.968528112716,1.11170287633752,297.901383470839,5.69676250378646
1989,700,187,"Bosrietzanger",51,4.70180252,10.8469038805994,"1984-2025",267.968528112716,1.11170287633752,297.901383470839,5.69676250378646
1990,600,187,"Bosrietzanger",32,4.85514176,6.59095070377512,"1984-2025",162.826865472001,1.11170287633752,181.015094690247,5.19858042386728
1990,700,187,"Bosrietzanger",32,4.85514176,6.59095070377512,"1984-2025",162.826865472001,1.11170287633752,181.015094690247,5.19858042386728
1991,600,187,"Bosrietzanger",30,5.55688703,5.398706116939,"1984-2025",133.372928145586,1.11170287633752,148.271067845006,4.99904213803412
1991,700,187,"Bosrietzanger",30,5.55688703,5.398706116939,"1984-2025",133.372928145586,1.11170287633752,148.271067845006,4.99904213803412
1992,600,187,"Bosrietzanger",46,6.1308353,7.50305590495964,"1984-2025",185.360068581003,1.11170287633752,206.065321399622,5.32819321269877
1992,700,187,"Bosrietzanger",46,6.1308353,7.50305590495964,"1984-2025",185.360068581003,1.11170287633752,206.065321399622,5.32819321269877
1993,600,187,"Bosrietzanger",49,6.1308353,7.99238563789179,"1984-2025",197.448768705851,1.11170287633752,219.504364099598,5.3913721143203
1993,700,187,"Bosrietzanger",49,6.1308353,7.99238563789179,"1984-2025",197.448768705851,1.11170287633752,219.504364099598,5.3913721143203
1994,600,187,"Bosrietzanger",37,6.1308353,6.03506670616319,"1984-2025",149.093968206459,1.11170287633752,165.748193299696,5.1104697288539
1994,700,187,"Bosrietzanger",37,6.1308353,6.03506670616319,"1984-2025",149.093968206459,1.11170287633752,165.748193299696,5.1104697288539
1995,600,187,"Bosrietzanger",21,6.09164596,3.44734413948115,"1984-2025",85.1652918771612,1.11170287633752,94.6784999439649,4.5504869410894
1995,700,187,"Bosrietzanger",21,6.09164596,3.44734413948115,"1984-2025",85.1652918771612,1.11170287633752,94.6784999439649,4.5504869410894
1996,600,187,"Bosrietzanger",44,6.44975091,6.82196888127576,"1984-2025",168.534079408215,1.11170287633752,187.359820839009,5.23303094360968
1996,700,187,"Bosrietzanger",44,6.44975091,6.82196888127576,"1984-2025",168.534079408215,1.11170287633752,187.359820839009,5.23303094360968
1997,600,187,"Bosrietzanger",20,6.09164596,3.28318489474395,"1984-2025",81.1098017877725,1.11170287633752,90.1699999466332,4.50169677691997
1997,700,187,"Bosrietzanger",20,6.09164596,3.28318489474395,"1984-2025",81.1098017877725,1.11170287633752,90.1699999466332,4.50169677691997
1998,600,187,"Bosrietzanger",14,5.62796272,2.48757866683239,"1984-2025",61.454660357775,1.11170287633752,68.3193226840841,4.22419263555653
1998,700,187,"Bosrietzanger",14,5.62796272,2.48757866683239,"1984-2025",61.454660357775,1.11170287633752,68.3193226840841,4.22419263555653
1999,600,187,"Bosrietzanger",12,6.09164596,1.96991093684637,"1984-2025",48.6658810726635,1.11170287633752,54.1019999679799,3.99087115315398
1999,700,187,"Bosrietzanger",12,6.09164596,1.96991093684637,"1984-2025",48.6658810726635,1.11170287633752,54.1019999679799,3.99087115315398
2000,600,187,"Bosrietzanger",13,5.70172844,2.28001037523983,"1984-2025",56.3267667032166,1.11170287633752,62.6186285587586,4.13706281464851
2000,700,187,"Bosrietzanger",13,5.70172844,2.28001037523983,"1984-2025",56.3267667032166,1.11170287633752,62.6186285587586,4.13706281464851
2001,600,187,"Bosrietzanger",17,6.44975091,2.63576070412927,"1984-2025",65.1154397713558,1.11170287633752,72.3890216877991,4.28205465374763
2001,700,187,"Bosrietzanger",17,6.44975091,2.63576070412927,"1984-2025",65.1154397713558,1.11170287633752,72.3890216877991,4.28205465374763
2002,600,187,"Bosrietzanger",17,6.09164596,2.79070716053236,"1984-2025",68.9433315196066,1.11170287633752,76.6444999546382,4.33917784742219
2002,700,187,"Bosrietzanger",17,6.09164596,2.79070716053236,"1984-2025",68.9433315196066,1.11170287633752,76.6444999546382,4.33917784742219
2003,600,187,"Bosrietzanger",14,6.2141484,2.25292334505562,"1984-2025",55.6575921913644,1.11170287633752,61.8747053291608,4.12511145852052
2003,700,187,"Bosrietzanger",14,6.2141484,2.25292334505562,"1984-2025",55.6575921913644,1.11170287633752,61.8747053291608,4.12511145852052
2004,600,187,"Bosrietzanger",14,6.2141484,2.25292334505562,"1984-2025",55.6575921913644,1.11170287633752,61.8747053291608,4.12511145852052
2004,700,187,"Bosrietzanger",14,6.2141484,2.25292334505562,"1984-2025",55.6575921913644,1.11170287633752,61.8747053291608,4.12511145852052
2005,600,187,"Bosrietzanger",9,6.2141484,1.44830786467861,"1984-2025",35.7798806944486,1.11170287633752,39.7765962830319,3.68327870624148
2005,700,187,"Bosrietzanger",9,6.2141484,1.44830786467861,"1984-2025",35.7798806944486,1.11170287633752,39.7765962830319,3.68327870624148
2006,600,187,"Bosrietzanger",10,5.65793112,1.76743049498277,"1984-2025",43.663680760476,1.11170287633752,48.5410394929046,3.88240961525054
2006,700,187,"Bosrietzanger",10,5.65793112,1.76743049498277,"1984-2025",43.663680760476,1.11170287633752,48.5410394929046,3.88240961525054
2007,600,187,"Bosrietzanger",14,6.1308353,2.28353875368337,"1984-2025",56.4139339159575,1.11170287633752,62.715532599885,4.13860914582494
2007,700,187,"Bosrietzanger",14,6.1308353,2.28353875368337,"1984-2025",56.4139339159575,1.11170287633752,62.715532599885,4.13860914582494
2008,600,187,"Bosrietzanger",11,6.02064405,1.82704705819637,"1984-2025",45.1364846934087,1.11170287633752,50.178359861427,3.91558385529903
2008,700,187,"Bosrietzanger",11,6.02064405,1.82704705819637,"1984-2025",45.1364846934087,1.11170287633752,50.178359861427,3.91558385529903
2009,600,187,"Bosrietzanger",10,5.98606767,1.67054576581491,"1984-2025",41.2701813289796,1.11170287633752,45.8801792903979,3.82603320006517
2009,700,187,"Bosrietzanger",10,5.98606767,1.67054576581491,"1984-2025",41.2701813289796,1.11170287633752,45.8801792903979,3.82603320006517
2010,600,187,"Bosrietzanger",11,6.44975091,1.70549222031894,"1984-2025",42.1335198520538,1.11170287633752,46.8399552097524,3.84673658248978
2010,700,187,"Bosrietzanger",11,6.44975091,1.70549222031894,"1984-2025",42.1335198520538,1.11170287633752,46.8399552097524,3.84673658248978
2011,600,187,"Bosrietzanger",10,6.44975091,1.55044747301722,"1984-2025",38.3031998655034,1.11170287633752,42.5817774634112,3.75142640268546
2011,700,187,"Bosrietzanger",10,6.44975091,1.55044747301722,"1984-2025",38.3031998655034,1.11170287633752,42.5817774634112,3.75142640268546
2012,600,187,"Bosrietzanger",17,6.44975091,2.63576070412927,"1984-2025",65.1154397713558,1.11170287633752,72.3890216877991,4.28205465374763
2012,700,187,"Bosrietzanger",17,6.44975091,2.63576070412927,"1984-2025",65.1154397713558,1.11170287633752,72.3890216877991,4.28205465374763
2013,600,187,"Bosrietzanger",7,6.44975091,1.08531323111205,"1984-2025",26.8122399058524,1.11170287633752,29.8072442243879,3.39475145874673
2013,700,187,"Bosrietzanger",7,6.44975091,1.08531323111205,"1984-2025",26.8122399058524,1.11170287633752,29.8072442243879,3.39475145874673
2014,600,187,"Bosrietzanger",14,6.44975091,2.1706264622241,"1984-2025",53.6244798117048,1.11170287633752,59.6144884487757,4.08789863930667
2014,700,187,"Bosrietzanger",14,6.44975091,2.1706264622241,"1984-2025",53.6244798117048,1.11170287633752,59.6144884487757,4.08789863930667
2015,600,187,"Bosrietzanger",13,6.57225335,1.97801260963259,"1984-2025",48.8660297377269,1.11170287633752,54.324505814626,3.99497542926957
2015,700,187,"Bosrietzanger",13,6.57225335,1.97801260963259,"1984-2025",48.8660297377269,1.11170287633752,54.324505814626,3.99497542926957
2016,600,187,"Bosrietzanger",14,6.44975091,2.1706264622241,"1984-2025",53.6244798117048,1.11170287633752,59.6144884487757,4.08789863930667
2016,700,187,"Bosrietzanger",14,6.44975091,2.1706264622241,"1984-2025",53.6244798117048,1.11170287633752,59.6144884487757,4.08789863930667
2017,600,187,"Bosrietzanger",17,6.57225335,2.58663187413492,"1984-2025",63.9017311954891,1.11170287633752,71.0397383729725,4.26323941586425
2017,700,187,"Bosrietzanger",17,6.57225335,2.58663187413492,"1984-2025",63.9017311954891,1.11170287633752,71.0397383729725,4.26323941586425
2018,600,187,"Bosrietzanger",19,6.57225335,2.89094150638609,"1984-2025",71.4195819243701,1.11170287633752,79.3973546521457,4.37446505097447
2018,700,187,"Bosrietzanger",19,6.57225335,2.89094150638609,"1984-2025",71.4195819243701,1.11170287633752,79.3973546521457,4.37446505097447
2019,600,187,"Bosrietzanger",16,6.57225335,2.43447705800934,"1984-2025",60.1428058310485,1.11170287633752,66.8609302333859,4.20261479404781
2019,700,187,"Bosrietzanger",16,6.57225335,2.43447705800934,"1984-2025",60.1428058310485,1.11170287633752,66.8609302333859,4.20261479404781
2020,600,187,"Bosrietzanger",11,6.44975091,1.70549222031894,"1984-2025",42.1335198520538,1.11170287633752,46.8399552097524,3.84673658248978
2020,700,187,"Bosrietzanger",11,6.44975091,1.70549222031894,"1984-2025",42.1335198520538,1.11170287633752,46.8399552097524,3.84673658248978
2021,600,187,"Bosrietzanger",19,6.57225335,2.89094150638609,"1984-2025",71.4195819243701,1.11170287633752,79.3973546521457,4.37446505097447
2021,700,187,"Bosrietzanger",19,6.57225335,2.89094150638609,"1984-2025",71.4195819243701,1.11170287633752,79.3973546521457,4.37446505097447
2022,600,187,"Bosrietzanger",24,6.57225335,3.651715587014,"1984-2025",90.2142087465728,1.11170287633752,100.291395350079,4.60807990215598
2022,700,187,"Bosrietzanger",24,6.57225335,3.651715587014,"1984-2025",90.2142087465728,1.11170287633752,100.291395350079,4.60807990215598
2023,600,187,"Bosrietzanger",23,6.57225335,3.49956077088842,"1984-2025",86.4552833821323,1.11170287633752,96.1125872104922,4.56552028773718
2023,700,187,"Bosrietzanger",23,6.57225335,3.49956077088842,"1984-2025",86.4552833821323,1.11170287633752,96.1125872104922,4.56552028773718
2024,600,187,"Bosrietzanger",21,6.57225335,3.19525113863725,"1984-2025",78.9374326532512,1.11170287633752,87.754970931319,4.47454850953145
2024,700,187,"Bosrietzanger",21,6.57225335,3.19525113863725,"1984-2025",78.9374326532512,1.11170287633752,87.754970931319,4.47454850953145
2025,600,187,"Bosrietzanger",23,6.57225335,3.49956077088842,"1984-2025",86.4552833821323,1.11170287633752,96.1125872104922,4.56552028773718
2025,700,187,"Bosrietzanger",23,6.57225335,3.49956077088842,"1984-2025",86.4552833821323,1.11170287633752,96.1125872104922,4.56552028773718
1964,200,188,"Kleine Karekiet",6,5.3272,1.12629523952545,"1958-1983",6.90612965561069,2.60062939993728,6.90612965561069,1.93240937313426
1965,200,188,"Kleine Karekiet",16,5.315,3.01034807149577,"1958-1983",18.458618451612,2.60062939993728,18.458618451612,2.91553138616636
1966,200,188,"Kleine Karekiet",19,5.395,3.52177942539388,"1958-1983",21.5945734978689,2.60062939993728,21.5945734978689,3.07244205617683
1967,200,188,"Kleine Karekiet",19,5.735,3.3129904097646,"1958-1983",20.3143372312123,2.60062939993728,20.3143372312123,3.01132690430559
1968,200,188,"Kleine Karekiet",32,5.6,5.71428571428571,"1958-1983",35.0384132393993,2.60062939993728,35.0384132393993,3.55644498077911
1969,200,188,"Kleine Karekiet",37,5.6,6.60714285714286,"1958-1983",40.5131653080554,2.60062939993728,40.5131653080554,3.70162699062361
1970,200,188,"Kleine Karekiet",38,5.625,6.75555555555555,"1958-1983",41.4231907630231,2.60062939993728,41.4231907630231,3.72384088735639
1971,200,188,"Kleine Karekiet",35,5.615,6.233303650935,"1958-1983",38.2208871044204,2.60062939993728,38.2208871044204,3.64338214901949
1972,200,188,"Kleine Karekiet",42,5.645,7.44021257750221,"1958-1983",45.6213175039123,2.60062939993728,45.6213175039123,3.82037509640223
1973,200,188,"Kleine Karekiet",50,5.715,8.74890638670166,"1958-1983",53.6458645397627,2.60062939993728,53.6458645397627,3.98240438390186
1974,200,188,"Kleine Karekiet",45,5.855,7.68573868488471,"1958-1983",47.1268154159299,2.60062939993728,47.1268154159299,3.85284216844112
1975,200,188,"Kleine Karekiet",59,5.505,10.7175295186194,"1958-1983",65.7169149312984,2.60062939993728,65.7169149312984,4.18535634945156
1976,200,188,"Kleine Karekiet",84,6.49,12.9429892141757,"1958-1983",79.3628158118905,2.60062939993728,79.3628158118905,4.3740299438478
1977,200,188,"Kleine Karekiet",72,6.175,11.6599190283401,"1958-1983",71.4953857192601,2.60062939993728,71.4953857192601,4.2696329122225
1978,200,188,"Kleine Karekiet",103,6.38,16.1442006269592,"1958-1983",98.9917552727542,2.60062939993728,98.9917552727542,4.59503656659342
1979,200,188,"Kleine Karekiet",165,6.37,25.9026687598116,"1958-1983",158.827972101673,2.60062939993728,158.827972101673,5.06782168003699
1980,200,188,"Kleine Karekiet",207,6.38,32.4451410658307,"1958-1983",198.944595548157,2.60062939993728,198.944595548157,5.29302637162916
1981,200,188,"Kleine Karekiet",310,6.38,48.58934169279,"1958-1983",297.936350820911,2.60062939993728,297.936350820911,5.69687987584298
1982,200,188,"Kleine Karekiet",325,6.035,53.8525269262635,"1958-1983",330.208741174952,2.60062939993728,330.208741174952,5.79972500350073
1983,200,188,"Kleine Karekiet",343,6.38,53.7617554858934,"1958-1983",329.652155908298,2.60062939993728,329.652155908298,5.79803802552973
1984,200,188,"Kleine Karekiet",98,3.02300608,32.4180624869931,"1984-2025",83.2218869611575,2.60062939993728,216.429285949443,5.37726387029928
1985,200,188,"Kleine Karekiet",284,5.13012052,55.359323215276,"1984-2025",142.115443842962,2.60062939993728,369.589601443141,5.91239320474821
1986,200,188,"Kleine Karekiet",236,4.23796013,55.6871685340749,"1984-2025",142.957070515523,2.60062939993728,371.778360511576,5.91829787163436
1987,200,188,"Kleine Karekiet",353,5.02247314,70.2840991201398,"1984-2025",180.429516862394,2.60062939993728,469.230306168821,6.15109370584605
1988,200,188,"Kleine Karekiet",360,4.70180252,76.5663803336428,"1984-2025",196.557047532005,2.60062939993728,511.172036576602,6.23670620003467
1989,200,188,"Kleine Karekiet",348,4.70180252,74.0141676558547,"1984-2025",190.005145947605,2.60062939993728,494.132968690715,6.20280464835899
1990,200,188,"Kleine Karekiet",369,4.85514176,76.0019003029069,"1984-2025",195.107945096331,2.60062939993728,507.403458178867,6.22930646263046
1991,200,188,"Kleine Karekiet",333,5.55688703,59.9256378980229,"1984-2025",153.837838557609,2.60062939993728,400.075205775722,5.99165254387479
1992,200,188,"Kleine Karekiet",419,6.1308353,68.3430526995237,"1984-2025",175.446568055145,2.60062939993728,456.271503002308,6.1230880336542
1993,200,188,"Kleine Karekiet",405,6.1308353,66.0595139458403,"1984-2025",169.584391556883,2.60062939993728,441.026154453305,6.0891041808386
1994,200,188,"Kleine Karekiet",421,6.1308353,68.6692725214784,"1984-2025",176.284021840612,2.60062939993728,458.44940993788,6.12784994741444
1995,200,188,"Kleine Karekiet",365,6.09164596,59.9181243290771,"1984-2025",153.818550132036,2.60062939993728,400.0250437291,5.99152715447085
1996,200,188,"Kleine Karekiet",431,6.44975091,66.8242860870421,"1984-2025",171.547673005664,2.60062939993728,446.131921909356,6.10061469731754
1997,200,188,"Kleine Karekiet",312,6.09164596,51.2176843580056,"1984-2025",131.483253811494,2.60062939993728,341.939215461587,5.83463298869784
1998,200,188,"Kleine Karekiet",255,5.62796272,45.3094685744471,"1984-2025",116.316003570098,2.60062939993728,302.494818567607,5.71206414862207
1999,200,188,"Kleine Karekiet",269,6.09164596,44.1588368343061,"1984-2025",113.362164343884,2.60062939993728,294.812977433227,5.6863411804902
2000,200,188,"Kleine Karekiet",228,5.70172844,39.987874273437,"1984-2025",102.654696095307,2.60062939993728,266.966820707082,5.58712438366379
2001,200,188,"Kleine Karekiet",349,6.44975091,54.1106168083009,"1984-2025",138.909832665839,2.60062939993728,361.252994771149,5.88957852941622
2002,200,188,"Kleine Karekiet",235,6.09164596,38.5774225132414,"1984-2025",99.0338610439138,2.60062939993728,257.550370620105,5.55121531503252
2003,200,188,"Kleine Karekiet",218,6.2141484,35.0812349444374,"1984-2025",90.0586384573466,2.60062939993728,234.209142890498,5.45621448921673
2004,200,188,"Kleine Karekiet",207,6.2141484,33.311080887608,"1984-2025",85.5143952324346,2.60062939993728,222.391250359326,5.40443821969301
2005,200,188,"Kleine Karekiet",198,6.2141484,31.8627730229294,"1984-2025",81.7963780484157,2.60062939993728,212.722065561094,5.35998645712217
2006,200,188,"Kleine Karekiet",163,5.65793112,28.8091170682191,"1984-2025",73.9571985544799,2.60062939993728,192.335264897779,5.25924002058564
2007,200,188,"Kleine Karekiet",182,6.1308353,29.6860037978838,"1984-2025",76.208294477414,2.60062939993728,198.189531137041,5.28922380080885
2008,200,188,"Kleine Karekiet",117,6.02064405,19.4331368917251,"1984-2025",49.8876921578126,2.60062939993728,129.739398920628,4.86552781482079
2009,200,188,"Kleine Karekiet",147,5.98606767,24.5570227574791,"1984-2025",63.0414532899822,2.60062939993728,163.9474568407,5.09954599137224
2010,200,188,"Kleine Karekiet",148,6.44975091,22.9466226006548,"1984-2025",58.9073215889519,2.60062939993728,153.196112395788,5.03171888097791
2011,200,188,"Kleine Karekiet",160,6.44975091,24.8071595682755,"1984-2025",63.683590906975,2.60062939993728,165.617418806257,5.10968042244762
2012,200,188,"Kleine Karekiet",160,6.44975091,24.8071595682755,"1984-2025",63.683590906975,2.60062939993728,165.617418806257,5.10968042244762
2013,200,188,"Kleine Karekiet",134,6.44975091,20.7759961384307,"1984-2025",53.3350073845915,2.60062939993728,138.704588250241,4.93234640716471
2014,200,188,"Kleine Karekiet",149,6.44975091,23.1016673479565,"1984-2025",59.3053440321204,2.60062939993728,154.231221263327,5.03845291315925
2015,200,188,"Kleine Karekiet",170,6.57225335,25.8663187413492,"1984-2025",66.4026067337468,2.60062939993728,172.688571304255,5.15148980638067
2016,200,188,"Kleine Karekiet",117,6.44975091,18.1402354343014,"1984-2025",46.5686258507255,2.60062939993728,121.107737502076,4.79668054201155
2017,200,188,"Kleine Karekiet",134,6.57225335,20.3887453608282,"1984-2025",52.3408782489534,2.60062939993728,136.119226792766,4.91353116928132
2018,200,188,"Kleine Karekiet",134,6.57225335,20.3887453608282,"1984-2025",52.3408782489534,2.60062939993728,136.119226792766,4.91353116928132
2019,200,188,"Kleine Karekiet",127,6.57225335,19.3236616479491,"1984-2025",49.6066532657991,2.60062939993728,129.008520915532,4.859878455789
2020,200,188,"Kleine Karekiet",137,6.44975091,21.2411303803359,"1984-2025",54.5290747140973,2.60062939993728,141.809914852858,4.95448753304192
2021,200,188,"Kleine Karekiet",143,6.57225335,21.7581387059584,"1984-2025",55.8563103701517,2.60062939993728,145.261562920638,4.97853599959032
2022,200,188,"Kleine Karekiet",114,6.57225335,17.3456490383165,"1984-2025",44.5288068685126,2.60062939993728,115.802924286383,4.75188981772491
2023,200,188,"Kleine Karekiet",116,6.57225335,17.6499586705677,"1984-2025",45.3100140065567,2.60062939993728,117.834554537021,4.76928156043678
2024,200,188,"Kleine Karekiet",105,6.57225335,15.9762556931863,"1984-2025",41.0133747473142,2.60062939993728,106.66058815851,4.66965171948793
2025,200,188,"Kleine Karekiet",101,6.57225335,15.3676364286839,"1984-2025",39.4509604712261,2.60062939993728,102.597327657234,4.63081188617167
1964,600,190,"Spotvogel",1,5.3272,0.187715873254242,"1958-1983",83.4164411344624,0.442373926395603,83.4164411344624,4.4238454258408
1964,700,190,"Spotvogel",1,5.3272,0.187715873254242,"1958-1983",83.4164411344624,0.442373926395603,83.4164411344624,4.4238454258408
1965,600,190,"Spotvogel",1,5.315,0.188146754468485,"1958-1983",83.6079144330212,0.442373926395603,83.6079144330212,4.42613818586116
1965,700,190,"Spotvogel",1,5.315,0.188146754468485,"1958-1983",83.6079144330212,0.442373926395603,83.6079144330212,4.42613818586116
1966,600,190,"Spotvogel",2,5.395,0.370713623725672,"1958-1983",164.736261431514,0.442373926395603,164.736261431514,5.10434577950492
1966,700,190,"Spotvogel",2,5.395,0.370713623725672,"1958-1983",164.736261431514,0.442373926395603,164.736261431514,5.10434577950492
1977,600,190,"Spotvogel",3,6.175,0.48582995951417,"1958-1983",215.891205770773,0.442373926395603,215.891205770773,5.37477460380914
1977,700,190,"Spotvogel",3,6.175,0.48582995951417,"1958-1983",215.891205770773,0.442373926395603,215.891205770773,5.37477460380914
1978,600,190,"Spotvogel",1,6.38,0.156739811912226,"1958-1983",69.6514208795467,0.442373926395603,69.6514208795467,4.24350310029837
1978,700,190,"Spotvogel",1,6.38,0.156739811912226,"1958-1983",69.6514208795467,0.442373926395603,69.6514208795467,4.24350310029837
1979,600,190,"Spotvogel",1,6.37,0.156985871271586,"1958-1983",69.7607637694675,0.442373926395603,69.7607637694675,4.245071728071
1979,700,190,"Spotvogel",1,6.37,0.156985871271586,"1958-1983",69.7607637694675,0.442373926395603,69.7607637694675,4.245071728071
1980,600,190,"Spotvogel",1,6.38,0.156739811912226,"1958-1983",69.6514208795467,0.442373926395603,69.6514208795467,4.24350310029837
1980,700,190,"Spotvogel",1,6.38,0.156739811912226,"1958-1983",69.6514208795467,0.442373926395603,69.6514208795467,4.24350310029837
1981,600,190,"Spotvogel",1,6.38,0.156739811912226,"1958-1983",69.6514208795467,0.442373926395603,69.6514208795467,4.24350310029837
1981,700,190,"Spotvogel",1,6.38,0.156739811912226,"1958-1983",69.6514208795467,0.442373926395603,69.6514208795467,4.24350310029837
1982,600,190,"Spotvogel",1,6.035,0.165700082850041,"1958-1983",73.6331508221222,0.442373926395603,73.6331508221222,4.29909534310558
1982,700,190,"Spotvogel",1,6.035,0.165700082850041,"1958-1983",73.6331508221222,0.442373926395603,73.6331508221222,4.29909534310558
1984,600,190,"Spotvogel",1,3.02300608,0.330796555989725,"1984-2025",161.949612253519,0.442373926395603,71.6422858508345,4.27168548414906
1984,700,190,"Spotvogel",1,3.02300608,0.330796555989725,"1984-2025",161.949612253519,0.442373926395603,71.6422858508345,4.27168548414906
1993,600,190,"Spotvogel",1,6.1308353,0.163109910977383,"1984-2025",79.8544796165099,0.442373926395603,35.3255396882331,3.56460620625242
1993,700,190,"Spotvogel",1,6.1308353,0.163109910977383,"1984-2025",79.8544796165099,0.442373926395603,35.3255396882331,3.56460620625242
1994,600,190,"Spotvogel",2,6.1308353,0.326219821954767,"1984-2025",159.70895923302,0.442373926395603,70.6510793764662,4.25775338681236
1994,700,190,"Spotvogel",2,6.1308353,0.326219821954767,"1984-2025",159.70895923302,0.442373926395603,70.6510793764662,4.25775338681236
1996,600,190,"Spotvogel",2,6.44975091,0.310089494603444,"1984-2025",151.811959664045,0.442373926395603,67.1576526703946,4.2070428802941
1996,700,190,"Spotvogel",2,6.44975091,0.310089494603444,"1984-2025",151.811959664045,0.442373926395603,67.1576526703946,4.2070428802941
1997,600,190,"Spotvogel",2,6.09164596,0.328318489474395,"1984-2025",160.736413675633,0.442373926395603,71.1055984324376,4.26416607396866
1997,700,190,"Spotvogel",2,6.09164596,0.328318489474395,"1984-2025",160.736413675633,0.442373926395603,71.1055984324376,4.26416607396866
1999,600,190,"Spotvogel",1,6.09164596,0.164159244737197,"1984-2025",80.3682068378165,0.442373926395603,35.5527992162188,3.57101889340872
1999,700,190,"Spotvogel",1,6.09164596,0.164159244737197,"1984-2025",80.3682068378165,0.442373926395603,35.5527992162188,3.57101889340872
2000,600,190,"Spotvogel",1,5.70172844,0.175385413479987,"1984-2025",85.8642546111911,0.442373926395603,37.9841074493843,3.63716784722971
2000,700,190,"Spotvogel",1,5.70172844,0.175385413479987,"1984-2025",85.8642546111911,0.442373926395603,37.9841074493843,3.63716784722971
2001,600,190,"Spotvogel",1,6.44975091,0.155044747301722,"1984-2025",75.9059798320226,0.442373926395603,33.5788263351973,3.51389569973415
2001,700,190,"Spotvogel",1,6.44975091,0.155044747301722,"1984-2025",75.9059798320226,0.442373926395603,33.5788263351973,3.51389569973415
2003,600,190,"Spotvogel",1,6.2141484,0.160923096075401,"1984-2025",78.7838704489306,0.442373926395603,34.8519301071359,3.551108518948
2003,700,190,"Spotvogel",1,6.2141484,0.160923096075401,"1984-2025",78.7838704489306,0.442373926395603,34.8519301071359,3.551108518948
2005,600,190,"Spotvogel",1,6.2141484,0.160923096075401,"1984-2025",78.7838704489306,0.442373926395603,34.8519301071359,3.551108518948
2005,700,190,"Spotvogel",1,6.2141484,0.160923096075401,"1984-2025",78.7838704489306,0.442373926395603,34.8519301071359,3.551108518948
2007,600,190,"Spotvogel",1,6.1308353,0.163109910977383,"1984-2025",79.8544796165099,0.442373926395603,35.3255396882331,3.56460620625242
2007,700,190,"Spotvogel",1,6.1308353,0.163109910977383,"1984-2025",79.8544796165099,0.442373926395603,35.3255396882331,3.56460620625242
2008,600,190,"Spotvogel",1,6.02064405,0.166095187108761,"1984-2025",81.3159951709866,0.442373926395603,35.9720760625552,3.5827429725434
2008,700,190,"Spotvogel",1,6.02064405,0.166095187108761,"1984-2025",81.3159951709866,0.442373926395603,35.9720760625552,3.5827429725434
2011,600,190,"Spotvogel",1,6.44975091,0.155044747301722,"1984-2025",75.9059798320226,0.442373926395603,33.5788263351973,3.51389569973415
2011,700,190,"Spotvogel",1,6.44975091,0.155044747301722,"1984-2025",75.9059798320226,0.442373926395603,33.5788263351973,3.51389569973415
2012,600,190,"Spotvogel",1,6.44975091,0.155044747301722,"1984-2025",75.9059798320226,0.442373926395603,33.5788263351973,3.51389569973415
2012,700,190,"Spotvogel",1,6.44975091,0.155044747301722,"1984-2025",75.9059798320226,0.442373926395603,33.5788263351973,3.51389569973415
2013,600,190,"Spotvogel",1,6.44975091,0.155044747301722,"1984-2025",75.9059798320226,0.442373926395603,33.5788263351973,3.51389569973415
2013,700,190,"Spotvogel",1,6.44975091,0.155044747301722,"1984-2025",75.9059798320226,0.442373926395603,33.5788263351973,3.51389569973415
2014,600,190,"Spotvogel",1,6.44975091,0.155044747301722,"1984-2025",75.9059798320226,0.442373926395603,33.5788263351973,3.51389569973415
2014,700,190,"Spotvogel",1,6.44975091,0.155044747301722,"1984-2025",75.9059798320226,0.442373926395603,33.5788263351973,3.51389569973415
2018,600,190,"Spotvogel",1,6.57225335,0.152154816125583,"1984-2025",74.4911427518279,0.442373926395603,32.9529393008215,3.49508046185077
2018,700,190,"Spotvogel",1,6.57225335,0.152154816125583,"1984-2025",74.4911427518279,0.442373926395603,32.9529393008215,3.49508046185077
2019,600,190,"Spotvogel",1,6.57225335,0.152154816125583,"1984-2025",74.4911427518279,0.442373926395603,32.9529393008215,3.49508046185077
2019,700,190,"Spotvogel",1,6.57225335,0.152154816125583,"1984-2025",74.4911427518279,0.442373926395603,32.9529393008215,3.49508046185077
2021,600,190,"Spotvogel",1,6.57225335,0.152154816125583,"1984-2025",74.4911427518279,0.442373926395603,32.9529393008215,3.49508046185077
2021,700,190,"Spotvogel",1,6.57225335,0.152154816125583,"1984-2025",74.4911427518279,0.442373926395603,32.9529393008215,3.49508046185077
2023,600,190,"Spotvogel",2,6.57225335,0.304309632251167,"1984-2025",148.982285503656,0.442373926395603,65.905878601643,4.18822764241072
2023,700,190,"Spotvogel",2,6.57225335,0.304309632251167,"1984-2025",148.982285503656,0.442373926395603,65.905878601643,4.18822764241072
2024,600,190,"Spotvogel",2,6.57225335,0.304309632251167,"1984-2025",148.982285503656,0.442373926395603,65.9058786016429,4.18822764241072
2024,700,190,"Spotvogel",2,6.57225335,0.304309632251167,"1984-2025",148.982285503656,0.442373926395603,65.9058786016429,4.18822764241072
1958,600,192,"Braamsluiper",1,4.3072,0.232169390787519,"1958-1983",6.45338385605478,2.35492606898322,6.45338385605478,1.86460462208378
1958,700,192,"Braamsluiper",1,4.3072,0.232169390787519,"1958-1983",6.45338385605478,2.35492606898322,6.45338385605478,1.86460462208378
1959,600,192,"Braamsluiper",6,5.0372,1.19113793377273,"1958-1983",33.108887808464,2.35492606898322,33.108887808464,3.4998017601905
1959,700,192,"Braamsluiper",6,5.0372,1.19113793377273,"1958-1983",33.108887808464,2.35492606898322,33.108887808464,3.4998017601905
1960,600,192,"Braamsluiper",4,5.022,0.796495420151334,"1958-1983",22.1393986019906,2.35492606898322,22.1393986019906,3.0973587634965
1960,700,192,"Braamsluiper",4,5.022,0.796495420151334,"1958-1983",22.1393986019906,2.35492606898322,22.1393986019906,3.0973587634965
1961,600,192,"Braamsluiper",6,5.002,1.19952019192323,"1958-1983",33.3418811812865,2.35492606898322,33.3418811812865,3.50681429988463
1961,700,192,"Braamsluiper",6,5.002,1.19952019192323,"1958-1983",33.3418811812865,2.35492606898322,33.3418811812865,3.50681429988463
1962,600,192,"Braamsluiper",5,5.002,0.999600159936026,"1958-1983",27.7849009844054,2.35492606898322,27.7849009844054,3.32449274309067
1962,700,192,"Braamsluiper",5,5.002,0.999600159936026,"1958-1983",27.7849009844054,2.35492606898322,27.7849009844054,3.32449274309067
1963,600,192,"Braamsluiper",8,5.2472,1.52462265589267,"1958-1983",42.378434128372,2.35492606898322,42.378434128372,3.74663960379445
1963,700,192,"Braamsluiper",8,5.2472,1.52462265589267,"1958-1983",42.378434128372,2.35492606898322,42.378434128372,3.74663960379445
1964,600,192,"Braamsluiper",8,5.3272,1.50172698603394,"1958-1983",41.7420257468076,2.35492606898322,41.7420257468076,3.73150843297756
1964,700,192,"Braamsluiper",8,5.3272,1.50172698603394,"1958-1983",41.7420257468076,2.35492606898322,41.7420257468076,3.73150843297756
1965,600,192,"Braamsluiper",12,5.315,2.25776105362182,"1958-1983",62.7567599882577,2.35492606898322,62.7567599882577,4.13926630110609
1965,700,192,"Braamsluiper",12,5.315,2.25776105362182,"1958-1983",62.7567599882577,2.35492606898322,62.7567599882577,4.13926630110609
1966,600,192,"Braamsluiper",6,5.395,1.11214087117702,"1958-1983",30.9130842759583,2.35492606898322,30.9130842759583,3.43117953362996
1966,700,192,"Braamsluiper",6,5.395,1.11214087117702,"1958-1983",30.9130842759583,2.35492606898322,30.9130842759583,3.43117953362996
1967,600,192,"Braamsluiper",7,5.735,1.2205754141238,"1958-1983",33.9271324522396,2.35492606898322,33.9271324522396,3.52421506158598
1967,700,192,"Braamsluiper",7,5.735,1.2205754141238,"1958-1983",33.9271324522396,2.35492606898322,33.9271324522396,3.52421506158598
1968,600,192,"Braamsluiper",10,5.6,1.78571428571429,"1958-1983",49.6357409728556,2.35492606898322,49.6357409728556,3.90471115836494
1968,700,192,"Braamsluiper",10,5.6,1.78571428571429,"1958-1983",49.6357409728556,2.35492606898322,49.6357409728556,3.90471115836494
1969,600,192,"Braamsluiper",11,5.6,1.96428571428571,"1958-1983",54.5993150701412,2.35492606898322,54.5993150701412,4.00002133816927
1969,700,192,"Braamsluiper",11,5.6,1.96428571428571,"1958-1983",54.5993150701412,2.35492606898322,54.5993150701412,4.00002133816927
1970,600,192,"Braamsluiper",21,5.625,3.73333333333333,"1958-1983",103.77178912725,2.35492606898322,103.77178912725,4.64219415274494
1970,700,192,"Braamsluiper",21,5.625,3.73333333333333,"1958-1983",103.77178912725,2.35492606898322,103.77178912725,4.64219415274494
1971,600,192,"Braamsluiper",24,5.615,4.27426536064114,"1958-1983",118.807543842418,2.35492606898322,118.807543842418,4.77750490526954
1971,700,192,"Braamsluiper",24,5.615,4.27426536064114,"1958-1983",118.807543842418,2.35492606898322,118.807543842418,4.77750490526954
1972,600,192,"Braamsluiper",31,5.645,5.49158547387068,"1958-1983",152.644191902351,2.35492606898322,152.644191902351,5.02810966999552
1972,700,192,"Braamsluiper",31,5.645,5.49158547387068,"1958-1983",152.644191902351,2.35492606898322,152.644191902351,5.02810966999552
1973,600,192,"Braamsluiper",34,5.715,5.94925634295713,"1958-1983",165.365618219278,2.35492606898322,165.365618219278,5.10815889048139
1973,700,192,"Braamsluiper",34,5.715,5.94925634295713,"1958-1983",165.365618219278,2.35492606898322,165.365618219278,5.10815889048139
1974,600,192,"Braamsluiper",23,5.855,3.92826643894108,"1958-1983",109.190152643959,2.35492606898322,109.190152643959,4.69309088199147
1974,700,192,"Braamsluiper",23,5.855,3.92826643894108,"1958-1983",109.190152643959,2.35492606898322,109.190152643959,4.69309088199147
1975,600,192,"Braamsluiper",29,5.505,5.26793823796549,"1958-1983",146.427689990768,2.35492606898322,146.427689990768,4.98653172292383
1975,700,192,"Braamsluiper",29,5.505,5.26793823796549,"1958-1983",146.427689990768,2.35492606898322,146.427689990768,4.98653172292383
1976,600,192,"Braamsluiper",25,6.49,3.85208012326656,"1958-1983",107.072476674881,2.35492606898322,107.072476674881,4.6735059572642
1976,700,192,"Braamsluiper",25,6.49,3.85208012326656,"1958-1983",107.072476674881,2.35492606898322,107.072476674881,4.6735059572642
1977,600,192,"Braamsluiper",23,6.175,3.7246963562753,"1958-1983",103.531715583867,2.35492606898322,103.531715583867,4.63987799652711
1977,700,192,"Braamsluiper",23,6.175,3.7246963562753,"1958-1983",103.531715583867,2.35492606898322,103.531715583867,4.63987799652711
1978,600,192,"Braamsluiper",30,6.38,4.70219435736677,"1958-1983",130.702264630717,2.35492606898322,130.702264630717,4.87292194741746
1978,700,192,"Braamsluiper",30,6.38,4.70219435736677,"1958-1983",130.702264630717,2.35492606898322,130.702264630717,4.87292194741746
1979,600,192,"Braamsluiper",35,6.37,5.49450549450549,"1958-1983",152.725356839556,2.35492606898322,152.725356839556,5.02864125501734
1979,700,192,"Braamsluiper",35,6.37,5.49450549450549,"1958-1983",152.725356839556,2.35492606898322,152.725356839556,5.02864125501734
1980,600,192,"Braamsluiper",36,6.38,5.64263322884013,"1958-1983",156.84271755686,2.35492606898322,156.84271755686,5.05524350421141
1980,700,192,"Braamsluiper",36,6.38,5.64263322884013,"1958-1983",156.84271755686,2.35492606898322,156.84271755686,5.05524350421141
1981,600,192,"Braamsluiper",56,6.38,8.77742946708464,"1958-1983",243.977560644005,2.35492606898322,243.977560644005,5.49707625649045
1981,700,192,"Braamsluiper",56,6.38,8.77742946708464,"1958-1983",243.977560644005,2.35492606898322,243.977560644005,5.49707625649045
1982,600,192,"Braamsluiper",51,6.035,8.45070422535211,"1958-1983",234.895900941965,2.35492606898322,234.895900941965,5.45914244128683
1982,700,192,"Braamsluiper",51,6.035,8.45070422535211,"1958-1983",234.895900941965,2.35492606898322,234.895900941965,5.45914244128683
1983,600,192,"Braamsluiper",54,6.38,8.46394984326019,"1958-1983",235.264076335291,2.35492606898322,235.264076335291,5.46070861231958
1983,700,192,"Braamsluiper",54,6.38,8.46394984326019,"1958-1983",235.264076335291,2.35492606898322,235.264076335291,5.46070861231958
1984,600,192,"Braamsluiper",26,3.02300608,8.60071045573286,"1984-2025",95.7780770187691,2.35492606898322,225.550290408582,5.41854315141102
1984,700,192,"Braamsluiper",26,3.02300608,8.60071045573286,"1984-2025",95.7780770187691,2.35492606898322,225.550290408582,5.41854315141102
1985,600,192,"Braamsluiper",52,5.13012052,10.1362141098393,"1984-2025",112.877546650092,2.35492606898322,265.818277209172,5.58281290692927
1985,700,192,"Braamsluiper",52,5.13012052,10.1362141098393,"1984-2025",112.877546650092,2.35492606898322,265.818277209172,5.58281290692927
1986,600,192,"Braamsluiper",36,4.23796013,8.49465282723176,"1984-2025",94.5970122958851,2.35492606898322,222.768970303506,5.4061352268257
1986,700,192,"Braamsluiper",36,4.23796013,8.49465282723176,"1984-2025",94.5970122958851,2.35492606898322,222.768970303506,5.4061352268257
1987,600,192,"Braamsluiper",43,5.02247314,8.56151915627766,"1984-2025",95.3416401317229,2.35492606898322,224.522513805811,5.41397598636715
1987,700,192,"Braamsluiper",43,5.02247314,8.56151915627766,"1984-2025",95.3416401317229,2.35492606898322,224.522513805811,5.41397598636715
1988,600,192,"Braamsluiper",38,4.70180252,8.08200681299562,"1984-2025",90.0017591552968,2.35492606898322,211.947488889158,5.35633855007174
1988,700,192,"Braamsluiper",38,4.70180252,8.08200681299562,"1984-2025",90.0017591552968,2.35492606898322,211.947488889158,5.35633855007174
1989,600,192,"Braamsluiper",42,4.70180252,8.93274437225832,"1984-2025",99.4756285400649,2.35492606898322,234.25775087749,5.45642200862872
1989,700,192,"Braamsluiper",42,4.70180252,8.93274437225832,"1984-2025",99.4756285400649,2.35492606898322,234.25775087749,5.45642200862872
1990,600,192,"Braamsluiper",34,4.85514176,7.00288512276107,"1984-2025",77.9845890747697,2.35492606898322,183.647941791119,5.21302056496693
1990,700,192,"Braamsluiper",34,4.85514176,7.00288512276107,"1984-2025",77.9845890747697,2.35492606898322,183.647941791119,5.21302056496693
1991,600,192,"Braamsluiper",28,5.55688703,5.03879237580973,"1984-2025",56.1123231314231,2.35492606898322,132.140372533399,4.88386478583039
1991,700,192,"Braamsluiper",28,5.55688703,5.03879237580973,"1984-2025",56.1123231314231,2.35492606898322,132.140372533399,4.88386478583039
1992,600,192,"Braamsluiper",31,6.1308353,5.05640724029889,"1984-2025",56.3084834203203,2.35492606898322,132.602315511422,4.88735453997804
1992,700,192,"Braamsluiper",31,6.1308353,5.05640724029889,"1984-2025",56.3084834203203,2.35492606898322,132.602315511422,4.88735453997804
1993,600,192,"Braamsluiper",38,6.1308353,6.19817661714057,"1984-2025",69.0233022571668,2.35492606898322,162.544773852711,5.09095349521928
1993,700,192,"Braamsluiper",38,6.1308353,6.19817661714057,"1984-2025",69.0233022571668,2.35492606898322,162.544773852711,5.09095349521928
1994,600,192,"Braamsluiper",55,6.1308353,8.97104510375609,"1984-2025",99.902148003794,2.35492606898322,235.262172681555,5.46070052072537
1994,700,192,"Braamsluiper",55,6.1308353,8.97104510375609,"1984-2025",99.902148003794,2.35492606898322,235.262172681555,5.46070052072537
1995,600,192,"Braamsluiper",60,6.09164596,9.84955468423185,"1984-2025",109.685288442436,2.35492606898322,258.300745137037,5.5541245848713
1995,700,192,"Braamsluiper",60,6.09164596,9.84955468423185,"1984-2025",109.685288442436,2.35492606898322,258.300745137037,5.5541245848713
1996,600,192,"Braamsluiper",75,6.44975091,11.6283560476291,"1984-2025",129.494137358051,2.35492606898322,304.949119844968,5.72014494251094
1996,700,192,"Braamsluiper",75,6.44975091,11.6283560476291,"1984-2025",129.494137358051,2.35492606898322,304.949119844968,5.72014494251094
1997,600,192,"Braamsluiper",54,6.09164596,8.86459921580866,"1984-2025",98.7167595981927,2.35492606898322,232.470670623334,5.44876406921347
1997,700,192,"Braamsluiper",54,6.09164596,8.86459921580866,"1984-2025",98.7167595981927,2.35492606898322,232.470670623334,5.44876406921347
1998,600,192,"Braamsluiper",51,5.62796272,9.06189371488943,"1984-2025",100.913844109478,2.35492606898322,237.644642214718,5.47077645794881
1998,700,192,"Braamsluiper",51,5.62796272,9.06189371488943,"1984-2025",100.913844109478,2.35492606898322,237.644642214718,5.47077645794881
1999,600,192,"Braamsluiper",50,6.09164596,8.20796223685987,"1984-2025",91.4044070353636,2.35492606898322,215.250620947531,5.37180302807734
1999,700,192,"Braamsluiper",50,6.09164596,8.20796223685987,"1984-2025",91.4044070353636,2.35492606898322,215.250620947531,5.37180302807734
2000,600,192,"Braamsluiper",48,5.70172844,8.41849984703937,"1984-2025",93.7489677024045,2.35492606898322,220.771887982659,5.39712998737808
2000,700,192,"Braamsluiper",48,5.70172844,8.41849984703937,"1984-2025",93.7489677024045,2.35492606898322,220.771887982659,5.39712998737808
2001,600,192,"Braamsluiper",54,6.44975091,8.37241635429298,"1984-2025",93.2357788977965,2.35492606898322,219.563366288377,5.39164087553891
2001,700,192,"Braamsluiper",54,6.44975091,8.37241635429298,"1984-2025",93.2357788977965,2.35492606898322,219.563366288377,5.39164087553891
2002,600,192,"Braamsluiper",56,6.09164596,9.19291770528306,"1984-2025",102.372935879607,2.35492606898322,241.080695461235,5.48513171338435
2002,700,192,"Braamsluiper",56,6.09164596,9.19291770528306,"1984-2025",102.372935879607,2.35492606898322,241.080695461235,5.48513171338435
2003,600,192,"Braamsluiper",59,6.2141484,9.49446266844866,"1984-2025",105.730960412039,2.35492606898322,248.988594972945,5.5174070920942
2003,700,192,"Braamsluiper",59,6.2141484,9.49446266844866,"1984-2025",105.730960412039,2.35492606898322,248.988594972945,5.5174070920942
2004,600,192,"Braamsluiper",58,6.2141484,9.33353957237326,"1984-2025",103.938910235564,2.35492606898322,244.768449295437,5.5003126587349
2004,700,192,"Braamsluiper",58,6.2141484,9.33353957237326,"1984-2025",103.938910235564,2.35492606898322,244.768449295437,5.5003126587349
2005,600,192,"Braamsluiper",60,6.2141484,9.65538576452407,"1984-2025",107.523010588515,2.35492606898322,253.208740650452,5.53421421041058
2005,700,192,"Braamsluiper",60,6.2141484,9.65538576452407,"1984-2025",107.523010588515,2.35492606898322,253.208740650452,5.53421421041058
2006,600,192,"Braamsluiper",58,5.65793112,10.2510968709,"1984-2025",114.156888629297,2.35492606898322,268.831032987147,5.59408305208614
2006,700,192,"Braamsluiper",58,5.65793112,10.2510968709,"1984-2025",114.156888629297,2.35492606898322,268.831032987147,5.59408305208614
2007,600,192,"Braamsluiper",51,6.1308353,8.31860545984656,"1984-2025",92.6365372398817,2.35492606898322,218.152196486533,5.38519296821722
2007,700,192,"Braamsluiper",51,6.1308353,8.31860545984656,"1984-2025",92.6365372398817,2.35492606898322,218.152196486533,5.38519296821722
2008,600,192,"Braamsluiper",55,6.02064405,9.13523529098187,"1984-2025",101.730580722088,2.35492606898322,239.567996555248,5.47883728701635
2008,700,192,"Braamsluiper",55,6.02064405,9.13523529098187,"1984-2025",101.730580722088,2.35492606898322,239.567996555248,5.47883728701635
2009,600,192,"Braamsluiper",52,5.98606767,8.68683798223751,"1984-2025",96.7371988156784,2.35492606898322,227.808951331454,5.42850734493577
2009,700,192,"Braamsluiper",52,5.98606767,8.68683798223751,"1984-2025",96.7371988156784,2.35492606898322,227.808951331454,5.42850734493577
2010,600,192,"Braamsluiper",55,6.44975091,8.5274611015947,"1984-2025",94.9623673959038,2.35492606898322,223.629354552976,5.4099900142071
2010,700,192,"Braamsluiper",55,6.44975091,8.5274611015947,"1984-2025",94.9623673959038,2.35492606898322,223.629354552976,5.4099900142071
2011,600,192,"Braamsluiper",56,6.44975091,8.68250584889642,"1984-2025",96.6889558940111,2.35492606898322,227.695342817576,5.42800851970978
2011,700,192,"Braamsluiper",56,6.44975091,8.68250584889642,"1984-2025",96.6889558940111,2.35492606898322,227.695342817576,5.42800851970978
2012,600,192,"Braamsluiper",46,6.44975091,7.1320583758792,"1984-2025",79.4230709129377,2.35492606898322,187.03546017158,5.23129822546373
2012,700,192,"Braamsluiper",46,6.44975091,7.1320583758792,"1984-2025",79.4230709129377,2.35492606898322,187.03546017158,5.23129822546373
2013,600,192,"Braamsluiper",46,6.44975091,7.1320583758792,"1984-2025",79.4230709129377,2.35492606898322,187.03546017158,5.23129822546373
2013,700,192,"Braamsluiper",46,6.44975091,7.1320583758792,"1984-2025",79.4230709129377,2.35492606898322,187.03546017158,5.23129822546373
2014,600,192,"Braamsluiper",55,6.44975091,8.5274611015947,"1984-2025",94.9623673959038,2.35492606898322,223.629354552976,5.4099900142071
2014,700,192,"Braamsluiper",55,6.44975091,8.5274611015947,"1984-2025",94.9623673959038,2.35492606898322,223.629354552976,5.4099900142071
2015,600,192,"Braamsluiper",73,6.57225335,11.1073015771676,"1984-2025",123.691640522504,2.35492606898322,291.284668781747,5.67430103223964
2015,700,192,"Braamsluiper",73,6.57225335,11.1073015771676,"1984-2025",123.691640522504,2.35492606898322,291.284668781747,5.67430103223964
2016,600,192,"Braamsluiper",61,6.44975091,9.45772958540503,"1984-2025",105.321898384548,2.35492606898322,248.025284140574,5.51353069314794
2016,700,192,"Braamsluiper",61,6.44975091,9.45772958540503,"1984-2025",105.321898384548,2.35492606898322,248.025284140574,5.51353069314794
2017,600,192,"Braamsluiper",60,6.57225335,9.12928896753501,"1984-2025",101.664362073291,2.35492606898322,239.412056532943,5.47818615331335
2017,700,192,"Braamsluiper",60,6.57225335,9.12928896753501,"1984-2025",101.664362073291,2.35492606898322,239.412056532943,5.47818615331335
2018,600,192,"Braamsluiper",49,6.57225335,7.45558599015359,"1984-2025",83.0258956931879,2.35492606898322,195.51984616857,5.27566188920188
2018,700,192,"Braamsluiper",49,6.57225335,7.45558599015359,"1984-2025",83.0258956931879,2.35492606898322,195.51984616857,5.27566188920188
2019,600,192,"Braamsluiper",73,6.57225335,11.1073015771676,"1984-2025",123.691640522504,2.35492606898322,291.284668781747,5.67430103223964
2019,700,192,"Braamsluiper",73,6.57225335,11.1073015771676,"1984-2025",123.691640522504,2.35492606898322,291.284668781747,5.67430103223964
2020,600,192,"Braamsluiper",78,6.44975091,12.0934902895343,"1984-2025",134.673902852373,2.35492606898322,317.147084638767,5.75936565566423
2020,700,192,"Braamsluiper",78,6.44975091,12.0934902895343,"1984-2025",134.673902852373,2.35492606898322,317.147084638767,5.75936565566423
2021,600,192,"Braamsluiper",84,6.57225335,12.781004554549,"1984-2025",142.330106902608,2.35492606898322,335.17687914612,5.81465838993456
2021,700,192,"Braamsluiper",84,6.57225335,12.781004554549,"1984-2025",142.330106902608,2.35492606898322,335.17687914612,5.81465838993456
2022,600,192,"Braamsluiper",85,6.57225335,12.9331593706746,"1984-2025",144.024512937163,2.35492606898322,339.167080088336,5.82649284758157
2022,700,192,"Braamsluiper",85,6.57225335,12.9331593706746,"1984-2025",144.024512937163,2.35492606898322,339.167080088336,5.82649284758157
2023,600,192,"Braamsluiper",68,6.57225335,10.3465274965397,"1984-2025",115.21961034973,2.35492606898322,271.333664070669,5.60334929626736
2023,700,192,"Braamsluiper",68,6.57225335,10.3465274965397,"1984-2025",115.21961034973,2.35492606898322,271.333664070669,5.60334929626736
2024,600,192,"Braamsluiper",61,6.57225335,9.28144378366059,"1984-2025",103.358768107846,2.35492606898322,243.402257475159,5.49471545526456
2024,700,192,"Braamsluiper",61,6.57225335,9.28144378366059,"1984-2025",103.358768107846,2.35492606898322,243.402257475159,5.49471545526456
2025,600,192,"Braamsluiper",52,6.57225335,7.91205043853034,"1984-2025",88.1091137968525,2.35492606898322,207.490448995217,5.33508530967268
2025,700,192,"Braamsluiper",52,6.57225335,7.91205043853034,"1984-2025",88.1091137968525,2.35492606898322,207.490448995217,5.33508530967268
1958,600,193,"Grasmus",74,4.3072,17.1805349182764,"1958-1983",71.6220811952161,1.44922304779379,71.6220811952161,4.27140342300338
1958,700,193,"Grasmus",74,4.3072,17.1805349182764,"1958-1983",71.6220811952161,1.44922304779379,71.6220811952161,4.27140342300338
1959,600,193,"Grasmus",272,5.0372,53.9982529976972,"1958-1983",225.107499795407,1.44922304779379,225.107499795407,5.41657806497387
1959,700,193,"Grasmus",272,5.0372,53.9982529976972,"1958-1983",225.107499795407,1.44922304779379,225.107499795407,5.41657806497387
1960,600,193,"Grasmus",273,5.022,54.3608124253286,"1958-1983",226.618934735438,1.44922304779379,226.618934735438,5.42326990527699
1960,700,193,"Grasmus",273,5.022,54.3608124253286,"1958-1983",226.618934735438,1.44922304779379,226.618934735438,5.42326990527699
1961,600,193,"Grasmus",244,5.002,48.780487804878,"1958-1983",203.355720582752,1.44922304779379,203.355720582752,5.3149567636652
1961,700,193,"Grasmus",244,5.002,48.780487804878,"1958-1983",203.355720582752,1.44922304779379,203.355720582752,5.3149567636652
1962,600,193,"Grasmus",210,5.002,41.9832067173131,"1958-1983",175.019267714664,1.44922304779379,175.019267714664,5.16489606908947
1962,700,193,"Grasmus",210,5.002,41.9832067173131,"1958-1983",175.019267714664,1.44922304779379,175.019267714664,5.16489606908947
1963,600,193,"Grasmus",166,5.2472,31.6359201097728,"1958-1983",131.883579269535,1.44922304779379,131.883579269535,4.88191955818658
1963,700,193,"Grasmus",166,5.2472,31.6359201097728,"1958-1983",131.883579269535,1.44922304779379,131.883579269535,4.88191955818658
1964,600,193,"Grasmus",215,5.3272,40.3589127496621,"1958-1983",168.247923574951,1.44922304779379,168.247923574951,5.12543862714081
1964,700,193,"Grasmus",215,5.3272,40.3589127496621,"1958-1983",168.247923574951,1.44922304779379,168.247923574951,5.12543862714081
1965,600,193,"Grasmus",220,5.315,41.3922859830668,"1958-1983",172.555841924405,1.44922304779379,172.555841924405,5.15072090538588
1965,700,193,"Grasmus",220,5.315,41.3922859830668,"1958-1983",172.555841924405,1.44922304779379,172.555841924405,5.15072090538588
1966,600,193,"Grasmus",231,5.395,42.8174235403151,"1958-1983",178.496944359522,1.44922304779379,178.496944359522,5.18457148263912
1966,700,193,"Grasmus",231,5.395,42.8174235403151,"1958-1983",178.496944359522,1.44922304779379,178.496944359522,5.18457148263912
1967,600,193,"Grasmus",224,5.735,39.0584132519616,"1958-1983",162.826411319267,1.44922304779379,162.826411319267,5.09268467210113
1967,700,193,"Grasmus",224,5.735,39.0584132519616,"1958-1983",162.826411319267,1.44922304779379,162.826411319267,5.09268467210113
1968,600,193,"Grasmus",195,5.6,34.8214285714286,"1958-1983",145.163302326706,1.44922304779379,145.163302326706,4.97785933165007
1968,700,193,"Grasmus",195,5.6,34.8214285714286,"1958-1983",145.163302326706,1.44922304779379,145.163302326706,4.97785933165007
1969,600,193,"Grasmus",103,5.6,18.3928571428571,"1958-1983",76.6760007161573,1.44922304779379,76.6760007161573,4.33958876131596
1969,700,193,"Grasmus",103,5.6,18.3928571428571,"1958-1983",76.6760007161573,1.44922304779379,76.6760007161573,4.33958876131596
1970,600,193,"Grasmus",100,5.625,17.7777777777778,"1958-1983",74.1118626123807,1.44922304779379,74.1118626123807,4.30557560872503
1970,700,193,"Grasmus",100,5.625,17.7777777777778,"1958-1983",74.1118626123807,1.44922304779379,74.1118626123807,4.30557560872503
1971,600,193,"Grasmus",97,5.615,17.2751558325913,"1958-1983",72.0165361315766,1.44922304779379,72.0165361315766,4.2768957611404
1971,700,193,"Grasmus",97,5.615,17.2751558325913,"1958-1983",72.0165361315766,1.44922304779379,72.0165361315766,4.2768957611404
1972,600,193,"Grasmus",84,5.645,14.8804251550044,"1958-1983",62.0334013894595,1.44922304779379,62.0334013894595,4.12767297206911
1972,700,193,"Grasmus",84,5.645,14.8804251550044,"1958-1983",62.0334013894595,1.44922304779379,62.0334013894595,4.12767297206911
1973,600,193,"Grasmus",72,5.715,12.5984251968504,"1958-1983",52.5202175993249,1.44922304779379,52.5202175993249,3.96119819259671
1973,700,193,"Grasmus",72,5.715,12.5984251968504,"1958-1983",52.5202175993249,1.44922304779379,52.5202175993249,3.96119819259671
1974,600,193,"Grasmus",46,5.855,7.85653287788215,"1958-1983",32.752253545608,1.44922304779379,32.752253545608,3.48897177026684
1974,700,193,"Grasmus",46,5.855,7.85653287788215,"1958-1983",32.752253545608,1.44922304779379,32.752253545608,3.48897177026684
1975,600,193,"Grasmus",50,5.505,9.08265213442325,"1958-1983",37.8636900267613,1.44922304779379,37.8636900267613,3.63399260608093
1975,700,193,"Grasmus",50,5.505,9.08265213442325,"1958-1983",37.8636900267613,1.44922304779379,37.8636900267613,3.63399260608093
1976,600,193,"Grasmus",56,6.49,8.6286594761171,"1958-1983",35.9710889412942,1.44922304779379,35.9710889412942,3.58271553084658
1976,700,193,"Grasmus",56,6.49,8.6286594761171,"1958-1983",35.9710889412942,1.44922304779379,35.9710889412942,3.58271553084658
1977,600,193,"Grasmus",64,6.175,10.3643724696356,"1958-1983",43.2069158549912,1.44922304779379,43.2069158549912,3.76600057167306
1977,700,193,"Grasmus",64,6.175,10.3643724696356,"1958-1983",43.2069158549912,1.44922304779379,43.2069158549912,3.76600057167306
1978,600,193,"Grasmus",56,6.38,8.77742946708464,"1958-1983",36.5912801299372,1.44922304779379,36.5912801299372,3.59980996420588
1978,700,193,"Grasmus",56,6.38,8.77742946708464,"1958-1983",36.5912801299372,1.44922304779379,36.5912801299372,3.59980996420588
1979,600,193,"Grasmus",47,6.37,7.37833594976452,"1958-1983",30.7587498872028,1.44922304779379,30.7587498872028,3.42617450295341
1979,700,193,"Grasmus",47,6.37,7.37833594976452,"1958-1983",30.7587498872028,1.44922304779379,30.7587498872028,3.42617450295341
1980,600,193,"Grasmus",59,6.38,9.24764890282132,"1958-1983",38.5515272797553,1.44922304779379,38.5515272797553,3.65199571737645
1980,700,193,"Grasmus",59,6.38,9.24764890282132,"1958-1983",38.5515272797553,1.44922304779379,38.5515272797553,3.65199571737645
1981,600,193,"Grasmus",64,6.38,10.0313479623824,"1958-1983",41.8186058627854,1.44922304779379,41.8186058627854,3.7333413568304
1981,700,193,"Grasmus",64,6.38,10.0313479623824,"1958-1983",41.8186058627854,1.44922304779379,41.8186058627854,3.7333413568304
1982,600,193,"Grasmus",79,6.035,13.0903065451533,"1958-1983",54.5707687628445,1.44922304779379,54.5707687628445,3.99949836874495
1982,700,193,"Grasmus",79,6.035,13.0903065451533,"1958-1983",54.5707687628445,1.44922304779379,54.5707687628445,3.99949836874495
1983,600,193,"Grasmus",76,6.38,11.9122257053292,"1958-1983",49.6595944620576,1.44922304779379,49.6595944620576,3.90519161375706
1983,700,193,"Grasmus",76,6.38,11.9122257053292,"1958-1983",49.6595944620576,1.44922304779379,49.6595944620576,3.90519161375706
1984,600,193,"Grasmus",31,3.02300608,10.2546932356815,"1984-2025",25.7591208740649,1.44922304779379,37.330711661601,3.61981635681124
1984,700,193,"Grasmus",31,3.02300608,10.2546932356815,"1984-2025",25.7591208740649,1.44922304779379,37.330711661601,3.61981635681124
1985,600,193,"Grasmus",60,5.13012052,11.6956316651992,"1984-2025",29.3786642699493,1.44922304779379,42.5762373734064,3.75129628950649
1985,700,193,"Grasmus",60,5.13012052,11.6956316651992,"1984-2025",29.3786642699493,1.44922304779379,42.5762373734064,3.75129628950649
1986,600,193,"Grasmus",77,4.23796013,18.1691185471346,"1984-2025",45.6396412914981,1.44922304779379,66.1420200526802,4.19180424915982
1986,700,193,"Grasmus",77,4.23796013,18.1691185471346,"1984-2025",45.6396412914981,1.44922304779379,66.1420200526802,4.19180424915982
1987,600,193,"Grasmus",106,5.02247314,21.1051402457077,"1984-2025",53.0147363903225,1.44922304779379,76.8301778495674,4.3415975037222
1987,700,193,"Grasmus",106,5.02247314,21.1051402457077,"1984-2025",53.0147363903225,1.44922304779379,76.8301778495674,4.3415975037222
1988,600,193,"Grasmus",91,4.70180252,19.3542794732264,"1984-2025",48.6166882736731,1.44922304779379,70.4564251536132,4.25499443579875
1988,700,193,"Grasmus",91,4.70180252,19.3542794732264,"1984-2025",48.6166882736731,1.44922304779379,70.4564251536132,4.25499443579875
1989,600,193,"Grasmus",132,4.70180252,28.074339455669,"1984-2025",70.5209104629105,1.44922304779379,102.200528794252,4.62693685186827
1989,700,193,"Grasmus",132,4.70180252,28.074339455669,"1984-2025",70.5209104629105,1.44922304779379,102.200528794252,4.62693685186827
1990,600,193,"Grasmus",144,4.85514176,29.6592781669881,"1984-2025",74.502173178873,1.44922304779379,107.970266481547,4.68185587886332
1990,700,193,"Grasmus",144,4.85514176,29.6592781669881,"1984-2025",74.502173178873,1.44922304779379,107.970266481547,4.68185587886332
1991,600,193,"Grasmus",150,5.55688703,26.993530584695,"1984-2025",67.8059890401702,1.44922304779379,98.2660020954678,4.58767810868799
1991,700,193,"Grasmus",150,5.55688703,26.993530584695,"1984-2025",67.8059890401702,1.44922304779379,98.2660020954678,4.58767810868799
1992,600,193,"Grasmus",185,6.1308353,30.1753335308159,"1984-2025",75.7984706096239,1.44922304779379,109.848890594987,4.69910569950777
1992,700,193,"Grasmus",185,6.1308353,30.1753335308159,"1984-2025",75.7984706096239,1.44922304779379,109.848890594987,4.69910569950777
1993,600,193,"Grasmus",236,6.1308353,38.4939389906625,"1984-2025",96.6942652101148,1.44922304779379,140.131557731983,4.94258167945505
1993,700,193,"Grasmus",236,6.1308353,38.4939389906625,"1984-2025",96.6942652101148,1.44922304779379,140.131557731983,4.94258167945505
1994,600,193,"Grasmus",230,6.1308353,37.5152795247982,"1984-2025",94.2359364335864,1.44922304779379,136.568891009984,4.91682918335264
1994,700,193,"Grasmus",230,6.1308353,37.5152795247982,"1984-2025",94.2359364335864,1.44922304779379,136.568891009984,4.91682918335264
1995,600,193,"Grasmus",307,6.09164596,50.3968881343196,"1984-2025",126.593697470307,1.44922304779379,183.462504079403,5.21201030917294
1995,700,193,"Grasmus",307,6.09164596,50.3968881343196,"1984-2025",126.593697470307,1.44922304779379,183.462504079403,5.21201030917294
1996,600,193,"Grasmus",355,6.44975091,55.0408852921112,"1984-2025",138.259115574686,1.44922304779379,200.36829685842,5.3001571573866
1996,700,193,"Grasmus",355,6.44975091,55.0408852921112,"1984-2025",138.259115574686,1.44922304779379,200.36829685842,5.3001571573866
1997,600,193,"Grasmus",374,6.09164596,61.3955575317118,"1984-2025",154.22163796057,1.44922304779379,223.501552200967,5.40941835900028
1997,700,193,"Grasmus",374,6.09164596,61.3955575317118,"1984-2025",154.22163796057,1.44922304779379,223.501552200967,5.40941835900028
1998,600,193,"Grasmus",291,5.62796272,51.7060994320161,"1984-2025",129.88235089874,1.44922304779379,188.228496424095,5.23765663133253
1998,700,193,"Grasmus",291,5.62796272,51.7060994320161,"1984-2025",129.88235089874,1.44922304779379,188.228496424095,5.23765663133253
1999,600,193,"Grasmus",298,6.09164596,48.9194549316848,"1984-2025",122.882481583555,1.44922304779379,178.084124480984,5.18225604809115
1999,700,193,"Grasmus",298,6.09164596,48.9194549316848,"1984-2025",122.882481583555,1.44922304779379,178.084124480984,5.18225604809115
2000,600,193,"Grasmus",330,5.70172844,57.8771864483956,"1984-2025",145.38371917236,1.44922304779379,210.693436598564,5.35040416986726
2000,700,193,"Grasmus",330,5.70172844,57.8771864483956,"1984-2025",145.38371917236,1.44922304779379,210.693436598564,5.35040416986726
2001,600,193,"Grasmus",355,6.44975091,55.0408852921112,"1984-2025",138.259115574686,1.44922304779379,200.36829685842,5.3001571573866
2001,700,193,"Grasmus",355,6.44975091,55.0408852921112,"1984-2025",138.259115574686,1.44922304779379,200.36829685842,5.3001571573866
2002,600,193,"Grasmus",288,6.09164596,47.2778624843129,"1984-2025",118.758908376054,1.44922304779379,172.108147149408,5.14812304172169
2002,700,193,"Grasmus",288,6.09164596,47.2778624843129,"1984-2025",118.758908376054,1.44922304779379,172.108147149408,5.14812304172169
2003,600,193,"Grasmus",273,6.2141484,43.9320052285845,"1984-2025",110.354333076055,1.44922304779379,159.928042917731,5.07472398230999
2003,700,193,"Grasmus",273,6.2141484,43.9320052285845,"1984-2025",110.354333076055,1.44922304779379,159.928042917731,5.07472398230999
2004,600,193,"Grasmus",345,6.2141484,55.5184681460134,"1984-2025",139.458772568641,1.44922304779379,202.106867423506,5.30879660415638
2004,700,193,"Grasmus",345,6.2141484,55.5184681460134,"1984-2025",139.458772568641,1.44922304779379,202.106867423506,5.30879660415638
2005,600,193,"Grasmus",301,6.2141484,48.4378519186957,"1984-2025",121.67272621206,1.44922304779379,176.330919114421,5.1723624518739
2005,700,193,"Grasmus",301,6.2141484,48.4378519186957,"1984-2025",121.67272621206,1.44922304779379,176.330919114421,5.1723624518739
2006,600,193,"Grasmus",226,5.65793112,39.9439291866105,"1984-2025",100.336546053161,1.44922304779379,145.410035076263,4.97955757974855
2006,700,193,"Grasmus",226,5.65793112,39.9439291866105,"1984-2025",100.336546053161,1.44922304779379,145.410035076263,4.97955757974855
2007,600,193,"Grasmus",268,6.1308353,43.7134561419388,"1984-2025",109.805352018266,1.44922304779379,159.132446915981,5.0697368549403
2007,700,193,"Grasmus",268,6.1308353,43.7134561419388,"1984-2025",109.805352018266,1.44922304779379,159.132446915981,5.0697368549403
2008,600,193,"Grasmus",224,6.02064405,37.2053219123625,"1984-2025",93.4573431182071,1.44922304779379,135.440535632478,4.90853269257546
2008,700,193,"Grasmus",224,6.02064405,37.2053219123625,"1984-2025",93.4573431182071,1.44922304779379,135.440535632478,4.90853269257546
2009,600,193,"Grasmus",227,5.98606767,37.9213888839984,"1984-2025",95.2560566684197,1.44922304779379,138.047272765825,4.92759618277229
2009,700,193,"Grasmus",227,5.98606767,37.9213888839984,"1984-2025",95.2560566684197,1.44922304779379,138.047272765825,4.92759618277229
2010,600,193,"Grasmus",279,6.44975091,43.2574844971804,"1984-2025",108.659980972781,1.44922304779379,157.472548798589,5.05925114973255
2010,700,193,"Grasmus",279,6.44975091,43.2574844971804,"1984-2025",108.659980972781,1.44922304779379,157.472548798589,5.05925114973255
2011,600,193,"Grasmus",334,6.44975091,51.7849455987751,"1984-2025",130.080407329423,1.44922304779379,188.515524368203,5.23918036088788
2011,700,193,"Grasmus",334,6.44975091,51.7849455987751,"1984-2025",130.080407329423,1.44922304779379,188.515524368203,5.23918036088788
2012,600,193,"Grasmus",250,6.44975091,38.7611868254304,"1984-2025",97.3655743483702,1.44922304779379,141.104434407338,4.94950028577343
2012,700,193,"Grasmus",250,6.44975091,38.7611868254304,"1984-2025",97.3655743483702,1.44922304779379,141.104434407338,4.94950028577343
2013,600,193,"Grasmus",263,6.44975091,40.7767685403528,"1984-2025",102.428584214486,1.44922304779379,148.44186499652,5.00019340008895
2013,700,193,"Grasmus",263,6.44975091,40.7767685403528,"1984-2025",102.428584214486,1.44922304779379,148.44186499652,5.00019340008895
2014,600,193,"Grasmus",278,6.44975091,43.1024397498787,"1984-2025",108.270518675388,1.44922304779379,156.90813106096,5.05566048160182
2014,700,193,"Grasmus",278,6.44975091,43.1024397498787,"1984-2025",108.270518675388,1.44922304779379,156.90813106096,5.05566048160182
2015,600,193,"Grasmus",255,6.57225335,38.7994781120238,"1984-2025",97.4617595639698,1.44922304779379,141.243828238642,4.95048767518622
2015,700,193,"Grasmus",255,6.57225335,38.7994781120238,"1984-2025",97.4617595639698,1.44922304779379,141.243828238642,4.95048767518622
2016,600,193,"Grasmus",266,6.44975091,41.241902782258,"1984-2025",103.596971106666,1.44922304779379,150.135118209408,5.01153567669288
2016,700,193,"Grasmus",266,6.44975091,41.241902782258,"1984-2025",103.596971106666,1.44922304779379,150.135118209408,5.01153567669288
2017,600,193,"Grasmus",248,6.57225335,37.7343943991447,"1984-2025",94.7863387131942,1.44922304779379,137.36654667915,4.92265287619278
2017,700,193,"Grasmus",248,6.57225335,37.7343943991447,"1984-2025",94.7863387131942,1.44922304779379,137.36654667915,4.92265287619278
2018,600,193,"Grasmus",238,6.57225335,36.2128462378889,"1984-2025",90.9643089263718,1.44922304779379,131.827573022732,4.88149480369927
2018,700,193,"Grasmus",238,6.57225335,36.2128462378889,"1984-2025",90.9643089263718,1.44922304779379,131.827573022732,4.88149480369927
2019,600,193,"Grasmus",291,6.57225335,44.2770514925448,"1984-2025",111.22106679653,1.44922304779379,161.184133401744,5.08254739719929
2019,700,193,"Grasmus",291,6.57225335,44.2770514925448,"1984-2025",111.22106679653,1.44922304779379,161.184133401744,5.08254739719929
2020,600,193,"Grasmus",301,6.44975091,46.6684689378183,"1984-2025",117.228151515438,1.44922304779379,169.889739026435,5.13514963266006
2020,700,193,"Grasmus",301,6.44975091,46.6684689378183,"1984-2025",117.228151515438,1.44922304779379,169.889739026435,5.13514963266006
2021,600,193,"Grasmus",268,6.57225335,40.7774907216564,"1984-2025",102.430398286839,1.44922304779379,148.444493991984,5.00021111053865
2021,700,193,"Grasmus",268,6.57225335,40.7774907216564,"1984-2025",102.430398286839,1.44922304779379,148.444493991984,5.00021111053865
2022,600,193,"Grasmus",266,6.57225335,40.4731810894052,"1984-2025",101.665992329474,1.44922304779379,147.336699260701,4.9927204388095
2022,700,193,"Grasmus",266,6.57225335,40.4731810894052,"1984-2025",101.665992329474,1.44922304779379,147.336699260701,4.9927204388095
2023,600,193,"Grasmus",270,6.57225335,41.0818003539075,"1984-2025",103.194804244203,1.44922304779379,149.552288723268,5.00764608902617
2023,700,193,"Grasmus",270,6.57225335,41.0818003539075,"1984-2025",103.194804244203,1.44922304779379,149.552288723268,5.00764608902617
2024,600,193,"Grasmus",245,6.57225335,37.277929950768,"1984-2025",93.6397297771475,1.44922304779379,135.704854582224,4.91048234057252
2024,700,193,"Grasmus",245,6.57225335,37.277929950768,"1984-2025",93.6397297771475,1.44922304779379,135.704854582224,4.91048234057252
2025,600,193,"Grasmus",289,6.57225335,43.9727418602936,"1984-2025",110.456660839166,1.44922304779379,160.076338670461,5.07565081814023
2025,700,193,"Grasmus",289,6.57225335,43.9727418602936,"1984-2025",110.456660839166,1.44922304779379,160.076338670461,5.07565081814023
1960,600,194,"Tuinfluiter",1,5.022,0.199123855037834,"1958-1983",23.6813633882904,8.4579048809256,23.6813633882904,3.16468838387742
1960,700,194,"Tuinfluiter",1,5.022,0.199123855037834,"1958-1983",23.6813633882904,8.4579048809256,23.6813633882904,3.16468838387742
1962,600,194,"Tuinfluiter",1,5.002,0.199920031987205,"1958-1983",23.7760509668121,8.4579048809256,23.7760509668121,3.16867881215738
1962,700,194,"Tuinfluiter",1,5.002,0.199920031987205,"1958-1983",23.7760509668121,8.4579048809256,23.7760509668121,3.16867881215738
1963,600,194,"Tuinfluiter",2,5.2472,0.381155663973167,"1958-1983",45.3300072175615,8.4579048809256,45.3300072175615,3.81396922417537
1963,700,194,"Tuinfluiter",2,5.2472,0.381155663973167,"1958-1983",45.3300072175615,8.4579048809256,45.3300072175615,3.81396922417537
1964,600,194,"Tuinfluiter",4,5.3272,0.75086349301697,"1958-1983",89.2985485328085,8.4579048809256,89.2985485328085,4.49198523391843
1964,700,194,"Tuinfluiter",4,5.3272,0.75086349301697,"1958-1983",89.2985485328085,8.4579048809256,89.2985485328085,4.49198523391843
1965,600,194,"Tuinfluiter",3,5.315,0.564440263405456,"1958-1983",67.1276426731859,8.4579048809256,67.1276426731859,4.20659592148701
1965,700,194,"Tuinfluiter",3,5.315,0.564440263405456,"1958-1983",67.1276426731859,8.4579048809256,67.1276426731859,4.20659592148701
1966,600,194,"Tuinfluiter",5,5.395,0.92678405931418,"1958-1983",110.220395677474,8.4579048809256,110.220395677474,4.70248195833681
1966,700,194,"Tuinfluiter",5,5.395,0.92678405931418,"1958-1983",110.220395677474,8.4579048809256,110.220395677474,4.70248195833681
1967,600,194,"Tuinfluiter",5,5.735,0.871839581517001,"1958-1983",103.685969429812,8.4579048809256,103.685969429812,4.64136680646558
1967,700,194,"Tuinfluiter",5,5.735,0.871839581517001,"1958-1983",103.685969429812,8.4579048809256,103.685969429812,4.64136680646558
1968,600,194,"Tuinfluiter",1,5.6,0.178571428571429,"1958-1983",21.2371083814276,8.4579048809256,21.2371083814276,3.05575004687171
1968,700,194,"Tuinfluiter",1,5.6,0.178571428571429,"1958-1983",21.2371083814276,8.4579048809256,21.2371083814276,3.05575004687171
1969,600,194,"Tuinfluiter",1,5.6,0.178571428571429,"1958-1983",21.2371083814276,8.4579048809256,21.2371083814276,3.05575004687171
1969,700,194,"Tuinfluiter",1,5.6,0.178571428571429,"1958-1983",21.2371083814276,8.4579048809256,21.2371083814276,3.05575004687171
1970,600,194,"Tuinfluiter",1,5.625,0.177777777777778,"1958-1983",21.1427212330657,8.4579048809256,21.1427212330657,3.05129569652233
1970,700,194,"Tuinfluiter",1,5.625,0.177777777777778,"1958-1983",21.1427212330657,8.4579048809256,21.1427212330657,3.05129569652233
1971,600,194,"Tuinfluiter",2,5.615,0.356188780053428,"1958-1983",42.3607504669615,8.4579048809256,42.3607504669615,3.74622223698235
1971,700,194,"Tuinfluiter",2,5.615,0.356188780053428,"1958-1983",42.3607504669615,8.4579048809256,42.3607504669615,3.74622223698235
1972,600,194,"Tuinfluiter",5,5.645,0.885739592559787,"1958-1983",105.339067259517,8.4579048809256,105.339067259517,4.65718435944529
1972,700,194,"Tuinfluiter",5,5.645,0.885739592559787,"1958-1983",105.339067259517,8.4579048809256,105.339067259517,4.65718435944529
1973,600,194,"Tuinfluiter",3,5.715,0.5249343832021,"1958-1983",62.4292949795246,8.4579048809256,62.4292949795246,4.13403463603415
1973,700,194,"Tuinfluiter",3,5.715,0.5249343832021,"1958-1983",62.4292949795246,8.4579048809256,62.4292949795246,4.13403463603415
1974,600,194,"Tuinfluiter",1,5.855,0.170794192997438,"1958-1983",20.3121788105883,8.4579048809256,20.3121788105883,3.01122064756313
1974,700,194,"Tuinfluiter",1,5.855,0.170794192997438,"1958-1983",20.3121788105883,8.4579048809256,20.3121788105883,3.01122064756313
1975,600,194,"Tuinfluiter",3,5.505,0.544959128065395,"1958-1983",64.8107939705691,8.4579048809256,64.8107939705691,4.17147216310628
1975,700,194,"Tuinfluiter",3,5.505,0.544959128065395,"1958-1983",64.8107939705691,8.4579048809256,64.8107939705691,4.17147216310628
1976,600,194,"Tuinfluiter",2,6.49,0.308166409861325,"1958-1983",36.6495552961462,8.4579048809256,36.6495552961462,3.60140129445676
1976,700,194,"Tuinfluiter",2,6.49,0.308166409861325,"1958-1983",36.6495552961462,8.4579048809256,36.6495552961462,3.60140129445676
1977,600,194,"Tuinfluiter",7,6.175,1.1336032388664,"1958-1983",134.816947133921,8.4579048809256,134.816947133921,4.90391791115408
1977,700,194,"Tuinfluiter",7,6.175,1.1336032388664,"1958-1983",134.816947133921,8.4579048809256,134.816947133921,4.90391791115408
1978,600,194,"Tuinfluiter",3,6.38,0.470219435736677,"1958-1983",55.9221662708437,8.4579048809256,55.9221662708437,4.02396083592422
1978,700,194,"Tuinfluiter",3,6.38,0.470219435736677,"1958-1983",55.9221662708437,8.4579048809256,55.9221662708437,4.02396083592422
1979,600,194,"Tuinfluiter",3,6.37,0.470957613814757,"1958-1983",56.009956170798,8.4579048809256,56.009956170798,4.02552946369685
1979,700,194,"Tuinfluiter",3,6.37,0.470957613814757,"1958-1983",56.009956170798,8.4579048809256,56.009956170798,4.02552946369685
1980,600,194,"Tuinfluiter",12,6.38,1.88087774294671,"1958-1983",223.688665083375,8.4579048809256,223.688665083375,5.41025519704411
1980,700,194,"Tuinfluiter",12,6.38,1.88087774294671,"1958-1983",223.688665083375,8.4579048809256,223.688665083375,5.41025519704411
1981,600,194,"Tuinfluiter",10,6.38,1.56739811912226,"1958-1983",186.407220902812,8.4579048809256,186.407220902812,5.22793364025016
1981,700,194,"Tuinfluiter",10,6.38,1.56739811912226,"1958-1983",186.407220902812,8.4579048809256,186.407220902812,5.22793364025016
1982,600,194,"Tuinfluiter",19,6.035,3.14830157415079,"1958-1983",374.420601786892,8.4579048809256,374.420601786892,5.92537976922976
1982,700,194,"Tuinfluiter",19,6.035,3.14830157415079,"1958-1983",374.420601786892,8.4579048809256,374.420601786892,5.92537976922976
1983,600,194,"Tuinfluiter",22,6.38,3.44827586206897,"1958-1983",410.095885986187,8.4579048809256,410.095885986187,6.01639100061443
1983,700,194,"Tuinfluiter",22,6.38,3.44827586206897,"1958-1983",410.095885986187,8.4579048809256,410.095885986187,6.01639100061443
1984,600,194,"Tuinfluiter",8,3.02300608,2.6463724479178,"1984-2025",30.3409568707271,8.4579048809256,256.620927208876,5.5476000046194
1984,700,194,"Tuinfluiter",8,3.02300608,2.6463724479178,"1984-2025",30.3409568707271,8.4579048809256,256.620927208876,5.5476000046194
1985,600,194,"Tuinfluiter",16,5.13012052,3.11883511071978,"1984-2025",35.7577942801335,8.4579048809256,302.436022773075,5.71186976013764
1985,700,194,"Tuinfluiter",16,5.13012052,3.11883511071978,"1984-2025",35.7577942801335,8.4579048809256,302.436022773075,5.71186976013764
1986,600,194,"Tuinfluiter",18,4.23796013,4.24732641361588,"1984-2025",48.6960736130752,8.4579048809256,411.866758693941,6.02069989581577
1986,700,194,"Tuinfluiter",18,4.23796013,4.24732641361588,"1984-2025",48.6960736130752,8.4579048809256,411.866758693941,6.02069989581577
1987,600,194,"Tuinfluiter",18,5.02247314,3.58389173983716,"1984-2025",41.0897206828582,8.4579048809256,347.532949119416,5.85085947811977
1987,700,194,"Tuinfluiter",18,5.02247314,3.58389173983716,"1984-2025",41.0897206828582,8.4579048809256,347.532949119416,5.85085947811977
1988,600,194,"Tuinfluiter",20,4.70180252,4.25368779631349,"1984-2025",48.7690075790474,8.4579048809256,412.483627240723,6.02219651344936
1988,700,194,"Tuinfluiter",20,4.70180252,4.25368779631349,"1984-2025",48.7690075790474,8.4579048809256,412.483627240723,6.02219651344936
1989,600,194,"Tuinfluiter",15,4.70180252,3.19026584723512,"1984-2025",36.5767556842856,8.4579048809256,309.362720430542,5.73451444099758
1989,700,194,"Tuinfluiter",15,4.70180252,3.19026584723512,"1984-2025",36.5767556842856,8.4579048809256,309.362720430542,5.73451444099758
1990,600,194,"Tuinfluiter",11,4.85514176,2.2656393044227,"1984-2025",25.9758086864152,8.4579048809256,219.700919074821,5.39226716269916
1990,700,194,"Tuinfluiter",11,4.85514176,2.2656393044227,"1984-2025",25.9758086864152,8.4579048809256,219.700919074821,5.39226716269916
1991,600,194,"Tuinfluiter",6,5.55688703,1.0797412233878,"1984-2025",12.3793542047083,8.4579048809256,104.703400350709,4.65113159443326
1991,700,194,"Tuinfluiter",6,5.55688703,1.0797412233878,"1984-2025",12.3793542047083,8.4579048809256,104.703400350709,4.65113159443326
1992,600,194,"Tuinfluiter",21,6.1308353,3.42530813052505,"1984-2025",39.2715418190597,8.4579048809256,332.154965232899,5.80560162276634
1992,700,194,"Tuinfluiter",21,6.1308353,3.42530813052505,"1984-2025",39.2715418190597,8.4579048809256,332.154965232899,5.80560162276634
1993,600,194,"Tuinfluiter",34,6.1308353,5.54573697323104,"1984-2025",63.5824962784776,8.4579048809256,537.77470561517,6.28743970965908
1993,700,194,"Tuinfluiter",34,6.1308353,5.54573697323104,"1984-2025",63.5824962784776,8.4579048809256,537.77470561517,6.28743970965908
1994,600,194,"Tuinfluiter",34,6.1308353,5.54573697323104,"1984-2025",63.5824962784776,8.4579048809256,537.77470561517,6.28743970965908
1994,700,194,"Tuinfluiter",34,6.1308353,5.54573697323104,"1984-2025",63.5824962784776,8.4579048809256,537.77470561517,6.28743970965908
1995,600,194,"Tuinfluiter",25,6.09164596,4.10398111842994,"1984-2025",47.0526037295067,8.4579048809256,397.966446744053,5.98636769706742
1995,700,194,"Tuinfluiter",25,6.09164596,4.10398111842994,"1984-2025",47.0526037295067,8.4579048809256,397.966446744053,5.98636769706742
1996,600,194,"Tuinfluiter",39,6.44975091,6.04674514476715,"1984-2025",69.3266111465187,8.4579048809256,586.357882794172,6.3739303246543
1996,700,194,"Tuinfluiter",39,6.44975091,6.04674514476715,"1984-2025",69.3266111465187,8.4579048809256,586.357882794172,6.3739303246543
1997,600,194,"Tuinfluiter",46,6.09164596,7.55132525791108,"1984-2025",86.5767908622923,8.4579048809256,732.258262009057,6.59613326868831
1997,700,194,"Tuinfluiter",46,6.09164596,7.55132525791108,"1984-2025",86.5767908622923,8.4579048809256,732.258262009057,6.59613326868831
1998,600,194,"Tuinfluiter",37,5.62796272,6.57431504805703,"1984-2025",75.3752592476605,8.4579048809256,637.516773091821,6.45758058741873
1998,700,194,"Tuinfluiter",37,5.62796272,6.57431504805703,"1984-2025",75.3752592476605,8.4579048809256,637.516773091821,6.45758058741873
1999,600,194,"Tuinfluiter",28,6.09164596,4.59645885264153,"1984-2025",52.6989161770475,8.4579048809256,445.722420353339,6.09969638237442
1999,700,194,"Tuinfluiter",28,6.09164596,4.59645885264153,"1984-2025",52.6989161770475,8.4579048809256,445.722420353339,6.09969638237442
2000,600,194,"Tuinfluiter",32,5.70172844,5.61233323135958,"1984-2025",64.3460298458028,8.4579048809256,544.232599901,6.29937672881993
2000,700,194,"Tuinfluiter",32,5.70172844,5.61233323135958,"1984-2025",64.3460298458028,8.4579048809256,544.232599901,6.29937672881993
2001,600,194,"Tuinfluiter",44,6.44975091,6.82196888127576,"1984-2025",78.2146382165852,8.4579048809256,661.531970331886,6.49455831244291
2001,700,194,"Tuinfluiter",44,6.44975091,6.82196888127576,"1984-2025",78.2146382165852,8.4579048809256,661.531970331886,6.49455831244291
2002,600,194,"Tuinfluiter",31,6.09164596,5.08893658685312,"1984-2025",58.3452286245883,8.4579048809256,493.478393962625,6.20147907668436
2002,700,194,"Tuinfluiter",31,6.09164596,5.08893658685312,"1984-2025",58.3452286245883,8.4579048809256,493.478393962625,6.20147907668436
2003,600,194,"Tuinfluiter",38,6.2141484,6.11507765086524,"1984-2025",70.1100509915119,8.4579048809256,592.984142483051,6.38516765746488
2003,700,194,"Tuinfluiter",38,6.2141484,6.11507765086524,"1984-2025",70.1100509915119,8.4579048809256,592.984142483051,6.38516765746488
2004,600,194,"Tuinfluiter",47,6.2141484,7.56338551554385,"1984-2025",86.7150630684489,8.4579048809256,733.427755176406,6.59772909944855
2004,700,194,"Tuinfluiter",47,6.2141484,7.56338551554385,"1984-2025",86.7150630684489,8.4579048809256,733.427755176406,6.59772909944855
2005,600,194,"Tuinfluiter",39,6.2141484,6.27600074694064,"1984-2025",71.9550523333938,8.4579048809256,608.588988337868,6.41114314386814
2005,700,194,"Tuinfluiter",39,6.2141484,6.27600074694064,"1984-2025",71.9550523333938,8.4579048809256,608.588988337868,6.41114314386814
2006,600,194,"Tuinfluiter",33,5.65793112,5.83252063344313,"1984-2025",66.8705031017691,8.4579048809256,565.584354574404,6.33785945255621
2006,700,194,"Tuinfluiter",33,5.65793112,5.83252063344313,"1984-2025",66.8705031017691,8.4579048809256,565.584354574404,6.33785945255621
2007,600,194,"Tuinfluiter",59,6.1308353,9.62348474766562,"1984-2025",110.334331777358,8.4579048809256,933.197283273383,6.83861662894863
2007,700,194,"Tuinfluiter",59,6.1308353,9.62348474766562,"1984-2025",110.334331777358,8.4579048809256,933.197283273383,6.83861662894863
2008,600,194,"Tuinfluiter",41,6.02064405,6.80990267145921,"1984-2025",78.0762977679741,8.4579048809256,660.361899976349,6.4927880180382
2008,700,194,"Tuinfluiter",41,6.02064405,6.80990267145921,"1984-2025",78.0762977679741,8.4579048809256,660.361899976349,6.4927880180382
2009,600,194,"Tuinfluiter",58,5.98606767,9.68916544172646,"1984-2025",111.087368299979,8.4579048809256,939.566394553571,6.84541848645078
2009,700,194,"Tuinfluiter",58,5.98606767,9.68916544172646,"1984-2025",111.087368299979,8.4579048809256,939.566394553571,6.84541848645078
2010,600,194,"Tuinfluiter",72,6.44975091,11.163221805724,"1984-2025",127.987589808958,8.4579048809256,1082.50686054309,6.98703479754071
2010,700,194,"Tuinfluiter",72,6.44975091,11.163221805724,"1984-2025",127.987589808958,8.4579048809256,1082.50686054309,6.98703479754071
2011,600,194,"Tuinfluiter",61,6.44975091,9.45772958540503,"1984-2025",108.433930254811,8.4579048809256,917.123867960115,6.82124254269796
2011,700,194,"Tuinfluiter",61,6.44975091,9.45772958540503,"1984-2025",108.433930254811,8.4579048809256,917.123867960115,6.82124254269796
2012,600,194,"Tuinfluiter",55,6.44975091,8.5274611015947,"1984-2025",97.7682977707315,8.4579048809256,826.914962914858,6.71770186375712
2012,700,194,"Tuinfluiter",55,6.44975091,8.5274611015947,"1984-2025",97.7682977707315,8.4579048809256,826.914962914858,6.71770186375712
2013,600,194,"Tuinfluiter",67,6.44975091,10.3879980692154,"1984-2025",119.099562738891,8.4579048809256,1007.33277300537,6.91506129791562
2013,700,194,"Tuinfluiter",67,6.44975091,10.3879980692154,"1984-2025",119.099562738891,8.4579048809256,1007.33277300537,6.91506129791562
2014,600,194,"Tuinfluiter",80,6.44975091,12.4035797841377,"1984-2025",142.208433121064,8.4579048809256,1202.78540060343,7.09239531319853
2014,700,194,"Tuinfluiter",80,6.44975091,12.4035797841377,"1984-2025",142.208433121064,8.4579048809256,1202.78540060343,7.09239531319853
2015,600,194,"Tuinfluiter",92,6.57225335,13.9982430835537,"1984-2025",160.491426669073,8.4579048809256,1357.42122097107,7.21334201769031
2015,700,194,"Tuinfluiter",92,6.57225335,13.9982430835537,"1984-2025",160.491426669073,8.4579048809256,1357.42122097107,7.21334201769031
2016,600,194,"Tuinfluiter",81,6.44975091,12.5586245314395,"1984-2025",143.986038535077,8.4579048809256,1217.82021811097,7.10481783319709
2016,700,194,"Tuinfluiter",81,6.44975091,12.5586245314395,"1984-2025",143.986038535077,8.4579048809256,1217.82021811097,7.10481783319709
2017,600,194,"Tuinfluiter",84,6.57225335,12.781004554549,"1984-2025",146.53565043698,8.4579048809256,1239.38459306054,7.12237023948458
2017,700,194,"Tuinfluiter",84,6.57225335,12.781004554549,"1984-2025",146.53565043698,8.4579048809256,1239.38459306054,7.12237023948458
2018,600,194,"Tuinfluiter",89,6.57225335,13.5417786351769,"1984-2025",155.258010582038,8.4579048809256,1313.15748550462,7.18018981037341
2018,700,194,"Tuinfluiter",89,6.57225335,13.5417786351769,"1984-2025",155.258010582038,8.4579048809256,1313.15748550462,7.18018981037341
2019,600,194,"Tuinfluiter",106,6.57225335,16.1284105093118,"1984-2025",184.914035075236,8.4579048809256,1563.98531981449,7.35499253475333
2019,700,194,"Tuinfluiter",106,6.57225335,16.1284105093118,"1984-2025",184.914035075236,8.4579048809256,1563.98531981449,7.35499253475333
2020,600,194,"Tuinfluiter",102,6.44975091,15.8145642247756,"1984-2025",181.315752229357,8.4579048809256,1533.55138576937,7.33534149180892
2020,700,194,"Tuinfluiter",102,6.44975091,15.8145642247756,"1984-2025",181.315752229357,8.4579048809256,1533.55138576937,7.33534149180892
2021,600,194,"Tuinfluiter",121,6.57225335,18.4107327511956,"1984-2025",211.081115510411,8.4579048809256,1785.30399714673,7.48734398623801
2021,700,194,"Tuinfluiter",121,6.57225335,18.4107327511956,"1984-2025",211.081115510411,8.4579048809256,1785.30399714673,7.48734398623801
2022,600,194,"Tuinfluiter",116,6.57225335,17.6499586705677,"1984-2025",202.358755365353,8.4579048809256,1711.53110470265,7.44514363174763
2022,700,194,"Tuinfluiter",116,6.57225335,17.6499586705677,"1984-2025",202.358755365353,8.4579048809256,1711.53110470265,7.44514363174763
2023,600,194,"Tuinfluiter",126,6.57225335,19.1715068318235,"1984-2025",219.80347565547,8.4579048809256,1859.07688959081,7.52783534759275
2023,700,194,"Tuinfluiter",126,6.57225335,19.1715068318235,"1984-2025",219.80347565547,8.4579048809256,1859.07688959081,7.52783534759275
2024,600,194,"Tuinfluiter",130,6.57225335,19.7801260963259,"1984-2025",226.781363771516,8.4579048809256,1918.09520354607,7.55908789109685
2024,700,194,"Tuinfluiter",130,6.57225335,19.7801260963259,"1984-2025",226.781363771516,8.4579048809256,1918.09520354607,7.55908789109685
2025,600,194,"Tuinfluiter",114,6.57225335,17.3456490383165,"1984-2025",198.86981130733,8.4579048809256,1682.02194772502,7.42775188903576
2025,700,194,"Tuinfluiter",114,6.57225335,17.3456490383165,"1984-2025",198.86981130733,8.4579048809256,1682.02194772502,7.42775188903576
1959,600,195,"Zwartkop",1,5.0372,0.198522988962122,"1958-1983",9.46529679911593,4.60899517248571,9.46529679911593,2.24763214170963
1963,600,195,"Zwartkop",1,5.2472,0.190577831986583,"1958-1983",9.08648289306807,4.60899517248571,9.08648289306807,2.2067879128618
1964,600,195,"Zwartkop",2,5.3272,0.375431746508485,"1958-1983",17.900057454763,4.60899517248571,17.900057454763,2.88480392260485
1965,600,195,"Zwartkop",1,5.315,0.188146754468485,"1958-1983",8.97057253744248,4.60899517248571,8.97057253744248,2.19394950206527
1966,600,195,"Zwartkop",6,5.395,1.11214087117702,"1958-1983",53.025311996115,4.60899517248571,53.025311996115,3.97076938437714
1967,600,195,"Zwartkop",3,5.735,0.5231037489102,"1958-1983",24.9408507601605,4.60899517248571,24.9408507601605,3.21650705194596
1968,600,195,"Zwartkop",6,5.6,1.07142857142857,"1958-1983",51.0842068248287,4.60899517248571,51.0842068248287,3.93347538534614
1969,600,195,"Zwartkop",9,5.6,1.60714285714286,"1958-1983",76.626310237243,4.60899517248571,76.626310237243,4.3389404934543
1970,600,195,"Zwartkop",12,5.625,2.13333333333333,"1958-1983",101.714331811214,4.60899517248571,101.714331811214,4.6221682155567
1971,600,195,"Zwartkop",16,5.615,2.84951024042743,"1958-1983",135.860639106698,4.60899517248571,135.860639106698,4.91162964790856
1972,600,195,"Zwartkop",18,5.645,3.18866253321523,"1958-1983",152.030943251926,4.60899517248571,152.030943251926,5.02408407415372
1973,600,195,"Zwartkop",17,5.715,2.97462817147857,"1958-1983",141.826086022855,4.60899517248571,141.826086022855,4.95460156066863
1974,600,195,"Zwartkop",13,5.855,2.22032450896669,"1958-1983",105.861948672005,4.60899517248571,105.861948672005,4.66213587427104
1975,600,195,"Zwartkop",11,5.505,1.99818346957312,"1958-1983",95.2705764580517,4.60899517248571,95.2705764580517,4.55672101648291
1976,600,195,"Zwartkop",9,6.49,1.38674884437596,"1958-1983",66.1182337948476,4.60899517248571,66.1182337948476,4.19144456047941
1977,600,195,"Zwartkop",7,6.175,1.1336032388664,"1958-1983",54.0486074907769,4.60899517248571,54.0486074907769,3.98988378040046
1978,600,195,"Zwartkop",15,6.38,2.35109717868339,"1958-1983",112.097005571724,4.60899517248571,112.097005571724,4.7193646176047
1979,600,195,"Zwartkop",15,6.37,2.35478806907378,"1958-1983",112.27298203259,4.60899517248571,112.27298203259,4.72093324537732
1980,600,195,"Zwartkop",19,6.38,2.97805642633229,"1958-1983",141.989540390851,4.60899517248571,141.989540390851,4.95575339566893
1981,600,195,"Zwartkop",34,6.38,5.32915360501567,"1958-1983",254.086545962575,4.60899517248571,254.086545962575,5.53767494111865
1982,600,195,"Zwartkop",29,6.035,4.8053024026512,"1958-1983",229.110057673355,4.60899517248571,229.110057673355,5.43420248929616
1983,600,195,"Zwartkop",33,6.38,5.17241379310345,"1958-1983",246.613412257794,4.60899517248571,246.613412257794,5.50782197796897
1984,600,195,"Zwartkop",21,3.02300608,6.94672767578423,"1984-2025",42.3097627615386,4.60899517248571,195.005492316947,5.27302772389503
1985,600,195,"Zwartkop",36,5.13012052,7.0173789991195,"1984-2025",42.7400719471893,4.60899517248571,196.988785276287,5.28314679958602
1986,600,195,"Zwartkop",51,4.23796013,12.034091505245,"1984-2025",73.2948778764503,4.60899517248571,337.815738300489,5.82250059387599
1987,600,195,"Zwartkop",35,5.02247314,6.9686783830167,"1984-2025",42.4434558122524,4.60899517248571,195.621682942282,5.27618260494507
1988,600,195,"Zwartkop",61,4.70180252,12.9737477787561,"1984-2025",79.0179515112836,4.60899517248571,364.193357055216,5.89768492730073
1989,600,195,"Zwartkop",41,4.70180252,8.72005998244265,"1984-2025",53.1104264256169,4.60899517248571,244.785699004326,5.50038312983173
1990,600,195,"Zwartkop",37,4.85514176,7.62078675123999,"1984-2025",46.4151892156677,4.60899517248571,213.927383025023,5.36563662577707
1991,600,195,"Zwartkop",31,5.55688703,5.57866298750363,"1984-2025",33.977423406224,4.60899517248571,156.601780452789,5.0537061529224
1992,600,195,"Zwartkop",49,6.1308353,7.99238563789179,"1984-2025",48.6784506346371,4.60899517248571,224.358743979126,5.41324630638559
1993,600,195,"Zwartkop",60,6.1308353,9.78659465864301,"1984-2025",59.6062660832291,4.60899517248571,274.724992627502,5.61577057049707
1994,600,195,"Zwartkop",60,6.1308353,9.78659465864301,"1984-2025",59.6062660832291,4.60899517248571,274.724992627502,5.61577057049707
1995,600,195,"Zwartkop",65,6.09164596,10.6703509079178,"1984-2025",64.988874843925,4.60899517248571,299.533410420928,5.7022259653269
1996,600,195,"Zwartkop",45,6.44975091,6.97701362857748,"1984-2025",42.4942224866774,4.60899517248571,195.85566629963,5.27737799152702
1997,600,195,"Zwartkop",55,6.09164596,9.02875846054586,"1984-2025",54.9905864063981,4.60899517248571,253.451347279247,5.53517188066374
1998,600,195,"Zwartkop",62,5.62796272,11.0164198102577,"1984-2025",67.0966432552575,4.60899517248571,309.248104853478,5.73414388305165
1999,600,195,"Zwartkop",76,6.09164596,12.476102600027,"1984-2025",75.9869921252046,4.60899517248571,350.223679876778,5.8585720357176
2000,600,195,"Zwartkop",74,5.70172844,12.978520597519,"1984-2025",79.0470208571665,4.60899517248571,364.327337530058,5.89805274245643
2001,600,195,"Zwartkop",81,6.44975091,12.5586245314395,"1984-2025",76.4896004760194,4.60899517248571,352.540199339334,5.86516465642914
2002,600,195,"Zwartkop",88,6.09164596,14.4460135368734,"1984-2025",87.9849382502369,4.60899517248571,405.522155646795,6.00517550990947
2003,600,195,"Zwartkop",81,6.2141484,13.0347707821075,"1984-2025",79.3896184191131,4.60899517248571,365.906368039175,5.90237747564298
2004,600,195,"Zwartkop",95,6.2141484,15.2876941271631,"1984-2025",93.1112808619228,4.60899517248571,429.149443996563,6.06180521257109
2005,600,195,"Zwartkop",105,6.2141484,16.8969250879171,"1984-2025",102.912468321073,4.60899517248571,474.323069680412,6.16188867112807
2006,600,195,"Zwartkop",97,5.65793112,17.1440758013328,"1984-2025",104.417765280879,4.60899517248571,481.260976101319,6.17640969282517
2007,600,195,"Zwartkop",101,6.1308353,16.4741010087157,"1984-2025",100.337214573436,4.60899517248571,462.453737589628,6.13654652511623
2008,600,195,"Zwartkop",79,6.02064405,13.1215197815921,"1984-2025",79.917972164833,4.60899517248571,368.341547902562,5.90901062703296
2009,600,195,"Zwartkop",86,5.98606767,14.3666935860082,"1984-2025",87.5018318928276,4.60899517248571,403.295520777699,5.99966959538992
2010,600,195,"Zwartkop",128,6.44975091,19.8457276546204,"1984-2025",120.872455073216,4.60899517248571,557.100561918948,6.32274576567632
2011,600,195,"Zwartkop",138,6.44975091,21.3961751276376,"1984-2025",130.315615625811,4.60899517248571,600.624043318865,6.39796918691391
2012,600,195,"Zwartkop",154,6.44975091,23.8768910844652,"1984-2025",145.424672509963,4.60899517248571,670.261613558734,6.50766810417033
2013,600,195,"Zwartkop",134,6.44975091,20.7759961384307,"1984-2025",126.538351404773,4.60899517248571,583.214650758898,6.36855530170761
2014,600,195,"Zwartkop",170,6.44975091,26.3576070412927,"1984-2025",160.533729394115,4.60899517248571,739.899183798602,6.60651393880696
2015,600,195,"Zwartkop",168,6.57225335,25.562009109098,"1984-2025",155.688057973588,4.60899517248571,717.565507613944,6.57586424327658
2016,600,195,"Zwartkop",141,6.44975091,21.8613093695428,"1984-2025",133.148563791589,4.60899517248571,613.681087738841,6.41947539213487
2017,600,195,"Zwartkop",151,6.57225335,22.9753772349631,"1984-2025",139.93390925007,4.60899517248571,644.954712200628,6.46918010068824
2018,600,195,"Zwartkop",166,6.57225335,25.2576994768469,"1984-2025",153.834628711998,4.60899517248571,709.02306109473,6.56388805222986
2019,600,195,"Zwartkop",201,6.57225335,30.5831180412423,"1984-2025",186.269640789829,4.60899517248571,858.515875180969,6.75520517193239
2020,600,195,"Zwartkop",171,6.44975091,26.5126517885944,"1984-2025",161.478045449374,4.60899517248571,744.251531938594,6.61237905825936
2021,600,195,"Zwartkop",177,6.57225335,26.9314024542283,"1984-2025",164.028489650745,4.60899517248571,756.006516950405,6.62804999644715
2022,600,195,"Zwartkop",177,6.57225335,26.9314024542283,"1984-2025",164.028489650745,4.60899517248571,756.006516950405,6.62804999644715
2023,600,195,"Zwartkop",162,6.57225335,24.6490802123445,"1984-2025",150.127770188817,4.60899517248571,691.938168056303,6.5394965991057
2024,600,195,"Zwartkop",175,6.57225335,26.6270928219771,"1984-2025",162.175060389154,4.60899517248571,747.464070431191,6.61668623779683
2025,600,195,"Zwartkop",181,6.57225335,27.5400217187306,"1984-2025",167.735348173926,4.60899517248571,773.091409988832,6.65039729513914
1958,800,198,"Tjiftjaf",1,4.3072,0.232169390787519,"1958-1983",28.3550533451708,29.2585164656009,28.3550533451708,3.34480526279629
1960,800,198,"Tjiftjaf",1,5.022,0.199123855037834,"1958-1983",24.319172793373,29.2585164656009,24.319172793373,3.19126504308911
1961,800,198,"Tjiftjaf",1,5.002,0.199920031987205,"1958-1983",24.4164105894281,29.2585164656009,24.4164105894281,3.19525547136908
1963,800,198,"Tjiftjaf",1,5.2472,0.190577831986583,"1958-1983",23.2754394283274,29.2585164656009,23.2754394283274,3.14739870282712
1964,800,198,"Tjiftjaf",6,5.3272,1.12629523952545,"1958-1983",137.555435239885,29.2585164656009,137.555435239885,4.92402700123828
1966,800,198,"Tjiftjaf",3,5.395,0.556070435588508,"1958-1983",67.9133748479997,29.2585164656009,67.9133748479997,4.21823299378252
1967,800,198,"Tjiftjaf",5,5.735,0.871839581517001,"1958-1983",106.478540338552,29.2585164656009,106.478540338552,4.66794346567727
1972,800,198,"Tjiftjaf",1,5.645,0.177147918511957,"1958-1983",21.6352321998794,29.2585164656009,21.6352321998794,3.07432310622288
1973,800,198,"Tjiftjaf",2,5.715,0.349956255468067,"1958-1983",42.7404674604793,29.2585164656009,42.7404674604793,3.75514618713768
1977,800,198,"Tjiftjaf",3,6.175,0.48582995951417,"1958-1983",59.3348432882524,29.2585164656009,59.3348432882524,4.08319670997857
1978,800,198,"Tjiftjaf",8,6.38,1.25391849529781,"1958-1983",153.142176511999,29.2585164656009,153.142176511999,5.03136674814764
1979,800,198,"Tjiftjaf",6,6.37,0.941915227629513,"1958-1983",115.036941069061,29.2585164656009,115.036941069061,4.74525330346849
1980,800,198,"Tjiftjaf",10,6.38,1.56739811912226,"1958-1983",191.427720639999,29.2585164656009,191.427720639999,5.25451029946185
1981,800,198,"Tjiftjaf",10,6.38,1.56739811912226,"1958-1983",191.427720639999,29.2585164656009,191.427720639999,5.25451029946185
1982,800,198,"Tjiftjaf",10,6.035,1.65700082850041,"1958-1983",202.370978903595,29.2585164656009,202.370978903595,5.31010254226906
1983,800,198,"Tjiftjaf",11,6.38,1.72413793103448,"1958-1983",210.570492703999,29.2585164656009,210.570492703999,5.34982047926618
1984,800,198,"Tjiftjaf",4,3.02300608,1.3231862239589,"1984-2025",4.98923231157009,29.2585164656009,145.977535738781,4.98345274506707
1985,800,198,"Tjiftjaf",8,5.13012052,1.55941755535989,"1984-2025",5.87997087148698,29.2585164656009,172.039224560656,5.14772250058531
1986,800,198,"Tjiftjaf",11,4.23796013,2.59558836387637,"1984-2025",9.78697714509275,29.2585164656009,286.352431948156,5.6572233317256
1987,800,198,"Tjiftjaf",11,5.02247314,2.19015606323382,"1984-2025",8.25824604292942,29.2585164656009,241.624027824034,5.48738291402959
1988,800,198,"Tjiftjaf",27,4.70180252,5.74247852502321,"1984-2025",21.6527038195895,29.2585164656009,633.52599123024,6.45130102690732
1989,800,198,"Tjiftjaf",42,4.70180252,8.93274437225832,"1984-2025",33.6819837193615,29.2585164656009,985.484875247039,6.89313377918636
1990,800,198,"Tjiftjaf",59,4.85514176,12.1520653600854,"1984-2025",45.8208195105369,29.2585164656009,1340.64920211637,7.20090925481413
1991,800,198,"Tjiftjaf",45,5.55688703,8.0980591754085,"1984-2025",30.5347031032947,29.2585164656009,893.400113519985,6.79503453598314
1992,800,198,"Tjiftjaf",84,6.1308353,13.7012325221002,"1984-2025",51.6621400448623,29.2585164656009,1511.55757515078,7.32089590489384
1993,800,198,"Tjiftjaf",112,6.1308353,18.2683100294669,"1984-2025",68.8828533931497,29.2585164656009,2015.41010020104,7.60857797734563
1994,800,198,"Tjiftjaf",132,6.1308353,21.5305082490146,"1984-2025",81.1833629276408,29.2585164656009,2375.30476095123,7.7728810286369
1995,800,198,"Tjiftjaf",152,6.09164596,24.952205200054,"1984-2025",94.085281553614,29.2585164656009,2752.79575950711,7.92037231405311
1996,800,198,"Tjiftjaf",147,6.44975091,22.7915778533531,"1984-2025",85.9383770769567,29.2585164656009,2514.42942073316,7.829801186311
1997,800,198,"Tjiftjaf",177,6.09164596,29.0561863184839,"1984-2025",109.559834440722,29.2585164656009,3205.55821995236,8.07264152578066
1998,800,198,"Tjiftjaf",197,5.62796272,35.0037855261415,"1984-2025",131.98597038879,29.2585164656009,3861.71368784873,8.25886632452011
1999,800,198,"Tjiftjaf",179,6.09164596,29.3845048079583,"1984-2025",110.79779867169,29.2585164656009,3241.77921678798,8.08387759904759
2000,800,198,"Tjiftjaf",133,5.70172844,23.3262599928382,"1984-2025",87.9544601939326,29.2585164656009,2573.41702180722,7.85298987524958
2001,800,198,"Tjiftjaf",185,6.44975091,28.6832782508185,"1984-2025",108.153739858755,29.2585164656009,3164.4179784737,8.05972442461059
2002,800,198,"Tjiftjaf",195,6.09164596,32.0110527237535,"1984-2025",120.701512519439,29.2585164656009,3531.54719147294,8.16949135177058
2003,800,198,"Tjiftjaf",283,6.2141484,45.5412361893385,"1984-2025",171.718691587398,29.2585164656009,5024.23416526134,8.52202831638935
2004,800,198,"Tjiftjaf",314,6.2141484,50.5298521676759,"1984-2025",190.528866284251,29.2585164656009,5574.59197135004,8.62597440465436
2005,800,198,"Tjiftjaf",199,6.2141484,32.0236961190048,"1984-2025",120.749185957216,29.2585164656009,3532.94204553712,8.1698862434706
2006,800,198,"Tjiftjaf",156,5.65793112,27.5719157217312,"1984-2025",103.963214187016,29.2585164656009,3041.80941410761,8.02020781934689
2007,800,198,"Tjiftjaf",202,6.1308353,32.9482020174315,"1984-2025",124.235146298359,29.2585164656009,3634.93607357689,8.19834680345174
2008,800,198,"Tjiftjaf",171,6.02064405,28.4022769955982,"1984-2025",107.094190933024,29.2585164656009,3133.4171487841,8.04987942884417
2009,800,198,"Tjiftjaf",156,5.98606767,26.0605139467125,"1984-2025",98.264292572547,29.2585164656009,2875.06742221449,7.96383140416152
2010,800,198,"Tjiftjaf",188,6.44975091,29.1484124927237,"1984-2025",109.907584288897,29.2585164656009,3215.73286461111,8.07581056236222
2011,800,198,"Tjiftjaf",215,6.44975091,33.3346206698702,"1984-2025",125.692184160175,29.2585164656009,3677.56683984781,8.21000662765993
2012,800,198,"Tjiftjaf",200,6.44975091,31.0089494603444,"1984-2025",116.922962009465,29.2585164656009,3420.99240916076,8.1376859660803
2013,800,198,"Tjiftjaf",182,6.44975091,28.2181440089134,"1984-2025",106.399895428613,29.2585164656009,3113.10309233629,8.04337528660906
2014,800,198,"Tjiftjaf",223,6.44975091,34.574978648284,"1984-2025",130.369102640553,29.2585164656009,3814.40653621425,8.24654037099239
2015,800,198,"Tjiftjaf",231,6.57225335,35.1477625250098,"1984-2025",132.528852926312,29.2585164656009,3877.59762551169,8.26297107217068
2016,800,198,"Tjiftjaf",183,6.44975091,28.3731887562151,"1984-2025",106.98451023866,29.2585164656009,3130.20805438209,8.04885475237369
2017,800,198,"Tjiftjaf",186,6.57225335,28.3007957993585,"1984-2025",106.711543914693,29.2585164656009,3122.22146469773,8.04630003536209
2018,800,198,"Tjiftjaf",163,6.57225335,24.8012350284701,"1984-2025",93.516030419865,29.2585164656009,2736.14031583726,7.91430356245565
2019,800,198,"Tjiftjaf",200,6.57225335,30.4309632251167,"1984-2025",114.743595607196,29.2585164656009,3357.22738139541,8.11887072819692
2020,800,198,"Tjiftjaf",200,6.44975091,31.0089494603444,"1984-2025",116.922962009465,29.2585164656009,3420.99240916076,8.1376859660803
2021,800,198,"Tjiftjaf",212,6.57225335,32.2568210186237,"1984-2025",121.628211343628,29.2585164656009,3558.66102427913,8.1771396363209
2022,800,198,"Tjiftjaf",273,6.57225335,41.5382648022843,"1984-2025",156.625008003823,29.2585164656009,4582.61537560473,8.43002515683384
2023,800,198,"Tjiftjaf",277,6.57225335,42.1468840667866,"1984-2025",158.919879915967,29.2585164656009,4649.75992323264,8.44457086783622
2024,800,198,"Tjiftjaf",313,6.57225335,47.6244574473076,"1984-2025",179.573727125262,29.2585164656009,5254.06085188381,8.56675655218904
2025,800,198,"Tjiftjaf",339,6.57225335,51.5804826665728,"1984-2025",194.490394554198,29.2585164656009,5690.50041146521,8.64655346902933
1958,600,200,"Fitis",142,4.3072,32.9680534918276,"1958-1983",43.0372182651847,1.0911677089283,43.0372182651847,3.76206528237972
1958,700,200,"Fitis",142,4.3072,32.9680534918276,"1958-1983",43.0372182651847,1.0911677089283,43.0372182651847,3.76206528237972
1959,600,200,"Fitis",269,5.0372,53.4026840308108,"1958-1983",69.7130320159914,1.0911677089283,69.7130320159914,4.24438727325896
1959,700,200,"Fitis",269,5.0372,53.4026840308108,"1958-1983",69.7130320159914,1.0911677089283,69.7130320159914,4.24438727325896
1960,600,200,"Fitis",284,5.022,56.5511748307447,"1958-1983",73.8231407852662,1.0911677089283,73.8231407852662,4.30167224323249
1960,700,200,"Fitis",284,5.022,56.5511748307447,"1958-1983",73.8231407852662,1.0911677089283,73.8231407852662,4.30167224323249
1961,600,200,"Fitis",285,5.002,56.9772091163535,"1958-1983",74.3792952619854,1.0911677089283,74.3792952619854,4.3091776136199
1961,700,200,"Fitis",285,5.002,56.9772091163535,"1958-1983",74.3792952619854,1.0911677089283,74.3792952619854,4.3091776136199
1962,600,200,"Fitis",246,5.002,49.1803278688525,"1958-1983",64.2010759103453,1.0911677089283,64.2010759103453,4.16201996928361
1962,700,200,"Fitis",246,5.002,49.1803278688525,"1958-1983",64.2010759103453,1.0911677089283,64.2010759103453,4.16201996928361
1963,600,200,"Fitis",248,5.2472,47.2633023326727,"1958-1983",61.6985488369481,1.0911677089283,61.6985488369481,4.12226041097427
1963,700,200,"Fitis",248,5.2472,47.2633023326727,"1958-1983",61.6985488369481,1.0911677089283,61.6985488369481,4.12226041097427
1964,600,200,"Fitis",285,5.3272,53.4990238774591,"1958-1983",69.8387961594179,1.0911677089283,69.8387961594179,4.24618967426105
1964,700,200,"Fitis",285,5.3272,53.4990238774591,"1958-1983",69.8387961594179,1.0911677089283,69.8387961594179,4.24618967426105
1965,600,200,"Fitis",299,5.315,56.2558795860771,"1958-1983",73.4376559127493,1.0911677089283,73.4376559127493,4.29643682740345
1965,700,200,"Fitis",299,5.315,56.2558795860771,"1958-1983",73.4376559127493,1.0911677089283,73.4376559127493,4.29643682740345
1966,600,200,"Fitis",316,5.395,58.5727525486562,"1958-1983",76.4621525639676,1.0911677089283,76.4621525639676,4.33679588068349
1966,700,200,"Fitis",316,5.395,58.5727525486562,"1958-1983",76.4621525639676,1.0911677089283,76.4621525639676,4.33679588068349
1967,600,200,"Fitis",307,5.735,53.5309503051439,"1958-1983",69.880473616567,1.0911677089283,69.880473616567,4.24678626281254
1967,700,200,"Fitis",307,5.735,53.5309503051439,"1958-1983",69.880473616567,1.0911677089283,69.880473616567,4.24678626281254
1968,600,200,"Fitis",334,5.6,59.6428571428571,"1958-1983",77.8590905117485,1.0911677089283,77.8590905117485,4.35490066104227
1968,700,200,"Fitis",334,5.6,59.6428571428571,"1958-1983",77.8590905117485,1.0911677089283,77.8590905117485,4.35490066104227
1969,600,200,"Fitis",332,5.6,59.2857142857143,"1958-1983",77.3928684128757,1.0911677089283,77.3928684128757,4.34889463698206
1969,700,200,"Fitis",332,5.6,59.2857142857143,"1958-1983",77.3928684128757,1.0911677089283,77.3928684128757,4.34889463698206
1970,600,200,"Fitis",329,5.625,58.4888888888889,"1958-1983",76.3526751078352,1.0911677089283,76.3526751078352,4.33536306848156
1970,700,200,"Fitis",329,5.625,58.4888888888889,"1958-1983",76.3526751078352,1.0911677089283,76.3526751078352,4.33536306848156
1971,600,200,"Fitis",337,5.615,60.0178094390027,"1958-1983",78.3485614419096,1.0911677089283,78.3485614419096,4.36116760796863
1971,700,200,"Fitis",337,5.615,60.0178094390027,"1958-1983",78.3485614419096,1.0911677089283,78.3485614419096,4.36116760796863
1972,600,200,"Fitis",392,5.645,69.4419840566873,"1958-1983",90.6510851590302,1.0911677089283,90.6510851590302,4.50701790799551
1972,700,200,"Fitis",392,5.645,69.4419840566873,"1958-1983",90.6510851590302,1.0911677089283,90.6510851590302,4.50701790799551
1973,600,200,"Fitis",448,5.715,78.3902012248469,"1958-1983",102.332283609094,1.0911677089283,102.332283609094,4.62822520097488
1973,700,200,"Fitis",448,5.715,78.3902012248469,"1958-1983",102.332283609094,1.0911677089283,102.332283609094,4.62822520097488
1974,600,200,"Fitis",486,5.855,83.0059777967549,"1958-1983",108.357819324685,1.0911677089283,108.357819324685,4.68543889265749
1974,700,200,"Fitis",486,5.855,83.0059777967549,"1958-1983",108.357819324685,1.0911677089283,108.357819324685,4.68543889265749
1975,600,200,"Fitis",511,5.505,92.8247048138056,"1958-1983",121.175400375499,1.0911677089283,121.175400375499,4.79723908583573
1975,700,200,"Fitis",511,5.505,92.8247048138056,"1958-1983",121.175400375499,1.0911677089283,121.175400375499,4.79723908583573
1976,600,200,"Fitis",640,6.49,98.613251155624,"1958-1983",128.731895405233,1.0911677089283,128.731895405233,4.85773191144439
1976,700,200,"Fitis",640,6.49,98.613251155624,"1958-1983",128.731895405233,1.0911677089283,128.731895405233,4.85773191144439
1977,600,200,"Fitis",615,6.175,99.5951417004049,"1958-1983",130.013676803055,1.0911677089283,130.013676803055,4.86763965109915
1977,700,200,"Fitis",615,6.175,99.5951417004049,"1958-1983",130.013676803055,1.0911677089283,130.013676803055,4.86763965109915
1978,600,200,"Fitis",567,6.38,88.871473354232,"1958-1983",116.014765543945,1.0911677089283,116.014765543945,4.75371747217773
1978,700,200,"Fitis",567,6.38,88.871473354232,"1958-1983",116.014765543945,1.0911677089283,116.014765543945,4.75371747217773
1979,600,200,"Fitis",599,6.37,94.0345368916797,"1958-1983",122.754741637263,1.0911677089283,122.754741637263,4.81018839433805
1979,700,200,"Fitis",599,6.37,94.0345368916797,"1958-1983",122.754741637263,1.0911677089283,122.754741637263,4.81018839433805
1980,600,200,"Fitis",777,6.38,121.786833855799,"1958-1983",158.983197226888,1.0911677089283,158.983197226888,5.06879851881762
1980,700,200,"Fitis",777,6.38,121.786833855799,"1958-1983",158.983197226888,1.0911677089283,158.983197226888,5.06879851881762
1981,600,200,"Fitis",769,6.38,120.532915360502,"1958-1983",157.346304591347,1.0911677089283,157.346304591347,5.05844913795562
1981,700,200,"Fitis",769,6.38,120.532915360502,"1958-1983",157.346304591347,1.0911677089283,157.346304591347,5.05844913795562
1982,600,200,"Fitis",832,6.035,137.862468931234,"1958-1983",179.968682938517,1.0911677089283,179.968682938517,5.19278285207839
1982,700,200,"Fitis",832,6.035,137.862468931234,"1958-1983",179.968682938517,1.0911677089283,179.968682938517,5.19278285207839
1983,600,200,"Fitis",964,6.38,151.097178683386,"1958-1983",197.245562582651,1.0911677089283,197.245562582651,5.28444946306052
1983,700,200,"Fitis",964,6.38,151.097178683386,"1958-1983",197.245562582651,1.0911677089283,197.245562582651,5.28444946306052
1984,600,200,"Fitis",388,3.02300608,128.349063724013,"1984-2025",151.063537913746,1.0911677089283,164.835654567946,5.10494894460863
1984,700,200,"Fitis",388,3.02300608,128.349063724013,"1984-2025",151.063537913746,1.0911677089283,164.835654567946,5.10494894460863
1985,600,200,"Fitis",753,5.13012052,146.78017739825,"1984-2025",172.75648337463,1.0911677089283,188.506296166406,5.23913140774354
1985,700,200,"Fitis",753,5.13012052,146.78017739825,"1984-2025",172.75648337463,1.0911677089283,188.506296166406,5.23913140774354
1986,600,200,"Fitis",598,4.23796013,141.105621963461,"1984-2025",166.077677973213,1.0911677089283,181.218599378163,5.19970403391603
1986,700,200,"Fitis",598,4.23796013,141.105621963461,"1984-2025",166.077677973213,1.0911677089283,181.218599378163,5.19970403391603
1987,600,200,"Fitis",704,5.02247314,140.169988046964,"1984-2025",164.976460983255,1.0911677089283,180.016986958198,5.19305121842744
1987,700,200,"Fitis",704,5.02247314,140.169988046964,"1984-2025",164.976460983255,1.0911677089283,180.016986958198,5.19305121842744
1988,600,200,"Fitis",671,4.70180252,142.711225566317,"1984-2025",167.96743200567,1.0911677089283,183.280637956197,5.21101851891285
1988,700,200,"Fitis",671,4.70180252,142.711225566317,"1984-2025",167.96743200567,1.0911677089283,183.280637956197,5.21101851891285
1989,600,200,"Fitis",712,4.70180252,151.43128554876,"1984-2025",178.230717716896,1.0911677089283,194.479603911792,5.27032729335314
1989,700,200,"Fitis",712,4.70180252,151.43128554876,"1984-2025",178.230717716896,1.0911677089283,194.479603911792,5.27032729335314
1990,600,200,"Fitis",690,4.85514176,142.117374550151,"1984-2025",167.268484674907,1.0911677089283,182.517969198628,5.20684862953789
1990,700,200,"Fitis",690,4.85514176,142.117374550151,"1984-2025",167.268484674907,1.0911677089283,182.517969198628,5.20684862953789
1991,600,200,"Fitis",608,5.55688703,109.413777303297,"1984-2025",128.777194132741,1.0911677089283,140.517515884038,4.94533214921716
1991,700,200,"Fitis",608,5.55688703,109.413777303297,"1984-2025",128.777194132741,1.0911677089283,140.517515884038,4.94533214921716
1992,600,200,"Fitis",605,6.1308353,98.681496141317,"1984-2025",116.145575987868,1.0911677089283,126.73430205284,4.84209278511955
1992,700,200,"Fitis",605,6.1308353,98.681496141317,"1984-2025",116.145575987868,1.0911677089283,126.73430205284,4.84209278511955
1993,600,200,"Fitis",658,6.1308353,107.326321423118,"1984-2025",126.320312396722,1.0911677089283,137.836645869039,4.92606925841402
1993,700,200,"Fitis",658,6.1308353,107.326321423118,"1984-2025",126.320312396722,1.0911677089283,137.836645869039,4.92606925841402
1994,600,200,"Fitis",649,6.1308353,105.858332224322,"1984-2025",124.592526968803,1.0911677089283,135.951342202137,4.9122970437928
1994,700,200,"Fitis",649,6.1308353,105.858332224322,"1984-2025",124.592526968803,1.0911677089283,135.951342202137,4.9122970437928
1995,600,200,"Fitis",668,6.09164596,109.658375484448,"1984-2025",129.065079883831,1.0911677089283,140.831647519488,4.94756518778165
1995,700,200,"Fitis",668,6.09164596,109.658375484448,"1984-2025",129.065079883831,1.0911677089283,140.831647519488,4.94756518778165
1996,600,200,"Fitis",647,6.44975091,100.313951504214,"1984-2025",118.066933849392,1.0911677089283,128.830825708631,4.85850011507134
1996,700,200,"Fitis",647,6.44975091,100.313951504214,"1984-2025",118.066933849392,1.0911677089283,128.830825708631,4.85850011507134
1997,600,200,"Fitis",608,6.09164596,99.808820800216,"1984-2025",117.472408037978,1.0911677089283,128.182098341091,4.85345189621117
1997,700,200,"Fitis",608,6.09164596,99.808820800216,"1984-2025",117.472408037978,1.0911677089283,128.182098341091,4.85345189621117
1998,600,200,"Fitis",490,5.62796272,87.0652533391337,"1984-2025",102.473557789619,1.0911677089283,111.81583727903,4.71685320792497
1998,700,200,"Fitis",490,5.62796272,87.0652533391337,"1984-2025",102.473557789619,1.0911677089283,111.81583727903,4.71685320792497
1999,600,200,"Fitis",515,6.09164596,84.5420110396567,"1984-2025",99.5037666769058,1.0911677089283,108.575297114576,4.68744391490874
1999,700,200,"Fitis",515,6.09164596,84.5420110396567,"1984-2025",99.5037666769058,1.0911677089283,108.575297114576,4.68744391490874
2000,600,200,"Fitis",472,5.70172844,82.7819151625538,"1984-2025",97.4321792219767,1.0911677089283,106.314847777536,4.66640495365155
2000,700,200,"Fitis",472,5.70172844,82.7819151625538,"1984-2025",97.4321792219767,1.0911677089283,106.314847777536,4.66640495365155
2001,600,200,"Fitis",566,6.44975091,87.7553269727745,"1984-2025",103.285756659592,1.0911677089283,112.702082459173,4.72474789877363
2001,700,200,"Fitis",566,6.44975091,87.7553269727745,"1984-2025",103.285756659592,1.0911677089283,112.702082459173,4.72474789877363
2002,600,200,"Fitis",435,6.09164596,71.4092714606809,"1984-2025",84.046870882435,1.0911677089283,91.7092315433795,4.51862304533369
2002,700,200,"Fitis",435,6.09164596,71.4092714606809,"1984-2025",84.046870882435,1.0911677089283,91.7092315433795,4.51862304533369
2003,600,200,"Fitis",467,6.2141484,75.1510858672123,"1984-2025",88.4508899384891,1.0911677089283,96.5147549268506,4.56969589745318
2003,700,200,"Fitis",467,6.2141484,75.1510858672123,"1984-2025",88.4508899384891,1.0911677089283,96.5147549268506,4.56969589745318
2004,600,200,"Fitis",538,6.2141484,86.5766256885658,"1984-2025",101.898455646482,1.0911677089283,111.188304391104,4.71122519994607
2004,700,200,"Fitis",538,6.2141484,86.5766256885658,"1984-2025",101.898455646482,1.0911677089283,111.188304391104,4.71122519994607
2005,600,200,"Fitis",515,6.2141484,82.8753944788316,"1984-2025",97.5422019664281,1.0911677089283,106.434901043529,4.66753354044802
2005,700,200,"Fitis",515,6.2141484,82.8753944788316,"1984-2025",97.5422019664281,1.0911677089283,106.434901043529,4.66753354044802
2006,600,200,"Fitis",408,5.65793112,72.1111641952969,"1984-2025",84.8729805294445,1.0911677089283,92.6106557142304,4.52840420753969
2006,700,200,"Fitis",408,5.65793112,72.1111641952969,"1984-2025",84.8729805294445,1.0911677089283,92.6106557142304,4.52840420753969
2007,600,200,"Fitis",450,6.1308353,73.3994599398225,"1984-2025",86.3892713959346,1.0911677089283,94.2651833450873,4.54611190985307
2007,700,200,"Fitis",450,6.1308353,73.3994599398225,"1984-2025",86.3892713959346,1.0911677089283,94.2651833450873,4.54611190985307
2008,600,200,"Fitis",445,6.02064405,73.9123582633988,"1984-2025",86.9929394952676,1.0911677089283,94.9238864819896,4.55307537554592
2008,700,200,"Fitis",445,6.02064405,73.9123582633988,"1984-2025",86.9929394952676,1.0911677089283,94.9238864819896,4.55307537554592
2009,600,200,"Fitis",421,5.98606767,70.3299767408076,"1984-2025",82.776568831878,1.0911677089283,90.3231189652262,4.50339345163254
2009,700,200,"Fitis",421,5.98606767,70.3299767408076,"1984-2025",82.776568831878,1.0911677089283,90.3231189652262,4.50339345163254
2010,600,200,"Fitis",482,6.44975091,74.7315681994299,"1984-2025",87.9571284627622,1.0911677089283,95.9759783486247,4.56409793462104
2010,700,200,"Fitis",482,6.44975091,74.7315681994299,"1984-2025",87.9571284627622,1.0911677089283,95.9759783486247,4.56409793462104
2011,600,200,"Fitis",451,6.44975091,69.9251810330765,"1984-2025",82.300134723456,1.0911677089283,89.8032494506841,4.49762116007312
2011,700,200,"Fitis",451,6.44975091,69.9251810330765,"1984-2025",82.300134723456,1.0911677089283,89.8032494506841,4.49762116007312
2012,600,200,"Fitis",382,6.44975091,59.2270934692577,"1984-2025",69.7087615617742,1.0911677089283,76.0639496455905,4.33157442917702
2012,700,200,"Fitis",382,6.44975091,59.2270934692577,"1984-2025",69.7087615617742,1.0911677089283,76.0639496455905,4.33157442917702
2013,600,200,"Fitis",401,6.44975091,62.1729436679904,"1984-2025",73.1759512729619,1.0911677089283,79.847235099167,4.38011524787701
2013,700,200,"Fitis",401,6.44975091,62.1729436679904,"1984-2025",73.1759512729619,1.0911677089283,79.847235099167,4.38011524787701
2014,600,200,"Fitis",386,6.44975091,59.8472724584646,"1984-2025",70.4386962378137,1.0911677089283,76.8604307937119,4.34199119003527
2014,700,200,"Fitis",386,6.44975091,59.8472724584646,"1984-2025",70.4386962378137,1.0911677089283,76.8604307937119,4.34199119003527
2015,600,200,"Fitis",402,6.57225335,61.1662360824846,"1984-2025",71.9910824075518,1.0911677089283,78.554344453917,4.36379067130608
2015,700,200,"Fitis",402,6.57225335,61.1662360824846,"1984-2025",71.9910824075518,1.0911677089283,78.554344453917,4.36379067130608
2016,600,200,"Fitis",356,6.44975091,55.195930039413,"1984-2025",64.9641861675173,1.0911677089283,70.8868221828016,4.26108455142247
2016,700,200,"Fitis",356,6.44975091,55.195930039413,"1984-2025",64.9641861675173,1.0911677089283,70.8868221828016,4.26108455142247
2017,600,200,"Fitis",364,6.57225335,55.3843530697124,"1984-2025",65.1859552147982,1.0911677089283,71.1288094060343,4.2644924503238
2017,700,200,"Fitis",364,6.57225335,55.3843530697124,"1984-2025",65.1859552147982,1.0911677089283,71.1288094060343,4.2644924503238
2018,600,200,"Fitis",283,6.57225335,43.0598129635401,"1984-2025",50.6802893565601,1.0911677089283,55.3006952250211,4.0127854803303
2018,700,200,"Fitis",283,6.57225335,43.0598129635401,"1984-2025",50.6802893565601,1.0911677089283,55.3006952250211,4.0127854803303
2019,600,200,"Fitis",358,6.57225335,54.4714241729589,"1984-2025",64.1114614475213,1.0911677089283,69.956356503737,4.24787156908776
2019,700,200,"Fitis",358,6.57225335,54.4714241729589,"1984-2025",64.1114614475213,1.0911677089283,69.956356503737,4.24787156908776
2020,600,200,"Fitis",345,6.44975091,53.490437819094,"1984-2025",62.9568658084087,1.0911677089283,68.6964990254679,4.2296982376018
2020,700,200,"Fitis",345,6.44975091,53.490437819094,"1984-2025",62.9568658084087,1.0911677089283,68.6964990254679,4.2296982376018
2021,600,200,"Fitis",298,6.57225335,45.3421352054239,"1984-2025",53.3665237747524,1.0911677089283,58.2318274807643,4.06443206919246
2021,700,200,"Fitis",298,6.57225335,45.3421352054239,"1984-2025",53.3665237747524,1.0911677089283,58.2318274807643,4.06443206919246
2022,600,200,"Fitis",312,6.57225335,47.472302631182,"1984-2025",55.8736758983984,1.0911677089283,60.9675509194579,4.11034177049654
2022,700,200,"Fitis",312,6.57225335,47.472302631182,"1984-2025",55.8736758983984,1.0911677089283,60.9675509194579,4.11034177049654
2023,600,200,"Fitis",329,6.57225335,50.058934505317,"1984-2025",58.918074905683,1.0911677089283,64.2895008093002,4.16339633345243
2023,700,200,"Fitis",329,6.57225335,50.058934505317,"1984-2025",58.918074905683,1.0911677089283,64.2895008093002,4.16339633345243
2024,600,200,"Fitis",352,6.57225335,53.5584952762054,"1984-2025",63.0369676802444,1.0911677089283,68.7839036014397,4.23096975828516
2024,700,200,"Fitis",352,6.57225335,53.5584952762054,"1984-2025",63.0369676802444,1.0911677089283,68.7839036014397,4.23096975828516
2025,600,200,"Fitis",340,6.57225335,51.7326374826984,"1984-2025",60.8879801456906,1.0911677089283,66.4389977968452,4.19628420029727
2025,700,200,"Fitis",340,6.57225335,51.7326374826984,"1984-2025",60.8879801456906,1.0911677089283,66.4389977968452,4.19628420029727
1959,600,207,"Staartmees",1,5.0372,0.198522988962122,"1958-1983",14.1874571333617,3.56045556083906,14.1874571333617,2.65235827379999
1960,600,207,"Staartmees",1,5.022,0.199123855037834,"1958-1983",14.2303980629569,3.56045556083906,14.2303980629569,2.65538038521415
1961,600,207,"Staartmees",2,5.002,0.39984006397441,"1958-1983",28.5745937913512,3.56045556083906,28.5745937913512,3.35251799405407
1962,600,207,"Staartmees",1,5.002,0.199920031987205,"1958-1983",14.2872968956756,3.56045556083906,14.2872968956756,2.65937081349412
1963,600,207,"Staartmees",1,5.2472,0.190577831986583,"1958-1983",13.6196560207671,3.56045556083906,13.6196560207671,2.61151404495216
1964,600,207,"Staartmees",2,5.3272,0.375431746508485,"1958-1983",26.8302519417966,3.56045556083906,26.8302519417966,3.28953005469522
1965,600,207,"Staartmees",2,5.315,0.376293508936971,"1958-1983",26.8918378446545,3.56045556083906,26.8918378446545,3.29182281471558
1966,600,207,"Staartmees",5,5.395,0.92678405931418,"1958-1983",66.2326775460328,3.56045556083906,66.2326775460328,4.19317395967355
1967,600,207,"Staartmees",1,5.735,0.1743679163034,"1958-1983",12.4612134389136,3.56045556083906,12.4612134389136,2.52262089536821
1968,600,207,"Staartmees",8,5.6,1.42857142857143,"1958-1983",102.09294153167,3.56045556083906,102.09294153167,4.62588358988828
1969,600,207,"Staartmees",4,5.6,0.714285714285714,"1958-1983",51.0464707658352,3.56045556083906,51.0464707658352,3.93273640932833
1970,600,207,"Staartmees",4,5.625,0.711111111111111,"1958-1983",50.8195975624315,3.56045556083906,50.8195975624315,3.92828205897895
1971,600,207,"Staartmees",7,5.615,1.246660730187,"1958-1983",89.0926827257676,3.56045556083906,89.0926827257676,4.48967720681445
1972,600,207,"Staartmees",1,5.645,0.177147918511957,"1958-1983",12.6598864609689,3.56045556083906,12.6598864609689,2.53843844834792
1973,600,207,"Staartmees",8,5.715,1.39982502187227,"1958-1983",100.038577878802,3.56045556083906,100.038577878802,4.60555589038261
1974,600,207,"Staartmees",7,5.855,1.19555935098207,"1958-1983",85.4407196422178,3.56045556083906,85.4407196422178,4.44782279795518
1975,600,207,"Staartmees",8,5.505,1.45322434150772,"1958-1983",103.854763410964,3.56045556083906,103.854763410964,4.64299341745474
1976,600,207,"Staartmees",10,6.49,1.54083204930663,"1958-1983",110.11565342399,3.56045556083906,110.11565342399,4.70153120822759
1977,600,207,"Staartmees",10,6.175,1.61943319838057,"1958-1983",115.732889185699,3.56045556083906,115.732889185699,4.75128485642955
1978,600,207,"Staartmees",11,6.38,1.72413793103448,"1958-1983",123.215619089947,3.56045556083906,123.215619089947,4.81393582139122
1979,600,207,"Staartmees",9,6.37,1.41287284144427,"1958-1983",100.971041075279,3.56045556083906,100.971041075279,4.6148337537017
1980,600,207,"Staartmees",23,6.38,3.60501567398119,"1958-1983",257.632658097162,3.56045556083906,257.632658097162,5.551534764522
1981,600,207,"Staartmees",28,6.38,4.38871473354232,"1958-1983",313.639757683502,3.56045556083906,313.639757683502,5.74824505876805
1982,600,207,"Staartmees",26,6.035,4.30820215410108,"1958-1983",307.885921437681,3.56045556083906,307.885921437681,5.72972932942153
1983,600,207,"Staartmees",32,6.38,5.01567398119122,"1958-1983",358.445437352574,3.56045556083906,358.445437352574,5.88177645139258
1984,600,207,"Staartmees",12,3.02300608,3.9695586718767,"1984-2025",85.2019555523388,3.56045556083906,303.357776440687,5.71491288926885
1985,600,207,"Staartmees",20,5.13012052,3.89854388839972,"1984-2025",83.6777059000458,3.56045556083906,297.930753290073,5.69686108799314
1986,600,207,"Staartmees",21,4.23796013,4.95521414921853,"1984-2025",106.357902878517,3.56045556083906,378.682586742996,5.93669835218432
1987,600,207,"Staartmees",22,5.02247314,4.38031212646764,"1984-2025",94.0183002581045,3.56045556083906,334.747979974604,5.81337795012321
1988,600,207,"Staartmees",20,4.70180252,4.25368779631349,"1984-2025",91.3004564267301,3.56045556083906,325.071217791695,5.78404428999066
1989,600,207,"Staartmees",22,4.70180252,4.67905657594484,"1984-2025",100.430502069403,3.56045556083906,357.578339570865,5.87935446979498
1990,600,207,"Staartmees",21,4.85514176,4.32531139935243,"1984-2025",92.837773682136,3.56045556083906,330.544767562479,5.8007421041655
1991,600,207,"Staartmees",23,5.55688703,4.13900802298657,"1984-2025",88.8389886018616,3.56045556083906,316.307270986816,5.75671411767564
1992,600,207,"Staartmees",39,6.1308353,6.36128652811795,"1984-2025",136.537609549466,3.56045556083906,486.136091184067,6.18648860771385
1993,600,207,"Staartmees",40,6.1308353,6.52439643909534,"1984-2025",140.038573896888,3.56045556083906,498.601119163146,6.21180641569814
1994,600,207,"Staartmees",38,6.1308353,6.19817661714057,"1984-2025",133.036645202044,3.56045556083906,473.671063204989,6.16051312131059
1995,600,207,"Staartmees",29,6.09164596,4.76061809737873,"1984-2025",102.181125173484,3.56045556083906,363.811355336722,5.89663547872698
1996,600,207,"Staartmees",41,6.44975091,6.35683463937059,"1984-2025",136.442054940369,3.56045556083906,485.795873244746,6.18578852177025
1997,600,207,"Staartmees",32,6.09164596,5.25309583159032,"1984-2025",112.751586398327,3.56045556083906,401.447012785349,5.99507555154023
1998,600,207,"Staartmees",27,5.62796272,4.79747314317675,"1984-2025",102.972175825087,3.56045556083906,366.627856028126,5.90434731732012
1999,600,207,"Staartmees",29,6.09164596,4.76061809737873,"1984-2025",102.181125173484,3.56045556083906,363.811355336722,5.89663547872698
2000,600,207,"Staartmees",37,5.70172844,6.48926029875951,"1984-2025",139.284417549891,3.56045556083906,495.915979003738,6.20640651520572
2001,600,207,"Staartmees",39,6.44975091,6.04674514476715,"1984-2025",129.786344943278,3.56045556083906,462.098513574271,6.13577810119559
2002,600,207,"Staartmees",33,6.09164596,5.41725507632751,"1984-2025",116.275073473275,3.56045556083906,413.992231934891,6.02584721020699
2003,600,207,"Staartmees",27,6.2141484,4.34492359403583,"1984-2025",93.2587266086005,3.56045556083906,332.043551750361,5.80526614028412
2004,600,207,"Staartmees",28,6.2141484,4.50584669011123,"1984-2025",96.7127535200301,3.56045556083906,344.341461074448,5.84163378445499
2005,600,207,"Staartmees",26,6.2141484,4.18400049796043,"1984-2025",89.8046996971709,3.56045556083906,319.745642426274,5.76752581230127
2006,600,207,"Staartmees",25,5.65793112,4.41857623745692,"1984-2025",94.839594853611,3.56045556083906,337.672162884262,5.82207549249923
2007,600,207,"Staartmees",20,6.1308353,3.26219821954767,"1984-2025",70.019286948444,3.56045556083906,249.300559581573,5.5186592351382
2008,600,207,"Staartmees",27,6.02064405,4.48457005193655,"1984-2025",96.2560752517619,3.56045556083906,342.715478394678,5.83690059387951
2009,600,207,"Staartmees",30,5.98606767,5.01163729744472,"1984-2025",107.568960067657,3.56045556083906,382.994502046565,5.94802063410781
2010,600,207,"Staartmees",45,6.44975091,6.97701362857748,"1984-2025",149.753474934552,3.56045556083906,533.190592585697,6.27887894483626
2011,600,207,"Staartmees",33,6.44975091,5.11647666095682,"1984-2025",109.819214952005,3.56045556083906,391.006434562845,5.96872401653242
2012,600,207,"Staartmees",38,6.44975091,5.89170039746543,"1984-2025",126.458489944733,3.56045556083906,450.249833739033,6.10980261479233
2013,600,207,"Staartmees",24,6.44975091,3.72107393524132,"1984-2025",79.8685199650943,3.56045556083906,284.368316045705,5.65027028541389
2014,600,207,"Staartmees",33,6.44975091,5.11647666095682,"1984-2025",109.819214952005,3.56045556083906,391.006434562845,5.96872401653242
2015,600,207,"Staartmees",24,6.57225335,3.651715587014,"1984-2025",78.379823767022,3.56045556083906,279.067879388879,5.6314550475305
2016,600,207,"Staartmees",29,6.44975091,4.49629767174993,"1984-2025",96.5077949578222,3.56045556083906,343.611715221894,5.83951228505242
2017,600,207,"Staartmees",35,6.57225335,5.32541856439542,"1984-2025",114.30390966024,3.56045556083906,406.973990775448,6.00874927867197
2018,600,207,"Staartmees",19,6.57225335,2.89094150638609,"1984-2025",62.0506938155591,3.56045556083906,220.928737849529,5.397840196349
2019,600,207,"Staartmees",25,6.57225335,3.80387040313959,"1984-2025",81.6456497573146,3.56045556083906,290.695707696749,5.67227704205076
2020,600,207,"Staartmees",22,6.44975091,3.41098444063788,"1984-2025",73.2128099680031,3.56045556083906,260.67095637523,5.56325890842426
2021,600,207,"Staartmees",24,6.57225335,3.651715587014,"1984-2025",78.379823767022,3.56045556083906,279.067879388879,5.6314550475305
2022,600,207,"Staartmees",27,6.57225335,4.10818003539075,"1984-2025",88.1773017378997,3.56045556083906,313.951364312489,5.74923808318689
2023,600,207,"Staartmees",21,6.57225335,3.19525113863725,"1984-2025",68.5823457961442,3.56045556083906,244.184394465269,5.49792365490598
2024,600,207,"Staartmees",24,6.57225335,3.651715587014,"1984-2025",78.379823767022,3.56045556083906,279.067879388879,5.6314550475305
2025,600,207,"Staartmees",19,6.57225335,2.89094150638609,"1984-2025",62.0506938155591,3.56045556083906,220.928737849529,5.397840196349
1963,800,208,"Glanskop",1,5.2472,0.190577831986583,"1958-1983",39.2346606787659,1.6028500854064,39.2346606787659,3.66956055710992
1969,800,208,"Glanskop",1,5.6,0.178571428571429,"1958-1983",36.7628770560037,1.6028500854064,36.7628770560037,3.60448856036621
1970,800,208,"Glanskop",2,5.625,0.355555555555556,"1958-1983",73.1989729826206,1.6028500854064,73.1989729826206,4.29318139057677
1971,800,208,"Glanskop",1,5.615,0.178094390026714,"1958-1983",36.6646681235299,1.6028500854064,36.6646681235299,3.6018135699169
1972,800,208,"Glanskop",2,5.645,0.354295837023915,"1958-1983",72.9396320685989,1.6028500854064,72.9396320685989,4.28963214106563
1973,800,208,"Glanskop",3,5.715,0.5249343832021,"1958-1983",108.069349875916,1.6028500854064,108.069349875916,4.68277314952865
1974,800,208,"Glanskop",5,5.855,0.85397096498719,"1958-1983",175.808805733237,1.6028500854064,175.808805733237,5.16939707349173
1975,800,208,"Glanskop",4,5.505,0.72661217075386,"1958-1983",149.589181844593,1.6028500854064,149.589181844593,5.00789274905256
1976,800,208,"Glanskop",2,6.49,0.308166409861325,"1958-1983",63.4428694957228,1.6028500854064,63.4428694957228,4.15013980795126
1977,800,208,"Glanskop",3,6.175,0.48582995951417,"1958-1983",100.018839601759,1.6028500854064,100.018839601759,4.60535856426138
1978,800,208,"Glanskop",4,6.38,0.626959247648903,"1958-1983",129.073424146471,1.6028500854064,129.073424146471,4.8603814218705
1979,800,208,"Glanskop",5,6.37,0.784929356357928,"1958-1983",161.595063982434,1.6028500854064,161.595063982434,5.08509360095734
1980,800,208,"Glanskop",5,6.38,0.783699059561129,"1958-1983",161.341780183088,1.6028500854064,161.341780183088,5.08352497318471
1981,800,208,"Glanskop",5,6.38,0.783699059561129,"1958-1983",161.341780183088,1.6028500854064,161.341780183088,5.08352497318471
1982,800,208,"Glanskop",1,6.035,0.165700082850041,"1958-1983",34.1130259343199,1.6028500854064,34.1130259343199,3.52967930355782
1983,800,208,"Glanskop",3,6.38,0.470219435736677,"1958-1983",96.8050681098529,1.6028500854064,96.8050681098529,4.57269934941872
1984,800,208,"Glanskop",4,3.02300608,1.3231862239589,"1984-2025",64.258378183748,1.6028500854064,102.996546959897,4.63469546300648
1985,800,208,"Glanskop",4,5.13012052,0.779708777679944,"1984-2025",37.8652835119767,1.6028500854064,60.6923729111094,4.10581803796478
1986,800,208,"Glanskop",7,4.23796013,1.65173804973951,"1984-2025",80.2139610727571,1.6028500854064,128.570954356254,4.85648092592195
1987,800,208,"Glanskop",5,5.02247314,0.9955254832881,"1984-2025",48.3460693879414,1.6028500854064,77.4915014475256,4.35016827160474
1988,800,208,"Glanskop",9,4.70180252,1.91415950834107,"1984-2025",92.9580306715905,1.6028500854064,148.99778740117,5.00393145617862
1989,800,208,"Glanskop",6,4.70180252,1.27610633889405,"1984-2025",61.972020447727,1.6028500854064,99.3318582674463,4.59846634807046
1990,800,208,"Glanskop",12,4.85514176,2.47160651391567,"1984-2025",120.029534178056,1.6028500854064,192.389349108588,5.25952117863582
1991,800,208,"Glanskop",15,5.55688703,2.6993530584695,"1984-2025",131.089673200813,1.6028500854064,210.11709388582,5.34766496525444
1992,800,208,"Glanskop",16,6.1308353,2.60975857563814,"1984-2025",126.738663451233,1.6028500854064,203.143077537101,5.31391054622972
1993,800,208,"Glanskop",10,6.1308353,1.63109910977383,"1984-2025",79.2116646570205,1.6028500854064,126.964423460688,4.84390691698399
1994,800,208,"Glanskop",11,6.1308353,1.79420902075122,"1984-2025",87.1328311227226,1.6028500854064,139.660865806757,4.93921709678831
1995,800,208,"Glanskop",13,6.09164596,2.13407018158357,"1984-2025",103.637633400207,1.6028500854064,166.115589546839,5.11268386860778
1996,800,208,"Glanskop",14,6.44975091,2.1706264622241,"1984-2025",105.412929472564,1.6028500854064,168.961123008037,5.12966864708694
1997,800,208,"Glanskop",17,6.09164596,2.79070716053236,"1984-2025",135.526135984886,1.6028500854064,217.228078638174,5.38094785520246
1998,800,208,"Glanskop",6,5.62796272,1.06610514292817,"1984-2025",51.7736553007257,1.6028500854064,82.9854078205696,4.41866478294959
1999,800,208,"Glanskop",14,6.09164596,2.29822942632076,"1984-2025",111.609759046377,1.6028500854064,178.893711819672,5.1867918407615
2000,800,208,"Glanskop",9,5.70172844,1.57846872131988,"1984-2025",76.6557557879627,1.6028500854064,122.867684711628,4.81110804230345
2001,800,208,"Glanskop",14,6.44975091,2.1706264622241,"1984-2025",105.412929472564,1.6028500854064,168.961123008037,5.12966864708694
2002,800,208,"Glanskop",21,6.09164596,3.44734413948115,"1984-2025",167.414638569565,1.6028500854064,268.340567729509,5.59225694886967
2003,800,208,"Glanskop",15,6.2141484,2.41384644113102,"1984-2025",117.224510566329,1.6028500854064,187.893316772964,5.23587433778773
2004,800,208,"Glanskop",19,6.2141484,3.05753882543262,"1984-2025",148.484380050683,1.6028500854064,237.998201245754,5.47226311585196
2005,800,208,"Glanskop",12,6.2141484,1.93107715290481,"1984-2025",93.7796084530631,1.6028500854064,150.314653418371,5.01273078647352
2006,800,208,"Glanskop",13,5.65793112,2.2976596434776,"1984-2025",111.582088473062,1.6028500854064,178.849360038872,5.1865438874983
2007,800,208,"Glanskop",17,6.1308353,2.77286848661552,"1984-2025",134.659829916935,1.6028500854064,215.83951988317,5.37453516804616
2008,800,208,"Glanskop",15,6.02064405,2.49142780663142,"1984-2025",120.99212289033,1.6028500854064,193.932234508267,5.26750879138313
2009,800,208,"Glanskop",18,5.98606767,3.00698237846683,"1984-2025",146.029188763221,1.6028500854064,234.062897680956,5.45558987274756
2010,800,208,"Glanskop",22,6.44975091,3.41098444063788,"1984-2025",165.648889171172,1.6028500854064,265.510336155487,5.58165377083
2011,800,208,"Glanskop",17,6.44975091,2.63576070412927,"1984-2025",128.001414359542,1.6028500854064,205.167077938331,5.3238246615279
2012,800,208,"Glanskop",24,6.44975091,3.72107393524132,"1984-2025",180.707879095824,1.6028500854064,289.64763944235,5.66866514781963
2013,800,208,"Glanskop",21,6.44975091,3.25593969333616,"1984-2025",158.119394208846,1.6028500854064,253.441684512056,5.5351337551951
2014,800,208,"Glanskop",20,6.44975091,3.10089494603444,"1984-2025",150.58989924652,1.6028500854064,241.373032868625,5.48634359102567
2015,800,208,"Glanskop",21,6.57225335,3.19525113863725,"1984-2025",155.172153655207,1.6028500854064,248.717699738944,5.51631851731172
2016,800,208,"Glanskop",13,6.44975091,2.01558171492238,"1984-2025",97.8834345102377,1.6028500854064,156.892471364606,5.05556067493322
2017,800,208,"Glanskop",16,6.57225335,2.43447705800934,"1984-2025",118.22640278492,1.6028500854064,189.4991998011,5.24438480182808
2018,800,208,"Glanskop",14,6.57225335,2.13016742575817,"1984-2025",103.448102436805,1.6028500854064,165.811799825962,5.11085340920355
2019,800,208,"Glanskop",8,6.57225335,1.21723852900467,"1984-2025",59.1132013924599,1.6028500854064,94.74959990055,4.55123762126813
2020,800,208,"Glanskop",10,6.44975091,1.55044747301722,"1984-2025",75.2949496232598,1.6028500854064,120.686516434312,4.79319641046573
2021,800,208,"Glanskop",9,6.57225335,1.36939334513025,"1984-2025",66.5023515665174,1.6028500854064,106.593299888119,4.66902065692452
2022,800,208,"Glanskop",2,6.57225335,0.304309632251167,"1984-2025",14.778300348115,1.6028500854064,23.6873999751375,3.16494326014824
2023,800,208,"Glanskop",4,6.57225335,0.608619264502334,"1984-2025",29.55660069623,1.6028500854064,47.374799950275,3.85809044070819
2024,800,208,"Glanskop",3,6.57225335,0.45646444837675,"1984-2025",22.1674505221725,1.6028500854064,35.5310999627062,3.57040836825641
2025,800,208,"Glanskop",2,6.57225335,0.304309632251167,"1984-2025",14.778300348115,1.6028500854064,23.6873999751375,3.16494326014824
1965,600,209,"Matkop",1,5.315,0.188146754468485,"1958-1983",44.310832091579,0.989542693704139,44.310832091579,3.79122916390168
1966,600,209,"Matkop",1,5.395,0.185356811862836,"1958-1983",43.6537669261802,0.989542693704139,43.6537669261802,3.77628957698549
1978,600,209,"Matkop",2,6.38,0.313479623824451,"1958-1983",73.8282359143393,0.989542693704139,73.8282359143393,4.30174125889883
1979,600,209,"Matkop",2,6.37,0.313971742543171,"1958-1983",73.9441358137339,0.989542693704139,73.9441358137339,4.30330988667146
1980,600,209,"Matkop",4,6.38,0.626959247648903,"1958-1983",147.656471828679,0.989542693704139,147.656471828679,4.99488843945878
1981,600,209,"Matkop",3,6.38,0.470219435736677,"1958-1983",110.742353871509,0.989542693704139,110.742353871509,4.707206367007
1982,600,209,"Matkop",5,6.035,0.828500414250207,"1958-1983",195.121849682471,0.989542693704139,195.121849682471,5.27362423358019
1983,600,209,"Matkop",3,6.38,0.470219435736677,"1958-1983",110.742353871509,0.989542693704139,110.742353871509,4.707206367007
1985,600,209,"Matkop",3,5.13012052,0.584781583259958,"1984-2025",93.0141619262051,0.989542693704139,92.04148434509,4.52223939221107
1986,600,209,"Matkop",5,4.23796013,1.17981289267108,"1984-2025",187.658624318798,0.989542693704139,185.696220605236,5.22411211599881
1987,600,209,"Matkop",5,5.02247314,0.9955254832881,"1984-2025",158.346246111276,0.989542693704139,156.69037091489,5.05427169830281
1988,600,209,"Matkop",7,4.70180252,1.48879072870972,"1984-2025",236.804006621528,0.989542693704139,234.3276745922,5.45672045459579
1989,600,209,"Matkop",5,4.70180252,1.06342194907837,"1984-2025",169.145719015377,0.989542693704139,167.376910423,5.12024821797458
1990,600,209,"Matkop",7,4.85514176,1.44177046645081,"1984-2025",229.325059929702,0.989542693704139,226.9269375367,5.4246281046012
1991,600,209,"Matkop",4,5.55688703,0.719827482258533,"1984-2025",114.49428626066,0.989542693704139,113.296984440106,4.73001255197019
1992,600,209,"Matkop",6,6.1308353,0.978659465864301,"1984-2025",155.663571894756,0.989542693704139,154.035750244344,5.03718471991607
1993,600,209,"Matkop",5,6.1308353,0.815549554886917,"1984-2025",129.71964324563,0.989542693704139,128.36312520362,4.85486316312212
1994,600,209,"Matkop",2,6.1308353,0.326219821954767,"1984-2025",51.8878572982518,0.989542693704139,51.3452500814481,3.93857243124796
1995,600,209,"Matkop",3,6.09164596,0.492477734211592,"1984-2025",78.3325005887617,0.989542693704139,77.5133536371843,4.35045022651243
1996,600,209,"Matkop",2,6.44975091,0.310089494603444,"1984-2025",49.3222004391306,0.989542693704139,48.8064230819528,3.8878619247297
1997,600,209,"Matkop",3,6.09164596,0.492477734211592,"1984-2025",78.3325005887617,0.989542693704139,77.5133536371843,4.35045022651243
1998,600,209,"Matkop",1,5.62796272,0.177684190488028,"1984-2025",28.2620837230319,0.989542693704139,27.9665384569809,3.3310087404196
1999,600,209,"Matkop",1,6.09164596,0.164159244737197,"1984-2025",26.1108335295872,0.989542693704139,25.8377845457281,3.25183793784432
2002,600,209,"Matkop",5,6.09164596,0.820796223685987,"1984-2025",130.554167647936,0.989542693704139,129.18892272864,4.86127585027842
2003,600,209,"Matkop",6,6.2141484,0.965538576452407,"1984-2025",153.576590075714,0.989542693704139,151.970592633419,5.02368703261165
2004,600,209,"Matkop",1,6.2141484,0.160923096075401,"1984-2025",25.5960983459524,0.989542693704139,25.3284321055698,3.2319275633836
2005,600,209,"Matkop",1,6.2141484,0.160923096075401,"1984-2025",25.5960983459524,0.989542693704139,25.3284321055698,3.2319275633836
2006,600,209,"Matkop",1,5.65793112,0.176743049498277,"1984-2025",28.1123877631693,0.989542693704139,27.8184079136218,3.32569795673484
2007,600,209,"Matkop",1,6.1308353,0.163109910977383,"1984-2025",25.9439286491259,0.989542693704139,25.672625040724,3.24542525068802
2025,600,209,"Matkop",1,6.57225335,0.152154816125583,"1984-2025",24.2014336806938,0.989542693704139,23.9483518758958,3.17589950628637
1961,800,213,"Pimpelmees",3,5.002,0.599760095961615,"1958-1983",54.0709664967896,4.28677659240144,54.0709664967896,3.99029737815167
1965,800,213,"Pimpelmees",3,5.315,0.564440263405456,"1958-1983",50.8867308404406,4.28677659240144,50.8867308404406,3.92960219881318
1966,800,213,"Pimpelmees",4,5.395,0.741427247451344,"1958-1983",66.8428728864854,4.28677659240144,66.8428728864854,4.20234468434878
1967,800,213,"Pimpelmees",1,5.735,0.1743679163034,"1958-1983",15.7200217621007,4.28677659240144,15.7200217621007,2.75493517135765
1969,800,213,"Pimpelmees",3,5.6,0.535714285714286,"1958-1983",48.296959717311,4.28677659240144,48.296959717311,3.87736861286599
1970,800,213,"Pimpelmees",1,5.625,0.177777777777778,"1958-1983",16.0274355210039,4.28677659240144,16.0274355210039,2.7743019738485
1971,800,213,"Pimpelmees",4,5.615,0.712377560106857,"1958-1983",64.223917938128,4.28677659240144,64.223917938128,4.16237569486847
1972,800,213,"Pimpelmees",4,5.645,0.70859167404783,"1958-1983",63.8826039366854,4.28677659240144,63.8826039366854,4.15704708545725
1973,800,213,"Pimpelmees",3,5.715,0.5249343832021,"1958-1983",47.3251048848542,4.28677659240144,47.3251048848542,3.85704091336032
1974,800,213,"Pimpelmees",2,5.855,0.341588385994876,"1958-1983",30.7956703008189,4.28677659240144,30.7956703008189,3.42737410544925
1975,800,213,"Pimpelmees",5,5.505,0.908265213442325,"1958-1983",81.8840370623499,4.28677659240144,81.8840370623499,4.40530406419844
1976,800,213,"Pimpelmees",5,6.49,0.770416024653313,"1958-1983",69.4563365220703,4.28677659240144,69.4563365220703,4.24069830365709
1977,800,213,"Pimpelmees",14,6.175,2.26720647773279,"1958-1983",204.39846919499,4.28677659240144,204.39846919499,5.3200713690402
1978,800,213,"Pimpelmees",8,6.38,1.25391849529781,"1958-1983",113.046175304887,4.28677659240144,113.046175304887,4.72779636626212
1979,800,213,"Pimpelmees",6,6.37,0.941915227629513,"1958-1983",84.9177313710963,4.28677659240144,84.9177313710963,4.44168292158297
1980,800,213,"Pimpelmees",12,6.38,1.88087774294671,"1958-1983",169.56926295733,4.28677659240144,169.56926295733,5.13326147437029
1981,800,213,"Pimpelmees",13,6.38,2.03761755485893,"1958-1983",183.700034870441,4.28677659240144,183.700034870441,5.21330418204382
1982,800,213,"Pimpelmees",15,6.035,2.48550124275062,"1958-1983",224.078686343779,4.28677659240144,224.078686343779,5.4119972684917
1983,800,213,"Pimpelmees",22,6.38,3.44827586206897,"1958-1983",310.876982088439,4.28677659240144,310.876982088439,5.7393972779406
1984,800,213,"Pimpelmees",18,3.02300608,5.95433800781506,"1984-2025",59.8250490114349,4.28677659240144,256.456619741488,5.54695952649292
1985,800,213,"Pimpelmees",26,5.13012052,5.06810705491964,"1984-2025",50.9208164799877,4.28677659240144,218.286164152381,5.38580688157653
1986,800,213,"Pimpelmees",24,4.23796013,5.66310188482118,"1984-2025",56.8989109068897,4.28677659240144,243.91291940879,5.49681127392475
1987,800,213,"Pimpelmees",33,5.02247314,6.57046818970146,"1984-2025",66.0154967623687,4.28677659240144,282.993686256675,5.64542458734728
1988,800,213,"Pimpelmees",30,4.70180252,6.38053169447023,"1984-2025",64.1071468968833,4.28677659240144,274.8130167232,5.61609092721472
1989,800,213,"Pimpelmees",21,4.70180252,4.46637218612916,"1984-2025",44.8750028278183,4.28677659240144,192.36911170624,5.25941598327599
1990,800,213,"Pimpelmees",32,4.85514176,6.59095070377512,"1984-2025",66.2212908249036,4.28677659240144,283.875879426805,5.64853709835771
1991,800,213,"Pimpelmees",37,5.55688703,6.65840421089143,"1984-2025",66.8990167725959,4.28677659240144,286.781139155436,5.65871934350662
1992,800,213,"Pimpelmees",39,6.1308353,6.36128652811795,"1984-2025",63.913784844083,4.28677659240144,273.984116801397,5.61307013682975
1993,800,213,"Pimpelmees",45,6.1308353,7.33994599398225,"1984-2025",73.7466748200957,4.28677659240144,316.135519386227,5.75617098047043
1994,800,213,"Pimpelmees",63,6.1308353,10.2759243915752,"1984-2025",103.245344748134,4.28677659240144,442.589727140718,6.09264321709164
1995,800,213,"Pimpelmees",84,6.09164596,13.7893765579246,"1984-2025",138.546069660846,4.28677659240144,593.916048391336,6.38673797669972
1996,800,213,"Pimpelmees",79,6.44975091,12.248535036836,"1984-2025",123.064765207355,4.28677659240144,527.551154840271,6.26824583664887
1997,800,213,"Pimpelmees",75,6.09164596,12.3119433552898,"1984-2025",123.70184791147,4.28677659240144,530.282186063693,6.27340929139272
1998,800,213,"Pimpelmees",68,5.62796272,12.0825249531859,"1984-2025",121.396811292457,4.28677659240144,520.401009040682,6.2545996856078
1999,800,213,"Pimpelmees",72,6.09164596,11.8194656210782,"1984-2025",118.753773995011,4.28677659240144,509.070898621145,6.23258729687246
2000,800,213,"Pimpelmees",54,5.70172844,9.47081232791929,"1984-2025",95.1561384241577,4.28677659240144,407.913106819991,6.01105417824168
2001,800,213,"Pimpelmees",73,6.44975091,11.3182665530257,"1984-2025",113.718074178949,4.28677659240144,487.483978523288,6.18925742533024
2002,800,213,"Pimpelmees",71,6.09164596,11.655306376341,"1984-2025",117.104416022858,4.28677659240144,502.000469473629,6.21860105489772
2003,800,213,"Pimpelmees",68,6.2141484,10.9427705331273,"1984-2025",109.945351205457,4.28677659240144,471.311157990907,6.1555185085718
2004,800,213,"Pimpelmees",70,6.2141484,11.2646167252781,"1984-2025",113.179038005617,4.28677659240144,485.173250872992,6.18450604544505
2005,800,213,"Pimpelmees",70,6.2141484,11.2646167252781,"1984-2025",113.179038005617,4.28677659240144,485.173250872992,6.18450604544505
2006,800,213,"Pimpelmees",62,5.65793112,10.9580690688932,"1984-2025",110.099060257713,4.28677659240144,471.970074358161,6.15691558179202
2007,800,213,"Pimpelmees",77,6.1308353,12.5594631452585,"1984-2025",126.188754692164,4.28677659240144,540.942999838656,6.29331391255379
2008,800,213,"Pimpelmees",67,6.02064405,11.128377536287,"1984-2025",111.810201344351,4.28677659240144,479.305353914655,6.17233787638205
2009,800,213,"Pimpelmees",58,5.98606767,9.68916544172646,"1984-2025",97.3499987186469,4.28677659240144,417.317695777406,6.03384779210798
2010,800,213,"Pimpelmees",83,6.44975091,12.8687140260429,"1984-2025",129.295892559627,4.28677659240144,554.262605718259,6.31763859197844
2011,800,213,"Pimpelmees",69,6.44975091,10.6980875638188,"1984-2025",107.486946826678,4.28677659240144,460.7725276453,6.1329044887791
2012,800,213,"Pimpelmees",78,6.44975091,12.0934902895343,"1984-2025",121.506983369288,4.28677659240144,520.873292120774,6.25550681087144
2013,800,213,"Pimpelmees",64,6.44975091,9.92286382731019,"1984-2025",99.6980376363386,4.28677659240144,427.383214047814,6.05768106754152
2014,800,213,"Pimpelmees",84,6.44975091,13.0237587733446,"1984-2025",130.853674397694,4.28677659240144,560.940468437756,6.32961478302516
2015,800,213,"Pimpelmees",80,6.57225335,12.1723852900467,"1984-2025",122.299665488814,4.28677659240144,524.271343275974,6.26200938097234
2016,800,213,"Pimpelmees",71,6.44975091,11.0081770584222,"1984-2025",110.602510502813,4.28677659240144,474.128253084294,6.16147786122316
2017,800,213,"Pimpelmees",72,6.57225335,10.955146761042,"1984-2025",110.069698939932,4.28677659240144,471.844208948376,6.15664886531452
2018,800,213,"Pimpelmees",68,6.57225335,10.3465274965397,"1984-2025",103.954715665492,4.28677659240144,445.630641784578,6.09949045147457
2019,800,213,"Pimpelmees",67,6.57225335,10.1943726804141,"1984-2025",102.425969846882,4.28677659240144,439.077249993628,6.08467536568943
2020,800,213,"Pimpelmees",68,6.44975091,10.5430428165171,"1984-2025",105.92916498861,4.28677659240144,454.094664925803,6.11830568935795
2021,800,213,"Pimpelmees",66,6.57225335,10.0422178642885,"1984-2025",100.897224028271,4.28677659240144,432.523858202678,6.06963748832489
2022,800,213,"Pimpelmees",63,6.57225335,9.58575341591176,"1984-2025",96.3109865724409,4.28677659240144,412.863682829829,6.02311747268999
2023,800,213,"Pimpelmees",70,6.57225335,10.6508371287908,"1984-2025",107.012207302712,4.28677659240144,458.737425366477,6.12847798834782
2024,800,213,"Pimpelmees",71,6.57225335,10.8029919449164,"1984-2025",108.540953121322,4.28677659240144,465.290817157427,6.14266262333978
2025,800,213,"Pimpelmees",61,6.57225335,9.28144378366059,"1984-2025",93.2534949352206,4.28677659240144,399.75689924793,5.99085661047177
1958,800,214,"Koolmees",4,4.3072,0.928677563150074,"1958-1983",15.0879145368924,2.55114830192195,15.0879145368924,2.71389406156517
1959,800,214,"Koolmees",14,5.0372,2.77932184546971,"1958-1983",45.1547147674423,2.55114830192195,45.1547147674423,3.8100946989392
1960,800,214,"Koolmees",16,5.022,3.18598168060534,"1958-1983",51.7615814363225,2.55114830192195,51.7615814363225,3.94664820297788
1961,800,214,"Koolmees",15,5.002,2.99880047980808,"1958-1983",48.7205109156109,2.55114830192195,48.7205109156109,3.88610011012028
1962,800,214,"Koolmees",15,5.002,2.99880047980808,"1958-1983",48.7205109156109,2.55114830192195,48.7205109156109,3.88610011012028
1963,800,214,"Koolmees",7,5.2472,1.33404482390608,"1958-1983",21.6737811810642,2.55114830192195,21.6737811810642,3.07610328953142
1964,800,214,"Koolmees",14,5.3272,2.62802222555939,"1958-1983",42.6966003203484,2.55114830192195,42.6966003203484,3.75411929927448
1965,800,214,"Koolmees",20,5.315,3.76293508936971,"1958-1983",61.1351509814703,2.55114830192195,61.1351509814703,4.11308700323358
1966,800,214,"Koolmees",21,5.395,3.89249304911956,"1958-1983",63.2400359295348,2.55114830192195,63.2400359295348,4.14693758048682
1967,800,214,"Koolmees",18,5.735,3.1386224934612,"1958-1983",50.9921525230799,2.55114830192195,50.9921525230799,3.93167174878833
1968,800,214,"Koolmees",18,5.6,3.21428571428571,"1958-1983",52.221427628547,2.55114830192195,52.221427628547,3.95549290162856
1969,800,214,"Koolmees",16,5.6,2.85714285714286,"1958-1983",46.4190467809306,2.55114830192195,46.4190467809306,3.83770986597217
1970,800,214,"Koolmees",22,5.625,3.91111111111111,"1958-1983",63.5425173712295,2.55114830192195,63.5425173712295,4.15170924674133
1971,800,214,"Koolmees",27,5.615,4.80854853072128,"1958-1983",78.1228837185743,2.55114830192195,78.1228837185743,4.35828301928742
1972,800,214,"Koolmees",31,5.645,5.49158547387068,"1958-1983",89.2199570545788,2.55114830192195,89.2199570545788,4.49110474835702
1973,800,214,"Koolmees",35,5.715,6.12423447069116,"1958-1983",99.4983942373404,2.55114830192195,99.4983942373404,4.60014150571614
1974,800,214,"Koolmees",33,5.855,5.63620836891546,"1958-1983",91.5695969803158,2.55114830192195,91.5695969803158,4.5170993058903
1975,800,214,"Koolmees",49,5.505,8.90099909173479,"1958-1983",144.61156263269,2.55114830192195,144.61156263269,4.97405126940948
1976,800,214,"Koolmees",43,6.49,6.62557781201849,"1958-1983",107.643552242374,2.55114830192195,107.643552242374,4.67882532645106
1977,800,214,"Koolmees",56,6.175,9.06882591093117,"1958-1983",147.338188972671,2.55114830192195,147.338188972671,4.9927305496946
1978,800,214,"Koolmees",48,6.38,7.52351097178683,"1958-1983",122.231972714676,2.55114830192195,122.231972714676,4.80592065502469
1979,800,214,"Koolmees",39,6.37,6.12244897959184,"1958-1983",99.4693859591371,2.55114830192195,99.4693859591371,4.59984991801907
1980,800,214,"Koolmees",86,6.38,13.4796238244514,"1958-1983",218.998951113795,2.55114830192195,218.998951113795,5.38906694037031
1981,800,214,"Koolmees",101,6.38,15.8307210031348,"1958-1983",257.196442587131,2.55114830192195,257.196442587131,5.54984016095806
1982,800,214,"Koolmees",91,6.035,15.0787075393538,"1958-1983",244.978730732832,2.55114830192195,244.978730732832,5.50117139344085
1983,800,214,"Koolmees",113,6.38,17.7115987460815,"1958-1983",287.7544357658,2.55114830192195,287.7544357658,5.66210746282914
1984,800,214,"Koolmees",69,3.02300608,22.824962363291,"1984-2025",107.725412290361,2.55114830192195,274.823502638397,5.61612908303163
1985,800,214,"Koolmees",96,5.13012052,18.7130106643187,"1984-2025",88.3185153571044,2.55114830192195,225.313630481545,5.4174933448605
1986,800,214,"Koolmees",102,4.23796013,24.06818301049,"1984-2025",113.592955669218,2.55114830192195,289.792475965822,5.66916506669869
1987,800,214,"Koolmees",81,5.02247314,16.1275128292672,"1984-2025",76.1159182257856,2.55114830192195,194.182995530943,5.26880099039085
1988,800,214,"Koolmees",75,4.70180252,15.9513292361756,"1984-2025",75.2843965828357,2.55114830192195,192.06166050352,5.25781646892649
1989,800,214,"Koolmees",90,4.70180252,19.1415950834107,"1984-2025",90.3412758994029,2.55114830192195,230.473992604224,5.44013802572044
1990,800,214,"Koolmees",93,4.85514176,19.1549504828465,"1984-2025",90.4043084638216,2.55114830192195,230.634798023907,5.44083549854885
1991,800,214,"Koolmees",138,5.55688703,24.8340481379194,"1984-2025",117.207556880734,2.55114830192195,299.013859708704,5.70048992585721
1992,800,214,"Koolmees",140,6.1308353,22.8353875368337,"1984-2025",107.774615268232,2.55114830192195,274.949026731843,5.61658572314702
1993,800,214,"Koolmees",136,6.1308353,22.1829478929242,"1984-2025",104.695340546283,2.55114830192195,267.093340253791,5.58759818627377
1994,800,214,"Koolmees",128,6.1308353,20.8780686051051,"1984-2025",98.536791102384,2.55114830192195,251.381967297685,5.52697356445734
1995,800,214,"Koolmees",137,6.09164596,22.489816528996,"1984-2025",106.143647440011,2.55114830192195,270.788185926385,5.60133691352215
1996,800,214,"Koolmees",140,6.44975091,21.706264622241,"1984-2025",102.445571146933,2.55114830192195,261.353844870922,5.56587521662876
1997,800,214,"Koolmees",149,6.09164596,24.4597274658424,"1984-2025",115.440901230376,2.55114830192195,294.506859146215,5.68530229363948
1998,800,214,"Koolmees",115,5.62796272,20.4336819061232,"1984-2025",96.4394496214988,2.55114830192195,246.031338140174,5.50545891863256
1999,800,214,"Koolmees",125,6.09164596,20.5199055921497,"1984-2025",96.8463936496446,2.55114830192195,247.069512706556,5.50966972499632
2000,800,214,"Koolmees",104,5.70172844,18.2400830019186,"1984-2025",86.0864710450622,2.55114830192195,219.619354425064,5.39189584065639
2001,800,214,"Koolmees",125,6.44975091,19.3805934127152,"1984-2025",91.4692599526185,2.55114830192195,233.35164720618,5.45254653132176
2002,800,214,"Koolmees",105,6.09164596,17.2367206974057,"1984-2025",81.3509706657015,2.55114830192195,207.538390673507,5.33531633785154
2003,800,214,"Koolmees",115,6.2141484,18.5061560486711,"1984-2025",87.342237788707,2.55114830192195,222.823001620723,5.40637774159655
2004,800,214,"Koolmees",116,6.2141484,18.6670791447465,"1984-2025",88.1017355086088,2.55114830192195,224.760592939164,5.41503580433967
2005,800,214,"Koolmees",97,6.2141484,15.6095403193139,"1984-2025",73.6712788304746,2.55114830192195,187.946357888784,5.23615659173668
2006,800,214,"Koolmees",95,5.65793112,16.7905897023363,"1984-2025",79.2453967499846,2.55114830192195,202.166759353855,5.30909289818508
2007,800,214,"Koolmees",125,6.1308353,20.3887388721729,"1984-2025",96.2273350609219,2.55114830192195,245.490202439146,5.50325703784002
2008,800,214,"Koolmees",123,6.02064405,20.4297080143776,"1984-2025",96.4206943166761,2.55114830192195,245.983490576124,5.50526442220112
2009,800,214,"Koolmees",92,5.98606767,15.3690210454971,"1984-2025",72.536116479567,2.55114830192195,185.050390384861,5.22062816844821
2010,800,214,"Koolmees",158,6.44975091,24.497070073672,"1984-2025",115.61714458011,2.55114830192195,294.956482068612,5.68682782704642
2011,800,214,"Koolmees",139,6.44975091,21.5512198749393,"1984-2025",101.713817067312,2.55114830192195,259.487031693273,5.55870672715015
2012,800,214,"Koolmees",140,6.44975091,21.706264622241,"1984-2025",102.445571146933,2.55114830192195,261.353844870922,5.56587521662876
2013,800,214,"Koolmees",149,6.44975091,23.1016673479565,"1984-2025",109.031357863521,2.55114830192195,278.155163469767,5.62817909996492
2014,800,214,"Koolmees",167,6.44975091,25.8924727993875,"1984-2025",122.202931296698,2.55114830192195,311.757800667457,5.74222660643621
2015,800,214,"Koolmees",163,6.57225335,24.8012350284701,"1984-2025",117.052691094421,2.55114830192195,298.618774120926,5.69916775694283
2016,800,214,"Koolmees",161,6.44975091,24.9622043155772,"1984-2025",117.812406818973,2.55114830192195,300.55692160156,5.70563715900392
2017,800,214,"Koolmees",158,6.57225335,24.0404609478422,"1984-2025",113.462117747966,2.55114830192195,289.458689025192,5.66801258916304
2018,800,214,"Koolmees",158,6.57225335,24.0404609478422,"1984-2025",113.462117747966,2.55114830192195,289.458689025192,5.66801258916304
2019,800,214,"Koolmees",178,6.57225335,27.0835572703539,"1984-2025",127.824411133785,2.55114830192195,326.099029408128,5.78720110642816
2020,800,214,"Koolmees",149,6.44975091,23.1016673479565,"1984-2025",109.031357863521,2.55114830192195,278.155163469767,5.62817909996492
2021,800,214,"Koolmees",141,6.57225335,21.4538290737073,"1984-2025",101.25416837002,2.55114830192195,258.314399699697,5.55417744651424
2022,800,214,"Koolmees",145,6.57225335,22.0624483382096,"1984-2025",104.126627047184,2.55114830192195,265.642467776284,5.58215129855665
2023,800,214,"Koolmees",140,6.57225335,21.3016742575817,"1984-2025",100.536053700729,2.55114830192195,256.48238268055,5.54705997874538
2024,800,214,"Koolmees",152,6.57225335,23.1275320510887,"1984-2025",109.15342973222,2.55114830192195,278.466586910312,5.62929807698235
2025,800,214,"Koolmees",133,6.57225335,20.2365905447026,"1984-2025",95.5092510156929,2.55114830192195,243.658263546523,5.49576668435783
1980,800,217,"Boomkruiper",1,6.38,0.156739811912226,"1958-1983",98.5909740657545,9.51322153325208,98.5909740657545,4.5909797165032
1981,800,217,"Boomkruiper",1,6.38,0.156739811912226,"1958-1983",98.5909740657545,9.51322153325208,98.5909740657545,4.5909797165032
1982,800,217,"Boomkruiper",1,6.035,0.165700082850041,"1958-1983",104.227077802736,9.51322153325208,104.227077802736,4.6465719593104
1983,800,217,"Boomkruiper",1,6.38,0.156739811912226,"1958-1983",98.5909740657545,9.51322153325208,98.5909740657545,4.5909797165032
1986,800,217,"Boomkruiper",1,4.23796013,0.235962578534216,"1984-2025",10.5610570467888,9.51322153325208,100.469675311415,4.60985594377213
1990,800,217,"Boomkruiper",1,4.85514176,0.205967209492973,"1984-2025",9.21854415533,9.51322153325208,87.6980527637205,4.47389969575331
1991,800,217,"Boomkruiper",3,5.55688703,0.5398706116939,"1984-2025",24.1631718190319,9.51322153325208,229.869606460484,5.43751221972583
1992,800,217,"Boomkruiper",4,6.1308353,0.652439643909534,"1984-2025",29.2014621204694,9.51322153325208,277.799978246894,5.62690135201532
1993,800,217,"Boomkruiper",4,6.1308353,0.652439643909534,"1984-2025",29.2014621204694,9.51322153325208,277.799978246894,5.62690135201532
1994,800,217,"Boomkruiper",3,6.1308353,0.48932973293215,"1984-2025",21.901096590352,9.51322153325208,208.349983685171,5.33921927956354
1995,800,217,"Boomkruiper",4,6.09164596,0.65663697894879,"1984-2025",29.3893236664375,9.51322153325208,279.587146751268,5.63331403917162
1996,800,217,"Boomkruiper",6,6.44975091,0.930268483810331,"1984-2025",41.6363416071334,9.51322153325208,396.095741542821,5.98165595360522
1997,800,217,"Boomkruiper",7,6.09164596,1.14911471316038,"1984-2025",51.4313164162656,9.51322153325208,489.27750681472,6.19292982710705
1998,800,217,"Boomkruiper",2,5.62796272,0.355368380976056,"1984-2025",15.9053429888202,9.51322153325208,151.311051415004,5.01933766118697
1999,800,217,"Boomkruiper",3,6.09164596,0.492477734211592,"1984-2025",22.0419927498281,9.51322153325208,209.690360063451,5.34563196671984
2000,800,217,"Boomkruiper",5,5.70172844,0.876927067399934,"1984-2025",39.2489217663851,9.51322153325208,373.383687704901,5.92260654430683
2001,800,217,"Boomkruiper",9,6.44975091,1.3954027257155,"1984-2025",62.4545124107001,9.51322153325208,594.143612314232,6.38712106171339
2002,800,217,"Boomkruiper",13,6.09164596,2.13407018158357,"1984-2025",95.5153019159219,9.51322153325208,908.658226941622,6.81196903551327
2003,800,217,"Boomkruiper",11,6.2141484,1.77015405682941,"1984-2025",79.2273846637478,9.51322153325208,753.707661806411,6.62500457638938
2004,800,217,"Boomkruiper",9,6.2141484,1.44830786467861,"1984-2025",64.8224056339754,9.51322153325208,616.669905114336,6.42433388092723
2005,800,217,"Boomkruiper",12,6.2141484,1.93107715290481,"1984-2025",86.4298741786339,9.51322153325208,822.226540152448,6.71201595337901
2006,800,217,"Boomkruiper",14,5.65793112,2.47440269297587,"1984-2025",110.747679397209,9.51322153325208,1053.56720839923,6.95993702655751
2007,800,217,"Boomkruiper",11,6.1308353,1.79420902075122,"1984-2025",80.3040208312908,9.51322153325208,763.949940178959,6.6385022636938
2008,800,217,"Boomkruiper",13,6.02064405,2.1592374324139,"1984-2025",96.6417210853557,9.51322153325208,919.374102039747,6.82369311464795
2009,800,217,"Boomkruiper",14,5.98606767,2.33876407214087,"1984-2025",104.676855704381,9.51322153325208,995.814117720042,6.90356061137214
2010,800,217,"Boomkruiper",13,6.44975091,2.01558171492238,"1984-2025",90.2120734821224,9.51322153325208,858.207440009446,6.75484584183871
2011,800,217,"Boomkruiper",20,6.44975091,3.10089494603444,"1984-2025",138.787805357111,9.51322153325208,1320.31913847607,7.18562875793116
2012,800,217,"Boomkruiper",29,6.44975091,4.49629767174993,"1984-2025",201.242317767812,9.51322153325208,1914.4627507903,7.55719231436364
2013,800,217,"Boomkruiper",27,6.44975091,4.18620817714649,"1984-2025",187.3635372321,9.51322153325208,1782.4308369427,7.4857333503815
2014,800,217,"Boomkruiper",23,6.44975091,3.5660291879396,"1984-2025",159.605976160678,9.51322153325208,1518.36700924748,7.32539070030632
2015,800,217,"Boomkruiper",20,6.57225335,3.04309632251167,"1984-2025",136.200892788001,9.51322153325208,1295.70926611897,7.16681352004778
2016,800,217,"Boomkruiper",21,6.44975091,3.25593969333616,"1984-2025",145.727195624967,9.51322153325208,1386.33509539987,7.23441892210059
2017,800,217,"Boomkruiper",24,6.57225335,3.651715587014,"1984-2025",163.441071345602,9.51322153325208,1554.85111934277,7.34913507684173
2018,800,217,"Boomkruiper",26,6.57225335,3.95602521926517,"1984-2025",177.061160624402,9.51322153325208,1684.42204595466,7.42917778451527
2019,800,217,"Boomkruiper",29,6.57225335,4.41248966764192,"1984-2025",197.491294542602,9.51322153325208,1878.77843587251,7.53837707648026
2020,800,217,"Boomkruiper",30,6.44975091,4.65134241905165,"1984-2025",208.181708035667,9.51322153325208,1980.47870771411,7.59109386603933
2021,800,217,"Boomkruiper",28,6.57225335,4.26033485151634,"1984-2025",190.681249903202,9.51322153325208,1813.99297256656,7.50328575666899
2022,800,217,"Boomkruiper",30,6.57225335,4.5646444837675,"1984-2025",204.301339182002,9.51322153325208,1943.56389917846,7.57227862815594
2023,800,217,"Boomkruiper",26,6.57225335,3.95602521926517,"1984-2025",177.061160624402,9.51322153325208,1684.42204595466,7.42917778451527
2024,800,217,"Boomkruiper",12,6.57225335,1.825857793507,"1984-2025",81.7205356728008,9.51322153325208,777.425559671383,6.65598789628179
2025,800,217,"Boomkruiper",20,6.57225335,3.04309632251167,"1984-2025",136.200892788001,9.51322153325208,1295.70926611897,7.16681352004778
1959,800,218,"Wielewaal",1,5.0372,0.198522988962122,"1958-1983",121.225094114709,0.69702911021166,121.225094114709,4.79764909935497
1977,800,218,"Wielewaal",1,6.175,0.161943319838057,"1958-1983",98.8882662469006,0.69702911021166,98.8882662469006,4.59399058899049
1978,800,218,"Wielewaal",1,6.38,0.156739811912226,"1958-1983",95.7108219552682,0.69702911021166,95.7108219552682,4.56133137414783
1979,800,218,"Wielewaal",1,6.37,0.156985871271586,"1958-1983",95.8610744230159,0.69702911021166,95.8610744230159,4.56290000192046
1980,800,218,"Wielewaal",1,6.38,0.156739811912226,"1958-1983",95.7108219552682,0.69702911021166,95.7108219552682,4.56133137414783
1981,800,218,"Wielewaal",1,6.38,0.156739811912226,"1958-1983",95.7108219552682,0.69702911021166,95.7108219552682,4.56133137414783
1982,800,218,"Wielewaal",1,6.035,0.165700082850041,"1958-1983",101.182277394302,0.69702911021166,101.182277394302,4.61692361695503
1983,800,218,"Wielewaal",1,6.38,0.156739811912226,"1958-1983",95.7108219552682,0.69702911021166,95.7108219552682,4.56133137414783
1984,800,218,"Wielewaal",1,3.02300608,0.330796555989725,"1984-2025",100.082047518394,0.69702911021166,69.760100529907,4.24506222068207
1985,800,218,"Wielewaal",3,5.13012052,0.584781583259958,"1984-2025",176.92487162872,0.69702911021166,123.321785845678,4.81479708430848
1986,800,218,"Wielewaal",2,4.23796013,0.471925157068431,"1984-2025",142.780313578341,0.69702911021166,99.5220349292527,4.60037907622206
1987,800,218,"Wielewaal",1,5.02247314,0.19910509665762,"1984-2025",60.2389758418804,0.69702911021166,41.9883197311276,3.73739147796612
1988,800,218,"Wielewaal",1,4.70180252,0.212684389815674,"1984-2025",64.347372493848,0.69702911021166,44.8519917938451,3.80336799763788
1989,800,218,"Wielewaal",1,4.70180252,0.212684389815674,"1984-2025",64.347372493848,0.69702911021166,44.8519917938451,3.80336799763788
1991,800,218,"Wielewaal",1,5.55688703,0.179956870564633,"1984-2025",54.4457061145174,0.69702911021166,37.9502420878475,3.63627588294771
1993,800,218,"Wielewaal",2,6.1308353,0.326219821954767,"1984-2025",98.6973628689563,0.69702911021166,68.7949350207859,4.23113012334537
1994,800,218,"Wielewaal",1,6.1308353,0.163109910977383,"1984-2025",49.3486814344781,0.69702911021166,34.3974675103929,3.53798294278542
1995,800,218,"Wielewaal",1,6.09164596,0.164159244737197,"1984-2025",49.6661559344715,0.69702911021166,34.6187564786382,3.54439562994172
1996,800,218,"Wielewaal",3,6.44975091,0.465134241905165,"1984-2025",140.725731443923,0.69702911021166,98.0899313722428,4.58588472493527
1997,800,218,"Wielewaal",1,6.09164596,0.164159244737197,"1984-2025",49.6661559344715,0.69702911021166,34.6187564786382,3.54439562994172
1998,800,218,"Wielewaal",4,5.62796272,0.710736761952112,"1984-2025",215.032439409587,0.69702911021166,149.883869908307,5.0098607936369
1999,800,218,"Wielewaal",3,6.09164596,0.492477734211592,"1984-2025",148.998467803414,0.69702911021166,103.856269435915,4.64300791860983
2000,800,218,"Wielewaal",3,5.70172844,0.52615624043996,"1984-2025",159.187853997631,0.69702911021166,110.958568228472,4.70915687243083
2001,800,218,"Wielewaal",1,6.44975091,0.155044747301722,"1984-2025",46.9085771479744,0.69702911021166,32.6966437907476,3.48727243626716
2002,800,218,"Wielewaal",1,6.09164596,0.164159244737197,"1984-2025",49.6661559344715,0.69702911021166,34.6187564786382,3.54439562994172
2004,800,218,"Wielewaal",2,6.2141484,0.321846192150802,"1984-2025",97.3741271280078,0.69702911021166,67.8726011896723,4.21763243604095
2005,800,218,"Wielewaal",3,6.2141484,0.482769288226203,"1984-2025",146.061190692012,0.69702911021166,101.808901784508,4.62309754414911
2006,800,218,"Wielewaal",3,5.65793112,0.53022914849483,"1984-2025",160.420106782929,0.69702911021166,111.817484290965,4.71686793750035
2007,800,218,"Wielewaal",1,6.1308353,0.163109910977383,"1984-2025",49.3486814344781,0.69702911021166,34.3974675103929,3.53798294278542
2008,800,218,"Wielewaal",4,6.02064405,0.664380748435045,"1984-2025",201.007490650076,0.69702911021166,140.108072353701,4.94241407019629
2009,800,218,"Wielewaal",1,5.98606767,0.167054576581491,"1984-2025",50.5421346409459,0.69702911021166,35.2293391369764,3.56187923364687
2012,800,218,"Wielewaal",1,6.44975091,0.155044747301722,"1984-2025",46.9085771479744,0.69702911021166,32.6966437907476,3.48727243626716
2013,800,218,"Wielewaal",1,6.44975091,0.155044747301722,"1984-2025",46.9085771479744,0.69702911021166,32.6966437907476,3.48727243626716
2014,800,218,"Wielewaal",1,6.44975091,0.155044747301722,"1984-2025",46.9085771479744,0.69702911021166,32.6966437907476,3.48727243626716
2015,800,218,"Wielewaal",4,6.57225335,0.608619264502334,"1984-2025",184.136929625181,0.69702911021166,128.348800213747,4.85475155950367
2016,800,218,"Wielewaal",1,6.44975091,0.155044747301722,"1984-2025",46.9085771479744,0.69702911021166,32.6966437907476,3.48727243626716
2018,800,218,"Wielewaal",2,6.57225335,0.304309632251167,"1984-2025",92.0684648125907,0.69702911021166,64.1744001068736,4.16160437894372
2019,800,218,"Wielewaal",5,6.57225335,0.760774080627917,"1984-2025",230.171162031477,0.69702911021166,160.436000267184,5.07789511081788
2021,800,218,"Wielewaal",3,6.57225335,0.45646444837675,"1984-2025",138.102697218886,0.69702911021166,96.2616001603104,4.56706948705189
2023,800,218,"Wielewaal",1,6.57225335,0.152154816125583,"1984-2025",46.0342324062954,0.69702911021166,32.0872000534368,3.46845719838378
2024,800,218,"Wielewaal",1,6.57225335,0.152154816125583,"1984-2025",46.0342324062954,0.69702911021166,32.0872000534368,3.46845719838378
1959,600,219,"Grauwe Klauwier",2,5.0372,0.397045977924244,"1958-1983",129.554631360521,0.368489980781914,129.554631360521,4.86410265596789
1959,700,219,"Grauwe Klauwier",2,5.0372,0.397045977924244,"1958-1983",129.554631360521,0.368489980781914,129.554631360521,4.86410265596789
1960,600,219,"Grauwe Klauwier",1,5.022,0.199123855037834,"1958-1983",64.9733760542829,0.368489980781914,64.9733760542829,4.17397758682211
1960,700,219,"Grauwe Klauwier",1,5.022,0.199123855037834,"1958-1983",64.9733760542829,0.368489980781914,64.9733760542829,4.17397758682211
1961,600,219,"Grauwe Klauwier",1,5.002,0.199920031987205,"1958-1983",65.2331656426647,0.368489980781914,65.2331656426647,4.17796801510207
1961,700,219,"Grauwe Klauwier",1,5.002,0.199920031987205,"1958-1983",65.2331656426647,0.368489980781914,65.2331656426647,4.17796801510207
1962,600,219,"Grauwe Klauwier",1,5.002,0.199920031987205,"1958-1983",65.2331656426647,0.368489980781914,65.2331656426647,4.17796801510207
1962,700,219,"Grauwe Klauwier",1,5.002,0.199920031987205,"1958-1983",65.2331656426647,0.368489980781914,65.2331656426647,4.17796801510207
1963,600,219,"Grauwe Klauwier",2,5.2472,0.381155663973167,"1958-1983",124.369680799134,0.368489980781914,124.369680799134,4.82325842712006
1963,700,219,"Grauwe Klauwier",2,5.2472,0.381155663973167,"1958-1983",124.369680799134,0.368489980781914,124.369680799134,4.82325842712006
1964,600,219,"Grauwe Klauwier",3,5.3272,0.563147619762727,"1958-1983",183.752981610194,0.368489980781914,183.752981610194,5.21359236441134
1964,700,219,"Grauwe Klauwier",3,5.3272,0.563147619762727,"1958-1983",183.752981610194,0.368489980781914,183.752981610194,5.21359236441134
1965,600,219,"Grauwe Klauwier",4,5.315,0.752587017873942,"1958-1983",245.566355254644,0.368489980781914,245.566355254644,5.50356719688348
1965,700,219,"Grauwe Klauwier",4,5.315,0.752587017873942,"1958-1983",245.566355254644,0.368489980781914,245.566355254644,5.50356719688348
1966,600,219,"Grauwe Klauwier",2,5.395,0.370713623725672,"1958-1983",120.962481758891,0.368489980781914,120.962481758891,4.79548042940735
1966,700,219,"Grauwe Klauwier",2,5.395,0.370713623725672,"1958-1983",120.962481758891,0.368489980781914,120.962481758891,4.79548042940735
1967,600,219,"Grauwe Klauwier",2,5.735,0.3487358326068,"1958-1983",113.791209954528,0.368489980781914,113.791209954528,4.73436527753611
1967,700,219,"Grauwe Klauwier",2,5.735,0.3487358326068,"1958-1983",113.791209954528,0.368489980781914,113.791209954528,4.73436527753611
1968,600,219,"Grauwe Klauwier",2,5.6,0.357142857142857,"1958-1983",116.534390908789,0.368489980781914,116.534390908789,4.75818643037634
1968,700,219,"Grauwe Klauwier",2,5.6,0.357142857142857,"1958-1983",116.534390908789,0.368489980781914,116.534390908789,4.75818643037634
1971,600,219,"Grauwe Klauwier",1,5.615,0.178094390026714,"1958-1983",58.1115395448992,0.368489980781914,58.1115395448992,4.06236425936709
1971,700,219,"Grauwe Klauwier",1,5.615,0.178094390026714,"1958-1983",58.1115395448992,0.368489980781914,58.1115395448992,4.06236425936709
1975,600,219,"Grauwe Klauwier",1,5.505,0.181653042688465,"1958-1983",59.2727147219998,0.368489980781914,59.2727147219998,4.08214907738286
1975,700,219,"Grauwe Klauwier",1,5.505,0.181653042688465,"1958-1983",59.2727147219998,0.368489980781914,59.2727147219998,4.08214907738286
1976,600,219,"Grauwe Klauwier",1,6.49,0.154083204930663,"1958-1983",50.2767788204328,0.368489980781914,50.2767788204328,3.9175433168415
1976,700,219,"Grauwe Klauwier",1,6.49,0.154083204930663,"1958-1983",50.2767788204328,0.368489980781914,50.2767788204328,3.9175433168415
1979,600,219,"Grauwe Klauwier",1,6.37,0.156985871271586,"1958-1983",51.2239080917753,0.368489980781914,51.2239080917753,3.93620637797343
1979,700,219,"Grauwe Klauwier",1,6.37,0.156985871271586,"1958-1983",51.2239080917753,0.368489980781914,51.2239080917753,3.93620637797343
1983,600,219,"Grauwe Klauwier",1,6.38,0.156739811912226,"1958-1983",51.1436198345782,0.368489980781914,51.1436198345782,3.9346377502008
1983,700,219,"Grauwe Klauwier",1,6.38,0.156739811912226,"1958-1983",51.1436198345782,0.368489980781914,51.1436198345782,3.9346377502008
1984,600,219,"Grauwe Klauwier",1,3.02300608,0.330796555989725,"1984-2025",138.792429921852,0.368489980781914,51.1436198345782,3.9346377502008
1984,700,219,"Grauwe Klauwier",1,3.02300608,0.330796555989725,"1984-2025",138.792429921852,0.368489980781914,51.1436198345782,3.9346377502008
2008,600,219,"Grauwe Klauwier",1,6.02064405,0.166095187108761,"1984-2025",69.6886173683912,0.368489980781914,25.6795572747966,3.24569523859514
2008,700,219,"Grauwe Klauwier",1,6.02064405,0.166095187108761,"1984-2025",69.6886173683912,0.368489980781914,25.6795572747966,3.24569523859514
2024,600,219,"Grauwe Klauwier",2,6.57225335,0.304309632251167,"1984-2025",127.679301806505,0.368489980781914,47.0485434689271,3.85117990846246
2024,700,219,"Grauwe Klauwier",2,6.57225335,0.304309632251167,"1984-2025",127.679301806505,0.368489980781914,47.0485434689271,3.85117990846246
2025,600,219,"Grauwe Klauwier",1,6.57225335,0.152154816125583,"1984-2025",63.8396509032524,0.368489980781914,23.5242717344636,3.15803272790251
2025,700,219,"Grauwe Klauwier",1,6.57225335,0.152154816125583,"1984-2025",63.8396509032524,0.368489980781914,23.5242717344636,3.15803272790251
1959,800,222,"Gaai",3,5.0372,0.595568966886366,"1958-1983",47.0676123736284,2.64158915244863,47.0676123736284,3.85158512911329
1960,800,222,"Gaai",5,5.022,0.995619275189168,"1958-1983",78.6834518281033,2.64158915244863,78.6834518281033,4.36543286429344
1961,800,222,"Gaai",5,5.002,0.999600159936026,"1958-1983",78.99805979223,2.64158915244863,78.99805979223,4.3694232925734
1962,800,222,"Gaai",4,5.002,0.79968012794882,"1958-1983",63.198447833784,2.64158915244863,63.198447833784,4.1462797412592
1963,800,222,"Gaai",3,5.2472,0.57173349595975,"1958-1983",45.1839032338087,2.64158915244863,45.1839032338087,3.81074090026545
1964,800,222,"Gaai",5,5.3272,0.938579366271212,"1958-1983",74.1756072760052,2.64158915244863,74.1756072760052,4.30643535321456
1965,800,222,"Gaai",2,5.315,0.376293508936971,"1958-1983",29.7383477012782,2.64158915244863,29.7383477012782,3.39243738136077
1966,800,222,"Gaai",2,5.395,0.370713623725672,"1958-1983",29.29737127568,2.64158915244863,29.29737127568,3.37749779444458
1967,800,222,"Gaai",3,5.735,0.5231037489102,"1958-1983",41.3407109064413,2.64158915244863,41.3407109064413,3.72184775068151
1968,800,222,"Gaai",6,5.6,1.07142857142857,"1958-1983",84.6746346601574,2.64158915244863,84.6746346601574,4.43881608408168
1969,800,222,"Gaai",3,5.6,0.535714285714286,"1958-1983",42.3373173300787,2.64158915244863,42.3373173300787,3.74566890352174
1970,800,222,"Gaai",3,5.625,0.533333333333333,"1958-1983",42.1491514752784,2.64158915244863,42.1491514752784,3.74121455317236
1971,800,222,"Gaai",5,5.615,0.890471950133571,"1958-1983",70.3736945824995,2.64158915244863,70.3736945824995,4.25381953683843
1972,800,222,"Gaai",3,5.645,0.531443755535872,"1958-1983",41.9998187862605,2.64158915244863,41.9998187862605,3.73766530366122
1973,800,222,"Gaai",4,5.715,0.699912510936133,"1958-1983",55.3138470804178,2.64158915244863,55.3138470804178,4.01302327646785
1974,800,222,"Gaai",5,5.855,0.85397096498719,"1958-1983",67.4890341726276,2.64158915244863,67.4890341726276,4.21196512797915
1975,800,222,"Gaai",9,5.505,1.63487738419619,"1958-1983",129.203802206235,2.64158915244863,129.203802206235,4.86139101975631
1976,800,222,"Gaai",9,6.49,1.38674884437596,"1958-1983",109.594288312068,2.64158915244863,109.594288312068,4.69678525921495
1977,800,222,"Gaai",6,6.175,0.97165991902834,"1958-1983",76.7899520804666,2.64158915244863,76.7899520804666,4.34107379930875
1978,800,222,"Gaai",7,6.38,1.09717868338558,"1958-1983",86.7096572277474,2.64158915244863,86.7096572277474,4.46256526429335
1979,800,222,"Gaai",12,6.37,1.88383045525903,"1958-1983",148.878478523354,2.64158915244863,148.878478523354,5.00313039279866
1980,800,222,"Gaai",14,6.38,2.19435736677116,"1958-1983",173.419314455495,2.64158915244863,173.419314455495,5.15571244485329
1981,800,222,"Gaai",22,6.38,3.44827586206897,"1958-1983",272.51606557292,2.64158915244863,272.51606557292,5.60769756859635
1982,800,222,"Gaai",23,6.035,3.81110190555095,"1958-1983",301.19008407148,2.64158915244863,301.19008407148,5.70774157397439
1983,800,222,"Gaai",25,6.38,3.91849529780564,"1958-1983",309.677347241955,2.64158915244863,309.677347241955,5.73553094010623
1984,800,222,"Gaai",14,3.02300608,4.63115178385615,"1984-2025",84.8359049134808,2.64158915244863,224.101606157614,5.41209954792807
1985,800,222,"Gaai",36,5.13012052,7.0173789991195,"1984-2025",128.548085939748,2.64158915244863,339.571229386473,5.82768373172722
1986,800,222,"Gaai",28,4.23796013,6.60695219895804,"1984-2025",121.029669222374,2.64158915244863,319.710661342268,5.76741640346806
1987,800,222,"Gaai",31,5.02247314,6.17225799638622,"1984-2025",113.066709302905,2.64158915244863,298.675792797616,5.699358680082
1988,800,222,"Gaai",24,4.70180252,5.10442535557618,"1984-2025",93.5055822642569,2.64158915244863,247.003331802654,5.50940182561657
1989,800,222,"Gaai",27,4.70180252,5.74247852502321,"1984-2025",105.193780047289,2.64158915244863,277.878748277985,5.62718486127295
1990,800,222,"Gaai",29,4.85514176,5.97304907529621,"1984-2025",109.417494188336,2.64158915244863,289.03606573602,5.66655147526052
1991,800,222,"Gaai",32,5.55688703,5.75861985806827,"1984-2025",105.489465582831,2.64158915244863,278.65982798121,5.62999178337818
1992,800,222,"Gaai",34,6.1308353,5.54573697323104,"1984-2025",101.589763517631,2.64158915244863,268.358417307996,5.59232346503233
1993,800,222,"Gaai",40,6.1308353,6.52439643909534,"1984-2025",119.517368844272,2.64158915244863,315.715785068231,5.7548423945301
1994,800,222,"Gaai",32,6.1308353,5.21951715127627,"1984-2025",95.6138950754177,2.64158915244863,252.572628054585,5.53169884321589
1995,800,222,"Gaai",38,6.09164596,6.2380513000135,"1984-2025",114.271946080055,2.64158915244863,301.859533194268,5.70996178729885
1996,800,222,"Gaai",38,6.44975091,5.89170039746543,"1984-2025",107.927305781783,2.64158915244863,285.099600206165,5.65283859362429
1997,800,222,"Gaai",33,6.09164596,5.41725507632751,"1984-2025",99.2361637011004,2.64158915244863,262.141173563443,5.56888318903895
1998,800,222,"Gaai",28,5.62796272,4.97515733366478,"1984-2025",91.1375817911439,2.64158915244863,240.748047439885,5.48375094032296
1999,800,222,"Gaai",40,6.09164596,6.5663697894879,"1984-2025",120.286259031637,2.64158915244863,317.746877046597,5.7612550816864
2000,800,222,"Gaai",32,5.70172844,5.61233323135958,"1984-2025",102.809709242987,2.64158915244863,271.581012702671,5.60426048419319
2001,800,222,"Gaai",38,6.44975091,5.89170039746543,"1984-2025",107.927305781783,2.64158915244863,285.099600206165,5.65283859362429
2002,800,222,"Gaai",36,6.09164596,5.90973281053911,"1984-2025",108.257633128473,2.64158915244863,285.972189341938,5.65589456602858
2003,800,222,"Gaai",37,6.2141484,5.95415455478984,"1984-2025",109.071374298539,2.64158915244863,288.121759189684,5.66338316575597
2004,800,222,"Gaai",40,6.2141484,6.43692384301604,"1984-2025",117.914999241663,2.64158915244863,311.482982907766,5.74134470722568
2005,800,222,"Gaai",34,6.2141484,5.47138526656364,"1984-2025",100.227749355414,2.64158915244863,264.760535471601,5.57882577772791
2006,800,222,"Gaai",35,5.65793112,6.18600673243968,"1984-2025",113.318565972466,2.64158915244863,299.341094643899,5.7015837079524
2007,800,222,"Gaai",41,6.1308353,6.68750635007272,"1984-2025",122.505303065379,2.64158915244863,323.608679694937,5.77953500712047
2008,800,222,"Gaai",42,6.02064405,6.97599785856797,"1984-2025",127.790044167661,2.64158915244863,337.568794464223,5.82176932499051
2009,800,222,"Gaai",45,5.98606767,7.51745594616708,"1984-2025",137.708761795167,2.64158915244863,363.769971355246,5.89652172104793
2010,800,222,"Gaai",51,6.44975091,7.90728211238781,"1984-2025",144.849805128183,2.64158915244863,382.633673960905,5.94707806662223
2011,800,222,"Gaai",35,6.44975091,5.42656615556026,"1984-2025",99.4067290095372,2.64158915244863,262.591737031994,5.57060049538732
2012,800,222,"Gaai",34,6.44975091,5.27152140825854,"1984-2025",96.5665367521219,2.64158915244863,255.089115973937,5.54161295851406
2013,800,222,"Gaai",27,6.44975091,4.18620817714649,"1984-2025",76.6851909502144,2.64158915244863,202.570768567538,5.31108929990223
2014,800,222,"Gaai",32,6.44975091,4.9614319136551,"1984-2025",90.8861522372912,2.64158915244863,240.083873857823,5.48098833669763
2015,800,222,"Gaai",37,6.57225335,5.62972819664659,"1984-2025",103.128359481618,2.64158915244863,272.422755716463,5.60735510865874
2016,800,222,"Gaai",28,6.44975091,4.34125292444821,"1984-2025",79.5253832076298,2.64158915244863,210.073389625595,5.34745694407311
2017,800,222,"Gaai",27,6.57225335,4.10818003539075,"1984-2025",75.2558298919912,2.64158915244863,198.794983901203,5.29227406201885
2018,800,222,"Gaai",29,6.57225335,4.41248966764192,"1984-2025",80.8303358099165,2.64158915244863,213.520538264255,5.36373302600099
2019,800,222,"Gaai",22,6.57225335,3.34740595476284,"1984-2025",61.319565097178,2.64158915244863,161.981097993573,5.08747964937283
2020,800,222,"Gaai",25,6.44975091,3.87611868254304,"1984-2025",71.0048064353837,2.64158915244863,187.565526451424,5.2341282587661
2021,800,222,"Gaai",25,6.57225335,3.80387040313959,"1984-2025",69.6813239740659,2.64158915244863,184.069429538151,5.21531302088272
2022,800,222,"Gaai",28,6.57225335,4.26033485151634,"1984-2025",78.0430828509538,2.64158915244863,206.157761082729,5.32864170618972
2023,800,222,"Gaai",27,6.57225335,4.10818003539075,"1984-2025",75.2558298919912,2.64158915244863,198.794983901203,5.29227406201885
2024,800,222,"Gaai",29,6.57225335,4.41248966764192,"1984-2025",80.8303358099164,2.64158915244863,213.520538264255,5.36373302600099
2025,800,222,"Gaai",21,6.57225335,3.19525113863725,"1984-2025",58.5323121382154,2.64158915244863,154.618320812047,5.04095963373794
1958,700,223,"Ekster",1,4.3072,0.232169390787519,"1958-1983",9.5694482261722,1.66005970429981,9.5694482261722,2.25857554718533
1959,700,223,"Ekster",11,5.0372,2.18375287858334,"1958-1983",90.0088941073331,1.66005970429981,90.0088941073331,4.49990848886237
1960,700,223,"Ekster",4,5.022,0.796495420151334,"1958-1983",32.8295718038781,1.66005970429981,32.8295718038781,3.49132968859805
1961,700,223,"Ekster",8,5.002,1.59936025589764,"1958-1983",65.9216751695624,1.66005970429981,65.9216751695624,4.18846729743796
1962,700,223,"Ekster",9,5.002,1.79928028788485,"1958-1983",74.1618845657578,1.66005970429981,74.1618845657578,4.30625033309434
1963,700,223,"Ekster",8,5.2472,1.52462265589267,"1958-1983",62.8411760935644,1.66005970429981,62.8411760935644,4.140610528896
1964,700,223,"Ekster",8,5.3272,1.50172698603394,"1958-1983",61.8974731938263,1.66005970429981,61.8974731938263,4.12547935807911
1965,700,223,"Ekster",3,5.315,0.564440263405456,"1958-1983",23.2648320224472,1.66005970429981,23.2648320224472,3.14694286508775
1966,700,223,"Ekster",4,5.395,0.741427247451344,"1958-1983",30.559797886761,1.66005970429981,30.559797886761,3.41968535062334
1967,700,223,"Ekster",5,5.735,0.871839581517001,"1958-1983",35.93507183938,1.66005970429981,35.93507183938,3.58171375006631
1968,700,223,"Ekster",5,5.6,0.892857142857143,"1958-1983",36.8013637497937,1.66005970429981,36.8013637497937,3.60553490290655
1969,700,223,"Ekster",6,5.6,1.07142857142857,"1958-1983",44.1616364997524,1.66005970429981,44.1616364997524,3.7878564597005
1970,700,223,"Ekster",5,5.625,0.888888888888889,"1958-1983",36.6378021331279,1.66005970429981,36.6378021331279,3.60108055255716
1971,700,223,"Ekster",3,5.615,0.534283170080142,"1958-1983",22.0218312020137,1.66005970429981,22.0218312020137,3.09203428869125
1972,700,223,"Ekster",5,5.645,0.885739592559787,"1958-1983",36.5079959253932,1.66005970429981,36.5079959253932,3.59753130304602
1973,700,223,"Ekster",5,5.715,0.874890638670166,"1958-1983",36.0608288711889,1.66005970429981,36.0608288711889,3.58520720340088
1974,700,223,"Ekster",8,5.855,1.3663535439795,"1958-1983",56.3177146367466,1.66005970429981,56.3177146367466,4.0310091328437
1975,700,223,"Ekster",10,5.505,1.81653042688465,"1958-1983",74.872892642632,1.66005970429981,74.872892642632,4.31579191103295
1976,700,223,"Ekster",12,6.49,1.84899845916795,"1958-1983",76.2111446528855,1.66005970429981,76.2111446528855,4.33350770728555
1977,700,223,"Ekster",10,6.175,1.61943319838057,"1958-1983",66.7490322263464,1.66005970429981,66.7490322263464,4.20093979869355
1978,700,223,"Ekster",13,6.38,2.03761755485893,"1958-1983",83.9855573976483,1.66005970429981,83.9855573976483,4.43064484831839
1979,700,223,"Ekster",29,6.37,4.55259026687598,"1958-1983",187.646514064882,1.66005970429981,187.646514064882,5.23455994861595
1980,700,223,"Ekster",41,6.38,6.42633228840125,"1958-1983",264.877527177198,1.66005970429981,264.877527177198,5.57926755756116
1981,700,223,"Ekster",55,6.38,8.62068965517241,"1958-1983",355.323512066974,1.66005970429981,355.323512066974,5.87302867608932
1982,700,223,"Ekster",48,6.035,7.95360397680199,"1958-1983",327.827889840747,1.66005970429981,327.827889840747,5.79248874457195
1983,700,223,"Ekster",63,6.38,9.87460815047022,"1958-1983",407.006932003988,1.66005970429981,407.006932003988,6.00883021724838
1984,700,223,"Ekster",32,3.02300608,10.5854897916712,"1984-2025",198.07631634254,1.66005970429981,328.818511136392,5.79550596067391
1985,700,223,"Ekster",64,5.13012052,12.4753404428791,"1984-2025",233.439314446164,1.66005970429981,387.52319931145,5.95977571619215
1986,700,223,"Ekster",51,4.23796013,12.034091505245,"1984-2025",225.18263800731,1.66005970429981,373.816623463867,5.92376536557856
1987,700,223,"Ekster",60,5.02247314,11.9463057994572,"1984-2025",223.53998664472,1.66005970429981,371.089724128617,5.91644387738033
1988,700,223,"Ekster",50,4.70180252,10.6342194907837,"1984-2025",198.988149378766,1.66005970429981,330.332208416881,5.80009884025814
1989,700,223,"Ekster",48,4.70180252,10.2088507111524,"1984-2025",191.028623403616,1.66005970429981,317.118920080206,5.75927684573789
1990,700,223,"Ekster",53,4.85514176,10.9162621031276,"1984-2025",204.265747563089,1.66005970429981,339.093336498161,5.82627539838753
1991,700,223,"Ekster",52,5.55688703,9.35775726936093,"1984-2025",175.10291215821,1.66005970429981,290.681288579394,5.67222743872125
1992,700,223,"Ekster",59,6.1308353,9.62348474766562,"1984-2025",180.075220581293,1.66005970429981,298.935617429904,5.70022822388326
1993,700,223,"Ekster",57,6.1308353,9.29726492571086,"1984-2025",173.970975815826,1.66005970429981,288.802206669569,5.66574204781209
1994,700,223,"Ekster",52,6.1308353,8.48171537082394,"1984-2025",158.710363902157,1.66005970429981,263.46867976873,5.57393449855896
1995,700,223,"Ekster",50,6.09164596,8.20796223685987,"1984-2025",153.587878931693,1.66005970429981,254.965048883382,5.54112647256198
1996,700,223,"Ekster",42,6.44975091,6.51187938667231,"1984-2025",121.850675477845,1.66005970429981,202.279396302483,5.30964989174264
1997,700,223,"Ekster",55,6.09164596,9.02875846054586,"1984-2025",168.946666824863,1.66005970429981,280.46155377172,5.63643665236631
1998,700,223,"Ekster",28,5.62796272,4.97515733366478,"1984-2025",93.0954407657418,1.66005970429981,154.543989869238,5.04047877988433
1999,700,223,"Ekster",35,6.09164596,5.74557356580191,"1984-2025",107.511515252185,1.66005970429981,178.475534218367,5.18445152862325
2000,700,223,"Ekster",30,5.70172844,5.2615624043996,"1984-2025",98.4546695316713,1.66005970429981,163.440629589682,5.09644980261698
2001,700,223,"Ekster",41,6.44975091,6.35683463937059,"1984-2025",118.949468918849,1.66005970429981,197.463220200043,5.28555234016358
2002,700,223,"Ekster",32,6.09164596,5.25309583159032,"1984-2025",98.2962425162838,1.66005970429981,163.177631285364,5.09483936993356
2003,700,223,"Ekster",27,6.2141484,4.34492359403583,"1984-2025",81.3024694401535,1.66005970429981,134.966953377665,4.90502995867745
2004,700,223,"Ekster",21,6.2141484,3.37938501758342,"1984-2025",63.2352540090082,1.66005970429981,104.974297071518,4.65371553039654
2005,700,223,"Ekster",22,6.2141484,3.54030811365882,"1984-2025",66.2464565808658,1.66005970429981,109.973073122542,4.70023554603143
2006,700,223,"Ekster",19,5.65793112,3.35811794046726,"1984-2025",62.8373031935573,1.66005970429981,104.313674958494,4.6474024651908
2007,700,223,"Ekster",19,6.1308353,3.09908830857029,"1984-2025",57.9903252719419,1.66005970429981,96.2674022231896,4.56712975914398
2008,700,223,"Ekster",29,6.02064405,4.81676042615408,"1984-2025",90.1315083849787,1.66005970429981,149.623685157664,5.00812337625499
2009,700,223,"Ekster",12,5.98606767,2.00465491897789,"1984-2025",37.5112224095209,1.66005970429981,62.2708687810737,4.13149372062698
2010,700,223,"Ekster",16,6.44975091,2.48071595682755,"1984-2025",46.4193049439409,1.66005970429981,77.0588176390412,4.34456899569905
2011,700,223,"Ekster",10,6.44975091,1.55044747301722,"1984-2025",29.012065589963,1.66005970429981,48.1617610244007,3.87456536645332
2012,700,223,"Ekster",14,6.44975091,2.1706264622241,"1984-2025",40.6168918259483,1.66005970429981,67.426465434161,4.21103760307453
2013,700,223,"Ekster",13,6.44975091,2.01558171492238,"1984-2025",37.715685266952,1.66005970429981,62.610289331721,4.13692963092081
2014,700,223,"Ekster",13,6.44975091,2.01558171492238,"1984-2025",37.715685266952,1.66005970429981,62.610289331721,4.13692963092081
2015,700,223,"Ekster",12,6.57225335,1.825857793507,"1984-2025",34.1655599335367,1.66005970429981,56.7168693205044,4.03807168536389
2016,700,223,"Ekster",12,6.44975091,1.86053696762066,"1984-2025",34.8144787079557,1.66005970429981,57.7941132292809,4.05688692324727
2017,700,223,"Ekster",3,6.57225335,0.45646444837675,"1984-2025",8.54138998338419,1.66005970429981,14.1792173301261,2.651777324244
2018,700,223,"Ekster",2,6.57225335,0.304309632251167,"1984-2025",5.69425998892279,1.66005970429981,9.45281155341741,2.24631221613583
2019,700,223,"Ekster",4,6.57225335,0.608619264502334,"1984-2025",11.3885199778456,1.66005970429981,18.9056231068348,2.93945939669578
2020,700,223,"Ekster",5,6.44975091,0.775223736508609,"1984-2025",14.5060327949815,1.66005970429981,24.0808805122004,3.18141818589337
2021,700,223,"Ekster",5,6.57225335,0.760774080627917,"1984-2025",14.235649972307,1.66005970429981,23.6320288835435,3.16260294800999
2022,700,223,"Ekster",1,6.57225335,0.152154816125583,"1984-2025",2.8471299944614,1.66005970429981,4.7264057767087,1.55316503557589
1960,300,224,"Kauw",1,5.022,0.199123855037834,"1958-1983",51.7067680213685,1.45756789312373,51.7067680213685,3.94558868245071
1960,800,224,"Kauw",1,5.022,0.199123855037834,"1958-1983",51.7067680213685,1.45756789312373,51.7067680213685,3.94558868245071
1960,900,224,"Kauw",1,5.022,0.199123855037834,"1958-1983",51.7067680213685,1.45756789312373,51.7067680213685,3.94558868245071
1961,300,224,"Kauw",1,5.002,0.199920031987205,"1958-1983",51.9135123957042,1.45756789312373,51.9135123957042,3.94957911073067
1961,800,224,"Kauw",1,5.002,0.199920031987205,"1958-1983",51.9135123957042,1.45756789312373,51.9135123957042,3.94957911073067
1961,900,224,"Kauw",1,5.002,0.199920031987205,"1958-1983",51.9135123957042,1.45756789312373,51.9135123957042,3.94957911073067
1967,300,224,"Kauw",2,5.735,0.3487358326068,"1958-1983",90.5567180482345,1.45756789312373,90.5567180482345,4.50597637316471
1967,800,224,"Kauw",2,5.735,0.3487358326068,"1958-1983",90.5567180482345,1.45756789312373,90.5567180482345,4.50597637316471
1967,900,224,"Kauw",2,5.735,0.3487358326068,"1958-1983",90.5567180482345,1.45756789312373,90.5567180482345,4.50597637316471
1968,300,224,"Kauw",3,5.6,0.535714285714286,"1958-1983",139.109672680346,1.45756789312373,139.109672680346,4.93526263411311
1968,800,224,"Kauw",3,5.6,0.535714285714286,"1958-1983",139.109672680346,1.45756789312373,139.109672680346,4.93526263411311
1968,900,224,"Kauw",3,5.6,0.535714285714286,"1958-1983",139.109672680346,1.45756789312373,139.109672680346,4.93526263411311
1969,300,224,"Kauw",1,5.6,0.178571428571429,"1958-1983",46.3698908934486,1.45756789312373,46.3698908934486,3.836650345445
1969,800,224,"Kauw",1,5.6,0.178571428571429,"1958-1983",46.3698908934486,1.45756789312373,46.3698908934486,3.836650345445
1969,900,224,"Kauw",1,5.6,0.178571428571429,"1958-1983",46.3698908934486,1.45756789312373,46.3698908934486,3.836650345445
1971,300,224,"Kauw",1,5.615,0.178094390026714,"1958-1983",46.2460176319345,1.45756789312373,46.2460176319345,3.83397535499569
1971,800,224,"Kauw",1,5.615,0.178094390026714,"1958-1983",46.2460176319345,1.45756789312373,46.2460176319345,3.83397535499569
1971,900,224,"Kauw",1,5.615,0.178094390026714,"1958-1983",46.2460176319345,1.45756789312373,46.2460176319345,3.83397535499569
1975,300,224,"Kauw",1,5.505,0.181653042688465,"1958-1983",47.1700979115917,1.45756789312373,47.1700979115917,3.85376017301146
1975,800,224,"Kauw",1,5.505,0.181653042688465,"1958-1983",47.1700979115917,1.45756789312373,47.1700979115917,3.85376017301146
1975,900,224,"Kauw",1,5.505,0.181653042688465,"1958-1983",47.1700979115917,1.45756789312373,47.1700979115917,3.85376017301146
1976,300,224,"Kauw",2,6.49,0.308166409861325,"1958-1983",80.0219996928544,1.45756789312373,80.0219996928544,4.38230159303005
1976,800,224,"Kauw",2,6.49,0.308166409861325,"1958-1983",80.0219996928544,1.45756789312373,80.0219996928544,4.38230159303005
1976,900,224,"Kauw",2,6.49,0.308166409861325,"1958-1983",80.0219996928544,1.45756789312373,80.0219996928544,4.38230159303005
1977,300,224,"Kauw",1,6.175,0.161943319838057,"1958-1983",42.0520468021559,1.45756789312373,42.0520468021559,3.73890806067206
1977,800,224,"Kauw",1,6.175,0.161943319838057,"1958-1983",42.0520468021559,1.45756789312373,42.0520468021559,3.73890806067206
1977,900,224,"Kauw",1,6.175,0.161943319838057,"1958-1983",42.0520468021559,1.45756789312373,42.0520468021559,3.73890806067206
1978,300,224,"Kauw",2,6.38,0.313479623824451,"1958-1983",81.4016893427312,1.45756789312373,81.4016893427312,4.39939602638935
1978,800,224,"Kauw",2,6.38,0.313479623824451,"1958-1983",81.4016893427312,1.45756789312373,81.4016893427312,4.39939602638935
1978,900,224,"Kauw",2,6.38,0.313479623824451,"1958-1983",81.4016893427312,1.45756789312373,81.4016893427312,4.39939602638935
1979,300,224,"Kauw",2,6.37,0.313971742543171,"1958-1983",81.5294784939756,1.45756789312373,81.5294784939756,4.40096465416197
1979,800,224,"Kauw",2,6.37,0.313971742543171,"1958-1983",81.5294784939756,1.45756789312373,81.5294784939756,4.40096465416197
1979,900,224,"Kauw",2,6.37,0.313971742543171,"1958-1983",81.5294784939756,1.45756789312373,81.5294784939756,4.40096465416197
1980,300,224,"Kauw",4,6.38,0.626959247648903,"1958-1983",162.803378685462,1.45756789312373,162.803378685462,5.09254320694929
1980,800,224,"Kauw",4,6.38,0.626959247648903,"1958-1983",162.803378685462,1.45756789312373,162.803378685462,5.09254320694929
1980,900,224,"Kauw",4,6.38,0.626959247648903,"1958-1983",162.803378685462,1.45756789312373,162.803378685462,5.09254320694929
1981,300,224,"Kauw",4,6.38,0.626959247648903,"1958-1983",162.803378685462,1.45756789312373,162.803378685462,5.09254320694929
1981,800,224,"Kauw",4,6.38,0.626959247648903,"1958-1983",162.803378685462,1.45756789312373,162.803378685462,5.09254320694929
1981,900,224,"Kauw",4,6.38,0.626959247648903,"1958-1983",162.803378685462,1.45756789312373,162.803378685462,5.09254320694929
1982,300,224,"Kauw",4,6.035,0.662800331400166,"1958-1983",172.110282686537,1.45756789312373,172.110282686537,5.1481354497565
1982,800,224,"Kauw",4,6.035,0.662800331400166,"1958-1983",172.110282686537,1.45756789312373,172.110282686537,5.1481354497565
1982,900,224,"Kauw",4,6.035,0.662800331400166,"1958-1983",172.110282686537,1.45756789312373,172.110282686537,5.1481354497565
1983,300,224,"Kauw",6,6.38,0.940438871473354,"1958-1983",244.205068028193,1.45756789312373,244.205068028193,5.49800831505746
1983,800,224,"Kauw",6,6.38,0.940438871473354,"1958-1983",244.205068028193,1.45756789312373,244.205068028193,5.49800831505746
1983,900,224,"Kauw",6,6.38,0.940438871473354,"1958-1983",244.205068028193,1.45756789312373,244.205068028193,5.49800831505746
1984,300,224,"Kauw",7,3.02300608,2.31557589192808,"1984-2025",124.949454684147,1.45756789312373,182.12231341093,5.20467851305958
1984,800,224,"Kauw",7,3.02300608,2.31557589192808,"1984-2025",124.949454684147,1.45756789312373,182.12231341093,5.20467851305958
1984,900,224,"Kauw",7,3.02300608,2.31557589192808,"1984-2025",124.949454684147,1.45756789312373,182.12231341093,5.20467851305958
1985,300,224,"Kauw",15,5.13012052,2.92390791629979,"1984-2025",157.77530806132,1.45756789312373,229.968223357885,5.43794114006478
1985,800,224,"Kauw",15,5.13012052,2.92390791629979,"1984-2025",157.77530806132,1.45756789312373,229.968223357885,5.43794114006478
1985,900,224,"Kauw",15,5.13012052,2.92390791629979,"1984-2025",157.77530806132,1.45756789312373,229.968223357885,5.43794114006478
1986,300,224,"Kauw",9,4.23796013,2.12366320680794,"1984-2025",114.593765010437,1.45756789312373,167.028192631377,5.11816261632054
1986,800,224,"Kauw",9,4.23796013,2.12366320680794,"1984-2025",114.593765010437,1.45756789312373,167.028192631377,5.11816261632054
1986,900,224,"Kauw",9,4.23796013,2.12366320680794,"1984-2025",114.593765010437,1.45756789312373,167.028192631377,5.11816261632054
1987,300,224,"Kauw",11,5.02247314,2.19015606323382,"1984-2025",118.181747671582,1.45756789312373,172.257920959348,5.14899289408668
1987,800,224,"Kauw",11,5.02247314,2.19015606323382,"1984-2025",118.181747671582,1.45756789312373,172.257920959348,5.14899289408668
1987,900,224,"Kauw",11,5.02247314,2.19015606323382,"1984-2025",118.181747671582,1.45756789312373,172.257920959348,5.14899289408668
1988,300,224,"Kauw",5,4.70180252,1.06342194907837,"1984-2025",57.3826982305713,1.45756789312373,83.6391785616884,4.42651205339418
1988,800,224,"Kauw",5,4.70180252,1.06342194907837,"1984-2025",57.3826982305713,1.45756789312373,83.6391785616884,4.42651205339418
1988,900,224,"Kauw",5,4.70180252,1.06342194907837,"1984-2025",57.3826982305713,1.45756789312373,83.6391785616884,4.42651205339418
1989,300,224,"Kauw",5,4.70180252,1.06342194907837,"1984-2025",57.3826982305713,1.45756789312373,83.6391785616884,4.42651205339418
1989,800,224,"Kauw",5,4.70180252,1.06342194907837,"1984-2025",57.3826982305713,1.45756789312373,83.6391785616884,4.42651205339418
1989,900,224,"Kauw",5,4.70180252,1.06342194907837,"1984-2025",57.3826982305713,1.45756789312373,83.6391785616884,4.42651205339418
1990,300,224,"Kauw",13,4.85514176,2.67757372340864,"1984-2025",144.483010806411,1.45756789312373,210.593797653274,5.34993114842703
1990,800,224,"Kauw",13,4.85514176,2.67757372340864,"1984-2025",144.483010806411,1.45756789312373,210.593797653274,5.34993114842703
1990,900,224,"Kauw",13,4.85514176,2.67757372340864,"1984-2025",144.483010806411,1.45756789312373,210.593797653274,5.34993114842703
1991,300,224,"Kauw",7,5.55688703,1.25969809395243,"1984-2025",67.9738420384731,1.45756789312373,99.0764897275421,4.59589217532522
1991,800,224,"Kauw",7,5.55688703,1.25969809395243,"1984-2025",67.9738420384731,1.45756789312373,99.0764897275421,4.59589217532522
1991,900,224,"Kauw",7,5.55688703,1.25969809395243,"1984-2025",67.9738420384731,1.45756789312373,99.0764897275421,4.59589217532522
1992,300,224,"Kauw",18,6.1308353,2.9359783975929,"1984-2025",158.42663633806,1.45756789312373,230.917578541944,5.44206084400379
1992,800,224,"Kauw",18,6.1308353,2.9359783975929,"1984-2025",158.42663633806,1.45756789312373,230.917578541944,5.44206084400379
1992,900,224,"Kauw",18,6.1308353,2.9359783975929,"1984-2025",158.42663633806,1.45756789312373,230.917578541944,5.44206084400379
1993,300,224,"Kauw",23,6.1308353,3.75152795247982,"1984-2025",202.434035320854,1.45756789312373,295.061350359151,5.68718330203677
1993,800,224,"Kauw",23,6.1308353,3.75152795247982,"1984-2025",202.434035320854,1.45756789312373,295.061350359151,5.68718330203677
1993,900,224,"Kauw",23,6.1308353,3.75152795247982,"1984-2025",202.434035320854,1.45756789312373,295.061350359151,5.68718330203677
1994,300,224,"Kauw",23,6.1308353,3.75152795247982,"1984-2025",202.434035320854,1.45756789312373,295.061350359151,5.68718330203677
1994,800,224,"Kauw",23,6.1308353,3.75152795247982,"1984-2025",202.434035320854,1.45756789312373,295.061350359151,5.68718330203677
1994,900,224,"Kauw",23,6.1308353,3.75152795247982,"1984-2025",202.434035320854,1.45756789312373,295.061350359151,5.68718330203677
1995,300,224,"Kauw",31,6.09164596,5.08893658685312,"1984-2025",274.601170994248,1.45756789312373,400.249850255394,5.99208897774907
1995,800,224,"Kauw",31,6.09164596,5.08893658685312,"1984-2025",274.601170994248,1.45756789312373,400.249850255394,5.99208897774907
1995,900,224,"Kauw",31,6.09164596,5.08893658685312,"1984-2025",274.601170994248,1.45756789312373,400.249850255394,5.99208897774907
1996,300,224,"Kauw",20,6.44975091,3.10089494603444,"1984-2025",167.325603056444,1.45756789312373,243.888426712638,5.49671085314335
1996,800,224,"Kauw",20,6.44975091,3.10089494603444,"1984-2025",167.325603056444,1.45756789312373,243.888426712638,5.49671085314335
1996,900,224,"Kauw",20,6.44975091,3.10089494603444,"1984-2025",167.325603056444,1.45756789312373,243.888426712638,5.49671085314335
1997,300,224,"Kauw",24,6.09164596,3.93982187369274,"1984-2025",212.594454963289,1.45756789312373,309.870851810627,5.73615560361187
1997,800,224,"Kauw",24,6.09164596,3.93982187369274,"1984-2025",212.594454963289,1.45756789312373,309.870851810627,5.73615560361187
1997,900,224,"Kauw",24,6.09164596,3.93982187369274,"1984-2025",212.594454963289,1.45756789312373,309.870851810627,5.73615560361187
1998,300,224,"Kauw",25,5.62796272,4.4421047622007,"1984-2025",239.697852107396,1.45756789312373,349.37589328246,5.85614840070741
1998,800,224,"Kauw",25,5.62796272,4.4421047622007,"1984-2025",239.697852107396,1.45756789312373,349.37589328246,5.85614840070741
1998,900,224,"Kauw",25,5.62796272,4.4421047622007,"1984-2025",239.697852107396,1.45756789312373,349.37589328246,5.85614840070741
1999,300,224,"Kauw",18,6.09164596,2.95486640526955,"1984-2025",159.445841222466,1.45756789312373,232.403138857971,5.44847353116009
1999,800,224,"Kauw",18,6.09164596,2.95486640526955,"1984-2025",159.445841222466,1.45756789312373,232.403138857971,5.44847353116009
1999,900,224,"Kauw",18,6.09164596,2.95486640526955,"1984-2025",159.445841222466,1.45756789312373,232.403138857971,5.44847353116009
2000,300,224,"Kauw",11,5.70172844,1.92923954827985,"1984-2025",104.102582149419,1.45756789312373,151.736581332268,5.02214599988328
2000,800,224,"Kauw",11,5.70172844,1.92923954827985,"1984-2025",104.102582149419,1.45756789312373,151.736581332268,5.02214599988328
2000,900,224,"Kauw",11,5.70172844,1.92923954827985,"1984-2025",104.102582149419,1.45756789312373,151.736581332268,5.02214599988328
2001,300,224,"Kauw",14,6.44975091,2.1706264622241,"1984-2025",117.127922139511,1.45756789312373,170.721898698847,5.14003590920462
2001,800,224,"Kauw",14,6.44975091,2.1706264622241,"1984-2025",117.127922139511,1.45756789312373,170.721898698847,5.14003590920462
2001,900,224,"Kauw",14,6.44975091,2.1706264622241,"1984-2025",117.127922139511,1.45756789312373,170.721898698847,5.14003590920462
2002,300,224,"Kauw",10,6.09164596,1.64159244737197,"1984-2025",88.5810229013703,1.45756789312373,129.112854921095,4.86068686625797
2002,800,224,"Kauw",10,6.09164596,1.64159244737197,"1984-2025",88.5810229013703,1.45756789312373,129.112854921095,4.86068686625797
2002,900,224,"Kauw",10,6.09164596,1.64159244737197,"1984-2025",88.5810229013703,1.45756789312373,129.112854921095,4.86068686625797
2003,300,224,"Kauw",5,6.2141484,0.804615480377005,"1984-2025",43.4173916968091,1.45756789312373,63.2837961404457,4.1476293112373
2003,800,224,"Kauw",5,6.2141484,0.804615480377005,"1984-2025",43.4173916968091,1.45756789312373,63.2837961404457,4.1476293112373
2003,900,224,"Kauw",5,6.2141484,0.804615480377005,"1984-2025",43.4173916968091,1.45756789312373,63.2837961404457,4.1476293112373
2004,300,224,"Kauw",6,6.2141484,0.965538576452407,"1984-2025",52.100870036171,1.45756789312373,75.9405553685348,4.32995086803126
2004,800,224,"Kauw",6,6.2141484,0.965538576452407,"1984-2025",52.100870036171,1.45756789312373,75.9405553685348,4.32995086803126
2004,900,224,"Kauw",6,6.2141484,0.965538576452407,"1984-2025",52.100870036171,1.45756789312373,75.9405553685348,4.32995086803126
2005,300,224,"Kauw",11,6.2141484,1.77015405682941,"1984-2025",95.5182617329801,1.45756789312373,139.22435150898,4.93608667160157
2005,800,224,"Kauw",11,6.2141484,1.77015405682941,"1984-2025",95.5182617329801,1.45756789312373,139.22435150898,4.93608667160157
2005,900,224,"Kauw",11,6.2141484,1.77015405682941,"1984-2025",95.5182617329801,1.45756789312373,139.22435150898,4.93608667160157
2006,300,224,"Kauw",7,5.65793112,1.23720134648794,"1984-2025",66.7599080285127,1.45756789312373,97.3070984902529,4.57787194120975
2006,800,224,"Kauw",7,5.65793112,1.23720134648794,"1984-2025",66.7599080285127,1.45756789312373,97.3070984902529,4.57787194120975
2006,900,224,"Kauw",7,5.65793112,1.23720134648794,"1984-2025",66.7599080285127,1.45756789312373,97.3070984902529,4.57787194120975
2007,300,224,"Kauw",6,6.1308353,0.978659465864301,"1984-2025",52.8088787793532,1.45756789312373,76.9725261806481,4.34344855533568
2007,800,224,"Kauw",6,6.1308353,0.978659465864301,"1984-2025",52.8088787793532,1.45756789312373,76.9725261806481,4.34344855533568
2007,900,224,"Kauw",6,6.1308353,0.978659465864301,"1984-2025",52.8088787793532,1.45756789312373,76.9725261806481,4.34344855533568
2008,300,224,"Kauw",3,6.02064405,0.498285561326284,"1984-2025",26.887699678399,1.45756789312373,39.1906477711875,3.66843814106671
2008,800,224,"Kauw",3,6.02064405,0.498285561326284,"1984-2025",26.887699678399,1.45756789312373,39.1906477711875,3.66843814106671
2008,900,224,"Kauw",3,6.02064405,0.498285561326284,"1984-2025",26.887699678399,1.45756789312373,39.1906477711875,3.66843814106671
2009,300,224,"Kauw",2,5.98606767,0.334109153162981,"1984-2025",18.0286712425287,1.45756789312373,26.2780123587929,3.26873255752901
2009,800,224,"Kauw",2,5.98606767,0.334109153162981,"1984-2025",18.0286712425287,1.45756789312373,26.2780123587929,3.26873255752901
2009,900,224,"Kauw",2,5.98606767,0.334109153162981,"1984-2025",18.0286712425287,1.45756789312373,26.2780123587929,3.26873255752901
2010,300,224,"Kauw",1,6.44975091,0.155044747301722,"1984-2025",8.36628015282221,1.45756789312373,12.1944213356319,2.50097857958936
2010,800,224,"Kauw",1,6.44975091,0.155044747301722,"1984-2025",8.36628015282221,1.45756789312373,12.1944213356319,2.50097857958936
2010,900,224,"Kauw",1,6.44975091,0.155044747301722,"1984-2025",8.36628015282221,1.45756789312373,12.1944213356319,2.50097857958936
2011,300,224,"Kauw",3,6.44975091,0.465134241905165,"1984-2025",25.0988404584666,1.45756789312373,36.5832640068957,3.59959086825747
2011,800,224,"Kauw",3,6.44975091,0.465134241905165,"1984-2025",25.0988404584666,1.45756789312373,36.5832640068957,3.59959086825747
2011,900,224,"Kauw",3,6.44975091,0.465134241905165,"1984-2025",25.0988404584666,1.45756789312373,36.5832640068957,3.59959086825747
2012,300,224,"Kauw",1,6.44975091,0.155044747301722,"1984-2025",8.36628015282221,1.45756789312373,12.1944213356319,2.50097857958936
2012,800,224,"Kauw",1,6.44975091,0.155044747301722,"1984-2025",8.36628015282221,1.45756789312373,12.1944213356319,2.50097857958936
2012,900,224,"Kauw",1,6.44975091,0.155044747301722,"1984-2025",8.36628015282221,1.45756789312373,12.1944213356319,2.50097857958936
2020,300,224,"Kauw",2,6.44975091,0.310089494603444,"1984-2025",16.7325603056444,1.45756789312373,24.3888426712638,3.1941257601493
2020,800,224,"Kauw",2,6.44975091,0.310089494603444,"1984-2025",16.7325603056444,1.45756789312373,24.3888426712638,3.1941257601493
2020,900,224,"Kauw",2,6.44975091,0.310089494603444,"1984-2025",16.7325603056444,1.45756789312373,24.3888426712638,3.1941257601493
2021,300,224,"Kauw",1,6.57225335,0.152154816125583,"1984-2025",8.21033824403315,1.45756789312373,11.9671254161885,2.48216334170597
2021,800,224,"Kauw",1,6.57225335,0.152154816125583,"1984-2025",8.21033824403315,1.45756789312373,11.9671254161885,2.48216334170597
2021,900,224,"Kauw",1,6.57225335,0.152154816125583,"1984-2025",8.21033824403315,1.45756789312373,11.9671254161885,2.48216334170597
2022,300,224,"Kauw",1,6.57225335,0.152154816125583,"1984-2025",8.21033824403315,1.45756789312373,11.9671254161885,2.48216334170597
2022,800,224,"Kauw",1,6.57225335,0.152154816125583,"1984-2025",8.21033824403315,1.45756789312373,11.9671254161885,2.48216334170597
2022,900,224,"Kauw",1,6.57225335,0.152154816125583,"1984-2025",8.21033824403315,1.45756789312373,11.9671254161885,2.48216334170597
1962,700,226,"Zwarte Kraai",1,5.002,0.199920031987205,"1958-1983",22.407767877952,1.86636289810296,22.407767877952,3.10940767901233
1966,700,226,"Zwarte Kraai",1,5.395,0.185356811862836,"1958-1983",20.7754689389279,1.86636289810296,20.7754689389279,3.03377291275766
1967,700,226,"Zwarte Kraai",5,5.735,0.871839581517001,"1958-1983",97.7189668051576,1.86636289810296,97.7189668051576,4.58209567332052
1968,700,226,"Zwarte Kraai",4,5.6,0.714285714285714,"1958-1983",80.0597535182256,1.86636289810296,80.0597535182256,4.38277327484654
1969,700,226,"Zwarte Kraai",6,5.6,1.07142857142857,"1958-1983",120.089630277338,1.86636289810296,120.089630277338,4.78823838295471
1970,700,226,"Zwarte Kraai",9,5.625,1.6,"1958-1983",179.333847880825,1.86636289810296,179.333847880825,5.18924914071349
1971,700,226,"Zwarte Kraai",8,5.615,1.42475512021371,"1958-1983",159.691761247396,1.86636289810296,159.691761247396,5.07324546495718
1972,700,226,"Zwarte Kraai",8,5.645,1.41718334809566,"1958-1983",158.843089354141,1.86636289810296,158.843089354141,5.06791685554597
1973,700,226,"Zwarte Kraai",9,5.715,1.5748031496063,"1958-1983",176.509692796088,1.86636289810296,176.509692796088,5.1733757915572
1974,700,226,"Zwarte Kraai",6,5.855,1.02476515798463,"1958-1983",114.859424347241,1.86636289810296,114.859424347241,4.74370898364613
1975,700,226,"Zwarte Kraai",8,5.505,1.45322434150772,"1958-1983",162.882695622911,1.86636289810296,162.882695622911,5.09303028297295
1976,700,226,"Zwarte Kraai",5,6.49,0.770416024653313,"1958-1983",86.3510438563296,1.86636289810296,86.3510438563296,4.45842089318586
1977,700,226,"Zwarte Kraai",5,6.175,0.809716599190283,"1958-1983",90.7559958911059,1.86636289810296,90.7559958911059,4.50817454138782
1978,700,226,"Zwarte Kraai",3,6.38,0.470219435736677,"1958-1983",52.7039129743805,1.86636289810296,52.7039129743805,3.96468970277917
1979,700,226,"Zwarte Kraai",2,6.37,0.313971742543171,"1958-1983",35.1911004475717,1.86636289810296,35.1911004475717,3.56079322244363
1980,700,226,"Zwarte Kraai",1,6.38,0.156739811912226,"1958-1983",17.5679709914602,1.86636289810296,17.5679709914602,2.86607741411106
1981,700,226,"Zwarte Kraai",3,6.38,0.470219435736677,"1958-1983",52.7039129743805,1.86636289810296,52.7039129743805,3.96468970277917
1982,700,226,"Zwarte Kraai",8,6.035,1.32560066280033,"1958-1983",148.578167258347,1.86636289810296,148.578167258347,5.0011111985981
1983,700,226,"Zwarte Kraai",7,6.38,1.09717868338558,"1958-1983",122.975796940221,1.86636289810296,122.975796940221,4.81198756316637
1984,700,226,"Zwarte Kraai",5,3.02300608,1.65398277994863,"1984-2025",41.8543779870369,1.86636289810296,78.1154581981829,4.35818796553421
1985,700,226,"Zwarte Kraai",11,5.13012052,2.14419913861985,"1984-2025",54.2594048228612,1.86636289810296,101.267740034537,4.61776790085678
1986,700,226,"Zwarte Kraai",13,4.23796013,3.0675135209448,"1984-2025",77.624067156224,1.86636289810296,144.874678940229,4.9758690855417
1987,700,226,"Zwarte Kraai",12,5.02247314,2.38926115989144,"1984-2025",60.4607502013706,1.86636289810296,112.841700967309,4.72598596017216
1988,700,226,"Zwarte Kraai",15,4.70180252,3.19026584723512,"1984-2025",80.7303402841113,1.86636289810296,150.672111857492,5.01510603115814
1989,700,226,"Zwarte Kraai",17,4.70180252,3.61563462686646,"1984-2025",91.4943856553261,1.86636289810296,170.761726771824,5.14026917411214
1990,700,226,"Zwarte Kraai",21,4.85514176,4.32531139935243,"1984-2025",109.452903872287,1.86636289810296,204.278838876867,5.31948591778477
1991,700,226,"Zwarte Kraai",27,5.55688703,4.8588355052451,"1984-2025",122.953842252022,1.86636289810296,229.476489358377,5.43580058137008
1992,700,226,"Zwarte Kraai",31,6.1308353,5.05640724029889,"1984-2025",127.953436068079,1.86636289810296,238.807545762251,5.47565797968861
1993,700,226,"Zwarte Kraai",27,6.1308353,4.40396759638935,"1984-2025",111.443315285101,1.86636289810296,207.993668889703,5.3375076412078
1994,700,226,"Zwarte Kraai",27,6.1308353,4.40396759638935,"1984-2025",111.443315285101,1.86636289810296,207.993668889703,5.3375076412078
1995,700,226,"Zwarte Kraai",31,6.09164596,5.08893658685312,"1984-2025",128.776597943074,1.86636289810296,240.343864544875,5.48207066684491
1996,700,226,"Zwarte Kraai",34,6.44975091,5.27152140825854,"1984-2025",133.39694479459,1.86636289810296,248.967108484912,5.51732079330136
1997,700,226,"Zwarte Kraai",33,6.09164596,5.41725507632751,"1984-2025",137.084765552304,1.86636289810296,255.849920321964,5.54459102382625
1998,700,226,"Zwarte Kraai",40,5.62796272,7.10736761952112,"1984-2025",179.853414706955,1.86636289810296,335.671740306187,5.81613371904899
1999,700,226,"Zwarte Kraai",36,6.09164596,5.90973281053911,"1984-2025",149.54701696615,1.86636289810296,279.109003987597,5.63160240081588
2000,700,226,"Zwarte Kraai",35,5.70172844,6.13848947179954,"1984-2025",155.335751820901,1.86636289810296,289.91288394746,5.66958047767017
2001,700,226,"Zwarte Kraai",43,6.44975091,6.66692413397404,"1984-2025",168.707900769629,1.86636289810296,314.870166613271,5.75216038437877
2002,700,226,"Zwarte Kraai",37,6.09164596,6.0738920552763,"1984-2025",153.701100770765,1.86636289810296,286.862031876141,5.65900137500399
2003,700,226,"Zwarte Kraai",37,6.2141484,5.95415455478984,"1984-2025",150.671118436403,1.86636289810296,281.20698526538,5.63909100054327
2004,700,226,"Zwarte Kraai",33,6.2141484,5.31046217048824,"1984-2025",134.382348875711,1.86636289810296,250.806230101555,5.52468064936553
2005,700,226,"Zwarte Kraai",30,6.2141484,4.82769288226203,"1984-2025",122.165771705192,1.86636289810296,228.005663728687,5.4293704695612
2006,700,226,"Zwarte Kraai",29,5.65793112,5.12554843545002,"1984-2025",129.703068380708,1.86636289810296,242.072994595865,5.48923931123676
2007,700,226,"Zwarte Kraai",33,6.1308353,5.38262706225365,"1984-2025",136.208496459568,1.86636289810296,254.214484198525,5.53817833666995
2008,700,226,"Zwarte Kraai",36,6.02064405,5.9794267359154,"1984-2025",151.310636231999,1.86636289810296,282.400557551757,5.64332647995055
2009,700,226,"Zwarte Kraai",25,5.98606767,4.17636441453727,"1984-2025",105.683769466501,1.86636289810296,197.244266263944,5.28444289093312
2010,700,226,"Zwarte Kraai",27,6.44975091,4.18620817714649,"1984-2025",105.932867925116,1.86636289810296,197.709174385077,5.28679713468953
2011,700,226,"Zwarte Kraai",29,6.44975091,4.49629767174993,"1984-2025",113.77974703068,1.86636289810296,212.354298413602,5.35825609867168
2012,700,226,"Zwarte Kraai",19,6.44975091,2.94585019873271,"1984-2025",74.5453515028592,1.86636289810296,139.12867827098,4.93539924785164
2013,700,226,"Zwarte Kraai",18,6.44975091,2.79080545143099,"1984-2025",70.6219119500772,1.86636289810296,131.806116256718,4.88133202658137
2014,700,226,"Zwarte Kraai",25,6.44975091,3.87611868254304,"1984-2025",98.0859888195516,1.86636289810296,183.064050356553,5.2098360935534
2015,700,226,"Zwarte Kraai",15,6.57225335,2.28232224188375,"1984-2025",57.7546386565107,1.86636289810296,107.791114781855,4.68019523190403
2016,700,226,"Zwarte Kraai",15,6.44975091,2.32567120952583,"1984-2025",58.851593291731,1.86636289810296,109.838430213932,4.69901046978741
2017,700,226,"Zwarte Kraai",17,6.57225335,2.58663187413492,"1984-2025",65.4552571440454,1.86636289810296,122.163263419435,4.80535837485804
2018,700,226,"Zwarte Kraai",13,6.57225335,1.97801260963259,"1984-2025",50.0540201689759,1.86636289810296,93.418966144274,4.53709438826336
2019,700,226,"Zwarte Kraai",15,6.57225335,2.28232224188375,"1984-2025",57.7546386565107,1.86636289810296,107.791114781855,4.68019523190403
2020,700,226,"Zwarte Kraai",19,6.44975091,2.94585019873271,"1984-2025",74.5453515028592,1.86636289810296,139.12867827098,4.93539924785164
2021,700,226,"Zwarte Kraai",13,6.57225335,1.97801260963259,"1984-2025",50.0540201689759,1.86636289810296,93.418966144274,4.53709438826336
2022,700,226,"Zwarte Kraai",14,6.57225335,2.13016742575817,"1984-2025",53.9043294127433,1.86636289810296,100.605040463064,4.61120236041708
2023,700,226,"Zwarte Kraai",12,6.57225335,1.825857793507,"1984-2025",46.2037109252085,1.86636289810296,86.2328918254837,4.45705168058982
2024,700,226,"Zwarte Kraai",14,6.57225335,2.13016742575817,"1984-2025",53.9043294127433,1.86636289810296,100.605040463064,4.61120236041708
2025,700,226,"Zwarte Kraai",11,6.57225335,1.67370297738142,"1984-2025",42.3534016814412,1.86636289810296,79.0468175066934,4.37004030360019
1967,800,229,"Spreeuw",3,5.735,0.5231037489102,"1958-1983",35.9524529667877,0.631907180986492,35.9524529667877,3.58219731457332
1967,900,229,"Spreeuw",3,5.735,0.5231037489102,"1958-1983",35.9524529667877,0.631907180986492,35.9524529667877,3.58219731457332
1968,800,229,"Spreeuw",1,5.6,0.178571428571429,"1958-1983",12.2730546288409,0.631907180986492,12.2730546288409,2.50740617874544
1968,900,229,"Spreeuw",1,5.6,0.178571428571429,"1958-1983",12.2730546288409,0.631907180986492,12.2730546288409,2.50740617874544
1969,800,229,"Spreeuw",1,5.6,0.178571428571429,"1958-1983",12.2730546288409,0.631907180986492,12.2730546288409,2.50740617874544
1969,900,229,"Spreeuw",1,5.6,0.178571428571429,"1958-1983",12.2730546288409,0.631907180986492,12.2730546288409,2.50740617874544
1970,800,229,"Spreeuw",3,5.625,0.533333333333333,"1958-1983",36.6555231581382,0.631907180986492,36.6555231581382,3.60156411706417
1970,900,229,"Spreeuw",3,5.625,0.533333333333333,"1958-1983",36.6555231581382,0.631907180986492,36.6555231581382,3.60156411706417
1971,800,229,"Spreeuw",5,5.615,0.890471950133571,"1958-1983",61.201340980863,0.631907180986492,61.201340980863,4.11416910073024
1971,900,229,"Spreeuw",5,5.615,0.890471950133571,"1958-1983",61.201340980863,0.631907180986492,61.201340980863,4.11416910073024
1972,800,229,"Spreeuw",8,5.645,1.41718334809566,"1958-1983",97.4017444414656,0.631907180986492,97.4017444414656,4.57884412056475
1972,900,229,"Spreeuw",8,5.645,1.41718334809566,"1958-1983",97.4017444414656,0.631907180986492,97.4017444414656,4.57884412056475
1973,800,229,"Spreeuw",9,5.715,1.5748031496063,"1958-1983",108.234812474818,0.631907180986492,108.234812474818,4.68430305657599
1973,900,229,"Spreeuw",9,5.715,1.5748031496063,"1958-1983",108.234812474818,0.631907180986492,108.234812474818,4.68430305657599
1974,800,229,"Spreeuw",10,5.855,1.70794192997438,"1958-1983",117.385321812996,0.631907180986492,117.385321812996,4.76546187243091
1974,900,229,"Spreeuw",10,5.855,1.70794192997438,"1958-1983",117.385321812996,0.631907180986492,117.385321812996,4.76546187243091
1975,800,229,"Spreeuw",15,5.505,2.72479564032698,"1958-1983",187.272768178499,0.631907180986492,187.272768178499,5.23256620741411
1975,900,229,"Spreeuw",15,5.505,2.72479564032698,"1958-1983",187.272768178499,0.631907180986492,187.272768178499,5.23256620741411
1976,800,229,"Spreeuw",15,6.49,2.31124807395994,"1958-1983",158.850013686077,0.631907180986492,158.850013686077,5.06796044687276
1976,900,229,"Spreeuw",15,6.49,2.31124807395994,"1958-1983",158.850013686077,0.631907180986492,158.850013686077,5.06796044687276
1977,800,229,"Spreeuw",19,6.175,3.07692307692308,"1958-1983",211.474172066182,0.631907180986492,211.474172066182,5.35410287313894
1977,900,229,"Spreeuw",19,6.175,3.07692307692308,"1958-1983",211.474172066182,0.631907180986492,211.474172066182,5.35410287313894
1978,800,229,"Spreeuw",18,6.38,2.82131661442006,"1958-1983",193.90656843059,0.631907180986492,193.90656843059,5.26737643702601
1978,900,229,"Spreeuw",18,6.38,2.82131661442006,"1958-1983",193.90656843059,0.631907180986492,193.90656843059,5.26737643702601
1979,800,229,"Spreeuw",12,6.37,1.88383045525903,"1958-1983",129.473982897662,0.631907180986492,129.473982897662,4.86347995669047
1979,900,229,"Spreeuw",12,6.37,1.88383045525903,"1958-1983",129.473982897662,0.631907180986492,129.473982897662,4.86347995669047
1980,800,229,"Spreeuw",9,6.38,1.41065830721003,"1958-1983",96.953284215295,0.631907180986492,96.953284215295,4.57422925646607
1980,900,229,"Spreeuw",9,6.38,1.41065830721003,"1958-1983",96.953284215295,0.631907180986492,96.953284215295,4.57422925646607
1981,800,229,"Spreeuw",7,6.38,1.09717868338558,"1958-1983",75.4081099452295,0.631907180986492,75.4081099452295,4.32291482818516
1981,900,229,"Spreeuw",7,6.38,1.09717868338558,"1958-1983",75.4081099452295,0.631907180986492,75.4081099452295,4.32291482818516
1982,800,229,"Spreeuw",6,6.035,0.994200497100248,"1958-1983",68.33051127242,0.631907180986492,68.33051127242,4.2243563911651
1982,900,229,"Spreeuw",6,6.035,0.994200497100248,"1958-1983",68.33051127242,0.631907180986492,68.33051127242,4.2243563911651
1983,800,229,"Spreeuw",9,6.38,1.41065830721003,"1958-1983",96.953284215295,0.631907180986492,96.953284215295,4.57422925646607
1983,900,229,"Spreeuw",9,6.38,1.41065830721003,"1958-1983",96.953284215295,0.631907180986492,96.953284215295,4.57422925646607
1984,800,229,"Spreeuw",1,3.02300608,0.330796555989725,"1984-2025",56.0176780527271,0.631907180986492,35.3979730237076,3.56665455928306
1984,900,229,"Spreeuw",1,3.02300608,0.330796555989725,"1984-2025",56.0176780527271,0.631907180986492,35.3979730237076,3.56665455928306
1985,800,229,"Spreeuw",5,5.13012052,0.97463597209993,"1984-2025",165.046591674299,0.631907180986492,104.294126476335,4.64721504667546
1985,900,229,"Spreeuw",5,5.13012052,0.97463597209993,"1984-2025",165.046591674299,0.631907180986492,104.294126476335,4.64721504667546
1986,800,229,"Spreeuw",4,4.23796013,0.943850314136863,"1984-2025",159.833293515082,0.631907180986492,100.999805932902,4.615118595383
1986,900,229,"Spreeuw",4,4.23796013,0.943850314136863,"1984-2025",159.833293515082,0.631907180986492,100.999805932902,4.615118595383
1987,800,229,"Spreeuw",2,5.02247314,0.39821019331524,"1984-2025",67.4336234840975,0.631907180986492,42.6117909195405,3.75213099712705
1987,900,229,"Spreeuw",2,5.02247314,0.39821019331524,"1984-2025",67.4336234840975,0.631907180986492,42.6117909195405,3.75213099712705
1988,800,229,"Spreeuw",5,4.70180252,1.06342194907837,"1984-2025",180.081767173918,0.631907180986492,113.794961841936,4.73439824867297
1988,900,229,"Spreeuw",5,4.70180252,1.06342194907837,"1984-2025",180.081767173918,0.631907180986492,113.794961841936,4.73439824867297
1989,800,229,"Spreeuw",4,4.70180252,0.850737559262697,"1984-2025",144.065413739135,0.631907180986492,91.0359694735492,4.51125469735876
1989,900,229,"Spreeuw",4,4.70180252,0.850737559262697,"1984-2025",144.065413739135,0.631907180986492,91.0359694735492,4.51125469735876
1990,800,229,"Spreeuw",4,4.85514176,0.823868837971891,"1984-2025",139.515416613398,0.631907180986492,88.1607936163282,4.47916234736418
1990,900,229,"Spreeuw",4,4.85514176,0.823868837971891,"1984-2025",139.515416613398,0.631907180986492,88.1607936163282,4.47916234736418
1991,800,229,"Spreeuw",1,5.55688703,0.179956870564633,"1984-2025",30.4742170259446,0.631907180986492,19.2568765736352,2.9578682215487
1991,900,229,"Spreeuw",1,5.55688703,0.179956870564633,"1984-2025",30.4742170259446,0.631907180986492,19.2568765736352,2.9578682215487
1992,800,229,"Spreeuw",2,6.1308353,0.326219821954767,"1984-2025",55.2426457585238,0.631907180986492,34.9082245515041,3.55272246194636
1992,900,229,"Spreeuw",2,6.1308353,0.326219821954767,"1984-2025",55.2426457585238,0.631907180986492,34.9082245515041,3.55272246194636
1993,800,229,"Spreeuw",4,6.1308353,0.652439643909534,"1984-2025",110.485291517048,0.631907180986492,69.8164491030083,4.2458696425063
1993,900,229,"Spreeuw",4,6.1308353,0.652439643909534,"1984-2025",110.485291517048,0.631907180986492,69.8164491030083,4.2458696425063
1994,800,229,"Spreeuw",3,6.1308353,0.48932973293215,"1984-2025",82.8639686377857,0.631907180986492,52.3623368272562,3.95818757005452
1994,900,229,"Spreeuw",3,6.1308353,0.48932973293215,"1984-2025",82.8639686377857,0.631907180986492,52.3623368272562,3.95818757005452
1995,800,229,"Spreeuw",3,6.09164596,0.492477734211592,"1984-2025",83.3970567821097,0.631907180986492,52.6991990537533,3.96460025721082
1995,900,229,"Spreeuw",3,6.09164596,0.492477734211592,"1984-2025",83.3970567821097,0.631907180986492,52.6991990537533,3.96460025721082
1996,800,229,"Spreeuw",7,6.44975091,1.08531323111205,"1984-2025",183.788875869337,0.631907180986492,116.137510447269,4.75477492392346
1996,900,229,"Spreeuw",7,6.44975091,1.08531323111205,"1984-2025",183.788875869337,0.631907180986492,116.137510447269,4.75477492392346
1997,800,229,"Spreeuw",4,6.09164596,0.65663697894879,"1984-2025",111.19607570948,0.631907180986492,70.2655987383378,4.2522823296626
1997,900,229,"Spreeuw",4,6.09164596,0.65663697894879,"1984-2025",111.19607570948,0.631907180986492,70.2655987383378,4.2522823296626
1998,800,229,"Spreeuw",3,5.62796272,0.533052571464084,"1984-2025",90.2680720000628,0.631907180986492,57.0410429106454,4.04377105978611
1998,900,229,"Spreeuw",3,5.62796272,0.533052571464084,"1984-2025",90.2680720000628,0.631907180986492,57.0410429106454,4.04377105978611
1999,800,229,"Spreeuw",3,6.09164596,0.492477734211592,"1984-2025",83.3970567821097,0.631907180986492,52.6991990537533,3.96460025721082
1999,900,229,"Spreeuw",3,6.09164596,0.492477734211592,"1984-2025",83.3970567821097,0.631907180986492,52.6991990537533,3.96460025721082
2000,800,229,"Spreeuw",1,5.70172844,0.175385413479987,"1984-2025",29.7000783399071,0.631907180986492,18.7676927788487,2.93213692236371
2000,900,229,"Spreeuw",1,5.70172844,0.175385413479987,"1984-2025",29.7000783399071,0.631907180986492,18.7676927788487,2.93213692236371
2001,800,229,"Spreeuw",5,6.44975091,0.775223736508609,"1984-2025",131.277768478098,0.631907180986492,82.9553646051923,4.41830268730225
2001,900,229,"Spreeuw",5,6.44975091,0.775223736508609,"1984-2025",131.277768478098,0.631907180986492,82.9553646051923,4.41830268730225
2002,800,229,"Spreeuw",3,6.09164596,0.492477734211592,"1984-2025",83.3970567821097,0.631907180986492,52.6991990537533,3.96460025721082
2002,900,229,"Spreeuw",3,6.09164596,0.492477734211592,"1984-2025",83.3970567821097,0.631907180986492,52.6991990537533,3.96460025721082
2003,800,229,"Spreeuw",1,6.2141484,0.160923096075401,"1984-2025",27.2510037482974,0.631907180986492,17.2201049576389,2.84607759408199
2003,900,229,"Spreeuw",1,6.2141484,0.160923096075401,"1984-2025",27.2510037482974,0.631907180986492,17.2201049576389,2.84607759408199
2004,800,229,"Spreeuw",2,6.2141484,0.321846192150802,"1984-2025",54.5020074965949,0.631907180986492,34.4402099152779,3.53922477464194
2004,900,229,"Spreeuw",2,6.2141484,0.321846192150802,"1984-2025",54.5020074965949,0.631907180986492,34.4402099152779,3.53922477464194
2005,800,229,"Spreeuw",3,6.2141484,0.482769288226203,"1984-2025",81.7530112448923,0.631907180986492,51.6603148729168,3.9446898827501
2005,900,229,"Spreeuw",3,6.2141484,0.482769288226203,"1984-2025",81.7530112448923,0.631907180986492,51.6603148729168,3.9446898827501
2006,800,229,"Spreeuw",4,5.65793112,0.706972197993107,"1984-2025",119.719931366628,0.631907180986492,75.6518843377819,4.32614234855312
2006,900,229,"Spreeuw",4,5.65793112,0.706972197993107,"1984-2025",119.719931366628,0.631907180986492,75.6518843377819,4.32614234855312
2007,800,229,"Spreeuw",4,6.1308353,0.652439643909534,"1984-2025",110.485291517048,0.631907180986492,69.8164491030083,4.2458696425063
2007,900,229,"Spreeuw",4,6.1308353,0.652439643909534,"1984-2025",110.485291517048,0.631907180986492,69.8164491030083,4.2458696425063
2008,800,229,"Spreeuw",2,6.02064405,0.332190374217522,"1984-2025",56.2537097142876,0.631907180986492,35.5471231255879,3.57085922823734
2008,900,229,"Spreeuw",2,6.02064405,0.332190374217522,"1984-2025",56.2537097142876,0.631907180986492,35.5471231255879,3.57085922823734
2009,800,229,"Spreeuw",6,5.98606767,1.00232745948894,"1984-2025",169.735917476733,0.631907180986492,107.257345124878,4.67523104147592
2009,900,229,"Spreeuw",6,5.98606767,1.00232745948894,"1984-2025",169.735917476733,0.631907180986492,107.257345124878,4.67523104147592
2010,800,229,"Spreeuw",2,6.44975091,0.310089494603444,"1984-2025",52.5111073912392,0.631907180986492,33.1821458420769,3.5020119554281
2010,900,229,"Spreeuw",2,6.44975091,0.310089494603444,"1984-2025",52.5111073912392,0.631907180986492,33.1821458420769,3.5020119554281
2011,800,229,"Spreeuw",4,6.44975091,0.620178989206887,"1984-2025",105.022214782478,0.631907180986492,66.3642916841538,4.19515913598804
2011,900,229,"Spreeuw",4,6.44975091,0.620178989206887,"1984-2025",105.022214782478,0.631907180986492,66.3642916841538,4.19515913598804
2012,800,229,"Spreeuw",8,6.44975091,1.24035797841377,"1984-2025",210.044429564957,0.631907180986492,132.728583368308,4.88830631654799
2012,900,229,"Spreeuw",8,6.44975091,1.24035797841377,"1984-2025",210.044429564957,0.631907180986492,132.728583368308,4.88830631654799
2013,800,229,"Spreeuw",6,6.44975091,0.930268483810331,"1984-2025",157.533322173718,0.631907180986492,99.5464375262307,4.6006242440962
2013,900,229,"Spreeuw",6,6.44975091,0.930268483810331,"1984-2025",157.533322173718,0.631907180986492,99.5464375262307,4.6006242440962
2014,800,229,"Spreeuw",4,6.44975091,0.620178989206887,"1984-2025",105.022214782478,0.631907180986492,66.3642916841538,4.19515913598804
2014,900,229,"Spreeuw",4,6.44975091,0.620178989206887,"1984-2025",105.022214782478,0.631907180986492,66.3642916841538,4.19515913598804
2015,800,229,"Spreeuw",2,6.57225335,0.304309632251167,"1984-2025",51.5323352045997,0.631907180986492,32.5636526687895,3.48319671754471
2015,900,229,"Spreeuw",2,6.57225335,0.304309632251167,"1984-2025",51.5323352045997,0.631907180986492,32.5636526687895,3.48319671754471
2016,800,229,"Spreeuw",4,6.44975091,0.620178989206887,"1984-2025",105.022214782478,0.631907180986492,66.3642916841538,4.19515913598804
2016,900,229,"Spreeuw",4,6.44975091,0.620178989206887,"1984-2025",105.022214782478,0.631907180986492,66.3642916841538,4.19515913598804
2017,800,229,"Spreeuw",3,6.57225335,0.45646444837675,"1984-2025",77.2985028068995,0.631907180986492,48.8454790031843,3.88866182565288
2017,900,229,"Spreeuw",3,6.57225335,0.45646444837675,"1984-2025",77.2985028068995,0.631907180986492,48.8454790031843,3.88866182565288
2018,800,229,"Spreeuw",3,6.57225335,0.45646444837675,"1984-2025",77.2985028068995,0.631907180986492,48.8454790031843,3.88866182565288
2018,900,229,"Spreeuw",3,6.57225335,0.45646444837675,"1984-2025",77.2985028068995,0.631907180986492,48.8454790031843,3.88866182565288
2021,800,229,"Spreeuw",2,6.57225335,0.304309632251167,"1984-2025",51.5323352045997,0.631907180986492,32.5636526687895,3.48319671754471
2021,900,229,"Spreeuw",2,6.57225335,0.304309632251167,"1984-2025",51.5323352045997,0.631907180986492,32.5636526687895,3.48319671754471
1966,800,232,"Ringmus",1,5.395,0.185356811862836,"1958-1983",11.4255679978471,1.20015806947341,11.4255679978471,2.43585365089217
1966,900,232,"Ringmus",1,5.395,0.185356811862836,"1958-1983",11.4255679978471,1.20015806947341,11.4255679978471,2.43585365089217
1968,800,232,"Ringmus",1,5.6,0.178571428571429,"1958-1983",11.007310597926,1.20015806947341,11.007310597926,2.39855965186117
1968,900,232,"Ringmus",1,5.6,0.178571428571429,"1958-1983",11.007310597926,1.20015806947341,11.007310597926,2.39855965186117
1970,800,232,"Ringmus",1,5.625,0.177777777777778,"1958-1983",10.9583892174907,1.20015806947341,10.9583892174907,2.39410530151179
1970,900,232,"Ringmus",1,5.625,0.177777777777778,"1958-1983",10.9583892174907,1.20015806947341,10.9583892174907,2.39410530151179
1971,800,232,"Ringmus",1,5.615,0.178094390026714,"1958-1983",10.9779054939244,1.20015806947341,10.9779054939244,2.39588466141186
1971,900,232,"Ringmus",1,5.615,0.178094390026714,"1958-1983",10.9779054939244,1.20015806947341,10.9779054939244,2.39588466141186
1972,800,232,"Ringmus",3,5.645,0.531443755535872,"1958-1983",32.7586923020648,1.20015806947341,32.7586923020648,3.48916834066875
1972,900,232,"Ringmus",3,5.645,0.531443755535872,"1958-1983",32.7586923020648,1.20015806947341,32.7586923020648,3.48916834066875
1973,800,232,"Ringmus",4,5.715,0.699912510936133,"1958-1983",43.1432646357903,1.20015806947341,43.1432646357903,3.76452631347539
1973,900,232,"Ringmus",4,5.715,0.699912510936133,"1958-1983",43.1432646357903,1.20015806947341,43.1432646357903,3.76452631347539
1974,800,232,"Ringmus",5,5.855,0.85397096498719,"1958-1983",52.6395724580575,1.20015806947341,52.6395724580575,3.96346816498669
1974,900,232,"Ringmus",5,5.855,0.85397096498719,"1958-1983",52.6395724580575,1.20015806947341,52.6395724580575,3.96346816498669
1975,800,232,"Ringmus",7,5.505,1.27157129881926,"1958-1983",78.3808493076653,1.20015806947341,78.3808493076653,4.36157962848294
1975,900,232,"Ringmus",7,5.505,1.27157129881926,"1958-1983",78.3808493076653,1.20015806947341,78.3808493076653,4.36157962848294
1976,800,232,"Ringmus",8,6.49,1.2326656394453,"1958-1983",75.9826679178864,1.20015806947341,75.9826679178864,4.33050526056611
1976,900,232,"Ringmus",8,6.49,1.2326656394453,"1958-1983",75.9826679178864,1.20015806947341,75.9826679178864,4.33050526056611
1977,800,232,"Ringmus",12,6.175,1.94331983805668,"1958-1983",119.788060272166,1.20015806947341,119.788060272166,4.78572401687623
1977,900,232,"Ringmus",12,6.175,1.94331983805668,"1958-1983",119.788060272166,1.20015806947341,119.788060272166,4.78572401687623
1978,800,232,"Ringmus",19,6.38,2.97805642633229,"1958-1983",183.570195551618,1.20015806947341,183.570195551618,5.21259713141201
1978,900,232,"Ringmus",19,6.38,2.97805642633229,"1958-1983",183.570195551618,1.20015806947341,183.570195551618,5.21259713141201
1979,800,232,"Ringmus",11,6.37,1.72684458398744,"1958-1983",106.444322265658,1.20015806947341,106.444322265658,4.66762205281657
1979,900,232,"Ringmus",11,6.37,1.72684458398744,"1958-1983",106.444322265658,1.20015806947341,106.444322265658,4.66762205281657
1980,800,232,"Ringmus",13,6.38,2.03761755485893,"1958-1983",125.600660114265,1.20015806947341,125.600660114265,4.83310750970711
1980,900,232,"Ringmus",13,6.38,2.03761755485893,"1958-1983",125.600660114265,1.20015806947341,125.600660114265,4.83310750970711
1981,800,232,"Ringmus",29,6.38,4.54545454545455,"1958-1983",280.186087947206,1.20015806947341,280.186087947206,5.63545398223205
1981,900,232,"Ringmus",29,6.38,4.54545454545455,"1958-1983",280.186087947206,1.20015806947341,280.186087947206,5.63545398223205
1982,800,232,"Ringmus",23,6.035,3.81110190555095,"1958-1983",234.919901410582,1.20015806947341,234.919901410582,5.45924461098193
1982,900,232,"Ringmus",23,6.035,3.81110190555095,"1958-1983",234.919901410582,1.20015806947341,234.919901410582,5.45924461098193
1983,800,232,"Ringmus",23,6.38,3.60501567398119,"1958-1983",222.216552509853,1.20015806947341,222.216552509853,5.40365236817472
1983,900,232,"Ringmus",23,6.38,3.60501567398119,"1958-1983",222.216552509853,1.20015806947341,222.216552509853,5.40365236817472
1984,800,232,"Ringmus",16,3.02300608,5.2927448958356,"1984-2025",309.849188666755,1.20015806947341,371.868004098193,5.91853896361388
1984,900,232,"Ringmus",16,3.02300608,5.2927448958356,"1984-2025",309.849188666755,1.20015806947341,371.868004098193,5.91853896361388
1985,800,232,"Ringmus",17,5.13012052,3.31376230513976,"1984-2025",193.995097419092,1.20015806947341,232.824781605803,5.45028616038861
1985,900,232,"Ringmus",17,5.13012052,3.31376230513976,"1984-2025",193.995097419092,1.20015806947341,232.824781605803,5.45028616038861
1986,800,232,"Ringmus",8,4.23796013,1.88770062827373,"1984-2025",110.510239890183,1.20015806947341,132.629756163646,4.88756145803398
1986,900,232,"Ringmus",8,4.23796013,1.88770062827373,"1984-2025",110.510239890183,1.20015806947341,132.629756163646,4.88756145803398
1987,800,232,"Ringmus",15,5.02247314,2.9865764498643,"1984-2025",174.840901667072,1.20015806947341,209.836719009742,5.34632969976035
1987,900,232,"Ringmus",15,5.02247314,2.9865764498643,"1984-2025",174.840901667072,1.20015806947341,209.836719009742,5.34632969976035
1988,800,232,"Ringmus",8,4.70180252,1.70147511852539,"1984-2025",99.6081797606704,1.20015806947341,119.545560725326,4.78369756000974
1988,900,232,"Ringmus",8,4.70180252,1.70147511852539,"1984-2025",99.6081797606704,1.20015806947341,119.545560725326,4.78369756000974
1989,800,232,"Ringmus",11,4.70180252,2.33952828797242,"1984-2025",136.961247170922,1.20015806947341,164.375145997323,5.10215129112828
1989,900,232,"Ringmus",11,4.70180252,2.33952828797242,"1984-2025",136.961247170922,1.20015806947341,164.375145997323,5.10215129112828
1990,800,232,"Ringmus",12,4.85514176,2.47160651391567,"1984-2025",144.693403538643,1.20015806947341,173.654955856475,5.15707031812333
1990,900,232,"Ringmus",12,4.85514176,2.47160651391567,"1984-2025",144.693403538643,1.20015806947341,173.654955856475,5.15707031812333
1991,800,232,"Ringmus",10,5.55688703,1.79956870564633,"1984-2025",105.35079894618,1.20015806947341,126.437611480729,4.83974899663378
1991,900,232,"Ringmus",10,5.55688703,1.79956870564633,"1984-2025",105.35079894618,1.20015806947341,126.437611480729,4.83974899663378
1992,800,232,"Ringmus",4,6.1308353,0.652439643909534,"1984-2025",38.1952839779706,1.20015806947341,45.8403782819897,3.82516532459734
1992,900,232,"Ringmus",4,6.1308353,0.652439643909534,"1984-2025",38.1952839779706,1.20015806947341,45.8403782819897,3.82516532459734
1993,800,232,"Ringmus",5,6.1308353,0.815549554886917,"1984-2025",47.7441049724632,1.20015806947341,57.3004728524871,4.04830887591155
1993,900,232,"Ringmus",5,6.1308353,0.815549554886917,"1984-2025",47.7441049724632,1.20015806947341,57.3004728524871,4.04830887591155
1995,800,232,"Ringmus",1,6.09164596,0.164159244737197,"1984-2025",9.61025135256164,1.20015806947341,11.5338207104446,2.44528365063375
1995,900,232,"Ringmus",1,6.09164596,0.164159244737197,"1984-2025",9.61025135256164,1.20015806947341,11.5338207104446,2.44528365063375
1999,800,232,"Ringmus",1,6.09164596,0.164159244737197,"1984-2025",9.61025135256164,1.20015806947341,11.5338207104446,2.44528365063375
1999,900,232,"Ringmus",1,6.09164596,0.164159244737197,"1984-2025",9.61025135256164,1.20015806947341,11.5338207104446,2.44528365063375
2002,800,232,"Ringmus",1,6.09164596,0.164159244737197,"1984-2025",9.61025135256164,1.20015806947341,11.5338207104446,2.44528365063375
2002,900,232,"Ringmus",1,6.09164596,0.164159244737197,"1984-2025",9.61025135256164,1.20015806947341,11.5338207104446,2.44528365063375
2003,800,232,"Ringmus",1,6.2141484,0.160923096075401,"1984-2025",9.42079993236348,1.20015806947341,11.3064490597205,2.42537327617303
2003,900,232,"Ringmus",1,6.2141484,0.160923096075401,"1984-2025",9.42079993236348,1.20015806947341,11.3064490597205,2.42537327617303
1961,700,236,"Groenling",1,5.002,0.199920031987205,"1958-1983",13.2850369687692,0.708302513216297,13.2850369687692,2.58663836195305
1962,700,236,"Groenling",1,5.002,0.199920031987205,"1958-1983",13.2850369687692,0.708302513216297,13.2850369687692,2.58663836195305
1964,700,236,"Groenling",1,5.3272,0.187715873254242,"1958-1983",12.4740492036687,0.708302513216297,12.4740492036687,2.5236504225942
1967,700,236,"Groenling",1,5.735,0.1743679163034,"1958-1983",11.5870540397182,0.708302513216297,11.5870540397182,2.44988844382714
1968,700,236,"Groenling",1,5.6,0.178571428571429,"1958-1983",11.8663848067471,0.708302513216297,11.8663848067471,2.47370959666737
1969,700,236,"Groenling",2,5.6,0.357142857142857,"1958-1983",23.7327696134941,0.708302513216297,23.7327696134941,3.16685677722732
1970,700,236,"Groenling",3,5.625,0.533333333333333,"1958-1983",35.4409359561513,0.708302513216297,35.4409359561513,3.5678675349861
1971,700,236,"Groenling",5,5.615,0.890471950133571,"1958-1983",59.1734237914369,0.708302513216297,59.1734237914369,4.08047251865217
1972,700,236,"Groenling",13,5.645,2.30292294065545,"1958-1983",153.033270846977,0.708302513216297,153.033270846977,5.03065535426839
1973,700,236,"Groenling",11,5.715,1.92475940507437,"1958-1983",127.903640261701,0.708302513216297,127.903640261701,4.85127716996007
1974,700,236,"Groenling",22,5.855,3.75747224594364,"1958-1983",249.690624797821,0.708302513216297,249.690624797821,5.52022265071711
1975,700,236,"Groenling",17,5.505,3.0881017257039,"1958-1983",205.209779037661,0.708302513216297,205.209779037661,5.32403276829005
1976,700,236,"Groenling",16,6.49,2.4653312788906,"1958-1983",163.825589935984,0.708302513216297,163.825589935984,5.09880238593226
1977,700,236,"Groenling",19,6.175,3.07692307692308,"1958-1983",204.466938208565,0.708302513216297,204.466938208565,5.32040629106087
1978,700,236,"Groenling",16,6.38,2.50783699059561,"1958-1983",166.650169072812,0.708302513216297,166.650169072812,5.11589681929156
1979,700,236,"Groenling",13,6.37,2.04081632653061,"1958-1983",135.615826362824,0.708302513216297,135.615826362824,4.90982608228594
1980,700,236,"Groenling",15,6.38,2.35109717868339,"1958-1983",156.234533505761,0.708302513216297,156.234533505761,5.05135829815399
1981,700,236,"Groenling",9,6.38,1.41065830721003,"1958-1983",93.7407201034565,0.708302513216297,93.7407201034565,4.540532674388
1982,700,236,"Groenling",11,6.035,1.82270091135046,"1958-1983",121.121674249481,0.708302513216297,121.121674249481,4.79679561265735
1983,700,236,"Groenling",4,6.38,0.626959247648903,"1958-1983",41.6625422682029,0.708302513216297,41.6625422682029,3.72960245817167
1984,700,236,"Groenling",3,3.02300608,0.992389667969176,"1984-2025",108.888745581427,0.708302513216297,77.126172156295,4.34544268024679
1985,700,236,"Groenling",7,5.13012052,1.3644903609399,"1984-2025",149.717040146885,0.708302513216297,106.044955807344,4.66386311559229
1986,700,236,"Groenling",4,4.23796013,0.943850314136863,"1984-2025",103.56282420122,0.708302513216297,73.3538086575019,4.29529442767862
1987,700,236,"Groenling",6,5.02247314,1.19463057994572,"1984-2025",131.079382909842,0.708302513216297,92.8438563458823,4.53091911809078
1988,700,236,"Groenling",4,4.70180252,0.850737559262697,"1984-2025",93.3461407721928,0.708302513216297,66.1173061079864,4.19143052965438
1989,700,236,"Groenling",2,4.70180252,0.425368779631349,"1984-2025",46.6730703860964,0.708302513216297,33.0586530539932,3.49828334909444
1990,700,236,"Groenling",2,4.85514176,0.411934418985945,"1984-2025",45.1990015544851,0.708302513216297,32.0145663959091,3.46619099909985
1991,700,236,"Groenling",3,5.55688703,0.5398706116939,"1984-2025",59.2366442144907,0.708302513216297,41.9574639716234,3.73665634251243
1992,700,236,"Groenling",4,6.1308353,0.652439643909534,"1984-2025",71.5881439377389,0.708302513216297,50.7060622675905,3.92604547480192
1993,700,236,"Groenling",3,6.1308353,0.48932973293215,"1984-2025",53.6911079533042,0.708302513216297,38.0295467006929,3.63836340235014
1995,700,236,"Groenling",1,6.09164596,0.164159244737197,"1984-2025",18.0121728510208,0.708302513216297,12.7580672988644,2.54616380083833
1997,700,236,"Groenling",1,6.09164596,0.164159244737197,"1984-2025",18.0121728510208,0.708302513216297,12.7580672988644,2.54616380083833
1998,700,236,"Groenling",1,5.62796272,0.177684190488028,"1984-2025",19.4961810228094,0.708302513216297,13.8091940165758,2.62533460341362
2000,700,236,"Groenling",1,5.70172844,0.175385413479987,"1984-2025",19.2439505201589,0.708302513216297,13.6305385176386,2.61231275465932
2002,700,236,"Groenling",1,6.09164596,0.164159244737197,"1984-2025",18.0121728510208,0.708302513216297,12.7580672988644,2.54616380083833
2004,700,236,"Groenling",1,6.2141484,0.160923096075401,"1984-2025",17.6570903872754,0.708302513216297,12.5065614973945,2.52625342637761
2012,700,236,"Groenling",1,6.44975091,0.155044747301722,"1984-2025",17.0120957397939,0.708302513216297,12.0497101675723,2.48904060716377
2013,700,236,"Groenling",1,6.44975091,0.155044747301722,"1984-2025",17.0120957397939,0.708302513216297,12.0497101675723,2.48904060716377
2015,700,236,"Groenling",3,6.57225335,0.45646444837675,"1984-2025",50.0850047018087,0.708302513216297,35.4753347047412,3.56883765794849
2016,700,236,"Groenling",1,6.44975091,0.155044747301722,"1984-2025",17.0120957397939,0.708302513216297,12.0497101675723,2.48904060716377
2017,700,236,"Groenling",3,6.57225335,0.45646444837675,"1984-2025",50.0850047018087,0.708302513216297,35.4753347047412,3.56883765794849
2018,700,236,"Groenling",7,6.57225335,1.06508371287908,"1984-2025",116.865010970887,0.708302513216297,82.7757809777294,4.4161355183357
2019,700,236,"Groenling",5,6.57225335,0.760774080627917,"1984-2025",83.4750078363479,0.708302513216297,59.1255578412353,4.07966328171448
2020,700,236,"Groenling",18,6.44975091,2.79080545143099,"1984-2025",306.21772331629,0.708302513216297,216.894783016301,5.37941236505993
2021,700,236,"Groenling",20,6.57225335,3.04309632251167,"1984-2025",333.900031345391,0.708302513216297,236.502231364941,5.46595764283438
2022,700,236,"Groenling",12,6.57225335,1.825857793507,"1984-2025",200.340018807235,0.708302513216297,141.901338818965,4.95513201906838
2023,700,236,"Groenling",17,6.57225335,2.58663187413492,"1984-2025",283.815026643583,0.708302513216297,201.0268966602,5.3034387133366
2024,700,236,"Groenling",11,6.57225335,1.67370297738142,"1984-2025",183.645017239965,0.708302513216297,130.076227250718,4.86812064207875
2025,700,236,"Groenling",16,6.57225335,2.43447705800934,"1984-2025",267.120025076313,0.708302513216297,189.201785091953,5.24281409152017
1958,600,239,"Kneu",9,4.3072,2.08952451708767,"1958-1983",23.5815030245227,0.793641439743778,23.5815030245227,3.16046263457581
1958,700,239,"Kneu",9,4.3072,2.08952451708767,"1958-1983",23.5815030245227,0.793641439743778,23.5815030245227,3.16046263457581
1959,600,239,"Kneu",17,5.0372,3.37489081235607,"1958-1983",38.0876114389566,0.793641439743778,38.0876114389566,3.63988907017447
1959,700,239,"Kneu",17,5.0372,3.37489081235607,"1958-1983",38.0876114389566,0.793641439743778,38.0876114389566,3.63988907017447
1960,600,239,"Kneu",21,5.022,4.1816009557945,"1958-1983",47.1918059730896,0.793641439743778,47.1918059730896,3.85422027525584
1960,700,239,"Kneu",21,5.022,4.1816009557945,"1958-1983",47.1918059730896,0.793641439743778,47.1918059730896,3.85422027525584
1961,600,239,"Kneu",27,5.002,5.39784086365454,"1958-1983",60.9177827832211,0.793641439743778,60.9177827832211,4.10952513181671
1961,700,239,"Kneu",27,5.002,5.39784086365454,"1958-1983",60.9177827832211,0.793641439743778,60.9177827832211,4.10952513181671
1962,600,239,"Kneu",34,5.002,6.79728108756497,"1958-1983",76.7112820233155,0.793641439743778,76.7112820233155,4.34004879042855
1962,700,239,"Kneu",34,5.002,6.79728108756497,"1958-1983",76.7112820233155,0.793641439743778,76.7112820233155,4.34004879042855
1963,600,239,"Kneu",25,5.2472,4.76444579966458,"1958-1983",53.7695500178,0.793641439743778,53.7695500178,3.98470732213862
1963,700,239,"Kneu",25,5.2472,4.76444579966458,"1958-1983",53.7695500178,0.793641439743778,53.7695500178,3.98470732213862
1964,600,239,"Kneu",30,5.3272,5.63147619762727,"1958-1983",63.5544938098964,0.793641439743778,63.5544938098964,4.15189770811569
1964,700,239,"Kneu",30,5.3272,5.63147619762727,"1958-1983",63.5544938098964,0.793641439743778,63.5544938098964,4.15189770811569
1965,600,239,"Kneu",30,5.315,5.64440263405456,"1958-1983",63.7003761851515,0.793641439743778,63.7003761851515,4.15419046813606
1965,700,239,"Kneu",30,5.315,5.64440263405456,"1958-1983",63.7003761851515,0.793641439743778,63.7003761851515,4.15419046813606
1966,600,239,"Kneu",40,5.395,7.41427247451344,"1958-1983",83.6743897248267,0.793641439743778,83.6743897248267,4.42693295367165
1966,700,239,"Kneu",40,5.395,7.41427247451344,"1958-1983",83.6743897248267,0.793641439743778,83.6743897248267,4.42693295367165
1967,600,239,"Kneu",36,5.735,6.2772449869224,"1958-1983",70.8423712831554,0.793641439743778,70.8423712831554,4.26045728614259
1967,700,239,"Kneu",36,5.735,6.2772449869224,"1958-1983",70.8423712831554,0.793641439743778,70.8423712831554,4.26045728614259
1968,600,239,"Kneu",42,5.6,7.5,"1958-1983",84.64187485602,0.793641439743778,84.64187485602,4.43842911881008
1968,700,239,"Kneu",42,5.6,7.5,"1958-1983",84.64187485602,0.793641439743778,84.64187485602,4.43842911881008
1969,600,239,"Kneu",35,5.6,6.25,"1958-1983",70.53489571335,0.793641439743778,70.53489571335,4.25610756201612
1969,700,239,"Kneu",35,5.6,6.25,"1958-1983",70.53489571335,0.793641439743778,70.53489571335,4.25610756201612
1970,600,239,"Kneu",36,5.625,6.4,"1958-1983",72.2277332104704,0.793641439743778,72.2277332104704,4.27982408863344
1970,700,239,"Kneu",36,5.625,6.4,"1958-1983",72.2277332104704,0.793641439743778,72.2277332104704,4.27982408863344
1971,600,239,"Kneu",27,5.615,4.80854853072128,"1958-1983",54.2672750635213,0.793641439743778,54.2672750635213,3.99392137608173
1971,700,239,"Kneu",27,5.615,4.80854853072128,"1958-1983",54.2672750635213,0.793641439743778,54.2672750635213,3.99392137608173
1972,600,239,"Kneu",50,5.645,8.85739592559787,"1958-1983",99.9608796646236,0.793641439743778,99.9608796646236,4.60477890609433
1972,700,239,"Kneu",50,5.645,8.85739592559787,"1958-1983",99.9608796646236,0.793641439743778,99.9608796646236,4.60477890609433
1973,600,239,"Kneu",80,5.715,13.9982502187227,"1958-1983",157.978419095517,0.793641439743778,157.978419095517,5.06245843569492
1973,700,239,"Kneu",80,5.715,13.9982502187227,"1958-1983",157.978419095517,0.793641439743778,157.978419095517,5.06245843569492
1974,600,239,"Kneu",82,5.855,14.0051238257899,"1958-1983",158.055991760743,0.793641439743778,158.055991760743,5.06294934848238
1974,700,239,"Kneu",82,5.855,14.0051238257899,"1958-1983",158.055991760743,0.793641439743778,158.055991760743,5.06294934848238
1975,600,239,"Kneu",88,5.505,15.9854677565849,"1958-1983",180.405328182374,0.793641439743778,180.405328182374,5.19520614257138
1975,700,239,"Kneu",88,5.505,15.9854677565849,"1958-1983",180.405328182374,0.793641439743778,180.405328182374,5.19520614257138
1976,600,239,"Kneu",84,6.49,12.9429892141757,"1958-1983",146.069183110543,0.793641439743778,146.069183110543,4.98408036639513
1976,700,239,"Kneu",84,6.49,12.9429892141757,"1958-1983",146.069183110543,0.793641439743778,146.069183110543,4.98408036639513
1977,600,239,"Kneu",73,6.175,11.8218623481781,"1958-1983",133.416612458612,0.793641439743778,133.416612458612,4.89347665690216
1977,700,239,"Kneu",73,6.175,11.8218623481781,"1958-1983",133.416612458612,0.793641439743778,133.416612458612,4.89347665690216
1978,600,239,"Kneu",78,6.38,12.2257053291536,"1958-1983",137.97421606624,0.793641439743778,137.97421606624,4.9270668276007
1978,700,239,"Kneu",78,6.38,12.2257053291536,"1958-1983",137.97421606624,0.793641439743778,137.97421606624,4.9270668276007
1979,600,239,"Kneu",78,6.37,12.2448979591837,"1958-1983",138.190816091461,0.793641439743778,138.190816091461,4.92863545537333
1979,700,239,"Kneu",78,6.37,12.2448979591837,"1958-1983",138.190816091461,0.793641439743778,138.190816091461,4.92863545537333
1980,600,239,"Kneu",80,6.38,12.5391849529781,"1958-1983",141.512016478194,0.793641439743778,141.512016478194,4.952384635585
1980,700,239,"Kneu",80,6.38,12.5391849529781,"1958-1983",141.512016478194,0.793641439743778,141.512016478194,4.952384635585
1981,600,239,"Kneu",88,6.38,13.7931034482759,"1958-1983",155.663218126014,0.793641439743778,155.663218126014,5.04769481538932
1981,700,239,"Kneu",88,6.38,13.7931034482759,"1958-1983",155.663218126014,0.793641439743778,155.663218126014,5.04769481538932
1982,600,239,"Kneu",75,6.035,12.4275062137531,"1958-1983",140.251656762254,0.793641439743778,140.251656762254,4.94343835725463
1982,700,239,"Kneu",75,6.035,12.4275062137531,"1958-1983",140.251656762254,0.793641439743778,140.251656762254,4.94343835725463
1983,600,239,"Kneu",83,6.38,13.0094043887147,"1958-1983",146.818717096127,0.793641439743778,146.818717096127,4.98919860870771
1983,700,239,"Kneu",83,6.38,13.0094043887147,"1958-1983",146.818717096127,0.793641439743778,146.818717096127,4.98919860870771
1984,600,239,"Kneu",31,3.02300608,10.2546932356815,"1984-2025",182.966824752922,0.793641439743778,145.210054222257,4.97818134394838
1984,700,239,"Kneu",31,3.02300608,10.2546932356815,"1984-2025",182.966824752922,0.793641439743778,145.210054222257,4.97818134394838
1985,600,239,"Kneu",63,5.13012052,12.2804132484591,"1984-2025",219.110232464693,0.793641439743778,173.894960355873,5.15845144081306
1985,700,239,"Kneu",63,5.13012052,12.2804132484591,"1984-2025",219.110232464693,0.793641439743778,173.894960355873,5.15845144081306
1986,600,239,"Kneu",37,4.23796013,8.73061540576598,"1984-2025",155.773843470393,0.793641439743778,123.628577406265,4.81728172708751
1986,700,239,"Kneu",37,4.23796013,8.73061540576598,"1984-2025",155.773843470393,0.793641439743778,123.628577406265,4.81728172708751
1987,600,239,"Kneu",21,5.02247314,4.18120702981002,"1984-2025",74.6021510635755,0.793641439743778,59.2073585780789,4.0810458344707
1987,700,239,"Kneu",21,5.02247314,4.18120702981002,"1984-2025",74.6021510635755,0.793641439743778,59.2073585780789,4.0810458344707
1988,600,239,"Kneu",18,4.70180252,3.82831901668214,"1984-2025",68.3058340727645,0.793641439743778,54.2103404964084,3.99287167431521
1988,700,239,"Kneu",18,4.70180252,3.82831901668214,"1984-2025",68.3058340727645,0.793641439743778,54.2103404964084,3.99287167431521
1989,600,239,"Kneu",26,4.70180252,5.52979413520753,"1984-2025",98.6639825495487,0.793641439743778,78.3038251614788,4.36059645444053
1989,700,239,"Kneu",26,4.70180252,5.52979413520753,"1984-2025",98.6639825495487,0.793641439743778,78.3038251614788,4.36059645444053
1990,600,239,"Kneu",22,4.85514176,4.5312786088454,"1984-2025",80.8482165265068,0.793641439743778,64.1644949648135,4.16145001978278
1990,700,239,"Kneu",22,4.85514176,4.5312786088454,"1984-2025",80.8482165265068,0.793641439743778,64.1644949648135,4.16145001978278
1991,600,239,"Kneu",28,5.55688703,5.03879237580973,"1984-2025",89.9034052411488,0.793641439743778,71.3510679734537,4.26761231190408
1991,700,239,"Kneu",28,5.55688703,5.03879237580973,"1984-2025",89.9034052411488,0.793641439743778,71.3510679734537,4.26761231190408
1992,600,239,"Kneu",54,6.1308353,8.8079351927787,"1984-2025",157.153402623959,0.793641439743778,124.723452719112,4.82609890813086
1992,700,239,"Kneu",54,6.1308353,8.8079351927787,"1984-2025",157.153402623959,0.793641439743778,124.723452719112,4.82609890813086
1993,600,239,"Kneu",64,6.1308353,10.4390343025525,"1984-2025",186.255884591358,0.793641439743778,147.820388407837,4.99599794492626
1993,700,239,"Kneu",64,6.1308353,10.4390343025525,"1984-2025",186.255884591358,0.793641439743778,147.820388407837,4.99599794492626
1994,600,239,"Kneu",53,6.1308353,8.64482528180132,"1984-2025",154.243154427219,0.793641439743778,122.41375915024,4.80740677511871
1994,700,239,"Kneu",53,6.1308353,8.64482528180132,"1984-2025",154.243154427219,0.793641439743778,122.41375915024,4.80740677511871
1995,600,239,"Kneu",51,6.09164596,8.37212148159707,"1984-2025",149.377504399989,0.793641439743778,118.55217765734,4.77535318144721
1995,700,239,"Kneu",51,6.09164596,8.37212148159707,"1984-2025",149.377504399989,0.793641439743778,118.55217765734,4.77535318144721
1996,600,239,"Kneu",37,6.44975091,5.73665565016371,"1984-2025",102.354857906348,0.793641439743778,81.2330567935636,4.39732226769255
1996,700,239,"Kneu",37,6.44975091,5.73665565016371,"1984-2025",102.354857906348,0.793641439743778,81.2330567935636,4.39732226769255
1997,600,239,"Kneu",46,6.09164596,7.55132525791108,"1984-2025",134.732651027441,0.793641439743778,106.929415141914,4.67216894521198
1997,700,239,"Kneu",46,6.09164596,7.55132525791108,"1984-2025",134.732651027441,0.793641439743778,106.929415141914,4.67216894521198
1998,600,239,"Kneu",42,5.62796272,7.46273600049717,"1984-2025",133.15201913883,0.793641439743778,105.674960174132,4.66036796958154
1998,700,239,"Kneu",42,5.62796272,7.46273600049717,"1984-2025",133.15201913883,0.793641439743778,105.674960174132,4.66036796958154
1999,600,239,"Kneu",52,6.09164596,8.53628072633427,"1984-2025",152.306475074498,0.793641439743778,120.876730160425,4.79477126730432
1999,700,239,"Kneu",52,6.09164596,8.53628072633427,"1984-2025",152.306475074498,0.793641439743778,120.876730160425,4.79477126730432
2000,600,239,"Kneu",53,5.70172844,9.2954269144393,"1984-2025",165.851352953201,0.793641439743778,131.626506541232,4.879968416096
2000,700,239,"Kneu",53,5.70172844,9.2954269144393,"1984-2025",165.851352953201,0.793641439743778,131.626506541232,4.879968416096
2001,600,239,"Kneu",43,6.44975091,6.66692413397404,"1984-2025",118.952942972242,0.793641439743778,94.4059849222496,4.54760447074189
2001,700,239,"Kneu",43,6.44975091,6.66692413397404,"1984-2025",118.952942972242,0.793641439743778,94.4059849222496,4.54760447074189
2002,600,239,"Kneu",40,6.09164596,6.5663697894879,"1984-2025",117.158826980383,0.793641439743778,92.9821001234036,4.53240700283683
2002,700,239,"Kneu",40,6.09164596,6.5663697894879,"1984-2025",117.158826980383,0.793641439743778,92.9821001234036,4.53240700283683
2003,600,239,"Kneu",33,6.2141484,5.31046217048824,"1984-2025",94.7506062808297,0.793641439743778,75.1980075853135,4.32012473572865
2003,700,239,"Kneu",33,6.2141484,5.31046217048824,"1984-2025",94.7506062808297,0.793641439743778,75.1980075853135,4.32012473572865
2004,600,239,"Kneu",28,6.2141484,4.50584669011123,"1984-2025",80.3944538140373,0.793641439743778,63.8043700723872,4.15582168443737
2004,700,239,"Kneu",28,6.2141484,4.50584669011123,"1984-2025",80.3944538140373,0.793641439743778,63.8043700723872,4.15582168443737
2005,600,239,"Kneu",34,6.2141484,5.47138526656364,"1984-2025",97.6218367741882,0.793641439743778,77.4767350878988,4.34997769887833
2005,700,239,"Kneu",34,6.2141484,5.47138526656364,"1984-2025",97.6218367741882,0.793641439743778,77.4767350878988,4.34997769887833
2006,600,239,"Kneu",23,5.65793112,4.06509013846036,"1984-2025",72.5303641829595,0.793641439743778,57.5631026553045,4.05288178354256
2006,700,239,"Kneu",23,5.65793112,4.06509013846036,"1984-2025",72.5303641829595,0.793641439743778,57.5631026553045,4.05288178354256
2007,600,239,"Kneu",17,6.1308353,2.77286848661552,"1984-2025",49.4742193445796,0.793641439743778,39.2647906708316,3.6703282056228
2007,700,239,"Kneu",17,6.1308353,2.77286848661552,"1984-2025",49.4742193445796,0.793641439743778,39.2647906708316,3.6703282056228
2008,600,239,"Kneu",16,6.02064405,2.65752299374018,"1984-2025",47.416195950225,0.793641439743778,37.6314580211097,3.62784035009735
2008,700,239,"Kneu",16,6.02064405,2.65752299374018,"1984-2025",47.416195950225,0.793641439743778,37.6314580211097,3.62784035009735
2009,600,239,"Kneu",14,5.98606767,2.33876407214087,"1984-2025",41.7288188238418,0.793641439743778,33.1177198501611,3.50006848204329
2009,700,239,"Kneu",14,5.98606767,2.33876407214087,"1984-2025",41.7288188238418,0.793641439743778,33.1177198501611,3.50006848204329
2010,600,239,"Kneu",12,6.44975091,1.86053696762066,"1984-2025",33.1961701317884,0.793641439743778,26.345856257372,3.27131100483632
2010,700,239,"Kneu",12,6.44975091,1.86053696762066,"1984-2025",33.1961701317884,0.793641439743778,26.345856257372,3.27131100483632
2011,600,239,"Kneu",14,6.44975091,2.1706264622241,"1984-2025",38.7288651537532,0.793641439743778,30.7368323002673,3.42546168466358
2011,700,239,"Kneu",14,6.44975091,2.1706264622241,"1984-2025",38.7288651537532,0.793641439743778,30.7368323002673,3.42546168466358
2012,600,239,"Kneu",12,6.44975091,1.86053696762066,"1984-2025",33.1961701317884,0.793641439743778,26.345856257372,3.27131100483632
2012,700,239,"Kneu",12,6.44975091,1.86053696762066,"1984-2025",33.1961701317884,0.793641439743778,26.345856257372,3.27131100483632
2013,600,239,"Kneu",14,6.44975091,2.1706264622241,"1984-2025",38.7288651537532,0.793641439743778,30.7368323002673,3.42546168466358
2013,700,239,"Kneu",14,6.44975091,2.1706264622241,"1984-2025",38.7288651537532,0.793641439743778,30.7368323002673,3.42546168466358
2014,600,239,"Kneu",23,6.44975091,3.5660291879396,"1984-2025",63.6259927525945,0.793641439743778,50.4962244932963,3.92189857097747
2014,700,239,"Kneu",23,6.44975091,3.5660291879396,"1984-2025",63.6259927525945,0.793641439743778,50.4962244932963,3.92189857097747
2015,600,239,"Kneu",30,6.57225335,4.5646444837675,"1984-2025",81.4435388876242,0.793641439743778,64.6369674606024,4.1687864988271
2015,700,239,"Kneu",30,6.57225335,4.5646444837675,"1984-2025",81.4435388876242,0.793641439743778,64.6369674606024,4.1687864988271
2016,600,239,"Kneu",21,6.44975091,3.25593969333616,"1984-2025",58.0932977306298,0.793641439743778,46.105248450401,3.83092679277175
2016,700,239,"Kneu",21,6.44975091,3.25593969333616,"1984-2025",58.0932977306298,0.793641439743778,46.105248450401,3.83092679277175
2017,600,239,"Kneu",23,6.57225335,3.49956077088842,"1984-2025",62.4400464805119,0.793641439743778,49.5550083864619,3.90308333309409
2017,700,239,"Kneu",23,6.57225335,3.49956077088842,"1984-2025",62.4400464805119,0.793641439743778,49.5550083864619,3.90308333309409
2018,600,239,"Kneu",30,6.57225335,4.5646444837675,"1984-2025",81.4435388876242,0.793641439743778,64.6369674606024,4.1687864988271
2018,700,239,"Kneu",30,6.57225335,4.5646444837675,"1984-2025",81.4435388876242,0.793641439743778,64.6369674606024,4.1687864988271
2019,600,239,"Kneu",35,6.57225335,5.32541856439542,"1984-2025",95.0174620355616,0.793641439743778,75.4097953707029,4.32293717865435
2019,700,239,"Kneu",35,6.57225335,5.32541856439542,"1984-2025",95.0174620355616,0.793641439743778,75.4097953707029,4.32293717865435
2020,600,239,"Kneu",40,6.44975091,6.20178989206887,"1984-2025",110.653900439295,0.793641439743778,87.8195208579066,4.47528380916226
2020,700,239,"Kneu",40,6.44975091,6.20178989206887,"1984-2025",110.653900439295,0.793641439743778,87.8195208579066,4.47528380916226
2021,600,239,"Kneu",46,6.57225335,6.99912154177684,"1984-2025",124.880092961024,0.793641439743778,99.1100167729237,4.59623051365404
2021,700,239,"Kneu",46,6.57225335,6.99912154177684,"1984-2025",124.880092961024,0.793641439743778,99.1100167729237,4.59623051365404
2022,600,239,"Kneu",34,6.57225335,5.17326374826984,"1984-2025",92.3026774059741,0.793641439743778,73.2552297886828,4.2939496417811
2022,700,239,"Kneu",34,6.57225335,5.17326374826984,"1984-2025",92.3026774059741,0.793641439743778,73.2552297886828,4.2939496417811
2023,600,239,"Kneu",42,6.57225335,6.39050227727451,"1984-2025",114.020954442674,0.793641439743778,90.4917544448434,4.50525873544831
2023,700,239,"Kneu",42,6.57225335,6.39050227727451,"1984-2025",114.020954442674,0.793641439743778,90.4917544448434,4.50525873544831
2024,600,239,"Kneu",30,6.57225335,4.5646444837675,"1984-2025",81.4435388876242,0.793641439743778,64.6369674606024,4.1687864988271
2024,700,239,"Kneu",30,6.57225335,4.5646444837675,"1984-2025",81.4435388876242,0.793641439743778,64.6369674606024,4.1687864988271
2025,600,239,"Kneu",24,6.57225335,3.651715587014,"1984-2025",65.1548311100994,0.793641439743778,51.709573968482,3.94564294751289
2025,700,239,"Kneu",24,6.57225335,3.651715587014,"1984-2025",65.1548311100994,0.793641439743778,51.709573968482,3.94564294751289
1970,700,240,"Barmsijs",2,5.625,0.355555555555556,"1958-1983",14.8353270809437,2.07283651712096,14.8353270809437,2.69701130142314
1971,700,240,"Barmsijs",2,5.615,0.356188780053428,"1958-1983",14.8617479662169,2.07283651712096,14.8617479662169,2.69879066132321
1973,700,240,"Barmsijs",1,5.715,0.174978127734033,"1958-1983",7.30084994140929,2.07283651712096,7.30084994140929,1.9879907717069
1974,700,240,"Barmsijs",5,5.855,0.85397096498719,"1958-1983",35.6313897652896,2.07283651712096,35.6313897652896,3.57322698433809
1975,700,240,"Barmsijs",8,5.505,1.45322434150772,"1958-1983",60.63485182947,2.07283651712096,60.63485182947,4.10486984045887
1976,700,240,"Barmsijs",7,6.49,1.07858243451464,"1958-1983",45.0031589993958,2.07283651712096,45.0031589993958,3.80673268729299
1977,700,240,"Barmsijs",12,6.175,1.94331983805668,"1958-1983",81.0837714950362,2.07283651712096,81.0837714950362,4.39548283622763
1978,700,240,"Barmsijs",9,6.38,1.41065830721003,"1958-1983",58.8588114006876,2.07283651712096,58.8588114006876,4.07514154893319
1979,700,240,"Barmsijs",24,6.37,3.76766091051805,"1958-1983",157.20323044956,2.07283651712096,157.20323044956,5.05753942971755
1980,700,240,"Barmsijs",31,6.38,4.858934169279,"1958-1983",202.735905935702,2.07283651712096,202.735905935702,5.31190417608212
1981,700,240,"Barmsijs",41,6.38,6.42633228840125,"1958-1983",268.134585269799,2.07283651712096,268.134585269799,5.59148903830128
1982,700,240,"Barmsijs",19,6.035,3.14830157415079,"1958-1983",131.36086013056,2.07283651712096,131.36086013056,4.87794819357062
1983,700,240,"Barmsijs",34,6.38,5.32915360501567,"1958-1983",222.355509735931,2.07283651712096,222.355509735931,5.40427749621314
1984,700,240,"Barmsijs",1,3.02300608,0.330796555989725,"1984-2025",100,2.07283651712096,207.283651712096,5.33408815338976
1967,600,246,"Goudvink",2,5.735,0.3487358326068,"1958-1983",17.1134353287551,1.34689612094992,17.1134353287551,2.8398638467545
1968,600,246,"Goudvink",1,5.6,0.178571428571429,"1958-1983",8.76299567950095,1.34689612094992,8.76299567950095,2.17053781903479
1969,600,246,"Goudvink",3,5.6,0.535714285714286,"1958-1983",26.2889870385028,1.34689612094992,26.2889870385028,3.2691501077029
1970,600,246,"Goudvink",4,5.625,0.711111111111111,"1958-1983",34.896196128146,1.34689612094992,34.896196128146,3.5523778298053
1971,600,246,"Goudvink",7,5.615,1.246660730187,"1958-1983",61.1771025176202,1.34689612094992,61.1771025176202,4.1137729776408
1972,600,246,"Goudvink",5,5.645,0.885739592559787,"1958-1983",43.4657004474804,1.34689612094992,43.4657004474804,3.77197213160837
1973,600,246,"Goudvink",11,5.715,1.92475940507437,"1958-1983",94.4532867641747,1.34689612094992,94.4532867641747,4.54810539232749
1974,600,246,"Goudvink",13,5.855,2.22032450896669,"1958-1983",108.957486843325,1.34689612094992,108.957486843325,4.69095777718775
1975,600,246,"Goudvink",12,5.505,2.17983651226158,"1958-1983",106.970628458213,1.34689612094992,106.970628458213,4.67255429638925
1976,600,246,"Goudvink",12,6.49,1.84899845916795,"1958-1983",90.7354868509189,1.34689612094992,90.7354868509189,4.50794853584789
1977,600,246,"Goudvink",8,6.175,1.29554655870445,"1958-1983",63.5760658205089,1.34689612094992,63.5760658205089,4.15223707594169
1978,600,246,"Goudvink",9,6.38,1.41065830721003,"1958-1983",69.2249188474683,1.34689612094992,69.2249188474683,4.23736089675541
1979,600,246,"Goudvink",14,6.37,2.1978021978022,"1958-1983",107.852254516935,1.34689612094992,107.852254516935,4.68076227680708
1980,600,246,"Goudvink",18,6.38,2.82131661442006,"1958-1983",138.449837694937,1.34689612094992,138.449837694937,4.93050807731536
1981,600,246,"Goudvink",27,6.38,4.23197492163009,"1958-1983",207.674756542405,1.34689612094992,207.674756542405,5.33597318542352
1982,600,246,"Goudvink",29,6.035,4.8053024026512,"1958-1983",235.809527481517,1.34689612094992,235.809527481517,5.46302439221287
1983,600,246,"Goudvink",37,6.38,5.79937304075235,"1958-1983",284.591333039592,1.34689612094992,284.591333039592,5.65105423206342
1984,600,246,"Goudvink",17,3.02300608,5.62354145182533,"1984-2025",142.855404599838,1.34689612094992,192.411390312252,5.25963573768642
1985,600,246,"Goudvink",44,5.13012052,8.57679655447939,"1984-2025",217.877249142166,1.34689612094992,293.458021712822,5.68173460250676
1986,600,246,"Goudvink",30,4.23796013,7.07887735602647,"1984-2025",179.825452958927,1.34689612094992,242.20620503844,5.4897894502724
1987,600,246,"Goudvink",32,5.02247314,6.37136309304384,"1984-2025",161.852395026592,1.34689612094992,217.998363027771,5.38448755371397
1988,600,246,"Goudvink",32,4.70180252,6.80590047410158,"1984-2025",172.890993019786,1.34689612094992,232.866207845528,5.45046407338574
1989,600,246,"Goudvink",17,4.70180252,3.61563462686646,"1984-2025",91.8483400417611,1.34689612094992,123.710172917937,4.81794151464223
1990,600,246,"Goudvink",21,4.85514176,4.32531139935243,"1984-2025",109.876332426468,1.34689612094992,147.992005929413,4.99715825831485
1991,600,246,"Goudvink",23,5.55688703,4.13900802298657,"1984-2025",105.143648505302,1.34689612094992,141.617572314313,4.95313027182499
1992,600,246,"Goudvink",14,6.1308353,2.28353875368337,"1984-2025",58.008970925423,1.34689612094992,78.1320579197486,4.35840044534881
1993,600,246,"Goudvink",15,6.1308353,2.44664866466075,"1984-2025",62.1524688486675,1.34689612094992,83.7129191997307,4.42739331683576
1994,600,246,"Goudvink",28,6.1308353,4.56707750736674,"1984-2025",116.017941850846,1.34689612094992,156.264115839497,5.05154762590876
1995,600,246,"Goudvink",31,6.09164596,5.08893658685312,"1984-2025",129.274781972462,1.34689612094992,174.119702375354,5.159743007375
1996,600,246,"Goudvink",33,6.44975091,5.11647666095682,"1984-2025",129.974385320725,1.34689612094992,175.061995411334,5.16514017068177
1997,600,246,"Goudvink",40,6.09164596,6.5663697894879,"1984-2025",166.806170287047,1.34689612094992,224.670583710135,5.41463525700379
1998,600,246,"Goudvink",35,5.62796272,6.21894666708098,"1984-2025",157.980544808165,1.34689612094992,212.783382987672,5.36027466695456
1999,600,246,"Goudvink",37,6.09164596,6.0738920552763,"1984-2025",154.295707515519,1.34689612094992,207.820289931875,5.33667371553408
2000,600,246,"Goudvink",38,5.70172844,6.6646457122395,"1984-2025",169.302683707882,1.34689612094992,228.033127952556,5.42949091643723
2001,600,246,"Goudvink",44,6.44975091,6.82196888127576,"1984-2025",173.299180427633,1.34689612094992,233.415993881778,5.45282224313355
2002,600,246,"Goudvink",35,6.09164596,5.74557356580191,"1984-2025",145.955399001166,1.34689612094992,196.586760746368,5.28110386437927
2003,600,246,"Goudvink",37,6.2141484,5.95415455478984,"1984-2025",151.254003417789,1.34689612094992,203.723430481566,5.31676334107336
2004,600,246,"Goudvink",32,6.2141484,5.14953907441283,"1984-2025",130.814273226196,1.34689612094992,176.193237173246,5.17158133122886
2005,600,246,"Goudvink",29,6.2141484,4.66676978618663,"1984-2025",118.55043511124,1.34689612094992,159.675121188254,5.07314125841561
2006,600,246,"Goudvink",33,5.65793112,5.83252063344313,"1984-2025",148.164124344984,1.34689612094992,199.5616843442,5.29612338324685
2007,600,246,"Goudvink",29,6.1308353,4.73018741834412,"1984-2025",120.16143977409,1.34689612094992,161.844977119479,5.08663894572003
2008,600,246,"Goudvink",25,6.02064405,4.15237967771903,"1984-2025",105.483330032208,1.34689612094992,142.075088045261,4.95635570689273
2009,600,246,"Goudvink",17,5.98606767,2.83992780188534,"1984-2025",72.1429794104164,1.34689612094992,97.1690991216595,4.57645275065122
2010,600,246,"Goudvink",23,6.44975091,3.5660291879396,"1984-2025",90.5882079508081,1.34689612094992,122.012905892748,4.80412682514444
2011,600,246,"Goudvink",22,6.44975091,3.41098444063788,"1984-2025",86.6495902138164,1.34689612094992,116.707996940889,4.75967506257361
2012,600,246,"Goudvink",17,6.44975091,2.63576070412927,"1984-2025",66.9565015288581,1.34689612094992,90.1834521815961,4.50184595327151
2013,600,246,"Goudvink",18,6.44975091,2.79080545143099,"1984-2025",70.8951192658498,1.34689612094992,95.4883611334547,4.55900436711145
2014,600,246,"Goudvink",21,6.44975091,3.25593969333616,"1984-2025",82.7109724768248,1.34689612094992,111.40308798903,4.71315504693871
2015,600,246,"Goudvink",17,6.57225335,2.58663187413492,"1984-2025",65.7084767838673,1.34689612094992,88.5024924937185,4.48303071538812
2016,600,246,"Goudvink",10,6.44975091,1.55044747301722,"1984-2025",39.3861773699166,1.34689612094992,53.049089518586,3.97121770220934
2017,600,246,"Goudvink",12,6.57225335,1.825857793507,"1984-2025",46.3824542003769,1.34689612094992,62.4723476426248,4.13472402111991
2018,600,246,"Goudvink",7,6.57225335,1.06508371287908,"1984-2025",27.0564316168865,1.34689612094992,36.4422027915311,3.59572752038722
2019,600,246,"Goudvink",7,6.57225335,1.06508371287908,"1984-2025",27.0564316168865,1.34689612094992,36.4422027915311,3.59572752038722
2020,600,246,"Goudvink",6,6.44975091,0.930268483810331,"1984-2025",23.6317064219499,1.34689612094992,31.8294537111516,3.46039207844335
2021,600,246,"Goudvink",7,6.57225335,1.06508371287908,"1984-2025",27.0564316168865,1.34689612094992,36.4422027915311,3.59572752038722
2022,600,246,"Goudvink",5,6.57225335,0.760774080627917,"1984-2025",19.3260225834904,1.34689612094992,26.0301448510937,3.25925528376601
2023,600,246,"Goudvink",5,6.57225335,0.760774080627917,"1984-2025",19.3260225834904,1.34689612094992,26.0301448510937,3.25925528376601
2024,600,246,"Goudvink",2,6.57225335,0.304309632251167,"1984-2025",7.73040903339615,1.34689612094992,10.4120579404375,2.34296455189185
2025,600,246,"Goudvink",2,6.57225335,0.304309632251167,"1984-2025",7.73040903339615,1.34689612094992,10.4120579404375,2.34296455189185
1958,200,251,"Rietgors",1,4.3072,0.232169390787519,"1958-1983",2.82064615956676,0.939678721679342,2.82064615956676,1.03696599330084
1958,600,251,"Rietgors",1,4.3072,0.232169390787519,"1958-1983",2.82064615956676,0.939678721679342,2.82064615956676,1.03696599330084
1959,200,251,"Rietgors",5,5.0372,0.992614944810609,"1958-1983",12.0593654594675,0.939678721679342,12.0593654594675,2.4898415746136
1959,600,251,"Rietgors",5,5.0372,0.992614944810609,"1958-1983",12.0593654594675,0.939678721679342,12.0593654594675,2.4898415746136
1960,200,251,"Rietgors",2,5.022,0.398247710075667,"1958-1983",4.83834613241176,0.939678721679342,4.83834613241176,1.57657295415361
1960,600,251,"Rietgors",2,5.022,0.398247710075667,"1958-1983",4.83834613241176,0.939678721679342,4.83834613241176,1.57657295415361
1961,200,251,"Rietgors",10,5.002,1.99920031987205,"1958-1983",24.2884588934145,0.939678721679342,24.2884588934145,3.19000129486768
1961,600,251,"Rietgors",10,5.002,1.99920031987205,"1958-1983",24.2884588934145,0.939678721679342,24.2884588934145,3.19000129486768
1962,200,251,"Rietgors",18,5.002,3.59856057576969,"1958-1983",43.7192260081461,0.939678721679342,43.7192260081461,3.7777879597698
1962,600,251,"Rietgors",18,5.002,3.59856057576969,"1958-1983",43.7192260081461,0.939678721679342,43.7192260081461,3.7777879597698
1963,200,251,"Rietgors",16,5.2472,3.04924531178533,"1958-1983",37.0455469994997,0.939678721679342,37.0455469994997,3.61214815557145
1963,600,251,"Rietgors",16,5.2472,3.04924531178533,"1958-1983",37.0455469994997,0.939678721679342,37.0455469994997,3.61214815557145
1964,200,251,"Rietgors",31,5.3272,5.81919207088151,"1958-1983",70.6978715447259,0.939678721679342,70.6978715447259,4.25841546699993
1964,600,251,"Rietgors",31,5.3272,5.81919207088151,"1958-1983",70.6978715447259,0.939678721679342,70.6978715447259,4.25841546699993
1965,200,251,"Rietgors",42,5.315,7.90216368767639,"1958-1983",96.0040752241598,0.939678721679342,96.0040752241598,4.56439064081851
1965,600,251,"Rietgors",42,5.315,7.90216368767639,"1958-1983",96.0040752241598,0.939678721679342,96.0040752241598,4.56439064081851
1966,200,251,"Rietgors",56,5.395,10.3799814643188,"1958-1983",126.107299305878,0.939678721679342,126.107299305878,4.83713312635411
1966,600,251,"Rietgors",56,5.395,10.3799814643188,"1958-1983",126.107299305878,0.939678721679342,126.107299305878,4.83713312635411
1967,200,251,"Rietgors",59,5.735,10.2877070619006,"1958-1983",124.986249550248,0.939678721679342,124.986249550248,4.82820372765344
1967,600,251,"Rietgors",59,5.735,10.2877070619006,"1958-1983",124.986249550248,0.939678721679342,124.986249550248,4.82820372765344
1968,200,251,"Rietgors",54,5.6,9.64285714285714,"1958-1983",117.151911692543,0.939678721679342,117.151911692543,4.76347148315223
1968,600,251,"Rietgors",54,5.6,9.64285714285714,"1958-1983",117.151911692543,0.939678721679342,117.151911692543,4.76347148315223
1969,200,251,"Rietgors",40,5.6,7.14285714285714,"1958-1983",86.7791938463281,0.939678721679342,86.7791938463281,4.46336689070189
1969,600,251,"Rietgors",40,5.6,7.14285714285714,"1958-1983",86.7791938463281,0.939678721679342,86.7791938463281,4.46336689070189
1970,200,251,"Rietgors",48,5.625,8.53333333333333,"1958-1983",103.672210248413,0.939678721679342,103.672210248413,4.64123409714646
1970,600,251,"Rietgors",48,5.625,8.53333333333333,"1958-1983",103.672210248413,0.939678721679342,103.672210248413,4.64123409714646
1971,200,251,"Rietgors",42,5.615,7.47996438112199,"1958-1983",90.8747390590221,0.939678721679342,90.8747390590221,4.50948206442202
1971,600,251,"Rietgors",42,5.615,7.47996438112199,"1958-1983",90.8747390590221,0.939678721679342,90.8747390590221,4.50948206442202
1972,200,251,"Rietgors",57,5.645,10.0974313551816,"1958-1983",122.674573408981,0.939678721679342,122.674573408981,4.80953510456198
1972,600,251,"Rietgors",57,5.645,10.0974313551816,"1958-1983",122.674573408981,0.939678721679342,122.674573408981,4.80953510456198
1973,200,251,"Rietgors",58,5.715,10.1487314085739,"1958-1983",123.297822227854,0.939678721679342,123.297822227854,4.8146027476287
1973,600,251,"Rietgors",58,5.715,10.1487314085739,"1958-1983",123.297822227854,0.939678721679342,123.297822227854,4.8146027476287
1974,200,251,"Rietgors",49,5.855,8.36891545687446,"1958-1983",101.67468314019,0.939678721679342,101.67468314019,4.62177833539
1974,600,251,"Rietgors",49,5.855,8.36891545687446,"1958-1983",101.67468314019,0.939678721679342,101.67468314019,4.62177833539
1975,200,251,"Rietgors",71,5.505,12.897366030881,"1958-1983",156.691223766122,0.939678721679342,156.691223766122,5.05427714119573
1975,600,251,"Rietgors",71,5.505,12.897366030881,"1958-1983",156.691223766122,0.939678721679342,156.691223766122,5.05427714119573
1976,200,251,"Rietgors",68,6.49,10.4776579352851,"1958-1983",127.293979263027,0.939678721679342,127.293979263027,4.84649920878917
1976,600,251,"Rietgors",68,6.49,10.4776579352851,"1958-1983",127.293979263027,0.939678721679342,127.293979263027,4.84649920878917
1977,200,251,"Rietgors",66,6.175,10.6882591093117,"1958-1983",129.852591277744,0.939678721679342,129.852591277744,4.86639989384144
1977,600,251,"Rietgors",66,6.175,10.6882591093117,"1958-1983",129.852591277744,0.939678721679342,129.852591277744,4.86639989384144
1978,200,251,"Rietgors",62,6.38,9.71786833855799,"1958-1983",118.063229245475,0.939678721679342,118.063229245475,4.77122032201745
1978,600,251,"Rietgors",62,6.38,9.71786833855799,"1958-1983",118.063229245475,0.939678721679342,118.063229245475,4.77122032201745
1979,200,251,"Rietgors",62,6.37,9.7331240188383,"1958-1983",118.248571834557,0.939678721679342,118.248571834557,4.77278894979008
1979,600,251,"Rietgors",62,6.37,9.7331240188383,"1958-1983",118.248571834557,0.939678721679342,118.248571834557,4.77278894979008
1980,200,251,"Rietgors",78,6.38,12.2257053291536,"1958-1983",148.531159373339,0.939678721679342,148.531159373339,5.00079476366195
1980,600,251,"Rietgors",78,6.38,12.2257053291536,"1958-1983",148.531159373339,0.939678721679342,148.531159373339,5.00079476366195
1981,200,251,"Rietgors",86,6.38,13.4796238244514,"1958-1983",163.765124437271,0.939678721679342,163.765124437271,5.09843323322587
1981,600,251,"Rietgors",86,6.38,13.4796238244514,"1958-1983",163.765124437271,0.939678721679342,163.765124437271,5.09843323322587
1982,200,251,"Rietgors",91,6.035,15.0787075393538,"1958-1983",183.192531831354,0.939678721679342,183.192531831354,5.21053768629641
1982,600,251,"Rietgors",91,6.035,15.0787075393538,"1958-1983",183.192531831354,0.939678721679342,183.192531831354,5.21053768629641
1983,200,251,"Rietgors",87,6.38,13.6363636363636,"1958-1983",165.669370070263,0.939678721679342,165.669370070263,5.10999405562694
1983,600,251,"Rietgors",87,6.38,13.6363636363636,"1958-1983",165.669370070263,0.939678721679342,165.669370070263,5.10999405562694
1984,200,251,"Rietgors",40,3.02300608,13.231862239589,"1984-2025",189.867430600515,0.939678721679342,178.414384475233,5.184108847362
1984,600,251,"Rietgors",40,3.02300608,13.231862239589,"1984-2025",189.867430600515,0.939678721679342,178.414384475233,5.184108847362
1985,200,251,"Rietgors",63,5.13012052,12.2804132484591,"1984-2025",176.21484171905,0.939678721679342,165.585337207484,5.10948669459789
1985,600,251,"Rietgors",63,5.13012052,12.2804132484591,"1984-2025",176.21484171905,0.939678721679342,165.585337207484,5.10948669459789
1986,200,251,"Rietgors",53,4.23796013,12.5060166623134,"1984-2025",179.452083744973,0.939678721679342,168.627304656171,5.12769098178023
1986,600,251,"Rietgors",53,4.23796013,12.5060166623134,"1984-2025",179.452083744973,0.939678721679342,168.627304656171,5.12769098178023
1987,200,251,"Rietgors",64,5.02247314,12.7427261860877,"1984-2025",182.84869022892,0.939678721679342,171.819023495054,5.14644173389178
1987,600,251,"Rietgors",64,5.02247314,12.7427261860877,"1984-2025",182.84869022892,0.939678721679342,171.819023495054,5.14644173389178
1988,200,251,"Rietgors",55,4.70180252,11.6976414398621,"1984-2025",167.852497559082,0.939678721679342,157.727420337003,5.06086835543635
1988,600,251,"Rietgors",55,4.70180252,11.6976414398621,"1984-2025",167.852497559082,0.939678721679342,157.727420337003,5.06086835543635
1989,200,251,"Rietgors",53,4.70180252,11.2722726602307,"1984-2025",161.748770375115,0.939678721679342,151.991877779293,5.023827083756
1989,600,251,"Rietgors",53,4.70180252,11.2722726602307,"1984-2025",161.748770375115,0.939678721679342,151.991877779293,5.023827083756
1990,200,251,"Rietgors",45,4.85514176,9.26852442718377,"1984-2025",132.996466149889,0.939678721679342,124.973949299597,4.82810530997961
1990,600,251,"Rietgors",45,4.85514176,9.26852442718377,"1984-2025",132.996466149889,0.939678721679342,124.973949299597,4.82810530997961
1991,200,251,"Rietgors",52,5.55688703,9.35775726936093,"1984-2025",134.276891396357,0.939678721679342,126.177137658404,4.83768677409513
1991,600,251,"Rietgors",52,5.55688703,9.35775726936093,"1984-2025",134.276891396357,0.939678721679342,126.177137658404,4.83768677409513
1992,200,251,"Rietgors",67,6.1308353,10.9283640354847,"1984-2025",156.813936127331,0.939678721679342,147.354719041636,4.99284273474238
1992,600,251,"Rietgors",67,6.1308353,10.9283640354847,"1984-2025",156.813936127331,0.939678721679342,147.354719041636,4.99284273474238
1993,200,251,"Rietgors",80,6.1308353,13.0487928781907,"1984-2025",187.240520749051,0.939678721679342,175.945933184043,5.1701767500253
1993,600,251,"Rietgors",80,6.1308353,13.0487928781907,"1984-2025",187.240520749051,0.939678721679342,175.945933184043,5.1701767500253
1994,200,251,"Rietgors",77,6.1308353,12.5594631452585,"1984-2025",180.219001220962,0.939678721679342,169.347960689641,5.1319555372051
1994,600,251,"Rietgors",77,6.1308353,12.5594631452585,"1984-2025",180.219001220962,0.939678721679342,169.347960689641,5.1319555372051
1995,200,251,"Rietgors",69,6.09164596,11.3269878868666,"1984-2025",162.533893384104,0.939678721679342,152.729641164742,5.02866930710498
1995,600,251,"Rietgors",69,6.09164596,11.3269878868666,"1984-2025",162.533893384104,0.939678721679342,152.729641164742,5.02866930710498
1996,200,251,"Rietgors",78,6.44975091,12.0934902895343,"1984-2025",173.532635595023,0.939678721679342,163.064925185579,5.09414843552275
1996,600,251,"Rietgors",78,6.44975091,12.0934902895343,"1984-2025",173.532635595023,0.939678721679342,163.064925185579,5.09414843552275
1997,200,251,"Rietgors",63,6.09164596,10.3420324184434,"1984-2025",148.400511350704,0.939678721679342,139.44880280259,4.93769752889925
1997,600,251,"Rietgors",63,6.09164596,10.3420324184434,"1984-2025",148.400511350704,0.939678721679342,139.44880280259,4.93769752889925
1998,200,251,"Rietgors",62,5.62796272,11.0164198102577,"1984-2025",158.077471327665,0.939678721679342,148.542036183483,5.0008679901281
1998,600,251,"Rietgors",62,5.62796272,11.0164198102577,"1984-2025",158.077471327665,0.939678721679342,148.542036183483,5.0008679901281
1999,200,251,"Rietgors",49,6.09164596,8.04380299212267,"1984-2025",115.422619939436,0.939678721679342,108.46017995757,4.68638310061834
1999,600,251,"Rietgors",49,6.09164596,8.04380299212267,"1984-2025",115.422619939436,0.939678721679342,108.46017995757,4.68638310061834
2000,200,251,"Rietgors",47,5.70172844,8.24311443355938,"1984-2025",118.282591619133,0.939678721679342,111.147634489587,4.71085935803877
2000,600,251,"Rietgors",47,5.70172844,8.24311443355938,"1984-2025",118.282591619133,0.939678721679342,111.147634489587,4.71085935803877
2001,200,251,"Rietgors",52,6.44975091,8.06232685968953,"1984-2025",115.688423730016,0.939678721679342,108.709950123719,4.68868332741458
2001,600,251,"Rietgors",52,6.44975091,8.06232685968953,"1984-2025",115.688423730016,0.939678721679342,108.709950123719,4.68868332741458
2002,200,251,"Rietgors",33,6.09164596,5.41725507632751,"1984-2025",77.7336011837021,0.939678721679342,73.044610991833,4.2910703639742
2002,600,251,"Rietgors",33,6.09164596,5.41725507632751,"1984-2025",77.7336011837021,0.939678721679342,73.044610991833,4.2910703639742
2003,200,251,"Rietgors",53,6.2141484,8.52892409199626,"1984-2025",122.383748697829,0.939678721679342,115.001404530702,4.74494434159912
2003,600,251,"Rietgors",53,6.2141484,8.52892409199626,"1984-2025",122.383748697829,0.939678721679342,115.001404530702,4.74494434159912
2004,200,251,"Rietgors",34,6.2141484,5.47138526656364,"1984-2025",78.5103293533243,0.939678721679342,73.774485925356,4.30101295266316
2004,600,251,"Rietgors",34,6.2141484,5.47138526656364,"1984-2025",78.5103293533243,0.939678721679342,73.774485925356,4.30101295266316
2005,200,251,"Rietgors",31,6.2141484,4.98861597833743,"1984-2025",71.5829473515604,0.939678721679342,67.264972461354,4.20863963253214
2005,600,251,"Rietgors",31,6.2141484,4.98861597833743,"1984-2025",71.5829473515604,0.939678721679342,67.264972461354,4.20863963253214
2006,200,251,"Rietgors",33,5.65793112,5.83252063344313,"1984-2025",83.6923546016852,0.939678721679342,78.6439247864458,4.36493038286472
2006,600,251,"Rietgors",33,5.65793112,5.83252063344313,"1984-2025",83.6923546016852,0.939678721679342,78.6439247864458,4.36493038286472
2007,200,251,"Rietgors",35,6.1308353,5.70884688420842,"1984-2025",81.91772782771,0.939678721679342,76.9763457680188,4.34349817684083
2007,600,251,"Rietgors",35,6.1308353,5.70884688420842,"1984-2025",81.91772782771,0.939678721679342,76.9763457680188,4.34349817684083
2008,200,251,"Rietgors",18,6.02064405,2.9897133679577,"1984-2025",42.9001742254967,0.939678721679342,40.3123808760358,3.69665863953856
2008,600,251,"Rietgors",18,6.02064405,2.9897133679577,"1984-2025",42.9001742254967,0.939678721679342,40.3123808760358,3.69665863953856
2009,200,251,"Rietgors",23,5.98606767,3.84225526137428,"1984-2025",55.1335194532,0.939678721679342,51.8077950814661,3.94754062214201
2009,600,251,"Rietgors",23,5.98606767,3.84225526137428,"1984-2025",55.1335194532,0.939678721679342,51.8077950814661,3.94754062214201
2010,200,251,"Rietgors",23,6.44975091,3.5660291879396,"1984-2025",51.1698797267377,0.939678721679342,48.0832471701065,3.8729338247623
2010,600,251,"Rietgors",23,6.44975091,3.5660291879396,"1984-2025",51.1698797267377,0.939678721679342,48.0832471701065,3.8729338247623
2011,200,251,"Rietgors",22,6.44975091,3.41098444063788,"1984-2025",48.9451023473143,0.939678721679342,45.9926712061889,3.82848206219147
2011,600,251,"Rietgors",22,6.44975091,3.41098444063788,"1984-2025",48.9451023473143,0.939678721679342,45.9926712061889,3.82848206219147
2012,200,251,"Rietgors",30,6.44975091,4.65134241905165,"1984-2025",66.7433213827013,0.939678721679342,62.7172789175303,4.13863699049531
2012,600,251,"Rietgors",30,6.44975091,4.65134241905165,"1984-2025",66.7433213827013,0.939678721679342,62.7172789175303,4.13863699049531
2013,200,251,"Rietgors",22,6.44975091,3.41098444063788,"1984-2025",48.9451023473143,0.939678721679342,45.9926712061889,3.82848206219147
2013,600,251,"Rietgors",22,6.44975091,3.41098444063788,"1984-2025",48.9451023473143,0.939678721679342,45.9926712061889,3.82848206219147
2014,200,251,"Rietgors",23,6.44975091,3.5660291879396,"1984-2025",51.1698797267377,0.939678721679342,48.0832471701065,3.8729338247623
2014,600,251,"Rietgors",23,6.44975091,3.5660291879396,"1984-2025",51.1698797267377,0.939678721679342,48.0832471701065,3.8729338247623
2015,200,251,"Rietgors",23,6.57225335,3.49956077088842,"1984-2025",50.2161071335019,0.939678721679342,47.187007358922,3.85411858687892
2015,600,251,"Rietgors",23,6.57225335,3.49956077088842,"1984-2025",50.2161071335019,0.939678721679342,47.187007358922,3.85411858687892
2016,200,251,"Rietgors",20,6.44975091,3.10089494603444,"1984-2025",44.4955475884675,0.939678721679342,41.8115192783535,3.73317188238715
2016,600,251,"Rietgors",20,6.44975091,3.10089494603444,"1984-2025",44.4955475884675,0.939678721679342,41.8115192783535,3.73317188238715
2017,200,251,"Rietgors",16,6.57225335,2.43447705800934,"1984-2025",34.9329440928709,0.939678721679342,32.8257442496848,3.49121309318955
2017,600,251,"Rietgors",16,6.57225335,2.43447705800934,"1984-2025",34.9329440928709,0.939678721679342,32.8257442496848,3.49121309318955
2018,200,251,"Rietgors",22,6.57225335,3.34740595476284,"1984-2025",48.0327981276975,0.939678721679342,45.1353983433167,3.80966682430809
2018,600,251,"Rietgors",22,6.57225335,3.34740595476284,"1984-2025",48.0327981276975,0.939678721679342,45.1353983433167,3.80966682430809
2019,200,251,"Rietgors",23,6.57225335,3.49956077088842,"1984-2025",50.2161071335019,0.939678721679342,47.187007358922,3.85411858687892
2019,600,251,"Rietgors",23,6.57225335,3.49956077088842,"1984-2025",50.2161071335019,0.939678721679342,47.187007358922,3.85411858687892
2020,200,251,"Rietgors",22,6.44975091,3.41098444063788,"1984-2025",48.9451023473143,0.939678721679342,45.9926712061889,3.82848206219147
2020,600,251,"Rietgors",22,6.44975091,3.41098444063788,"1984-2025",48.9451023473143,0.939678721679342,45.9926712061889,3.82848206219147
2021,200,251,"Rietgors",25,6.57225335,3.80387040313959,"1984-2025",54.5827251451108,0.939678721679342,51.2902253901326,3.93750019581797
2021,600,251,"Rietgors",25,6.57225335,3.80387040313959,"1984-2025",54.5827251451108,0.939678721679342,51.2902253901326,3.93750019581797
2022,200,251,"Rietgors",18,6.57225335,2.7387866902605,"1984-2025",39.2995621044797,0.939678721679342,36.9289622808954,3.60899612884593
2022,600,251,"Rietgors",18,6.57225335,2.7387866902605,"1984-2025",39.2995621044797,0.939678721679342,36.9289622808954,3.60899612884593
2023,200,251,"Rietgors",19,6.57225335,2.89094150638609,"1984-2025",41.4828711102842,0.939678721679342,38.9805712965007,3.66306335011621
2023,600,251,"Rietgors",19,6.57225335,2.89094150638609,"1984-2025",41.4828711102842,0.939678721679342,38.9805712965007,3.66306335011621
2024,200,251,"Rietgors",16,6.57225335,2.43447705800934,"1984-2025",34.9329440928709,0.939678721679342,32.8257442496848,3.49121309318955
2024,600,251,"Rietgors",16,6.57225335,2.43447705800934,"1984-2025",34.9329440928709,0.939678721679342,32.8257442496848,3.49121309318955
2025,200,251,"Rietgors",14,6.57225335,2.13016742575817,"1984-2025",30.566326081262,0.939678721679342,28.7225262184742,3.35768170056503
2025,600,251,"Rietgors",14,6.57225335,2.13016742575817,"1984-2025",30.566326081262,0.939678721679342,28.7225262184742,3.35768170056503
