"groep_100","korte_beschrijving","n_jaren","mean_species_contributing","pre_trend_pct_per_jaar","post_trend_pct_per_jaar","overall_trend_pct_per_jaar","break_level_shift_pct","p_pre_slope","p_break_shift","p_slope_change","p_overall_trend","r2_break_model","r2_spliced_model"
100,"Watervogels",68,12.3382352941176,1.57295223311056,-2.50461726406641,-1.2386069327592,-0.287220352422191,0.00205185325654677,0.975084451865991,1.72993243833163e-10,7.29048390950882e-11,0.741432416697809,0.476723803056295
200,"Rietvogels",68,6.10294117647059,4.29695052654808,-1.30626789527881,1.24780053358871,47.357617315338,2.40029810498244e-08,0.00284263336741791,2.36255245382172e-10,2.76641005904005e-06,0.710615275842551,0.284927171262376
300,"Vogels van pionierbegroeiingen",68,7.83823529411765,3.28569123095792,0.987358413349737,0.0715120364462862,-54.0989242002285,0.00116546203827191,5.26564548426178e-05,0.0372105758536848,0.77776854627558,0.231720453556162,0.00121529707440278
400,"Vogels van open heide",68,4.5,3.66523371190131,-0.128341266521659,-0.875180917506513,-60.3869418733833,0.00211057205804517,4.75597348761723e-05,0.00402413272059552,0.0049073944206855,0.336098381385989,0.113789015569486
500,"Weidevogels",68,7.13235294117647,0.28166802602585,-1.0871976385781,-1.96783136120927,-47.1494288682045,0.731662376711636,0.000105918870033146,0.135157322695897,1.31991193370687e-13,0.658076195870689,0.566776881183107
600,"Struweelvogels",68,19.5882352941176,6.06268595232415,-0.171105826463647,1.82422437752432,3.05917970421095,9.4681531145991e-21,0.710974436446126,3.66766150053501e-19,2.55528918112877e-13,0.88793477843068,0.558115156865216
700,"Bosrandvogels",68,16.1323529411765,2.90691685848303,0.161199982625804,0.947973766195642,-3.44679811257774,3.71582959175055e-10,0.633321488027976,3.37752709843037e-08,1.73212683980946e-11,0.699697703144248,0.498701475559133
800,"Bosvogels",68,14.4411764705882,4.18127914200537,0.110072808663086,1.69696256395984,16.1293995100142,7.83452893473362e-10,0.168142100380907,2.94744355740217e-08,1.04853539514655e-13,0.768191831290394,0.569755553652197
900,"Vogels van bebouwing/overige",68,4.33823529411765,5.89567278998835,-2.32641211193382,0.231199658341352,1.35087170916952,3.2478592118122e-07,0.943851681128561,7.22056748471529e-10,0.480608129227393,0.488463892173205,0.00756613512006905
