"groep_100","korte_beschrijving","trend_pre_pct_per_jaar","trend_post_pct_per_jaar","verschil_trendpunten","mean_pre","mean_post","verhouding_post_pre"
100,"Watervogels",1.57295223311054,-2.50461726406643,-4.07756949717697,83.7668532754259,61.3927190155213,0.732899907480846
200,"Rietvogels",4.29695052654806,-1.30626789527882,-5.60321842182688,81.7992268900474,148.711314147172,1.81800390787393
300,"Vogels van pionierbegroeiingen",3.28569123095797,0.987358413349759,-2.29833281760821,83.8446913710476,74.5544721721324,0.889197287902199
400,"Vogels van open heide",3.66523371190137,-0.128341266521625,-3.793574978423,84.4732163288059,53.628505377405,0.634858097135309
500,"Weidevogels",0.281668026025828,-1.08719763857807,-1.3688656646039,80.3445594354542,37.0495614522738,0.461133419768616
600,"Struweelvogels",6.06268595232413,-0.171105826463658,-6.23379177878779,81.5029437028604,153.480659024446,1.88313025335623
700,"Bosrandvogels",2.90691685848301,0.161199982625804,-2.74571687585721,78.9262031609653,109.963775452418,1.3932480095128
800,"Bosvogels",4.18127914200539,0.110072808663086,-4.0712063333423,79.775306446823,146.698774400522,1.83889954090379
900,"Vogels van bebouwing/overige",5.89567278998846,-2.32641211193383,-8.22208490192229,73.503282055869,81.5146390942118,1.1089931879811
