"groep_100","korte_beschrijving","n_pre","n_post","mean_pre","mean_post","median_pre","median_post","sd_pre","sd_post","bridge_pre_8183","bridge_post_8486","ratio_post_pre","pct_change_post_pre","bridge_factor","bridge_log_ratio"
100,"Watervogels",26,42,118.943049062364,88.202746742409,122.484122017584,77.5280187554238,23.1164646620059,23.4362686734227,110.070954957108,119.6726232841,0.741554445070283,-25.8445554929717,0.919767211050447,-0.0836346724238188
200,"Rietvogels",26,42,31.3730093502748,59.5919987684536,26.5012460096797,52.5601171349098,19.3317405282501,24.927741924845,76.5000662280895,69.217485933224,1.89946708978785,89.9467089787851,1.10521301368691,0.100038088958808
300,"Vogels van pionierbegroeiingen",26,42,27.5004002999441,17.3488177602685,28.9532870812058,16.1084816634596,4.1097407304408,7.35188588254941,28.3238492977658,35.9332525887174,0.63085691739199,-36.914308260801,0.788235054086341,-0.237958941616726
400,"Vogels van open heide",26,42,19.4721512674732,6.28892416622562,19.3480859299299,5.75576906584255,3.84601616136295,3.27453359992942,17.8520628967734,15.2062922316833,0.322970178273563,-67.7029821726437,1.17399183343178,0.160409765190723
500,"Weidevogels",26,42,52.994020203121,20.5921457733656,49.9492582500757,18.6602636648601,12.4358333603086,6.23096779205541,39.6883297448963,35.0932245487237,0.388574893817036,-61.1425106182964,1.13093995365951,0.123049104353684
600,"Struweelvogels",26,42,206.115025776659,325.761185310595,172.955199920561,319.206095782739,73.5632094094002,47.2372122036092,357.327640314813,377.783366257165,1.58048247129533,58.0482471295332,0.945853291146684,-0.0556678053113821
700,"Bosrandvogels",26,42,173.114504729145,287.962076835558,152.425435590353,281.507058089647,54.7186691833548,37.1919361551477,288.370563908375,302.657771675133,1.66341969603358,66.3419696033581,0.952794181733109,-0.0483563674530698
800,"Bosvogels",26,42,32.0241681438353,106.816622837455,19.5747006593529,105.781735655286,22.3087486513128,14.5182643674852,74.3847497054365,97.0715511758748,3.3355003120672,233.55003120672,0.766287844423809,-0.266197403817474
900,"Vogels van bebouwing/overige",26,42,3.51710764739209,6.55367401014319,1.93667944795397,4.77224609107756,3.25862937230708,3.33407734654002,8.91780704511042,13.6772582682026,1.86337032220288,86.3370322202877,0.652017156526381,-0.427684403710914
